AccidentId,Gravity,Light,InAgglomeration,IntersectionType,Weather,CollisionType,Month,DayOfWeek,HourOfDay,IsWeekend,IsNight
201800050433,NonLethal,NightStreelightsOn,Yes,X-type,Normal,2Vehicles-Behind,3,Saturday,22,True,False
201800003489,NonLethal,TwilightOrDawn,No,NoIntersection,FogOrSmoke,2Vehicles-Side,11,Monday,8,False,False
201800026631,NonLethal,NightNoStreetLight,No,NoIntersection,Normal,Other,3,Thursday,22,False,False
201800031243,NonLethal,Daylight,Yes,NoIntersection,Normal,Other,5,Monday,10,False,False
201800020725,Lethal,NightStreelightsOn,Yes,NoIntersection,Normal,Other,6,Wednesday,22,False,False
201800050962,NonLethal,Daylight,Yes,NoIntersection,Normal,NoCollision,12,Thursday,10,False,False
201800004906,NonLethal,Daylight,No,NoIntersection,Normal,Other,9,Sunday,9,True,False
201800002417,NonLethal,Daylight,No,NoIntersection,Normal,3+Vehicles-Multiple,10,Sunday,15,True,False
201800051035,NonLethal,Daylight,Yes,NoIntersection,Normal,2Vehicles-Behind,4,Thursday,9,False,False
201800014444,NonLethal,Daylight,No,NoIntersection,Overcast,Other,4,Thursday,10,False,False
201800038434,NonLethal,Daylight,Yes,T-type,Normal,2Vehicles-Side,4,Saturday,19,True,False
201800006146,NonLethal,Daylight,No,NoIntersection,Normal,NoCollision,10,Saturday,12,True,False
201800036841,NonLethal,Daylight,Yes,Square,Normal,Other,7,Friday,18,False,False
201800055464,NonLethal,Daylight,Yes,NoIntersection,Normal,NoCollision,6,Wednesday,7,False,False
201800010172,NonLethal,NightStreelightsOn,Yes,NoIntersection,Normal,Other,9,Wednesday,3,False,True
201800003906,NonLethal,Daylight,Yes,NoIntersection,Normal,2Vehicles-Behind,6,Sunday,16,True,False
201800027169,Lethal,Daylight,Yes,X-type,Normal,Other,2,Wednesday,10,False,False
201800027354,NonLethal,Daylight,Yes,NoIntersection,Normal,NoCollision,6,Tuesday,8,False,False
201800054390,NonLethal,Daylight,Yes,Y-type,Normal,Other,4,Sunday,18,True,False
201800027289,NonLethal,Daylight,Yes,NoIntersection,Normal,2Vehicles-Side,5,Wednesday,9,False,False
201800024418,NonLethal,NightStreelightsOn,Yes,X-type,Normal,Other,9,Friday,2,False,True
201800053192,NonLethal,Daylight,Yes,Y-type,Normal,2Vehicles-Side,11,Monday,15,False,False
201800025997,NonLethal,Daylight,Yes,NoIntersection,LightRain,3+Vehicles-Multiple,4,Sunday,18,True,False
201800023298,Lethal,NightStreelightsOn,Yes,NoIntersection,Normal,Other,10,Wednesday,23,False,False
201800011850,NonLethal,Daylight,No,Roundabout,Normal,Other,8,Friday,14,False,False
201800020258,NonLethal,Daylight,Yes,NoIntersection,Normal,2Vehicles-Side,3,Friday,16,False,False
201800024936,NonLethal,Daylight,Yes,NoIntersection,Normal,Other,10,Wednesday,17,False,False
201800018262,NonLethal,NightNoStreetLight,No,NoIntersection,Normal,Other,1,Friday,18,False,False
201800001682,NonLethal,Daylight,Yes,NoIntersection,Normal,Other,10,Tuesday,14,False,False
201800047874,NonLethal,Daylight,Yes,NoIntersection,Normal,Other,12,Sunday,11,True,False
201800030361,Lethal,Daylight,No,NoIntersection,Normal,2Vehicles-Side,2,Friday,10,False,False
201800018124,NonLethal,NightNoStreetLight,Yes,NoIntersection,LightRain,Other,8,Monday,1,False,True
201800030794,NonLethal,Daylight,Yes,NoIntersection,Normal,2Vehicles-BehindVehicles-Frontal,5,Wednesday,18,False,False
201800055495,NonLethal,Daylight,Yes,Y-type,Normal,2Vehicles-Side,10,Sunday,11,True,False
201800011842,NonLethal,Daylight,No,NoIntersection,Overcast,2Vehicles-Side,1,Saturday,11,True,False
201800001789,NonLethal,NightNoStreetLight,No,NoIntersection,Normal,Other,4,Friday,21,False,False
201800010535,NonLethal,Daylight,Yes,NoIntersection,Normal,2Vehicles-Side,11,Monday,13,False,False
201800052123,NonLethal,Daylight,Yes,X-type,Normal,2Vehicles-Behind,11,Thursday,13,False,False
201800051310,NonLethal,NightStreelightsOn,Yes,X-type,Normal,2Vehicles-Behind,2,Friday,20,False,False
201800038034,NonLethal,TwilightOrDawn,Yes,X-type,Normal,2Vehicles-Side,6,Wednesday,21,False,False
201800021416,NonLethal,Daylight,Yes,NoIntersection,Normal,3+Vehicles-Chain,5,Tuesday,12,False,False
201800054116,NonLethal,Daylight,Yes,T-type,Normal,Other,6,Friday,17,False,False
201800020999,NonLethal,Daylight,Yes,NoIntersection,Normal,NoCollision,6,Sunday,15,True,False
201800020265,NonLethal,Daylight,Yes,T-type,Overcast,2Vehicles-Side,11,Thursday,14,False,False
201800008786,NonLethal,TwilightOrDawn,Yes,T-type,Normal,2Vehicles-Side,4,Tuesday,20,False,False
201800022252,NonLethal,Daylight,No,NoIntersection,Normal,2Vehicles-BehindVehicles-Frontal,2,Wednesday,15,False,False
201800029243,NonLethal,Daylight,Yes,NoIntersection,LightRain,2Vehicles-Side,10,Wednesday,18,False,False
201800030272,NonLethal,TwilightOrDawn,Yes,NoIntersection,Normal,Other,12,Friday,18,False,False
201800046551,NonLethal,Daylight,No,NoIntersection,Overcast,3+Vehicles-Chain,4,Sunday,17,True,False
201800017261,NonLethal,Daylight,Yes,NoIntersection,Normal,NoCollision,7,Monday,18,False,False
201800018154,NonLethal,NightStreelightsOn,Yes,X-type,LightRain,2Vehicles-Side,1,Wednesday,20,False,False
201800018867,NonLethal,NightStreelightsOn,No,X-type,Normal,2Vehicles-BehindVehicles-Frontal,9,Sunday,19,True,False
201800044923,NonLethal,Daylight,No,NoIntersection,Normal,Other,5,Tuesday,14,False,False
201800041437,NonLethal,Daylight,Yes,X-type,Normal,2Vehicles-Side,5,Saturday,15,True,False
201800055045,NonLethal,Daylight,Yes,NoIntersection,Normal,2Vehicles-Behind,6,Tuesday,17,False,False
201800017957,NonLethal,NightNoStreetLight,No,NoIntersection,LightRain,2Vehicles-Side,2,Monday,18,False,False
201800010606,NonLethal,Daylight,No,NoIntersection,Normal,NoCollision,8,Saturday,15,True,False
201800001161,NonLethal,NightStreelightsOn,Yes,NoIntersection,Other,Other,1,Tuesday,19,False,False
201800011324,NonLethal,Daylight,Yes,NoIntersection,VeryGood,2Vehicles-BehindVehicles-Frontal,2,Thursday,18,False,False
201800054996,NonLethal,Daylight,Yes,NoIntersection,Normal,NoCollision,4,Saturday,12,True,False
201800049564,NonLethal,Daylight,No,NoIntersection,Normal,2Vehicles-Side,5,Friday,18,False,False
201800028684,NonLethal,NightStreelightsOn,Yes,NoIntersection,Normal,NoCollision,6,Sunday,4,True,True
201800011000,NonLethal,Daylight,No,NoIntersection,Normal,2Vehicles-BehindVehicles-Frontal,2,Saturday,17,True,False
201800030404,NonLethal,Daylight,Yes,T-type,Normal,2Vehicles-Side,12,Friday,14,False,False
201800045217,NonLethal,TwilightOrDawn,No,NoIntersection,Normal,2Vehicles-Side,9,Monday,20,False,False
201800000817,NonLethal,NightNoStreetLight,No,NoIntersection,LightRain,2Vehicles-Behind,3,Saturday,21,True,False
201800040160,NonLethal,NightStreelightsOn,Yes,X-type,LightRain,2Vehicles-Side,2,Saturday,19,True,False
201800023318,NonLethal,Daylight,Yes,NoIntersection,Normal,2Vehicles-Behind,10,Thursday,11,False,False
201800020648,NonLethal,Daylight,Yes,NoIntersection,Normal,NoCollision,8,Saturday,18,True,False
201800000202,NonLethal,Daylight,Yes,X-type,Normal,2Vehicles-Side,9,Saturday,11,True,False
201800050336,NonLethal,Daylight,Yes,X-type,LightRain,2Vehicles-Behind,12,Tuesday,11,False,False
201800043098,NonLethal,NightNoStreetLight,Yes,T-type,LightRain,2Vehicles-Side,12,Wednesday,6,False,True
201800002126,NonLethal,Daylight,Yes,NoIntersection,Normal,2Vehicles-Side,5,Friday,16,False,False
201800012188,Lethal,Daylight,Yes,Roundabout,VeryGood,2Vehicles-Side,7,Friday,11,False,False
201800013181,NonLethal,Daylight,No,NoIntersection,VeryGood,2Vehicles-BehindVehicles-Frontal,7,Friday,15,False,False
201800007059,Lethal,Daylight,No,NoIntersection,Normal,NoCollision,9,Saturday,15,True,False
201800056053,Lethal,Daylight,No,NoIntersection,Normal,2Vehicles-BehindVehicles-Frontal,3,Tuesday,12,False,False
201800016588,NonLethal,Daylight,No,NoIntersection,VeryGood,2Vehicles-Side,10,Friday,17,False,False
201800014256,Lethal,Daylight,No,NoIntersection,Normal,2Vehicles-BehindVehicles-Frontal,11,Monday,13,False,False
201800016881,NonLethal,NightNoStreetLight,No,NoIntersection,Normal,NoCollision,2,Friday,22,False,False
201800018739,NonLethal,Daylight,No,NoIntersection,Normal,Other,6,Thursday,14,False,False
201800007244,NonLethal,NightNoStreetLight,No,NoIntersection,Normal,2Vehicles-Behind,9,Sunday,1,True,True
201800019748,NonLethal,Daylight,Yes,NoIntersection,Normal,2Vehicles-Side,10,Monday,16,False,False
201800033702,NonLethal,Daylight,Yes,NoIntersection,LightRain,Other,6,Tuesday,9,False,False
201800010405,NonLethal,Daylight,Yes,X-type,Normal,2Vehicles-Side,1,Monday,9,False,False
201800005124,NonLethal,Daylight,Yes,NoIntersection,Normal,3+Vehicles-Multiple,4,Saturday,17,True,False
201800003156,NonLethal,Daylight,Yes,T-type,Normal,2Vehicles-Side,4,Wednesday,9,False,False
201800030464,NonLethal,TwilightOrDawn,Yes,X-type,StrongWindOrStorm,2Vehicles-Side,7,Thursday,17,False,False
201800001132,NonLethal,TwilightOrDawn,No,Roundabout,Normal,2Vehicles-Side,3,Saturday,5,True,True
201800036162,NonLethal,Daylight,Yes,NoIntersection,Normal,Other,8,Tuesday,19,False,False
201800009068,NonLethal,Daylight,Yes,NoIntersection,Normal,2Vehicles-Behind,5,Monday,16,False,False
201800016730,NonLethal,TwilightOrDawn,No,Y-type,Normal,Other,4,Sunday,7,True,False
201800017930,NonLethal,Daylight,No,NoIntersection,Normal,Other,6,Thursday,17,False,False
201800021888,NonLethal,Daylight,No,NoIntersection,Normal,2Vehicles-Behind,8,Friday,7,False,False
201800039449,NonLethal,NightStreelightsOn,Yes,NoIntersection,LightRain,2Vehicles-Side,12,Sunday,5,True,True
201800035880,NonLethal,Daylight,No,NoIntersection,Normal,2Vehicles-Behind,4,Tuesday,12,False,False
201800011024,NonLethal,Daylight,No,NoIntersection,LightRain,NoCollision,2,Sunday,11,True,False
201800025948,NonLethal,TwilightOrDawn,Yes,Roundabout,Normal,Other,10,Wednesday,19,False,False
201800039716,NonLethal,TwilightOrDawn,Yes,NoIntersection,Normal,Other,5,Tuesday,21,False,False
201800049418,NonLethal,Daylight,No,NoIntersection,Normal,NoCollision,7,Friday,14,False,False
201800035632,NonLethal,NightStreelightsOn,Yes,NoIntersection,Normal,2Vehicles-Side,11,Friday,19,False,False
201800026113,NonLethal,Daylight,Yes,NoIntersection,Normal,Other,5,Saturday,10,True,False
201800016179,NonLethal,Daylight,No,NoIntersection,Normal,Other,3,Tuesday,14,False,False
201800055450,NonLethal,Daylight,Yes,NoIntersection,Normal,NoCollision,6,Thursday,18,False,False
201800047275,NonLethal,Daylight,Yes,NoIntersection,Overcast,3+Vehicles-Chain,2,Saturday,12,True,False
201800044063,NonLethal,Daylight,No,NoIntersection,Normal,2Vehicles-Behind,6,Tuesday,8,False,False
201800046270,NonLethal,Daylight,No,NoIntersection,Normal,2Vehicles-Side,12,Tuesday,9,False,False
201800027334,NonLethal,Daylight,Yes,NoIntersection,Normal,Other,6,Wednesday,17,False,False
201800043443,NonLethal,NightStreelightsOn,Yes,X-type,HeavyRain,2Vehicles-Side,5,Friday,21,False,False
201800044811,NonLethal,Daylight,No,NoIntersection,Normal,Other,4,Tuesday,13,False,False
201800057437,NonLethal,Daylight,Yes,NoIntersection,Normal,2Vehicles-Side,2,Wednesday,11,False,False
201800007021,Lethal,Daylight,Yes,T-type,Normal,Other,9,Friday,10,False,False
201800013814,NonLethal,NightNoStreetLight,No,Other,FogOrSmoke,2Vehicles-BehindVehicles-Frontal,1,Sunday,19,True,False
201800049003,NonLethal,Daylight,No,NoIntersection,LightRain,2Vehicles-Behind,9,Friday,12,False,False
201800040388,NonLethal,NightStreelightsOn,Yes,Other,LightRain,Other,1,Sunday,18,True,False
201800001112,Lethal,Daylight,No,NoIntersection,Normal,3+Vehicles-Multiple,5,Sunday,16,True,False
201800047781,NonLethal,Daylight,Yes,T-type,Normal,Other,2,Sunday,10,True,False
201800001892,NonLethal,Daylight,No,NoIntersection,Normal,Other,9,Monday,14,False,False
201800021063,NonLethal,NightStreelightsOn,Yes,NoIntersection,HeavyRain,Other,12,Friday,7,False,False
201800029903,NonLethal,Daylight,Yes,Other,Normal,3+Vehicles-Multiple,10,Thursday,12,False,False
201800046355,NonLethal,Daylight,No,NoIntersection,LightRain,2Vehicles-Side,1,Tuesday,11,False,False
201800057484,NonLethal,Daylight,Yes,NoIntersection,LightRain,2Vehicles-Side,6,Thursday,11,False,False
201800054216,NonLethal,Daylight,Yes,NoIntersection,Normal,Other,9,Thursday,18,False,False
201800054207,NonLethal,NightStreelightsOn,Yes,X-type,Normal,Other,9,Sunday,5,True,True
201800028808,NonLethal,Daylight,Yes,Roundabout,Normal,Other,9,Monday,18,False,False
201800011762,NonLethal,Daylight,Yes,T-type,Normal,2Vehicles-Behind,9,Monday,10,False,False
201800018919,NonLethal,Daylight,No,T-type,Normal,2Vehicles-BehindVehicles-Frontal,6,Thursday,13,False,False
201800020159,NonLethal,NightNoStreetLight,No,NoIntersection,Normal,2Vehicles-BehindVehicles-Frontal,12,Tuesday,18,False,False
201800053419,NonLethal,Daylight,Yes,Y-type,Normal,2Vehicles-Side,6,Friday,18,False,False
201800008022,Lethal,NightStreelightsOn,No,T-type,Normal,2Vehicles-Side,3,Sunday,20,True,False
201800016114,NonLethal,Daylight,Yes,NoIntersection,Other,Other,2,Tuesday,17,False,False
201800007662,NonLethal,NightNoStreetLight,No,NoIntersection,Normal,2Vehicles-Side,12,Monday,17,False,False
201800057470,NonLethal,NightNoStreetLight,Yes,X-type,Normal,2Vehicles-BehindVehicles-Frontal,8,Monday,20,False,False
201800022997,NonLethal,Daylight,Yes,NoIntersection,Normal,Other,3,Sunday,8,True,False
201800038316,NonLethal,Daylight,Yes,NoIntersection,Normal,2Vehicles-Side,6,Saturday,19,True,False
201800010920,Lethal,Daylight,No,NoIntersection,LightRain,2Vehicles-BehindVehicles-Frontal,4,Thursday,10,False,False
201800039810,NonLethal,Daylight,Yes,NoIntersection,Normal,2Vehicles-Side,7,Saturday,10,True,False
201800047120,NonLethal,NightNoStreetLight,No,NoIntersection,Normal,Other,12,Thursday,18,False,False
201800042998,NonLethal,Daylight,Yes,NoIntersection,Normal,2Vehicles-Side,5,Friday,17,False,False
201800014451,NonLethal,Daylight,No,Y-type,Normal,2Vehicles-Behind,7,Tuesday,14,False,False
201800000719,NonLethal,NightStreelightsOn,Yes,NoIntersection,Normal,NoCollision,1,Tuesday,20,False,False
201800001546,Lethal,NightStreelightsOn,Yes,NoIntersection,Normal,Other,9,Sunday,6,True,True
201800028645,NonLethal,NightStreelightsOn,Yes,Roundabout,Normal,Other,6,Friday,18,False,False
201800030344,NonLethal,NightNoStreetLight,No,NoIntersection,Normal,2Vehicles-Behind,12,Tuesday,21,False,False
201800037307,NonLethal,Daylight,Yes,Other,Normal,2Vehicles-Side,9,Friday,15,False,False
201800042369,NonLethal,NightStreelightsOn,Yes,NoIntersection,Normal,2Vehicles-Behind,9,Friday,22,False,False
201800013146,Lethal,TwilightOrDawn,Yes,NoIntersection,Normal,2Vehicles-Side,9,Tuesday,7,False,False
201800033905,NonLethal,Daylight,No,NoIntersection,Normal,Other,12,Wednesday,16,False,False
201800039580,NonLethal,NightStreelightsOn,Yes,Roundabout,Normal,2Vehicles-Side,9,Tuesday,20,False,False
201800034920,NonLethal,NightStreelightsOff,Yes,Roundabout,LightRain,2Vehicles-Side,10,Wednesday,18,False,False
201800017423,NonLethal,Daylight,No,T-type,Normal,2Vehicles-Side,6,Saturday,15,True,False
201800030619,NonLethal,NightStreelightsOn,Yes,Roundabout,Normal,NoCollision,9,Friday,21,False,False
201800011529,Lethal,NightStreelightsOn,Yes,NoIntersection,Normal,Other,1,Thursday,6,False,True
201800033295,NonLethal,TwilightOrDawn,Yes,NoIntersection,Normal,2Vehicles-BehindVehicles-Frontal,5,Saturday,19,True,False
201800025653,NonLethal,Daylight,No,NoIntersection,LightRain,3+Vehicles-Chain,12,Wednesday,7,False,False
201800056658,NonLethal,Daylight,No,NoIntersection,Normal,Other,11,Friday,9,False,False
201800028691,NonLethal,Daylight,Yes,NoIntersection,Normal,NoCollision,3,Friday,9,False,False
201800025993,NonLethal,Daylight,Yes,Other,Normal,2Vehicles-Side,4,Friday,17,False,False
201800006831,NonLethal,Daylight,No,NoIntersection,Normal,NoCollision,5,Thursday,13,False,False
201800040930,NonLethal,Daylight,Yes,NoIntersection,Normal,3+Vehicles-Chain,8,Thursday,10,False,False
201800039333,NonLethal,NightStreelightsOn,Yes,NoIntersection,Normal,Other,12,Monday,22,False,False
201800030968,NonLethal,NightStreelightsOn,Yes,NoIntersection,Normal,2Vehicles-Side,12,Monday,7,False,False
201800055399,NonLethal,Daylight,Yes,NoIntersection,Normal,2Vehicles-Behind,5,Sunday,19,True,False
201800026464,NonLethal,TwilightOrDawn,Yes,NoIntersection,Normal,Other,9,Friday,8,False,False
201800011908,NonLethal,NightNoStreetLight,Yes,NoIntersection,FogOrSmoke,Other,11,Friday,18,False,False
201800003039,NonLethal,NightNoStreetLight,No,NoIntersection,Normal,Other,6,Tuesday,4,False,True
201800053890,NonLethal,NightStreelightsOn,Yes,NoIntersection,Normal,Other,9,Saturday,2,True,True
201800039994,NonLethal,NightStreelightsOn,Yes,NoIntersection,Normal,Other,8,Monday,20,False,False
201800030323,NonLethal,Daylight,Yes,T-type,VeryGood,Other,10,Monday,11,False,False
201800014657,NonLethal,Daylight,No,NoIntersection,Normal,2Vehicles-Side,3,Saturday,11,True,False
201800009637,NonLethal,Daylight,Yes,NoIntersection,Normal,3+Vehicles-Chain,9,Monday,12,False,False
201800019845,NonLethal,Daylight,Yes,NoIntersection,Normal,Other,4,Tuesday,18,False,False
201800045822,NonLethal,Daylight,No,NoIntersection,Normal,2Vehicles-Behind,4,Monday,7,False,False
201800045924,NonLethal,Daylight,No,NoIntersection,Normal,NoCollision,6,Friday,14,False,False
201800045444,NonLethal,NightNoStreetLight,No,NoIntersection,LightRain,Other,11,Sunday,20,True,False
201800040510,NonLethal,Daylight,Yes,NoIntersection,LightRain,NoCollision,10,Monday,11,False,False
201800002133,NonLethal,Daylight,Yes,NoIntersection,Normal,Other,12,Sunday,17,True,False
201800009180,NonLethal,Daylight,Yes,NoIntersection,Normal,2Vehicles-Behind,6,Saturday,6,True,True
201800007209,NonLethal,Daylight,No,NoIntersection,LightRain,2Vehicles-Side,12,Saturday,14,True,False
201800023791,NonLethal,Daylight,Yes,NoIntersection,Normal,Other,12,Sunday,10,True,False
201800045398,NonLethal,NightNoStreetLight,No,NoIntersection,LightRain,2Vehicles-Behind,10,Wednesday,20,False,False
201800037706,NonLethal,Daylight,Yes,T-type,Normal,2Vehicles-Side,5,Wednesday,18,False,False
201800011270,Lethal,Daylight,No,NoIntersection,Normal,Other,10,Tuesday,14,False,False
201800013375,NonLethal,Daylight,No,X-type,Normal,2Vehicles-Side,8,Friday,9,False,False
201800048413,NonLethal,NightStreelightsOn,Yes,NoIntersection,Normal,Other,7,Monday,1,False,True
201800014645,NonLethal,Daylight,No,Roundabout,Normal,2Vehicles-Side,4,Thursday,16,False,False
201800008975,NonLethal,NightStreelightsOn,Yes,NoIntersection,LightRain,Other,9,Wednesday,23,False,False
201800044776,NonLethal,Daylight,No,NoIntersection,Normal,2Vehicles-Behind,4,Sunday,7,True,False
201800053969,NonLethal,NightStreelightsOn,Yes,Square,Normal,NoCollision,12,Friday,5,False,True
201800052717,NonLethal,Daylight,Yes,T-type,Normal,NoCollision,5,Thursday,9,False,False
201800022743,NonLethal,Daylight,No,T-type,Normal,2Vehicles-Side,4,Monday,11,False,False
201800012125,NonLethal,NightNoStreetLight,No,NoIntersection,Normal,NoCollision,9,Friday,22,False,False
201800021318,NonLethal,Daylight,Yes,NoIntersection,Normal,Other,2,Wednesday,14,False,False
201800057222,NonLethal,TwilightOrDawn,Yes,T-type,LightRain,2Vehicles-Side,10,Friday,5,False,True
201800057324,NonLethal,Daylight,Yes,NoIntersection,Normal,Other,5,Tuesday,8,False,False
201800013902,NonLethal,NightNoStreetLight,No,NoIntersection,Normal,Other,11,Sunday,6,True,True
201800032193,NonLethal,NightStreelightsOn,Yes,T-type,LightRain,2Vehicles-Side,4,Thursday,19,False,False
201800051235,NonLethal,Daylight,Yes,Square,Normal,Other,10,Friday,10,False,False
201800018082,NonLethal,Daylight,Yes,NoIntersection,Normal,2Vehicles-Side,6,Wednesday,20,False,False
201800028931,NonLethal,Daylight,Yes,NoIntersection,Normal,3+Vehicles-Chain,9,Friday,16,False,False
201800012381,NonLethal,Daylight,Yes,NoIntersection,Normal,Other,8,Friday,10,False,False
201800048939,NonLethal,NightStreelightsOff,No,NoIntersection,Normal,Other,4,Saturday,1,True,True
201800055749,NonLethal,Daylight,Yes,Y-type,Overcast,2Vehicles-Side,12,Wednesday,11,False,False
201800007053,NonLethal,NightStreelightsOn,Yes,NoIntersection,Normal,Other,10,Saturday,3,True,True
201800044793,NonLethal,Daylight,No,NoIntersection,Normal,3+Vehicles-Multiple,4,Friday,8,False,False
201800025072,Lethal,Daylight,Yes,Other,Normal,Other,12,Friday,8,False,False
201800012469,NonLethal,Daylight,No,X-type,Other,2Vehicles-Behind,11,Wednesday,8,False,False
201800004185,Lethal,NightNoStreetLight,No,NoIntersection,Normal,2Vehicles-BehindVehicles-Frontal,4,Friday,23,False,False
201800011005,NonLethal,Daylight,Yes,T-type,Normal,2Vehicles-Side,5,Wednesday,16,False,False
201800043345,NonLethal,Daylight,Yes,NoIntersection,Normal,2Vehicles-Behind,9,Friday,8,False,False
201800048770,NonLethal,NightStreelightsOn,Yes,X-type,Normal,2Vehicles-Side,12,Friday,0,False,True
201800024703,NonLethal,NightStreelightsOn,Yes,Roundabout,LightRain,NoCollision,3,Friday,6,False,True
201800023576,NonLethal,Daylight,No,NoIntersection,Normal,2Vehicles-Side,2,Monday,15,False,False
201800025373,NonLethal,Daylight,Yes,NoIntersection,Normal,Other,10,Saturday,11,True,False
201800018664,NonLethal,Daylight,Yes,NoIntersection,Normal,2Vehicles-BehindVehicles-Frontal,12,Tuesday,19,False,False
201800001480,NonLethal,Daylight,No,Other,Normal,2Vehicles-Behind,1,Thursday,12,False,False
201800007159,Lethal,TwilightOrDawn,No,Roundabout,Normal,Other,7,Friday,21,False,False
201800035425,NonLethal,Daylight,Yes,T-type,VeryGood,Other,1,Tuesday,10,False,False
201800044820,NonLethal,NightNoStreetLight,No,NoIntersection,Normal,2Vehicles-Side,4,Wednesday,23,False,False
201800026951,NonLethal,Daylight,Yes,Other,Normal,2Vehicles-Behind,11,Saturday,9,True,False
201800003062,NonLethal,NightNoStreetLight,No,NoIntersection,Normal,Other,2,Friday,1,False,True
201800043885,NonLethal,Daylight,No,NoIntersection,Normal,2Vehicles-Side,3,Thursday,9,False,False
201800036543,NonLethal,Daylight,Yes,NoIntersection,Normal,2Vehicles-Side,6,Friday,8,False,False
201800049360,NonLethal,NightNoStreetLight,No,NoIntersection,Normal,2Vehicles-Behind,4,Saturday,22,True,False
201800006031,NonLethal,Daylight,No,NoIntersection,LightRain,NoCollision,11,Wednesday,14,False,False
201800037698,NonLethal,Daylight,Yes,NoIntersection,Normal,Other,7,Monday,19,False,False
201800030096,NonLethal,NightNoStreetLight,Yes,NoIntersection,LightRain,Other,2,Saturday,19,True,False
201800013695,NonLethal,Daylight,Yes,T-type,Normal,3+Vehicles-Multiple,11,Sunday,11,True,False
201800053200,NonLethal,Daylight,Yes,X-type,Overcast,2Vehicles-Side,11,Thursday,9,False,False
201800000923,NonLethal,Daylight,Yes,Roundabout,LightRain,NoCollision,12,Sunday,15,True,False
201800010638,NonLethal,Daylight,No,NoIntersection,Normal,NoCollision,7,Tuesday,13,False,False
201800056950,NonLethal,Daylight,Yes,NoIntersection,Overcast,2Vehicles-Behind,5,Saturday,11,True,False
201800053103,NonLethal,Daylight,Yes,X-type,LightRain,Other,8,Wednesday,13,False,False
201800020380,NonLethal,Daylight,No,NoIntersection,Normal,2Vehicles-Behind,10,Tuesday,13,False,False
201800048295,NonLethal,NightStreelightsOn,Yes,NoIntersection,Normal,Other,3,Tuesday,23,False,False
201800027736,NonLethal,Daylight,Yes,NoIntersection,Normal,Other,5,Sunday,13,True,False
201800049270,NonLethal,Daylight,No,NoIntersection,Normal,NoCollision,5,Friday,17,False,False
201800018399,NonLethal,TwilightOrDawn,No,X-type,Normal,2Vehicles-Side,9,Friday,7,False,False
201800016464,NonLethal,Daylight,No,NoIntersection,Normal,NoCollision,2,Saturday,13,True,False
201800047784,NonLethal,Daylight,Yes,NoIntersection,Normal,Other,11,Monday,9,False,False
201800021349,NonLethal,NightNoStreetLight,No,NoIntersection,LightRain,NoCollision,7,Wednesday,6,False,True
201800026624,NonLethal,NightStreelightsOn,Yes,X-type,Normal,2Vehicles-BehindVehicles-Frontal,2,Saturday,22,True,False
201800009550,NonLethal,Daylight,Yes,NoIntersection,Normal,2Vehicles-Side,8,Saturday,13,True,False
201800015111,NonLethal,Daylight,Yes,NoIntersection,Normal,NoCollision,8,Friday,15,False,False
201800054487,NonLethal,Daylight,Yes,T-type,Normal,2Vehicles-Behind,7,Sunday,9,True,False
201800011229,NonLethal,Daylight,No,NoIntersection,Normal,NoCollision,9,Thursday,13,False,False
201800041354,NonLethal,NightStreelightsOn,Yes,X-type,Normal,2Vehicles-Side,9,Saturday,22,True,False
201800023633,NonLethal,Daylight,No,NoIntersection,Normal,Other,6,Monday,15,False,False
201800024119,NonLethal,Daylight,Yes,NoIntersection,Normal,Other,8,Friday,7,False,False
201800012905,Lethal,NightStreelightsOn,Yes,NoIntersection,Normal,Other,1,Tuesday,21,False,False
201800054250,NonLethal,Daylight,Yes,X-type,Normal,Other,4,Wednesday,11,False,False
201800018139,NonLethal,Daylight,No,X-type,Normal,2Vehicles-Side,2,Thursday,17,False,False
201800034077,NonLethal,NightStreelightsOn,Yes,Y-type,LightRain,Other,10,Thursday,21,False,False
201800023558,NonLethal,Daylight,No,NoIntersection,Normal,NoCollision,6,Tuesday,9,False,False
201800026621,NonLethal,Daylight,Yes,NoIntersection,Normal,Other,2,Friday,11,False,False
201800011868,NonLethal,Daylight,No,T-type,LightRain,3+Vehicles-Chain,12,Wednesday,10,False,False
201800052184,NonLethal,NightStreelightsOn,Yes,X-type,Normal,2Vehicles-Side,9,Wednesday,19,False,False
201800016494,NonLethal,TwilightOrDawn,Yes,NoIntersection,Normal,Other,6,Sunday,7,True,False
201800049576,NonLethal,Daylight,No,NoIntersection,Normal,2Vehicles-Side,6,Wednesday,7,False,False
201800034524,NonLethal,Daylight,Yes,NoIntersection,Normal,2Vehicles-Side,6,Tuesday,17,False,False
201800030594,NonLethal,Daylight,Yes,X-type,Normal,NoCollision,7,Sunday,19,True,False
201800031104,NonLethal,Daylight,Yes,T-type,Normal,2Vehicles-Side,9,Wednesday,10,False,False
201800035533,NonLethal,Daylight,Yes,T-type,Normal,2Vehicles-Side,4,Tuesday,18,False,False
201800011857,Lethal,Daylight,No,NoIntersection,HeavyRain,Other,6,Monday,16,False,False
201800003942,NonLethal,Daylight,Yes,NoIntersection,Normal,Other,3,Friday,10,False,False