AccidentId,Gravity,Light,InAgglomeration,IntersectionType,Weather,CollisionType,Month,DayOfWeek,HourOfDay,IsWeekend,IsNight
201800017376,NonLethal,Daylight,No,NoIntersection,VeryGood,2Vehicles-BehindVehicles-Frontal,7,Monday,16,False,False
201800037141,NonLethal,Daylight,Yes,NoIntersection,Normal,Other,3,Thursday,9,False,False
201800003293,NonLethal,Daylight,No,NoIntersection,Normal,2Vehicles-Behind,7,Saturday,13,True,False
201800004632,NonLethal,Daylight,Yes,NoIntersection,Normal,Other,10,Saturday,15,True,False
201800027025,NonLethal,Daylight,Yes,T-type,Normal,2Vehicles-Side,12,Tuesday,8,False,False
201800006610,NonLethal,Daylight,Yes,Other,Normal,2Vehicles-Behind,2,Tuesday,14,False,False
201800012566,NonLethal,Daylight,Yes,NoIntersection,Normal,Other,7,Friday,14,False,False
201800054358,NonLethal,Daylight,Yes,MoreThan4Branches,LightRain,2Vehicles-Behind,12,Monday,13,False,False
201800031014,NonLethal,Daylight,Yes,NoIntersection,Normal,Other,6,Tuesday,9,False,False
201800016054,NonLethal,TwilightOrDawn,Yes,NoIntersection,VeryGood,Other,7,Tuesday,21,False,False
201800052846,NonLethal,Daylight,Yes,Square,Normal,Other,10,Sunday,15,True,False
201800025057,NonLethal,TwilightOrDawn,No,Roundabout,HeavyRain,Other,5,Saturday,18,True,False
201800026776,NonLethal,Daylight,No,NoIntersection,Normal,2Vehicles-Side,4,Tuesday,15,False,False
201800008571,NonLethal,Daylight,Yes,X-type,Normal,2Vehicles-Behind,2,Wednesday,15,False,False
201800046848,NonLethal,NightNoStreetLight,No,NoIntersection,Normal,Other,8,Thursday,3,False,True
201800051153,NonLethal,Daylight,Yes,X-type,Normal,2Vehicles-Behind,7,Friday,14,False,False
201800032630,NonLethal,NightStreelightsOff,Yes,Other,HeavyRain,Other,10,Monday,17,False,False
201800021188,Lethal,Daylight,Yes,LevelCrossing,Normal,3+Vehicles-Chain,10,Thursday,13,False,False
201800036124,NonLethal,Daylight,Yes,NoIntersection,Normal,2Vehicles-Behind,9,Friday,8,False,False
201800006134,NonLethal,Daylight,No,NoIntersection,Normal,Other,5,Thursday,13,False,False
201800037258,NonLethal,Daylight,Yes,NoIntersection,Normal,2Vehicles-Side,5,Tuesday,13,False,False
201800048218,NonLethal,Daylight,Yes,NoIntersection,Normal,Other,5,Wednesday,18,False,False
201800016811,NonLethal,Daylight,No,NoIntersection,LightRain,NoCollision,1,Saturday,12,True,False
201800052945,NonLethal,Daylight,Yes,X-type,Normal,Other,2,Wednesday,15,False,False
201800026929,NonLethal,Daylight,Yes,NoIntersection,LightRain,NoCollision,9,Sunday,16,True,False
201800010852,NonLethal,Daylight,No,T-type,Normal,2Vehicles-BehindVehicles-Frontal,10,Thursday,9,False,False
201800017700,NonLethal,TwilightOrDawn,No,NoIntersection,LightRain,Other,3,Tuesday,20,False,False
201800020190,NonLethal,Daylight,No,NoIntersection,Normal,2Vehicles-BehindVehicles-Frontal,11,Tuesday,15,False,False
201800052542,NonLethal,NightStreelightsOn,Yes,X-type,Normal,Other,9,Wednesday,19,False,False
201800032107,NonLethal,Daylight,Yes,NoIntersection,Normal,Other,4,Saturday,12,True,False
201800041581,NonLethal,NightStreelightsOn,Yes,NoIntersection,Normal,NoCollision,6,Friday,23,False,False
201800011405,NonLethal,Daylight,No,NoIntersection,Normal,2Vehicles-Side,6,Wednesday,17,False,False
201800007587,NonLethal,Daylight,Yes,NoIntersection,Normal,Other,3,Monday,15,False,False
201800032309,NonLethal,TwilightOrDawn,Yes,Roundabout,Normal,2Vehicles-Side,12,Monday,18,False,False
201800008179,NonLethal,Daylight,Yes,T-type,Normal,2Vehicles-Side,8,Friday,8,False,False
201800011627,NonLethal,NightNoStreetLight,No,X-type,Normal,2Vehicles-Side,2,Friday,6,False,True
201800037740,NonLethal,Daylight,Yes,NoIntersection,Normal,Other,11,Wednesday,13,False,False
201800027274,NonLethal,Daylight,Yes,NoIntersection,Normal,Other,5,Saturday,18,True,False
201800055570,NonLethal,NightStreelightsOn,Yes,NoIntersection,Normal,2Vehicles-Side,8,Saturday,2,True,True
201800013341,Lethal,NightStreelightsOn,Yes,NoIntersection,SnowOrHail,Other,3,Monday,0,False,True
201800009854,NonLethal,Daylight,Yes,NoIntersection,Normal,3+Vehicles-Multiple,10,Friday,10,False,False
201800032808,NonLethal,Daylight,Yes,Other,Normal,2Vehicles-BehindVehicles-Frontal,8,Saturday,19,True,False
201800037400,NonLethal,NightStreelightsOn,Yes,X-type,Normal,2Vehicles-Side,1,Monday,20,False,False
201800043387,NonLethal,Daylight,No,NoIntersection,Normal,3+Vehicles-Multiple,10,Thursday,8,False,False
201800016589,NonLethal,NightNoStreetLight,No,NoIntersection,Normal,Other,5,Saturday,23,True,False
201800019217,NonLethal,Daylight,Yes,NoIntersection,Normal,Other,10,Tuesday,7,False,False
201800052657,NonLethal,NightStreelightsOn,Yes,X-type,Normal,2Vehicles-Behind,1,Monday,18,False,False
201800043368,NonLethal,Daylight,Yes,NoIntersection,Normal,Other,4,Sunday,16,True,False
201800057433,NonLethal,Daylight,Yes,Roundabout,Normal,2Vehicles-Side,3,Friday,15,False,False
201800047132,NonLethal,NightStreelightsOn,No,NoIntersection,Normal,3+Vehicles-Multiple,12,Tuesday,17,False,False
201800055907,NonLethal,Daylight,No,NoIntersection,Normal,NoCollision,12,Thursday,12,False,False
201800015064,NonLethal,TwilightOrDawn,Yes,NoIntersection,Normal,Other,4,Sunday,6,True,True
201800055843,NonLethal,Daylight,No,Y-type,Normal,2Vehicles-Side,4,Sunday,13,True,False
201800029486,NonLethal,TwilightOrDawn,Yes,X-type,Normal,2Vehicles-Side,4,Thursday,21,False,False
201800036996,NonLethal,Daylight,Yes,T-type,Normal,Other,6,Thursday,8,False,False
201800042972,NonLethal,Daylight,Yes,T-type,LightRain,NoCollision,3,Wednesday,9,False,False
201800033079,NonLethal,Daylight,Yes,Y-type,Normal,2Vehicles-Side,10,Tuesday,14,False,False
201800016160,NonLethal,NightNoStreetLight,No,NoIntersection,Overcast,Other,9,Thursday,0,False,True
201800044926,NonLethal,NightNoStreetLight,No,NoIntersection,LightRain,2Vehicles-Behind,5,Wednesday,2,False,True
201800027487,NonLethal,Daylight,Yes,NoIntersection,Normal,Other,10,Tuesday,13,False,False
201800005440,NonLethal,NightStreelightsOn,Yes,Other,Normal,2Vehicles-Behind,8,Saturday,23,True,False
201800037184,NonLethal,Daylight,Yes,NoIntersection,Normal,Other,10,Monday,18,False,False
201800037309,NonLethal,NightStreelightsOn,Yes,X-type,Normal,2Vehicles-Side,9,Saturday,20,True,False
201800055557,NonLethal,NightStreelightsOn,Yes,NoIntersection,Normal,3+Vehicles-Chain,8,Wednesday,1,False,True
201800019258,NonLethal,Daylight,No,NoIntersection,Normal,NoCollision,6,Thursday,20,False,False
201800028284,NonLethal,Daylight,Yes,NoIntersection,Normal,Other,12,Monday,14,False,False
201800001230,NonLethal,Daylight,No,NoIntersection,Normal,Other,1,Sunday,14,True,False
201800004841,NonLethal,Daylight,No,NoIntersection,Normal,3+Vehicles-Multiple,7,Tuesday,12,False,False
201800002601,NonLethal,Daylight,Yes,T-type,Normal,2Vehicles-Behind,4,Sunday,10,True,False
201800054564,NonLethal,NightStreelightsOn,Yes,NoIntersection,Normal,Other,8,Friday,19,False,False
201800051538,NonLethal,Daylight,Yes,T-type,Normal,Other,7,Tuesday,12,False,False
201800023355,NonLethal,Daylight,No,NoIntersection,Normal,3+Vehicles-Multiple,11,Saturday,9,True,False
201800039919,NonLethal,NightStreelightsOn,Yes,Other,Normal,2Vehicles-Side,10,Tuesday,19,False,False
201800009879,NonLethal,TwilightOrDawn,Yes,X-type,Normal,2Vehicles-Side,9,Monday,7,False,False
201800015489,NonLethal,Daylight,Yes,NoIntersection,Normal,Other,5,Wednesday,14,False,False
201800056949,NonLethal,Daylight,Yes,NoIntersection,Normal,2Vehicles-Side,5,Friday,15,False,False
201800011299,NonLethal,Daylight,Yes,T-type,Normal,2Vehicles-Side,4,Monday,13,False,False
201800022451,NonLethal,Daylight,No,NoIntersection,LightRain,Other,10,Saturday,13,True,False
201800022891,NonLethal,NightStreelightsOn,No,NoIntersection,Normal,2Vehicles-Behind,1,Saturday,0,True,True
201800039757,NonLethal,Daylight,Yes,NoIntersection,Normal,2Vehicles-BehindVehicles-Frontal,11,Friday,15,False,False
201800034206,NonLethal,TwilightOrDawn,Yes,NoIntersection,Overcast,Other,1,Tuesday,7,False,False
201800023402,NonLethal,NightNoStreetLight,Yes,NoIntersection,LightRain,Other,12,Thursday,18,False,False
201800002803,NonLethal,TwilightOrDawn,Yes,X-type,Normal,2Vehicles-BehindVehicles-Frontal,6,Sunday,6,True,True
201800047279,NonLethal,Daylight,Yes,Other,Normal,2Vehicles-Behind,10,Saturday,17,True,False
201800036881,NonLethal,Daylight,Yes,NoIntersection,Normal,Other,11,Tuesday,16,False,False
201800019911,NonLethal,Daylight,Yes,NoIntersection,Normal,Other,2,Wednesday,9,False,False
201800021048,NonLethal,Daylight,Yes,X-type,Normal,2Vehicles-Side,10,Thursday,14,False,False
201800023292,NonLethal,Daylight,Yes,NoIntersection,Normal,2Vehicles-Side,10,Sunday,8,True,False
201800036658,NonLethal,Daylight,Yes,T-type,Normal,2Vehicles-Side,5,Friday,19,False,False
201800009396,NonLethal,NightStreelightsOn,Yes,X-type,Normal,2Vehicles-Side,7,Wednesday,22,False,False
201800011651,NonLethal,TwilightOrDawn,Yes,Y-type,Normal,2Vehicles-Side,10,Monday,18,False,False
201800006224,NonLethal,NightStreelightsOn,Yes,X-type,Normal,2Vehicles-Side,6,Friday,23,False,False
201800015977,NonLethal,NightNoStreetLight,No,NoIntersection,Normal,NoCollision,8,Saturday,0,True,True
201800053716,NonLethal,NightStreelightsOn,Yes,Square,HeavyRain,Other,6,Sunday,18,True,False
201800026257,NonLethal,Daylight,No,NoIntersection,Normal,2Vehicles-Behind,10,Wednesday,17,False,False
201800005933,NonLethal,Daylight,Yes,NoIntersection,Normal,2Vehicles-Side,10,Monday,11,False,False
201800040057,NonLethal,Daylight,Yes,NoIntersection,Normal,2Vehicles-Behind,9,Wednesday,15,False,False
201800018791,NonLethal,Daylight,No,X-type,Normal,2Vehicles-Side,8,Thursday,10,False,False
201800057597,NonLethal,Daylight,No,NoIntersection,Normal,Other,4,Thursday,7,False,False
201800010973,NonLethal,Daylight,No,NoIntersection,LightRain,2Vehicles-BehindVehicles-Frontal,4,Thursday,18,False,False
201800012691,NonLethal,Daylight,No,T-type,LightRain,2Vehicles-Side,6,Friday,10,False,False
201800024270,NonLethal,Daylight,Yes,X-type,Normal,2Vehicles-Behind,3,Monday,10,False,False
201800022430,NonLethal,Daylight,Yes,NoIntersection,Normal,Other,12,Wednesday,16,False,False
201800019895,Lethal,NightNoStreetLight,No,NoIntersection,LightRain,Other,1,Saturday,20,True,False
201800028371,NonLethal,Daylight,Yes,NoIntersection,Normal,3+Vehicles-Chain,3,Saturday,15,True,False
201800013856,NonLethal,Daylight,Yes,NoIntersection,Normal,2Vehicles-Side,3,Friday,14,False,False
201800048457,NonLethal,TwilightOrDawn,Yes,T-type,Normal,2Vehicles-Side,8,Saturday,21,True,False
201800038506,NonLethal,Daylight,Yes,X-type,LightRain,2Vehicles-Side,1,Thursday,15,False,False
201800040954,NonLethal,Daylight,Yes,NoIntersection,Normal,3+Vehicles-Chain,3,Saturday,16,True,False
201800053938,NonLethal,NightStreelightsOn,No,Y-type,Normal,Other,11,Thursday,21,False,False
201800041560,NonLethal,Daylight,Yes,NoIntersection,Normal,Other,3,Saturday,12,True,False
201800041408,NonLethal,NightStreelightsOff,Yes,Roundabout,Normal,Other,3,Sunday,1,True,True
201800012513,NonLethal,Daylight,No,NoIntersection,Normal,Other,4,Saturday,13,True,False
201800045091,NonLethal,Daylight,No,NoIntersection,Normal,2Vehicles-Side,7,Friday,16,False,False
201800034570,NonLethal,NightStreelightsOn,Yes,X-type,Normal,2Vehicles-Side,11,Friday,17,False,False
201800055771,NonLethal,Daylight,Yes,NoIntersection,HeavyRain,Other,11,Thursday,15,False,False
201800054135,NonLethal,Daylight,Yes,T-type,Normal,2Vehicles-Side,6,Wednesday,16,False,False
201800015104,NonLethal,Daylight,Yes,NoIntersection,VeryGood,Other,6,Thursday,8,False,False
201800011959,NonLethal,TwilightOrDawn,No,NoIntersection,Normal,Other,12,Monday,17,False,False
201800030652,NonLethal,Daylight,Yes,NoIntersection,Normal,Other,2,Thursday,8,False,False
201800043493,NonLethal,Daylight,Yes,NoIntersection,Normal,Other,9,Monday,16,False,False
201800010469,NonLethal,Daylight,No,NoIntersection,LightRain,NoCollision,10,Tuesday,13,False,False
201800047746,NonLethal,NightStreelightsOn,Yes,NoIntersection,LightRain,NoCollision,10,Sunday,21,True,False
201800030448,NonLethal,Daylight,Yes,NoIntersection,Normal,Other,2,Sunday,17,True,False
201800020397,NonLethal,Daylight,No,NoIntersection,Normal,2Vehicles-Behind,6,Wednesday,12,False,False
201800017968,NonLethal,NightNoStreetLight,No,Roundabout,Normal,Other,7,Wednesday,21,False,False
201800002641,NonLethal,Daylight,No,NoIntersection,Normal,Other,4,Saturday,11,True,False
201800053664,NonLethal,Daylight,Yes,T-type,Normal,2Vehicles-Behind,1,Saturday,14,True,False
201800034556,NonLethal,NightNoStreetLight,Yes,T-type,Overcast,2Vehicles-Side,9,Friday,1,False,True
201800000814,NonLethal,Daylight,Yes,NoIntersection,Normal,3+Vehicles-Chain,2,Tuesday,8,False,False
201800044963,NonLethal,TwilightOrDawn,No,NoIntersection,Normal,2Vehicles-Behind,9,Thursday,6,False,True
201800048778,NonLethal,NightStreelightsOn,Yes,Other,Normal,2Vehicles-Side,12,Saturday,19,True,False
201800054585,NonLethal,NightStreelightsOn,Yes,NoIntersection,Normal,3+Vehicles-Chain,2,Sunday,23,True,False
201800055109,NonLethal,Daylight,Yes,NoIntersection,Overcast,3+Vehicles-Chain,9,Tuesday,9,False,False
201800038601,NonLethal,Daylight,Yes,NoIntersection,Normal,2Vehicles-Side,7,Friday,18,False,False
201800038933,NonLethal,Daylight,Yes,X-type,Normal,Other,7,Wednesday,13,False,False
201800000805,NonLethal,Daylight,No,NoIntersection,Normal,Other,8,Monday,17,False,False
201800035459,NonLethal,Daylight,Yes,NoIntersection,Normal,Other,10,Sunday,17,True,False
201800026091,NonLethal,Daylight,Yes,NoIntersection,Normal,Other,2,Saturday,9,True,False
201800009499,NonLethal,Daylight,Yes,T-type,Normal,2Vehicles-Side,8,Wednesday,17,False,False
201800043370,NonLethal,TwilightOrDawn,Yes,NoIntersection,LightRain,2Vehicles-Side,4,Saturday,19,True,False
201800035510,NonLethal,Daylight,No,NoIntersection,LightRain,2Vehicles-Side,2,Saturday,14,True,False
201800040853,NonLethal,NightStreelightsOn,Yes,Y-type,Other,Other,4,Saturday,22,True,False
201800055264,NonLethal,NightStreelightsOn,Yes,NoIntersection,LightRain,2Vehicles-Side,2,Tuesday,18,False,False
201800015964,Lethal,Daylight,No,NoIntersection,Normal,2Vehicles-BehindVehicles-Frontal,6,Wednesday,14,False,False
201800051157,NonLethal,Daylight,Yes,Y-type,Normal,Other,7,Friday,16,False,False
201800002511,NonLethal,Daylight,No,NoIntersection,Normal,2Vehicles-BehindVehicles-Frontal,5,Thursday,17,False,False
201800013794,NonLethal,Daylight,No,NoIntersection,Normal,3+Vehicles-Multiple,6,Wednesday,16,False,False
201800024759,NonLethal,Daylight,Yes,T-type,Normal,2Vehicles-Side,11,Monday,13,False,False
201800026911,NonLethal,Daylight,Yes,T-type,Normal,NoCollision,5,Wednesday,15,False,False
201800034235,NonLethal,NightStreelightsOn,Yes,X-type,Normal,2Vehicles-Side,7,Tuesday,23,False,False
201800029832,NonLethal,NightStreelightsOn,Yes,NoIntersection,Normal,2Vehicles-Side,3,Monday,5,False,True
201800035457,NonLethal,Daylight,Yes,T-type,HeavyRain,Other,10,Thursday,9,False,False
201800025942,NonLethal,NightStreelightsOn,Yes,Other,Normal,2Vehicles-Side,9,Saturday,21,True,False
201800041851,NonLethal,NightStreelightsOff,Yes,NoIntersection,LightRain,2Vehicles-Behind,3,Friday,0,False,True
201800056599,NonLethal,NightNoStreetLight,No,NoIntersection,Normal,Other,4,Friday,21,False,False
201800020915,NonLethal,NightStreelightsOn,No,X-type,Normal,2Vehicles-Side,12,Friday,18,False,False
201800015871,NonLethal,NightNoStreetLight,No,NoIntersection,Normal,Other,4,Thursday,22,False,False
201800014877,NonLethal,Daylight,No,NoIntersection,Normal,NoCollision,8,Sunday,16,True,False
201800046181,NonLethal,Daylight,No,NoIntersection,Normal,2Vehicles-Behind,10,Tuesday,12,False,False
201800032915,NonLethal,Daylight,Yes,X-type,Overcast,Other,2,Monday,14,False,False
201800046583,NonLethal,Daylight,No,NoIntersection,Normal,2Vehicles-Behind,5,Sunday,17,True,False
201800028663,NonLethal,NightStreelightsOn,Yes,NoIntersection,LightRain,2Vehicles-Behind,1,Tuesday,7,False,False
201800035877,NonLethal,Daylight,Yes,T-type,Overcast,Other,4,Thursday,15,False,False
201800023626,NonLethal,Daylight,Yes,NoIntersection,Normal,Other,4,Tuesday,20,False,False
201800025419,NonLethal,Daylight,Yes,NoIntersection,Normal,Other,9,Friday,8,False,False
201800006335,NonLethal,NightNoStreetLight,No,NoIntersection,Normal,NoCollision,3,Wednesday,0,False,True
201800045870,NonLethal,Daylight,No,NoIntersection,Normal,2Vehicles-Behind,5,Wednesday,17,False,False
201800006983,NonLethal,Daylight,Yes,NoIntersection,Normal,2Vehicles-Side,9,Friday,15,False,False
201800018002,NonLethal,Daylight,No,NoIntersection,Normal,Other,11,Sunday,14,True,False
201800008995,NonLethal,Daylight,Yes,T-type,Normal,3+Vehicles-Multiple,5,Monday,12,False,False
201800017882,NonLethal,Daylight,No,NoIntersection,VeryGood,Other,11,Thursday,16,False,False
201800017061,NonLethal,Daylight,No,NoIntersection,Normal,Other,10,Wednesday,15,False,False
201800028849,NonLethal,TwilightOrDawn,Yes,Roundabout,Normal,2Vehicles-Side,11,Tuesday,9,False,False
201800028745,NonLethal,Daylight,Yes,NoIntersection,Normal,Other,6,Thursday,18,False,False
201800047010,NonLethal,NightNoStreetLight,No,NoIntersection,Overcast,Other,11,Thursday,21,False,False
201800039882,NonLethal,Daylight,Yes,NoIntersection,Normal,2Vehicles-Side,5,Thursday,8,False,False
201800009738,NonLethal,Daylight,Yes,NoIntersection,Normal,Other,9,Tuesday,17,False,False
201800049988,NonLethal,Daylight,No,NoIntersection,Normal,2Vehicles-Side,8,Sunday,19,True,False
201800037296,NonLethal,Daylight,Yes,Other,Normal,2Vehicles-Side,9,Wednesday,16,False,False
201800002482,NonLethal,Daylight,Yes,Other,LightRain,2Vehicles-Side,1,Thursday,15,False,False
201800054538,NonLethal,Daylight,Yes,NoIntersection,Normal,Other,9,Thursday,14,False,False
201800005598,NonLethal,Daylight,Yes,NoIntersection,Normal,2Vehicles-Behind,2,Monday,12,False,False
201800008790,NonLethal,Daylight,Yes,X-type,Normal,2Vehicles-Side,4,Wednesday,12,False,False
201800035569,NonLethal,Daylight,Yes,NoIntersection,Normal,Other,3,Wednesday,8,False,False
201800047434,NonLethal,Daylight,Yes,NoIntersection,Normal,2Vehicles-Side,3,Thursday,19,False,False
201800045930,NonLethal,NightNoStreetLight,No,NoIntersection,Normal,2Vehicles-Side,6,Saturday,23,True,False
201800009765,NonLethal,Daylight,Yes,NoIntersection,Normal,2Vehicles-Behind,9,Saturday,11,True,False
201800026545,NonLethal,Daylight,Yes,NoIntersection,Normal,2Vehicles-Side,5,Thursday,8,False,False
201800003702,NonLethal,NightNoStreetLight,No,Other,Normal,Other,1,Tuesday,18,False,False
201800034401,NonLethal,Daylight,No,NoIntersection,LightRain,2Vehicles-Side,12,Friday,15,False,False
201800017123,NonLethal,NightNoStreetLight,No,NoIntersection,HeavyRain,NoCollision,12,Saturday,21,True,False
201800033458,NonLethal,NightStreelightsOn,Yes,Y-type,Normal,2Vehicles-Side,4,Friday,22,False,False
201800026563,NonLethal,Daylight,Yes,T-type,Normal,Other,7,Monday,16,False,False
201800020548,NonLethal,NightStreelightsOn,Yes,NoIntersection,Normal,NoCollision,10,Friday,19,False,False
201800036089,NonLethal,NightStreelightsOn,Yes,T-type,Normal,Other,2,Tuesday,3,False,True
201800012446,NonLethal,Daylight,No,NoIntersection,Overcast,2Vehicles-Behind,11,Wednesday,15,False,False
201800012497,NonLethal,NightNoStreetLight,No,NoIntersection,Normal,Other,3,Friday,2,False,True
201800008025,NonLethal,NightStreelightsOn,Yes,NoIntersection,Normal,Other,3,Friday,22,False,False
201800000408,NonLethal,NightNoStreetLight,No,T-type,Normal,Other,3,Sunday,1,True,True
201800053951,NonLethal,NightStreelightsOn,Yes,NoIntersection,HeavyRain,NoCollision,11,Friday,20,False,False
201800010304,NonLethal,Daylight,No,NoIntersection,Normal,2Vehicles-Side,10,Monday,20,False,False
201800030208,NonLethal,Daylight,Yes,T-type,Normal,2Vehicles-Side,11,Friday,12,False,False
201800026258,NonLethal,NightStreelightsOn,Yes,NoIntersection,Normal,2Vehicles-BehindVehicles-Frontal,7,Sunday,2,True,True
201800009885,NonLethal,TwilightOrDawn,Yes,NoIntersection,Normal,2Vehicles-Behind,10,Tuesday,18,False,False
201800035895,NonLethal,Daylight,Yes,NoIntersection,Normal,NoCollision,5,Tuesday,18,False,False
201800055064,NonLethal,Daylight,Yes,X-type,Normal,Other,7,Tuesday,9,False,False
201800036473,NonLethal,NightStreelightsOn,Yes,NoIntersection,Normal,3+Vehicles-Multiple,9,Tuesday,22,False,False
201800038417,NonLethal,NightStreelightsOn,Yes,X-type,Normal,Other,3,Wednesday,21,False,False
201800021663,NonLethal,TwilightOrDawn,No,NoIntersection,LightRain,Other,10,Monday,7,False,False
201800030336,Lethal,NightStreelightsOff,Yes,NoIntersection,Normal,Other,1,Friday,18,False,False
201800031588,NonLethal,TwilightOrDawn,No,Other,Overcast,2Vehicles-Side,12,Monday,7,False,False
201800051426,NonLethal,Daylight,Yes,Y-type,Normal,2Vehicles-Side,12,Saturday,16,True,False
201800013267,NonLethal,Daylight,No,X-type,Normal,2Vehicles-BehindVehicles-Frontal,11,Saturday,11,True,False
201800029087,Lethal,Daylight,Yes,NoIntersection,Normal,NoCollision,8,Friday,14,False,False
201800022126,NonLethal,Daylight,Yes,NoIntersection,Normal,2Vehicles-BehindVehicles-Frontal,12,Monday,11,False,False
201800040705,NonLethal,Daylight,Yes,MoreThan4Branches,Normal,Other,9,Wednesday,10,False,False
201800033019,NonLethal,Daylight,Yes,NoIntersection,Normal,Other,9,Tuesday,17,False,False
201800023860,NonLethal,Daylight,Yes,T-type,LightRain,Other,2,Sunday,14,True,False
201800051050,NonLethal,Daylight,Yes,Y-type,Normal,Other,4,Thursday,13,False,False
201800052175,NonLethal,NightStreelightsOn,Yes,NoIntersection,Normal,2Vehicles-Behind,9,Wednesday,22,False,False
201800050580,NonLethal,Daylight,Yes,NoIntersection,Normal,2Vehicles-Side,10,Sunday,8,True,False
201800054421,NonLethal,TwilightOrDawn,Yes,MoreThan4Branches,Normal,Other,5,Thursday,21,False,False
201800015041,Lethal,NightNoStreetLight,No,NoIntersection,Normal,NoCollision,9,Sunday,4,True,True
201800036895,Lethal,Daylight,No,NoIntersection,Normal,3+Vehicles-Multiple,2,Tuesday,15,False,False
201800020030,Lethal,Daylight,No,NoIntersection,Normal,NoCollision,4,Saturday,18,True,False
201800001679,NonLethal,TwilightOrDawn,No,NoIntersection,LightRain,3+Vehicles-Chain,11,Saturday,7,True,False
201800050118,NonLethal,Daylight,No,NoIntersection,Normal,NoCollision,11,Tuesday,16,False,False
201800049444,NonLethal,Daylight,No,NoIntersection,Normal,3+Vehicles-Chain,9,Thursday,14,False,False
201800036942,NonLethal,Daylight,No,NoIntersection,Overcast,Other,6,Wednesday,17,False,False
201800044186,NonLethal,Daylight,No,NoIntersection,Normal,2Vehicles-Side,8,Monday,15,False,False
201800017090,Lethal,Daylight,Yes,T-type,Normal,Other,10,Monday,15,False,False
201800042947,NonLethal,Daylight,Yes,Y-type,Normal,2Vehicles-Side,12,Sunday,10,True,False
201800026086,NonLethal,NightStreelightsOn,Yes,X-type,Normal,2Vehicles-Side,2,Sunday,18,True,False
201800035327,NonLethal,Daylight,Yes,NoIntersection,Normal,Other,9,Friday,18,False,False
201800007390,NonLethal,Daylight,Yes,Other,Normal,2Vehicles-Behind,8,Saturday,15,True,False
201800020832,NonLethal,Daylight,No,NoIntersection,Normal,2Vehicles-BehindVehicles-Frontal,5,Sunday,18,True,False
201800052302,NonLethal,NightStreelightsOn,Yes,NoIntersection,Normal,Other,12,Friday,20,False,False
201800049351,NonLethal,NightStreelightsOff,No,NoIntersection,Normal,Other,3,Sunday,6,True,True
201800002440,NonLethal,Daylight,No,NoIntersection,Normal,Other,9,Thursday,16,False,False
201800034844,NonLethal,Daylight,Yes,X-type,Normal,2Vehicles-Side,8,Sunday,18,True,False
201800040315,NonLethal,Daylight,Yes,NoIntersection,LightRain,2Vehicles-Side,5,Tuesday,12,False,False
201800046198,NonLethal,Daylight,No,NoIntersection,HeavyRain,2Vehicles-Behind,11,Thursday,15,False,False
201800029880,NonLethal,Daylight,Yes,T-type,Normal,Other,7,Sunday,16,True,False
201800024320,NonLethal,Daylight,Yes,NoIntersection,Normal,3+Vehicles-Multiple,5,Saturday,17,True,False
201800020937,NonLethal,Daylight,Yes,Roundabout,Normal,2Vehicles-Side,7,Tuesday,9,False,False
201800040332,NonLethal,Daylight,Yes,NoIntersection,Normal,Other,7,Friday,10,False,False
201800046246,NonLethal,NightNoStreetLight,No,NoIntersection,LightRain,Other,11,Sunday,20,True,False
201800017840,NonLethal,Daylight,No,X-type,Normal,2Vehicles-Side,10,Saturday,14,True,False
201800029416,NonLethal,Daylight,No,NoIntersection,Overcast,2Vehicles-BehindVehicles-Frontal,7,Wednesday,8,False,False
201800037590,NonLethal,Daylight,Yes,NoIntersection,Normal,2Vehicles-Side,4,Friday,8,False,False
201800048915,NonLethal,Daylight,No,NoIntersection,Normal,3+Vehicles-Multiple,8,Monday,6,False,True
201800041012,NonLethal,Daylight,Yes,NoIntersection,Normal,Other,3,Thursday,9,False,False
201800013459,NonLethal,Daylight,No,T-type,SnowOrHail,2Vehicles-BehindVehicles-Frontal,2,Wednesday,13,False,False
201800045413,NonLethal,Daylight,No,NoIntersection,Normal,Other,11,Saturday,17,True,False
201800035739,NonLethal,NightStreelightsOn,Yes,X-type,Normal,2Vehicles-Side,5,Sunday,0,True,True
201800041627,NonLethal,NightStreelightsOn,Yes,NoIntersection,LightRain,Other,11,Friday,19,False,False
201800017683,NonLethal,Daylight,Yes,NoIntersection,Normal,2Vehicles-BehindVehicles-Frontal,7,Friday,18,False,False
201800055378,NonLethal,Daylight,Yes,Y-type,Normal,Other,6,Tuesday,16,False,False
201800013889,NonLethal,Daylight,Yes,NoIntersection,Normal,Other,5,Tuesday,14,False,False
201800018314,NonLethal,Daylight,No,T-type,Overcast,2Vehicles-Side,10,Wednesday,16,False,False
201800010384,NonLethal,NightStreelightsOn,Yes,Other,Normal,Other,8,Sunday,23,True,False
201800040935,NonLethal,NightStreelightsOn,Yes,X-type,Normal,2Vehicles-BehindVehicles-Frontal,10,Tuesday,20,False,False
201800038822,NonLethal,Daylight,Yes,T-type,Normal,2Vehicles-Behind,5,Thursday,10,False,False
201800019240,NonLethal,Daylight,Yes,NoIntersection,Normal,2Vehicles-BehindVehicles-Frontal,8,Sunday,10,True,False
201800025181,NonLethal,NightStreelightsOn,Yes,NoIntersection,Normal,Other,5,Tuesday,18,False,False
201800036860,NonLethal,NightStreelightsOn,Yes,Roundabout,LightRain,2Vehicles-BehindVehicles-Frontal,9,Friday,7,False,False