AccidentId,Gravity,Light,InAgglomeration,IntersectionType,Weather,CollisionType,Month,DayOfWeek,HourOfDay,IsWeekend,IsNight
201800000272,NonLethal,TwilightOrDawn,No,NoIntersection,Overcast,Other,1,Saturday,7,True,False
201800021023,NonLethal,NightStreelightsOff,Yes,NoIntersection,Normal,2Vehicles-Behind,7,Thursday,22,False,False
201800019404,NonLethal,Daylight,No,NoIntersection,Overcast,Other,2,Wednesday,16,False,False
201800019535,NonLethal,TwilightOrDawn,Yes,NoIntersection,Normal,3+Vehicles-Chain,10,Saturday,18,True,False
201800009225,NonLethal,Daylight,Yes,X-type,Normal,2Vehicles-BehindVehicles-Frontal,6,Sunday,9,True,False
201800039122,NonLethal,Daylight,Yes,NoIntersection,Normal,3+Vehicles-Chain,2,Friday,9,False,False
201800048638,NonLethal,Daylight,Yes,NoIntersection,Normal,2Vehicles-Side,10,Wednesday,9,False,False
201800001710,NonLethal,NightNoStreetLight,No,NoIntersection,Normal,Other,2,Tuesday,18,False,False
201800023496,NonLethal,TwilightOrDawn,No,NoIntersection,Overcast,2Vehicles-Behind,9,Friday,18,False,False
201800012585,NonLethal,Daylight,No,NoIntersection,Normal,Other,4,Friday,16,False,False
201800018599,NonLethal,NightNoStreetLight,No,NoIntersection,Normal,2Vehicles-BehindVehicles-Frontal,8,Sunday,22,True,False
201800029143,NonLethal,Daylight,Yes,NoIntersection,Normal,2Vehicles-Side,11,Friday,13,False,False
201800053462,NonLethal,Daylight,Yes,Square,Normal,2Vehicles-Side,7,Friday,17,False,False
201800029124,NonLethal,Daylight,Yes,NoIntersection,Normal,Other,7,Wednesday,18,False,False
201800052960,NonLethal,Daylight,Yes,X-type,Normal,3+Vehicles-Multiple,3,Thursday,8,False,False
201800024231,NonLethal,Daylight,Yes,NoIntersection,Normal,2Vehicles-Side,5,Tuesday,12,False,False
201800051854,NonLethal,Daylight,Yes,X-type,LightRain,NoCollision,11,Wednesday,14,False,False
201800047055,NonLethal,Daylight,No,NoIntersection,LightRain,Other,11,Tuesday,15,False,False
201800013383,NonLethal,Daylight,No,Roundabout,VeryGood,2Vehicles-Side,1,Friday,15,False,False
201800002806,NonLethal,Daylight,Yes,T-type,Normal,2Vehicles-Behind,3,Friday,17,False,False
201800014623,NonLethal,Daylight,No,NoIntersection,Other,NoCollision,12,Tuesday,8,False,False
201800026151,NonLethal,Daylight,Yes,X-type,Normal,Other,10,Sunday,11,True,False
201800047343,NonLethal,Daylight,Yes,NoIntersection,Normal,2Vehicles-Side,1,Tuesday,16,False,False
201800007555,Lethal,NightNoStreetLight,No,NoIntersection,Overcast,NoCollision,11,Sunday,4,True,True
201800009040,NonLethal,NightNoStreetLight,Yes,NoIntersection,HeavyRain,NoCollision,5,Tuesday,22,False,False
201800045625,NonLethal,Daylight,No,NoIntersection,LightRain,2Vehicles-Behind,3,Thursday,19,False,False
201800027231,NonLethal,Daylight,Yes,Other,Normal,2Vehicles-Side,10,Thursday,15,False,False
201800030528,NonLethal,Daylight,Yes,NoIntersection,Normal,NoCollision,2,Tuesday,13,False,False
201800017176,NonLethal,Daylight,No,NoIntersection,VeryGood,2Vehicles-Side,6,Saturday,13,True,False
201800009536,NonLethal,Daylight,Yes,NoIntersection,Normal,Other,8,Tuesday,11,False,False
201800047810,NonLethal,Daylight,Yes,X-type,Normal,Other,11,Saturday,11,True,False
201800007089,NonLethal,Daylight,No,NoIntersection,Normal,Other,9,Tuesday,11,False,False
201800057746,NonLethal,NightStreelightsOn,Yes,NoIntersection,Normal,2Vehicles-Behind,10,Wednesday,18,False,False
201800045553,NonLethal,Daylight,No,NoIntersection,Normal,Other,9,Wednesday,14,False,False
201800025257,NonLethal,Daylight,Yes,Roundabout,Normal,2Vehicles-Side,3,Wednesday,10,False,False
201800001133,NonLethal,TwilightOrDawn,No,NoIntersection,Normal,3+Vehicles-Multiple,6,Wednesday,6,False,True
201800047944,Lethal,Daylight,No,NoIntersection,Normal,Other,7,Thursday,14,False,False
201800056838,NonLethal,NightStreelightsOn,Yes,NoIntersection,Normal,2Vehicles-Behind,1,Friday,18,False,False
201800051399,NonLethal,NightStreelightsOn,Yes,T-type,LightRain,Other,2,Saturday,6,True,True
201800033044,NonLethal,NightNoStreetLight,Yes,NoIntersection,LightRain,NoCollision,6,Tuesday,17,False,False
201800009114,NonLethal,Daylight,Yes,NoIntersection,Normal,Other,6,Monday,16,False,False
201800030131,NonLethal,Daylight,Yes,X-type,Normal,2Vehicles-Side,1,Wednesday,11,False,False
201800038269,NonLethal,Daylight,Yes,NoIntersection,Normal,Other,2,Saturday,16,True,False
201800007515,NonLethal,Daylight,Yes,Roundabout,Normal,2Vehicles-Side,10,Thursday,7,False,False
201800040848,NonLethal,Daylight,Yes,NoIntersection,Normal,Other,4,Friday,7,False,False
201800049531,NonLethal,NightNoStreetLight,No,NoIntersection,Normal,2Vehicles-Behind,1,Friday,6,False,True
201800015464,NonLethal,Daylight,No,NoIntersection,Normal,Other,4,Monday,18,False,False
201800012498,NonLethal,Daylight,No,NoIntersection,Normal,2Vehicles-Side,10,Sunday,9,True,False
201800012778,Lethal,Daylight,No,NoIntersection,Normal,2Vehicles-BehindVehicles-Frontal,9,Thursday,11,False,False
201800043593,NonLethal,Daylight,Yes,Roundabout,Normal,2Vehicles-Behind,10,Wednesday,14,False,False
201800001019,NonLethal,Daylight,No,NoIntersection,Normal,NoCollision,11,Friday,13,False,False
201800016633,NonLethal,Daylight,Yes,NoIntersection,Normal,Other,10,Friday,17,False,False
201800037858,NonLethal,Daylight,Yes,NoIntersection,Normal,2Vehicles-Side,11,Saturday,15,True,False
201800053522,NonLethal,Daylight,Yes,NoIntersection,Normal,Other,9,Tuesday,11,False,False
201800008155,NonLethal,Daylight,Yes,Y-type,Normal,2Vehicles-Side,4,Friday,18,False,False
201800027140,NonLethal,Daylight,Yes,NoIntersection,Normal,Other,1,Friday,10,False,False
201800047124,NonLethal,NightStreelightsOn,No,NoIntersection,LightRain,2Vehicles-Behind,12,Saturday,20,True,False
201800014983,NonLethal,Daylight,No,NoIntersection,Normal,2Vehicles-Side,9,Saturday,12,True,False
201800022929,NonLethal,Daylight,Yes,NoIntersection,Normal,Other,12,Sunday,11,True,False
201800053687,NonLethal,Daylight,Yes,X-type,LightRain,Other,1,Tuesday,12,False,False
201800044971,NonLethal,Daylight,No,NoIntersection,HeavyRain,2Vehicles-Side,12,Thursday,9,False,False
201800002651,Lethal,Daylight,No,NoIntersection,Normal,2Vehicles-BehindVehicles-Frontal,1,Tuesday,10,False,False
201800044260,NonLethal,Daylight,No,NoIntersection,Normal,2Vehicles-Behind,9,Tuesday,16,False,False
201800011978,Lethal,NightNoStreetLight,No,NoIntersection,Normal,Other,8,Saturday,5,True,True
201800053877,NonLethal,Daylight,Yes,NoIntersection,Normal,2Vehicles-Side,9,Monday,14,False,False
201800013411,NonLethal,Daylight,No,NoIntersection,Normal,2Vehicles-Side,10,Wednesday,16,False,False
201800018097,NonLethal,Daylight,No,NoIntersection,Normal,2Vehicles-BehindVehicles-Frontal,2,Wednesday,16,False,False
201800040498,NonLethal,Daylight,Yes,Y-type,Normal,2Vehicles-Behind,9,Saturday,12,True,False
201800054013,NonLethal,Daylight,Yes,X-type,LightRain,2Vehicles-Side,2,Thursday,9,False,False
201800028617,NonLethal,Daylight,No,NoIntersection,Normal,Other,1,Friday,15,False,False
201800043489,NonLethal,Daylight,No,T-type,Normal,2Vehicles-Side,7,Friday,20,False,False
201800043607,NonLethal,NightNoStreetLight,No,NoIntersection,Normal,3+Vehicles-Multiple,11,Wednesday,18,False,False
201800017459,NonLethal,Daylight,Yes,NoIntersection,Normal,Other,10,Saturday,18,True,False
201800043594,NonLethal,Daylight,Yes,NoIntersection,Normal,Other,5,Thursday,17,False,False
201800011279,NonLethal,NightStreelightsOn,Yes,X-type,Normal,2Vehicles-BehindVehicles-Frontal,12,Monday,18,False,False
201800057489,NonLethal,NightStreelightsOn,Yes,T-type,Normal,Other,7,Thursday,6,False,True
201800029512,NonLethal,Daylight,Yes,NoIntersection,Normal,Other,5,Sunday,14,True,False
201800009100,NonLethal,NightStreelightsOn,Yes,NoIntersection,Normal,Other,6,Friday,1,False,True
201800042801,NonLethal,TwilightOrDawn,Yes,NoIntersection,Normal,2Vehicles-BehindVehicles-Frontal,12,Tuesday,16,False,False
201800045194,NonLethal,Daylight,No,NoIntersection,LightRain,Other,9,Thursday,7,False,False
201800001089,Lethal,Daylight,Yes,NoIntersection,Normal,2Vehicles-Side,10,Saturday,8,True,False
201800013367,NonLethal,Daylight,No,NoIntersection,Normal,Other,5,Tuesday,18,False,False
201800045819,NonLethal,Daylight,No,NoIntersection,Normal,2Vehicles-Side,4,Saturday,10,True,False
201800043465,NonLethal,Daylight,Yes,T-type,LightRain,2Vehicles-Side,11,Sunday,16,True,False
201800034513,NonLethal,NightStreelightsOn,Yes,NoIntersection,LightRain,Other,1,Sunday,18,True,False
201800025616,NonLethal,NightStreelightsOn,Yes,NoIntersection,LightRain,2Vehicles-Behind,11,Tuesday,18,False,False
201800022886,NonLethal,NightStreelightsOn,Yes,NoIntersection,LightRain,Other,1,Wednesday,18,False,False
201800041850,NonLethal,Daylight,Yes,NoIntersection,Normal,Other,3,Tuesday,18,False,False
201800055902,NonLethal,Daylight,No,NoIntersection,Normal,2Vehicles-BehindVehicles-Frontal,7,Friday,11,False,False
201800015418,NonLethal,Daylight,Yes,T-type,LightRain,2Vehicles-Side,8,Thursday,11,False,False
201800015338,NonLethal,Daylight,No,Y-type,LightRain,Other,12,Friday,15,False,False
201800056508,NonLethal,Daylight,Yes,NoIntersection,Normal,Other,8,Friday,13,False,False
201800037084,NonLethal,Daylight,Yes,Other,LightRain,Other,12,Friday,9,False,False
201800051848,NonLethal,Daylight,Yes,Square,Normal,2Vehicles-Side,11,Saturday,14,True,False
201800037609,NonLethal,Daylight,Yes,NoIntersection,Normal,Other,6,Tuesday,16,False,False
201800043455,NonLethal,Daylight,Yes,NoIntersection,Normal,Other,8,Friday,10,False,False
201800021641,NonLethal,Daylight,Yes,X-type,Normal,2Vehicles-BehindVehicles-Frontal,4,Friday,16,False,False
201800033242,NonLethal,TwilightOrDawn,Yes,X-type,Normal,Other,12,Wednesday,17,False,False
201800054279,NonLethal,Daylight,Yes,T-type,Normal,2Vehicles-Side,4,Thursday,9,False,False
201800009456,NonLethal,NightStreelightsOff,Yes,NoIntersection,Normal,Other,7,Tuesday,5,False,True
201800009549,NonLethal,TwilightOrDawn,Yes,NoIntersection,Normal,Other,8,Saturday,6,True,True
201800042687,NonLethal,Daylight,Yes,NoIntersection,Normal,Other,7,Wednesday,13,False,False
201800016354,NonLethal,Daylight,Yes,NoIntersection,Normal,2Vehicles-Side,6,Friday,12,False,False
201800010350,NonLethal,NightStreelightsOff,Yes,NoIntersection,Normal,Other,6,Sunday,22,True,False
201800050431,NonLethal,Daylight,Yes,Square,Normal,2Vehicles-Side,3,Tuesday,12,False,False
201800030865,NonLethal,Daylight,Yes,T-type,Normal,2Vehicles-Side,9,Monday,15,False,False
201800032818,NonLethal,Daylight,No,NoIntersection,Normal,3+Vehicles-Multiple,8,Wednesday,15,False,False
201800040262,NonLethal,Daylight,Yes,NoIntersection,Overcast,2Vehicles-Behind,12,Sunday,13,True,False
201800034225,NonLethal,Daylight,Yes,Other,Normal,2Vehicles-Behind,5,Thursday,14,False,False
201800037118,NonLethal,Daylight,Yes,NoIntersection,LightRain,2Vehicles-Side,9,Sunday,13,True,False
201800049834,NonLethal,Daylight,No,NoIntersection,LightRain,3+Vehicles-Chain,5,Tuesday,8,False,False
201800007615,NonLethal,Daylight,No,Roundabout,Normal,3+Vehicles-Multiple,5,Friday,12,False,False
201800057362,NonLethal,NightStreelightsOn,Yes,Roundabout,Normal,2Vehicles-Side,9,Thursday,18,False,False
201800018972,Lethal,Daylight,No,X-type,Normal,2Vehicles-Side,6,Tuesday,14,False,False
201800055704,NonLethal,NightStreelightsOn,Yes,NoIntersection,Overcast,3+Vehicles-Multiple,11,Tuesday,19,False,False
201800054478,NonLethal,Daylight,Yes,NoIntersection,Normal,2Vehicles-Behind,12,Friday,9,False,False
201800030276,NonLethal,NightStreelightsOn,Yes,X-type,Normal,2Vehicles-Side,11,Sunday,21,True,False
201800023048,NonLethal,Daylight,Yes,NoIntersection,Normal,Other,4,Friday,12,False,False
201800049658,NonLethal,NightNoStreetLight,No,NoIntersection,Normal,Other,1,Thursday,3,False,True
201800041224,NonLethal,Daylight,Yes,NoIntersection,LightRain,NoCollision,4,Monday,11,False,False
201800038399,NonLethal,NightStreelightsOn,Yes,NoIntersection,LightRain,2Vehicles-Side,2,Thursday,0,False,True
201800039264,NonLethal,Daylight,Yes,NoIntersection,LightRain,Other,6,Monday,8,False,False
201800057404,NonLethal,Daylight,Yes,NoIntersection,Normal,2Vehicles-Side,2,Sunday,11,True,False
201800002046,NonLethal,Daylight,No,NoIntersection,Normal,3+Vehicles-Chain,7,Sunday,12,True,False
201800018728,NonLethal,NightNoStreetLight,Yes,NoIntersection,FogOrSmoke,2Vehicles-BehindVehicles-Frontal,12,Saturday,1,True,True
201800055965,NonLethal,Daylight,No,NoIntersection,Normal,2Vehicles-BehindVehicles-Frontal,5,Wednesday,13,False,False
201800029183,NonLethal,Daylight,Yes,Roundabout,Normal,2Vehicles-Side,1,Friday,9,False,False
201800048548,NonLethal,Daylight,Yes,X-type,Normal,2Vehicles-Side,9,Tuesday,16,False,False
201800049317,NonLethal,TwilightOrDawn,No,NoIntersection,Normal,NoCollision,1,Sunday,7,True,False
201800024833,NonLethal,Daylight,Yes,MoreThan4Branches,Normal,Other,7,Wednesday,9,False,False
201800055706,NonLethal,NightStreelightsOn,Yes,Y-type,Normal,2Vehicles-Behind,11,Saturday,19,True,False
201800022226,NonLethal,Daylight,No,Other,Normal,Other,5,Tuesday,16,False,False
201800017789,NonLethal,NightStreelightsOn,No,Roundabout,FogOrSmoke,Other,12,Friday,0,False,True
201800012166,Lethal,TwilightOrDawn,No,T-type,VeryGood,Other,9,Friday,19,False,False
201800005193,NonLethal,Daylight,Yes,NoIntersection,Normal,Other,1,Tuesday,8,False,False
201800025206,NonLethal,Daylight,Yes,NoIntersection,LightRain,NoCollision,1,Saturday,10,True,False
201800022410,NonLethal,Daylight,Yes,NoIntersection,Normal,2Vehicles-Behind,10,Wednesday,11,False,False
201800030613,NonLethal,Daylight,Yes,T-type,Normal,NoCollision,9,Saturday,12,True,False
201800047627,NonLethal,Daylight,Yes,X-type,Normal,Other,7,Sunday,6,True,True
201800019878,Lethal,NightStreelightsOn,Yes,NoIntersection,Normal,Other,10,Friday,20,False,False
201800027549,NonLethal,NightStreelightsOn,Yes,NoIntersection,LightRain,3+Vehicles-Chain,4,Thursday,18,False,False
201800000823,NonLethal,Daylight,No,T-type,Normal,2Vehicles-Side,4,Monday,11,False,False
201800011310,NonLethal,Daylight,No,NoIntersection,Normal,NoCollision,6,Sunday,17,True,False
201800007217,NonLethal,Daylight,No,NoIntersection,Normal,Other,9,Monday,15,False,False
201800020623,NonLethal,Daylight,Yes,NoIntersection,Normal,Other,10,Tuesday,15,False,False
201800037649,NonLethal,Daylight,Yes,NoIntersection,Normal,Other,5,Friday,16,False,False
201800020595,NonLethal,Daylight,Yes,NoIntersection,Normal,2Vehicles-Side,5,Saturday,8,True,False
201800003114,NonLethal,Daylight,No,NoIntersection,Normal,NoCollision,6,Friday,16,False,False
201800002536,NonLethal,Daylight,Yes,X-type,Normal,2Vehicles-Side,3,Thursday,10,False,False
201800023088,NonLethal,Daylight,Yes,Roundabout,Normal,2Vehicles-Side,5,Thursday,10,False,False
201800014437,NonLethal,Daylight,Yes,Square,Normal,Other,12,Wednesday,13,False,False
201800003129,Lethal,Daylight,No,NoIntersection,Normal,2Vehicles-BehindVehicles-Frontal,9,Saturday,15,True,False
201800018013,NonLethal,Daylight,Yes,NoIntersection,VeryGood,Other,2,Monday,9,False,False
201800033990,NonLethal,Daylight,Yes,X-type,Normal,2Vehicles-Side,5,Monday,12,False,False
201800002830,Lethal,Daylight,Yes,Roundabout,Normal,Other,8,Thursday,17,False,False
201800040643,NonLethal,NightStreelightsOn,Yes,NoIntersection,Normal,Other,1,Saturday,3,True,True
201800054614,NonLethal,TwilightOrDawn,Yes,NoIntersection,LightRain,Other,1,Friday,16,False,False
201800006060,NonLethal,Daylight,No,NoIntersection,Normal,2Vehicles-Behind,3,Thursday,20,False,False
201800051437,NonLethal,NightStreelightsOn,Yes,T-type,Normal,Other,2,Sunday,19,True,False
201800042507,NonLethal,Daylight,Yes,NoIntersection,Normal,Other,9,Saturday,17,True,False
201800001719,NonLethal,Daylight,Yes,NoIntersection,VeryGood,Other,6,Tuesday,17,False,False
201800051508,NonLethal,Daylight,Yes,MoreThan4Branches,Overcast,2Vehicles-Side,6,Wednesday,18,False,False
201800020071,NonLethal,Daylight,No,X-type,Normal,2Vehicles-Side,7,Monday,16,False,False
201800042099,NonLethal,Daylight,Yes,NoIntersection,Normal,2Vehicles-Side,8,Friday,14,False,False
201800027503,NonLethal,NightStreelightsOn,Yes,NoIntersection,Normal,NoCollision,10,Sunday,19,True,False
201800027640,NonLethal,Daylight,Yes,X-type,Normal,Other,6,Thursday,8,False,False
201800053335,NonLethal,Daylight,Yes,NoIntersection,Normal,Other,4,Monday,9,False,False
201800017782,NonLethal,Daylight,No,NoIntersection,Normal,NoCollision,7,Wednesday,16,False,False
201800008709,NonLethal,TwilightOrDawn,Yes,T-type,SnowOrHail,2Vehicles-Side,3,Wednesday,10,False,False
201800002390,NonLethal,NightNoStreetLight,No,NoIntersection,Normal,2Vehicles-BehindVehicles-Frontal,8,Thursday,18,False,False
201800017981,NonLethal,Daylight,No,NoIntersection,Normal,2Vehicles-BehindVehicles-Frontal,10,Thursday,16,False,False
201800032815,NonLethal,Daylight,No,X-type,Normal,2Vehicles-Side,5,Saturday,18,True,False
201800025314,NonLethal,Daylight,Yes,NoIntersection,Normal,Other,4,Saturday,13,True,False
201800002639,Lethal,NightNoStreetLight,Yes,NoIntersection,Normal,NoCollision,8,Friday,1,False,True
201800054735,NonLethal,Daylight,Yes,NoIntersection,Normal,Other,5,Thursday,17,False,False
201800051623,NonLethal,NightStreelightsOn,Yes,T-type,Normal,Other,12,Wednesday,19,False,False
201800001438,NonLethal,Daylight,Yes,NoIntersection,Normal,2Vehicles-Behind,11,Wednesday,14,False,False
201800003590,NonLethal,Daylight,Yes,NoIntersection,Normal,Other,7,Saturday,19,True,False
201800023268,NonLethal,Daylight,No,NoIntersection,Normal,Other,10,Monday,8,False,False
201800016244,NonLethal,Daylight,No,NoIntersection,Normal,Other,9,Friday,11,False,False
201800041920,NonLethal,NightStreelightsOn,Yes,NoIntersection,Normal,Other,11,Friday,21,False,False
201800044723,NonLethal,NightNoStreetLight,No,NoIntersection,Normal,2Vehicles-Behind,3,Tuesday,21,False,False
201800015001,NonLethal,NightNoStreetLight,No,Other,Normal,NoCollision,10,Friday,22,False,False
201800026534,NonLethal,Daylight,Yes,X-type,Normal,Other,4,Thursday,12,False,False
201800002504,NonLethal,NightNoStreetLight,No,NoIntersection,Normal,Other,8,Wednesday,22,False,False
201800007749,NonLethal,Daylight,Yes,NoIntersection,Normal,2Vehicles-Side,4,Thursday,10,False,False
201800020106,NonLethal,Daylight,Yes,Other,Normal,NoCollision,10,Saturday,11,True,False
201800006775,NonLethal,Daylight,Yes,NoIntersection,Normal,2Vehicles-BehindVehicles-Frontal,2,Sunday,8,True,False
201800042215,Lethal,Daylight,Yes,X-type,Normal,NoCollision,7,Tuesday,11,False,False
201800007835,NonLethal,Daylight,Yes,NoIntersection,Normal,2Vehicles-Side,3,Monday,19,False,False
201800003842,NonLethal,NightStreelightsOn,No,NoIntersection,Normal,Other,12,Thursday,19,False,False
201800000004,NonLethal,Daylight,Yes,NoIntersection,VeryGood,2Vehicles-Side,5,Saturday,17,True,False
201800019872,NonLethal,NightStreelightsOn,Yes,NoIntersection,LightRain,Other,1,Thursday,5,False,True
201800056548,NonLethal,Daylight,Yes,T-type,HeavyRain,2Vehicles-Side,9,Tuesday,8,False,False
201800051047,NonLethal,Daylight,Yes,Square,Normal,3+Vehicles-Chain,4,Saturday,13,True,False
201800020485,NonLethal,TwilightOrDawn,Yes,T-type,LightRain,2Vehicles-Side,12,Saturday,8,True,False
201800014996,NonLethal,Daylight,Yes,NoIntersection,Normal,NoCollision,7,Sunday,11,True,False
201800053748,NonLethal,NightStreelightsOn,Yes,X-type,Normal,Other,3,Sunday,21,True,False
201800055441,NonLethal,Daylight,Yes,NoIntersection,Normal,3+Vehicles-Chain,6,Saturday,14,True,False
201800034986,NonLethal,NightStreelightsOn,Yes,NoIntersection,Normal,Other,2,Sunday,19,True,False
201800042101,NonLethal,Daylight,Yes,NoIntersection,Normal,2Vehicles-Behind,2,Friday,20,False,False
201800051658,NonLethal,Daylight,Yes,T-type,Normal,2Vehicles-Side,2,Tuesday,15,False,False
201800037986,NonLethal,NightStreelightsOn,Yes,T-type,Normal,2Vehicles-Side,12,Friday,22,False,False
201800009368,NonLethal,TwilightOrDawn,Yes,NoIntersection,Normal,2Vehicles-Side,7,Friday,21,False,False
201800023270,NonLethal,Daylight,Yes,NoIntersection,Normal,2Vehicles-Side,2,Saturday,18,True,False
201800047297,NonLethal,NightStreelightsOn,Yes,Other,Normal,NoCollision,1,Friday,3,False,True
201800039924,NonLethal,NightStreelightsOn,Yes,NoIntersection,Normal,2Vehicles-Side,11,Monday,19,False,False
201800017950,NonLethal,NightNoStreetLight,Yes,Y-type,Normal,Other,3,Wednesday,5,False,True
201800034239,NonLethal,Daylight,Yes,X-type,Normal,2Vehicles-Side,7,Sunday,20,True,False
201800010217,NonLethal,NightNoStreetLight,No,NoIntersection,LightRain,2Vehicles-BehindVehicles-Frontal,12,Wednesday,19,False,False
201800038544,NonLethal,TwilightOrDawn,Yes,NoIntersection,SnowOrHail,2Vehicles-Behind,2,Tuesday,16,False,False
201800046828,NonLethal,Daylight,No,NoIntersection,Normal,3+Vehicles-Multiple,8,Wednesday,18,False,False
201800005558,NonLethal,NightStreelightsOn,Yes,NoIntersection,Normal,Other,1,Thursday,20,False,False
201800018039,NonLethal,Daylight,No,X-type,HeavyRain,2Vehicles-Side,12,Monday,12,False,False
201800027772,NonLethal,Daylight,Yes,T-type,Normal,3+Vehicles-Chain,9,Wednesday,16,False,False
201800023247,NonLethal,Daylight,No,NoIntersection,Normal,2Vehicles-BehindVehicles-Frontal,9,Friday,18,False,False
201800029314,NonLethal,Daylight,Yes,X-type,Normal,2Vehicles-Side,5,Thursday,8,False,False
201800024769,NonLethal,Daylight,No,Other,Normal,2Vehicles-Behind,5,Wednesday,17,False,False
201800031597,NonLethal,NightNoStreetLight,No,NoIntersection,Normal,2Vehicles-BehindVehicles-Frontal,8,Wednesday,0,False,True
201800025333,NonLethal,Daylight,Yes,X-type,Normal,2Vehicles-Side,5,Monday,19,False,False
201800042432,NonLethal,Daylight,Yes,Y-type,Normal,Other,1,Saturday,15,True,False
201800024806,NonLethal,Daylight,No,NoIntersection,Normal,2Vehicles-Behind,6,Thursday,13,False,False
201800014887,NonLethal,Daylight,No,NoIntersection,Normal,2Vehicles-BehindVehicles-Frontal,4,Saturday,11,True,False
201800051949,NonLethal,Daylight,Yes,T-type,LightRain,Other,3,Friday,10,False,False
201800055370,NonLethal,Daylight,Yes,NoIntersection,Normal,2Vehicles-Side,2,Monday,18,False,False
201800010378,NonLethal,Daylight,Yes,X-type,Normal,2Vehicles-Side,4,Sunday,9,True,False
201800041027,NonLethal,Daylight,Yes,NoIntersection,Normal,2Vehicles-Behind,5,Tuesday,20,False,False
201800040333,NonLethal,Daylight,Yes,NoIntersection,Normal,2Vehicles-Side,7,Tuesday,14,False,False
201800016288,NonLethal,Daylight,No,NoIntersection,LightRain,NoCollision,3,Thursday,8,False,False
201800032524,NonLethal,Daylight,Yes,Y-type,Normal,2Vehicles-Side,8,Wednesday,13,False,False
201800019114,NonLethal,Daylight,No,X-type,Normal,2Vehicles-Side,11,Friday,13,False,False
201800056245,NonLethal,TwilightOrDawn,Yes,NoIntersection,Normal,2Vehicles-BehindVehicles-Frontal,1,Thursday,17,False,False
201800049199,NonLethal,Daylight,No,NoIntersection,Normal,2Vehicles-Behind,4,Friday,8,False,False
201800002074,NonLethal,Daylight,No,Y-type,Normal,2Vehicles-Side,12,Friday,17,False,False
201800028834,NonLethal,NightStreelightsOn,Yes,NoIntersection,Normal,Other,10,Monday,1,False,True
201800050003,NonLethal,Daylight,No,NoIntersection,Normal,2Vehicles-Behind,9,Monday,8,False,False
201800008727,NonLethal,Daylight,Yes,NoIntersection,Normal,Other,3,Monday,11,False,False
201800005203,NonLethal,Daylight,Yes,NoIntersection,Normal,Other,2,Saturday,16,True,False
201800056735,NonLethal,Daylight,Yes,NoIntersection,Normal,2Vehicles-Side,9,Wednesday,14,False,False
201800035791,NonLethal,Daylight,Yes,X-type,Normal,2Vehicles-Side,6,Thursday,17,False,False
201800003335,Lethal,Daylight,No,NoIntersection,Normal,Other,7,Friday,18,False,False
201800043701,NonLethal,NightStreelightsOn,Yes,NoIntersection,Normal,2Vehicles-Behind,8,Wednesday,0,False,True
201800012170,NonLethal,NightNoStreetLight,No,NoIntersection,HeavyRain,2Vehicles-BehindVehicles-Frontal,1,Monday,8,False,False
201800055966,NonLethal,Daylight,No,T-type,VeryGood,Other,9,Tuesday,16,False,False
201800054026,NonLethal,Daylight,Yes,X-type,LightRain,Other,3,Sunday,15,True,False
201800054033,NonLethal,NightStreelightsOn,Yes,Y-type,Normal,Other,3,Wednesday,22,False,False
201800004601,NonLethal,Daylight,No,NoIntersection,Normal,Other,7,Saturday,16,True,False
201800041774,NonLethal,Daylight,Yes,NoIntersection,Normal,2Vehicles-Behind,7,Tuesday,8,False,False
201800032782,NonLethal,Daylight,No,NoIntersection,Normal,Other,8,Wednesday,19,False,False
201800015611,NonLethal,Daylight,No,Y-type,Normal,2Vehicles-Side,6,Friday,13,False,False
201800024183,NonLethal,NightStreelightsOn,Yes,NoIntersection,Normal,Other,11,Friday,18,False,False
201800049505,NonLethal,Daylight,No,NoIntersection,Normal,2Vehicles-Behind,5,Saturday,12,True,False
201800020412,NonLethal,Daylight,No,X-type,Normal,2Vehicles-Side,4,Tuesday,18,False,False
201800018303,NonLethal,Daylight,No,NoIntersection,Normal,2Vehicles-BehindVehicles-Frontal,3,Monday,18,False,False
201800057302,NonLethal,TwilightOrDawn,Yes,NoIntersection,Normal,Other,4,Sunday,18,True,False
201800045722,NonLethal,Daylight,No,NoIntersection,Normal,2Vehicles-Side,2,Monday,9,False,False
201800038498,NonLethal,NightStreelightsOn,Yes,NoIntersection,Normal,Other,10,Wednesday,20,False,False
201800037549,NonLethal,Daylight,Yes,NoIntersection,Normal,Other,5,Thursday,9,False,False
201800014690,NonLethal,NightNoStreetLight,No,NoIntersection,Normal,Other,4,Monday,23,False,False
201800009504,NonLethal,Daylight,Yes,NoIntersection,HeavyRain,NoCollision,9,Saturday,10,True,False
201800025624,NonLethal,Daylight,No,NoIntersection,LightRain,NoCollision,12,Monday,8,False,False
201800043144,NonLethal,Daylight,Yes,NoIntersection,Normal,Other,9,Tuesday,16,False,False
201800030503,NonLethal,Daylight,Yes,T-type,Normal,2Vehicles-Side,5,Monday,11,False,False
201800037520,NonLethal,Daylight,Yes,X-type,Normal,2Vehicles-Side,11,Thursday,16,False,False
201800053670,NonLethal,NightStreelightsOn,Yes,NoIntersection,LightRain,Other,1,Tuesday,18,False,False
201800044367,NonLethal,TwilightOrDawn,No,NoIntersection,LightRain,Other,11,Sunday,7,True,False