AccidentId,Gravity,Light,InAgglomeration,IntersectionType,Weather,CollisionType,Month,DayOfWeek,HourOfDay,IsWeekend,IsNight
201800055371,NonLethal,Daylight,Yes,Y-type,Normal,NoCollision,3,Monday,9,False,False
201800012397,NonLethal,Daylight,No,NoIntersection,SnowOrHail,2Vehicles-Side,7,Wednesday,14,False,False
201800016166,NonLethal,Daylight,Yes,Roundabout,VeryGood,NoCollision,10,Saturday,17,True,False
201800054824,NonLethal,Daylight,Yes,NoIntersection,Normal,Other,10,Friday,16,False,False
201800034675,NonLethal,Daylight,Yes,NoIntersection,Normal,2Vehicles-Side,3,Friday,7,False,False
201800046515,NonLethal,Daylight,No,NoIntersection,Normal,3+Vehicles-Chain,4,Wednesday,9,False,False
201800030032,NonLethal,Daylight,Yes,NoIntersection,Normal,2Vehicles-Behind,6,Wednesday,17,False,False
201800015428,NonLethal,Daylight,No,NoIntersection,Normal,Other,7,Sunday,21,True,False
201800025477,NonLethal,Daylight,Yes,NoIntersection,Normal,Other,9,Wednesday,14,False,False
201800034656,NonLethal,Daylight,Yes,NoIntersection,Normal,Other,6,Tuesday,21,False,False
201800036961,NonLethal,NightStreelightsOn,Yes,NoIntersection,HeavyRain,2Vehicles-Behind,1,Thursday,1,False,True
201800029312,NonLethal,Daylight,Yes,X-type,Overcast,2Vehicles-Side,1,Friday,12,False,False
201800034294,NonLethal,Daylight,No,NoIntersection,Normal,Other,8,Monday,19,False,False
201800039684,NonLethal,NightStreelightsOn,Yes,NoIntersection,Normal,Other,12,Tuesday,4,False,True
201800005981,NonLethal,Daylight,Yes,NoIntersection,Normal,2Vehicles-Behind,4,Sunday,7,True,False
201800055921,Lethal,Daylight,Yes,T-type,HeavyRain,2Vehicles-BehindVehicles-Frontal,8,Friday,8,False,False
201800012008,Lethal,Daylight,No,NoIntersection,Normal,NoCollision,11,Monday,17,False,False
201800029852,NonLethal,Daylight,No,NoIntersection,Normal,2Vehicles-Side,8,Tuesday,14,False,False
201800021360,NonLethal,Daylight,No,NoIntersection,HeavyRain,NoCollision,3,Monday,15,False,False
201800038525,NonLethal,NightStreelightsOn,Yes,NoIntersection,Normal,2Vehicles-Behind,2,Thursday,6,False,True
201800025515,NonLethal,Daylight,Yes,NoIntersection,Normal,Other,9,Friday,9,False,False
201800022099,NonLethal,NightStreelightsOn,Yes,NoIntersection,Normal,Other,8,Saturday,2,True,True
201800029206,NonLethal,Daylight,Yes,NoIntersection,Normal,2Vehicles-Behind,4,Saturday,15,True,False
201800029973,NonLethal,Daylight,Yes,NoIntersection,Normal,Other,10,Thursday,18,False,False
201800046100,NonLethal,Daylight,No,NoIntersection,LightRain,2Vehicles-Side,9,Friday,9,False,False
201800021181,NonLethal,Daylight,No,X-type,Normal,Other,12,Friday,14,False,False
201800003158,NonLethal,TwilightOrDawn,No,T-type,Normal,NoCollision,6,Saturday,21,True,False
201800040468,NonLethal,Daylight,Yes,NoIntersection,Overcast,Other,5,Wednesday,16,False,False
201800029939,NonLethal,Daylight,No,NoIntersection,Normal,2Vehicles-BehindVehicles-Frontal,1,Tuesday,13,False,False
201800001015,NonLethal,Daylight,No,LevelCrossing,Normal,2Vehicles-Side,7,Monday,11,False,False
201800026073,NonLethal,Daylight,Yes,NoIntersection,Normal,Other,1,Saturday,14,True,False
201800036970,NonLethal,Daylight,Yes,NoIntersection,Normal,2Vehicles-Behind,2,Sunday,14,True,False
201800049063,NonLethal,NightNoStreetLight,No,NoIntersection,Normal,2Vehicles-Behind,11,Tuesday,21,False,False
201800057318,NonLethal,Daylight,No,NoIntersection,Normal,2Vehicles-Behind,11,Monday,14,False,False
201800056456,NonLethal,Daylight,No,T-type,Normal,2Vehicles-Behind,3,Wednesday,17,False,False
201800030444,NonLethal,Daylight,Yes,NoIntersection,Normal,Other,5,Monday,12,False,False
201800013263,NonLethal,Daylight,No,T-type,Normal,2Vehicles-Side,11,Wednesday,13,False,False
201800054840,NonLethal,Daylight,Yes,X-type,Overcast,2Vehicles-Side,10,Tuesday,13,False,False
201800026369,NonLethal,Daylight,Yes,NoIntersection,Normal,Other,7,Monday,16,False,False
201800011814,NonLethal,Daylight,Yes,NoIntersection,Normal,Other,6,Monday,16,False,False
201800056281,NonLethal,Daylight,Yes,NoIntersection,Normal,NoCollision,12,Friday,15,False,False
201800003308,Lethal,Daylight,No,NoIntersection,Normal,Other,9,Tuesday,13,False,False
201800043006,NonLethal,TwilightOrDawn,Yes,T-type,Normal,2Vehicles-BehindVehicles-Frontal,6,Saturday,21,True,False
201800033698,NonLethal,NightStreelightsOn,Yes,T-type,Normal,2Vehicles-Side,8,Thursday,1,False,True
201800010397,NonLethal,Daylight,No,NoIntersection,Normal,2Vehicles-Side,7,Sunday,17,True,False
201800014831,NonLethal,Daylight,Yes,NoIntersection,LightRain,Other,11,Sunday,11,True,False
201800018293,NonLethal,Daylight,Yes,Other,Normal,2Vehicles-Side,12,Thursday,11,False,False
201800027852,NonLethal,NightNoStreetLight,No,NoIntersection,Normal,Other,4,Wednesday,23,False,False
201800000341,NonLethal,Daylight,No,NoIntersection,Normal,3+Vehicles-Chain,8,Monday,8,False,False
201800003977,NonLethal,NightNoStreetLight,No,NoIntersection,Normal,NoCollision,6,Tuesday,17,False,False
201800055608,NonLethal,Daylight,Yes,NoIntersection,Normal,3+Vehicles-Multiple,9,Wednesday,8,False,False
201800023525,NonLethal,NightNoStreetLight,No,NoIntersection,Normal,NoCollision,6,Tuesday,21,False,False
201800003763,NonLethal,Daylight,No,NoIntersection,Normal,2Vehicles-Behind,11,Thursday,14,False,False
201800001658,NonLethal,Daylight,Yes,NoIntersection,Normal,2Vehicles-BehindVehicles-Frontal,5,Tuesday,13,False,False
201800038421,NonLethal,Daylight,Yes,X-type,Normal,2Vehicles-Side,3,Tuesday,9,False,False
201800055718,NonLethal,NightStreelightsOn,Yes,Y-type,HeavyRain,Other,2,Monday,5,False,True
201800043075,NonLethal,Daylight,Yes,NoIntersection,Normal,2Vehicles-Side,10,Wednesday,13,False,False
201800035315,NonLethal,NightStreelightsOn,Yes,Roundabout,Normal,2Vehicles-Side,1,Saturday,20,True,False
201800032592,NonLethal,TwilightOrDawn,Yes,Square,Normal,2Vehicles-Side,12,Monday,18,False,False
201800023115,NonLethal,NightNoStreetLight,No,NoIntersection,Normal,Other,6,Friday,2,False,True
201800005384,NonLethal,Daylight,Yes,NoIntersection,LightRain,Other,5,Monday,15,False,False
201800031010,NonLethal,NightStreelightsOff,Yes,NoIntersection,Normal,2Vehicles-BehindVehicles-Frontal,6,Friday,0,False,True
201800046976,NonLethal,Daylight,No,NoIntersection,Normal,2Vehicles-Side,10,Sunday,11,True,False
201800049978,Lethal,NightNoStreetLight,No,NoIntersection,Normal,Other,8,Thursday,2,False,True
201800048937,NonLethal,Daylight,No,NoIntersection,Normal,NoCollision,1,Sunday,15,True,False
201800002938,NonLethal,Daylight,No,T-type,Normal,2Vehicles-BehindVehicles-Frontal,3,Tuesday,14,False,False
201800018203,Lethal,Daylight,No,NoIntersection,Normal,2Vehicles-BehindVehicles-Frontal,6,Tuesday,16,False,False
201800027378,NonLethal,Daylight,Yes,NoIntersection,Normal,3+Vehicles-Chain,7,Saturday,12,True,False
201800054206,NonLethal,Daylight,Yes,X-type,Normal,Other,9,Saturday,18,True,False
201800015442,NonLethal,NightStreelightsOn,Yes,NoIntersection,Normal,Other,6,Sunday,1,True,True
201800051460,NonLethal,Daylight,Yes,T-type,LightRain,Other,3,Saturday,9,True,False
201800008017,NonLethal,Daylight,No,NoIntersection,Normal,NoCollision,7,Tuesday,11,False,False
201800035488,NonLethal,Daylight,Yes,NoIntersection,Normal,2Vehicles-Side,9,Friday,18,False,False
201800017324,NonLethal,NightStreelightsOn,Yes,T-type,LightRain,2Vehicles-Side,11,Wednesday,17,False,False
201800043974,NonLethal,NightNoStreetLight,No,NoIntersection,Normal,NoCollision,5,Saturday,23,True,False
201800020949,NonLethal,NightStreelightsOn,Yes,NoIntersection,LightRain,Other,1,Saturday,0,True,True
201800057069,NonLethal,Daylight,Yes,NoIntersection,Normal,Other,10,Wednesday,7,False,False
201800050634,NonLethal,Daylight,Yes,NoIntersection,Normal,Other,12,Wednesday,15,False,False
201800028270,NonLethal,Daylight,No,NoIntersection,Normal,3+Vehicles-Chain,5,Tuesday,10,False,False
201800025593,NonLethal,NightStreelightsOn,Yes,NoIntersection,Normal,Other,11,Tuesday,18,False,False
201800052300,NonLethal,NightStreelightsOn,Yes,T-type,Normal,Other,12,Tuesday,21,False,False
201800056556,NonLethal,Daylight,Yes,NoIntersection,Normal,Other,5,Saturday,18,True,False
201800009362,NonLethal,Daylight,Yes,NoIntersection,Normal,NoCollision,7,Friday,14,False,False
201800026480,NonLethal,Daylight,Yes,NoIntersection,Normal,2Vehicles-Side,7,Friday,12,False,False
201800011085,NonLethal,Daylight,Yes,NoIntersection,Normal,NoCollision,7,Tuesday,9,False,False
201800018718,NonLethal,Daylight,No,Other,Normal,2Vehicles-Side,6,Wednesday,13,False,False
201800022432,NonLethal,NightStreelightsOn,Yes,NoIntersection,LightRain,Other,12,Thursday,21,False,False
201800039784,NonLethal,Daylight,Yes,X-type,Normal,2Vehicles-Side,4,Wednesday,7,False,False
201800031777,NonLethal,Daylight,Yes,NoIntersection,Overcast,2Vehicles-Behind,6,Wednesday,11,False,False
201800033090,NonLethal,NightStreelightsOn,Yes,NoIntersection,LightRain,Other,1,Wednesday,20,False,False
201800030518,NonLethal,Daylight,Yes,NoIntersection,Normal,Other,1,Thursday,16,False,False
201800030473,NonLethal,TwilightOrDawn,Yes,X-type,Normal,2Vehicles-Side,5,Wednesday,19,False,False
201800008630,NonLethal,Daylight,Yes,X-type,LightRain,Other,4,Tuesday,14,False,False
201800051729,NonLethal,Daylight,Yes,NoIntersection,Normal,2Vehicles-Side,5,Wednesday,8,False,False
201800052739,NonLethal,Daylight,Yes,NoIntersection,Normal,2Vehicles-Behind,6,Monday,14,False,False
201800037377,NonLethal,Daylight,Yes,X-type,Normal,2Vehicles-Side,12,Monday,10,False,False
201800051600,NonLethal,Daylight,Yes,Square,Normal,2Vehicles-Side,11,Friday,14,False,False
201800045898,NonLethal,Daylight,No,NoIntersection,Normal,3+Vehicles-Chain,5,Sunday,19,True,False
201800013888,NonLethal,Daylight,Yes,NoIntersection,Normal,2Vehicles-Side,10,Friday,18,False,False
201800023839,NonLethal,NightStreelightsOn,Yes,NoIntersection,LightRain,Other,1,Saturday,5,True,True
201800008485,NonLethal,Daylight,Yes,NoIntersection,Normal,2Vehicles-Behind,8,Thursday,8,False,False
201800047934,NonLethal,Daylight,No,NoIntersection,Normal,3+Vehicles-Chain,6,Wednesday,12,False,False
201800021947,NonLethal,Daylight,Yes,NoIntersection,VeryGood,Other,7,Friday,19,False,False
201800040049,NonLethal,Daylight,Yes,NoIntersection,Normal,Other,10,Sunday,6,True,True
201800039852,NonLethal,TwilightOrDawn,Yes,NoIntersection,Normal,Other,11,Wednesday,17,False,False
201800043638,NonLethal,NightStreelightsOn,No,NoIntersection,Normal,2Vehicles-Behind,2,Thursday,18,False,False
201800053221,NonLethal,NightStreelightsOn,Yes,NoIntersection,Overcast,Other,12,Friday,20,False,False
201800006656,NonLethal,Daylight,Yes,NoIntersection,Normal,2Vehicles-BehindVehicles-Frontal,11,Saturday,17,True,False
201800024851,NonLethal,Daylight,Yes,NoIntersection,Normal,2Vehicles-Behind,7,Friday,17,False,False
201800043313,NonLethal,Daylight,Yes,X-type,Other,2Vehicles-Side,2,Tuesday,9,False,False
201800010999,NonLethal,NightStreelightsOn,Yes,X-type,Normal,2Vehicles-Side,1,Saturday,7,True,False
201800051924,NonLethal,NightStreelightsOn,Yes,NoIntersection,Normal,Other,1,Saturday,20,True,False
201800041503,NonLethal,NightNoStreetLight,Yes,Other,Normal,2Vehicles-Side,10,Thursday,22,False,False
201800050905,NonLethal,Daylight,Yes,X-type,Normal,2Vehicles-Behind,7,Saturday,13,True,False
201800042411,NonLethal,Daylight,Yes,Other,Overcast,Other,8,Sunday,8,True,False
201800017472,NonLethal,Daylight,Yes,NoIntersection,VeryGood,NoCollision,9,Saturday,9,True,False
201800000437,NonLethal,NightNoStreetLight,No,NoIntersection,Normal,2Vehicles-Behind,10,Tuesday,19,False,False
201800014926,NonLethal,Daylight,No,NoIntersection,Normal,NoCollision,6,Friday,13,False,False
201800006340,NonLethal,NightNoStreetLight,No,NoIntersection,LightRain,2Vehicles-Side,11,Sunday,18,True,False
201800025576,NonLethal,Daylight,Yes,NoIntersection,Normal,Other,10,Sunday,10,True,False
201800020338,NonLethal,Daylight,No,NoIntersection,LightRain,Other,1,Monday,15,False,False
201800011346,NonLethal,Daylight,No,NoIntersection,Normal,Other,5,Friday,10,False,False
201800018648,NonLethal,Daylight,No,T-type,Normal,2Vehicles-BehindVehicles-Frontal,9,Wednesday,12,False,False
201800029328,NonLethal,NightStreelightsOn,Yes,NoIntersection,Normal,Other,1,Wednesday,8,False,False
201800045918,NonLethal,Daylight,No,NoIntersection,Normal,2Vehicles-Side,6,Wednesday,13,False,False
201800023524,NonLethal,NightNoStreetLight,No,NoIntersection,Normal,2Vehicles-BehindVehicles-Frontal,10,Sunday,1,True,True
201800056574,NonLethal,Daylight,No,NoIntersection,Normal,2Vehicles-Side,2,Monday,15,False,False
201800013386,Lethal,TwilightOrDawn,No,NoIntersection,LightRain,3+Vehicles-Chain,3,Tuesday,7,False,False
201800047358,NonLethal,Daylight,Yes,NoIntersection,Normal,2Vehicles-Side,1,Wednesday,13,False,False
201800025898,NonLethal,NightNoStreetLight,No,NoIntersection,Normal,Other,5,Thursday,0,False,True
201800048880,NonLethal,Daylight,No,NoIntersection,Normal,2Vehicles-Side,4,Thursday,8,False,False
201800027361,NonLethal,NightStreelightsOn,Yes,NoIntersection,Normal,2Vehicles-Side,6,Thursday,23,False,False
201800018304,NonLethal,Daylight,No,NoIntersection,Overcast,NoCollision,5,Wednesday,17,False,False
201800055467,NonLethal,Daylight,Yes,NoIntersection,Normal,2Vehicles-Behind,6,Wednesday,17,False,False
201800019109,NonLethal,Daylight,No,NoIntersection,Normal,NoCollision,6,Monday,19,False,False
201800037316,NonLethal,Daylight,Yes,NoIntersection,Normal,Other,3,Saturday,18,True,False
201800035506,NonLethal,Daylight,Yes,NoIntersection,Normal,2Vehicles-Side,2,Friday,16,False,False
201800021356,NonLethal,Daylight,Yes,NoIntersection,Normal,2Vehicles-Side,7,Monday,14,False,False
201800004370,Lethal,Daylight,Yes,NoIntersection,Normal,Other,10,Friday,11,False,False
201800007795,NonLethal,Daylight,Yes,NoIntersection,Normal,Other,9,Friday,9,False,False
201800039004,NonLethal,Daylight,Yes,NoIntersection,Normal,2Vehicles-Side,4,Thursday,8,False,False
201800003453,NonLethal,Daylight,No,NoIntersection,Normal,Other,10,Monday,12,False,False
201800022881,NonLethal,Daylight,Yes,NoIntersection,Normal,Other,1,Saturday,11,True,False
201800045571,NonLethal,Daylight,No,NoIntersection,Normal,2Vehicles-Behind,12,Thursday,14,False,False
201800022583,NonLethal,Daylight,Yes,NoIntersection,Normal,2Vehicles-Side,6,Friday,15,False,False
201800041105,NonLethal,Daylight,Yes,NoIntersection,Overcast,Other,2,Saturday,15,True,False
201800057148,NonLethal,Daylight,No,NoIntersection,Normal,NoCollision,12,Tuesday,14,False,False
201800047561,NonLethal,Daylight,Yes,NoIntersection,Normal,Other,6,Monday,15,False,False
201800003526,NonLethal,Daylight,No,NoIntersection,LightRain,2Vehicles-BehindVehicles-Frontal,6,Saturday,16,True,False
201800047711,NonLethal,Daylight,Yes,NoIntersection,Normal,2Vehicles-Behind,8,Wednesday,9,False,False
201800036047,NonLethal,Daylight,Yes,T-type,Normal,Other,4,Sunday,15,True,False
201800043871,NonLethal,Daylight,No,NoIntersection,Normal,Other,3,Monday,13,False,False
201800055356,NonLethal,Daylight,Yes,NoIntersection,Normal,2Vehicles-Behind,4,Tuesday,17,False,False
201800031150,NonLethal,Daylight,No,NoIntersection,Overcast,NoCollision,5,Monday,13,False,False
201800046341,NonLethal,TwilightOrDawn,No,NoIntersection,LightRain,2Vehicles-Side,9,Saturday,17,True,False
201800032939,NonLethal,Daylight,No,Y-type,Normal,2Vehicles-Side,9,Thursday,7,False,False
201800020540,NonLethal,Daylight,No,NoIntersection,Normal,3+Vehicles-Multiple,2,Thursday,11,False,False
201800008852,NonLethal,NightStreelightsOn,Yes,Roundabout,LightRain,NoCollision,4,Saturday,3,True,True
201800022086,NonLethal,Daylight,Yes,T-type,Normal,Other,7,Friday,16,False,False
201800014865,NonLethal,NightNoStreetLight,Yes,NoIntersection,Normal,Other,9,Monday,20,False,False
201800044687,NonLethal,NightNoStreetLight,No,NoIntersection,LightRain,2Vehicles-Behind,3,Thursday,4,False,True
201800034632,NonLethal,NightStreelightsOn,Yes,NoIntersection,Normal,Other,10,Saturday,23,True,False
201800057121,NonLethal,Daylight,Yes,NoIntersection,Normal,Other,11,Friday,11,False,False
201800032340,NonLethal,NightStreelightsOn,Yes,NoIntersection,LightRain,2Vehicles-BehindVehicles-Frontal,1,Monday,21,False,False
201800008091,NonLethal,NightNoStreetLight,No,T-type,Normal,Other,11,Monday,18,False,False
201800042718,NonLethal,Daylight,Yes,NoIntersection,Normal,2Vehicles-Side,11,Thursday,12,False,False
201800029863,NonLethal,Daylight,Yes,NoIntersection,Normal,Other,10,Wednesday,16,False,False
201800019628,NonLethal,Daylight,No,Other,Normal,2Vehicles-Behind,4,Saturday,10,True,False
201800052948,NonLethal,Daylight,Yes,X-type,Overcast,2Vehicles-Side,8,Friday,8,False,False
201800026291,NonLethal,Daylight,Yes,NoIntersection,Normal,2Vehicles-BehindVehicles-Frontal,1,Friday,10,False,False
201800021607,NonLethal,NightNoStreetLight,No,NoIntersection,Normal,Other,3,Friday,20,False,False
201800016742,NonLethal,TwilightOrDawn,No,NoIntersection,FogOrSmoke,Other,12,Sunday,8,True,False
201800023328,NonLethal,NightStreelightsOn,Yes,NoIntersection,Normal,2Vehicles-Side,4,Wednesday,18,False,False
201800010482,NonLethal,Daylight,Yes,NoIntersection,Normal,2Vehicles-Side,7,Thursday,17,False,False
201800006985,Lethal,Daylight,No,NoIntersection,Normal,Other,3,Wednesday,14,False,False
201800025511,NonLethal,Daylight,Yes,NoIntersection,Normal,2Vehicles-Side,9,Wednesday,17,False,False
201800034061,NonLethal,TwilightOrDawn,Yes,X-type,Normal,2Vehicles-Side,9,Sunday,7,True,False
201800019696,NonLethal,NightStreelightsOn,Yes,NoIntersection,Normal,NoCollision,8,Tuesday,23,False,False
201800054195,NonLethal,Daylight,No,Y-type,LightRain,2Vehicles-Side,9,Tuesday,11,False,False
201800037482,NonLethal,TwilightOrDawn,Yes,NoIntersection,Normal,Other,9,Thursday,9,False,False
201800010693,Lethal,Daylight,No,NoIntersection,Normal,3+Vehicles-Multiple,4,Sunday,15,True,False
201800022375,NonLethal,Daylight,No,T-type,Normal,NoCollision,7,Friday,12,False,False
201800012515,NonLethal,Daylight,Yes,Square,VeryGood,2Vehicles-Side,7,Monday,17,False,False
201800043825,NonLethal,Daylight,No,NoIntersection,Normal,2Vehicles-Behind,2,Monday,9,False,False
201800022029,NonLethal,NightStreelightsOn,Yes,NoIntersection,Normal,Other,6,Saturday,20,True,False
201800017821,NonLethal,NightNoStreetLight,No,Y-type,FogOrSmoke,Other,12,Monday,21,False,False
201800000562,NonLethal,Daylight,Yes,NoIntersection,Normal,Other,5,Thursday,18,False,False
201800028976,NonLethal,Daylight,No,X-type,Normal,3+Vehicles-Multiple,7,Friday,19,False,False
201800024822,NonLethal,Daylight,Yes,X-type,Normal,2Vehicles-Behind,9,Friday,7,False,False
201800014873,NonLethal,NightNoStreetLight,No,NoIntersection,Normal,2Vehicles-Behind,1,Thursday,5,False,True
201800015750,NonLethal,NightNoStreetLight,No,Y-type,Normal,2Vehicles-Side,1,Wednesday,7,False,False
201800001173,NonLethal,NightNoStreetLight,No,NoIntersection,Normal,Other,8,Thursday,0,False,True
201800004858,NonLethal,TwilightOrDawn,Yes,X-type,Overcast,2Vehicles-Side,1,Friday,7,False,False
201800051149,NonLethal,Daylight,Yes,X-type,Normal,2Vehicles-Side,7,Wednesday,17,False,False
201800001117,NonLethal,Daylight,Yes,X-type,VeryGood,Other,10,Sunday,10,True,False
201800007124,NonLethal,Daylight,No,NoIntersection,Normal,Other,7,Saturday,15,True,False
201800024648,Lethal,NightStreelightsOn,Yes,NoIntersection,Normal,Other,2,Tuesday,19,False,False
201800052917,NonLethal,NightStreelightsOn,Yes,NoIntersection,Normal,Other,1,Saturday,19,True,False
201800015125,NonLethal,Daylight,No,Other,Normal,2Vehicles-Side,8,Wednesday,16,False,False
201800014659,NonLethal,NightNoStreetLight,Yes,NoIntersection,Normal,Other,5,Wednesday,23,False,False
201800000422,NonLethal,Daylight,Yes,T-type,Normal,2Vehicles-Side,8,Friday,14,False,False
201800004636,NonLethal,Daylight,Yes,NoIntersection,VeryGood,Other,12,Monday,9,False,False
201800031110,Lethal,NightNoStreetLight,Yes,NoIntersection,LightRain,Other,1,Sunday,5,True,True
201800043187,NonLethal,Daylight,Yes,T-type,Normal,2Vehicles-Side,3,Tuesday,16,False,False
201800046865,NonLethal,Daylight,No,NoIntersection,Normal,2Vehicles-Behind,9,Friday,14,False,False
201800028453,NonLethal,Daylight,Yes,X-type,Normal,2Vehicles-Side,6,Tuesday,8,False,False
201800049982,NonLethal,Daylight,No,NoIntersection,Normal,2Vehicles-Side,8,Tuesday,10,False,False
201800016545,NonLethal,Daylight,No,NoIntersection,Normal,2Vehicles-BehindVehicles-Frontal,7,Thursday,17,False,False
201800049748,NonLethal,Daylight,No,NoIntersection,LightRain,NoCollision,3,Thursday,12,False,False
201800001194,NonLethal,Daylight,No,X-type,Normal,2Vehicles-Side,3,Friday,16,False,False
201800009859,NonLethal,Daylight,Yes,Y-type,Normal,2Vehicles-Side,10,Friday,16,False,False
201800003091,NonLethal,NightStreelightsOn,Yes,NoIntersection,Normal,Other,1,Sunday,6,True,True
201800056369,NonLethal,NightStreelightsOn,Yes,Roundabout,Normal,3+Vehicles-Multiple,7,Tuesday,19,False,False
201800004155,NonLethal,Daylight,Yes,NoIntersection,Normal,Other,11,Monday,11,False,False
201800046463,NonLethal,Daylight,No,NoIntersection,Normal,2Vehicles-Side,3,Tuesday,13,False,False
201800026247,NonLethal,Daylight,Yes,NoIntersection,Normal,Other,5,Saturday,17,True,False
201800051607,NonLethal,NightStreelightsOn,Yes,Y-type,LightRain,Other,10,Thursday,21,False,False
201800021245,NonLethal,Daylight,Yes,X-type,Normal,2Vehicles-Side,11,Thursday,15,False,False
201800027886,NonLethal,NightStreelightsOn,Yes,NoIntersection,LightRain,3+Vehicles-Multiple,2,Friday,19,False,False
201800002100,NonLethal,Daylight,No,NoIntersection,Normal,2Vehicles-BehindVehicles-Frontal,7,Wednesday,16,False,False
201800051418,NonLethal,Daylight,Yes,T-type,HeavyRain,Other,12,Friday,13,False,False
201800029889,NonLethal,TwilightOrDawn,No,NoIntersection,Normal,Other,12,Sunday,7,True,False
201800006221,NonLethal,TwilightOrDawn,Yes,NoIntersection,Normal,2Vehicles-Side,3,Friday,6,False,True
201800029125,NonLethal,Daylight,Yes,NoIntersection,Normal,Other,7,Friday,12,False,False
201800047158,NonLethal,Daylight,No,NoIntersection,Normal,2Vehicles-Behind,12,Monday,15,False,False
201800006387,NonLethal,Daylight,Yes,NoIntersection,Normal,Other,7,Friday,17,False,False
201800038968,NonLethal,NightStreelightsOn,Yes,NoIntersection,Normal,2Vehicles-Side,10,Tuesday,22,False,False
201800036320,NonLethal,Daylight,Yes,NoIntersection,Normal,Other,2,Tuesday,10,False,False
201800020652,Lethal,Daylight,Yes,NoIntersection,LightRain,NoCollision,1,Monday,16,False,False
201800017811,NonLethal,Daylight,Yes,X-type,Normal,2Vehicles-Side,8,Friday,18,False,False
201800038851,NonLethal,Daylight,Yes,T-type,Normal,2Vehicles-Side,9,Saturday,14,True,False
201800036507,NonLethal,NightStreelightsOn,Yes,NoIntersection,Normal,NoCollision,11,Saturday,23,True,False
201800013372,NonLethal,Daylight,Yes,T-type,Normal,NoCollision,7,Sunday,10,True,False
201800031292,NonLethal,Daylight,No,NoIntersection,Normal,2Vehicles-Behind,7,Monday,15,False,False
201800022945,NonLethal,Daylight,Yes,NoIntersection,StrongWindOrStorm,2Vehicles-BehindVehicles-Frontal,1,Wednesday,17,False,False
201800018619,NonLethal,TwilightOrDawn,No,NoIntersection,SnowOrHail,2Vehicles-BehindVehicles-Frontal,2,Thursday,7,False,False
201800052781,NonLethal,Daylight,Yes,NoIntersection,Normal,Other,7,Tuesday,15,False,False
201800003823,NonLethal,Daylight,No,Roundabout,Normal,2Vehicles-Side,10,Tuesday,9,False,False
201800051349,NonLethal,Daylight,Yes,Y-type,Normal,Other,5,Wednesday,11,False,False
201800033449,NonLethal,NightStreelightsOn,Yes,NoIntersection,Normal,Other,3,Thursday,20,False,False
201800007468,NonLethal,Daylight,Yes,Other,Overcast,2Vehicles-Behind,11,Thursday,10,False,False
201800029456,NonLethal,Daylight,Yes,NoIntersection,LightRain,Other,1,Wednesday,13,False,False
201800054956,NonLethal,Daylight,Yes,Square,LightRain,Other,3,Saturday,10,True,False
201800038487,NonLethal,Daylight,Yes,NoIntersection,Normal,NoCollision,9,Tuesday,9,False,False
201800044298,NonLethal,Daylight,No,Other,Normal,2Vehicles-Side,10,Friday,8,False,False
201800006869,NonLethal,Daylight,No,NoIntersection,Normal,2Vehicles-Side,3,Friday,14,False,False
201800055500,NonLethal,NightStreelightsOn,Yes,NoIntersection,Normal,3+Vehicles-Chain,10,Sunday,23,True,False
201800020928,NonLethal,Daylight,Yes,X-type,Normal,2Vehicles-Side,6,Wednesday,11,False,False
201800031669,NonLethal,NightNoStreetLight,No,NoIntersection,Normal,3+Vehicles-Multiple,1,Wednesday,19,False,False
201800049421,NonLethal,Daylight,No,NoIntersection,Normal,3+Vehicles-Multiple,7,Thursday,9,False,False
201800023735,NonLethal,Daylight,Yes,X-type,Normal,NoCollision,2,Wednesday,17,False,False
201800020000,NonLethal,NightNoStreetLight,No,NoIntersection,LightRain,NoCollision,7,Tuesday,0,False,True
201800051118,NonLethal,NightStreelightsOn,Yes,X-type,Normal,2Vehicles-Side,6,Saturday,0,True,True
201800014613,NonLethal,Daylight,Yes,NoIntersection,VeryGood,NoCollision,8,Sunday,18,True,False
201800015755,NonLethal,NightNoStreetLight,No,NoIntersection,LightRain,Other,11,Thursday,3,False,True
201800010022,NonLethal,TwilightOrDawn,Yes,NoIntersection,Normal,2Vehicles-Behind,3,Sunday,6,True,True
201800049081,NonLethal,NightStreelightsOn,No,NoIntersection,Normal,2Vehicles-Behind,3,Monday,19,False,False
201800044028,NonLethal,Daylight,No,NoIntersection,Normal,NoCollision,6,Monday,15,False,False
201800049262,NonLethal,Daylight,No,NoIntersection,Normal,2Vehicles-Behind,2,Wednesday,13,False,False
201800040247,NonLethal,NightStreelightsOn,Yes,NoIntersection,Normal,3+Vehicles-Chain,11,Saturday,18,True,False
201800016460,Lethal,Daylight,Yes,NoIntersection,Normal,NoCollision,9,Sunday,18,True,False
201800023678,NonLethal,TwilightOrDawn,Yes,NoIntersection,Normal,Other,6,Saturday,4,True,True
201800026999,NonLethal,NightNoStreetLight,Yes,NoIntersection,Normal,3+Vehicles-Multiple,11,Tuesday,7,False,False
201800001526,NonLethal,Daylight,Yes,Roundabout,Normal,2Vehicles-Side,6,Saturday,14,True,False