AccidentId,Gravity,Light,InAgglomeration,IntersectionType,Weather,CollisionType,Month,DayOfWeek,HourOfDay,IsWeekend,IsNight
201800039984,NonLethal,TwilightOrDawn,Yes,NoIntersection,Normal,Other,7,Thursday,20,False,False
201800022392,NonLethal,Daylight,No,NoIntersection,LightRain,NoCollision,9,Wednesday,15,False,False
201800051431,NonLethal,NightStreelightsOn,Yes,NoIntersection,Overcast,Other,12,Saturday,18,True,False
201800023859,NonLethal,Daylight,Yes,NoIntersection,HeavyRain,2Vehicles-Side,2,Wednesday,12,False,False
201800008377,NonLethal,NightStreelightsOn,Yes,NoIntersection,Normal,Other,1,Saturday,18,True,False
201800035255,NonLethal,Daylight,Yes,NoIntersection,Normal,Other,2,Wednesday,21,False,False
201800001941,NonLethal,TwilightOrDawn,No,NoIntersection,Normal,NoCollision,7,Tuesday,5,False,True
201800010467,NonLethal,Daylight,No,NoIntersection,Normal,2Vehicles-Side,5,Sunday,17,True,False
201800046623,NonLethal,Daylight,No,NoIntersection,Normal,3+Vehicles-Chain,5,Saturday,12,True,False
201800041939,Lethal,NightNoStreetLight,Yes,NoIntersection,Normal,Other,1,Friday,7,False,False
201800025806,Lethal,Daylight,Yes,NoIntersection,Normal,Other,9,Saturday,12,True,False
201800002175,NonLethal,TwilightOrDawn,No,Roundabout,Normal,Other,11,Sunday,16,True,False
201800024370,NonLethal,Daylight,Yes,NoIntersection,Normal,3+Vehicles-Chain,7,Thursday,6,False,True
201800052688,NonLethal,NightStreelightsOn,Yes,NoIntersection,Normal,2Vehicles-Side,3,Tuesday,21,False,False
201800016692,NonLethal,Daylight,No,NoIntersection,Normal,Other,9,Saturday,11,True,False
201800008844,NonLethal,Daylight,Yes,NoIntersection,HeavyRain,2Vehicles-Behind,4,Thursday,8,False,False
201800027585,Lethal,Daylight,No,NoIntersection,HeavyRain,2Vehicles-BehindVehicles-Frontal,3,Thursday,20,False,False
201800028759,NonLethal,Daylight,Yes,Roundabout,Normal,2Vehicles-Side,11,Wednesday,13,False,False
201800057169,NonLethal,Daylight,No,NoIntersection,Normal,2Vehicles-Side,9,Monday,9,False,False
201800039683,NonLethal,Daylight,Yes,T-type,Normal,2Vehicles-Side,12,Monday,10,False,False
201800052564,NonLethal,Daylight,Yes,T-type,Normal,Other,10,Sunday,18,True,False
201800035094,NonLethal,Daylight,Yes,NoIntersection,Normal,2Vehicles-Side,7,Saturday,19,True,False
201800055421,NonLethal,Daylight,Yes,Y-type,Normal,2Vehicles-Side,5,Thursday,20,False,False
201800052213,NonLethal,Daylight,Yes,X-type,Normal,2Vehicles-Side,10,Friday,13,False,False
201800050948,NonLethal,Daylight,Yes,Square,Overcast,3+Vehicles-Multiple,11,Friday,9,False,False
201800031557,NonLethal,NightNoStreetLight,No,X-type,Normal,2Vehicles-Side,8,Saturday,23,True,False
201800021290,NonLethal,Daylight,Yes,T-type,Normal,2Vehicles-Side,5,Saturday,15,True,False
201800000526,NonLethal,Daylight,No,X-type,VeryGood,2Vehicles-Side,6,Saturday,10,True,False
201800051706,NonLethal,Daylight,Yes,Square,Normal,Other,4,Sunday,14,True,False
201800036191,NonLethal,Daylight,Yes,NoIntersection,Normal,3+Vehicles-Chain,9,Thursday,18,False,False
201800026858,NonLethal,Daylight,Yes,NoIntersection,Normal,2Vehicles-Side,7,Monday,19,False,False
201800026658,NonLethal,Daylight,Yes,X-type,Normal,NoCollision,3,Saturday,11,True,False
201800044268,NonLethal,NightNoStreetLight,No,NoIntersection,Normal,3+Vehicles-Chain,9,Sunday,1,True,True
201800027996,NonLethal,Daylight,Yes,NoIntersection,Normal,2Vehicles-Behind,4,Tuesday,19,False,False
201800011863,NonLethal,TwilightOrDawn,No,NoIntersection,FogOrSmoke,NoCollision,12,Tuesday,7,False,False
201800020049,NonLethal,Daylight,No,NoIntersection,Normal,Other,5,Sunday,13,True,False
201800016922,NonLethal,Daylight,Yes,Roundabout,Normal,Other,10,Sunday,15,True,False
201800027561,NonLethal,Daylight,Yes,NoIntersection,LightRain,Other,12,Sunday,18,True,False
201800007954,NonLethal,Daylight,Yes,NoIntersection,Normal,2Vehicles-Side,10,Sunday,12,True,False
201800038113,NonLethal,NightStreelightsOn,Yes,X-type,Normal,2Vehicles-Behind,6,Sunday,2,True,True
201800014907,NonLethal,Daylight,No,T-type,Overcast,2Vehicles-BehindVehicles-Frontal,1,Wednesday,17,False,False
201800000090,NonLethal,NightStreelightsOff,No,Roundabout,Normal,NoCollision,5,Wednesday,0,False,True
201800029972,NonLethal,TwilightOrDawn,Yes,NoIntersection,Normal,Other,1,Wednesday,16,False,False
201800012874,NonLethal,Daylight,No,X-type,HeavyRain,2Vehicles-Side,10,Wednesday,13,False,False
201800051585,NonLethal,NightStreelightsOn,Yes,T-type,LightRain,Other,11,Saturday,22,True,False
201800013390,NonLethal,Daylight,Yes,X-type,Normal,2Vehicles-Side,3,Tuesday,18,False,False
201800029028,Lethal,Daylight,No,T-type,Normal,2Vehicles-BehindVehicles-Frontal,8,Monday,19,False,False
201800009453,NonLethal,NightStreelightsOn,Yes,T-type,Normal,2Vehicles-Side,7,Monday,22,False,False
201800020554,NonLethal,NightStreelightsOn,Yes,NoIntersection,LightRain,Other,12,Friday,7,False,False
201800030129,NonLethal,Daylight,Yes,NoIntersection,VeryGood,Other,10,Tuesday,15,False,False
201800046630,NonLethal,NightStreelightsOn,Yes,NoIntersection,LightRain,2Vehicles-Behind,5,Monday,21,False,False
201800038874,NonLethal,Daylight,Yes,NoIntersection,Normal,2Vehicles-Side,12,Monday,15,False,False
201800040630,NonLethal,TwilightOrDawn,Yes,NoIntersection,Normal,2Vehicles-Side,11,Sunday,17,True,False
201800018838,Lethal,Daylight,Yes,NoIntersection,Normal,Other,4,Tuesday,15,False,False
201800009311,NonLethal,Daylight,Yes,NoIntersection,Normal,2Vehicles-BehindVehicles-Frontal,6,Thursday,15,False,False
201800000060,NonLethal,Daylight,Yes,X-type,VeryGood,Other,12,Monday,11,False,False
201800036778,NonLethal,Daylight,Yes,NoIntersection,Normal,3+Vehicles-Chain,6,Friday,9,False,False
201800050602,NonLethal,Daylight,Yes,X-type,Normal,2Vehicles-Side,9,Wednesday,17,False,False
201800056591,NonLethal,NightStreelightsOn,No,NoIntersection,Normal,2Vehicles-Side,3,Sunday,3,True,True
201800015474,NonLethal,TwilightOrDawn,No,Y-type,FogOrSmoke,3+Vehicles-Chain,8,Saturday,5,True,True
201800024417,NonLethal,NightStreelightsOn,Yes,Other,Normal,NoCollision,9,Thursday,22,False,False
201800043256,NonLethal,Daylight,Yes,Other,Normal,Other,9,Wednesday,8,False,False
201800021169,NonLethal,Daylight,No,X-type,Normal,2Vehicles-Side,5,Monday,21,False,False
201800033570,NonLethal,Daylight,Yes,Other,Normal,Other,10,Tuesday,15,False,False
201800037709,NonLethal,Daylight,Yes,NoIntersection,Normal,Other,6,Friday,17,False,False
201800047739,NonLethal,Daylight,Yes,NoIntersection,Normal,2Vehicles-Side,11,Saturday,9,True,False
201800049695,NonLethal,Daylight,No,NoIntersection,LightRain,NoCollision,2,Thursday,7,False,False
201800047664,NonLethal,Daylight,Yes,NoIntersection,Normal,2Vehicles-BehindVehicles-Frontal,4,Monday,12,False,False
201800001670,NonLethal,Daylight,No,Y-type,FogOrSmoke,2Vehicles-BehindVehicles-Frontal,8,Monday,8,False,False
201800010084,NonLethal,NightStreelightsOn,Yes,NoIntersection,Normal,2Vehicles-Behind,11,Sunday,17,True,False
201800017878,NonLethal,Daylight,No,NoIntersection,Normal,Other,5,Thursday,20,False,False
201800005549,NonLethal,TwilightOrDawn,Yes,NoIntersection,Normal,2Vehicles-BehindVehicles-Frontal,7,Sunday,17,True,False
201800018775,NonLethal,Daylight,Yes,NoIntersection,Normal,2Vehicles-Side,9,Friday,9,False,False
201800057142,NonLethal,Daylight,Yes,NoIntersection,Normal,Other,12,Friday,16,False,False
201800053914,NonLethal,NightStreelightsOn,Yes,T-type,Normal,NoCollision,10,Thursday,3,False,True
201800011632,NonLethal,Daylight,Yes,Roundabout,Normal,Other,6,Saturday,14,True,False
201800039199,NonLethal,NightStreelightsOn,Yes,X-type,Normal,2Vehicles-Side,7,Sunday,23,True,False
201800023431,NonLethal,NightStreelightsOn,Yes,Y-type,Normal,Other,7,Sunday,1,True,True
201800055785,NonLethal,Daylight,Yes,Other,VeryGood,2Vehicles-Side,6,Sunday,16,True,False
201800049134,NonLethal,Daylight,No,NoIntersection,Normal,3+Vehicles-Multiple,4,Friday,7,False,False
201800038987,NonLethal,Daylight,Yes,NoIntersection,Normal,2Vehicles-Side,2,Sunday,13,True,False
201800034254,NonLethal,Daylight,Yes,X-type,Normal,2Vehicles-Side,10,Thursday,8,False,False
201800051610,NonLethal,Daylight,Yes,NoIntersection,Normal,Other,11,Friday,10,False,False
201800044066,NonLethal,Daylight,No,NoIntersection,Normal,2Vehicles-Behind,6,Thursday,18,False,False
201800039239,NonLethal,Daylight,Yes,NoIntersection,LightRain,3+Vehicles-Multiple,4,Monday,12,False,False
201800022282,NonLethal,Daylight,Yes,Roundabout,Normal,2Vehicles-Behind,1,Tuesday,15,False,False
201800042415,NonLethal,NightStreelightsOn,Yes,NoIntersection,Normal,2Vehicles-Behind,12,Wednesday,20,False,False
201800000989,NonLethal,NightStreelightsOn,Yes,NoIntersection,HeavyRain,Other,12,Friday,17,False,False
201800005318,NonLethal,Daylight,No,NoIntersection,Normal,3+Vehicles-Chain,12,Monday,11,False,False
201800051181,NonLethal,Daylight,Yes,X-type,Normal,2Vehicles-Side,9,Tuesday,17,False,False
201800028989,NonLethal,TwilightOrDawn,Yes,NoIntersection,Normal,2Vehicles-Side,9,Sunday,7,True,False
201800011901,NonLethal,Daylight,No,NoIntersection,Normal,2Vehicles-BehindVehicles-Frontal,2,Wednesday,9,False,False
201800050896,NonLethal,Daylight,Yes,NoIntersection,Normal,2Vehicles-Side,6,Wednesday,12,False,False
201800009118,NonLethal,NightStreelightsOn,Yes,NoIntersection,Normal,2Vehicles-Behind,5,Sunday,0,True,True
201800026772,NonLethal,Daylight,Yes,NoIntersection,Normal,Other,4,Sunday,7,True,False
201800000750,NonLethal,Daylight,No,NoIntersection,Normal,NoCollision,4,Saturday,11,True,False
201800037168,NonLethal,NightStreelightsOn,Yes,Square,Normal,2Vehicles-Behind,8,Sunday,0,True,True
201800048325,NonLethal,Daylight,Yes,NoIntersection,Normal,2Vehicles-Behind,6,Thursday,12,False,False
201800019424,NonLethal,Daylight,Yes,NoIntersection,Normal,Other,10,Friday,16,False,False
201800018086,NonLethal,NightStreelightsOn,Yes,NoIntersection,Normal,Other,8,Wednesday,21,False,False
201800053794,NonLethal,Daylight,Yes,T-type,Normal,2Vehicles-Side,5,Thursday,8,False,False
201800029899,NonLethal,NightStreelightsOn,No,NoIntersection,Normal,Other,8,Monday,22,False,False
201800016371,NonLethal,NightNoStreetLight,No,NoIntersection,Normal,2Vehicles-BehindVehicles-Frontal,9,Sunday,1,True,True
201800000869,NonLethal,Daylight,Yes,NoIntersection,Normal,Other,6,Saturday,14,True,False
201800042683,NonLethal,Daylight,Yes,Other,Normal,2Vehicles-Side,7,Sunday,16,True,False
201800027780,NonLethal,Daylight,Yes,NoIntersection,Normal,2Vehicles-Side,10,Saturday,12,True,False
201800045565,NonLethal,Daylight,No,NoIntersection,Normal,3+Vehicles-Chain,12,Wednesday,14,False,False
201800002906,NonLethal,Daylight,No,X-type,Normal,3+Vehicles-Multiple,8,Monday,16,False,False
201800033521,NonLethal,Daylight,Yes,NoIntersection,Normal,2Vehicles-Side,8,Wednesday,8,False,False
201800019585,NonLethal,NightStreelightsOn,Yes,NoIntersection,Normal,Other,12,Saturday,7,True,False
201800007825,NonLethal,Daylight,No,NoIntersection,Overcast,2Vehicles-Behind,5,Thursday,9,False,False
201800029858,NonLethal,Daylight,Yes,X-type,Normal,2Vehicles-Side,12,Monday,10,False,False
201800043012,NonLethal,Daylight,Yes,NoIntersection,Normal,Other,6,Sunday,17,True,False
201800051506,NonLethal,Daylight,Yes,NoIntersection,Normal,Other,8,Monday,14,False,False
201800013397,NonLethal,Daylight,No,NoIntersection,Normal,NoCollision,10,Wednesday,13,False,False
201800031542,NonLethal,Daylight,Yes,T-type,Normal,2Vehicles-Side,11,Monday,12,False,False
201800038992,NonLethal,Daylight,Yes,NoIntersection,Normal,Other,2,Tuesday,17,False,False
201800036525,NonLethal,NightNoStreetLight,Yes,NoIntersection,Normal,2Vehicles-Behind,12,Friday,17,False,False
201800044055,NonLethal,Daylight,No,NoIntersection,Normal,3+Vehicles-Chain,6,Wednesday,19,False,False
201800020515,NonLethal,Daylight,No,NoIntersection,Normal,Other,11,Thursday,11,False,False
201800021978,NonLethal,Daylight,No,NoIntersection,Normal,2Vehicles-BehindVehicles-Frontal,8,Saturday,11,True,False
201800047950,NonLethal,Daylight,No,NoIntersection,Normal,3+Vehicles-Chain,7,Saturday,16,True,False
201800026438,NonLethal,Daylight,No,NoIntersection,Normal,3+Vehicles-Multiple,9,Monday,17,False,False
201800043821,NonLethal,Daylight,No,NoIntersection,Normal,2Vehicles-Behind,2,Friday,7,False,False
201800035090,NonLethal,Daylight,Yes,X-type,Normal,3+Vehicles-Multiple,7,Saturday,11,True,False
201800036701,NonLethal,Daylight,No,NoIntersection,Normal,NoCollision,3,Sunday,13,True,False
201800035308,NonLethal,Daylight,Yes,T-type,Normal,2Vehicles-Side,11,Thursday,8,False,False
201800006804,NonLethal,Daylight,Yes,NoIntersection,Normal,Other,8,Wednesday,19,False,False
201800022072,NonLethal,Daylight,Yes,Roundabout,Normal,2Vehicles-Side,6,Saturday,12,True,False
201800038070,NonLethal,TwilightOrDawn,Yes,X-type,LightRain,Other,1,Thursday,7,False,False
201800013325,NonLethal,Daylight,No,X-type,Normal,2Vehicles-Side,6,Monday,17,False,False
201800053384,NonLethal,Daylight,Yes,Square,Normal,Other,5,Wednesday,10,False,False
201800048651,NonLethal,NightStreelightsOn,Yes,NoIntersection,LightRain,Other,10,Monday,19,False,False
201800001193,NonLethal,NightNoStreetLight,No,NoIntersection,Normal,2Vehicles-Behind,2,Sunday,5,True,True
201800022470,NonLethal,NightNoStreetLight,Yes,NoIntersection,Normal,Other,3,Thursday,18,False,False
201800026969,NonLethal,Daylight,Yes,T-type,Normal,2Vehicles-Side,10,Friday,16,False,False
201800046950,NonLethal,Daylight,Yes,NoIntersection,Normal,2Vehicles-Behind,10,Wednesday,17,False,False
201800027242,NonLethal,Daylight,Yes,NoIntersection,Normal,Other,4,Friday,12,False,False
201800044980,NonLethal,Daylight,No,NoIntersection,Normal,2Vehicles-Behind,6,Thursday,19,False,False
201800057296,NonLethal,Daylight,Yes,NoIntersection,LightRain,2Vehicles-BehindVehicles-Frontal,3,Sunday,8,True,False
201800045651,NonLethal,Daylight,No,NoIntersection,Normal,Other,1,Wednesday,15,False,False
201800018146,NonLethal,Daylight,No,NoIntersection,Overcast,NoCollision,8,Sunday,18,True,False
201800000946,NonLethal,Daylight,Yes,NoIntersection,Normal,Other,5,Tuesday,18,False,False
201800019851,NonLethal,Daylight,Yes,Roundabout,Normal,2Vehicles-Side,5,Saturday,18,True,False
201800047551,NonLethal,Daylight,Yes,NoIntersection,Normal,2Vehicles-Side,6,Saturday,10,True,False
201800056146,Lethal,NightNoStreetLight,No,NoIntersection,Normal,2Vehicles-BehindVehicles-Frontal,10,Saturday,22,True,False
201800052232,NonLethal,NightStreelightsOn,Yes,T-type,Normal,2Vehicles-Side,11,Sunday,2,True,True
201800001572,NonLethal,Daylight,Yes,NoIntersection,Normal,Other,6,Thursday,7,False,False
201800001907,NonLethal,NightNoStreetLight,No,NoIntersection,Normal,Other,9,Friday,21,False,False
201800011568,NonLethal,TwilightOrDawn,Yes,Roundabout,Normal,Other,12,Monday,7,False,False
201800044810,NonLethal,Daylight,No,NoIntersection,Normal,Other,4,Tuesday,10,False,False
201800003944,Lethal,Daylight,No,X-type,Normal,2Vehicles-BehindVehicles-Frontal,11,Monday,19,False,False
201800043096,NonLethal,Daylight,Yes,T-type,Normal,2Vehicles-Side,8,Sunday,11,True,False
201800011389,NonLethal,Daylight,No,X-type,SnowOrHail,2Vehicles-Behind,9,Sunday,17,True,False
201800012219,NonLethal,NightNoStreetLight,No,NoIntersection,LightRain,Other,11,Sunday,17,True,False
201800024882,NonLethal,Daylight,Yes,X-type,Normal,2Vehicles-BehindVehicles-Frontal,8,Friday,17,False,False
201800006316,NonLethal,NightNoStreetLight,No,NoIntersection,Normal,3+Vehicles-Multiple,9,Friday,21,False,False
201800001774,NonLethal,NightStreelightsOn,Yes,NoIntersection,LightRain,2Vehicles-Behind,1,Tuesday,19,False,False
201800034638,NonLethal,Daylight,Yes,NoIntersection,Normal,Other,5,Saturday,18,True,False
201800016479,NonLethal,Daylight,No,NoIntersection,Normal,Other,8,Friday,11,False,False
201800011774,NonLethal,Daylight,No,NoIntersection,Normal,Other,5,Wednesday,17,False,False
201800034615,NonLethal,NightNoStreetLight,No,X-type,Normal,2Vehicles-BehindVehicles-Frontal,7,Sunday,23,True,False
201800051229,NonLethal,Daylight,Yes,T-type,Normal,2Vehicles-Side,12,Monday,10,False,False
201800040285,NonLethal,Daylight,Yes,X-type,Normal,Other,6,Sunday,8,True,False
201800016792,NonLethal,NightNoStreetLight,No,NoIntersection,Overcast,2Vehicles-BehindVehicles-Frontal,10,Sunday,19,True,False
201800035168,NonLethal,Daylight,Yes,NoIntersection,Normal,2Vehicles-Side,11,Friday,8,False,False
201800043842,NonLethal,Daylight,No,NoIntersection,Normal,Other,2,Monday,17,False,False
201800047668,NonLethal,NightStreelightsOn,Yes,T-type,LightRain,2Vehicles-Side,9,Thursday,19,False,False
201800018611,NonLethal,Daylight,No,X-type,Normal,2Vehicles-Side,1,Tuesday,11,False,False
201800050355,NonLethal,Daylight,Yes,Square,Overcast,2Vehicles-Side,1,Tuesday,15,False,False
201800045919,NonLethal,Daylight,No,NoIntersection,Normal,2Vehicles-Behind,6,Thursday,8,False,False
201800028032,NonLethal,Daylight,Yes,X-type,Normal,Other,6,Friday,18,False,False
201800007894,NonLethal,Daylight,No,NoIntersection,Normal,Other,2,Wednesday,8,False,False
201800017589,Lethal,Daylight,Yes,Other,Normal,Other,8,Monday,10,False,False
201800005743,NonLethal,NightStreelightsOn,Yes,NoIntersection,Normal,NoCollision,7,Monday,1,False,True
201800038390,NonLethal,NightStreelightsOn,No,NoIntersection,Normal,2Vehicles-Side,11,Friday,19,False,False
201800013356,NonLethal,Daylight,No,NoIntersection,VeryGood,2Vehicles-Behind,10,Monday,17,False,False
201800023536,NonLethal,NightNoStreetLight,No,NoIntersection,Normal,NoCollision,7,Monday,0,False,True
201800009596,NonLethal,Daylight,Yes,T-type,Normal,Other,8,Monday,15,False,False
201800041287,NonLethal,Daylight,Yes,X-type,Normal,Other,10,Tuesday,12,False,False
201800036254,NonLethal,TwilightOrDawn,Yes,T-type,Normal,2Vehicles-Side,5,Saturday,16,True,False
201800042731,NonLethal,Daylight,Yes,NoIntersection,LightRain,Other,1,Thursday,15,False,False
201800027504,NonLethal,Daylight,Yes,NoIntersection,Normal,2Vehicles-Behind,10,Monday,10,False,False
201800041558,NonLethal,Daylight,Yes,X-type,Normal,2Vehicles-Side,3,Friday,15,False,False
201800036746,NonLethal,Daylight,Yes,T-type,Normal,2Vehicles-Behind,10,Tuesday,13,False,False
201800044112,NonLethal,Daylight,No,NoIntersection,Normal,2Vehicles-Side,10,Sunday,8,True,False
201800009592,NonLethal,Daylight,Yes,NoIntersection,Normal,2Vehicles-Behind,8,Monday,10,False,False
201800003364,NonLethal,Daylight,No,NoIntersection,Overcast,3+Vehicles-Multiple,2,Monday,8,False,False
201800015795,NonLethal,Daylight,No,NoIntersection,Normal,Other,10,Tuesday,9,False,False
201800055681,NonLethal,TwilightOrDawn,Yes,NoIntersection,Normal,2Vehicles-Behind,11,Saturday,18,True,False
201800037841,NonLethal,Daylight,Yes,NoIntersection,Normal,2Vehicles-Side,8,Thursday,9,False,False
201800036904,NonLethal,Daylight,Yes,NoIntersection,Normal,Other,5,Sunday,13,True,False
201800011159,Lethal,Daylight,No,Other,Normal,NoCollision,2,Monday,9,False,False
201800010646,NonLethal,Daylight,No,NoIntersection,Normal,Other,4,Monday,18,False,False
201800017380,NonLethal,NightNoStreetLight,No,NoIntersection,LightRain,Other,1,Sunday,22,True,False
201800035852,NonLethal,NightStreelightsOn,Yes,X-type,LightRain,2Vehicles-Side,10,Tuesday,23,False,False
201800042927,NonLethal,Daylight,Yes,T-type,LightRain,2Vehicles-Side,10,Monday,13,False,False
201800024577,NonLethal,Daylight,Yes,NoIntersection,Normal,2Vehicles-Behind,5,Saturday,10,True,False
201800035633,NonLethal,Daylight,Yes,NoIntersection,Normal,2Vehicles-BehindVehicles-Frontal,11,Saturday,14,True,False
201800046062,NonLethal,Daylight,No,NoIntersection,Normal,2Vehicles-Behind,9,Sunday,17,True,False
201800010956,NonLethal,Daylight,No,Y-type,Normal,2Vehicles-BehindVehicles-Frontal,9,Wednesday,18,False,False
201800028903,NonLethal,Daylight,Yes,NoIntersection,Normal,2Vehicles-BehindVehicles-Frontal,3,Tuesday,10,False,False
201800021952,NonLethal,NightStreelightsOn,Yes,X-type,Normal,2Vehicles-BehindVehicles-Frontal,10,Wednesday,18,False,False
201800053163,NonLethal,NightStreelightsOn,Yes,X-type,Normal,2Vehicles-BehindVehicles-Frontal,10,Friday,7,False,False
201800050256,NonLethal,Daylight,Yes,NoIntersection,Normal,2Vehicles-Side,9,Wednesday,14,False,False
201800057225,NonLethal,Daylight,Yes,Other,VeryGood,2Vehicles-Side,10,Tuesday,8,False,False
201800020878,NonLethal,Daylight,Yes,Roundabout,Normal,2Vehicles-Side,9,Wednesday,17,False,False
201800015793,NonLethal,NightNoStreetLight,Yes,NoIntersection,Normal,Other,9,Thursday,3,False,True
201800018995,NonLethal,Daylight,Yes,NoIntersection,Normal,Other,4,Saturday,15,True,False
201800039112,NonLethal,TwilightOrDawn,Yes,NoIntersection,Normal,2Vehicles-Side,1,Wednesday,18,False,False
201800022127,NonLethal,TwilightOrDawn,Yes,NoIntersection,LightRain,Other,10,Sunday,6,True,True
201800056649,NonLethal,NightStreelightsOn,No,X-type,Normal,2Vehicles-Side,10,Wednesday,20,False,False
201800015771,NonLethal,NightNoStreetLight,Yes,NoIntersection,Normal,Other,10,Sunday,3,True,True
201800026379,NonLethal,Daylight,Yes,NoIntersection,Normal,Other,5,Monday,8,False,False
201800055160,NonLethal,NightStreelightsOn,Yes,T-type,Normal,Other,10,Saturday,19,True,False
201800041370,NonLethal,NightStreelightsOn,Yes,NoIntersection,Normal,Other,12,Thursday,17,False,False
201800008570,NonLethal,Daylight,Yes,Other,LightRain,2Vehicles-Behind,2,Wednesday,9,False,False
201800050957,NonLethal,NightStreelightsOn,Yes,X-type,LightRain,NoCollision,12,Sunday,1,True,True
201800056295,NonLethal,Daylight,Yes,NoIntersection,Normal,Other,3,Saturday,10,True,False
201800049271,NonLethal,Daylight,No,NoIntersection,Normal,2Vehicles-Side,5,Friday,14,False,False
201800021420,NonLethal,Daylight,Yes,NoIntersection,LightRain,3+Vehicles-Multiple,6,Monday,9,False,False
201800003150,Lethal,Daylight,No,NoIntersection,VeryGood,2Vehicles-Side,3,Tuesday,18,False,False
201800021276,NonLethal,Daylight,Yes,T-type,Normal,2Vehicles-Side,12,Monday,10,False,False
201800009344,NonLethal,Daylight,Yes,NoIntersection,Normal,NoCollision,11,Wednesday,13,False,False
201800052498,NonLethal,NightStreelightsOn,Yes,NoIntersection,Normal,2Vehicles-Behind,8,Sunday,0,True,True
201800049697,NonLethal,Daylight,No,NoIntersection,Normal,Other,2,Friday,13,False,False
201800011025,NonLethal,Daylight,No,NoIntersection,SnowOrHail,2Vehicles-Behind,2,Tuesday,12,False,False
201800026491,NonLethal,Daylight,Yes,NoIntersection,Normal,Other,11,Thursday,14,False,False
201800023429,NonLethal,Daylight,No,NoIntersection,Normal,NoCollision,5,Wednesday,17,False,False
201800038323,NonLethal,TwilightOrDawn,No,X-type,LightRain,2Vehicles-BehindVehicles-Frontal,10,Tuesday,19,False,False
201800017099,NonLethal,Daylight,No,NoIntersection,Normal,2Vehicles-BehindVehicles-Frontal,5,Wednesday,14,False,False
201800030913,NonLethal,Daylight,Yes,NoIntersection,Normal,2Vehicles-Side,10,Wednesday,10,False,False
201800054627,NonLethal,Daylight,Yes,X-type,LightRain,2Vehicles-Side,12,Monday,15,False,False
201800008999,NonLethal,Daylight,Yes,NoIntersection,Normal,Other,5,Tuesday,14,False,False
201800051151,NonLethal,Daylight,Yes,NoIntersection,Normal,2Vehicles-Behind,7,Thursday,15,False,False
201800023144,NonLethal,Daylight,Yes,NoIntersection,HeavyRain,Other,4,Saturday,20,True,False
201800056871,NonLethal,Daylight,Yes,NoIntersection,Normal,2Vehicles-Side,3,Thursday,18,False,False
201800050529,NonLethal,Daylight,Yes,X-type,Normal,2Vehicles-Side,2,Wednesday,13,False,False
201800022379,NonLethal,Daylight,Yes,NoIntersection,Normal,Other,7,Tuesday,19,False,False
201800022441,NonLethal,Daylight,No,X-type,Normal,2Vehicles-Side,8,Saturday,12,True,False
201800051732,NonLethal,Daylight,Yes,T-type,Normal,2Vehicles-Side,5,Friday,15,False,False
201800032761,NonLethal,TwilightOrDawn,No,NoIntersection,Normal,Other,11,Friday,18,False,False
201800009021,NonLethal,Daylight,Yes,NoIntersection,Normal,3+Vehicles-Multiple,5,Saturday,10,True,False
201800004625,NonLethal,Daylight,Yes,Other,VeryGood,Other,8,Friday,13,False,False
201800030312,NonLethal,Daylight,Yes,NoIntersection,LightRain,2Vehicles-BehindVehicles-Frontal,9,Wednesday,9,False,False
201800035352,NonLethal,Daylight,Yes,NoIntersection,Normal,2Vehicles-Behind,7,Tuesday,13,False,False
201800033640,NonLethal,NightStreelightsOn,No,NoIntersection,Normal,2Vehicles-BehindVehicles-Frontal,7,Monday,0,False,True
201800016450,Lethal,Daylight,No,NoIntersection,Normal,Other,6,Friday,15,False,False
201800011749,NonLethal,Daylight,Yes,NoIntersection,Normal,NoCollision,8,Friday,8,False,False
201800053282,NonLethal,Daylight,Yes,NoIntersection,Normal,2Vehicles-Behind,5,Thursday,8,False,False
201800033324,NonLethal,NightStreelightsOn,Yes,Y-type,Normal,Other,8,Friday,21,False,False
201800044239,NonLethal,NightNoStreetLight,No,NoIntersection,Normal,3+Vehicles-Chain,9,Monday,21,False,False
201800029228,NonLethal,Daylight,Yes,T-type,Normal,2Vehicles-Side,7,Tuesday,17,False,False
201800025758,NonLethal,Daylight,Yes,Roundabout,Normal,2Vehicles-BehindVehicles-Frontal,10,Saturday,19,True,False
201800028058,NonLethal,NightStreelightsOn,Yes,NoIntersection,Normal,Other,7,Saturday,1,True,True
201800009035,NonLethal,Daylight,Yes,NoIntersection,LightRain,2Vehicles-Side,5,Tuesday,15,False,False
201800052927,NonLethal,Daylight,Yes,NoIntersection,Normal,2Vehicles-Behind,1,Monday,14,False,False
201800050137,NonLethal,NightNoStreetLight,No,NoIntersection,Normal,2Vehicles-Behind,11,Wednesday,19,False,False
201800007600,NonLethal,Daylight,Yes,NoIntersection,Normal,NoCollision,4,Thursday,17,False,False
201800043732,NonLethal,Daylight,Yes,NoIntersection,LightRain,2Vehicles-BehindVehicles-Frontal,6,Sunday,11,True,False
201800040535,NonLethal,Daylight,Yes,Other,Normal,2Vehicles-BehindVehicles-Frontal,7,Wednesday,14,False,False
201800043168,NonLethal,TwilightOrDawn,Yes,NoIntersection,Normal,Other,12,Friday,16,False,False
201800027450,NonLethal,Daylight,Yes,NoIntersection,Normal,Other,9,Thursday,19,False,False
201800056311,NonLethal,Daylight,Yes,NoIntersection,Normal,2Vehicles-Side,7,Friday,15,False,False