AccidentId,Gravity,Light,InAgglomeration,IntersectionType,Weather,CollisionType,Month,DayOfWeek,HourOfDay,IsWeekend,IsNight
201800032392,NonLethal,Daylight,Yes,Y-type,Normal,2Vehicles-Side,12,Monday,14,False,False
201800039746,NonLethal,Daylight,Yes,X-type,Normal,2Vehicles-Side,10,Monday,17,False,False
201800021462,NonLethal,NightStreelightsOn,Yes,NoIntersection,Normal,Other,12,Sunday,19,True,False
201800003460,Lethal,Daylight,Yes,NoIntersection,Normal,2Vehicles-Behind,8,Friday,8,False,False
201800039272,NonLethal,Daylight,Yes,X-type,Normal,Other,7,Sunday,17,True,False
201800026275,NonLethal,Daylight,No,NoIntersection,Normal,2Vehicles-BehindVehicles-Frontal,1,Wednesday,16,False,False
201800049408,NonLethal,Daylight,No,NoIntersection,Normal,3+Vehicles-Chain,7,Friday,16,False,False
201800038781,NonLethal,Daylight,Yes,T-type,Normal,2Vehicles-Behind,10,Saturday,11,True,False
201800049196,NonLethal,Daylight,No,NoIntersection,Normal,3+Vehicles-Chain,4,Tuesday,8,False,False
201800012801,NonLethal,Daylight,No,NoIntersection,HeavyRain,2Vehicles-BehindVehicles-Frontal,5,Tuesday,13,False,False
201800005166,NonLethal,Daylight,Yes,NoIntersection,Normal,3+Vehicles-Chain,9,Monday,8,False,False
201800030277,NonLethal,Daylight,Yes,Y-type,Normal,Other,4,Tuesday,14,False,False
201800005542,NonLethal,Daylight,Yes,Other,Normal,Other,12,Saturday,13,True,False
201800031136,NonLethal,Daylight,No,Other,Normal,2Vehicles-Behind,10,Tuesday,17,False,False
201800019318,NonLethal,Daylight,No,LevelCrossing,Normal,2Vehicles-BehindVehicles-Frontal,7,Tuesday,14,False,False
201800045372,NonLethal,Daylight,No,NoIntersection,Normal,2Vehicles-Behind,10,Friday,10,False,False
201800022468,Lethal,NightNoStreetLight,Yes,Roundabout,Normal,Other,3,Friday,20,False,False
201800018402,NonLethal,TwilightOrDawn,Yes,NoIntersection,LightRain,Other,2,Saturday,17,True,False
201800003253,NonLethal,Daylight,Yes,NoIntersection,Normal,Other,5,Sunday,10,True,False
201800033954,NonLethal,Daylight,No,NoIntersection,LightRain,2Vehicles-Side,2,Tuesday,15,False,False
201800007438,NonLethal,Daylight,Yes,Other,Normal,2Vehicles-Side,9,Saturday,11,True,False
201800054756,NonLethal,Daylight,Yes,X-type,Normal,Other,1,Sunday,11,True,False
201800034340,NonLethal,Daylight,Yes,NoIntersection,Normal,2Vehicles-BehindVehicles-Frontal,8,Saturday,15,True,False
201800004558,NonLethal,NightStreelightsOn,Yes,Other,Normal,2Vehicles-Side,1,Monday,6,False,True
201800048087,NonLethal,Daylight,Yes,T-type,Normal,2Vehicles-Side,2,Tuesday,12,False,False
201800018391,NonLethal,NightNoStreetLight,No,NoIntersection,Normal,Other,8,Friday,23,False,False
201800032793,NonLethal,Daylight,No,NoIntersection,Normal,Other,9,Wednesday,18,False,False
201800050722,NonLethal,NightStreelightsOn,Yes,X-type,Normal,Other,9,Sunday,0,True,True
201800036275,NonLethal,NightStreelightsOn,Yes,NoIntersection,LightRain,2Vehicles-BehindVehicles-Frontal,2,Saturday,22,True,False
201800029457,NonLethal,Daylight,Yes,X-type,Normal,2Vehicles-Side,2,Sunday,13,True,False
201800044504,NonLethal,NightNoStreetLight,No,NoIntersection,Normal,2Vehicles-Behind,6,Friday,5,False,True
201800042968,NonLethal,Daylight,Yes,NoIntersection,Normal,Other,2,Saturday,17,True,False
201800045816,NonLethal,NightStreelightsOn,Yes,NoIntersection,LightRain,2Vehicles-Side,12,Tuesday,17,False,False
201800033677,Lethal,Daylight,Yes,T-type,Normal,Other,6,Friday,10,False,False
201800027930,NonLethal,Daylight,Yes,NoIntersection,LightRain,Other,10,Monday,13,False,False
201800018026,Lethal,Daylight,No,NoIntersection,Normal,Other,2,Friday,12,False,False
201800002285,NonLethal,Daylight,No,NoIntersection,Normal,Other,8,Wednesday,15,False,False
201800023723,NonLethal,Daylight,No,X-type,Normal,3+Vehicles-Multiple,3,Wednesday,18,False,False
201800028726,NonLethal,Daylight,No,Y-type,Normal,Other,5,Tuesday,15,False,False
201800041082,NonLethal,Daylight,Yes,NoIntersection,Normal,Other,1,Tuesday,9,False,False
201800025775,NonLethal,TwilightOrDawn,Yes,NoIntersection,Normal,2Vehicles-BehindVehicles-Frontal,12,Sunday,6,True,True
201800038808,NonLethal,Daylight,Yes,X-type,Normal,2Vehicles-Side,4,Tuesday,19,False,False
201800000549,NonLethal,TwilightOrDawn,No,NoIntersection,Normal,Other,10,Tuesday,20,False,False
201800049333,NonLethal,TwilightOrDawn,No,Other,Normal,2Vehicles-Behind,1,Thursday,7,False,False
201800045686,NonLethal,Daylight,No,NoIntersection,LightRain,NoCollision,1,Tuesday,10,False,False
201800029048,NonLethal,Daylight,Yes,NoIntersection,Normal,Other,2,Monday,11,False,False
201800021643,Lethal,Daylight,Yes,Square,Normal,2Vehicles-Side,7,Tuesday,14,False,False
201800048810,NonLethal,TwilightOrDawn,No,NoIntersection,Normal,2Vehicles-Behind,1,Thursday,8,False,False
201800017402,NonLethal,TwilightOrDawn,Yes,X-type,LightRain,2Vehicles-Side,2,Saturday,17,True,False
201800001423,Lethal,Daylight,No,NoIntersection,Normal,NoCollision,7,Saturday,19,True,False
201800042580,NonLethal,Daylight,Yes,Other,VeryGood,Other,9,Monday,18,False,False
201800006423,NonLethal,Daylight,No,NoIntersection,Normal,3+Vehicles-Chain,6,Sunday,9,True,False
201800023902,NonLethal,Daylight,Yes,Roundabout,Normal,Other,4,Tuesday,17,False,False
201800015837,Lethal,NightStreelightsOn,Yes,Other,Normal,2Vehicles-BehindVehicles-Frontal,11,Tuesday,19,False,False
201800055016,NonLethal,Daylight,Yes,T-type,Normal,Other,5,Sunday,13,True,False
201800009233,NonLethal,Daylight,Yes,NoIntersection,Normal,2Vehicles-Behind,6,Tuesday,9,False,False
201800012829,NonLethal,TwilightOrDawn,No,NoIntersection,SnowOrHail,2Vehicles-BehindVehicles-Frontal,2,Wednesday,7,False,False
201800052804,NonLethal,Daylight,Yes,Square,LightRain,2Vehicles-Side,8,Wednesday,14,False,False
201800030243,NonLethal,NightNoStreetLight,Yes,NoIntersection,Normal,2Vehicles-Side,8,Thursday,1,False,True
201800030919,NonLethal,TwilightOrDawn,Yes,NoIntersection,Normal,Other,10,Thursday,7,False,False
201800009103,NonLethal,Daylight,Yes,NoIntersection,Normal,2Vehicles-Side,2,Tuesday,11,False,False
201800037852,NonLethal,Daylight,Yes,NoIntersection,LightRain,Other,10,Wednesday,8,False,False
201800055041,NonLethal,Daylight,Yes,T-type,Normal,Other,6,Saturday,13,True,False
201800041005,NonLethal,Daylight,Yes,NoIntersection,Normal,2Vehicles-Side,1,Monday,14,False,False
201800040194,NonLethal,Daylight,Yes,NoIntersection,Normal,3+Vehicles-Chain,5,Wednesday,15,False,False
201800046749,NonLethal,Daylight,No,NoIntersection,Normal,3+Vehicles-Chain,8,Tuesday,16,False,False
201800016629,NonLethal,Daylight,No,X-type,Normal,2Vehicles-Side,6,Friday,10,False,False
201800026818,NonLethal,Daylight,Yes,NoIntersection,Normal,2Vehicles-Behind,5,Monday,12,False,False
201800023668,NonLethal,NightNoStreetLight,No,NoIntersection,LightRain,Other,1,Monday,18,False,False
201800014937,NonLethal,Daylight,Yes,NoIntersection,Normal,Other,9,Sunday,17,True,False
201800026205,NonLethal,Daylight,Yes,NoIntersection,Normal,Other,10,Wednesday,11,False,False
201800033481,NonLethal,Daylight,No,Roundabout,LightRain,2Vehicles-Behind,5,Wednesday,12,False,False
201800008961,NonLethal,Daylight,Yes,NoIntersection,Normal,Other,5,Saturday,16,True,False
201800014083,NonLethal,Daylight,No,NoIntersection,Normal,2Vehicles-Side,7,Friday,16,False,False
201800046825,NonLethal,Daylight,No,NoIntersection,LightRain,Other,8,Monday,10,False,False
201800028170,NonLethal,Daylight,Yes,X-type,Normal,2Vehicles-Side,11,Tuesday,10,False,False
201800051068,NonLethal,Daylight,Yes,X-type,Normal,2Vehicles-Behind,5,Thursday,14,False,False
201800030286,NonLethal,Daylight,Yes,X-type,Overcast,2Vehicles-Side,8,Wednesday,9,False,False
201800045950,NonLethal,Daylight,No,NoIntersection,Normal,3+Vehicles-Chain,6,Monday,8,False,False
201800033144,NonLethal,Daylight,Yes,NoIntersection,Normal,Other,5,Tuesday,11,False,False
201800040027,NonLethal,Daylight,Yes,NoIntersection,Overcast,Other,4,Thursday,16,False,False
201800049571,NonLethal,Daylight,No,NoIntersection,Normal,2Vehicles-Behind,6,Wednesday,16,False,False
201800042339,NonLethal,Daylight,Yes,Y-type,Normal,NoCollision,8,Wednesday,19,False,False
201800013731,Lethal,Daylight,No,NoIntersection,Normal,3+Vehicles-Multiple,9,Sunday,17,True,False
201800016104,NonLethal,TwilightOrDawn,No,NoIntersection,FogOrSmoke,2Vehicles-Side,8,Sunday,5,True,True
201800029551,NonLethal,Daylight,No,Roundabout,Normal,2Vehicles-Side,7,Saturday,21,True,False
201800040753,NonLethal,Daylight,Yes,NoIntersection,Normal,Other,5,Tuesday,8,False,False
201800054525,NonLethal,Daylight,Yes,T-type,Normal,Other,8,Thursday,14,False,False
201800019953,NonLethal,Daylight,No,NoIntersection,Normal,2Vehicles-Behind,10,Thursday,14,False,False
201800020257,NonLethal,NightStreelightsOn,Yes,X-type,Normal,2Vehicles-Side,9,Sunday,1,True,True
201800048268,NonLethal,Daylight,Yes,X-type,Normal,2Vehicles-BehindVehicles-Frontal,5,Wednesday,17,False,False
201800036259,NonLethal,Daylight,Yes,NoIntersection,Normal,Other,12,Friday,11,False,False
201800053886,NonLethal,Daylight,Yes,X-type,Normal,Other,9,Thursday,18,False,False
201800025267,NonLethal,Daylight,Yes,NoIntersection,Normal,NoCollision,3,Tuesday,14,False,False
201800040179,NonLethal,Daylight,Yes,NoIntersection,LightRain,2Vehicles-Behind,3,Friday,12,False,False
201800032342,NonLethal,NightStreelightsOn,Yes,NoIntersection,LightRain,2Vehicles-Side,1,Tuesday,20,False,False
201800053941,NonLethal,Daylight,Yes,T-type,Normal,Other,11,Thursday,8,False,False
201800044097,NonLethal,Daylight,No,NoIntersection,Normal,3+Vehicles-Multiple,7,Wednesday,9,False,False
201800022266,NonLethal,Daylight,No,NoIntersection,LightRain,2Vehicles-Behind,4,Sunday,16,True,False
201800040199,NonLethal,Daylight,Yes,NoIntersection,Normal,Other,6,Thursday,21,False,False
201800056595,NonLethal,NightStreelightsOn,Yes,NoIntersection,Normal,2Vehicles-Side,3,Saturday,0,True,True
201800041785,NonLethal,NightStreelightsOn,Yes,T-type,Normal,2Vehicles-Side,8,Monday,21,False,False
201800045297,NonLethal,TwilightOrDawn,No,NoIntersection,Normal,2Vehicles-Behind,7,Tuesday,19,False,False
201800032785,Lethal,NightNoStreetLight,Yes,NoIntersection,Normal,Other,12,Saturday,4,True,True
201800036411,NonLethal,Daylight,Yes,X-type,Normal,2Vehicles-BehindVehicles-Frontal,3,Tuesday,16,False,False
201800052408,NonLethal,Daylight,Yes,Y-type,Overcast,NoCollision,4,Sunday,9,True,False
201800030115,NonLethal,Daylight,Yes,NoIntersection,Normal,2Vehicles-Side,1,Monday,11,False,False
201800020439,Lethal,NightNoStreetLight,No,NoIntersection,Normal,2Vehicles-Behind,12,Friday,23,False,False
201800006731,NonLethal,Daylight,No,NoIntersection,Normal,2Vehicles-Behind,9,Wednesday,15,False,False
201800030162,NonLethal,Daylight,Yes,NoIntersection,VeryGood,2Vehicles-Side,8,Saturday,10,True,False
201800033158,NonLethal,Daylight,Yes,NoIntersection,Normal,2Vehicles-Side,9,Saturday,14,True,False
201800012685,NonLethal,NightStreelightsOn,Yes,X-type,Normal,2Vehicles-Side,1,Saturday,18,True,False
201800056760,NonLethal,Daylight,No,NoIntersection,Normal,3+Vehicles-Chain,3,Monday,8,False,False
201800034154,NonLethal,Daylight,No,T-type,Normal,3+Vehicles-Chain,6,Tuesday,16,False,False
201800015391,NonLethal,Daylight,No,NoIntersection,Normal,2Vehicles-BehindVehicles-Frontal,9,Sunday,16,True,False
201800027908,NonLethal,NightStreelightsOn,Yes,NoIntersection,LightRain,Other,1,Wednesday,7,False,False
201800024043,NonLethal,Daylight,Yes,T-type,Normal,Other,11,Wednesday,15,False,False
201800030320,NonLethal,Daylight,Yes,X-type,Normal,2Vehicles-Side,10,Sunday,13,True,False
201800014179,NonLethal,Daylight,No,NoIntersection,Normal,2Vehicles-BehindVehicles-Frontal,6,Sunday,17,True,False
201800012267,NonLethal,Daylight,No,NoIntersection,Normal,Other,5,Friday,20,False,False
201800032968,NonLethal,NightNoStreetLight,No,NoIntersection,Normal,Other,1,Friday,4,False,True
201800002011,NonLethal,Daylight,No,NoIntersection,Normal,2Vehicles-Behind,1,Friday,8,False,False
201800010037,NonLethal,Daylight,Yes,NoIntersection,LightRain,2Vehicles-Behind,11,Monday,15,False,False
201800031385,NonLethal,Daylight,Yes,NoIntersection,Normal,Other,12,Friday,15,False,False
201800047688,NonLethal,NightStreelightsOn,Yes,NoIntersection,Normal,2Vehicles-BehindVehicles-Frontal,9,Sunday,20,True,False
201800050935,NonLethal,NightStreelightsOn,Yes,MoreThan4Branches,LightRain,2Vehicles-Behind,11,Saturday,23,True,False
201800035545,NonLethal,Daylight,Yes,NoIntersection,Overcast,Other,5,Monday,16,False,False
201800045040,Lethal,Daylight,No,NoIntersection,Normal,2Vehicles-Behind,7,Tuesday,10,False,False
201800000014,NonLethal,Daylight,Yes,NoIntersection,Normal,Other,7,Thursday,10,False,False
201800042462,NonLethal,Daylight,Yes,T-type,Normal,Other,8,Monday,14,False,False
201800005400,NonLethal,Daylight,Yes,NoIntersection,Normal,2Vehicles-Behind,4,Friday,18,False,False
201800054889,Lethal,NightStreelightsOn,Yes,X-type,Normal,Other,6,Friday,22,False,False
201800004376,NonLethal,Daylight,No,NoIntersection,Normal,2Vehicles-Behind,4,Friday,12,False,False
201800052680,NonLethal,Daylight,Yes,Y-type,Normal,2Vehicles-Side,3,Monday,9,False,False
201800018322,NonLethal,Daylight,No,NoIntersection,Normal,Other,6,Friday,16,False,False
201800005042,NonLethal,Daylight,Yes,NoIntersection,Normal,2Vehicles-Side,5,Thursday,13,False,False
201800057582,NonLethal,TwilightOrDawn,Yes,Other,Normal,2Vehicles-Behind,3,Wednesday,18,False,False
201800029784,NonLethal,Daylight,Yes,Y-type,Normal,2Vehicles-Side,11,Friday,18,False,False
201800007008,NonLethal,Daylight,No,NoIntersection,Normal,2Vehicles-Behind,3,Saturday,14,True,False
201800014134,NonLethal,Daylight,Yes,NoIntersection,LightRain,2Vehicles-Side,5,Friday,18,False,False
201800007808,NonLethal,Daylight,Yes,Y-type,Normal,Other,5,Friday,12,False,False
201800022293,NonLethal,NightStreelightsOn,Yes,NoIntersection,HeavyRain,2Vehicles-Side,1,Monday,8,False,False
201800020388,NonLethal,NightNoStreetLight,No,NoIntersection,Normal,NoCollision,5,Sunday,2,True,True
201800046558,NonLethal,Daylight,No,NoIntersection,Normal,2Vehicles-Behind,5,Wednesday,13,False,False
201800039228,NonLethal,NightStreelightsOn,Yes,NoIntersection,LightRain,2Vehicles-Side,2,Monday,21,False,False
201800034667,NonLethal,NightNoStreetLight,No,NoIntersection,LightRain,Other,1,Thursday,0,False,True
201800030887,NonLethal,Daylight,Yes,Roundabout,Normal,2Vehicles-Side,9,Saturday,11,True,False
201800020010,NonLethal,Daylight,Yes,NoIntersection,Normal,Other,10,Friday,18,False,False
201800050266,NonLethal,Daylight,Yes,Y-type,Normal,2Vehicles-Side,5,Monday,15,False,False
201800032379,NonLethal,TwilightOrDawn,Yes,T-type,Normal,2Vehicles-Side,2,Monday,18,False,False
201800008211,NonLethal,Daylight,Yes,NoIntersection,Normal,2Vehicles-Side,6,Monday,10,False,False
201800057522,NonLethal,Daylight,No,Roundabout,Normal,2Vehicles-Behind,7,Tuesday,11,False,False
201800033382,NonLethal,NightStreelightsOn,Yes,Roundabout,Normal,2Vehicles-Side,6,Thursday,23,False,False
201800035643,NonLethal,TwilightOrDawn,Yes,T-type,Normal,2Vehicles-Side,1,Friday,17,False,False
201800013697,NonLethal,Daylight,No,NoIntersection,Normal,NoCollision,8,Sunday,16,True,False
201800021166,Lethal,NightNoStreetLight,Yes,NoIntersection,Other,Other,5,Thursday,5,False,True
201800033056,NonLethal,NightStreelightsOn,Yes,X-type,LightRain,2Vehicles-Side,12,Wednesday,19,False,False
201800002813,NonLethal,Daylight,Yes,NoIntersection,LightRain,2Vehicles-Side,10,Monday,17,False,False
201800040508,NonLethal,Daylight,Yes,T-type,Normal,2Vehicles-Side,10,Wednesday,18,False,False
201800007332,NonLethal,Daylight,Yes,X-type,HeavyRain,3+Vehicles-Chain,5,Tuesday,8,False,False
201800057283,NonLethal,Daylight,Yes,NoIntersection,Normal,Other,12,Saturday,16,True,False
201800032389,NonLethal,NightStreelightsOn,Yes,T-type,LightRain,2Vehicles-Side,9,Monday,23,False,False
201800045279,NonLethal,NightNoStreetLight,No,NoIntersection,Normal,3+Vehicles-Chain,6,Sunday,1,True,True
201800008433,NonLethal,Daylight,Yes,NoIntersection,Normal,2Vehicles-Behind,1,Wednesday,15,False,False
201800051574,NonLethal,Daylight,Yes,MoreThan4Branches,Normal,2Vehicles-Side,9,Wednesday,16,False,False
201800047115,NonLethal,NightNoStreetLight,No,NoIntersection,Normal,NoCollision,12,Tuesday,20,False,False
201800045328,NonLethal,NightNoStreetLight,No,NoIntersection,Normal,3+Vehicles-Multiple,10,Sunday,21,True,False
201800052088,NonLethal,Daylight,Yes,NoIntersection,Normal,Other,7,Monday,15,False,False
201800026516,NonLethal,Daylight,Yes,X-type,LightRain,2Vehicles-Side,1,Thursday,8,False,False
201800055084,NonLethal,NightStreelightsOn,Yes,NoIntersection,Normal,Other,7,Monday,3,False,True
201800020418,Lethal,Daylight,No,NoIntersection,Normal,3+Vehicles-Multiple,10,Monday,20,False,False
201800027664,NonLethal,NightStreelightsOn,Yes,T-type,Normal,2Vehicles-Side,4,Sunday,18,True,False
201800029580,NonLethal,Daylight,Yes,NoIntersection,Normal,Other,7,Monday,18,False,False
201800045782,NonLethal,NightNoStreetLight,No,NoIntersection,Normal,Other,3,Tuesday,23,False,False
201800003992,NonLethal,Daylight,Yes,T-type,Overcast,2Vehicles-Side,10,Monday,11,False,False
201800020354,NonLethal,Daylight,No,NoIntersection,Normal,Other,8,Friday,10,False,False
201800020514,NonLethal,NightStreelightsOn,Yes,NoIntersection,LightRain,2Vehicles-BehindVehicles-Frontal,11,Thursday,20,False,False
201800027320,NonLethal,TwilightOrDawn,Yes,X-type,Normal,2Vehicles-Side,5,Sunday,20,True,False
201800019621,NonLethal,Daylight,Yes,NoIntersection,Normal,2Vehicles-Side,3,Saturday,14,True,False
201800042011,NonLethal,NightStreelightsOn,Yes,NoIntersection,Normal,3+Vehicles-Multiple,6,Friday,23,False,False
201800009251,NonLethal,Daylight,Yes,NoIntersection,LightRain,2Vehicles-Behind,6,Thursday,12,False,False
201800002692,NonLethal,Daylight,Yes,NoIntersection,Normal,Other,5,Tuesday,8,False,False
201800022616,NonLethal,TwilightOrDawn,Yes,NoIntersection,Normal,2Vehicles-Side,1,Wednesday,7,False,False
201800044281,NonLethal,Daylight,No,Other,Normal,Other,10,Thursday,13,False,False
201800041891,NonLethal,TwilightOrDawn,Yes,NoIntersection,Normal,Other,10,Tuesday,20,False,False
201800018736,NonLethal,Daylight,Yes,NoIntersection,Normal,2Vehicles-BehindVehicles-Frontal,5,Saturday,19,True,False
201800009012,NonLethal,Daylight,Yes,T-type,Normal,Other,5,Thursday,9,False,False
201800019369,NonLethal,Daylight,Yes,NoIntersection,Normal,Other,11,Saturday,12,True,False
201800021232,NonLethal,NightStreelightsOn,Yes,NoIntersection,Normal,Other,3,Friday,20,False,False
201800008906,NonLethal,Daylight,Yes,T-type,Normal,Other,4,Wednesday,9,False,False
201800053740,NonLethal,Daylight,Yes,Y-type,Normal,2Vehicles-Side,3,Thursday,11,False,False
201800042153,NonLethal,Daylight,Yes,NoIntersection,VeryGood,Other,11,Sunday,8,True,False
201800003065,Lethal,Daylight,No,NoIntersection,Normal,2Vehicles-BehindVehicles-Frontal,10,Friday,17,False,False
201800013281,NonLethal,NightNoStreetLight,No,NoIntersection,HeavyRain,Other,12,Sunday,21,True,False
201800023905,NonLethal,Daylight,Yes,X-type,Normal,Other,4,Thursday,9,False,False
201800030750,NonLethal,Daylight,Yes,NoIntersection,Normal,2Vehicles-Behind,2,Friday,10,False,False
201800005636,NonLethal,TwilightOrDawn,No,NoIntersection,LightRain,2Vehicles-BehindVehicles-Frontal,4,Monday,18,False,False
201800047735,Lethal,Daylight,Yes,NoIntersection,Normal,Other,9,Monday,18,False,False
201800032656,NonLethal,Daylight,Yes,NoIntersection,Overcast,2Vehicles-BehindVehicles-Frontal,11,Friday,15,False,False
201800046774,NonLethal,Daylight,No,NoIntersection,Normal,2Vehicles-Behind,7,Thursday,9,False,False
201800017850,NonLethal,NightNoStreetLight,Yes,NoIntersection,Normal,Other,7,Friday,0,False,True
201800048555,NonLethal,Daylight,No,NoIntersection,Normal,2Vehicles-Side,9,Thursday,14,False,False
201800032454,NonLethal,Daylight,Yes,Other,Normal,Other,5,Friday,14,False,False
201800043538,NonLethal,Daylight,Yes,NoIntersection,HeavyRain,2Vehicles-Side,4,Monday,16,False,False
201800013937,NonLethal,Daylight,No,NoIntersection,Normal,Other,4,Wednesday,8,False,False
201800031031,NonLethal,Daylight,Yes,NoIntersection,Normal,2Vehicles-Behind,4,Sunday,10,True,False
201800041594,NonLethal,NightStreelightsOn,Yes,NoIntersection,Normal,Other,9,Monday,0,False,True
201800002933,NonLethal,Daylight,No,Roundabout,Normal,Other,8,Monday,11,False,False
201800033308,NonLethal,Daylight,Yes,NoIntersection,Normal,2Vehicles-BehindVehicles-Frontal,6,Tuesday,8,False,False
201800020610,NonLethal,Daylight,Yes,T-type,Normal,2Vehicles-Side,7,Monday,17,False,False
201800051701,NonLethal,TwilightOrDawn,Yes,Y-type,Normal,2Vehicles-Side,4,Monday,19,False,False
201800056032,NonLethal,Daylight,Yes,T-type,Normal,2Vehicles-Side,7,Sunday,11,True,False
201800047179,NonLethal,Daylight,Yes,Roundabout,FogOrSmoke,Other,3,Thursday,12,False,False
201800031495,NonLethal,Daylight,No,Other,Normal,2Vehicles-Side,5,Tuesday,12,False,False
201800027700,NonLethal,NightStreelightsOn,Yes,NoIntersection,Normal,Other,10,Wednesday,1,False,True
201800017277,NonLethal,Daylight,No,Y-type,Normal,2Vehicles-Side,9,Sunday,11,True,False
201800008389,NonLethal,Daylight,Yes,X-type,Overcast,2Vehicles-Behind,1,Wednesday,9,False,False
201800056300,NonLethal,NightStreelightsOn,Yes,T-type,Normal,3+Vehicles-Multiple,5,Saturday,20,True,False
201800003274,NonLethal,Daylight,No,NoIntersection,Normal,Other,5,Sunday,10,True,False
201800057753,NonLethal,NightNoStreetLight,Yes,NoIntersection,Normal,Other,4,Wednesday,20,False,False
201800011690,NonLethal,Daylight,No,NoIntersection,Normal,NoCollision,7,Tuesday,13,False,False
201800024026,NonLethal,Daylight,Yes,X-type,Normal,2Vehicles-Side,10,Tuesday,10,False,False
201800010986,NonLethal,NightNoStreetLight,Yes,NoIntersection,HeavyRain,Other,3,Friday,21,False,False
201800008187,NonLethal,NightStreelightsOn,Yes,NoIntersection,Normal,2Vehicles-BehindVehicles-Frontal,9,Thursday,20,False,False
201800002799,NonLethal,Daylight,Yes,X-type,Normal,2Vehicles-Side,4,Friday,12,False,False
201800046309,Lethal,NightNoStreetLight,No,NoIntersection,Overcast,3+Vehicles-Multiple,12,Saturday,7,True,False
201800012032,NonLethal,NightNoStreetLight,No,NoIntersection,Normal,Other,11,Thursday,6,False,True
201800000510,NonLethal,NightNoStreetLight,No,NoIntersection,LightRain,3+Vehicles-Multiple,1,Wednesday,20,False,False
201800011739,NonLethal,NightNoStreetLight,No,NoIntersection,LightRain,Other,12,Sunday,3,True,True
201800041765,NonLethal,Daylight,Yes,NoIntersection,Normal,2Vehicles-Side,6,Wednesday,16,False,False
201800038220,NonLethal,Daylight,Yes,NoIntersection,Normal,2Vehicles-Behind,1,Monday,19,False,False
201800039106,NonLethal,NightStreelightsOn,Yes,T-type,Normal,2Vehicles-Side,12,Thursday,19,False,False
201800012842,NonLethal,NightNoStreetLight,No,NoIntersection,HeavyRain,Other,11,Monday,19,False,False
201800003422,NonLethal,Daylight,No,NoIntersection,Normal,3+Vehicles-Multiple,8,Wednesday,15,False,False
201800013371,NonLethal,Daylight,No,X-type,LightRain,Other,6,Sunday,19,True,False
201800024173,NonLethal,Daylight,No,NoIntersection,Normal,Other,7,Monday,9,False,False
201800041926,NonLethal,Daylight,Yes,NoIntersection,LightRain,Other,12,Wednesday,8,False,False
201800024229,NonLethal,NightStreelightsOn,Yes,NoIntersection,Normal,Other,1,Wednesday,21,False,False
201800037721,NonLethal,Daylight,Yes,X-type,Normal,2Vehicles-Behind,8,Tuesday,15,False,False
201800030366,NonLethal,Daylight,Yes,NoIntersection,Normal,Other,8,Friday,17,False,False
201800038026,NonLethal,Daylight,Yes,NoIntersection,Normal,NoCollision,4,Thursday,10,False,False
201800023087,NonLethal,Daylight,Yes,NoIntersection,Normal,Other,5,Thursday,8,False,False
201800014267,Lethal,NightNoStreetLight,No,NoIntersection,Normal,2Vehicles-Behind,8,Friday,22,False,False
201800048753,NonLethal,NightStreelightsOn,Yes,X-type,Normal,2Vehicles-Side,12,Thursday,22,False,False
201800041895,NonLethal,Daylight,No,NoIntersection,Normal,Other,9,Wednesday,17,False,False
201800053308,NonLethal,Daylight,Yes,NoIntersection,Normal,2Vehicles-Behind,3,Tuesday,13,False,False
201800012349,NonLethal,Daylight,No,NoIntersection,LightRain,NoCollision,3,Monday,17,False,False
201800037558,NonLethal,Daylight,Yes,NoIntersection,HeavyRain,2Vehicles-Side,12,Friday,9,False,False
201800007788,NonLethal,Daylight,Yes,NoIntersection,Normal,Other,9,Thursday,17,False,False
201800030450,NonLethal,Daylight,Yes,NoIntersection,Normal,2Vehicles-BehindVehicles-Frontal,11,Saturday,17,True,False
201800025190,NonLethal,Daylight,Yes,NoIntersection,Normal,2Vehicles-Side,1,Saturday,13,True,False
201800051960,NonLethal,Daylight,Yes,X-type,HeavyRain,2Vehicles-Side,3,Friday,12,False,False
201800030811,NonLethal,Daylight,Yes,X-type,Normal,2Vehicles-BehindVehicles-Frontal,6,Wednesday,12,False,False
201800031187,NonLethal,Daylight,Yes,NoIntersection,Normal,2Vehicles-Side,2,Thursday,18,False,False
201800038214,NonLethal,Daylight,Yes,NoIntersection,Normal,NoCollision,7,Friday,12,False,False
201800017896,NonLethal,NightNoStreetLight,No,NoIntersection,Normal,2Vehicles-BehindVehicles-Frontal,10,Thursday,7,False,False
201800007575,NonLethal,Daylight,Yes,NoIntersection,Normal,2Vehicles-Behind,1,Thursday,11,False,False
201800015284,NonLethal,Daylight,Yes,NoIntersection,Normal,Other,5,Saturday,15,True,False
201800043606,NonLethal,Daylight,Yes,NoIntersection,Normal,Other,8,Saturday,10,True,False
201800039364,NonLethal,NightNoStreetLight,Yes,T-type,Normal,2Vehicles-Side,4,Wednesday,21,False,False
201800010825,NonLethal,Daylight,No,T-type,Normal,2Vehicles-Side,8,Sunday,16,True,False
201800033188,NonLethal,NightStreelightsOn,Yes,NoIntersection,Normal,Other,11,Thursday,7,False,False
201800046105,NonLethal,Daylight,No,NoIntersection,Normal,NoCollision,9,Sunday,18,True,False
201800045324,NonLethal,Daylight,No,NoIntersection,Normal,Other,10,Sunday,8,True,False
201800030110,NonLethal,Daylight,Yes,X-type,Normal,2Vehicles-Side,4,Wednesday,15,False,False
201800021883,NonLethal,Daylight,No,NoIntersection,Normal,2Vehicles-Side,1,Saturday,18,True,False