AccidentId,Gravity,Light,InAgglomeration,IntersectionType,Weather,CollisionType,Month,DayOfWeek,HourOfDay,IsWeekend,IsNight
201800048158,NonLethal,Daylight,Yes,NoIntersection,Normal,3+Vehicles-Multiple,3,Saturday,12,True,False
201800022696,Lethal,Daylight,No,NoIntersection,Normal,2Vehicles-BehindVehicles-Frontal,2,Friday,12,False,False
201800002520,NonLethal,Daylight,Yes,Roundabout,Normal,Other,3,Saturday,16,True,False
201800040927,NonLethal,Daylight,Yes,Y-type,Normal,Other,8,Friday,13,False,False
201800043178,NonLethal,Daylight,Yes,NoIntersection,Normal,Other,2,Friday,17,False,False
201800034281,Lethal,NightNoStreetLight,No,Other,Normal,2Vehicles-BehindVehicles-Frontal,3,Thursday,5,False,True
201800041914,NonLethal,Daylight,Yes,T-type,Overcast,2Vehicles-Side,11,Saturday,15,True,False
201800000220,NonLethal,NightNoStreetLight,Yes,NoIntersection,HeavyRain,Other,11,Saturday,5,True,True
201800036289,Lethal,NightNoStreetLight,No,NoIntersection,Normal,3+Vehicles-Multiple,8,Saturday,19,True,False
201800023277,NonLethal,NightStreelightsOn,Yes,NoIntersection,Normal,2Vehicles-Behind,4,Tuesday,20,False,False
201800012043,NonLethal,Daylight,No,NoIntersection,Normal,2Vehicles-BehindVehicles-Frontal,9,Sunday,12,True,False
201800045997,NonLethal,NightStreelightsOn,No,NoIntersection,Normal,2Vehicles-Behind,7,Saturday,1,True,True
201800023769,NonLethal,NightNoStreetLight,No,NoIntersection,HeavyRain,2Vehicles-BehindVehicles-Frontal,8,Sunday,17,True,False
201800013842,NonLethal,NightNoStreetLight,No,Roundabout,Normal,2Vehicles-Behind,12,Sunday,19,True,False
201800034278,NonLethal,NightStreelightsOn,Yes,Y-type,Normal,3+Vehicles-Multiple,3,Saturday,21,True,False
201800051354,NonLethal,Daylight,Yes,X-type,Normal,Other,5,Thursday,19,False,False
201800023652,NonLethal,NightStreelightsOn,Yes,T-type,LightRain,2Vehicles-Side,6,Monday,20,False,False
201800028623,NonLethal,Daylight,No,NoIntersection,Normal,2Vehicles-Side,6,Wednesday,20,False,False
201800053363,NonLethal,NightStreelightsOn,Yes,Square,Normal,Other,5,Sunday,21,True,False
201800032265,NonLethal,NightStreelightsOff,Yes,NoIntersection,LightRain,Other,12,Sunday,0,True,True
201800037560,NonLethal,NightStreelightsOn,Yes,NoIntersection,Normal,2Vehicles-Behind,1,Friday,20,False,False
201800044344,NonLethal,Daylight,No,Other,Normal,3+Vehicles-Chain,1,Thursday,11,False,False
201800002242,NonLethal,Daylight,Yes,Roundabout,Normal,2Vehicles-Side,10,Sunday,16,True,False
201800016144,NonLethal,TwilightOrDawn,Yes,X-type,Normal,2Vehicles-Side,9,Monday,18,False,False
201800012865,NonLethal,NightNoStreetLight,No,NoIntersection,Normal,NoCollision,5,Sunday,4,True,True
201800009375,NonLethal,Daylight,Yes,NoIntersection,Normal,2Vehicles-Side,7,Saturday,18,True,False
201800051550,NonLethal,NightStreelightsOn,Yes,NoIntersection,LightRain,Other,8,Friday,0,False,True
201800048226,NonLethal,NightStreelightsOn,Yes,NoIntersection,Normal,2Vehicles-Side,5,Sunday,1,True,True
201800042937,NonLethal,NightStreelightsOn,Yes,NoIntersection,Normal,Other,11,Sunday,5,True,True
201800040799,NonLethal,NightStreelightsOn,Yes,NoIntersection,LightRain,2Vehicles-Side,6,Friday,22,False,False
201800039590,NonLethal,Daylight,Yes,NoIntersection,Normal,2Vehicles-Behind,10,Friday,10,False,False
201800012584,Lethal,Daylight,No,NoIntersection,Normal,Other,2,Sunday,17,True,False
201800048371,NonLethal,Daylight,Yes,X-type,Normal,2Vehicles-Side,6,Friday,15,False,False
201800016783,NonLethal,NightNoStreetLight,No,NoIntersection,Normal,NoCollision,5,Saturday,0,True,True
201800033428,NonLethal,NightStreelightsOn,Yes,NoIntersection,Normal,Other,2,Sunday,21,True,False
201800049543,NonLethal,Daylight,No,NoIntersection,Normal,3+Vehicles-Chain,3,Tuesday,13,False,False
201800008848,NonLethal,NightStreelightsOn,Yes,X-type,LightRain,2Vehicles-Side,4,Thursday,20,False,False
201800039261,NonLethal,Daylight,Yes,NoIntersection,Normal,2Vehicles-Side,5,Monday,14,False,False
201800003530,NonLethal,NightStreelightsOn,Yes,NoIntersection,Other,Other,12,Saturday,3,True,True
201800001377,NonLethal,Daylight,No,NoIntersection,Normal,Other,6,Friday,12,False,False
201800024647,NonLethal,Daylight,No,NoIntersection,LightRain,2Vehicles-Behind,2,Tuesday,14,False,False
201800009041,NonLethal,NightStreelightsOn,Yes,NoIntersection,Normal,2Vehicles-Side,5,Wednesday,1,False,True
201800035036,NonLethal,Daylight,Yes,NoIntersection,Normal,Other,4,Wednesday,7,False,False
201800035985,NonLethal,Daylight,Yes,T-type,Normal,2Vehicles-Side,1,Wednesday,17,False,False
201800049832,NonLethal,Daylight,No,NoIntersection,LightRain,3+Vehicles-Chain,5,Tuesday,8,False,False
201800013906,Lethal,Daylight,No,NoIntersection,HeavyRain,3+Vehicles-Multiple,12,Tuesday,18,False,False
201800000627,NonLethal,Daylight,No,NoIntersection,Normal,2Vehicles-Side,2,Friday,12,False,False
201800048981,NonLethal,Daylight,No,NoIntersection,Normal,2Vehicles-Behind,8,Sunday,15,True,False
201800009283,NonLethal,Daylight,Yes,NoIntersection,Normal,Other,7,Tuesday,17,False,False
201800005259,NonLethal,Daylight,Yes,NoIntersection,Normal,Other,9,Friday,11,False,False
201800008645,NonLethal,Daylight,Yes,NoIntersection,Normal,2Vehicles-Side,8,Friday,13,False,False
201800001460,Lethal,Daylight,Yes,X-type,Normal,Other,6,Friday,16,False,False
201800012726,NonLethal,Daylight,No,NoIntersection,Normal,2Vehicles-Side,7,Thursday,17,False,False
201800041849,NonLethal,Daylight,Yes,NoIntersection,LightRain,Other,3,Tuesday,7,False,False
201800041255,Lethal,Daylight,Yes,NoIntersection,Normal,2Vehicles-BehindVehicles-Frontal,11,Wednesday,6,False,True
201800004678,NonLethal,Daylight,Yes,NoIntersection,Normal,Other,7,Monday,17,False,False
201800000936,NonLethal,Daylight,Yes,NoIntersection,Normal,2Vehicles-BehindVehicles-Frontal,7,Sunday,20,True,False
201800052021,NonLethal,Daylight,Yes,NoIntersection,Normal,2Vehicles-Behind,5,Thursday,17,False,False
201800015253,NonLethal,Daylight,No,NoIntersection,Normal,Other,9,Saturday,16,True,False
201800055230,NonLethal,NightStreelightsOn,Yes,Y-type,LightRain,Other,1,Tuesday,22,False,False
201800047482,NonLethal,NightStreelightsOn,Yes,NoIntersection,Normal,2Vehicles-Behind,3,Monday,23,False,False
201800057321,NonLethal,Daylight,Yes,T-type,Normal,Other,5,Wednesday,17,False,False
201800010712,NonLethal,Daylight,No,NoIntersection,Normal,2Vehicles-BehindVehicles-Frontal,3,Tuesday,16,False,False
201800013262,NonLethal,NightNoStreetLight,No,X-type,Normal,3+Vehicles-Multiple,11,Sunday,18,True,False
201800023018,NonLethal,Daylight,Yes,NoIntersection,Normal,Other,4,Thursday,8,False,False
201800023092,NonLethal,Daylight,Yes,NoIntersection,Normal,Other,5,Sunday,16,True,False
201800041499,NonLethal,Daylight,Yes,X-type,Normal,Other,10,Tuesday,16,False,False
201800054449,NonLethal,Daylight,Yes,X-type,Normal,Other,6,Wednesday,11,False,False
201800035686,NonLethal,Daylight,Yes,NoIntersection,Normal,2Vehicles-Side,10,Monday,14,False,False
201800015767,NonLethal,Daylight,No,NoIntersection,VeryGood,Other,7,Friday,17,False,False
201800003950,NonLethal,TwilightOrDawn,Yes,NoIntersection,Normal,Other,2,Tuesday,17,False,False
201800041398,NonLethal,NightStreelightsOff,Yes,T-type,Normal,Other,2,Monday,21,False,False
201800010869,Lethal,Daylight,No,T-type,Normal,2Vehicles-Side,1,Saturday,12,True,False
201800002917,NonLethal,NightNoStreetLight,No,NoIntersection,Normal,Other,3,Saturday,19,True,False
201800008200,NonLethal,Daylight,Yes,NoIntersection,Normal,2Vehicles-BehindVehicles-Frontal,12,Thursday,9,False,False
201800031896,NonLethal,NightStreelightsOn,Yes,NoIntersection,LightRain,Other,7,Tuesday,21,False,False
201800049783,NonLethal,Daylight,No,Other,Normal,2Vehicles-Behind,4,Thursday,15,False,False
201800043893,NonLethal,NightNoStreetLight,No,NoIntersection,LightRain,Other,4,Wednesday,5,False,True
201800045636,Lethal,Daylight,No,NoIntersection,Normal,NoCollision,8,Wednesday,10,False,False
201800001299,NonLethal,NightStreelightsOn,Yes,Y-type,LightRain,Other,8,Saturday,2,True,True
201800015707,NonLethal,Daylight,Yes,Roundabout,LightRain,2Vehicles-Side,3,Friday,9,False,False
201800021284,NonLethal,Daylight,No,NoIntersection,Normal,2Vehicles-Side,4,Wednesday,17,False,False
201800008352,NonLethal,NightNoStreetLight,Yes,NoIntersection,LightRain,Other,1,Tuesday,6,False,True
201800045626,NonLethal,Daylight,No,NoIntersection,LightRain,3+Vehicles-Chain,4,Sunday,8,True,False
201800027995,NonLethal,Daylight,Yes,X-type,Normal,2Vehicles-Side,4,Tuesday,13,False,False
201800038041,NonLethal,Daylight,Yes,Other,Normal,2Vehicles-Side,8,Saturday,20,True,False
201800024835,NonLethal,Daylight,Yes,T-type,Normal,3+Vehicles-Chain,5,Wednesday,17,False,False
201800031898,NonLethal,Daylight,No,NoIntersection,Normal,Other,1,Tuesday,11,False,False
201800005448,NonLethal,NightNoStreetLight,Yes,NoIntersection,LightRain,NoCollision,2,Friday,20,False,False
201800039040,NonLethal,TwilightOrDawn,Yes,NoIntersection,Normal,NoCollision,8,Friday,19,False,False
201800046477,NonLethal,Daylight,No,NoIntersection,Normal,3+Vehicles-Chain,3,Wednesday,13,False,False
201800017371,NonLethal,Daylight,No,NoIntersection,Normal,2Vehicles-BehindVehicles-Frontal,7,Friday,12,False,False
201800025528,NonLethal,Daylight,Yes,NoIntersection,Normal,2Vehicles-Side,6,Sunday,12,True,False
201800000966,NonLethal,Daylight,Yes,NoIntersection,Overcast,2Vehicles-Behind,3,Friday,8,False,False
201800015778,Lethal,Daylight,No,NoIntersection,Normal,2Vehicles-BehindVehicles-Frontal,9,Monday,17,False,False
201800037647,NonLethal,Daylight,Yes,NoIntersection,Normal,Other,10,Thursday,8,False,False
201800046800,NonLethal,Daylight,No,NoIntersection,Normal,NoCollision,9,Saturday,17,True,False
201800033840,NonLethal,NightStreelightsOn,Yes,NoIntersection,LightRain,2Vehicles-BehindVehicles-Frontal,12,Sunday,21,True,False
201800047207,NonLethal,Daylight,Yes,NoIntersection,Normal,Other,5,Tuesday,10,False,False
201800007917,NonLethal,Daylight,Yes,NoIntersection,Normal,Other,5,Thursday,16,False,False
201800020240,NonLethal,NightStreelightsOn,Yes,NoIntersection,Normal,Other,5,Thursday,3,False,True
201800007667,NonLethal,Daylight,Yes,NoIntersection,Normal,2Vehicles-Behind,9,Thursday,11,False,False
201800036539,NonLethal,Daylight,Yes,Roundabout,Normal,2Vehicles-Side,5,Friday,17,False,False
201800038292,NonLethal,Daylight,Yes,NoIntersection,Normal,2Vehicles-Side,5,Sunday,18,True,False
201800036397,NonLethal,Daylight,Yes,NoIntersection,HeavyRain,2Vehicles-Side,1,Tuesday,9,False,False
201800042475,NonLethal,Daylight,Yes,NoIntersection,Normal,Other,6,Wednesday,17,False,False
201800026660,NonLethal,Daylight,Yes,T-type,Normal,2Vehicles-Behind,6,Sunday,19,True,False
201800051507,NonLethal,Daylight,Yes,T-type,Normal,2Vehicles-Side,6,Tuesday,8,False,False
201800041675,NonLethal,Daylight,Yes,NoIntersection,Normal,2Vehicles-Side,7,Tuesday,9,False,False
201800007504,NonLethal,TwilightOrDawn,Yes,Roundabout,Normal,2Vehicles-Behind,12,Wednesday,17,False,False
201800001873,NonLethal,NightNoStreetLight,No,NoIntersection,Normal,2Vehicles-BehindVehicles-Frontal,1,Tuesday,18,False,False
201800040114,NonLethal,Daylight,Yes,X-type,Normal,Other,6,Thursday,16,False,False
201800042597,NonLethal,Daylight,Yes,X-type,Normal,2Vehicles-BehindVehicles-Frontal,10,Thursday,11,False,False
201800029337,NonLethal,Daylight,Yes,Other,Normal,Other,7,Wednesday,18,False,False
201800039053,NonLethal,Daylight,Yes,NoIntersection,Normal,2Vehicles-Behind,12,Saturday,16,True,False
201800002490,NonLethal,NightStreelightsOn,Yes,Y-type,Normal,NoCollision,7,Saturday,2,True,True
201800003492,NonLethal,Daylight,No,NoIntersection,Normal,NoCollision,9,Thursday,10,False,False
201800034141,NonLethal,Daylight,Yes,X-type,Normal,2Vehicles-Behind,1,Friday,14,False,False
201800024413,NonLethal,Daylight,Yes,NoIntersection,Normal,2Vehicles-Behind,9,Monday,16,False,False
201800044351,NonLethal,Daylight,No,NoIntersection,Normal,NoCollision,11,Sunday,12,True,False
201800025272,NonLethal,Daylight,No,NoIntersection,HeavyRain,Other,3,Tuesday,8,False,False
201800037521,NonLethal,NightStreelightsOn,Yes,X-type,Normal,2Vehicles-Side,11,Friday,7,False,False
201800052133,NonLethal,Daylight,No,Y-type,Normal,2Vehicles-Behind,8,Monday,19,False,False
201800031291,NonLethal,Daylight,Yes,NoIntersection,Normal,Other,7,Friday,14,False,False
201800034883,NonLethal,Daylight,Yes,Other,Normal,2Vehicles-Behind,8,Friday,13,False,False
201800002823,NonLethal,NightNoStreetLight,No,NoIntersection,LightRain,NoCollision,1,Monday,4,False,True
201800048811,NonLethal,NightNoStreetLight,No,NoIntersection,LightRain,2Vehicles-Side,1,Thursday,19,False,False
201800002986,NonLethal,Daylight,Yes,T-type,Normal,2Vehicles-Side,2,Tuesday,14,False,False
201800027270,Lethal,Daylight,No,X-type,Normal,2Vehicles-Side,5,Wednesday,14,False,False
201800047285,NonLethal,Daylight,Yes,NoIntersection,Normal,2Vehicles-Side,10,Friday,11,False,False
201800031158,NonLethal,Daylight,Yes,NoIntersection,Normal,Other,3,Sunday,12,True,False
201800002106,NonLethal,Daylight,Yes,T-type,Normal,NoCollision,4,Saturday,15,True,False
201800038422,NonLethal,Daylight,Yes,NoIntersection,Normal,Other,3,Friday,9,False,False
201800002977,NonLethal,Daylight,No,NoIntersection,Normal,NoCollision,6,Wednesday,17,False,False
201800022111,NonLethal,Daylight,Yes,NoIntersection,LightRain,Other,9,Sunday,13,True,False
201800029339,NonLethal,Daylight,Yes,NoIntersection,Normal,Other,9,Friday,17,False,False
201800015375,NonLethal,NightNoStreetLight,No,NoIntersection,HeavyRain,Other,3,Friday,6,False,True
201800010799,NonLethal,Daylight,No,NoIntersection,HeavyRain,2Vehicles-BehindVehicles-Frontal,5,Tuesday,19,False,False
201800048920,NonLethal,Daylight,No,NoIntersection,Normal,2Vehicles-Behind,6,Thursday,8,False,False
201800007815,NonLethal,TwilightOrDawn,Yes,T-type,Normal,2Vehicles-Side,12,Thursday,7,False,False
201800018067,NonLethal,Daylight,No,NoIntersection,Normal,2Vehicles-Side,2,Wednesday,17,False,False
201800046490,NonLethal,Daylight,No,NoIntersection,Normal,2Vehicles-BehindVehicles-Frontal,3,Friday,16,False,False
201800013869,NonLethal,Daylight,No,NoIntersection,Overcast,2Vehicles-BehindVehicles-Frontal,5,Sunday,8,True,False
201800020547,NonLethal,Daylight,No,NoIntersection,Normal,2Vehicles-Side,10,Saturday,10,True,False
201800029365,NonLethal,Daylight,No,NoIntersection,Normal,3+Vehicles-Multiple,4,Thursday,11,False,False
201800048542,NonLethal,Daylight,Yes,NoIntersection,Normal,2Vehicles-Behind,9,Monday,9,False,False
201800050903,NonLethal,Daylight,Yes,NoIntersection,Normal,2Vehicles-Side,7,Saturday,15,True,False
201800026287,NonLethal,Daylight,Yes,NoIntersection,Normal,2Vehicles-Behind,2,Tuesday,16,False,False
201800049801,NonLethal,Daylight,No,NoIntersection,Normal,2Vehicles-Behind,4,Thursday,18,False,False
201800016647,NonLethal,Daylight,No,NoIntersection,LightRain,Other,3,Saturday,11,True,False
201800007218,NonLethal,Daylight,No,NoIntersection,Normal,2Vehicles-Behind,10,Wednesday,11,False,False
201800044846,NonLethal,Daylight,No,NoIntersection,Normal,Other,5,Wednesday,11,False,False
201800023842,NonLethal,NightStreelightsOn,Yes,NoIntersection,Normal,2Vehicles-Behind,1,Monday,7,False,False
201800040965,NonLethal,NightStreelightsOn,Yes,NoIntersection,Normal,2Vehicles-Behind,10,Saturday,23,True,False
201800041948,NonLethal,Daylight,Yes,X-type,Normal,Other,1,Tuesday,16,False,False
201800032019,NonLethal,Daylight,Yes,T-type,Normal,2Vehicles-Behind,11,Sunday,15,True,False
201800048891,NonLethal,Daylight,No,NoIntersection,Normal,3+Vehicles-Chain,3,Monday,17,False,False
201800002182,NonLethal,Daylight,Yes,NoIntersection,Normal,NoCollision,10,Wednesday,17,False,False
201800030972,NonLethal,NightNoStreetLight,No,T-type,FogOrSmoke,2Vehicles-Side,12,Monday,20,False,False
201800012334,NonLethal,Daylight,No,NoIntersection,Normal,Other,4,Friday,14,False,False
201800030504,Lethal,NightNoStreetLight,No,NoIntersection,Normal,Other,7,Saturday,5,True,True
201800015973,NonLethal,Daylight,No,NoIntersection,Other,2Vehicles-BehindVehicles-Frontal,12,Thursday,8,False,False
201800055121,NonLethal,NightNoStreetLight,Yes,X-type,Normal,2Vehicles-Side,9,Thursday,23,False,False
201800023865,NonLethal,NightStreelightsOn,Yes,X-type,Normal,2Vehicles-Behind,2,Friday,1,False,True
201800039405,NonLethal,Daylight,Yes,MoreThan4Branches,Normal,2Vehicles-Side,7,Saturday,20,True,False
201800053181,NonLethal,Daylight,Yes,X-type,Normal,3+Vehicles-Chain,11,Friday,12,False,False
201800006151,NonLethal,NightNoStreetLight,No,NoIntersection,SnowOrHail,NoCollision,1,Wednesday,7,False,False
201800044669,NonLethal,Daylight,No,NoIntersection,Normal,2Vehicles-Behind,3,Thursday,8,False,False
201800004221,NonLethal,Daylight,No,NoIntersection,Normal,NoCollision,4,Saturday,11,True,False
201800011820,NonLethal,Daylight,No,NoIntersection,Normal,Other,9,Thursday,13,False,False
201800030566,NonLethal,NightStreelightsOn,Yes,NoIntersection,Normal,2Vehicles-BehindVehicles-Frontal,11,Monday,22,False,False
201800009479,NonLethal,Daylight,Yes,NoIntersection,Normal,Other,4,Sunday,8,True,False
201800046885,NonLethal,Daylight,No,NoIntersection,Normal,3+Vehicles-Multiple,9,Thursday,16,False,False
201800057173,NonLethal,Daylight,No,NoIntersection,Normal,3+Vehicles-Multiple,2,Wednesday,16,False,False
201800037864,NonLethal,Daylight,Yes,NoIntersection,Normal,2Vehicles-BehindVehicles-Frontal,10,Thursday,13,False,False
201800025619,NonLethal,TwilightOrDawn,Yes,X-type,Normal,Other,11,Wednesday,16,False,False
201800022544,Lethal,NightNoStreetLight,No,NoIntersection,Normal,2Vehicles-BehindVehicles-Frontal,2,Thursday,20,False,False
201800046945,NonLethal,Daylight,No,NoIntersection,Normal,3+Vehicles-Chain,9,Monday,13,False,False
201800042081,NonLethal,NightStreelightsOn,Yes,NoIntersection,Normal,2Vehicles-Behind,3,Tuesday,23,False,False
201800012379,NonLethal,Daylight,No,X-type,Normal,2Vehicles-Side,1,Sunday,10,True,False
201800041234,NonLethal,TwilightOrDawn,No,NoIntersection,Normal,2Vehicles-Behind,5,Tuesday,6,False,True
201800028189,NonLethal,NightStreelightsOn,Yes,NoIntersection,Normal,Other,12,Friday,17,False,False
201800001851,Lethal,NightNoStreetLight,No,NoIntersection,Normal,NoCollision,1,Sunday,4,True,True
201800053348,NonLethal,NightStreelightsOn,Yes,X-type,Normal,2Vehicles-Side,4,Wednesday,1,False,True
201800057505,NonLethal,Daylight,No,NoIntersection,Normal,3+Vehicles-Chain,8,Monday,7,False,False
201800034514,NonLethal,NightStreelightsOn,Yes,NoIntersection,Normal,2Vehicles-Side,12,Thursday,19,False,False
201800001768,NonLethal,Daylight,Yes,NoIntersection,Normal,Other,5,Sunday,15,True,False
201800045169,NonLethal,NightNoStreetLight,No,NoIntersection,Normal,2Vehicles-Side,9,Monday,2,False,True
201800057239,NonLethal,NightNoStreetLight,No,NoIntersection,Normal,NoCollision,7,Saturday,21,True,False
201800034668,NonLethal,NightNoStreetLight,Yes,T-type,LightRain,2Vehicles-Side,1,Thursday,7,False,False
201800016892,NonLethal,Daylight,No,Roundabout,Normal,Other,3,Tuesday,16,False,False
201800018289,NonLethal,NightNoStreetLight,No,NoIntersection,Normal,Other,8,Sunday,6,True,True
201800038284,NonLethal,Daylight,Yes,T-type,Normal,2Vehicles-Side,5,Thursday,10,False,False
201800031618,NonLethal,Daylight,Yes,T-type,Normal,2Vehicles-Side,9,Thursday,18,False,False
201800014638,NonLethal,Daylight,No,NoIntersection,Normal,Other,9,Monday,18,False,False
201800028078,NonLethal,NightStreelightsOn,Yes,NoIntersection,Normal,2Vehicles-Behind,5,Tuesday,21,False,False
201800042355,NonLethal,Daylight,Yes,NoIntersection,Normal,Other,9,Tuesday,13,False,False
201800019676,NonLethal,NightNoStreetLight,Yes,NoIntersection,Normal,Other,9,Friday,0,False,True
201800002423,Lethal,Daylight,No,NoIntersection,Normal,NoCollision,7,Wednesday,16,False,False
201800044507,NonLethal,NightNoStreetLight,No,NoIntersection,Normal,3+Vehicles-Chain,1,Saturday,21,True,False
201800022173,NonLethal,Daylight,Yes,NoIntersection,Normal,2Vehicles-Side,12,Friday,12,False,False
201800023996,NonLethal,NightStreelightsOn,Yes,X-type,Normal,2Vehicles-Side,9,Wednesday,6,False,True
201800018933,NonLethal,NightStreelightsOn,Yes,NoIntersection,Normal,2Vehicles-Behind,6,Sunday,1,True,True
201800041565,NonLethal,Daylight,Yes,X-type,LightRain,Other,4,Thursday,17,False,False
201800045031,NonLethal,Daylight,No,NoIntersection,Normal,2Vehicles-Side,6,Saturday,18,True,False
201800048385,NonLethal,Daylight,Yes,NoIntersection,Normal,2Vehicles-Behind,7,Thursday,14,False,False
201800028187,NonLethal,Daylight,Yes,X-type,LightRain,2Vehicles-Side,12,Friday,12,False,False
201800040551,NonLethal,NightStreelightsOn,Yes,X-type,Normal,2Vehicles-BehindVehicles-Frontal,10,Tuesday,21,False,False
201800017744,NonLethal,TwilightOrDawn,No,NoIntersection,VeryGood,2Vehicles-Behind,6,Wednesday,7,False,False
201800053056,NonLethal,Daylight,Yes,Square,Normal,Other,6,Tuesday,18,False,False
201800025444,NonLethal,Daylight,Yes,X-type,Normal,2Vehicles-Side,7,Sunday,13,True,False
201800037535,NonLethal,Daylight,Yes,NoIntersection,Normal,Other,12,Tuesday,12,False,False
201800041242,NonLethal,Daylight,Yes,NoIntersection,Normal,2Vehicles-Side,6,Saturday,11,True,False
201800032028,NonLethal,NightStreelightsOn,Yes,T-type,LightRain,2Vehicles-Side,11,Tuesday,17,False,False
201800008037,NonLethal,Daylight,Yes,Other,Normal,Other,6,Tuesday,18,False,False
201800052863,NonLethal,Daylight,Yes,T-type,Normal,Other,2,Sunday,16,True,False
201800042537,NonLethal,Daylight,Yes,X-type,LightRain,2Vehicles-Side,9,Monday,11,False,False
201800035981,NonLethal,Daylight,No,NoIntersection,LightRain,2Vehicles-BehindVehicles-Frontal,1,Friday,12,False,False
201800012565,Lethal,Daylight,Yes,LevelCrossing,Normal,2Vehicles-Side,11,Wednesday,15,False,False
201800048132,NonLethal,NightStreelightsOn,Yes,X-type,LightRain,2Vehicles-Side,3,Saturday,3,True,True
201800047223,NonLethal,Daylight,Yes,NoIntersection,Normal,2Vehicles-Behind,6,Friday,17,False,False
201800025933,NonLethal,NightNoStreetLight,Yes,NoIntersection,Normal,Other,1,Friday,20,False,False
201800007022,NonLethal,Daylight,No,NoIntersection,Normal,2Vehicles-Side,10,Wednesday,17,False,False
201800031652,NonLethal,Daylight,Yes,NoIntersection,Normal,Other,2,Monday,11,False,False
201800023774,Lethal,Daylight,No,NoIntersection,Normal,3+Vehicles-Multiple,7,Friday,17,False,False
201800051069,NonLethal,Daylight,Yes,T-type,Normal,2Vehicles-Side,5,Friday,14,False,False
201800008931,NonLethal,Daylight,Yes,X-type,Normal,2Vehicles-Side,4,Saturday,17,True,False
201800020145,NonLethal,Daylight,Yes,NoIntersection,LightRain,Other,10,Sunday,15,True,False
201800023929,NonLethal,Daylight,Yes,NoIntersection,Normal,NoCollision,10,Saturday,17,True,False
201800016919,NonLethal,Daylight,No,NoIntersection,Normal,NoCollision,9,Sunday,16,True,False
201800031883,NonLethal,Daylight,Yes,NoIntersection,Normal,2Vehicles-Behind,8,Saturday,14,True,False
201800020244,NonLethal,Daylight,Yes,Other,Normal,Other,6,Thursday,11,False,False
201800025813,NonLethal,NightStreelightsOn,Yes,NoIntersection,Normal,2Vehicles-Side,12,Tuesday,18,False,False
201800022246,NonLethal,Daylight,No,NoIntersection,Normal,2Vehicles-Behind,9,Tuesday,15,False,False
201800046313,NonLethal,NightNoStreetLight,No,NoIntersection,LightRain,Other,12,Monday,1,False,True
201800014685,NonLethal,Daylight,No,NoIntersection,LightRain,NoCollision,2,Thursday,14,False,False
201800034250,NonLethal,Daylight,Yes,NoIntersection,Normal,Other,10,Tuesday,17,False,False
201800036164,NonLethal,Daylight,Yes,NoIntersection,Normal,NoCollision,8,Wednesday,13,False,False
201800035868,NonLethal,Daylight,Yes,NoIntersection,Normal,2Vehicles-Behind,3,Sunday,14,True,False
201800028219,NonLethal,Daylight,Yes,NoIntersection,Normal,Other,12,Thursday,12,False,False
201800029006,NonLethal,Daylight,Yes,LevelCrossing,Normal,Other,7,Tuesday,14,False,False
201800010872,NonLethal,Daylight,Yes,NoIntersection,Normal,Other,6,Saturday,10,True,False
201800028185,NonLethal,NightStreelightsOn,Yes,NoIntersection,Normal,Other,12,Friday,0,False,True
201800050745,NonLethal,Daylight,Yes,NoIntersection,Overcast,2Vehicles-Side,11,Friday,10,False,False
201800003437,NonLethal,TwilightOrDawn,Yes,NoIntersection,HeavyRain,Other,12,Wednesday,7,False,False
201800037632,NonLethal,NightStreelightsOn,Yes,X-type,Normal,2Vehicles-Side,10,Tuesday,3,False,True
201800022884,NonLethal,Daylight,Yes,NoIntersection,Normal,Other,1,Tuesday,9,False,False
201800048084,NonLethal,Daylight,Yes,NoIntersection,Normal,2Vehicles-Side,2,Tuesday,8,False,False
201800019805,NonLethal,Daylight,Yes,X-type,HeavyRain,3+Vehicles-Multiple,11,Friday,13,False,False
201800009672,NonLethal,Daylight,Yes,X-type,Normal,2Vehicles-Side,9,Saturday,11,True,False
201800049592,NonLethal,Daylight,No,NoIntersection,Normal,2Vehicles-Behind,9,Monday,17,False,False
201800021124,NonLethal,NightStreelightsOn,Yes,NoIntersection,LightRain,Other,11,Monday,18,False,False
201800019574,NonLethal,NightStreelightsOn,Yes,NoIntersection,LightRain,NoCollision,10,Wednesday,19,False,False
201800039990,NonLethal,Daylight,Yes,NoIntersection,Normal,Other,8,Saturday,10,True,False
201800047451,NonLethal,Daylight,Yes,T-type,Normal,3+Vehicles-Multiple,11,Sunday,12,True,False
201800049430,NonLethal,Daylight,No,NoIntersection,Normal,3+Vehicles-Multiple,8,Friday,13,False,False
201800011328,NonLethal,Daylight,No,NoIntersection,Normal,2Vehicles-Side,9,Saturday,17,True,False
201800030941,NonLethal,NightStreelightsOn,Yes,NoIntersection,Normal,3+Vehicles-Chain,11,Saturday,18,True,False
201800009623,NonLethal,Daylight,Yes,NoIntersection,Normal,NoCollision,8,Friday,9,False,False
201800027989,NonLethal,Daylight,Yes,NoIntersection,Normal,Other,4,Wednesday,13,False,False
201800023382,NonLethal,Daylight,Yes,NoIntersection,Normal,Other,6,Tuesday,11,False,False
201800006889,NonLethal,Daylight,No,NoIntersection,Normal,NoCollision,10,Saturday,12,True,False
201800031690,NonLethal,Daylight,Yes,T-type,Normal,2Vehicles-Side,3,Monday,19,False,False