AccidentId,Gravity,Light,InAgglomeration,IntersectionType,Weather,CollisionType,Month,DayOfWeek,HourOfDay,IsWeekend,IsNight
201800037848,NonLethal,Daylight,Yes,NoIntersection,Unknown,2Vehicles-Side,12,Sunday,16,True,False
201800016098,NonLethal,Daylight,No,T-type,HeavyRain,2Vehicles-Side,3,Saturday,11,True,False
201800006121,Lethal,NightNoStreetLight,No,NoIntersection,Normal,Other,7,Thursday,23,False,False
201800049516,NonLethal,NightNoStreetLight,No,NoIntersection,HeavyRain,Other,10,Friday,1,False,True
201800040422,NonLethal,Daylight,Yes,NoIntersection,Normal,3+Vehicles-Chain,6,Saturday,14,True,False
201800034339,NonLethal,NightStreelightsOn,Yes,X-type,Normal,Other,11,Monday,18,False,False
201800032200,NonLethal,Daylight,No,NoIntersection,VeryGood,2Vehicles-Side,8,Wednesday,14,False,False
201800003607,NonLethal,NightNoStreetLight,No,NoIntersection,Normal,NoCollision,12,Friday,23,False,False
201800044615,NonLethal,Daylight,No,NoIntersection,Normal,2Vehicles-Behind,2,Friday,16,False,False
201800044993,NonLethal,Daylight,No,NoIntersection,Normal,3+Vehicles-Multiple,6,Tuesday,12,False,False
201800040688,NonLethal,Daylight,Yes,X-type,Normal,Other,6,Saturday,12,True,False
201800013244,NonLethal,Daylight,Yes,T-type,Normal,3+Vehicles-Multiple,8,Tuesday,19,False,False
201800047455,NonLethal,Daylight,Yes,X-type,Normal,2Vehicles-BehindVehicles-Frontal,4,Tuesday,18,False,False
201800028944,NonLethal,Daylight,Yes,Y-type,Normal,2Vehicles-Side,9,Tuesday,15,False,False
201800016677,Lethal,Daylight,Yes,X-type,Normal,Other,4,Tuesday,17,False,False
201800051401,NonLethal,NightStreelightsOn,Yes,X-type,Normal,Other,6,Sunday,0,True,True
201800013065,NonLethal,Daylight,No,NoIntersection,Normal,NoCollision,9,Sunday,14,True,False
201800003619,NonLethal,Daylight,No,NoIntersection,Normal,Other,7,Thursday,9,False,False
201800016444,NonLethal,Daylight,Yes,NoIntersection,Normal,NoCollision,12,Friday,16,False,False
201800007971,Lethal,Daylight,No,NoIntersection,Normal,3+Vehicles-Multiple,3,Tuesday,16,False,False
201800051494,NonLethal,Daylight,Yes,X-type,Normal,2Vehicles-Side,5,Wednesday,12,False,False
201800001498,NonLethal,Daylight,No,Other,Normal,3+Vehicles-Chain,9,Friday,10,False,False
201800004500,Lethal,Daylight,No,NoIntersection,Normal,NoCollision,8,Thursday,13,False,False
201800036099,NonLethal,Daylight,No,NoIntersection,Normal,Other,11,Tuesday,17,False,False
201800013786,NonLethal,Daylight,No,NoIntersection,Normal,2Vehicles-BehindVehicles-Frontal,2,Saturday,10,True,False
201800013855,NonLethal,Daylight,Yes,NoIntersection,Normal,2Vehicles-Side,8,Thursday,15,False,False
201800005192,NonLethal,Daylight,Yes,NoIntersection,Normal,Other,1,Saturday,14,True,False
201800030168,Lethal,Daylight,No,NoIntersection,Normal,Other,1,Sunday,16,True,False
201800026902,NonLethal,Daylight,No,NoIntersection,LightRain,3+Vehicles-Multiple,8,Monday,12,False,False
201800027963,NonLethal,Daylight,Yes,T-type,Normal,Other,3,Wednesday,17,False,False
201800039007,NonLethal,Daylight,Yes,Other,Normal,2Vehicles-Behind,5,Monday,9,False,False
201800035885,NonLethal,Daylight,Yes,Roundabout,Normal,2Vehicles-Side,4,Friday,12,False,False
201800006365,NonLethal,Daylight,No,NoIntersection,Normal,NoCollision,8,Wednesday,6,False,True
201800042697,NonLethal,NightStreelightsOn,Yes,X-type,LightRain,Other,10,Tuesday,20,False,False
201800039059,NonLethal,NightStreelightsOn,Yes,LevelCrossing,Normal,Other,1,Friday,3,False,True
201800006758,NonLethal,TwilightOrDawn,No,NoIntersection,Normal,2Vehicles-Behind,8,Sunday,6,True,True
201800013410,Lethal,Daylight,Yes,NoIntersection,VeryGood,Other,9,Tuesday,8,False,False
201800008634,NonLethal,NightStreelightsOn,Yes,NoIntersection,LightRain,NoCollision,3,Monday,1,False,True
201800040067,NonLethal,NightStreelightsOn,Yes,NoIntersection,Normal,2Vehicles-Behind,10,Saturday,22,True,False
201800004472,NonLethal,TwilightOrDawn,Yes,NoIntersection,Normal,Other,6,Friday,21,False,False
201800015800,NonLethal,Daylight,Yes,NoIntersection,Overcast,NoCollision,12,Wednesday,16,False,False
201800017396,NonLethal,NightNoStreetLight,No,X-type,Normal,Other,11,Wednesday,18,False,False
201800020932,NonLethal,NightStreelightsOn,Yes,T-type,Normal,2Vehicles-Side,2,Tuesday,0,False,True
201800013505,NonLethal,Daylight,No,NoIntersection,Normal,Other,2,Saturday,16,True,False
201800028609,NonLethal,NightNoStreetLight,No,NoIntersection,Overcast,NoCollision,11,Saturday,17,True,False
201800014646,NonLethal,Daylight,No,NoIntersection,Normal,Other,7,Wednesday,14,False,False
201800052961,NonLethal,Daylight,Yes,X-type,Overcast,NoCollision,3,Friday,10,False,False
201800022774,NonLethal,TwilightOrDawn,No,NoIntersection,Normal,2Vehicles-BehindVehicles-Frontal,12,Sunday,19,True,False
201800036594,NonLethal,Daylight,Yes,Roundabout,Normal,2Vehicles-Side,5,Saturday,16,True,False
201800037637,NonLethal,Daylight,Yes,NoIntersection,Normal,2Vehicles-Behind,7,Saturday,14,True,False
201800011446,NonLethal,NightNoStreetLight,No,NoIntersection,Normal,NoCollision,8,Friday,21,False,False
201800003455,NonLethal,Daylight,No,NoIntersection,Normal,2Vehicles-Behind,2,Friday,13,False,False
201800012085,NonLethal,NightNoStreetLight,No,NoIntersection,HeavyRain,2Vehicles-BehindVehicles-Frontal,11,Friday,19,False,False
201800006517,NonLethal,Daylight,No,NoIntersection,Normal,NoCollision,9,Sunday,16,True,False
201800033773,NonLethal,Daylight,Yes,X-type,Normal,2Vehicles-Side,5,Sunday,16,True,False
201800033190,NonLethal,NightNoStreetLight,No,NoIntersection,Normal,NoCollision,8,Saturday,19,True,False
201800021071,NonLethal,NightStreelightsOn,Yes,NoIntersection,Normal,Other,3,Thursday,5,False,True
201800038956,NonLethal,Daylight,Yes,Other,LightRain,NoCollision,9,Saturday,15,True,False
201800022693,NonLethal,NightNoStreetLight,No,NoIntersection,LightRain,Other,12,Thursday,17,False,False
201800046658,NonLethal,Daylight,No,NoIntersection,Normal,3+Vehicles-Chain,6,Thursday,18,False,False
201800004067,Lethal,Daylight,No,NoIntersection,Normal,2Vehicles-Side,7,Friday,8,False,False
201800002188,NonLethal,Daylight,Yes,NoIntersection,Normal,2Vehicles-Behind,6,Tuesday,19,False,False
201800034397,NonLethal,Daylight,Yes,Other,Normal,Other,9,Wednesday,17,False,False
201800019465,NonLethal,Daylight,Yes,NoIntersection,Normal,Other,9,Tuesday,18,False,False
201800038854,NonLethal,Daylight,Yes,X-type,Normal,2Vehicles-Side,5,Thursday,17,False,False
201800017569,NonLethal,Daylight,No,NoIntersection,Normal,Other,4,Monday,11,False,False
201800049431,NonLethal,Daylight,No,NoIntersection,Normal,2Vehicles-Side,8,Friday,18,False,False
201800045277,NonLethal,Daylight,No,NoIntersection,Normal,2Vehicles-Behind,5,Thursday,19,False,False
201800012582,NonLethal,Daylight,Yes,NoIntersection,SnowOrHail,2Vehicles-Behind,2,Tuesday,14,False,False
201800038552,NonLethal,Daylight,Yes,NoIntersection,LightRain,2Vehicles-Side,3,Thursday,9,False,False
201800042756,NonLethal,TwilightOrDawn,Yes,NoIntersection,Normal,2Vehicles-Behind,5,Saturday,20,True,False
201800020735,NonLethal,Daylight,Yes,T-type,Normal,Other,11,Friday,15,False,False
201800047732,NonLethal,NightStreelightsOn,Yes,X-type,Normal,3+Vehicles-Multiple,5,Thursday,19,False,False
201800047215,NonLethal,Daylight,No,NoIntersection,Normal,3+Vehicles-Chain,8,Monday,10,False,False
201800022760,NonLethal,Daylight,Yes,X-type,Normal,2Vehicles-Side,8,Sunday,14,True,False
201800009845,NonLethal,Daylight,Yes,NoIntersection,Normal,2Vehicles-Behind,10,Thursday,7,False,False
201800007461,NonLethal,NightStreelightsOn,Yes,Other,LightRain,Other,11,Monday,17,False,False
201800027701,NonLethal,Daylight,Yes,X-type,Normal,2Vehicles-Side,3,Wednesday,17,False,False
201800005121,NonLethal,Daylight,Yes,NoIntersection,Normal,3+Vehicles-Multiple,4,Friday,19,False,False
201800011984,NonLethal,Daylight,Yes,NoIntersection,Normal,Other,4,Wednesday,8,False,False
201800032994,NonLethal,Daylight,Yes,NoIntersection,Normal,Other,7,Saturday,15,True,False
201800004627,NonLethal,NightNoStreetLight,No,NoIntersection,LightRain,Other,4,Friday,22,False,False
201800008587,NonLethal,TwilightOrDawn,Yes,NoIntersection,Normal,3+Vehicles-Multiple,2,Friday,17,False,False
201800012242,NonLethal,Daylight,Yes,NoIntersection,Normal,Other,6,Sunday,11,True,False
201800020619,NonLethal,Daylight,Yes,X-type,Normal,2Vehicles-Behind,9,Thursday,12,False,False
201800057375,NonLethal,NightStreelightsOn,Yes,NoIntersection,Normal,2Vehicles-Behind,10,Saturday,18,True,False
201800021939,NonLethal,Daylight,No,Other,LightRain,Other,12,Monday,14,False,False
201800051468,NonLethal,Daylight,Yes,NoIntersection,LightRain,Other,3,Wednesday,8,False,False
201800031135,NonLethal,NightNoStreetLight,No,NoIntersection,Normal,2Vehicles-BehindVehicles-Frontal,10,Saturday,19,True,False
201800007562,NonLethal,Daylight,No,NoIntersection,Normal,2Vehicles-Behind,1,Wednesday,7,False,False
201800005165,NonLethal,Daylight,Yes,NoIntersection,Normal,Other,9,Friday,11,False,False
201800035156,NonLethal,Daylight,Yes,T-type,Normal,3+Vehicles-Multiple,11,Thursday,14,False,False
201800047045,NonLethal,NightNoStreetLight,No,NoIntersection,Normal,2Vehicles-Behind,11,Thursday,0,False,True
201800057661,NonLethal,NightNoStreetLight,No,NoIntersection,Normal,NoCollision,7,Monday,19,False,False
201800039110,NonLethal,Daylight,Yes,NoIntersection,Normal,NoCollision,1,Saturday,14,True,False
201800000100,NonLethal,Daylight,Yes,NoIntersection,Normal,3+Vehicles-Multiple,2,Saturday,12,True,False
201800043156,NonLethal,Daylight,Yes,NoIntersection,Normal,Other,10,Friday,14,False,False
201800031688,NonLethal,NightStreelightsOn,Yes,NoIntersection,SnowOrHail,Other,3,Saturday,19,True,False
201800006276,NonLethal,NightNoStreetLight,No,NoIntersection,Normal,NoCollision,12,Friday,3,False,True
201800031227,NonLethal,Daylight,Yes,NoIntersection,Normal,2Vehicles-Behind,4,Thursday,16,False,False
201800022151,NonLethal,Daylight,No,NoIntersection,LightRain,3+Vehicles-Chain,11,Tuesday,17,False,False
201800014668,NonLethal,NightNoStreetLight,No,NoIntersection,Normal,NoCollision,11,Sunday,23,True,False
201800050470,NonLethal,Daylight,Yes,X-type,HeavyRain,Other,7,Friday,18,False,False
201800052741,NonLethal,Daylight,Yes,NoIntersection,Normal,2Vehicles-Side,6,Tuesday,18,False,False
201800035441,NonLethal,Daylight,Yes,Roundabout,Normal,Other,6,Sunday,12,True,False
201800011773,NonLethal,Daylight,No,NoIntersection,LightRain,2Vehicles-BehindVehicles-Frontal,4,Wednesday,8,False,False
201800031872,NonLethal,NightStreelightsOn,Yes,NoIntersection,Normal,2Vehicles-Side,8,Saturday,4,True,True
201800006992,NonLethal,TwilightOrDawn,No,T-type,Normal,3+Vehicles-Multiple,11,Thursday,17,False,False
201800049314,NonLethal,Daylight,No,NoIntersection,Normal,3+Vehicles-Chain,1,Tuesday,8,False,False
201800021817,NonLethal,NightNoStreetLight,No,NoIntersection,Normal,2Vehicles-BehindVehicles-Frontal,3,Wednesday,19,False,False
201800030822,NonLethal,Daylight,Yes,NoIntersection,LightRain,2Vehicles-Side,6,Thursday,19,False,False
201800025144,NonLethal,Daylight,Yes,NoIntersection,Normal,Other,5,Friday,19,False,False
201800041760,NonLethal,Daylight,Yes,NoIntersection,Normal,2Vehicles-Side,6,Thursday,18,False,False
201800005811,NonLethal,Daylight,Yes,X-type,Normal,3+Vehicles-Multiple,2,Saturday,11,True,False
201800020327,NonLethal,Daylight,No,NoIntersection,Normal,NoCollision,5,Thursday,15,False,False
201800040793,NonLethal,NightStreelightsOn,Yes,T-type,Normal,3+Vehicles-Multiple,12,Thursday,19,False,False
201800019351,NonLethal,Daylight,Yes,NoIntersection,Normal,2Vehicles-Side,5,Saturday,16,True,False
201800008267,NonLethal,TwilightOrDawn,Yes,NoIntersection,Normal,Other,10,Saturday,8,True,False
201800000313,NonLethal,TwilightOrDawn,No,NoIntersection,LightRain,2Vehicles-Side,6,Tuesday,7,False,False
201800014587,NonLethal,Daylight,No,NoIntersection,Normal,NoCollision,8,Saturday,19,True,False
201800044821,NonLethal,Daylight,No,NoIntersection,Normal,3+Vehicles-Chain,4,Thursday,16,False,False
201800020622,NonLethal,Daylight,Yes,T-type,Normal,2Vehicles-Side,9,Thursday,13,False,False
201800037600,NonLethal,Daylight,Yes,NoIntersection,Normal,3+Vehicles-Multiple,6,Monday,8,False,False
201800000668,Lethal,Daylight,No,NoIntersection,Normal,2Vehicles-BehindVehicles-Frontal,3,Saturday,11,True,False
201800055819,NonLethal,NightStreelightsOn,Yes,T-type,Normal,2Vehicles-Side,3,Friday,19,False,False
201800042048,NonLethal,Daylight,Yes,X-type,Normal,2Vehicles-Side,5,Friday,14,False,False
201800052537,NonLethal,Daylight,Yes,X-type,LightRain,2Vehicles-Behind,9,Sunday,16,True,False
201800032552,NonLethal,Daylight,Yes,T-type,Normal,2Vehicles-Side,10,Tuesday,16,False,False
201800051595,NonLethal,NightStreelightsOn,Yes,X-type,Normal,Other,10,Sunday,18,True,False
201800036360,NonLethal,Daylight,Yes,X-type,Normal,Other,5,Thursday,16,False,False
201800009147,NonLethal,Daylight,Yes,Other,Normal,Other,9,Thursday,14,False,False
201800025762,NonLethal,NightStreelightsOff,Yes,NoIntersection,Normal,Other,10,Sunday,4,True,True
201800019586,NonLethal,NightStreelightsOn,Yes,NoIntersection,Normal,2Vehicles-BehindVehicles-Frontal,12,Saturday,19,True,False
201800043149,NonLethal,Daylight,Yes,NoIntersection,Normal,Other,9,Monday,7,False,False
201800048975,NonLethal,Daylight,No,NoIntersection,Normal,2Vehicles-Behind,12,Saturday,16,True,False
201800023464,NonLethal,NightStreelightsOn,Yes,X-type,Normal,2Vehicles-BehindVehicles-Frontal,12,Friday,17,False,False
201800057158,NonLethal,Daylight,Yes,NoIntersection,Normal,2Vehicles-Side,2,Thursday,6,False,True
201800009281,NonLethal,TwilightOrDawn,Yes,NoIntersection,Normal,Other,6,Thursday,6,False,True
201800010721,NonLethal,NightNoStreetLight,No,NoIntersection,Normal,2Vehicles-BehindVehicles-Frontal,7,Wednesday,22,False,False
201800023221,Lethal,Daylight,No,NoIntersection,Normal,3+Vehicles-Multiple,7,Monday,17,False,False
201800055044,NonLethal,NightStreelightsOn,Yes,X-type,Normal,2Vehicles-Side,6,Tuesday,0,False,True
201800042887,NonLethal,NightStreelightsOn,Yes,NoIntersection,Normal,2Vehicles-BehindVehicles-Frontal,7,Saturday,22,True,False
201800010059,NonLethal,NightStreelightsOn,Yes,T-type,Normal,2Vehicles-Side,11,Tuesday,18,False,False
201800003755,NonLethal,Daylight,No,NoIntersection,Normal,NoCollision,6,Saturday,9,True,False
201800004492,NonLethal,Daylight,No,NoIntersection,Normal,NoCollision,7,Monday,7,False,False
201800028228,NonLethal,Daylight,Yes,Other,Normal,2Vehicles-Side,3,Friday,18,False,False
201800016815,NonLethal,Daylight,No,NoIntersection,Normal,2Vehicles-Side,5,Sunday,11,True,False
201800040020,NonLethal,Daylight,Yes,NoIntersection,Normal,3+Vehicles-Multiple,11,Friday,14,False,False
201800044771,NonLethal,NightStreelightsOn,No,NoIntersection,Normal,Other,4,Saturday,0,True,True
201800039352,NonLethal,Daylight,Yes,X-type,Normal,2Vehicles-BehindVehicles-Frontal,3,Monday,14,False,False
201800002604,NonLethal,NightStreelightsOn,Yes,NoIntersection,Normal,Other,7,Sunday,2,True,True
201800011990,Lethal,NightNoStreetLight,No,NoIntersection,Normal,Other,4,Sunday,6,True,True
201800002435,NonLethal,Daylight,Yes,Y-type,Normal,2Vehicles-BehindVehicles-Frontal,7,Thursday,18,False,False
201800014874,NonLethal,Daylight,Yes,NoIntersection,Normal,Other,5,Wednesday,19,False,False
201800056352,NonLethal,Daylight,No,NoIntersection,Normal,2Vehicles-Behind,3,Thursday,10,False,False
201800010730,NonLethal,Daylight,No,NoIntersection,Normal,Other,2,Wednesday,14,False,False
201800017216,NonLethal,Daylight,No,NoIntersection,Overcast,2Vehicles-BehindVehicles-Frontal,8,Thursday,9,False,False
201800001122,NonLethal,Daylight,No,T-type,LightRain,2Vehicles-Side,1,Monday,8,False,False
201800008501,NonLethal,NightStreelightsOn,Yes,NoIntersection,Normal,Other,10,Tuesday,19,False,False
201800047940,Lethal,NightNoStreetLight,No,NoIntersection,Normal,Other,11,Tuesday,2,False,True
201800022309,NonLethal,Daylight,Yes,NoIntersection,Normal,Other,3,Thursday,12,False,False
201800057486,NonLethal,NightNoStreetLight,Yes,NoIntersection,Normal,2Vehicles-BehindVehicles-Frontal,5,Monday,18,False,False
201800014148,NonLethal,Daylight,Yes,NoIntersection,Normal,2Vehicles-Side,10,Friday,14,False,False
201800014272,NonLethal,NightNoStreetLight,No,NoIntersection,HeavyRain,NoCollision,6,Monday,20,False,False
201800047843,NonLethal,NightStreelightsOn,Yes,NoIntersection,Normal,2Vehicles-Behind,7,Thursday,20,False,False
201800024110,NonLethal,Daylight,Yes,MoreThan4Branches,Normal,2Vehicles-Side,6,Wednesday,11,False,False
201800045468,NonLethal,Daylight,No,NoIntersection,Normal,Other,11,Saturday,9,True,False
201800047783,NonLethal,Daylight,Yes,NoIntersection,Normal,Other,5,Friday,11,False,False
201800057002,NonLethal,Daylight,No,NoIntersection,LightRain,3+Vehicles-Chain,7,Tuesday,13,False,False
201800018014,NonLethal,Daylight,Yes,NoIntersection,Normal,Other,3,Saturday,16,True,False
201800003909,NonLethal,Daylight,Yes,NoIntersection,Normal,Other,7,Saturday,18,True,False
201800035106,NonLethal,Daylight,Yes,NoIntersection,Normal,2Vehicles-Side,8,Wednesday,18,False,False
201800043683,NonLethal,Daylight,Yes,NoIntersection,Normal,Other,6,Friday,11,False,False
201800051799,NonLethal,NightStreelightsOn,Yes,NoIntersection,Normal,2Vehicles-Behind,8,Tuesday,2,False,True
201800041247,NonLethal,NightStreelightsOn,Yes,NoIntersection,Normal,2Vehicles-Side,6,Thursday,22,False,False
201800001000,Lethal,Daylight,No,NoIntersection,VeryGood,NoCollision,7,Sunday,13,True,False
201800036177,NonLethal,NightStreelightsOn,Yes,NoIntersection,Normal,Other,9,Tuesday,5,False,True
201800002391,NonLethal,Daylight,Yes,NoIntersection,Normal,2Vehicles-Behind,3,Thursday,17,False,False
201800000012,NonLethal,NightStreelightsOn,No,Roundabout,FogOrSmoke,Other,5,Thursday,4,False,True
201800052645,NonLethal,Daylight,Yes,T-type,Normal,Other,1,Wednesday,15,False,False
201800057495,NonLethal,Daylight,No,T-type,Normal,2Vehicles-BehindVehicles-Frontal,7,Saturday,7,True,False
201800045623,NonLethal,NightNoStreetLight,No,NoIntersection,LightRain,Other,2,Thursday,23,False,False
201800018897,NonLethal,Daylight,No,NoIntersection,Normal,Other,8,Monday,6,False,True
201800013966,NonLethal,Daylight,Yes,X-type,Normal,2Vehicles-Side,9,Sunday,10,True,False
201800052327,NonLethal,TwilightOrDawn,Yes,T-type,Normal,Other,5,Wednesday,8,False,False
201800049413,NonLethal,Daylight,No,NoIntersection,Normal,3+Vehicles-Chain,7,Monday,14,False,False
201800045834,NonLethal,Daylight,No,NoIntersection,Normal,3+Vehicles-Multiple,4,Wednesday,15,False,False
201800004532,NonLethal,Daylight,Yes,NoIntersection,LightRain,2Vehicles-Behind,10,Monday,10,False,False
201800025574,NonLethal,Daylight,Yes,T-type,Normal,2Vehicles-Side,10,Friday,16,False,False
201800055505,NonLethal,Daylight,Yes,NoIntersection,Normal,3+Vehicles-Chain,7,Thursday,13,False,False
201800042985,NonLethal,TwilightOrDawn,Yes,T-type,Normal,2Vehicles-Side,4,Wednesday,20,False,False
201800020732,NonLethal,Daylight,Yes,Roundabout,Normal,Other,8,Tuesday,18,False,False
201800047556,NonLethal,Daylight,Yes,T-type,Normal,2Vehicles-BehindVehicles-Frontal,6,Tuesday,13,False,False
201800037059,NonLethal,Daylight,No,NoIntersection,Normal,2Vehicles-BehindVehicles-Frontal,12,Sunday,11,True,False
201800023641,NonLethal,Daylight,Yes,NoIntersection,Normal,2Vehicles-Side,7,Thursday,19,False,False
201800049819,NonLethal,Daylight,No,NoIntersection,LightRain,2Vehicles-Behind,2,Monday,11,False,False
201800041212,NonLethal,NightStreelightsOn,Yes,NoIntersection,Normal,3+Vehicles-Chain,1,Thursday,21,False,False
201800057440,NonLethal,Daylight,Yes,NoIntersection,Normal,NoCollision,3,Monday,11,False,False
201800046241,NonLethal,Daylight,No,NoIntersection,Normal,2Vehicles-Behind,11,Friday,9,False,False
201800003817,NonLethal,Daylight,Yes,Roundabout,Normal,2Vehicles-BehindVehicles-Frontal,9,Friday,9,False,False
201800006767,NonLethal,NightNoStreetLight,No,NoIntersection,Normal,2Vehicles-Side,10,Thursday,18,False,False
201800009677,NonLethal,Daylight,Yes,X-type,Normal,2Vehicles-Side,9,Sunday,13,True,False
201800051107,NonLethal,Daylight,Yes,Y-type,Overcast,Other,6,Tuesday,10,False,False
201800020562,NonLethal,Daylight,Yes,X-type,Normal,Other,1,Thursday,12,False,False
201800009482,NonLethal,Daylight,Yes,T-type,Normal,2Vehicles-Side,8,Saturday,14,True,False
201800004108,NonLethal,NightNoStreetLight,No,NoIntersection,StrongWindOrStorm,2Vehicles-Behind,1,Tuesday,19,False,False
201800007203,Lethal,TwilightOrDawn,No,NoIntersection,Normal,Other,7,Saturday,6,True,True
201800056620,NonLethal,Daylight,No,NoIntersection,Normal,2Vehicles-Behind,5,Thursday,13,False,False
201800024502,NonLethal,Daylight,No,X-type,Normal,2Vehicles-Side,11,Tuesday,15,False,False
201800030829,NonLethal,Daylight,Yes,T-type,Normal,2Vehicles-Side,6,Monday,9,False,False
201800043169,NonLethal,Daylight,Yes,NoIntersection,Normal,2Vehicles-Side,12,Saturday,9,True,False
201800045166,NonLethal,TwilightOrDawn,No,NoIntersection,Normal,2Vehicles-Side,1,Tuesday,6,False,True
201800051700,NonLethal,NightStreelightsOn,Yes,X-type,Normal,2Vehicles-Side,4,Sunday,1,True,True
201800002818,NonLethal,NightStreelightsOn,Yes,NoIntersection,Normal,Other,12,Saturday,22,True,False
201800028066,NonLethal,Daylight,Yes,NoIntersection,Normal,Other,7,Tuesday,11,False,False
201800049782,NonLethal,Daylight,No,NoIntersection,Normal,NoCollision,4,Monday,13,False,False
201800050551,NonLethal,NightStreelightsOn,Yes,T-type,Normal,2Vehicles-Behind,5,Wednesday,23,False,False
201800012077,NonLethal,Daylight,No,NoIntersection,Normal,2Vehicles-BehindVehicles-Frontal,11,Friday,15,False,False
201800011150,NonLethal,TwilightOrDawn,No,X-type,VeryGood,2Vehicles-Side,10,Thursday,17,False,False
201800054133,NonLethal,Daylight,Yes,T-type,Normal,2Vehicles-Side,6,Tuesday,8,False,False
201800029295,NonLethal,NightNoStreetLight,No,NoIntersection,Normal,Other,3,Wednesday,22,False,False
201800051837,NonLethal,Daylight,Yes,X-type,Normal,2Vehicles-Behind,10,Wednesday,16,False,False
201800049981,NonLethal,Daylight,No,NoIntersection,Normal,2Vehicles-Behind,8,Friday,19,False,False
201800030590,Lethal,NightStreelightsOn,Yes,NoIntersection,Normal,NoCollision,7,Friday,0,False,True
201800021798,NonLethal,Daylight,No,NoIntersection,Normal,Other,8,Thursday,18,False,False
201800046306,Lethal,Daylight,No,NoIntersection,Normal,Other,12,Friday,12,False,False
201800013680,Lethal,NightStreelightsOn,Yes,NoIntersection,Normal,2Vehicles-BehindVehicles-Frontal,8,Tuesday,2,False,True
201800010623,NonLethal,TwilightOrDawn,No,NoIntersection,Normal,2Vehicles-BehindVehicles-Frontal,5,Tuesday,6,False,True
201800012272,NonLethal,Daylight,No,NoIntersection,Normal,NoCollision,8,Monday,11,False,False
201800041343,NonLethal,NightStreelightsOn,Yes,NoIntersection,Normal,Other,4,Friday,23,False,False
201800016754,NonLethal,Daylight,No,X-type,Normal,2Vehicles-Side,3,Thursday,10,False,False
201800006692,NonLethal,Daylight,Yes,NoIntersection,Normal,2Vehicles-Side,7,Monday,9,False,False
201800044070,NonLethal,Daylight,No,Other,Normal,2Vehicles-Behind,6,Friday,14,False,False
201800014201,NonLethal,Daylight,Yes,NoIntersection,Normal,2Vehicles-Side,4,Monday,16,False,False
201800000861,NonLethal,Daylight,Yes,X-type,Normal,2Vehicles-Side,9,Monday,8,False,False
201800046744,Lethal,Daylight,No,NoIntersection,Normal,2Vehicles-Side,7,Saturday,10,True,False
201800048212,NonLethal,Daylight,Yes,X-type,Normal,Other,4,Monday,8,False,False
201800007154,NonLethal,NightStreelightsOn,Yes,X-type,Normal,2Vehicles-Behind,4,Wednesday,2,False,True
201800035795,Lethal,Daylight,Yes,NoIntersection,Normal,NoCollision,7,Tuesday,11,False,False
201800047540,NonLethal,NightStreelightsOn,Yes,T-type,HeavyRain,2Vehicles-Side,7,Friday,22,False,False
201800013073,NonLethal,Daylight,No,NoIntersection,LightRain,Other,12,Saturday,15,True,False
201800039759,NonLethal,Daylight,Yes,NoIntersection,Normal,Other,11,Friday,16,False,False
201800053156,NonLethal,Daylight,Yes,T-type,Normal,2Vehicles-Side,10,Tuesday,9,False,False
201800050994,NonLethal,NightStreelightsOn,Yes,X-type,Normal,2Vehicles-Side,11,Friday,3,False,True
201800014934,NonLethal,Daylight,No,Y-type,Normal,2Vehicles-Side,9,Thursday,15,False,False
201800044110,NonLethal,Daylight,No,NoIntersection,Normal,2Vehicles-Behind,7,Monday,19,False,False
201800003162,NonLethal,Daylight,No,T-type,Normal,2Vehicles-Side,8,Wednesday,17,False,False
201800056175,NonLethal,Daylight,Yes,NoIntersection,Normal,Other,1,Saturday,13,True,False
201800017265,NonLethal,Daylight,Yes,NoIntersection,Normal,NoCollision,9,Sunday,13,True,False
201800013849,NonLethal,Daylight,Yes,Roundabout,Normal,2Vehicles-Side,3,Wednesday,7,False,False
201800041189,NonLethal,NightStreelightsOn,Yes,NoIntersection,Normal,Other,1,Wednesday,19,False,False
201800034429,NonLethal,Daylight,Yes,T-type,Normal,2Vehicles-Side,3,Wednesday,18,False,False
201800042661,NonLethal,Daylight,Yes,T-type,Normal,2Vehicles-Side,4,Friday,17,False,False
201800050723,NonLethal,Daylight,Yes,X-type,Normal,2Vehicles-Side,9,Monday,10,False,False
201800012988,NonLethal,Daylight,No,NoIntersection,Normal,NoCollision,6,Wednesday,17,False,False
201800026244,Lethal,NightNoStreetLight,Yes,NoIntersection,Other,Other,4,Sunday,1,True,True
201800019044,NonLethal,Daylight,No,Other,Normal,2Vehicles-Side,5,Saturday,17,True,False
201800048364,Lethal,Daylight,Yes,X-type,Normal,2Vehicles-Side,6,Tuesday,13,False,False
201800012815,NonLethal,NightStreelightsOn,Yes,NoIntersection,Normal,NoCollision,4,Monday,19,False,False
201800023022,NonLethal,NightStreelightsOn,Yes,NoIntersection,LightRain,Other,8,Saturday,21,True,False
201800011475,NonLethal,Daylight,No,X-type,Normal,2Vehicles-Behind,6,Saturday,12,True,False
201800054524,NonLethal,Daylight,Yes,NoIntersection,Normal,Other,9,Wednesday,15,False,False
201800037182,NonLethal,Daylight,Yes,NoIntersection,Normal,2Vehicles-Side,12,Monday,10,False,False
201800057529,NonLethal,Daylight,No,NoIntersection,Normal,2Vehicles-Side,12,Monday,13,False,False