AccidentId,Gravity,Light,InAgglomeration,IntersectionType,Weather,CollisionType,Month,DayOfWeek,HourOfDay,IsWeekend,IsNight
201800047900,Lethal,NightNoStreetLight,No,NoIntersection,Normal,Other,2,Friday,21,False,False
201800006061,NonLethal,Daylight,No,NoIntersection,Normal,2Vehicles-Side,8,Saturday,16,True,False
201800017797,NonLethal,Daylight,Yes,NoIntersection,Normal,3+Vehicles-Multiple,9,Wednesday,16,False,False
201800020295,NonLethal,NightNoStreetLight,No,NoIntersection,StrongWindOrStorm,3+Vehicles-Chain,10,Wednesday,19,False,False
201800033545,NonLethal,Daylight,Yes,Roundabout,Normal,Other,9,Friday,7,False,False
201800031000,NonLethal,Daylight,Yes,NoIntersection,Normal,2Vehicles-Behind,5,Thursday,9,False,False
201800017440,NonLethal,Daylight,No,T-type,Normal,2Vehicles-Side,5,Thursday,12,False,False
201800002780,Lethal,NightStreelightsOn,No,T-type,Normal,Other,10,Saturday,0,True,True
201800004602,NonLethal,Daylight,No,NoIntersection,Normal,NoCollision,7,Sunday,12,True,False
201800022064,NonLethal,Daylight,Yes,NoIntersection,LightRain,2Vehicles-Behind,4,Friday,11,False,False
201800037197,NonLethal,Daylight,Yes,NoIntersection,FogOrSmoke,3+Vehicles-Chain,11,Friday,12,False,False
201800030405,NonLethal,Daylight,Yes,Other,Normal,NoCollision,8,Thursday,8,False,False
201800049595,NonLethal,Daylight,No,NoIntersection,Normal,Other,9,Thursday,8,False,False
201800001075,NonLethal,NightNoStreetLight,No,NoIntersection,Normal,Other,8,Monday,4,False,True
201800030721,NonLethal,Daylight,Yes,Roundabout,Normal,2Vehicles-Side,1,Wednesday,15,False,False
201800046982,NonLethal,Daylight,No,NoIntersection,Normal,2Vehicles-Behind,10,Tuesday,18,False,False
201800022191,NonLethal,Daylight,Yes,X-type,LightRain,2Vehicles-Behind,4,Friday,13,False,False
201800043011,NonLethal,Daylight,Yes,NoIntersection,Normal,2Vehicles-Side,6,Friday,19,False,False
201800020177,NonLethal,Daylight,No,NoIntersection,VeryGood,NoCollision,6,Friday,18,False,False
201800001862,NonLethal,Daylight,No,NoIntersection,Normal,2Vehicles-Side,6,Sunday,18,True,False
201800034686,NonLethal,Daylight,Yes,NoIntersection,Normal,Other,5,Friday,17,False,False
201800009756,NonLethal,Daylight,Yes,T-type,Normal,2Vehicles-Side,9,Friday,12,False,False
201800007599,NonLethal,Daylight,No,NoIntersection,Overcast,NoCollision,4,Thursday,10,False,False
201800000071,NonLethal,Daylight,Yes,Y-type,LightRain,Other,3,Thursday,13,False,False
201800008106,NonLethal,NightStreelightsOn,Yes,Other,Normal,2Vehicles-Side,12,Wednesday,19,False,False
201800015558,NonLethal,NightNoStreetLight,No,Roundabout,HeavyRain,Other,6,Sunday,21,True,False
201800025345,NonLethal,Daylight,Yes,NoIntersection,Normal,NoCollision,5,Tuesday,17,False,False
201800021985,Lethal,NightNoStreetLight,No,NoIntersection,Normal,3+Vehicles-Multiple,11,Friday,7,False,False
201800005075,NonLethal,Daylight,Yes,Other,Normal,2Vehicles-Side,5,Monday,19,False,False
201800044791,NonLethal,NightNoStreetLight,No,NoIntersection,Normal,Other,4,Thursday,23,False,False
201800019531,NonLethal,Daylight,Yes,X-type,Normal,2Vehicles-Side,10,Monday,16,False,False
201800041556,NonLethal,Daylight,Yes,X-type,Normal,2Vehicles-Side,3,Wednesday,8,False,False
201800015265,NonLethal,Daylight,No,NoIntersection,Normal,NoCollision,11,Wednesday,11,False,False
201800020309,NonLethal,NightNoStreetLight,No,NoIntersection,LightRain,2Vehicles-BehindVehicles-Frontal,2,Monday,18,False,False
201800039713,NonLethal,Daylight,Yes,NoIntersection,Normal,Other,5,Wednesday,13,False,False
201800054307,NonLethal,Daylight,Yes,T-type,Normal,Other,1,Tuesday,15,False,False
201800054534,NonLethal,Daylight,Yes,Square,Normal,2Vehicles-Behind,9,Tuesday,6,False,True
201800041548,Lethal,Daylight,Yes,X-type,Normal,Other,2,Friday,13,False,False
201800056326,NonLethal,Daylight,No,NoIntersection,Normal,2Vehicles-Side,11,Tuesday,16,False,False
201800041059,NonLethal,Daylight,Yes,NoIntersection,Normal,2Vehicles-BehindVehicles-Frontal,9,Thursday,14,False,False
201800017975,Lethal,NightNoStreetLight,No,NoIntersection,Normal,Other,1,Sunday,0,True,True
201800014742,NonLethal,Daylight,Yes,T-type,Normal,Other,8,Tuesday,15,False,False
201800007103,NonLethal,NightStreelightsOff,Yes,NoIntersection,Normal,2Vehicles-Side,4,Friday,23,False,False
201800004903,NonLethal,Daylight,Yes,NoIntersection,Normal,2Vehicles-BehindVehicles-Frontal,8,Friday,17,False,False
201800056362,NonLethal,Daylight,No,NoIntersection,Normal,2Vehicles-BehindVehicles-Frontal,5,Wednesday,16,False,False
201800050070,NonLethal,Daylight,No,NoIntersection,Normal,2Vehicles-Behind,10,Saturday,12,True,False
201800035328,NonLethal,Daylight,Yes,T-type,LightRain,2Vehicles-Side,9,Monday,18,False,False
201800030886,NonLethal,NightStreelightsOn,Yes,X-type,Normal,2Vehicles-Side,9,Saturday,21,True,False
201800006485,Lethal,NightNoStreetLight,No,NoIntersection,Normal,3+Vehicles-Multiple,9,Saturday,23,True,False
201800053205,NonLethal,NightStreelightsOn,Yes,X-type,Normal,Other,6,Tuesday,16,False,False
201800041146,NonLethal,NightStreelightsOn,Yes,NoIntersection,Normal,2Vehicles-Behind,5,Sunday,2,True,True
201800042901,NonLethal,Daylight,Yes,T-type,Normal,2Vehicles-Side,8,Tuesday,15,False,False
201800002398,NonLethal,Daylight,Yes,NoIntersection,Normal,2Vehicles-BehindVehicles-Frontal,8,Monday,8,False,False
201800018091,NonLethal,NightNoStreetLight,No,NoIntersection,Normal,Other,5,Sunday,22,True,False
201800052683,NonLethal,NightStreelightsOn,Yes,NoIntersection,LightRain,2Vehicles-Side,3,Thursday,20,False,False
201800052513,NonLethal,NightStreelightsOn,Yes,Square,Normal,2Vehicles-Side,8,Friday,2,False,True
201800015383,NonLethal,Daylight,No,NoIntersection,VeryGood,2Vehicles-BehindVehicles-Frontal,7,Sunday,18,True,False
201800026424,NonLethal,Daylight,Yes,NoIntersection,Normal,2Vehicles-Behind,1,Wednesday,9,False,False
201800039981,NonLethal,Daylight,Yes,NoIntersection,Normal,Other,10,Sunday,9,True,False
201800051865,NonLethal,NightStreelightsOn,Yes,NoIntersection,LightRain,Other,11,Monday,17,False,False
201800028086,NonLethal,Daylight,Yes,T-type,Normal,2Vehicles-Behind,8,Friday,10,False,False
201800027516,NonLethal,Daylight,Yes,NoIntersection,Overcast,Other,8,Saturday,8,True,False
201800017917,NonLethal,TwilightOrDawn,Yes,NoIntersection,Normal,Other,3,Tuesday,19,False,False
201800033915,NonLethal,TwilightOrDawn,Yes,X-type,Normal,2Vehicles-Side,6,Friday,17,False,False
201800029839,NonLethal,Daylight,Yes,NoIntersection,Normal,Other,1,Sunday,15,True,False
201800010133,NonLethal,Daylight,Yes,NoIntersection,Normal,3+Vehicles-Multiple,12,Saturday,16,True,False
201800051213,NonLethal,Daylight,Yes,Square,Normal,Other,1,Wednesday,14,False,False
201800056351,NonLethal,Daylight,Yes,NoIntersection,Normal,Other,7,Tuesday,9,False,False
201800015857,NonLethal,TwilightOrDawn,No,Other,Normal,3+Vehicles-Multiple,1,Wednesday,6,False,True
201800052407,NonLethal,NightStreelightsOn,Yes,T-type,LightRain,Other,4,Sunday,4,True,True
201800011052,NonLethal,Daylight,No,NoIntersection,Normal,3+Vehicles-Multiple,5,Friday,11,False,False
201800006518,NonLethal,Daylight,No,NoIntersection,Normal,Other,10,Monday,17,False,False
201800024184,NonLethal,Daylight,Yes,NoIntersection,Normal,Other,3,Monday,10,False,False
201800008457,NonLethal,NightStreelightsOn,Yes,MoreThan4Branches,Normal,Other,4,Monday,4,False,True
201800021855,NonLethal,Daylight,No,NoIntersection,Normal,3+Vehicles-Chain,5,Sunday,17,True,False
201800002272,NonLethal,NightStreelightsOn,Yes,NoIntersection,Normal,Other,7,Saturday,2,True,True
201800007065,NonLethal,Daylight,Yes,NoIntersection,Normal,2Vehicles-Side,2,Friday,16,False,False
201800015674,NonLethal,Daylight,Yes,NoIntersection,Normal,Other,9,Thursday,18,False,False
201800046995,NonLethal,Daylight,No,NoIntersection,Normal,Other,10,Friday,16,False,False
201800033751,NonLethal,NightStreelightsOn,Yes,X-type,LightRain,2Vehicles-Side,4,Sunday,0,True,True
201800056854,NonLethal,NightStreelightsOn,Yes,NoIntersection,Normal,2Vehicles-Side,2,Tuesday,21,False,False
201800051378,NonLethal,NightStreelightsOn,Yes,X-type,Normal,Other,11,Thursday,2,False,True
201800031006,NonLethal,Daylight,Yes,NoIntersection,Normal,2Vehicles-Behind,6,Sunday,14,True,False
201800054375,NonLethal,Daylight,Yes,X-type,Normal,NoCollision,4,Tuesday,10,False,False
201800045942,NonLethal,Daylight,No,NoIntersection,Normal,3+Vehicles-Chain,6,Friday,14,False,False
201800050193,NonLethal,Daylight,No,NoIntersection,Normal,3+Vehicles-Chain,12,Monday,10,False,False
201800042292,NonLethal,Daylight,Yes,NoIntersection,Normal,Other,5,Sunday,18,True,False
201800011032,NonLethal,Daylight,No,NoIntersection,Normal,NoCollision,7,Saturday,8,True,False
201800018417,NonLethal,NightNoStreetLight,No,NoIntersection,Overcast,2Vehicles-BehindVehicles-Frontal,12,Saturday,6,True,True
201800056525,NonLethal,NightNoStreetLight,Yes,X-type,Normal,2Vehicles-Side,11,Wednesday,18,False,False
201800023931,NonLethal,Daylight,Yes,X-type,Normal,2Vehicles-Side,6,Wednesday,14,False,False
201800034553,NonLethal,NightNoStreetLight,No,Roundabout,Normal,NoCollision,9,Sunday,22,True,False
201800031069,NonLethal,Daylight,Yes,NoIntersection,VeryGood,2Vehicles-Behind,5,Thursday,18,False,False
201800034158,NonLethal,Daylight,Yes,X-type,Normal,2Vehicles-BehindVehicles-Frontal,10,Friday,18,False,False
201800002767,NonLethal,NightStreelightsOn,Yes,NoIntersection,LightRain,NoCollision,1,Friday,19,False,False
201800002942,NonLethal,Daylight,No,X-type,Overcast,2Vehicles-Side,1,Wednesday,10,False,False
201800003722,NonLethal,Daylight,No,NoIntersection,Normal,2Vehicles-Side,5,Sunday,9,True,False
201800009685,NonLethal,Daylight,Yes,NoIntersection,Normal,Other,9,Monday,17,False,False
201800008119,NonLethal,Daylight,Yes,NoIntersection,Normal,Other,6,Tuesday,8,False,False
201800038695,NonLethal,Daylight,Yes,NoIntersection,Normal,Other,5,Saturday,19,True,False
201800003955,NonLethal,Daylight,Yes,NoIntersection,Normal,Other,4,Tuesday,7,False,False
201800043428,NonLethal,Daylight,Yes,NoIntersection,Normal,2Vehicles-Behind,4,Friday,19,False,False
201800022467,NonLethal,TwilightOrDawn,Yes,Y-type,Normal,3+Vehicles-Multiple,2,Thursday,17,False,False
201800041071,NonLethal,Daylight,Yes,NoIntersection,Normal,2Vehicles-Behind,10,Monday,11,False,False
201800002065,NonLethal,Daylight,No,NoIntersection,Overcast,2Vehicles-BehindVehicles-Frontal,2,Sunday,11,True,False
201800017274,NonLethal,Daylight,Yes,NoIntersection,Normal,Other,7,Tuesday,13,False,False
201800040297,NonLethal,TwilightOrDawn,Yes,X-type,Normal,2Vehicles-Side,4,Sunday,20,True,False
201800012976,NonLethal,TwilightOrDawn,No,NoIntersection,VeryGood,2Vehicles-BehindVehicles-Frontal,5,Thursday,19,False,False
201800011566,NonLethal,Daylight,No,NoIntersection,Normal,NoCollision,11,Saturday,12,True,False
201800003225,NonLethal,Daylight,Yes,T-type,Overcast,2Vehicles-Side,10,Wednesday,11,False,False
201800009096,NonLethal,Daylight,Yes,NoIntersection,Normal,2Vehicles-Behind,1,Saturday,17,True,False
201800035903,NonLethal,Daylight,Yes,NoIntersection,Normal,2Vehicles-Behind,6,Wednesday,10,False,False
201800037532,NonLethal,Daylight,Yes,NoIntersection,Normal,Other,12,Wednesday,13,False,False
201800018991,Lethal,NightNoStreetLight,No,NoIntersection,Normal,2Vehicles-BehindVehicles-Frontal,1,Sunday,19,True,False
201800047483,NonLethal,Daylight,Yes,NoIntersection,Normal,2Vehicles-Behind,4,Thursday,8,False,False
201800049380,NonLethal,Daylight,No,NoIntersection,Normal,NoCollision,5,Sunday,19,True,False
201800011500,NonLethal,Daylight,No,NoIntersection,Normal,2Vehicles-Side,12,Wednesday,15,False,False
201800026277,NonLethal,NightNoStreetLight,No,NoIntersection,LightRain,3+Vehicles-Chain,1,Sunday,0,True,True
201800042221,NonLethal,NightStreelightsOn,Yes,T-type,Normal,3+Vehicles-Chain,8,Wednesday,19,False,False
201800011021,NonLethal,NightStreelightsOn,Yes,Other,LightRain,Other,1,Thursday,7,False,False
201800055419,NonLethal,Daylight,Yes,NoIntersection,Normal,2Vehicles-Side,5,Thursday,19,False,False
201800033127,Lethal,Daylight,Yes,NoIntersection,Normal,Other,2,Tuesday,20,False,False
201800042556,NonLethal,Daylight,Yes,Other,Normal,2Vehicles-Side,8,Tuesday,17,False,False
201800021202,NonLethal,Daylight,Yes,NoIntersection,Normal,2Vehicles-BehindVehicles-Frontal,6,Friday,17,False,False
201800016493,NonLethal,NightStreelightsOn,Yes,NoIntersection,Normal,2Vehicles-BehindVehicles-Frontal,6,Sunday,0,True,True
201800006525,NonLethal,NightStreelightsOn,Yes,NoIntersection,LightRain,NoCollision,10,Friday,20,False,False
201800026912,NonLethal,Daylight,Yes,NoIntersection,Normal,3+Vehicles-Chain,6,Saturday,8,True,False
201800018156,NonLethal,TwilightOrDawn,No,NoIntersection,Normal,2Vehicles-Side,10,Tuesday,17,False,False
201800022723,NonLethal,Daylight,No,NoIntersection,Normal,2Vehicles-BehindVehicles-Frontal,7,Wednesday,8,False,False
201800014466,NonLethal,Daylight,Yes,NoIntersection,Normal,2Vehicles-Side,6,Thursday,16,False,False
201800030031,NonLethal,Daylight,Yes,NoIntersection,Normal,Other,6,Thursday,11,False,False
201800015870,NonLethal,Daylight,No,NoIntersection,Normal,NoCollision,4,Sunday,9,True,False
201800018936,NonLethal,Daylight,No,NoIntersection,Normal,NoCollision,7,Thursday,9,False,False
201800055271,NonLethal,Daylight,Yes,NoIntersection,Normal,Other,2,Saturday,11,True,False
201800039738,NonLethal,NightStreelightsOn,Yes,NoIntersection,Normal,Other,8,Thursday,0,False,True
201800043672,NonLethal,Daylight,Yes,NoIntersection,Normal,2Vehicles-BehindVehicles-Frontal,5,Tuesday,18,False,False
201800038623,NonLethal,NightStreelightsOn,Yes,T-type,Overcast,2Vehicles-Side,9,Saturday,22,True,False
201800035706,NonLethal,Daylight,Yes,Roundabout,Normal,Other,6,Saturday,11,True,False
201800040131,NonLethal,NightStreelightsOn,Yes,X-type,Normal,2Vehicles-Behind,9,Monday,0,False,True
201800052333,NonLethal,Daylight,Yes,X-type,Normal,Other,2,Wednesday,14,False,False
201800006882,NonLethal,NightNoStreetLight,No,NoIntersection,Overcast,2Vehicles-Behind,12,Friday,4,False,True
201800028791,NonLethal,Daylight,Yes,NoIntersection,VeryGood,Other,6,Saturday,8,True,False
201800006038,NonLethal,NightNoStreetLight,No,NoIntersection,LightRain,3+Vehicles-Chain,2,Monday,19,False,False
201800001770,NonLethal,Daylight,No,NoIntersection,Normal,2Vehicles-Side,5,Thursday,15,False,False
201800011541,NonLethal,Daylight,Yes,NoIntersection,Other,2Vehicles-BehindVehicles-Frontal,2,Wednesday,8,False,False
201800009205,NonLethal,Daylight,Yes,NoIntersection,Normal,3+Vehicles-Chain,6,Wednesday,17,False,False
201800025187,NonLethal,Daylight,Yes,T-type,Normal,2Vehicles-Side,1,Thursday,8,False,False
201800005508,NonLethal,TwilightOrDawn,Yes,NoIntersection,Normal,3+Vehicles-Chain,12,Friday,17,False,False
201800025004,NonLethal,Daylight,No,NoIntersection,Normal,2Vehicles-Behind,11,Thursday,14,False,False
201800044691,NonLethal,TwilightOrDawn,No,NoIntersection,LightRain,2Vehicles-Side,3,Thursday,18,False,False
201800020956,NonLethal,NightStreelightsOn,Yes,X-type,Normal,2Vehicles-Side,2,Tuesday,20,False,False
201800009337,NonLethal,Daylight,Yes,NoIntersection,Normal,Other,10,Sunday,12,True,False
201800025428,NonLethal,Daylight,Yes,NoIntersection,Normal,2Vehicles-Side,7,Saturday,17,True,False
201800037559,NonLethal,NightStreelightsOn,Yes,X-type,LightRain,2Vehicles-Side,1,Thursday,19,False,False
201800037283,NonLethal,Daylight,Yes,NoIntersection,Normal,NoCollision,7,Monday,9,False,False
201800013209,NonLethal,Daylight,No,NoIntersection,Normal,2Vehicles-Side,9,Friday,18,False,False
201800013487,NonLethal,Daylight,No,NoIntersection,Overcast,NoCollision,2,Monday,9,False,False
201800040678,NonLethal,Daylight,Yes,NoIntersection,Normal,Other,5,Monday,12,False,False
201800007816,NonLethal,TwilightOrDawn,Yes,NoIntersection,Normal,Other,12,Friday,7,False,False
201800025720,NonLethal,Daylight,Yes,X-type,Normal,2Vehicles-Side,6,Saturday,19,True,False
201800030177,NonLethal,NightNoStreetLight,No,NoIntersection,LightRain,NoCollision,8,Sunday,17,True,False
201800043209,NonLethal,Daylight,Yes,NoIntersection,Normal,Other,4,Wednesday,11,False,False
201800018644,NonLethal,Daylight,Yes,X-type,HeavyRain,2Vehicles-Side,8,Friday,13,False,False
201800030476,NonLethal,Daylight,Yes,Square,Normal,Other,6,Sunday,17,True,False
201800013394,NonLethal,Daylight,No,NoIntersection,Normal,2Vehicles-Behind,7,Friday,15,False,False
201800038617,NonLethal,Daylight,Yes,NoIntersection,Normal,2Vehicles-BehindVehicles-Frontal,9,Wednesday,7,False,False
201800019014,NonLethal,Daylight,No,NoIntersection,Normal,3+Vehicles-Chain,10,Thursday,14,False,False
201800043899,NonLethal,Daylight,No,NoIntersection,Normal,3+Vehicles-Chain,4,Friday,13,False,False
201800015319,Lethal,TwilightOrDawn,No,NoIntersection,HeavyRain,2Vehicles-BehindVehicles-Frontal,1,Monday,8,False,False
201800017260,NonLethal,Daylight,No,X-type,Normal,2Vehicles-Side,6,Friday,8,False,False
201800007691,NonLethal,Daylight,Yes,T-type,Normal,2Vehicles-Side,10,Thursday,16,False,False
201800012076,NonLethal,Daylight,Yes,NoIntersection,HeavyRain,2Vehicles-Side,1,Friday,8,False,False
201800051970,NonLethal,NightNoStreetLight,Yes,NoIntersection,Normal,Other,3,Saturday,19,True,False
201800010066,NonLethal,NightStreelightsOn,Yes,X-type,Normal,2Vehicles-Side,12,Tuesday,23,False,False
201800005225,NonLethal,Daylight,Yes,NoIntersection,Normal,2Vehicles-Behind,11,Monday,11,False,False
201800053933,NonLethal,NightStreelightsOn,Yes,T-type,Normal,NoCollision,5,Friday,17,False,False
201800016230,NonLethal,Daylight,No,Other,Normal,2Vehicles-Side,10,Wednesday,13,False,False
201800055903,NonLethal,Daylight,Yes,T-type,Normal,2Vehicles-Side,7,Thursday,15,False,False
201800055159,Lethal,NightStreelightsOn,Yes,X-type,Normal,Other,10,Thursday,22,False,False
201800045490,NonLethal,Daylight,No,NoIntersection,Normal,2Vehicles-Behind,11,Saturday,16,True,False
201800018841,Lethal,Daylight,No,T-type,Normal,2Vehicles-Side,8,Sunday,12,True,False
201800018292,NonLethal,Daylight,No,NoIntersection,Normal,2Vehicles-BehindVehicles-Frontal,11,Sunday,15,True,False
201800035543,NonLethal,Daylight,Yes,NoIntersection,LightRain,3+Vehicles-Multiple,5,Sunday,17,True,False
201800019521,NonLethal,Daylight,Yes,Roundabout,Normal,2Vehicles-Side,4,Thursday,19,False,False
201800009372,NonLethal,Daylight,Yes,NoIntersection,Normal,Other,7,Saturday,7,True,False
201800011555,NonLethal,Daylight,No,NoIntersection,Overcast,Other,11,Thursday,17,False,False
201800054343,NonLethal,Daylight,Yes,X-type,Normal,Other,3,Saturday,14,True,False
201800041171,NonLethal,Daylight,Yes,Other,Normal,2Vehicles-Side,10,Wednesday,15,False,False
201800013353,NonLethal,Daylight,No,X-type,Normal,2Vehicles-Side,9,Tuesday,17,False,False
201800035517,NonLethal,NightNoStreetLight,Yes,NoIntersection,Normal,Other,3,Sunday,1,True,True
201800028524,NonLethal,Daylight,Yes,NoIntersection,Normal,2Vehicles-Behind,9,Monday,13,False,False
201800009660,NonLethal,Daylight,Yes,NoIntersection,Normal,2Vehicles-Behind,9,Thursday,19,False,False
201800032395,NonLethal,NightStreelightsOn,Yes,X-type,Normal,2Vehicles-Side,3,Thursday,21,False,False
201800019774,NonLethal,TwilightOrDawn,No,NoIntersection,LightRain,NoCollision,10,Sunday,17,True,False
201800013733,NonLethal,NightStreelightsOn,Yes,NoIntersection,LightRain,2Vehicles-BehindVehicles-Frontal,9,Saturday,21,True,False
201800039111,NonLethal,Daylight,Yes,X-type,LightRain,NoCollision,1,Tuesday,9,False,False
201800041569,NonLethal,Daylight,Yes,Square,Normal,2Vehicles-Side,9,Wednesday,19,False,False
201800039776,NonLethal,Daylight,Yes,X-type,Normal,2Vehicles-Side,2,Tuesday,8,False,False
201800054593,NonLethal,NightStreelightsOn,Yes,T-type,Normal,2Vehicles-Side,11,Friday,18,False,False
201800050054,NonLethal,Daylight,No,NoIntersection,Normal,3+Vehicles-Multiple,10,Tuesday,16,False,False
201800001364,NonLethal,Daylight,No,NoIntersection,Normal,3+Vehicles-Chain,12,Friday,17,False,False
201800041124,Lethal,NightStreelightsOn,Yes,T-type,LightRain,2Vehicles-Side,2,Tuesday,21,False,False
201800002218,NonLethal,Daylight,Yes,NoIntersection,Normal,Other,5,Sunday,10,True,False
201800025571,NonLethal,Daylight,Yes,NoIntersection,Normal,NoCollision,10,Wednesday,14,False,False
201800012195,Lethal,TwilightOrDawn,No,NoIntersection,FogOrSmoke,NoCollision,9,Saturday,7,True,False
201800032437,NonLethal,Daylight,Yes,X-type,Normal,2Vehicles-Side,4,Monday,18,False,False
201800045757,NonLethal,NightNoStreetLight,No,NoIntersection,HeavyRain,3+Vehicles-Chain,11,Saturday,4,True,True
201800040837,NonLethal,NightStreelightsOn,Yes,NoIntersection,Normal,Other,3,Friday,19,False,False
201800030658,NonLethal,NightStreelightsOn,Yes,NoIntersection,Normal,Other,5,Saturday,22,True,False
201800051092,NonLethal,Daylight,Yes,Square,Normal,2Vehicles-Side,6,Monday,16,False,False
201800050219,NonLethal,Daylight,Yes,NoIntersection,Overcast,Other,2,Friday,14,False,False
201800005696,NonLethal,NightStreelightsOff,Yes,NoIntersection,Normal,Other,6,Thursday,0,False,True
201800031282,NonLethal,Daylight,Yes,NoIntersection,Normal,2Vehicles-Side,7,Friday,10,False,False
201800018141,NonLethal,Daylight,No,X-type,LightRain,2Vehicles-Side,4,Monday,16,False,False
201800004352,NonLethal,NightNoStreetLight,No,NoIntersection,LightRain,2Vehicles-BehindVehicles-Frontal,12,Wednesday,20,False,False
201800045587,NonLethal,Daylight,No,NoIntersection,LightRain,2Vehicles-Side,12,Friday,14,False,False
201800044874,NonLethal,Daylight,No,NoIntersection,Normal,2Vehicles-Behind,5,Monday,9,False,False
201800040036,NonLethal,NightStreelightsOn,Yes,NoIntersection,LightRain,Other,12,Friday,22,False,False
201800019148,NonLethal,Daylight,Yes,X-type,Normal,2Vehicles-Behind,11,Sunday,15,True,False
201800025594,NonLethal,Daylight,Yes,X-type,Normal,Other,11,Wednesday,14,False,False
201800000512,NonLethal,Daylight,Yes,Roundabout,Normal,2Vehicles-Side,10,Wednesday,15,False,False
201800031555,NonLethal,Daylight,No,NoIntersection,Normal,Other,1,Wednesday,11,False,False
201800046083,NonLethal,Daylight,No,NoIntersection,Normal,2Vehicles-Side,9,Thursday,14,False,False
201800007939,Lethal,TwilightOrDawn,Yes,NoIntersection,VeryGood,Other,7,Thursday,7,False,False
201800050066,NonLethal,Daylight,No,NoIntersection,Normal,3+Vehicles-Chain,10,Friday,8,False,False
201800045270,NonLethal,Daylight,No,NoIntersection,Normal,3+Vehicles-Chain,10,Thursday,17,False,False
201800004086,Lethal,NightNoStreetLight,No,NoIntersection,Normal,Other,1,Wednesday,23,False,False
201800036897,NonLethal,Daylight,No,NoIntersection,Normal,2Vehicles-Side,3,Monday,14,False,False
201800035356,NonLethal,Daylight,Yes,NoIntersection,Normal,2Vehicles-Side,8,Friday,7,False,False
201800002685,Lethal,TwilightOrDawn,No,NoIntersection,Normal,2Vehicles-BehindVehicles-Frontal,12,Wednesday,8,False,False
201800028337,NonLethal,Daylight,Yes,NoIntersection,Normal,3+Vehicles-Chain,2,Wednesday,14,False,False
201800020184,NonLethal,Daylight,No,NoIntersection,Normal,2Vehicles-Side,8,Thursday,17,False,False
201800053741,NonLethal,Daylight,Yes,Y-type,LightRain,Other,3,Thursday,18,False,False
201800006386,NonLethal,Daylight,Yes,NoIntersection,Normal,Other,8,Tuesday,16,False,False
201800048008,NonLethal,NightStreelightsOn,Yes,X-type,Overcast,2Vehicles-Side,4,Sunday,22,True,False
201800041616,NonLethal,Daylight,Yes,NoIntersection,Normal,Other,9,Wednesday,7,False,False
201800010555,NonLethal,Daylight,Yes,X-type,Normal,2Vehicles-BehindVehicles-Frontal,8,Thursday,19,False,False
201800039336,NonLethal,Daylight,Yes,X-type,Normal,2Vehicles-Side,1,Thursday,13,False,False
201800035692,NonLethal,Daylight,Yes,NoIntersection,Normal,Other,12,Tuesday,12,False,False
201800051856,NonLethal,Daylight,Yes,X-type,Normal,Other,11,Friday,16,False,False
201800008408,NonLethal,Daylight,Yes,NoIntersection,Normal,Other,12,Monday,12,False,False
201800002261,NonLethal,NightNoStreetLight,No,NoIntersection,LightRain,Other,12,Monday,17,False,False
201800025411,NonLethal,Daylight,Yes,NoIntersection,Normal,2Vehicles-BehindVehicles-Frontal,4,Saturday,17,True,False
201800049798,NonLethal,Daylight,No,NoIntersection,Normal,3+Vehicles-Chain,4,Tuesday,18,False,False
201800056651,NonLethal,NightStreelightsOff,No,NoIntersection,Normal,Other,9,Friday,20,False,False
201800015920,NonLethal,Daylight,No,NoIntersection,Normal,NoCollision,7,Saturday,9,True,False
201800038088,NonLethal,Daylight,Yes,NoIntersection,Normal,2Vehicles-Behind,3,Friday,19,False,False
201800002546,Lethal,NightNoStreetLight,No,NoIntersection,Overcast,Other,11,Thursday,19,False,False
201800036643,NonLethal,Daylight,Yes,NoIntersection,Normal,2Vehicles-Behind,11,Monday,8,False,False
201800000775,NonLethal,NightStreelightsOn,Yes,NoIntersection,LightRain,Other,12,Sunday,18,True,False
201800000342,NonLethal,Daylight,No,X-type,LightRain,2Vehicles-Side,9,Tuesday,9,False,False
201800033813,NonLethal,Daylight,Yes,Roundabout,Normal,2Vehicles-Side,9,Friday,16,False,False
201800032090,NonLethal,Daylight,No,X-type,LightRain,2Vehicles-Side,12,Sunday,13,True,False
201800011872,Lethal,Daylight,No,NoIntersection,Normal,2Vehicles-BehindVehicles-Frontal,5,Tuesday,11,False,False
201800045032,NonLethal,Daylight,No,NoIntersection,Normal,Other,1,Sunday,6,True,True
201800045481,NonLethal,NightStreelightsOff,No,NoIntersection,Normal,2Vehicles-Behind,11,Tuesday,20,False,False
201800039831,NonLethal,Daylight,Yes,NoIntersection,Normal,3+Vehicles-Chain,9,Tuesday,18,False,False
201800030511,NonLethal,Daylight,No,T-type,Normal,3+Vehicles-Multiple,11,Thursday,16,False,False
201800005765,NonLethal,Daylight,Yes,X-type,Normal,Other,8,Wednesday,10,False,False
201800000518,Lethal,Daylight,Yes,NoIntersection,Overcast,Other,12,Saturday,11,True,False
201800045483,NonLethal,NightStreelightsOn,No,NoIntersection,Normal,Other,11,Thursday,1,False,True
201800040732,NonLethal,NightStreelightsOn,Yes,NoIntersection,Normal,3+Vehicles-Chain,12,Monday,20,False,False
201800026607,NonLethal,TwilightOrDawn,Yes,X-type,HeavyRain,Other,11,Tuesday,17,False,False