AccidentId,Gravity,Light,InAgglomeration,IntersectionType,Weather,CollisionType,Month,DayOfWeek,HourOfDay,IsWeekend,IsNight
201800014103,NonLethal,Daylight,Yes,NoIntersection,Normal,Other,7,Friday,10,False,False
201800034887,Lethal,TwilightOrDawn,Yes,T-type,Overcast,2Vehicles-Side,9,Friday,7,False,False
201800043671,NonLethal,Daylight,Yes,NoIntersection,Normal,3+Vehicles-Chain,5,Saturday,19,True,False
201800042305,NonLethal,Daylight,Yes,NoIntersection,Normal,Other,6,Monday,16,False,False
201800041658,NonLethal,Daylight,Yes,T-type,Normal,Other,4,Saturday,11,True,False
201800004091,NonLethal,Daylight,No,NoIntersection,Normal,2Vehicles-Behind,1,Sunday,10,True,False
201800005221,NonLethal,Daylight,Yes,NoIntersection,Normal,2Vehicles-Behind,4,Sunday,13,True,False
201800008569,NonLethal,Daylight,Yes,NoIntersection,SnowOrHail,NoCollision,2,Wednesday,8,False,False
201800032557,NonLethal,Daylight,Yes,X-type,Normal,2Vehicles-BehindVehicles-Frontal,9,Sunday,18,True,False
201800054628,NonLethal,NightStreelightsOn,Yes,X-type,Normal,2Vehicles-Behind,12,Tuesday,0,False,True
201800012808,NonLethal,NightNoStreetLight,No,NoIntersection,Normal,NoCollision,8,Sunday,2,True,True
201800040360,NonLethal,Daylight,Yes,NoIntersection,Normal,2Vehicles-Side,6,Monday,10,False,False
201800043264,NonLethal,Daylight,Yes,X-type,Normal,2Vehicles-Side,9,Thursday,14,False,False
201800000094,Lethal,Daylight,No,NoIntersection,LightRain,2Vehicles-Behind,8,Wednesday,11,False,False
201800030867,NonLethal,Daylight,Yes,NoIntersection,Normal,2Vehicles-BehindVehicles-Frontal,9,Tuesday,19,False,False
201800021499,NonLethal,Daylight,Yes,X-type,Normal,2Vehicles-Side,12,Thursday,19,False,False
201800010123,NonLethal,Daylight,Yes,NoIntersection,Normal,Other,11,Wednesday,9,False,False
201800015831,NonLethal,Daylight,No,X-type,Normal,2Vehicles-Side,7,Sunday,17,True,False
201800046575,NonLethal,Daylight,No,NoIntersection,Normal,NoCollision,7,Thursday,17,False,False
201800033197,NonLethal,Daylight,Yes,T-type,Normal,2Vehicles-Side,11,Monday,17,False,False
201800019390,NonLethal,NightNoStreetLight,Yes,NoIntersection,Normal,Other,5,Thursday,3,False,True
201800023895,NonLethal,TwilightOrDawn,Yes,T-type,Normal,Other,12,Tuesday,20,False,False
201800053815,NonLethal,Daylight,Yes,NoIntersection,Normal,2Vehicles-Behind,6,Thursday,18,False,False
201800002953,NonLethal,Daylight,Yes,NoIntersection,Normal,Other,4,Sunday,17,True,False
201800000601,NonLethal,NightStreelightsOn,Yes,NoIntersection,Normal,Other,6,Monday,23,False,False
201800055670,NonLethal,NightStreelightsOn,Yes,Y-type,Normal,2Vehicles-Side,10,Saturday,2,True,True
201800045288,NonLethal,Daylight,No,NoIntersection,LightRain,Other,10,Sunday,10,True,False
201800007767,NonLethal,Daylight,Yes,NoIntersection,Normal,2Vehicles-Behind,6,Sunday,19,True,False
201800022701,Lethal,NightNoStreetLight,No,NoIntersection,Normal,Other,7,Sunday,3,True,True
201800028204,NonLethal,Daylight,Yes,NoIntersection,Normal,2Vehicles-BehindVehicles-Frontal,7,Friday,7,False,False
201800055723,NonLethal,NightStreelightsOn,Yes,Y-type,LightRain,2Vehicles-Behind,12,Tuesday,6,False,True
201800057584,NonLethal,Daylight,Yes,NoIntersection,Normal,Other,3,Tuesday,8,False,False
201800037528,NonLethal,Daylight,Yes,NoIntersection,Normal,Other,12,Wednesday,13,False,False
201800035812,NonLethal,Daylight,Yes,Roundabout,Normal,2Vehicles-Side,10,Tuesday,13,False,False
201800047958,NonLethal,Daylight,No,NoIntersection,Normal,2Vehicles-Behind,8,Thursday,16,False,False
201800032361,NonLethal,Daylight,Yes,NoIntersection,Normal,2Vehicles-Side,1,Monday,13,False,False
201800055338,NonLethal,Daylight,Yes,NoIntersection,Normal,2Vehicles-Behind,4,Tuesday,14,False,False
201800052797,NonLethal,NightStreelightsOn,Yes,NoIntersection,Normal,2Vehicles-BehindVehicles-Frontal,8,Saturday,5,True,True
201800008328,NonLethal,Daylight,Yes,T-type,Normal,Other,10,Monday,16,False,False
201800017003,NonLethal,Daylight,No,X-type,VeryGood,2Vehicles-Behind,4,Wednesday,18,False,False
201800013391,NonLethal,Daylight,No,T-type,VeryGood,3+Vehicles-Chain,6,Friday,7,False,False
201800029917,Lethal,Daylight,No,NoIntersection,Normal,Other,4,Saturday,14,True,False
201800002460,NonLethal,Daylight,No,NoIntersection,Normal,2Vehicles-BehindVehicles-Frontal,9,Saturday,11,True,False
201800053870,NonLethal,Daylight,Yes,MoreThan4Branches,Normal,Other,9,Friday,16,False,False
201800048676,NonLethal,NightStreelightsOn,Yes,X-type,StrongWindOrStorm,2Vehicles-Side,11,Sunday,1,True,True
201800018033,NonLethal,Daylight,No,NoIntersection,Normal,2Vehicles-BehindVehicles-Frontal,7,Tuesday,8,False,False
201800017556,NonLethal,Daylight,No,X-type,Normal,2Vehicles-BehindVehicles-Frontal,12,Friday,10,False,False
201800018072,NonLethal,Daylight,No,X-type,Normal,2Vehicles-Side,9,Saturday,17,True,False
201800046740,NonLethal,Daylight,No,NoIntersection,Normal,3+Vehicles-Chain,6,Thursday,7,False,False
201800007942,NonLethal,Daylight,No,NoIntersection,Normal,2Vehicles-Behind,10,Monday,18,False,False
201800014351,NonLethal,Daylight,No,NoIntersection,Normal,NoCollision,8,Friday,11,False,False
201800032056,NonLethal,Daylight,Yes,NoIntersection,LightRain,Other,12,Sunday,11,True,False
201800015301,Lethal,Daylight,No,NoIntersection,Normal,Other,4,Thursday,15,False,False
201800053145,NonLethal,NightNoStreetLight,Yes,T-type,Normal,2Vehicles-Side,10,Friday,19,False,False
201800029882,NonLethal,Daylight,Yes,X-type,LightRain,2Vehicles-Behind,11,Saturday,10,True,False
201800009933,NonLethal,Daylight,Yes,X-type,Normal,Other,10,Thursday,11,False,False
201800032411,NonLethal,Daylight,Yes,T-type,Normal,2Vehicles-Side,4,Tuesday,15,False,False
201800019860,NonLethal,Daylight,Yes,NoIntersection,Normal,Other,7,Monday,9,False,False
201800055614,NonLethal,Daylight,No,NoIntersection,Normal,3+Vehicles-Chain,9,Friday,9,False,False
201800007826,NonLethal,Daylight,No,NoIntersection,Normal,Other,7,Monday,12,False,False
201800004285,NonLethal,Daylight,No,Roundabout,Normal,2Vehicles-Side,2,Thursday,8,False,False
201800016559,NonLethal,Daylight,Yes,Roundabout,Normal,2Vehicles-Side,7,Monday,16,False,False
201800005051,NonLethal,Daylight,No,T-type,Normal,2Vehicles-BehindVehicles-Frontal,7,Friday,14,False,False
201800039706,NonLethal,Daylight,Yes,NoIntersection,Normal,Other,4,Monday,11,False,False
201800035115,NonLethal,Daylight,Yes,X-type,Normal,2Vehicles-BehindVehicles-Frontal,9,Wednesday,7,False,False
201800045180,NonLethal,Daylight,No,NoIntersection,Normal,3+Vehicles-Chain,9,Friday,16,False,False
201800041092,NonLethal,Daylight,Yes,X-type,Normal,2Vehicles-Side,8,Sunday,19,True,False
201800008770,NonLethal,Daylight,Yes,Y-type,Normal,2Vehicles-Side,1,Thursday,11,False,False
201800021756,NonLethal,Daylight,No,NoIntersection,Overcast,2Vehicles-Side,11,Friday,15,False,False
201800054913,NonLethal,Daylight,Yes,X-type,Normal,3+Vehicles-Multiple,1,Tuesday,8,False,False
201800007558,NonLethal,Daylight,No,NoIntersection,Normal,NoCollision,1,Tuesday,20,False,False
201800036994,NonLethal,NightNoStreetLight,No,NoIntersection,Normal,Other,6,Sunday,23,True,False
201800056952,NonLethal,TwilightOrDawn,Yes,NoIntersection,Normal,2Vehicles-Side,4,Thursday,18,False,False
201800021062,NonLethal,Daylight,No,NoIntersection,Overcast,Other,12,Wednesday,12,False,False
201800002577,NonLethal,Daylight,No,NoIntersection,Normal,2Vehicles-Side,10,Monday,17,False,False
201800040404,NonLethal,Daylight,Yes,NoIntersection,Normal,2Vehicles-Side,4,Thursday,13,False,False
201800013412,NonLethal,NightNoStreetLight,No,T-type,Normal,2Vehicles-Side,3,Saturday,21,True,False
201800043372,NonLethal,Daylight,Yes,NoIntersection,Normal,2Vehicles-BehindVehicles-Frontal,5,Wednesday,15,False,False
201800003385,NonLethal,TwilightOrDawn,No,NoIntersection,Normal,3+Vehicles-Multiple,12,Monday,17,False,False
201800045238,NonLethal,Daylight,No,NoIntersection,LightRain,3+Vehicles-Chain,9,Sunday,17,True,False
201800057776,NonLethal,NightStreelightsOff,Yes,Other,Normal,3+Vehicles-Chain,12,Sunday,0,True,True
201800018106,NonLethal,Daylight,Yes,NoIntersection,Normal,3+Vehicles-Multiple,3,Saturday,17,True,False
201800007787,NonLethal,TwilightOrDawn,Yes,NoIntersection,Normal,Other,9,Friday,7,False,False
201800002514,NonLethal,Daylight,No,NoIntersection,Normal,2Vehicles-Behind,8,Wednesday,11,False,False
201800049585,NonLethal,Daylight,No,NoIntersection,Normal,3+Vehicles-Multiple,8,Monday,12,False,False
201800030198,Lethal,NightNoStreetLight,No,NoIntersection,Normal,Other,11,Monday,19,False,False
201800052062,NonLethal,Daylight,Yes,NoIntersection,Overcast,2Vehicles-Side,11,Tuesday,15,False,False
201800015331,NonLethal,TwilightOrDawn,Yes,X-type,VeryGood,2Vehicles-Side,10,Thursday,18,False,False
201800044695,NonLethal,Daylight,No,NoIntersection,SnowOrHail,2Vehicles-Side,3,Saturday,13,True,False
201800038849,NonLethal,Daylight,Yes,NoIntersection,Normal,Other,9,Wednesday,14,False,False
201800020060,NonLethal,Daylight,No,NoIntersection,Normal,Other,3,Tuesday,8,False,False
201800044880,NonLethal,Daylight,No,NoIntersection,Normal,2Vehicles-Side,5,Tuesday,19,False,False
201800008666,NonLethal,Daylight,Yes,NoIntersection,Normal,2Vehicles-Side,3,Wednesday,12,False,False
201800001756,NonLethal,NightNoStreetLight,No,NoIntersection,HeavyRain,2Vehicles-Behind,10,Sunday,1,True,True
201800047577,NonLethal,Daylight,Yes,NoIntersection,Normal,2Vehicles-Side,6,Tuesday,13,False,False
201800028875,NonLethal,Daylight,Yes,X-type,LightRain,2Vehicles-BehindVehicles-Frontal,12,Sunday,12,True,False
201800045428,NonLethal,NightNoStreetLight,No,NoIntersection,Normal,2Vehicles-Behind,8,Saturday,1,True,True
201800044824,NonLethal,Daylight,No,NoIntersection,Normal,2Vehicles-Side,4,Friday,9,False,False
201800053968,NonLethal,NightStreelightsOn,Yes,X-type,Normal,Other,12,Thursday,20,False,False
201800006471,NonLethal,NightNoStreetLight,No,NoIntersection,Normal,2Vehicles-BehindVehicles-Frontal,11,Thursday,1,False,True
201800040182,NonLethal,Daylight,Yes,NoIntersection,Normal,2Vehicles-Side,4,Wednesday,16,False,False
201800035173,NonLethal,Daylight,Yes,NoIntersection,HeavyRain,Other,12,Monday,11,False,False
201800019089,NonLethal,Daylight,Yes,NoIntersection,Normal,2Vehicles-Side,3,Friday,9,False,False
201800054867,NonLethal,Daylight,Yes,NoIntersection,Normal,Other,12,Tuesday,11,False,False
201800030147,NonLethal,Daylight,No,NoIntersection,Normal,Other,9,Monday,13,False,False
201800023590,NonLethal,Daylight,No,NoIntersection,Normal,2Vehicles-Behind,8,Friday,15,False,False
201800031423,NonLethal,Daylight,No,NoIntersection,Normal,Other,6,Friday,14,False,False
201800050249,NonLethal,NightStreelightsOn,Yes,T-type,Normal,2Vehicles-Behind,4,Saturday,22,True,False
201800007477,NonLethal,Daylight,Yes,NoIntersection,Normal,Other,7,Thursday,13,False,False
201800047595,NonLethal,Daylight,Yes,NoIntersection,Normal,2Vehicles-Side,2,Wednesday,20,False,False
201800036008,NonLethal,TwilightOrDawn,No,NoIntersection,Normal,Other,2,Sunday,7,True,False
201800015638,NonLethal,Daylight,No,NoIntersection,Normal,Other,6,Sunday,13,True,False
201800045991,NonLethal,Daylight,No,NoIntersection,Normal,3+Vehicles-Chain,7,Thursday,9,False,False
201800007233,NonLethal,Daylight,No,NoIntersection,Normal,2Vehicles-Behind,5,Thursday,17,False,False
201800038934,NonLethal,Daylight,Yes,Other,Normal,3+Vehicles-Multiple,7,Tuesday,11,False,False
201800016394,NonLethal,NightNoStreetLight,No,NoIntersection,Normal,Other,8,Thursday,4,False,True
201800056750,NonLethal,Daylight,No,NoIntersection,Normal,2Vehicles-Side,11,Saturday,15,True,False
201800046642,NonLethal,Daylight,No,NoIntersection,Normal,3+Vehicles-Chain,2,Tuesday,19,False,False
201800021497,NonLethal,TwilightOrDawn,Yes,NoIntersection,Normal,Other,9,Thursday,5,False,True
201800032032,NonLethal,Daylight,Yes,NoIntersection,Normal,2Vehicles-Side,1,Friday,9,False,False
201800016974,Lethal,Daylight,No,NoIntersection,Normal,Other,2,Wednesday,10,False,False
201800030310,NonLethal,Daylight,Yes,T-type,Normal,2Vehicles-Side,8,Thursday,9,False,False
201800003798,NonLethal,NightStreelightsOn,Yes,NoIntersection,Normal,Other,4,Sunday,2,True,True
201800025056,NonLethal,Daylight,Yes,NoIntersection,LightRain,2Vehicles-Behind,12,Wednesday,15,False,False
201800007114,NonLethal,NightNoStreetLight,No,NoIntersection,LightRain,NoCollision,11,Saturday,0,True,True
201800024440,NonLethal,Daylight,Yes,X-type,Normal,2Vehicles-Side,10,Monday,18,False,False
201800015433,NonLethal,Daylight,Yes,NoIntersection,VeryGood,Other,11,Saturday,11,True,False
201800009141,NonLethal,NightStreelightsOn,Yes,NoIntersection,LightRain,Other,5,Wednesday,1,False,True
201800009633,NonLethal,Daylight,Yes,Roundabout,Normal,2Vehicles-Side,2,Friday,18,False,False
201800034177,Lethal,NightStreelightsOn,Yes,X-type,Overcast,Other,12,Friday,19,False,False
201800013500,NonLethal,Daylight,Yes,X-type,Normal,2Vehicles-Side,4,Tuesday,19,False,False
201800024525,NonLethal,NightStreelightsOn,Yes,X-type,Normal,2Vehicles-Side,11,Friday,20,False,False
201800046573,NonLethal,Daylight,No,NoIntersection,Normal,2Vehicles-Behind,4,Monday,7,False,False
201800019412,NonLethal,NightNoStreetLight,No,NoIntersection,Normal,Other,4,Friday,23,False,False
201800057552,NonLethal,NightStreelightsOn,Yes,NoIntersection,Normal,Other,4,Thursday,22,False,False
201800000675,NonLethal,TwilightOrDawn,Yes,T-type,Normal,Other,1,Sunday,7,True,False
201800052849,NonLethal,Daylight,Yes,Y-type,Normal,Other,10,Tuesday,12,False,False
201800056436,Lethal,NightNoStreetLight,No,NoIntersection,Normal,Other,1,Saturday,20,True,False
201800050674,NonLethal,Daylight,Yes,Square,Overcast,NoCollision,3,Sunday,9,True,False
201800002038,NonLethal,Daylight,Yes,NoIntersection,Normal,2Vehicles-BehindVehicles-Frontal,1,Friday,9,False,False
201800017558,NonLethal,Daylight,No,Y-type,Normal,2Vehicles-BehindVehicles-Frontal,4,Saturday,15,True,False
201800011559,NonLethal,Daylight,Yes,T-type,Normal,Other,4,Saturday,9,True,False
201800023781,NonLethal,Daylight,Yes,Roundabout,Normal,2Vehicles-Side,6,Sunday,10,True,False
201800024121,NonLethal,TwilightOrDawn,Yes,T-type,Normal,Other,9,Wednesday,7,False,False
201800021355,NonLethal,Daylight,Yes,T-type,Normal,2Vehicles-Side,5,Monday,9,False,False
201800051774,NonLethal,Daylight,Yes,X-type,Normal,2Vehicles-Side,7,Friday,15,False,False
201800021896,NonLethal,Daylight,No,NoIntersection,Normal,Other,11,Friday,11,False,False
201800028280,NonLethal,NightStreelightsOn,Yes,NoIntersection,Normal,2Vehicles-Side,12,Saturday,19,True,False
201800049152,NonLethal,Daylight,No,NoIntersection,Normal,2Vehicles-Side,7,Friday,14,False,False
201800013549,NonLethal,Daylight,No,NoIntersection,Normal,2Vehicles-BehindVehicles-Frontal,5,Monday,8,False,False
201800005070,NonLethal,Daylight,Yes,NoIntersection,Normal,3+Vehicles-Chain,5,Friday,8,False,False
201800051792,NonLethal,TwilightOrDawn,Yes,X-type,Normal,Other,6,Friday,20,False,False
201800056293,Lethal,Daylight,No,T-type,Normal,2Vehicles-Side,3,Tuesday,15,False,False
201800054582,NonLethal,NightStreelightsOn,Yes,T-type,LightRain,Other,10,Wednesday,17,False,False
201800029666,NonLethal,NightStreelightsOn,Yes,NoIntersection,Normal,Other,1,Sunday,20,True,False
201800053769,NonLethal,NightStreelightsOn,Yes,X-type,Normal,2Vehicles-Side,4,Sunday,23,True,False
201800004964,NonLethal,Daylight,Yes,NoIntersection,Normal,NoCollision,8,Monday,12,False,False
201800022319,NonLethal,Daylight,Yes,NoIntersection,Normal,2Vehicles-Behind,4,Thursday,12,False,False
201800025260,NonLethal,NightNoStreetLight,Yes,NoIntersection,Normal,Other,4,Tuesday,20,False,False
201800002689,NonLethal,Daylight,Yes,X-type,Normal,2Vehicles-Side,2,Wednesday,14,False,False
201800020665,NonLethal,Daylight,Yes,NoIntersection,LightRain,2Vehicles-BehindVehicles-Frontal,1,Wednesday,6,False,True
201800048856,NonLethal,Daylight,No,NoIntersection,Normal,2Vehicles-Behind,3,Wednesday,8,False,False
201800029772,NonLethal,Daylight,Yes,NoIntersection,Normal,Other,6,Friday,19,False,False
201800049555,NonLethal,Daylight,No,NoIntersection,Normal,3+Vehicles-Chain,3,Wednesday,12,False,False
201800033511,NonLethal,Daylight,Yes,NoIntersection,Normal,Other,8,Friday,15,False,False
201800014526,NonLethal,Daylight,Yes,NoIntersection,Normal,Other,6,Monday,8,False,False
201800027366,NonLethal,Daylight,No,NoIntersection,Normal,NoCollision,7,Wednesday,17,False,False
201800048596,NonLethal,Daylight,Yes,Other,Normal,Other,10,Saturday,8,True,False
201800042230,NonLethal,Daylight,Yes,Y-type,LightRain,Other,1,Friday,12,False,False
201800053753,NonLethal,NightStreelightsOn,Yes,Square,Normal,Other,8,Saturday,1,True,True
201800053868,NonLethal,NightStreelightsOn,Yes,X-type,Normal,2Vehicles-Side,9,Friday,0,False,True
201800033349,NonLethal,Daylight,No,NoIntersection,Normal,Other,10,Tuesday,16,False,False
201800030847,NonLethal,Daylight,Yes,NoIntersection,Normal,2Vehicles-Side,8,Friday,8,False,False
201800000838,NonLethal,Daylight,Yes,Y-type,Normal,2Vehicles-Side,8,Thursday,12,False,False
201800052252,NonLethal,Daylight,Yes,NoIntersection,Normal,2Vehicles-Behind,11,Wednesday,10,False,False
201800002880,NonLethal,Daylight,No,Other,Normal,2Vehicles-BehindVehicles-Frontal,6,Friday,6,False,True
201800047522,NonLethal,Daylight,Yes,NoIntersection,Normal,2Vehicles-Behind,5,Monday,13,False,False
201800000550,NonLethal,Daylight,Yes,Square,Normal,Other,11,Tuesday,11,False,False
201800011411,NonLethal,Daylight,No,X-type,Normal,2Vehicles-Side,9,Sunday,12,True,False
201800037449,NonLethal,Daylight,Yes,Roundabout,Normal,2Vehicles-Side,6,Friday,18,False,False
201800034347,NonLethal,NightStreelightsOn,Yes,Other,LightRain,Other,2,Tuesday,18,False,False
201800043906,NonLethal,Daylight,No,NoIntersection,Normal,Other,4,Wednesday,8,False,False
201800011473,Lethal,TwilightOrDawn,No,NoIntersection,Overcast,NoCollision,5,Sunday,5,True,True
201800038158,NonLethal,Daylight,Yes,NoIntersection,Normal,2Vehicles-Side,11,Thursday,13,False,False
201800029115,NonLethal,Daylight,Yes,NoIntersection,Normal,2Vehicles-BehindVehicles-Frontal,6,Tuesday,16,False,False
201800002266,NonLethal,Daylight,No,NoIntersection,Normal,2Vehicles-Behind,6,Saturday,15,True,False
201800055572,NonLethal,Daylight,Yes,NoIntersection,Overcast,NoCollision,8,Monday,9,False,False
201800002666,NonLethal,NightNoStreetLight,No,NoIntersection,Normal,2Vehicles-BehindVehicles-Frontal,3,Friday,18,False,False
201800000396,NonLethal,Daylight,Yes,T-type,Normal,2Vehicles-BehindVehicles-Frontal,5,Sunday,19,True,False
201800042946,NonLethal,NightStreelightsOn,Yes,Other,Other,2Vehicles-Side,12,Sunday,4,True,True
201800042344,NonLethal,Daylight,No,NoIntersection,Normal,2Vehicles-Behind,8,Friday,16,False,False
201800023521,NonLethal,NightNoStreetLight,No,NoIntersection,HeavyRain,Other,8,Wednesday,2,False,True
201800013797,NonLethal,Daylight,No,NoIntersection,Normal,2Vehicles-Behind,7,Wednesday,7,False,False
201800004441,NonLethal,Daylight,No,NoIntersection,Normal,Other,2,Thursday,13,False,False
201800030906,NonLethal,Daylight,Yes,NoIntersection,Normal,Other,10,Wednesday,12,False,False
201800012122,NonLethal,TwilightOrDawn,Yes,T-type,Normal,Other,1,Monday,21,False,False
201800041023,NonLethal,Daylight,Yes,T-type,Normal,2Vehicles-BehindVehicles-Frontal,4,Tuesday,8,False,False
201800016752,NonLethal,NightNoStreetLight,No,NoIntersection,LightRain,NoCollision,12,Saturday,17,True,False
201800028468,NonLethal,Daylight,Yes,NoIntersection,Normal,2Vehicles-Behind,7,Tuesday,16,False,False
201800026175,NonLethal,Daylight,Yes,T-type,Normal,2Vehicles-Side,3,Saturday,12,True,False
201800024033,NonLethal,Daylight,No,Roundabout,VeryGood,2Vehicles-Behind,10,Wednesday,18,False,False
201800001775,NonLethal,Daylight,Yes,NoIntersection,Normal,2Vehicles-Side,8,Friday,11,False,False
201800028962,NonLethal,Daylight,No,NoIntersection,Normal,2Vehicles-BehindVehicles-Frontal,8,Monday,18,False,False
201800040055,NonLethal,Daylight,Yes,Other,Normal,2Vehicles-Side,8,Tuesday,17,False,False
201800021556,NonLethal,Daylight,Yes,Square,VeryGood,Other,7,Sunday,21,True,False
201800021006,NonLethal,Daylight,Yes,NoIntersection,Normal,2Vehicles-Side,6,Monday,10,False,False
201800031082,NonLethal,NightNoStreetLight,Yes,NoIntersection,LightRain,2Vehicles-Side,1,Friday,19,False,False
201800041977,NonLethal,NightStreelightsOn,Yes,X-type,Normal,2Vehicles-Side,4,Wednesday,22,False,False
201800024810,NonLethal,Daylight,Yes,NoIntersection,Normal,3+Vehicles-Chain,6,Wednesday,16,False,False
201800056665,NonLethal,NightStreelightsOff,No,NoIntersection,Normal,Other,12,Monday,18,False,False
201800012634,NonLethal,Daylight,No,NoIntersection,Normal,2Vehicles-BehindVehicles-Frontal,7,Sunday,11,True,False
201800014782,NonLethal,Daylight,No,NoIntersection,Normal,Other,3,Thursday,17,False,False
201800038532,NonLethal,NightStreelightsOn,Yes,NoIntersection,LightRain,Other,1,Thursday,19,False,False
201800001430,NonLethal,Daylight,No,T-type,Normal,2Vehicles-Side,6,Sunday,20,True,False
201800006774,NonLethal,NightNoStreetLight,No,NoIntersection,FogOrSmoke,2Vehicles-Behind,12,Sunday,6,True,True
201800034251,NonLethal,Daylight,Yes,NoIntersection,Normal,3+Vehicles-Chain,12,Monday,12,False,False
201800038976,NonLethal,Daylight,Yes,NoIntersection,Normal,Other,12,Wednesday,8,False,False
201800009662,NonLethal,TwilightOrDawn,Yes,NoIntersection,Normal,2Vehicles-Side,9,Thursday,19,False,False
201800009494,NonLethal,NightStreelightsOn,Yes,NoIntersection,Normal,Other,7,Sunday,22,True,False
201800006347,NonLethal,Daylight,No,NoIntersection,Normal,2Vehicles-Side,9,Sunday,8,True,False
201800040834,NonLethal,Daylight,Yes,T-type,Normal,2Vehicles-Behind,3,Monday,14,False,False
201800046380,NonLethal,NightNoStreetLight,No,NoIntersection,Normal,2Vehicles-BehindVehicles-Frontal,1,Friday,19,False,False
201800012938,NonLethal,Daylight,No,T-type,Normal,2Vehicles-Side,8,Wednesday,8,False,False
201800004037,NonLethal,NightStreelightsOn,Yes,T-type,Normal,2Vehicles-Side,9,Thursday,19,False,False
201800054219,NonLethal,Daylight,Yes,T-type,Normal,Other,9,Sunday,10,True,False
201800000442,NonLethal,Daylight,Yes,NoIntersection,VeryGood,2Vehicles-BehindVehicles-Frontal,6,Sunday,14,True,False
201800028242,NonLethal,NightStreelightsOn,No,NoIntersection,Normal,2Vehicles-Behind,10,Tuesday,20,False,False
201800030552,NonLethal,Daylight,Yes,NoIntersection,Normal,NoCollision,4,Friday,10,False,False
201800003757,NonLethal,NightStreelightsOn,No,NoIntersection,Normal,Other,7,Thursday,22,False,False
201800045521,NonLethal,NightNoStreetLight,No,NoIntersection,LightRain,Other,12,Sunday,0,True,True
201800002288,NonLethal,Daylight,Yes,X-type,Normal,2Vehicles-Side,10,Saturday,18,True,False
201800002537,NonLethal,NightStreelightsOn,Yes,T-type,HeavyRain,Other,12,Monday,6,False,True
201800053433,NonLethal,NightNoStreetLight,Yes,Y-type,Normal,NoCollision,4,Saturday,0,True,True
201800056707,NonLethal,Daylight,No,NoIntersection,Normal,NoCollision,6,Tuesday,18,False,False
201800054694,NonLethal,Daylight,Yes,Square,Normal,Other,4,Monday,13,False,False
201800000971,Lethal,NightStreelightsOn,Yes,NoIntersection,Normal,Other,3,Saturday,19,True,False
201800041131,NonLethal,NightStreelightsOn,Yes,NoIntersection,LightRain,2Vehicles-Side,3,Sunday,0,True,True
201800029927,NonLethal,Daylight,Yes,NoIntersection,Overcast,NoCollision,4,Saturday,10,True,False
201800028577,NonLethal,Daylight,Yes,NoIntersection,Normal,2Vehicles-Side,9,Tuesday,12,False,False
201800028598,NonLethal,Daylight,Yes,T-type,Normal,2Vehicles-Side,6,Friday,12,False,False
201800007720,NonLethal,Daylight,No,NoIntersection,Normal,Other,10,Wednesday,10,False,False
201800021935,Lethal,Daylight,No,NoIntersection,Normal,Other,7,Wednesday,12,False,False
201800031147,NonLethal,Daylight,No,NoIntersection,Normal,2Vehicles-Behind,6,Sunday,9,True,False
201800000858,NonLethal,NightNoStreetLight,No,NoIntersection,Normal,Other,7,Saturday,23,True,False
201800017049,NonLethal,NightNoStreetLight,No,NoIntersection,Other,Other,2,Tuesday,5,False,True
201800042549,NonLethal,Daylight,Yes,NoIntersection,VeryGood,Other,7,Saturday,13,True,False
201800043713,NonLethal,Daylight,Yes,NoIntersection,Normal,2Vehicles-Side,8,Monday,13,False,False
201800028309,NonLethal,Daylight,Yes,NoIntersection,Normal,Other,1,Tuesday,16,False,False
201800057257,NonLethal,NightNoStreetLight,No,NoIntersection,Normal,2Vehicles-BehindVehicles-Frontal,6,Friday,18,False,False
201800018976,NonLethal,Daylight,Yes,T-type,Normal,2Vehicles-BehindVehicles-Frontal,9,Saturday,14,True,False
201800014583,NonLethal,Daylight,No,NoIntersection,Normal,2Vehicles-BehindVehicles-Frontal,6,Thursday,7,False,False
201800010558,NonLethal,Daylight,Yes,Roundabout,Normal,Other,8,Thursday,17,False,False
201800038340,NonLethal,NightStreelightsOn,Yes,X-type,Normal,2Vehicles-Side,11,Saturday,7,True,False
201800032241,NonLethal,Daylight,Yes,NoIntersection,Normal,2Vehicles-Side,4,Friday,10,False,False
201800050192,NonLethal,NightStreelightsOn,No,NoIntersection,Normal,Other,12,Sunday,21,True,False
201800038288,NonLethal,Daylight,Yes,NoIntersection,Normal,Other,6,Wednesday,20,False,False
201800009768,NonLethal,NightStreelightsOn,Yes,MoreThan4Branches,Normal,2Vehicles-Side,9,Saturday,22,True,False
201800006957,NonLethal,NightStreelightsOn,Yes,X-type,Normal,2Vehicles-Side,9,Thursday,20,False,False
201800004684,NonLethal,Daylight,No,NoIntersection,Normal,2Vehicles-BehindVehicles-Frontal,5,Saturday,19,True,False
201800025589,NonLethal,Daylight,Yes,Roundabout,HeavyRain,NoCollision,11,Saturday,11,True,False
201800027129,NonLethal,Daylight,Yes,NoIntersection,Normal,Other,1,Saturday,16,True,False
201800045787,NonLethal,NightStreelightsOn,No,NoIntersection,Normal,3+Vehicles-Chain,3,Thursday,20,False,False
201800005913,NonLethal,Daylight,Yes,Square,Normal,3+Vehicles-Multiple,4,Saturday,18,True,False
201800012148,NonLethal,Daylight,No,NoIntersection,LightRain,2Vehicles-Side,3,Friday,12,False,False