AccidentId,Gravity,Light,InAgglomeration,IntersectionType,Weather,CollisionType,Month,DayOfWeek,HourOfDay,IsWeekend,IsNight
201800027933,NonLethal,NightStreelightsOn,Yes,NoIntersection,Overcast,2Vehicles-Behind,1,Tuesday,18,False,False
201800011240,NonLethal,Daylight,No,NoIntersection,Normal,NoCollision,1,Monday,10,False,False
201800039696,NonLethal,Daylight,Yes,NoIntersection,Normal,Other,2,Friday,10,False,False
201800040659,NonLethal,Daylight,Yes,NoIntersection,HeavyRain,Other,4,Tuesday,17,False,False
201800052957,NonLethal,NightStreelightsOn,Yes,Square,LightRain,2Vehicles-Side,3,Saturday,20,True,False
201800041153,NonLethal,Daylight,Yes,NoIntersection,Normal,2Vehicles-Side,3,Wednesday,19,False,False
201800035300,NonLethal,Daylight,Yes,X-type,Normal,Other,10,Monday,16,False,False
201800026235,Lethal,NightStreelightsOn,Yes,NoIntersection,Normal,Other,11,Sunday,17,True,False
201800022407,NonLethal,Daylight,Yes,NoIntersection,Normal,Other,10,Friday,14,False,False
201800052798,NonLethal,NightStreelightsOn,Yes,T-type,Normal,3+Vehicles-Chain,8,Sunday,21,True,False
201800005148,NonLethal,NightStreelightsOn,Yes,NoIntersection,Normal,Other,8,Friday,21,False,False
201800004025,NonLethal,Daylight,No,Roundabout,Normal,2Vehicles-Side,6,Friday,14,False,False
201800006881,NonLethal,Daylight,No,NoIntersection,Normal,2Vehicles-Behind,11,Monday,15,False,False
201800010681,NonLethal,TwilightOrDawn,No,NoIntersection,LightRain,Other,4,Saturday,20,True,False
201800000211,NonLethal,Daylight,Yes,T-type,Normal,2Vehicles-Behind,4,Thursday,13,False,False
201800056378,NonLethal,Daylight,Yes,Other,Normal,Other,8,Friday,14,False,False
201800050814,NonLethal,Daylight,Yes,NoIntersection,Overcast,Other,11,Friday,10,False,False
201800040283,NonLethal,Daylight,Yes,NoIntersection,Normal,2Vehicles-Side,2,Saturday,15,True,False
201800018080,NonLethal,Daylight,Yes,NoIntersection,Normal,Other,4,Wednesday,10,False,False
201800022940,NonLethal,NightStreelightsOn,Yes,T-type,Normal,2Vehicles-Side,2,Sunday,0,True,True
201800051178,NonLethal,NightStreelightsOn,Yes,X-type,Normal,Other,9,Saturday,1,True,True
201800053871,NonLethal,Daylight,Yes,MoreThan4Branches,Normal,2Vehicles-Side,7,Monday,16,False,False
201800031893,NonLethal,TwilightOrDawn,No,NoIntersection,LightRain,Other,8,Wednesday,20,False,False
201800015536,NonLethal,Daylight,No,X-type,Normal,2Vehicles-BehindVehicles-Frontal,12,Monday,17,False,False
201800055658,NonLethal,Daylight,Yes,NoIntersection,Normal,2Vehicles-Side,10,Tuesday,17,False,False
201800025264,NonLethal,NightStreelightsOn,Yes,NoIntersection,Normal,NoCollision,3,Sunday,22,True,False
201800009752,NonLethal,Daylight,Yes,T-type,Normal,2Vehicles-Side,9,Friday,7,False,False
201800013024,NonLethal,Daylight,No,NoIntersection,Normal,2Vehicles-BehindVehicles-Frontal,6,Sunday,18,True,False
201800017802,NonLethal,Daylight,Yes,NoIntersection,Normal,Other,12,Saturday,16,True,False
201800043088,NonLethal,NightStreelightsOn,Yes,NoIntersection,LightRain,2Vehicles-BehindVehicles-Frontal,11,Friday,22,False,False
201800055641,NonLethal,Daylight,Yes,Y-type,Normal,2Vehicles-Side,10,Wednesday,12,False,False
201800039617,NonLethal,Daylight,Yes,T-type,Normal,Other,2,Thursday,16,False,False
201800051518,NonLethal,Daylight,Yes,NoIntersection,Normal,Other,6,Thursday,14,False,False
201800018300,NonLethal,Daylight,No,Roundabout,Normal,2Vehicles-Behind,4,Thursday,7,False,False
201800030138,NonLethal,Daylight,No,Other,Normal,Other,5,Thursday,14,False,False
201800022356,NonLethal,Daylight,No,X-type,Normal,2Vehicles-Behind,6,Sunday,10,True,False
201800049738,NonLethal,Daylight,No,NoIntersection,Normal,3+Vehicles-Chain,3,Tuesday,17,False,False
201800017041,NonLethal,Daylight,No,NoIntersection,Normal,Other,7,Thursday,20,False,False
201800032073,NonLethal,Daylight,Yes,NoIntersection,Normal,3+Vehicles-Multiple,3,Saturday,14,True,False
201800031662,NonLethal,Daylight,Yes,T-type,VeryGood,2Vehicles-Side,2,Tuesday,11,False,False
201800014026,NonLethal,Daylight,No,NoIntersection,Normal,NoCollision,4,Wednesday,13,False,False
201800054278,NonLethal,TwilightOrDawn,Yes,T-type,LightRain,Other,12,Saturday,16,True,False
201800028593,NonLethal,Daylight,No,X-type,FogOrSmoke,2Vehicles-Side,3,Saturday,8,True,False
201800027007,NonLethal,NightStreelightsOn,Yes,X-type,Normal,NoCollision,11,Thursday,18,False,False
201800040078,NonLethal,Daylight,Yes,NoIntersection,Normal,Other,1,Wednesday,10,False,False
201800024836,NonLethal,Daylight,No,X-type,Normal,2Vehicles-Behind,7,Thursday,17,False,False
201800005686,NonLethal,Daylight,Yes,Other,Normal,Other,2,Tuesday,20,False,False
201800007959,NonLethal,Daylight,Yes,Y-type,Normal,Other,12,Tuesday,15,False,False
201800020585,NonLethal,Daylight,Yes,T-type,Normal,2Vehicles-Behind,4,Tuesday,18,False,False
201800005831,NonLethal,Daylight,Yes,NoIntersection,Normal,2Vehicles-Behind,10,Tuesday,8,False,False
201800050709,NonLethal,Daylight,Yes,T-type,Normal,2Vehicles-Side,11,Wednesday,11,False,False
201800009221,NonLethal,Daylight,Yes,T-type,Normal,2Vehicles-Behind,6,Saturday,20,True,False
201800056015,Lethal,Daylight,No,NoIntersection,Normal,NoCollision,8,Friday,13,False,False
201800029094,NonLethal,Daylight,Yes,NoIntersection,Normal,2Vehicles-Side,2,Friday,10,False,False
201800008241,NonLethal,NightNoStreetLight,No,NoIntersection,Normal,2Vehicles-Side,12,Saturday,18,True,False
201800049745,NonLethal,NightNoStreetLight,No,NoIntersection,Normal,2Vehicles-Side,3,Sunday,4,True,True
201800001152,Lethal,Daylight,No,NoIntersection,Normal,Other,5,Sunday,20,True,False
201800022656,NonLethal,Daylight,No,NoIntersection,Normal,Other,11,Saturday,7,True,False
201800055007,NonLethal,Daylight,Yes,X-type,Normal,2Vehicles-Side,5,Monday,19,False,False
201800052921,NonLethal,Daylight,Yes,T-type,Normal,Other,1,Wednesday,15,False,False
201800018103,NonLethal,NightStreelightsOn,Yes,NoIntersection,Normal,Other,8,Wednesday,0,False,True
201800039864,NonLethal,Daylight,Yes,Other,LightRain,Other,1,Thursday,15,False,False
201800020042,NonLethal,Daylight,Yes,T-type,Normal,2Vehicles-Side,1,Wednesday,16,False,False
201800005497,NonLethal,Daylight,No,NoIntersection,Normal,NoCollision,1,Friday,9,False,False
201800024853,NonLethal,Daylight,No,NoIntersection,Normal,2Vehicles-Side,7,Monday,19,False,False
201800023007,NonLethal,NightStreelightsOn,Yes,NoIntersection,Normal,2Vehicles-Behind,3,Saturday,7,True,False
201800006867,NonLethal,Daylight,No,NoIntersection,LightRain,2Vehicles-Behind,2,Tuesday,15,False,False
201800016067,NonLethal,NightNoStreetLight,No,NoIntersection,LightRain,NoCollision,12,Thursday,7,False,False
201800012384,NonLethal,NightNoStreetLight,No,NoIntersection,Normal,NoCollision,8,Thursday,0,False,True
201800054244,NonLethal,NightStreelightsOn,Yes,T-type,Normal,2Vehicles-Side,10,Sunday,1,True,True
201800027288,NonLethal,Daylight,Yes,Roundabout,Normal,2Vehicles-Behind,5,Tuesday,17,False,False
201800017067,NonLethal,NightNoStreetLight,No,NoIntersection,FogOrSmoke,2Vehicles-BehindVehicles-Frontal,1,Tuesday,7,False,False
201800012838,Lethal,Daylight,Yes,NoIntersection,Normal,Other,9,Monday,9,False,False
201800022388,NonLethal,NightNoStreetLight,No,NoIntersection,Normal,NoCollision,5,Wednesday,2,False,True
201800017943,NonLethal,NightNoStreetLight,No,NoIntersection,LightRain,Other,10,Friday,0,False,True
201800028816,NonLethal,Daylight,Yes,NoIntersection,VeryGood,Other,2,Saturday,8,True,False
201800051717,NonLethal,Daylight,Yes,NoIntersection,Normal,2Vehicles-Side,6,Tuesday,14,False,False
201800024324,NonLethal,NightStreelightsOn,Yes,X-type,Normal,2Vehicles-Side,5,Saturday,0,True,True
201800041232,NonLethal,Daylight,No,NoIntersection,Normal,2Vehicles-BehindVehicles-Frontal,5,Saturday,5,True,True
201800024022,NonLethal,Daylight,Yes,X-type,Normal,Other,10,Wednesday,10,False,False
201800003746,NonLethal,Daylight,No,Roundabout,Normal,Other,3,Thursday,18,False,False
201800027475,NonLethal,Daylight,No,X-type,Normal,2Vehicles-Side,10,Wednesday,9,False,False
201800007430,NonLethal,Daylight,Yes,NoIntersection,Normal,3+Vehicles-Chain,9,Wednesday,8,False,False
201800056372,NonLethal,Daylight,Yes,NoIntersection,Normal,2Vehicles-Side,4,Thursday,17,False,False
201800002216,NonLethal,Daylight,No,NoIntersection,Other,NoCollision,4,Thursday,14,False,False
201800040444,NonLethal,Daylight,Yes,NoIntersection,Normal,Other,9,Thursday,12,False,False
201800043610,NonLethal,Daylight,Yes,NoIntersection,FogOrSmoke,NoCollision,11,Wednesday,14,False,False
201800034010,NonLethal,Daylight,No,NoIntersection,Normal,3+Vehicles-Chain,6,Thursday,17,False,False
201800000059,NonLethal,NightStreelightsOn,No,NoIntersection,Normal,2Vehicles-Side,11,Friday,18,False,False
201800035492,NonLethal,NightStreelightsOn,Yes,X-type,Normal,2Vehicles-Side,12,Saturday,6,True,True
201800022085,Lethal,Daylight,Yes,NoIntersection,Normal,2Vehicles-BehindVehicles-Frontal,6,Friday,21,False,False
201800009191,NonLethal,Daylight,Yes,NoIntersection,Normal,2Vehicles-BehindVehicles-Frontal,6,Monday,16,False,False
201800023478,NonLethal,NightStreelightsOn,Yes,T-type,LightRain,2Vehicles-Side,12,Monday,20,False,False
201800057281,NonLethal,Daylight,Yes,Other,Normal,Other,11,Monday,8,False,False
201800041431,NonLethal,Daylight,Yes,NoIntersection,Normal,NoCollision,5,Friday,7,False,False
201800011180,NonLethal,Daylight,No,Other,Normal,2Vehicles-Side,9,Saturday,16,True,False
201800034548,NonLethal,Daylight,Yes,Other,Normal,NoCollision,1,Tuesday,11,False,False
201800017960,NonLethal,Daylight,Yes,NoIntersection,Normal,2Vehicles-Behind,8,Tuesday,17,False,False
201800054171,NonLethal,TwilightOrDawn,Yes,Y-type,Normal,Other,7,Monday,20,False,False
201800024222,NonLethal,Daylight,Yes,NoIntersection,Normal,Other,11,Friday,16,False,False
201800043721,NonLethal,Daylight,Yes,Other,Normal,2Vehicles-Behind,11,Friday,12,False,False
201800051934,NonLethal,Daylight,Yes,NoIntersection,Overcast,Other,10,Tuesday,16,False,False
201800038510,NonLethal,NightStreelightsOn,Yes,NoIntersection,Normal,Other,11,Monday,18,False,False
201800028972,NonLethal,Daylight,No,NoIntersection,Normal,2Vehicles-BehindVehicles-Frontal,2,Saturday,13,True,False
201800030019,NonLethal,NightStreelightsOn,Yes,NoIntersection,Normal,NoCollision,1,Sunday,5,True,True
201800019087,NonLethal,Daylight,No,NoIntersection,Normal,NoCollision,7,Wednesday,7,False,False
201800053587,NonLethal,Daylight,Yes,X-type,Normal,Other,11,Thursday,12,False,False
201800022678,NonLethal,Daylight,No,NoIntersection,Normal,2Vehicles-BehindVehicles-Frontal,1,Sunday,14,True,False
201800004312,NonLethal,Daylight,No,NoIntersection,Normal,3+Vehicles-Multiple,5,Tuesday,19,False,False
201800001252,NonLethal,NightStreelightsOn,Yes,NoIntersection,Normal,Other,9,Sunday,3,True,True
201800037982,NonLethal,Daylight,Yes,NoIntersection,LightRain,2Vehicles-Side,9,Wednesday,14,False,False
201800025842,NonLethal,Daylight,Yes,T-type,Normal,2Vehicles-Side,12,Thursday,16,False,False
201800034878,NonLethal,TwilightOrDawn,Yes,NoIntersection,Normal,2Vehicles-Behind,6,Friday,21,False,False
201800002507,NonLethal,NightNoStreetLight,No,NoIntersection,LightRain,Other,3,Sunday,6,True,True
201800010402,NonLethal,Daylight,Yes,NoIntersection,Normal,Other,7,Wednesday,21,False,False
201800018077,Lethal,NightNoStreetLight,No,X-type,HeavyRain,2Vehicles-Side,12,Saturday,19,True,False
201800040327,NonLethal,Daylight,Yes,NoIntersection,Normal,2Vehicles-Side,6,Tuesday,18,False,False
201800054029,NonLethal,NightStreelightsOn,Yes,NoIntersection,LightRain,Other,3,Friday,20,False,False
201800031313,NonLethal,Daylight,Yes,NoIntersection,Normal,Other,9,Thursday,7,False,False
201800057415,NonLethal,Daylight,Yes,T-type,Normal,2Vehicles-Side,2,Sunday,8,True,False
201800051549,NonLethal,Daylight,Yes,X-type,Normal,Other,8,Thursday,13,False,False
201800043807,NonLethal,NightNoStreetLight,No,NoIntersection,Other,Other,1,Sunday,22,True,False
201800004174,NonLethal,TwilightOrDawn,No,NoIntersection,HeavyRain,Other,6,Sunday,19,True,False
201800049323,NonLethal,NightStreelightsOn,No,NoIntersection,Normal,2Vehicles-Behind,2,Sunday,3,True,True
201800017332,NonLethal,Daylight,No,NoIntersection,Normal,Other,12,Wednesday,11,False,False
201800004979,Lethal,NightStreelightsOn,Yes,NoIntersection,Normal,NoCollision,11,Wednesday,20,False,False
201800047125,NonLethal,NightStreelightsOn,No,NoIntersection,HeavyRain,3+Vehicles-Chain,12,Saturday,20,True,False
201800002327,NonLethal,Daylight,Yes,X-type,Normal,2Vehicles-Side,7,Friday,9,False,False
201800029528,NonLethal,Daylight,Yes,X-type,VeryGood,2Vehicles-Side,6,Wednesday,20,False,False
201800017209,NonLethal,Daylight,No,NoIntersection,Normal,2Vehicles-BehindVehicles-Frontal,7,Tuesday,19,False,False
201800027915,NonLethal,Daylight,Yes,NoIntersection,Normal,Other,4,Friday,14,False,False
201800046479,NonLethal,Daylight,No,NoIntersection,Normal,2Vehicles-Behind,3,Thursday,9,False,False
201800053700,NonLethal,Daylight,Yes,Y-type,Normal,2Vehicles-Side,2,Sunday,12,True,False
201800050659,NonLethal,Daylight,Yes,X-type,VeryGood,NoCollision,2,Sunday,16,True,False
201800056823,NonLethal,Daylight,Yes,NoIntersection,Normal,2Vehicles-Behind,11,Thursday,13,False,False
201800023946,NonLethal,Daylight,Yes,T-type,Normal,2Vehicles-Side,6,Monday,15,False,False
201800054758,NonLethal,NightStreelightsOn,Yes,Square,Normal,Other,4,Saturday,3,True,True
201800054921,NonLethal,NightStreelightsOn,Yes,T-type,LightRain,Other,2,Saturday,2,True,True
201800031142,NonLethal,NightStreelightsOn,Yes,X-type,Normal,Other,11,Wednesday,19,False,False
201800046491,NonLethal,Daylight,No,NoIntersection,Normal,2Vehicles-Side,3,Friday,18,False,False
201800052357,NonLethal,Daylight,Yes,T-type,LightRain,Other,3,Tuesday,16,False,False
201800023172,NonLethal,NightStreelightsOn,Yes,Roundabout,Normal,2Vehicles-Side,7,Monday,4,False,True
201800037343,NonLethal,NightStreelightsOn,Yes,Square,LightRain,Other,12,Saturday,17,True,False
201800038188,NonLethal,Daylight,Yes,X-type,LightRain,2Vehicles-Side,2,Tuesday,9,False,False
201800045349,NonLethal,Daylight,No,NoIntersection,Normal,2Vehicles-Side,10,Friday,17,False,False
201800009735,NonLethal,Daylight,Yes,T-type,Normal,2Vehicles-Side,9,Wednesday,12,False,False
201800046689,NonLethal,Daylight,No,NoIntersection,Normal,3+Vehicles-Chain,6,Thursday,18,False,False
201800025032,NonLethal,Daylight,Yes,Other,HeavyRain,2Vehicles-Side,11,Sunday,8,True,False
201800056788,Lethal,NightNoStreetLight,No,NoIntersection,LightRain,Other,5,Tuesday,4,False,True
201800017454,NonLethal,Daylight,Yes,NoIntersection,Overcast,Other,8,Saturday,11,True,False
201800026220,NonLethal,NightStreelightsOn,Yes,X-type,Normal,2Vehicles-Side,6,Saturday,1,True,True
201800024816,NonLethal,TwilightOrDawn,Yes,X-type,LightRain,2Vehicles-BehindVehicles-Frontal,7,Monday,22,False,False
201800029122,Lethal,Daylight,Yes,X-type,VeryGood,2Vehicles-Side,7,Thursday,18,False,False
201800050107,NonLethal,Daylight,No,NoIntersection,Normal,2Vehicles-Behind,11,Thursday,8,False,False
201800046098,NonLethal,Daylight,No,NoIntersection,Normal,3+Vehicles-Chain,9,Thursday,9,False,False
201800003888,NonLethal,NightNoStreetLight,No,NoIntersection,FogOrSmoke,NoCollision,11,Saturday,18,True,False
201800009301,NonLethal,Daylight,Yes,NoIntersection,Normal,NoCollision,7,Thursday,13,False,False
201800024813,NonLethal,Daylight,Yes,X-type,Normal,Other,6,Friday,19,False,False
201800037213,NonLethal,Daylight,Yes,NoIntersection,Normal,NoCollision,1,Thursday,10,False,False
201800056250,NonLethal,NightNoStreetLight,No,NoIntersection,Normal,Other,5,Monday,18,False,False
201800042316,NonLethal,Daylight,Yes,NoIntersection,Normal,2Vehicles-Side,6,Thursday,21,False,False
201800011634,NonLethal,NightStreelightsOn,Yes,NoIntersection,Normal,Other,7,Tuesday,4,False,True
201800007266,NonLethal,Daylight,No,NoIntersection,Normal,Other,12,Wednesday,18,False,False
201800044745,NonLethal,Daylight,No,NoIntersection,Normal,2Vehicles-Side,4,Friday,8,False,False
201800004881,NonLethal,Daylight,Yes,NoIntersection,Normal,Other,7,Friday,6,False,True
201800023109,NonLethal,Daylight,Yes,NoIntersection,Normal,Other,6,Friday,17,False,False
201800004447,NonLethal,Daylight,Yes,NoIntersection,Overcast,Other,3,Sunday,8,True,False
201800039666,NonLethal,Daylight,Yes,NoIntersection,Normal,Other,10,Saturday,9,True,False
201800027679,NonLethal,Daylight,Yes,NoIntersection,Normal,NoCollision,2,Thursday,9,False,False
201800046844,NonLethal,Daylight,No,NoIntersection,Normal,2Vehicles-Side,6,Saturday,16,True,False
201800053763,NonLethal,Daylight,Yes,Square,Normal,Other,4,Thursday,19,False,False
201800039384,NonLethal,Daylight,Yes,NoIntersection,Normal,Other,6,Sunday,13,True,False
201800010879,Lethal,Daylight,No,NoIntersection,Normal,Other,6,Saturday,17,True,False
201800002463,NonLethal,Daylight,Yes,Roundabout,Normal,2Vehicles-Side,6,Friday,9,False,False
201800029114,NonLethal,Daylight,Yes,NoIntersection,Normal,2Vehicles-Side,6,Saturday,16,True,False
201800042823,NonLethal,NightStreelightsOn,Yes,NoIntersection,LightRain,2Vehicles-Behind,2,Tuesday,18,False,False
201800037784,NonLethal,Daylight,Yes,X-type,Normal,2Vehicles-Side,3,Friday,15,False,False
201800029567,NonLethal,NightStreelightsOn,Yes,X-type,Normal,2Vehicles-BehindVehicles-Frontal,8,Wednesday,23,False,False
201800042759,NonLethal,Daylight,Yes,Other,Normal,2Vehicles-Side,8,Monday,18,False,False
201800013738,Lethal,Daylight,Yes,NoIntersection,Normal,3+Vehicles-Multiple,6,Sunday,11,True,False
201800045575,NonLethal,NightNoStreetLight,No,NoIntersection,Normal,2Vehicles-Behind,12,Saturday,4,True,True
201800017993,NonLethal,NightNoStreetLight,No,NoIntersection,Normal,Other,3,Friday,20,False,False
201800000670,NonLethal,Daylight,No,NoIntersection,Normal,2Vehicles-Behind,3,Friday,17,False,False
201800051488,NonLethal,Daylight,Yes,T-type,Overcast,2Vehicles-Side,5,Thursday,11,False,False
201800049253,NonLethal,NightNoStreetLight,No,NoIntersection,Normal,2Vehicles-Behind,11,Friday,22,False,False
201800005885,Lethal,NightStreelightsOff,Yes,NoIntersection,Normal,2Vehicles-Side,9,Sunday,23,True,False
201800033334,NonLethal,NightStreelightsOn,Yes,Y-type,Normal,2Vehicles-Side,12,Monday,22,False,False
201800050061,NonLethal,Daylight,No,NoIntersection,Normal,3+Vehicles-Chain,10,Tuesday,8,False,False
201800039888,NonLethal,Daylight,Yes,NoIntersection,Normal,Other,5,Wednesday,12,False,False
201800046476,NonLethal,Daylight,No,NoIntersection,Normal,2Vehicles-Behind,3,Tuesday,8,False,False
201800016013,NonLethal,Daylight,No,NoIntersection,LightRain,2Vehicles-BehindVehicles-Frontal,5,Saturday,18,True,False
201800043349,NonLethal,NightStreelightsOn,Yes,NoIntersection,Normal,2Vehicles-Side,10,Tuesday,19,False,False
201800051276,NonLethal,Daylight,Yes,Square,Overcast,3+Vehicles-Chain,3,Monday,9,False,False
201800050481,NonLethal,Daylight,Yes,X-type,Normal,Other,9,Wednesday,17,False,False
201800017499,Lethal,TwilightOrDawn,Yes,NoIntersection,Normal,Other,3,Sunday,6,True,True
201800047508,NonLethal,Daylight,Yes,NoIntersection,Normal,2Vehicles-Side,5,Monday,19,False,False
201800018135,NonLethal,NightNoStreetLight,No,NoIntersection,Normal,Other,10,Tuesday,19,False,False
201800043724,NonLethal,NightNoStreetLight,No,Roundabout,Normal,Other,9,Thursday,23,False,False
201800027116,NonLethal,NightStreelightsOn,Yes,NoIntersection,Normal,Other,11,Thursday,19,False,False
201800031997,NonLethal,TwilightOrDawn,Yes,NoIntersection,Normal,2Vehicles-Side,10,Wednesday,16,False,False
201800055494,NonLethal,Daylight,Yes,Y-type,Normal,2Vehicles-Behind,10,Sunday,9,True,False
201800033759,NonLethal,Daylight,Yes,X-type,Normal,2Vehicles-Side,4,Saturday,20,True,False
201800047965,NonLethal,NightNoStreetLight,No,NoIntersection,Normal,2Vehicles-Behind,8,Thursday,23,False,False
201800040095,NonLethal,Daylight,Yes,Square,Normal,Other,4,Wednesday,19,False,False
201800057602,NonLethal,Daylight,Yes,NoIntersection,Normal,2Vehicles-Side,4,Thursday,16,False,False
201800005214,NonLethal,NightStreelightsOn,Yes,NoIntersection,Normal,2Vehicles-Behind,7,Wednesday,23,False,False
201800008044,NonLethal,NightStreelightsOn,Yes,NoIntersection,Normal,Other,6,Tuesday,4,False,True
201800029953,NonLethal,Daylight,Yes,X-type,Normal,Other,4,Friday,13,False,False
201800016757,NonLethal,Daylight,Yes,NoIntersection,Normal,Other,5,Saturday,10,True,False
201800025596,NonLethal,Daylight,Yes,NoIntersection,Normal,NoCollision,11,Tuesday,8,False,False
201800028089,NonLethal,Daylight,Yes,NoIntersection,VeryGood,2Vehicles-Behind,8,Sunday,11,True,False
201800025717,NonLethal,Daylight,Yes,T-type,HeavyRain,2Vehicles-Side,6,Thursday,17,False,False
201800055051,NonLethal,Daylight,Yes,NoIntersection,Normal,Other,6,Monday,10,False,False
201800035149,NonLethal,NightStreelightsOn,Yes,T-type,Normal,2Vehicles-Side,10,Sunday,20,True,False
201800019796,NonLethal,NightNoStreetLight,Yes,Roundabout,FogOrSmoke,Other,11,Saturday,3,True,True
201800034445,NonLethal,Daylight,Yes,X-type,Overcast,2Vehicles-Side,6,Tuesday,20,False,False
201800015859,NonLethal,NightNoStreetLight,No,NoIntersection,Normal,Other,2,Saturday,18,True,False
201800019713,NonLethal,Daylight,Yes,NoIntersection,Normal,Other,8,Monday,13,False,False
201800053853,NonLethal,Daylight,Yes,X-type,Normal,2Vehicles-Side,8,Thursday,10,False,False
201800040346,NonLethal,NightNoStreetLight,Yes,NoIntersection,Normal,Other,9,Tuesday,19,False,False
201800002713,NonLethal,Daylight,Yes,Other,Normal,2Vehicles-BehindVehicles-Frontal,8,Tuesday,16,False,False
201800055270,NonLethal,NightStreelightsOn,Yes,NoIntersection,Normal,Other,2,Tuesday,6,False,True
201800054881,NonLethal,NightStreelightsOn,Yes,Roundabout,Normal,2Vehicles-Behind,11,Monday,20,False,False
201800011480,NonLethal,Daylight,Yes,Roundabout,VeryGood,Other,9,Friday,16,False,False
201800044486,NonLethal,NightNoStreetLight,No,NoIntersection,Normal,Other,12,Monday,8,False,False
201800017686,NonLethal,NightStreelightsOn,Yes,T-type,Normal,3+Vehicles-Multiple,12,Thursday,7,False,False
201800039162,NonLethal,Daylight,Yes,NoIntersection,Normal,2Vehicles-Behind,6,Sunday,13,True,False
201800041604,NonLethal,Daylight,Yes,Other,Normal,2Vehicles-Side,10,Thursday,8,False,False
201800022736,NonLethal,Daylight,No,NoIntersection,Normal,2Vehicles-BehindVehicles-Frontal,2,Tuesday,9,False,False
201800043705,NonLethal,Daylight,Yes,NoIntersection,Normal,2Vehicles-Behind,8,Saturday,9,True,False
201800030292,NonLethal,TwilightOrDawn,Yes,X-type,Normal,2Vehicles-BehindVehicles-Frontal,1,Wednesday,19,False,False
201800009232,NonLethal,Daylight,Yes,NoIntersection,Normal,2Vehicles-Side,6,Monday,17,False,False
201800009979,NonLethal,Daylight,Yes,NoIntersection,Normal,Other,10,Wednesday,15,False,False
201800031220,NonLethal,Daylight,No,NoIntersection,Normal,2Vehicles-Behind,4,Saturday,12,True,False
201800046436,NonLethal,Daylight,No,NoIntersection,Normal,3+Vehicles-Chain,2,Wednesday,11,False,False
201800044290,NonLethal,Daylight,No,Other,Normal,2Vehicles-Side,10,Wednesday,15,False,False
201800029619,NonLethal,NightStreelightsOn,Yes,X-type,Normal,2Vehicles-Side,11,Friday,21,False,False
201800001547,Lethal,NightNoStreetLight,No,NoIntersection,LightRain,2Vehicles-BehindVehicles-Frontal,3,Sunday,19,True,False
201800004699,Lethal,Daylight,No,NoIntersection,Normal,2Vehicles-Side,6,Friday,19,False,False
201800024981,NonLethal,Daylight,Yes,NoIntersection,Normal,Other,10,Thursday,11,False,False
201800018064,NonLethal,NightNoStreetLight,No,NoIntersection,Normal,Other,5,Sunday,23,True,False
201800033870,NonLethal,Daylight,Yes,T-type,Normal,Other,10,Wednesday,9,False,False
201800027386,NonLethal,Daylight,Yes,NoIntersection,Normal,Other,5,Tuesday,16,False,False
201800011335,NonLethal,Daylight,No,NoIntersection,Normal,2Vehicles-BehindVehicles-Frontal,7,Friday,10,False,False
201800017554,NonLethal,Daylight,No,NoIntersection,Normal,Other,8,Saturday,12,True,False
201800035343,NonLethal,Daylight,Yes,NoIntersection,Normal,2Vehicles-Side,5,Tuesday,12,False,False
201800048079,NonLethal,Daylight,Yes,T-type,Normal,2Vehicles-Side,9,Sunday,12,True,False
201800033378,NonLethal,Daylight,Yes,NoIntersection,Normal,2Vehicles-Side,5,Thursday,17,False,False
201800050705,NonLethal,Daylight,Yes,NoIntersection,Normal,Other,3,Wednesday,17,False,False
201800054467,NonLethal,Daylight,Yes,X-type,Normal,2Vehicles-Behind,6,Saturday,10,True,False
201800056007,Lethal,NightNoStreetLight,No,NoIntersection,Overcast,2Vehicles-BehindVehicles-Frontal,11,Sunday,3,True,True
201800050184,NonLethal,Daylight,No,NoIntersection,LightRain,3+Vehicles-Chain,12,Wednesday,8,False,False
201800008041,NonLethal,Daylight,No,X-type,Normal,2Vehicles-Side,6,Friday,14,False,False
201800006819,NonLethal,Daylight,No,NoIntersection,Normal,2Vehicles-Behind,1,Wednesday,17,False,False
201800052412,NonLethal,NightStreelightsOff,Yes,X-type,Normal,2Vehicles-Side,5,Tuesday,22,False,False
201800040680,NonLethal,TwilightOrDawn,Yes,NoIntersection,Normal,3+Vehicles-Chain,8,Monday,20,False,False
201800019667,NonLethal,Daylight,No,NoIntersection,Normal,2Vehicles-Side,6,Wednesday,20,False,False
201800035229,Lethal,NightStreelightsOn,Yes,NoIntersection,Normal,Other,4,Thursday,22,False,False
201800044210,NonLethal,Daylight,No,NoIntersection,Normal,3+Vehicles-Chain,9,Sunday,12,True,False
201800052617,NonLethal,Daylight,Yes,NoIntersection,Overcast,Other,12,Tuesday,9,False,False
201800043742,NonLethal,NightStreelightsOn,Yes,X-type,Normal,2Vehicles-BehindVehicles-Frontal,8,Saturday,19,True,False
201800033878,NonLethal,TwilightOrDawn,Yes,T-type,Normal,3+Vehicles-Multiple,11,Tuesday,18,False,False
201800020632,NonLethal,Daylight,Yes,NoIntersection,Normal,Other,11,Wednesday,9,False,False
201800006037,NonLethal,NightNoStreetLight,No,NoIntersection,Normal,Other,8,Wednesday,19,False,False
201800037993,NonLethal,Daylight,Yes,NoIntersection,Normal,2Vehicles-Side,2,Thursday,8,False,False
201800037062,NonLethal,TwilightOrDawn,Yes,X-type,Normal,2Vehicles-Side,2,Monday,17,False,False