AccidentId,Gravity,Light,InAgglomeration,IntersectionType,Weather,CollisionType,Month,DayOfWeek,HourOfDay,IsWeekend,IsNight
201800038769,NonLethal,Daylight,Yes,NoIntersection,Normal,2Vehicles-Behind,8,Monday,10,False,False
201800006851,NonLethal,TwilightOrDawn,No,NoIntersection,SnowOrHail,2Vehicles-Behind,3,Sunday,18,True,False
201800014205,NonLethal,Daylight,No,NoIntersection,Normal,2Vehicles-BehindVehicles-Frontal,6,Thursday,18,False,False
201800049053,NonLethal,Daylight,No,NoIntersection,Normal,Other,11,Sunday,8,True,False
201800025000,NonLethal,Daylight,Yes,NoIntersection,Overcast,2Vehicles-BehindVehicles-Frontal,11,Wednesday,8,False,False
201800017814,NonLethal,NightNoStreetLight,No,NoIntersection,LightRain,Other,1,Thursday,18,False,False
201800017106,NonLethal,Daylight,No,NoIntersection,SnowOrHail,Other,10,Tuesday,14,False,False
201800031157,NonLethal,NightNoStreetLight,No,NoIntersection,Normal,2Vehicles-Side,10,Sunday,22,True,False
201800021659,NonLethal,NightNoStreetLight,No,NoIntersection,Normal,Other,9,Monday,19,False,False
201800056107,NonLethal,NightNoStreetLight,No,NoIntersection,Normal,2Vehicles-BehindVehicles-Frontal,6,Friday,6,False,True
201800018006,NonLethal,Daylight,No,X-type,Normal,2Vehicles-Side,7,Thursday,12,False,False
201800034317,NonLethal,NightStreelightsOn,Yes,T-type,Normal,2Vehicles-Side,6,Monday,20,False,False
201800057575,NonLethal,TwilightOrDawn,Yes,NoIntersection,Normal,2Vehicles-Behind,9,Sunday,16,True,False
201800002960,Lethal,Daylight,No,X-type,Normal,2Vehicles-Side,7,Friday,11,False,False
201800009838,NonLethal,Daylight,Yes,NoIntersection,Normal,2Vehicles-BehindVehicles-Frontal,3,Saturday,10,True,False
201800045352,NonLethal,Daylight,No,NoIntersection,Normal,3+Vehicles-Multiple,10,Saturday,16,True,False
201800028660,NonLethal,NightStreelightsOn,Yes,Roundabout,LightRain,Other,1,Sunday,6,True,True
201800032800,Lethal,NightNoStreetLight,No,NoIntersection,FogOrSmoke,Other,11,Friday,22,False,False
201800039651,NonLethal,Daylight,Yes,NoIntersection,Normal,2Vehicles-Side,8,Wednesday,15,False,False
201800049816,NonLethal,TwilightOrDawn,No,NoIntersection,Overcast,Other,4,Monday,20,False,False
201800025858,NonLethal,NightStreelightsOn,Yes,T-type,Normal,2Vehicles-BehindVehicles-Frontal,6,Monday,23,False,False
201800001824,Lethal,Daylight,Yes,NoIntersection,Normal,Other,12,Tuesday,15,False,False
201800002385,NonLethal,Daylight,No,Y-type,Normal,NoCollision,11,Sunday,12,True,False
201800048185,NonLethal,Daylight,Yes,NoIntersection,Normal,Other,4,Friday,11,False,False
201800034830,NonLethal,Daylight,Yes,X-type,Normal,2Vehicles-Side,6,Wednesday,19,False,False
201800013740,NonLethal,NightStreelightsOn,Yes,T-type,Normal,2Vehicles-Side,4,Saturday,0,True,True
201800028359,NonLethal,NightStreelightsOn,Yes,NoIntersection,Normal,Other,3,Wednesday,19,False,False
201800046673,NonLethal,Daylight,No,NoIntersection,Normal,2Vehicles-Side,6,Thursday,17,False,False
201800035939,NonLethal,Daylight,Yes,NoIntersection,Normal,Other,9,Sunday,17,True,False
201800052410,NonLethal,Daylight,Yes,T-type,LightRain,2Vehicles-Behind,4,Monday,18,False,False
201800014357,NonLethal,Daylight,No,NoIntersection,Normal,2Vehicles-Side,5,Thursday,15,False,False
201800050603,NonLethal,NightStreelightsOn,Yes,X-type,Normal,2Vehicles-Side,9,Wednesday,21,False,False
201800045363,NonLethal,TwilightOrDawn,No,NoIntersection,Normal,3+Vehicles-Chain,10,Tuesday,18,False,False
201800047029,NonLethal,NightNoStreetLight,No,NoIntersection,LightRain,2Vehicles-Behind,11,Sunday,7,True,False
201800025687,NonLethal,Daylight,Yes,NoIntersection,LightRain,Other,1,Wednesday,13,False,False
201800001085,NonLethal,Daylight,No,NoIntersection,Normal,Other,5,Saturday,12,True,False
201800050831,NonLethal,Daylight,Yes,NoIntersection,Normal,3+Vehicles-Chain,4,Monday,16,False,False
201800023851,NonLethal,Daylight,Yes,Roundabout,Normal,Other,2,Thursday,8,False,False
201800007868,NonLethal,Daylight,No,NoIntersection,Normal,Other,5,Tuesday,12,False,False
201800018978,NonLethal,TwilightOrDawn,No,NoIntersection,Overcast,Other,10,Wednesday,6,False,True
201800013642,NonLethal,Daylight,No,NoIntersection,LightRain,NoCollision,4,Tuesday,10,False,False
201800001375,NonLethal,Daylight,No,T-type,Normal,2Vehicles-Side,10,Tuesday,15,False,False
201800026099,NonLethal,Daylight,Yes,NoIntersection,Normal,Other,7,Wednesday,10,False,False
201800054232,NonLethal,Daylight,Yes,NoIntersection,Normal,Other,10,Wednesday,18,False,False
201800035225,NonLethal,TwilightOrDawn,Yes,T-type,Other,3+Vehicles-Multiple,12,Wednesday,7,False,False
201800037978,NonLethal,NightStreelightsOn,Yes,NoIntersection,LightRain,Other,11,Tuesday,19,False,False
201800041418,NonLethal,Daylight,No,NoIntersection,VeryGood,3+Vehicles-Chain,4,Monday,9,False,False
201800009075,NonLethal,Daylight,Yes,NoIntersection,LightRain,NoCollision,5,Wednesday,12,False,False
201800057047,NonLethal,NightStreelightsOn,No,NoIntersection,Normal,2Vehicles-Side,9,Saturday,20,True,False
201800038692,NonLethal,Daylight,Yes,Roundabout,VeryGood,2Vehicles-Side,5,Sunday,16,True,False
201800011619,NonLethal,NightNoStreetLight,No,NoIntersection,Normal,Other,12,Thursday,20,False,False
201800021755,NonLethal,NightNoStreetLight,No,NoIntersection,Normal,3+Vehicles-Chain,11,Sunday,19,True,False
201800025750,NonLethal,Daylight,Yes,NoIntersection,Normal,Other,9,Tuesday,11,False,False
201800034791,NonLethal,Daylight,Yes,NoIntersection,Normal,2Vehicles-BehindVehicles-Frontal,6,Wednesday,16,False,False
201800030188,NonLethal,NightNoStreetLight,Yes,Square,Other,Other,5,Saturday,4,True,True
201800002912,NonLethal,NightNoStreetLight,No,NoIntersection,Normal,Other,5,Tuesday,22,False,False
201800022033,NonLethal,Daylight,Yes,X-type,Normal,2Vehicles-Side,4,Friday,7,False,False
201800005128,NonLethal,Daylight,Yes,NoIntersection,LightRain,2Vehicles-Behind,5,Monday,8,False,False
201800043655,NonLethal,Daylight,Yes,NoIntersection,Overcast,Other,9,Tuesday,10,False,False
201800044058,NonLethal,Daylight,No,NoIntersection,Normal,3+Vehicles-Multiple,6,Thursday,9,False,False
201800003355,NonLethal,NightNoStreetLight,No,NoIntersection,Normal,2Vehicles-BehindVehicles-Frontal,8,Monday,21,False,False
201800017326,Lethal,Daylight,No,NoIntersection,Overcast,Other,1,Friday,16,False,False
201800008721,NonLethal,Daylight,Yes,NoIntersection,Normal,2Vehicles-BehindVehicles-Frontal,3,Friday,18,False,False
201800016878,NonLethal,TwilightOrDawn,No,NoIntersection,Normal,3+Vehicles-Multiple,10,Friday,7,False,False
201800047049,NonLethal,TwilightOrDawn,No,NoIntersection,FogOrSmoke,NoCollision,11,Friday,8,False,False
201800038110,NonLethal,Daylight,Yes,NoIntersection,Normal,Other,6,Wednesday,8,False,False
201800026824,NonLethal,Daylight,Yes,NoIntersection,LightRain,2Vehicles-Side,5,Sunday,8,True,False
201800024113,NonLethal,NightStreelightsOn,Yes,NoIntersection,Normal,Other,7,Sunday,21,True,False
201800015995,NonLethal,Daylight,No,NoIntersection,Normal,2Vehicles-Behind,4,Saturday,16,True,False
201800018224,Lethal,Daylight,No,NoIntersection,Normal,2Vehicles-BehindVehicles-Frontal,3,Wednesday,13,False,False
201800053130,NonLethal,Daylight,Yes,T-type,Normal,Other,9,Friday,15,False,False
201800052495,NonLethal,NightStreelightsOn,Yes,X-type,Normal,2Vehicles-Side,8,Monday,23,False,False
201800036524,NonLethal,NightStreelightsOn,Yes,NoIntersection,Other,Other,12,Thursday,18,False,False
201800053570,NonLethal,Daylight,Yes,Square,Normal,2Vehicles-Behind,10,Tuesday,12,False,False
201800038792,NonLethal,NightStreelightsOn,Yes,NoIntersection,Normal,Other,12,Monday,17,False,False
201800049434,NonLethal,Daylight,No,NoIntersection,Normal,2Vehicles-Behind,8,Sunday,8,True,False
201800015335,NonLethal,Daylight,Yes,NoIntersection,LightRain,NoCollision,10,Wednesday,13,False,False
201800010377,NonLethal,Daylight,Yes,NoIntersection,Normal,2Vehicles-Side,4,Tuesday,8,False,False
201800055344,NonLethal,TwilightOrDawn,Yes,NoIntersection,Normal,2Vehicles-Behind,4,Wednesday,20,False,False
201800006199,NonLethal,Daylight,No,NoIntersection,Normal,NoCollision,3,Wednesday,16,False,False
201800031416,NonLethal,NightNoStreetLight,No,NoIntersection,Other,Other,8,Sunday,0,True,True
201800017816,NonLethal,Daylight,Yes,NoIntersection,Normal,Other,3,Thursday,17,False,False
201800005017,NonLethal,Daylight,No,NoIntersection,Overcast,Other,8,Monday,12,False,False
201800046307,NonLethal,Daylight,No,NoIntersection,LightRain,2Vehicles-Side,12,Friday,12,False,False
201800003519,NonLethal,Daylight,Yes,T-type,Normal,2Vehicles-Side,7,Friday,15,False,False
201800048886,NonLethal,NightStreelightsOn,No,NoIntersection,LightRain,Other,4,Saturday,5,True,True
201800020302,NonLethal,Daylight,Yes,X-type,Normal,2Vehicles-Side,6,Saturday,17,True,False
201800031073,NonLethal,Daylight,No,NoIntersection,Normal,Other,9,Monday,14,False,False
201800001185,NonLethal,Daylight,Yes,NoIntersection,Normal,2Vehicles-Side,6,Thursday,14,False,False
201800052195,NonLethal,Daylight,Yes,X-type,Normal,2Vehicles-Side,4,Tuesday,16,False,False
201800017407,NonLethal,NightNoStreetLight,No,NoIntersection,LightRain,NoCollision,10,Sunday,21,True,False
201800030653,NonLethal,TwilightOrDawn,Yes,NoIntersection,Overcast,2Vehicles-BehindVehicles-Frontal,2,Thursday,18,False,False
201800001280,NonLethal,NightNoStreetLight,No,NoIntersection,Normal,Other,6,Friday,23,False,False
201800018396,NonLethal,Daylight,No,X-type,Normal,2Vehicles-Side,8,Sunday,18,True,False
201800015950,NonLethal,Daylight,No,NoIntersection,Normal,2Vehicles-Behind,2,Friday,13,False,False
201800023945,NonLethal,Daylight,Yes,NoIntersection,Normal,2Vehicles-BehindVehicles-Frontal,6,Saturday,20,True,False
201800035971,NonLethal,Daylight,Yes,X-type,Normal,2Vehicles-BehindVehicles-Frontal,1,Thursday,11,False,False
201800036072,Lethal,Daylight,No,NoIntersection,LightRain,Other,5,Sunday,14,True,False
201800008051,NonLethal,NightStreelightsOn,Yes,Other,Normal,2Vehicles-Side,7,Friday,23,False,False
201800041848,NonLethal,NightStreelightsOn,Yes,NoIntersection,Normal,Other,3,Monday,23,False,False
201800034312,NonLethal,NightStreelightsOn,Yes,NoIntersection,Normal,2Vehicles-Side,1,Thursday,21,False,False
201800007444,NonLethal,Daylight,No,NoIntersection,Normal,3+Vehicles-Multiple,11,Saturday,17,True,False
201800057208,NonLethal,Daylight,Yes,NoIntersection,Normal,2Vehicles-Side,8,Friday,11,False,False
201800037610,NonLethal,Daylight,Yes,NoIntersection,Normal,2Vehicles-BehindVehicles-Frontal,8,Monday,16,False,False
201800007199,NonLethal,Daylight,No,NoIntersection,Overcast,3+Vehicles-Multiple,10,Thursday,17,False,False
201800023768,NonLethal,NightStreelightsOn,Yes,T-type,FogOrSmoke,Other,11,Friday,7,False,False
201800006595,NonLethal,Daylight,No,NoIntersection,Normal,2Vehicles-Behind,7,Monday,11,False,False
201800015690,Lethal,NightNoStreetLight,No,NoIntersection,Normal,Other,5,Saturday,23,True,False
201800027419,NonLethal,Daylight,Yes,NoIntersection,Normal,Other,9,Tuesday,9,False,False
201800012939,NonLethal,Daylight,No,NoIntersection,Normal,NoCollision,8,Wednesday,19,False,False
201800031613,NonLethal,Daylight,Yes,X-type,Normal,2Vehicles-Side,6,Tuesday,12,False,False
201800024560,NonLethal,TwilightOrDawn,Yes,T-type,Normal,2Vehicles-Side,7,Thursday,20,False,False
201800005997,NonLethal,TwilightOrDawn,Yes,NoIntersection,Normal,Other,10,Friday,7,False,False
201800039440,NonLethal,Daylight,Yes,X-type,Normal,2Vehicles-Side,11,Wednesday,10,False,False
201800030988,NonLethal,NightStreelightsOn,Yes,NoIntersection,Normal,3+Vehicles-Multiple,3,Tuesday,21,False,False
201800054408,NonLethal,Daylight,Yes,NoIntersection,VeryGood,Other,11,Monday,17,False,False
201800016998,NonLethal,Daylight,No,T-type,Normal,2Vehicles-Side,8,Tuesday,9,False,False
201800032520,NonLethal,Daylight,Yes,NoIntersection,Normal,2Vehicles-Behind,8,Friday,14,False,False
201800057316,NonLethal,Daylight,Yes,X-type,Normal,2Vehicles-Side,5,Saturday,14,True,False
201800000326,NonLethal,Daylight,No,Roundabout,Normal,2Vehicles-Side,7,Wednesday,8,False,False
201800029482,NonLethal,NightStreelightsOn,Yes,Other,Normal,2Vehicles-Side,4,Wednesday,21,False,False
201800051597,NonLethal,Daylight,Yes,NoIntersection,Normal,Other,10,Tuesday,16,False,False
201800052833,NonLethal,Daylight,Yes,NoIntersection,Normal,2Vehicles-Behind,1,Wednesday,11,False,False
201800016843,NonLethal,Daylight,No,NoIntersection,Normal,NoCollision,6,Saturday,21,True,False
201800043938,NonLethal,Daylight,No,NoIntersection,Normal,2Vehicles-Behind,4,Friday,18,False,False
201800042871,NonLethal,NightStreelightsOn,Yes,NoIntersection,Normal,Other,6,Thursday,3,False,True
201800013923,NonLethal,Daylight,No,NoIntersection,Normal,Other,7,Saturday,18,True,False
201800001204,NonLethal,Daylight,No,Y-type,LightRain,2Vehicles-Side,12,Saturday,15,True,False
201800038111,NonLethal,Daylight,Yes,NoIntersection,Normal,NoCollision,8,Monday,10,False,False
201800013588,Lethal,Daylight,No,T-type,Normal,2Vehicles-Behind,12,Friday,19,False,False
201800024958,NonLethal,Daylight,Yes,NoIntersection,Normal,2Vehicles-Behind,10,Friday,9,False,False
201800042350,NonLethal,Daylight,Yes,NoIntersection,Normal,Other,4,Monday,16,False,False
201800009788,NonLethal,Daylight,Yes,NoIntersection,Normal,Other,9,Monday,16,False,False
201800049240,NonLethal,NightNoStreetLight,No,NoIntersection,Normal,NoCollision,7,Sunday,3,True,True
201800048556,NonLethal,Daylight,Yes,NoIntersection,Normal,2Vehicles-Side,9,Thursday,14,False,False
201800024491,NonLethal,NightStreelightsOn,Yes,NoIntersection,Normal,NoCollision,4,Wednesday,6,False,True
201800023515,NonLethal,NightNoStreetLight,No,NoIntersection,Normal,2Vehicles-Behind,6,Sunday,23,True,False
201800051081,NonLethal,NightStreelightsOn,Yes,X-type,Normal,Other,5,Sunday,2,True,True
201800015784,NonLethal,Daylight,Yes,NoIntersection,Normal,NoCollision,6,Saturday,9,True,False
201800029802,NonLethal,NightStreelightsOn,Yes,NoIntersection,Overcast,Other,12,Saturday,17,True,False
201800012549,NonLethal,Daylight,No,NoIntersection,Normal,2Vehicles-Side,6,Saturday,18,True,False
201800015411,NonLethal,Daylight,Yes,NoIntersection,LightRain,2Vehicles-Side,7,Monday,7,False,False
201800038900,NonLethal,Daylight,Yes,T-type,Normal,2Vehicles-BehindVehicles-Frontal,3,Friday,20,False,False
201800013483,NonLethal,Daylight,No,NoIntersection,Normal,Other,10,Sunday,14,True,False
201800012644,NonLethal,Daylight,No,NoIntersection,Normal,2Vehicles-BehindVehicles-Frontal,7,Thursday,8,False,False
201800025127,NonLethal,Daylight,Yes,NoIntersection,Normal,Other,2,Saturday,10,True,False
201800000038,NonLethal,Daylight,No,T-type,Normal,2Vehicles-Side,9,Tuesday,9,False,False
201800056355,NonLethal,TwilightOrDawn,Yes,NoIntersection,Normal,NoCollision,11,Friday,18,False,False
201800031257,NonLethal,Daylight,Yes,NoIntersection,Normal,2Vehicles-Behind,6,Saturday,11,True,False
201800031995,NonLethal,NightStreelightsOn,Yes,T-type,Normal,Other,10,Tuesday,19,False,False
201800005088,NonLethal,Daylight,Yes,NoIntersection,Normal,2Vehicles-Side,9,Saturday,11,True,False
201800047498,NonLethal,Daylight,Yes,NoIntersection,Normal,2Vehicles-Behind,5,Wednesday,7,False,False
201800037083,Lethal,Daylight,Yes,NoIntersection,Normal,Other,11,Thursday,15,False,False
201800025469,NonLethal,Daylight,Yes,T-type,Normal,2Vehicles-Side,8,Friday,18,False,False
201800019171,NonLethal,Daylight,Yes,X-type,Normal,2Vehicles-Side,9,Saturday,16,True,False
201800036173,NonLethal,Daylight,Yes,X-type,LightRain,3+Vehicles-Chain,6,Saturday,14,True,False
201800018772,NonLethal,Daylight,Yes,Y-type,Normal,2Vehicles-Side,7,Tuesday,17,False,False
201800048966,NonLethal,Daylight,No,NoIntersection,Normal,3+Vehicles-Chain,1,Monday,12,False,False
201800031421,NonLethal,Daylight,No,NoIntersection,Overcast,2Vehicles-BehindVehicles-Frontal,4,Thursday,12,False,False
201800044454,NonLethal,NightStreelightsOn,No,NoIntersection,Normal,2Vehicles-Side,12,Friday,17,False,False
201800055395,NonLethal,Daylight,Yes,NoIntersection,Normal,2Vehicles-Behind,5,Friday,16,False,False
201800000025,Lethal,Daylight,Yes,NoIntersection,SnowOrHail,NoCollision,2,Friday,11,False,False
201800055346,NonLethal,Daylight,Yes,NoIntersection,Normal,3+Vehicles-Chain,4,Thursday,16,False,False
201800021199,NonLethal,TwilightOrDawn,No,NoIntersection,LightRain,2Vehicles-BehindVehicles-Frontal,8,Saturday,8,True,False
201800044624,NonLethal,NightStreelightsOff,No,NoIntersection,LightRain,2Vehicles-Side,2,Monday,21,False,False
201800008282,NonLethal,Daylight,Yes,Roundabout,Normal,2Vehicles-Behind,1,Tuesday,16,False,False
201800020396,NonLethal,Daylight,No,NoIntersection,Normal,2Vehicles-Behind,6,Sunday,14,True,False
201800019295,NonLethal,Daylight,Yes,NoIntersection,Normal,NoCollision,5,Saturday,13,True,False
201800032783,NonLethal,NightNoStreetLight,No,NoIntersection,HeavyRain,Other,9,Friday,21,False,False
201800044583,NonLethal,Daylight,No,NoIntersection,LightRain,2Vehicles-Behind,1,Wednesday,11,False,False
201800021120,NonLethal,Daylight,Yes,Other,Normal,2Vehicles-Behind,10,Thursday,13,False,False
201800044518,NonLethal,TwilightOrDawn,No,NoIntersection,Normal,2Vehicles-Side,1,Thursday,8,False,False
201800053393,NonLethal,Daylight,Yes,NoIntersection,Overcast,3+Vehicles-Multiple,6,Wednesday,13,False,False
201800032789,NonLethal,NightNoStreetLight,No,NoIntersection,SnowOrHail,Other,1,Wednesday,6,False,True
201800028341,NonLethal,Daylight,Yes,NoIntersection,Normal,Other,2,Monday,9,False,False
201800024343,NonLethal,NightStreelightsOn,Yes,NoIntersection,Normal,Other,6,Sunday,3,True,True
201800014752,Lethal,Daylight,No,NoIntersection,Normal,Other,11,Monday,11,False,False
201800012313,NonLethal,Daylight,No,NoIntersection,Normal,NoCollision,7,Monday,16,False,False
201800056182,NonLethal,Daylight,Yes,NoIntersection,Normal,Other,9,Monday,16,False,False
201800042531,NonLethal,NightStreelightsOn,Yes,NoIntersection,Normal,Other,12,Tuesday,20,False,False
201800041568,NonLethal,Daylight,Yes,NoIntersection,Normal,Other,1,Friday,10,False,False
201800010413,NonLethal,NightStreelightsOn,Yes,NoIntersection,Normal,2Vehicles-Behind,9,Wednesday,21,False,False
201800022280,NonLethal,Daylight,Yes,NoIntersection,Normal,2Vehicles-Behind,2,Thursday,12,False,False
201800045201,NonLethal,NightNoStreetLight,No,NoIntersection,Normal,2Vehicles-Side,9,Sunday,22,True,False
201800025238,NonLethal,NightStreelightsOn,Yes,NoIntersection,Normal,2Vehicles-BehindVehicles-Frontal,2,Sunday,20,True,False
201800000057,NonLethal,TwilightOrDawn,No,NoIntersection,Normal,NoCollision,2,Tuesday,6,False,True
201800031095,NonLethal,Daylight,Yes,NoIntersection,Normal,Other,10,Monday,14,False,False
201800017877,NonLethal,Daylight,Yes,NoIntersection,Normal,2Vehicles-BehindVehicles-Frontal,5,Friday,8,False,False
201800024377,NonLethal,Daylight,Yes,NoIntersection,Normal,3+Vehicles-Chain,7,Friday,19,False,False
201800041916,NonLethal,NightStreelightsOn,Yes,NoIntersection,Normal,3+Vehicles-Multiple,11,Friday,23,False,False
201800026617,NonLethal,Daylight,Yes,NoIntersection,Overcast,2Vehicles-Side,1,Monday,16,False,False
201800004287,Lethal,NightNoStreetLight,No,NoIntersection,Normal,2Vehicles-BehindVehicles-Frontal,6,Saturday,21,True,False
201800013178,NonLethal,NightStreelightsOn,Yes,NoIntersection,Normal,Other,12,Thursday,19,False,False
201800034970,NonLethal,Daylight,Yes,NoIntersection,Normal,Other,1,Friday,8,False,False
201800037999,NonLethal,Daylight,Yes,Y-type,Normal,2Vehicles-Side,5,Friday,17,False,False
201800014204,NonLethal,Daylight,Yes,X-type,Normal,2Vehicles-Side,6,Thursday,7,False,False
201800038837,NonLethal,Daylight,Yes,X-type,Normal,2Vehicles-Side,7,Thursday,19,False,False
201800047798,NonLethal,NightStreelightsOn,Yes,NoIntersection,Normal,2Vehicles-Behind,11,Thursday,17,False,False
201800010592,NonLethal,NightStreelightsOff,Yes,X-type,LightRain,2Vehicles-BehindVehicles-Frontal,12,Tuesday,20,False,False
201800032503,NonLethal,TwilightOrDawn,Yes,NoIntersection,Normal,2Vehicles-Side,11,Wednesday,21,False,False
201800023647,NonLethal,Daylight,Yes,NoIntersection,Normal,2Vehicles-Side,12,Sunday,19,True,False
201800025529,NonLethal,Daylight,Yes,T-type,Normal,2Vehicles-Side,8,Friday,16,False,False
201800000548,NonLethal,Daylight,No,NoIntersection,Overcast,NoCollision,3,Tuesday,6,False,True
201800009124,NonLethal,Daylight,Yes,T-type,Normal,2Vehicles-Side,5,Sunday,16,True,False
201800013774,NonLethal,Daylight,No,NoIntersection,Normal,Other,7,Saturday,15,True,False
201800023142,NonLethal,Daylight,No,T-type,Normal,2Vehicles-BehindVehicles-Frontal,7,Wednesday,8,False,False
201800020176,NonLethal,Daylight,No,NoIntersection,Normal,2Vehicles-Side,6,Saturday,18,True,False
201800006309,Lethal,Daylight,No,NoIntersection,Normal,NoCollision,6,Wednesday,8,False,False
201800027259,NonLethal,Daylight,Yes,NoIntersection,Normal,2Vehicles-Behind,4,Thursday,17,False,False
201800039957,NonLethal,Daylight,Yes,NoIntersection,Overcast,2Vehicles-Behind,5,Saturday,15,True,False
201800020326,NonLethal,NightNoStreetLight,No,NoIntersection,LightRain,Other,1,Monday,3,False,True
201800023846,NonLethal,Daylight,Yes,NoIntersection,Normal,2Vehicles-BehindVehicles-Frontal,2,Thursday,12,False,False
201800045337,NonLethal,NightNoStreetLight,No,NoIntersection,Normal,Other,10,Wednesday,22,False,False
201800023078,NonLethal,Daylight,No,NoIntersection,Normal,3+Vehicles-Chain,5,Friday,17,False,False
201800020321,Lethal,Daylight,No,NoIntersection,Normal,2Vehicles-Behind,3,Saturday,12,True,False
201800054203,NonLethal,Daylight,Yes,NoIntersection,Normal,2Vehicles-Side,9,Friday,14,False,False
201800003236,NonLethal,Daylight,Yes,T-type,Normal,2Vehicles-Side,6,Sunday,18,True,False
201800046930,NonLethal,Daylight,No,NoIntersection,Normal,2Vehicles-Behind,10,Thursday,12,False,False
201800055520,NonLethal,Daylight,Yes,NoIntersection,Normal,3+Vehicles-Chain,7,Saturday,11,True,False
201800026495,NonLethal,NightStreelightsOn,Yes,NoIntersection,Normal,2Vehicles-Side,12,Saturday,23,True,False
201800045670,NonLethal,NightNoStreetLight,No,NoIntersection,LightRain,3+Vehicles-Chain,1,Wednesday,6,False,True
201800045915,NonLethal,Daylight,No,NoIntersection,HeavyRain,2Vehicles-Behind,6,Tuesday,7,False,False
201800031855,NonLethal,Daylight,Yes,NoIntersection,Normal,2Vehicles-Side,4,Sunday,15,True,False
201800044721,NonLethal,Daylight,No,NoIntersection,Normal,2Vehicles-Behind,3,Monday,15,False,False
201800025962,NonLethal,Daylight,Yes,Square,Normal,Other,1,Thursday,13,False,False
201800022311,NonLethal,Daylight,Yes,NoIntersection,Normal,2Vehicles-Behind,3,Saturday,15,True,False
201800053511,NonLethal,Daylight,Yes,T-type,Normal,Other,9,Wednesday,10,False,False
201800049856,NonLethal,Daylight,No,NoIntersection,Normal,3+Vehicles-Chain,5,Friday,16,False,False
201800006443,NonLethal,NightNoStreetLight,No,NoIntersection,LightRain,2Vehicles-BehindVehicles-Frontal,4,Saturday,23,True,False
201800022484,NonLethal,Daylight,Yes,NoIntersection,Normal,2Vehicles-BehindVehicles-Frontal,3,Thursday,7,False,False
201800040684,NonLethal,NightStreelightsOn,Yes,NoIntersection,Normal,Other,6,Sunday,2,True,True
201800042480,NonLethal,Daylight,Yes,NoIntersection,Normal,2Vehicles-Side,7,Thursday,9,False,False
201800004133,NonLethal,Daylight,Yes,NoIntersection,Normal,Other,4,Wednesday,17,False,False
201800051376,NonLethal,TwilightOrDawn,Yes,NoIntersection,Normal,Other,8,Friday,6,False,True
201800033244,NonLethal,NightStreelightsOn,Yes,NoIntersection,LightRain,Other,12,Friday,19,False,False
201800002543,NonLethal,Daylight,No,NoIntersection,Normal,2Vehicles-BehindVehicles-Frontal,7,Sunday,15,True,False
201800036081,NonLethal,Daylight,Yes,T-type,Normal,Other,5,Thursday,8,False,False
201800011871,NonLethal,NightNoStreetLight,No,NoIntersection,Normal,Other,7,Monday,0,False,True
201800050611,NonLethal,NightStreelightsOn,Yes,T-type,LightRain,Other,10,Sunday,4,True,True
201800033891,NonLethal,Daylight,Yes,T-type,Normal,Other,4,Thursday,9,False,False
201800050265,NonLethal,Daylight,Yes,NoIntersection,Normal,2Vehicles-Side,5,Friday,13,False,False
201800049482,NonLethal,NightStreelightsOff,No,NoIntersection,LightRain,3+Vehicles-Multiple,10,Saturday,4,True,True
201800010088,NonLethal,Daylight,Yes,NoIntersection,Normal,Other,11,Monday,7,False,False
201800029100,NonLethal,Daylight,Yes,NoIntersection,Normal,Other,4,Thursday,17,False,False
201800042407,NonLethal,Daylight,Yes,NoIntersection,Normal,Other,11,Friday,12,False,False
201800010273,NonLethal,Daylight,No,Other,Normal,2Vehicles-Side,3,Friday,7,False,False
201800039163,NonLethal,Daylight,Yes,NoIntersection,Normal,NoCollision,10,Thursday,9,False,False
201800021172,NonLethal,TwilightOrDawn,Yes,NoIntersection,Normal,Other,7,Friday,6,False,True
201800007986,NonLethal,Daylight,No,NoIntersection,Normal,Other,7,Sunday,15,True,False
201800031378,NonLethal,Daylight,No,NoIntersection,Normal,2Vehicles-Behind,12,Thursday,15,False,False
201800006232,NonLethal,Daylight,No,NoIntersection,Normal,2Vehicles-Side,3,Wednesday,17,False,False
201800055213,NonLethal,TwilightOrDawn,Yes,X-type,Normal,Other,12,Monday,17,False,False
201800018657,Lethal,Daylight,No,NoIntersection,Normal,Other,7,Sunday,18,True,False
201800050984,NonLethal,Daylight,Yes,X-type,LightRain,2Vehicles-Side,1,Wednesday,10,False,False
201800046340,NonLethal,Daylight,No,NoIntersection,Overcast,Other,7,Sunday,12,True,False
201800014041,NonLethal,Daylight,Yes,X-type,VeryGood,Other,9,Monday,18,False,False
201800000840,NonLethal,Daylight,Yes,NoIntersection,Normal,2Vehicles-Side,9,Sunday,11,True,False
201800050728,NonLethal,Daylight,Yes,Y-type,Normal,2Vehicles-Side,9,Tuesday,16,False,False
201800000256,NonLethal,NightNoStreetLight,No,NoIntersection,Normal,2Vehicles-Behind,10,Wednesday,19,False,False
201800015811,NonLethal,Daylight,No,NoIntersection,LightRain,2Vehicles-Side,5,Monday,18,False,False
201800038259,NonLethal,Daylight,Yes,NoIntersection,Normal,2Vehicles-Side,2,Wednesday,10,False,False
201800054946,NonLethal,TwilightOrDawn,Yes,Y-type,Normal,Other,9,Monday,7,False,False