AccidentId,Gravity,Light,InAgglomeration,IntersectionType,Weather,CollisionType,Month,DayOfWeek,HourOfDay,IsWeekend,IsNight
201800029853,NonLethal,Daylight,Yes,NoIntersection,Normal,Other,9,Thursday,18,False,False
201800055232,NonLethal,Daylight,Yes,NoIntersection,Normal,2Vehicles-Side,1,Friday,14,False,False
201800001313,Lethal,Daylight,No,NoIntersection,Normal,Other,8,Thursday,17,False,False
201800041676,NonLethal,Daylight,Yes,NoIntersection,Normal,2Vehicles-Side,11,Wednesday,10,False,False
201800054998,NonLethal,Daylight,Yes,Y-type,LightRain,2Vehicles-Side,4,Sunday,7,True,False
201800008444,NonLethal,Daylight,Yes,NoIntersection,Normal,Other,2,Friday,11,False,False
201800036307,NonLethal,Daylight,Yes,Other,Normal,Other,9,Saturday,19,True,False
201800014591,NonLethal,Daylight,No,NoIntersection,Normal,NoCollision,5,Thursday,11,False,False
201800019145,NonLethal,Daylight,No,NoIntersection,Normal,2Vehicles-Side,9,Thursday,9,False,False
201800019932,NonLethal,NightNoStreetLight,No,NoIntersection,Normal,2Vehicles-Behind,12,Monday,17,False,False
201800003097,NonLethal,Daylight,Yes,X-type,VeryGood,2Vehicles-Side,11,Saturday,15,True,False
201800018517,NonLethal,Daylight,No,NoIntersection,Normal,NoCollision,6,Saturday,12,True,False
201800004128,NonLethal,NightStreelightsOn,Yes,NoIntersection,Normal,Other,12,Saturday,5,True,True
201800043263,NonLethal,NightStreelightsOn,Yes,T-type,Normal,Other,9,Tuesday,22,False,False
201800040349,NonLethal,Daylight,Yes,X-type,Normal,Other,3,Saturday,9,True,False
201800037539,NonLethal,NightStreelightsOn,Yes,T-type,LightRain,2Vehicles-Side,1,Tuesday,18,False,False
201800047524,NonLethal,Daylight,Yes,Other,Normal,2Vehicles-BehindVehicles-Frontal,5,Tuesday,7,False,False
201800018254,NonLethal,Daylight,Yes,NoIntersection,Normal,Other,6,Thursday,17,False,False
201800040358,NonLethal,NightStreelightsOn,Yes,NoIntersection,Normal,2Vehicles-Side,10,Wednesday,6,False,True
201800029191,NonLethal,Daylight,Yes,T-type,LightRain,2Vehicles-Side,1,Tuesday,7,False,False
201800047205,NonLethal,Daylight,Yes,NoIntersection,LightRain,3+Vehicles-Chain,5,Tuesday,17,False,False
201800021640,NonLethal,Daylight,Yes,NoIntersection,Normal,2Vehicles-Behind,5,Friday,17,False,False
201800052512,NonLethal,NightStreelightsOn,Yes,X-type,Normal,2Vehicles-Side,8,Thursday,21,False,False
201800050825,NonLethal,Daylight,Yes,X-type,LightRain,2Vehicles-Side,1,Monday,14,False,False
201800041606,NonLethal,Daylight,Yes,NoIntersection,Normal,2Vehicles-Side,8,Friday,18,False,False
201800024202,NonLethal,Daylight,Yes,Other,Other,2Vehicles-Side,5,Friday,18,False,False
201800044229,NonLethal,Daylight,No,NoIntersection,Normal,2Vehicles-Behind,9,Saturday,7,True,False
201800018794,NonLethal,NightNoStreetLight,No,X-type,Normal,2Vehicles-Side,12,Monday,20,False,False
201800026687,NonLethal,Daylight,Yes,Square,Normal,Other,5,Thursday,13,False,False
201800043496,Lethal,NightNoStreetLight,Yes,NoIntersection,Normal,2Vehicles-BehindVehicles-Frontal,10,Friday,6,False,True
201800015636,NonLethal,Daylight,No,T-type,Normal,2Vehicles-Side,4,Wednesday,18,False,False
201800056726,NonLethal,NightStreelightsOn,Yes,NoIntersection,Normal,NoCollision,9,Wednesday,22,False,False
201800010117,NonLethal,Daylight,Yes,NoIntersection,Normal,2Vehicles-Behind,11,Monday,11,False,False
201800048283,NonLethal,Daylight,No,X-type,Normal,2Vehicles-Side,5,Tuesday,17,False,False
201800023225,NonLethal,Daylight,Yes,Roundabout,Normal,2Vehicles-BehindVehicles-Frontal,11,Friday,8,False,False
201800043900,NonLethal,Daylight,No,NoIntersection,Normal,2Vehicles-Side,4,Friday,18,False,False
201800046580,NonLethal,Daylight,No,NoIntersection,Normal,2Vehicles-Side,10,Friday,12,False,False
201800051356,NonLethal,Daylight,Yes,T-type,Normal,Other,6,Saturday,15,True,False
201800015009,NonLethal,Daylight,Yes,NoIntersection,Normal,NoCollision,6,Tuesday,7,False,False
201800011950,NonLethal,Daylight,Yes,NoIntersection,Normal,2Vehicles-Side,7,Tuesday,12,False,False
201800052506,NonLethal,NightStreelightsOn,Yes,T-type,Normal,Other,8,Saturday,22,True,False
201800027980,NonLethal,Daylight,Yes,NoIntersection,Normal,3+Vehicles-Chain,3,Sunday,8,True,False
201800040342,NonLethal,Daylight,Yes,NoIntersection,Normal,Other,9,Thursday,17,False,False
201800056613,NonLethal,TwilightOrDawn,No,NoIntersection,Normal,Other,5,Tuesday,5,False,True
201800015079,NonLethal,NightNoStreetLight,No,NoIntersection,LightRain,NoCollision,10,Friday,2,False,True
201800028985,NonLethal,Daylight,No,Roundabout,Normal,2Vehicles-Side,5,Sunday,13,True,False
201800026148,NonLethal,Daylight,Yes,NoIntersection,Normal,Other,9,Saturday,14,True,False
201800005491,NonLethal,Daylight,Yes,NoIntersection,Normal,2Vehicles-Side,11,Monday,11,False,False
201800031397,NonLethal,Daylight,No,NoIntersection,Normal,NoCollision,8,Friday,16,False,False
201800010212,NonLethal,Daylight,Yes,NoIntersection,LightRain,Other,12,Wednesday,9,False,False
201800041867,NonLethal,Daylight,Yes,X-type,Normal,2Vehicles-Side,5,Saturday,7,True,False
201800055203,NonLethal,NightStreelightsOn,Yes,NoIntersection,Normal,Other,12,Saturday,4,True,True
201800031248,NonLethal,Daylight,No,NoIntersection,Normal,2Vehicles-Behind,6,Wednesday,17,False,False
201800037862,NonLethal,TwilightOrDawn,Yes,NoIntersection,Normal,Other,10,Saturday,18,True,False
201800024241,NonLethal,NightNoStreetLight,Yes,NoIntersection,Normal,Other,1,Thursday,18,False,False
201800038811,NonLethal,Daylight,Yes,NoIntersection,Normal,Other,5,Thursday,15,False,False
201800004628,NonLethal,Daylight,No,NoIntersection,Normal,2Vehicles-BehindVehicles-Frontal,4,Wednesday,13,False,False
201800006427,Lethal,Daylight,No,X-type,Normal,2Vehicles-Side,3,Sunday,16,True,False
201800005893,NonLethal,Daylight,No,Roundabout,Normal,3+Vehicles-Multiple,11,Wednesday,17,False,False
201800056055,NonLethal,NightNoStreetLight,No,NoIntersection,HeavyRain,Other,1,Thursday,20,False,False
201800001909,NonLethal,TwilightOrDawn,Yes,X-type,Normal,2Vehicles-BehindVehicles-Frontal,10,Monday,18,False,False
201800013503,Lethal,NightNoStreetLight,No,X-type,Normal,2Vehicles-Side,11,Monday,19,False,False
201800029719,NonLethal,NightStreelightsOn,Yes,NoIntersection,Normal,2Vehicles-Behind,8,Thursday,20,False,False
201800016593,NonLethal,Daylight,Yes,NoIntersection,Normal,2Vehicles-Side,8,Tuesday,18,False,False
201800045005,NonLethal,NightNoStreetLight,No,NoIntersection,Normal,2Vehicles-Side,6,Saturday,0,True,True
201800029029,NonLethal,NightNoStreetLight,No,NoIntersection,HeavyRain,2Vehicles-BehindVehicles-Frontal,8,Thursday,0,False,True
201800038075,NonLethal,NightStreelightsOn,Yes,NoIntersection,Normal,NoCollision,1,Wednesday,19,False,False
201800023467,NonLethal,TwilightOrDawn,Yes,Other,Normal,Other,11,Sunday,6,True,True
201800056103,NonLethal,Daylight,Yes,T-type,Normal,2Vehicles-Side,3,Tuesday,15,False,False
201800056070,NonLethal,Daylight,No,NoIntersection,Normal,2Vehicles-Side,2,Sunday,12,True,False
201800006961,NonLethal,NightNoStreetLight,No,NoIntersection,Normal,2Vehicles-BehindVehicles-Frontal,1,Wednesday,19,False,False
201800041858,NonLethal,NightNoStreetLight,Yes,NoIntersection,Normal,NoCollision,1,Friday,23,False,False
201800038902,NonLethal,Daylight,Yes,NoIntersection,Normal,2Vehicles-Side,4,Tuesday,15,False,False
201800008582,NonLethal,Daylight,Yes,NoIntersection,Normal,NoCollision,2,Thursday,14,False,False
201800054848,NonLethal,TwilightOrDawn,Yes,T-type,Normal,2Vehicles-Side,11,Thursday,16,False,False
201800008872,NonLethal,NightStreelightsOn,Yes,NoIntersection,Normal,Other,4,Wednesday,0,False,True
201800040459,NonLethal,NightStreelightsOn,Yes,X-type,Overcast,2Vehicles-BehindVehicles-Frontal,12,Wednesday,19,False,False
201800042494,NonLethal,Daylight,Yes,NoIntersection,Normal,2Vehicles-BehindVehicles-Frontal,8,Sunday,13,True,False
201800054726,NonLethal,NightStreelightsOff,Yes,NoIntersection,Normal,Other,5,Saturday,20,True,False
201800029865,NonLethal,Daylight,Yes,NoIntersection,Normal,2Vehicles-Side,11,Tuesday,14,False,False
201800005823,NonLethal,NightStreelightsOn,Yes,NoIntersection,Normal,2Vehicles-BehindVehicles-Frontal,10,Thursday,23,False,False
201800038737,NonLethal,NightStreelightsOn,Yes,NoIntersection,Normal,2Vehicles-Behind,1,Wednesday,22,False,False
201800011509,NonLethal,TwilightOrDawn,No,NoIntersection,Normal,Other,5,Monday,20,False,False
201800035957,NonLethal,Daylight,Yes,T-type,Normal,2Vehicles-Side,11,Friday,14,False,False
201800051808,NonLethal,TwilightOrDawn,Yes,X-type,Normal,Other,9,Thursday,19,False,False
201800028744,NonLethal,Daylight,Yes,T-type,Normal,2Vehicles-Behind,6,Wednesday,19,False,False
201800004362,NonLethal,Daylight,Yes,NoIntersection,Normal,2Vehicles-Side,5,Monday,12,False,False
201800011933,Lethal,Daylight,Yes,NoIntersection,LightRain,Other,4,Sunday,14,True,False
201800016844,NonLethal,Daylight,No,NoIntersection,Normal,NoCollision,7,Sunday,18,True,False
201800056357,NonLethal,NightNoStreetLight,No,NoIntersection,Normal,Other,9,Wednesday,3,False,True
201800035744,NonLethal,Daylight,Yes,Roundabout,Normal,2Vehicles-Side,6,Sunday,16,True,False
201800020433,NonLethal,Daylight,No,NoIntersection,Normal,2Vehicles-Side,4,Monday,10,False,False
201800046807,NonLethal,Daylight,No,NoIntersection,Normal,2Vehicles-Side,8,Tuesday,7,False,False
201800034637,NonLethal,Daylight,Yes,NoIntersection,Normal,2Vehicles-Behind,4,Friday,19,False,False
201800001362,NonLethal,Daylight,No,NoIntersection,Normal,NoCollision,4,Friday,13,False,False
201800050102,NonLethal,NightNoStreetLight,No,NoIntersection,Normal,3+Vehicles-Multiple,11,Wednesday,2,False,True
201800016057,NonLethal,Daylight,No,NoIntersection,Normal,NoCollision,8,Saturday,19,True,False
201800052915,NonLethal,NightStreelightsOn,Yes,T-type,LightRain,Other,9,Saturday,17,True,False
201800008568,NonLethal,NightStreelightsOff,Yes,NoIntersection,Normal,Other,2,Tuesday,19,False,False
201800006040,Lethal,Daylight,No,NoIntersection,Normal,NoCollision,3,Thursday,17,False,False
201800001864,NonLethal,NightNoStreetLight,No,NoIntersection,Normal,Other,6,Wednesday,22,False,False
201800023527,NonLethal,Daylight,No,NoIntersection,Normal,2Vehicles-Side,1,Tuesday,8,False,False
201800031733,NonLethal,TwilightOrDawn,Yes,X-type,VeryGood,2Vehicles-Side,6,Tuesday,19,False,False
201800044389,NonLethal,Daylight,No,NoIntersection,Normal,2Vehicles-Side,11,Monday,10,False,False
201800000745,NonLethal,Daylight,Yes,NoIntersection,Normal,Other,7,Wednesday,15,False,False
201800021948,NonLethal,Daylight,Yes,NoIntersection,Normal,Other,7,Sunday,12,True,False
201800032493,NonLethal,Daylight,Yes,Y-type,VeryGood,2Vehicles-Side,6,Thursday,16,False,False
201800015791,NonLethal,Daylight,No,NoIntersection,Normal,NoCollision,8,Wednesday,10,False,False
201800045851,NonLethal,NightStreelightsOn,No,Other,Normal,Other,5,Friday,22,False,False
201800054539,NonLethal,Daylight,Yes,Square,Normal,Other,9,Thursday,17,False,False
201800015043,NonLethal,Daylight,No,NoIntersection,Normal,2Vehicles-BehindVehicles-Frontal,12,Friday,12,False,False
201800018773,NonLethal,Daylight,No,NoIntersection,Normal,NoCollision,7,Friday,19,False,False
201800001241,NonLethal,Daylight,No,NoIntersection,Normal,2Vehicles-Side,8,Friday,14,False,False
201800012893,NonLethal,TwilightOrDawn,No,NoIntersection,LightRain,2Vehicles-BehindVehicles-Frontal,8,Friday,5,False,True
201800035910,NonLethal,Daylight,No,Roundabout,Normal,2Vehicles-Side,7,Tuesday,7,False,False
201800040509,NonLethal,NightStreelightsOn,Yes,NoIntersection,Normal,2Vehicles-Side,10,Monday,6,False,True
201800039998,NonLethal,Daylight,Yes,NoIntersection,Normal,Other,9,Wednesday,17,False,False
201800054709,NonLethal,Daylight,Yes,MoreThan4Branches,Normal,3+Vehicles-Chain,4,Friday,16,False,False
201800045910,NonLethal,Daylight,No,NoIntersection,Overcast,Other,6,Monday,8,False,False
201800034166,NonLethal,Daylight,Yes,Other,Normal,Other,4,Thursday,15,False,False
201800010912,NonLethal,Daylight,No,Other,Normal,NoCollision,9,Sunday,18,True,False
201800003638,NonLethal,Daylight,No,NoIntersection,Normal,Other,7,Saturday,12,True,False
201800030638,NonLethal,NightStreelightsOn,Yes,NoIntersection,Normal,NoCollision,11,Wednesday,20,False,False
201800057768,NonLethal,NightNoStreetLight,Yes,NoIntersection,Normal,NoCollision,11,Monday,21,False,False
201800027529,NonLethal,NightStreelightsOn,Yes,NoIntersection,Normal,2Vehicles-Behind,11,Wednesday,19,False,False
201800053465,NonLethal,Daylight,Yes,NoIntersection,Normal,3+Vehicles-Chain,7,Tuesday,18,False,False
201800051015,NonLethal,Daylight,Yes,Square,Overcast,2Vehicles-Side,3,Tuesday,11,False,False
201800031888,NonLethal,Daylight,Yes,T-type,Normal,2Vehicles-Side,8,Tuesday,7,False,False
201800010817,NonLethal,Daylight,No,NoIntersection,Normal,2Vehicles-BehindVehicles-Frontal,8,Friday,9,False,False
201800051593,NonLethal,NightStreelightsOn,Yes,T-type,Normal,Other,10,Saturday,6,True,True
201800021150,NonLethal,Daylight,Yes,Other,Normal,Other,10,Friday,16,False,False
201800025573,NonLethal,Daylight,Yes,X-type,Normal,2Vehicles-Side,10,Thursday,17,False,False
201800031500,NonLethal,Daylight,No,Other,Normal,2Vehicles-BehindVehicles-Frontal,10,Wednesday,15,False,False
201800013870,Lethal,NightNoStreetLight,No,NoIntersection,Overcast,3+Vehicles-Multiple,11,Saturday,22,True,False
201800039320,NonLethal,NightStreelightsOn,Yes,NoIntersection,Normal,2Vehicles-Side,5,Friday,21,False,False
201800022671,NonLethal,Daylight,No,NoIntersection,Overcast,NoCollision,10,Saturday,13,True,False
201800050154,NonLethal,Daylight,No,NoIntersection,Normal,Other,12,Friday,16,False,False
201800054208,NonLethal,TwilightOrDawn,Yes,X-type,Normal,2Vehicles-Side,9,Monday,7,False,False
201800012562,NonLethal,Daylight,Yes,Other,Normal,2Vehicles-Behind,5,Friday,15,False,False
201800002513,Lethal,Daylight,No,NoIntersection,Normal,Other,7,Thursday,8,False,False
201800023047,NonLethal,Daylight,Yes,Other,Normal,Other,4,Friday,9,False,False
201800028529,NonLethal,Daylight,Yes,NoIntersection,Normal,Other,7,Monday,8,False,False
201800026074,NonLethal,Daylight,Yes,X-type,Normal,Other,1,Friday,14,False,False
201800021122,NonLethal,Daylight,Yes,NoIntersection,Normal,Other,12,Tuesday,8,False,False
201800001576,NonLethal,Daylight,No,NoIntersection,Overcast,2Vehicles-BehindVehicles-Frontal,11,Friday,10,False,False
201800040180,NonLethal,TwilightOrDawn,Yes,NoIntersection,Normal,2Vehicles-Behind,3,Friday,20,False,False
201800002640,NonLethal,Daylight,No,NoIntersection,Normal,Other,4,Wednesday,20,False,False
201800025564,NonLethal,Daylight,Yes,NoIntersection,Normal,3+Vehicles-Chain,10,Saturday,12,True,False
201800002083,NonLethal,NightNoStreetLight,No,NoIntersection,Normal,2Vehicles-Side,10,Monday,18,False,False
201800015684,Lethal,NightNoStreetLight,No,NoIntersection,Normal,Other,1,Friday,0,False,True
201800042584,NonLethal,NightStreelightsOn,Yes,Other,Normal,Other,10,Saturday,5,True,True
201800044883,NonLethal,Daylight,No,NoIntersection,Normal,2Vehicles-Side,5,Wednesday,19,False,False
201800049319,NonLethal,Daylight,No,NoIntersection,Normal,3+Vehicles-Chain,2,Thursday,14,False,False
201800020146,NonLethal,NightStreelightsOff,Yes,NoIntersection,LightRain,Other,10,Wednesday,18,False,False
201800008424,NonLethal,Daylight,Yes,T-type,Normal,2Vehicles-Side,1,Monday,13,False,False
201800033668,NonLethal,Daylight,Yes,T-type,LightRain,Other,1,Sunday,16,True,False
201800003795,NonLethal,Daylight,No,NoIntersection,Normal,2Vehicles-BehindVehicles-Frontal,1,Sunday,17,True,False
201800051998,NonLethal,Daylight,Yes,Square,Normal,Other,4,Tuesday,17,False,False
201800029373,NonLethal,NightStreelightsOn,Yes,NoIntersection,Normal,Other,7,Sunday,1,True,True
201800023451,Lethal,Daylight,Yes,NoIntersection,Normal,Other,2,Tuesday,9,False,False
201800022329,NonLethal,Daylight,Yes,NoIntersection,Normal,2Vehicles-Side,8,Sunday,21,True,False
201800000371,NonLethal,TwilightOrDawn,No,X-type,FogOrSmoke,NoCollision,3,Tuesday,7,False,False
201800032678,NonLethal,Daylight,No,NoIntersection,Normal,2Vehicles-BehindVehicles-Frontal,5,Thursday,15,False,False
201800038477,NonLethal,Daylight,Yes,NoIntersection,Normal,2Vehicles-Side,7,Monday,14,False,False
201800050459,NonLethal,NightStreelightsOn,Yes,X-type,Normal,2Vehicles-Side,6,Monday,21,False,False
201800007980,NonLethal,NightNoStreetLight,No,NoIntersection,Overcast,NoCollision,2,Friday,21,False,False
201800036666,NonLethal,Daylight,Yes,NoIntersection,Normal,Other,7,Sunday,9,True,False
201800032443,NonLethal,Daylight,Yes,X-type,Normal,Other,5,Saturday,10,True,False
201800047342,NonLethal,Daylight,Yes,NoIntersection,LightRain,Other,1,Monday,16,False,False
201800026515,NonLethal,Daylight,Yes,Roundabout,Normal,2Vehicles-Side,9,Saturday,12,True,False
201800044009,NonLethal,Daylight,No,NoIntersection,Other,3+Vehicles-Chain,5,Thursday,10,False,False
201800012514,NonLethal,Daylight,No,T-type,VeryGood,2Vehicles-Side,1,Saturday,19,True,False
201800020926,NonLethal,Daylight,Yes,Square,Normal,Other,6,Friday,12,False,False
201800054049,NonLethal,Daylight,Yes,X-type,Normal,Other,3,Friday,13,False,False
201800027843,NonLethal,NightNoStreetLight,No,NoIntersection,LightRain,Other,1,Thursday,20,False,False
201800038898,NonLethal,Daylight,Yes,NoIntersection,Normal,Other,3,Tuesday,17,False,False
201800028915,NonLethal,Daylight,No,NoIntersection,Normal,3+Vehicles-Chain,4,Friday,19,False,False
201800038476,NonLethal,Daylight,Yes,T-type,Normal,2Vehicles-Side,6,Saturday,17,True,False
201800007924,NonLethal,NightStreelightsOn,Yes,Roundabout,Normal,Other,1,Sunday,0,True,True
201800032864,NonLethal,Daylight,Yes,Roundabout,LightRain,Other,1,Monday,9,False,False
201800017579,NonLethal,TwilightOrDawn,No,NoIntersection,Normal,NoCollision,5,Saturday,6,True,True
201800013195,NonLethal,NightNoStreetLight,No,NoIntersection,HeavyRain,2Vehicles-BehindVehicles-Frontal,12,Sunday,22,True,False
201800041129,NonLethal,Daylight,Yes,NoIntersection,Normal,Other,3,Wednesday,16,False,False
201800026661,NonLethal,Daylight,Yes,NoIntersection,Normal,2Vehicles-Behind,6,Thursday,16,False,False
201800014808,NonLethal,Daylight,No,NoIntersection,VeryGood,Other,6,Tuesday,16,False,False
201800001518,NonLethal,Daylight,Yes,NoIntersection,Normal,Other,2,Wednesday,11,False,False
201800016406,NonLethal,Daylight,No,X-type,Normal,2Vehicles-Side,8,Tuesday,8,False,False
201800010576,NonLethal,TwilightOrDawn,No,NoIntersection,Normal,Other,10,Thursday,17,False,False
201800047121,NonLethal,NightNoStreetLight,No,NoIntersection,Normal,3+Vehicles-Chain,12,Thursday,21,False,False
201800014324,NonLethal,NightNoStreetLight,No,NoIntersection,Normal,NoCollision,7,Sunday,23,True,False
201800019009,NonLethal,Daylight,No,X-type,LightRain,2Vehicles-Side,8,Sunday,16,True,False
201800015545,NonLethal,Daylight,No,NoIntersection,Normal,2Vehicles-BehindVehicles-Frontal,1,Sunday,17,True,False
201800027926,NonLethal,NightStreelightsOn,Yes,X-type,Normal,Other,3,Thursday,17,False,False
201800000921,NonLethal,NightNoStreetLight,Yes,NoIntersection,Normal,Other,10,Saturday,6,True,True
201800007302,NonLethal,Daylight,Yes,NoIntersection,Normal,Other,3,Saturday,10,True,False
201800021525,NonLethal,NightNoStreetLight,No,NoIntersection,Normal,2Vehicles-Behind,1,Wednesday,21,False,False
201800027937,NonLethal,Daylight,Yes,T-type,Normal,2Vehicles-Side,1,Tuesday,13,False,False
201800007932,NonLethal,Daylight,Yes,NoIntersection,Normal,Other,8,Monday,7,False,False
201800057696,NonLethal,Daylight,Yes,Other,Normal,NoCollision,6,Friday,11,False,False
201800052196,NonLethal,Daylight,Yes,NoIntersection,Normal,Other,4,Tuesday,19,False,False
201800054736,NonLethal,Daylight,Yes,Roundabout,Overcast,3+Vehicles-Multiple,1,Saturday,14,True,False
201800024698,NonLethal,Daylight,Yes,NoIntersection,Normal,2Vehicles-Behind,3,Friday,15,False,False
201800056440,Lethal,NightNoStreetLight,No,NoIntersection,Normal,NoCollision,1,Sunday,22,True,False
201800030134,NonLethal,NightNoStreetLight,No,NoIntersection,Normal,2Vehicles-Side,11,Wednesday,18,False,False
201800035579,NonLethal,Daylight,Yes,Roundabout,Normal,2Vehicles-Side,7,Monday,9,False,False
201800003177,NonLethal,Daylight,Yes,T-type,Normal,2Vehicles-Side,10,Tuesday,15,False,False
201800050610,NonLethal,Daylight,Yes,X-type,Normal,3+Vehicles-Multiple,5,Thursday,12,False,False
201800021626,NonLethal,Daylight,No,Other,Normal,2Vehicles-BehindVehicles-Frontal,6,Sunday,17,True,False
201800052222,NonLethal,NightStreelightsOn,Yes,Square,Normal,NoCollision,10,Friday,6,False,True
201800056298,NonLethal,Daylight,Yes,NoIntersection,Normal,Other,4,Monday,15,False,False
201800043833,NonLethal,Daylight,No,NoIntersection,Normal,Other,2,Thursday,18,False,False
201800038639,NonLethal,NightStreelightsOn,Yes,X-type,Normal,2Vehicles-Side,10,Friday,22,False,False
201800050859,NonLethal,Daylight,Yes,MoreThan4Branches,Normal,2Vehicles-Side,6,Monday,9,False,False
201800019290,NonLethal,Daylight,No,T-type,Normal,2Vehicles-BehindVehicles-Frontal,10,Saturday,8,True,False
201800005838,NonLethal,Daylight,Yes,NoIntersection,Overcast,Other,11,Tuesday,14,False,False
201800030469,NonLethal,NightStreelightsOn,Yes,NoIntersection,Normal,Other,4,Saturday,3,True,True
201800004620,NonLethal,NightNoStreetLight,No,NoIntersection,Normal,Other,6,Tuesday,18,False,False
201800020157,NonLethal,NightNoStreetLight,Yes,NoIntersection,Normal,Other,5,Friday,20,False,False
201800018273,NonLethal,Daylight,No,Other,Normal,NoCollision,11,Friday,15,False,False
201800022582,NonLethal,Daylight,Yes,T-type,Normal,2Vehicles-Side,4,Sunday,20,True,False
201800046187,NonLethal,NightNoStreetLight,No,NoIntersection,Normal,2Vehicles-Behind,10,Saturday,23,True,False
201800052441,NonLethal,TwilightOrDawn,Yes,NoIntersection,Normal,Other,6,Thursday,21,False,False
201800023243,NonLethal,Daylight,No,NoIntersection,Normal,2Vehicles-Side,9,Thursday,9,False,False
201800055361,NonLethal,Daylight,Yes,NoIntersection,Normal,2Vehicles-Behind,4,Saturday,13,True,False
201800020552,NonLethal,NightNoStreetLight,No,NoIntersection,Normal,2Vehicles-BehindVehicles-Frontal,10,Wednesday,5,False,True
201800038404,NonLethal,Daylight,Yes,NoIntersection,Normal,2Vehicles-Side,1,Friday,15,False,False
201800036466,NonLethal,Daylight,Yes,NoIntersection,Normal,2Vehicles-Behind,8,Friday,12,False,False
201800012895,NonLethal,Daylight,No,T-type,Normal,2Vehicles-Side,4,Tuesday,18,False,False
201800040825,NonLethal,Daylight,Yes,X-type,Normal,2Vehicles-Side,2,Wednesday,16,False,False
201800008001,NonLethal,NightStreelightsOn,No,Roundabout,Overcast,Other,11,Tuesday,17,False,False
201800040858,NonLethal,Daylight,Yes,NoIntersection,Normal,2Vehicles-Side,4,Tuesday,13,False,False
201800039843,NonLethal,Daylight,Yes,NoIntersection,Normal,2Vehicles-Side,10,Friday,15,False,False
201800045736,NonLethal,NightStreelightsOn,No,Other,Normal,Other,3,Friday,0,False,True
201800021242,NonLethal,NightNoStreetLight,No,NoIntersection,Normal,NoCollision,10,Saturday,4,True,True
201800025062,NonLethal,Daylight,Yes,X-type,Normal,2Vehicles-Side,9,Wednesday,13,False,False
201800051745,NonLethal,Daylight,Yes,X-type,Normal,Other,6,Thursday,20,False,False
201800032979,NonLethal,Daylight,Yes,NoIntersection,Normal,2Vehicles-Side,10,Friday,18,False,False
201800017620,NonLethal,NightNoStreetLight,No,NoIntersection,Normal,Other,10,Thursday,19,False,False
201800029926,NonLethal,NightStreelightsOn,Yes,Other,Normal,2Vehicles-BehindVehicles-Frontal,4,Thursday,23,False,False
201800020689,NonLethal,Daylight,Yes,T-type,Normal,2Vehicles-Side,7,Saturday,15,True,False
201800020447,NonLethal,Daylight,Yes,Y-type,Normal,Other,5,Thursday,10,False,False
201800053533,NonLethal,Daylight,Yes,NoIntersection,Normal,Other,9,Monday,18,False,False
201800053565,NonLethal,NightStreelightsOn,Yes,T-type,Normal,Other,10,Wednesday,21,False,False
201800024396,NonLethal,Daylight,Yes,T-type,Normal,2Vehicles-Side,8,Friday,16,False,False
201800035726,NonLethal,Daylight,Yes,T-type,Normal,Other,2,Friday,17,False,False
201800002524,NonLethal,TwilightOrDawn,Yes,NoIntersection,Normal,3+Vehicles-Multiple,5,Saturday,20,True,False
201800032232,NonLethal,TwilightOrDawn,No,T-type,LightRain,2Vehicles-Behind,12,Saturday,16,True,False
201800040738,NonLethal,NightStreelightsOn,Yes,NoIntersection,LightRain,Other,9,Saturday,18,True,False
201800049289,NonLethal,NightStreelightsOn,No,NoIntersection,Normal,Other,10,Saturday,6,True,True
201800052538,NonLethal,Daylight,Yes,X-type,HeavyRain,Other,9,Sunday,15,True,False
201800035808,NonLethal,Daylight,Yes,NoIntersection,Normal,2Vehicles-Behind,9,Monday,12,False,False
201800043207,NonLethal,Daylight,Yes,NoIntersection,Normal,2Vehicles-Side,4,Friday,12,False,False
201800047949,NonLethal,Daylight,No,NoIntersection,Normal,3+Vehicles-Chain,7,Tuesday,14,False,False
201800028345,NonLethal,Daylight,No,NoIntersection,Normal,Other,2,Wednesday,6,False,True
201800007276,NonLethal,Daylight,No,NoIntersection,Normal,2Vehicles-Side,9,Friday,19,False,False
201800018074,NonLethal,Daylight,No,NoIntersection,Normal,Other,9,Sunday,8,True,False
201800046875,NonLethal,TwilightOrDawn,No,NoIntersection,Normal,2Vehicles-Side,9,Tuesday,19,False,False
201800022641,Lethal,NightStreelightsOn,Yes,Roundabout,Normal,Other,12,Wednesday,5,False,True
201800003832,NonLethal,NightNoStreetLight,No,NoIntersection,Normal,Other,5,Saturday,23,True,False
201800030266,NonLethal,Daylight,Yes,NoIntersection,Overcast,2Vehicles-Behind,10,Thursday,9,False,False
201800000761,NonLethal,Daylight,No,NoIntersection,Other,Other,12,Saturday,11,True,False
201800031778,NonLethal,Daylight,Yes,T-type,Normal,2Vehicles-BehindVehicles-Frontal,6,Wednesday,19,False,False
201800033757,NonLethal,Daylight,Yes,Other,Normal,2Vehicles-Side,4,Wednesday,20,False,False
201800025156,Lethal,Daylight,No,NoIntersection,Normal,Other,9,Tuesday,15,False,False
201800044849,NonLethal,Daylight,No,NoIntersection,Normal,2Vehicles-Behind,5,Wednesday,17,False,False
201800018924,Lethal,Daylight,No,NoIntersection,Normal,3+Vehicles-Chain,9,Monday,12,False,False