AccidentId,Gravity,Light,InAgglomeration,IntersectionType,Weather,CollisionType,Month,DayOfWeek,HourOfDay,IsWeekend,IsNight
201800021387,NonLethal,NightNoStreetLight,Yes,NoIntersection,LightRain,Other,1,Wednesday,18,False,False
201800018819,NonLethal,Daylight,No,NoIntersection,VeryGood,2Vehicles-Side,6,Tuesday,17,False,False
201800002446,Lethal,Daylight,Yes,Y-type,Normal,NoCollision,11,Thursday,8,False,False
201800014870,NonLethal,Daylight,No,X-type,Normal,2Vehicles-BehindVehicles-Frontal,12,Thursday,12,False,False
201800049001,NonLethal,NightStreelightsOn,No,NoIntersection,Normal,2Vehicles-Side,9,Thursday,6,False,True
201800009052,NonLethal,Daylight,Yes,X-type,Normal,2Vehicles-BehindVehicles-Frontal,5,Thursday,16,False,False
201800032089,NonLethal,Daylight,Yes,X-type,Normal,2Vehicles-Side,8,Wednesday,10,False,False
201800048889,NonLethal,Daylight,No,NoIntersection,Normal,2Vehicles-Behind,4,Sunday,10,True,False
201800053730,NonLethal,Daylight,Yes,X-type,Normal,2Vehicles-Side,3,Friday,13,False,False
201800008099,NonLethal,NightStreelightsOn,Yes,NoIntersection,Normal,2Vehicles-BehindVehicles-Frontal,11,Thursday,22,False,False
201800001294,NonLethal,NightNoStreetLight,No,NoIntersection,LightRain,2Vehicles-BehindVehicles-Frontal,2,Monday,7,False,False
201800038969,NonLethal,TwilightOrDawn,Yes,NoIntersection,Normal,Other,2,Sunday,17,True,False
201800050387,NonLethal,Daylight,Yes,T-type,Normal,2Vehicles-Side,9,Thursday,17,False,False
201800038514,NonLethal,NightStreelightsOn,Yes,NoIntersection,Normal,Other,11,Saturday,20,True,False
201800043704,NonLethal,Daylight,Yes,NoIntersection,Normal,2Vehicles-Side,7,Monday,11,False,False
201800027432,NonLethal,NightStreelightsOn,Yes,NoIntersection,Normal,NoCollision,9,Tuesday,22,False,False
201800042318,NonLethal,Daylight,No,NoIntersection,Normal,3+Vehicles-Chain,6,Saturday,7,True,False
201800047468,NonLethal,Daylight,Yes,NoIntersection,Normal,Other,4,Friday,14,False,False
201800032579,NonLethal,Daylight,Yes,NoIntersection,VeryGood,Other,9,Friday,18,False,False
201800012955,NonLethal,TwilightOrDawn,No,NoIntersection,LightRain,2Vehicles-BehindVehicles-Frontal,3,Monday,17,False,False
201800026156,NonLethal,Daylight,Yes,NoIntersection,Normal,Other,11,Tuesday,8,False,False
201800049072,NonLethal,NightStreelightsOn,No,NoIntersection,Normal,Other,11,Wednesday,19,False,False
201800044481,NonLethal,NightNoStreetLight,No,NoIntersection,Normal,Other,12,Wednesday,5,False,True
201800042062,NonLethal,NightStreelightsOn,Yes,NoIntersection,LightRain,Other,12,Monday,2,False,True
201800026678,NonLethal,Daylight,No,NoIntersection,LightRain,3+Vehicles-Multiple,8,Wednesday,16,False,False
201800036924,NonLethal,NightStreelightsOn,Yes,X-type,LightRain,Other,11,Tuesday,7,False,False
201800021636,NonLethal,NightStreelightsOn,Yes,NoIntersection,Normal,2Vehicles-Side,3,Wednesday,19,False,False
201800026075,NonLethal,NightStreelightsOn,Yes,T-type,Normal,2Vehicles-Side,1,Monday,22,False,False
201800047452,NonLethal,NightStreelightsOn,Yes,X-type,Normal,2Vehicles-Side,11,Sunday,20,True,False
201800050402,NonLethal,TwilightOrDawn,Yes,Square,Normal,2Vehicles-Side,6,Monday,18,False,False
201800038079,NonLethal,Daylight,Yes,Roundabout,Normal,Other,2,Tuesday,12,False,False
201800039147,NonLethal,Daylight,Yes,NoIntersection,Normal,NoCollision,5,Tuesday,9,False,False
201800035017,NonLethal,Daylight,Yes,NoIntersection,Normal,2Vehicles-Behind,4,Tuesday,10,False,False
201800030880,NonLethal,Daylight,Yes,Roundabout,Normal,2Vehicles-Side,9,Saturday,8,True,False
201800014389,NonLethal,Daylight,No,NoIntersection,Normal,NoCollision,10,Sunday,15,True,False
201800024949,NonLethal,NightStreelightsOn,Yes,X-type,Normal,2Vehicles-Side,8,Friday,7,False,False
201800020946,NonLethal,NightStreelightsOn,Yes,X-type,LightRain,Other,11,Monday,18,False,False
201800050267,NonLethal,Daylight,Yes,T-type,Normal,Other,5,Tuesday,8,False,False
201800047104,NonLethal,Daylight,No,NoIntersection,LightRain,3+Vehicles-Multiple,12,Friday,8,False,False
201800031295,NonLethal,Daylight,Yes,NoIntersection,Normal,Other,11,Thursday,19,False,False
201800036985,NonLethal,Daylight,Yes,NoIntersection,Normal,2Vehicles-BehindVehicles-Frontal,5,Tuesday,10,False,False
201800037772,NonLethal,Daylight,Yes,X-type,Normal,2Vehicles-Side,2,Wednesday,9,False,False
201800054273,NonLethal,NightNoStreetLight,Yes,X-type,LightRain,Other,11,Tuesday,20,False,False
201800047941,Lethal,Daylight,No,NoIntersection,Normal,2Vehicles-Behind,3,Wednesday,8,False,False
201800029467,NonLethal,Daylight,Yes,NoIntersection,Normal,Other,2,Friday,15,False,False
201800004748,NonLethal,NightNoStreetLight,No,NoIntersection,SnowOrHail,2Vehicles-Side,2,Saturday,22,True,False
201800043411,NonLethal,Daylight,Yes,NoIntersection,Normal,2Vehicles-Behind,2,Sunday,10,True,False
201800017193,NonLethal,Daylight,Yes,NoIntersection,Normal,Other,6,Wednesday,8,False,False
201800055038,NonLethal,NightStreelightsOn,Yes,NoIntersection,Normal,Other,6,Thursday,1,False,True
201800055350,NonLethal,TwilightOrDawn,Yes,NoIntersection,Normal,2Vehicles-Side,4,Friday,21,False,False
201800052912,NonLethal,NightStreelightsOn,Yes,X-type,LightRain,Other,1,Sunday,3,True,True
201800031656,NonLethal,Daylight,Yes,NoIntersection,Normal,Other,9,Sunday,8,True,False
201800047047,NonLethal,NightNoStreetLight,No,NoIntersection,Normal,3+Vehicles-Chain,11,Thursday,19,False,False
201800008964,NonLethal,Daylight,Yes,NoIntersection,Normal,2Vehicles-BehindVehicles-Frontal,6,Tuesday,20,False,False
201800040749,NonLethal,NightStreelightsOn,Yes,NoIntersection,Normal,2Vehicles-BehindVehicles-Frontal,4,Saturday,3,True,True
201800042641,NonLethal,NightStreelightsOn,Yes,T-type,LightRain,2Vehicles-Side,1,Tuesday,18,False,False
201800034277,NonLethal,NightStreelightsOn,Yes,NoIntersection,LightRain,Other,2,Saturday,19,True,False
201800013150,NonLethal,Daylight,Yes,NoIntersection,Normal,2Vehicles-Side,5,Saturday,12,True,False
201800029026,NonLethal,Daylight,Yes,NoIntersection,Normal,Other,7,Tuesday,9,False,False
201800009659,NonLethal,Daylight,Yes,NoIntersection,Normal,2Vehicles-Behind,9,Thursday,17,False,False
201800019181,NonLethal,TwilightOrDawn,No,T-type,Normal,2Vehicles-Side,2,Saturday,18,True,False
201800049224,NonLethal,Daylight,No,NoIntersection,LightRain,NoCollision,3,Saturday,9,True,False
201800026035,NonLethal,Daylight,Yes,NoIntersection,Normal,3+Vehicles-Multiple,9,Sunday,17,True,False
201800016318,NonLethal,Daylight,No,NoIntersection,LightRain,NoCollision,4,Wednesday,9,False,False
201800027795,NonLethal,Daylight,Yes,T-type,Normal,Other,6,Monday,17,False,False
201800024408,NonLethal,TwilightOrDawn,Yes,NoIntersection,Normal,3+Vehicles-Multiple,9,Friday,7,False,False
201800013330,NonLethal,TwilightOrDawn,Yes,NoIntersection,Normal,2Vehicles-Side,4,Monday,20,False,False
201800015196,NonLethal,NightNoStreetLight,No,NoIntersection,Normal,2Vehicles-Behind,7,Friday,23,False,False
201800028087,NonLethal,Daylight,Yes,Other,Normal,2Vehicles-Behind,8,Friday,17,False,False
201800013282,NonLethal,NightStreelightsOn,Yes,NoIntersection,Normal,Other,12,Saturday,7,True,False
201800021310,NonLethal,NightStreelightsOn,Yes,X-type,Normal,2Vehicles-Side,4,Thursday,19,False,False
201800033417,NonLethal,NightStreelightsOn,Yes,NoIntersection,Normal,Other,1,Wednesday,18,False,False
201800034527,NonLethal,NightNoStreetLight,No,Other,Normal,3+Vehicles-Chain,7,Sunday,22,True,False
201800042878,NonLethal,Daylight,Yes,NoIntersection,Normal,Other,6,Friday,18,False,False
201800025793,NonLethal,Daylight,Yes,NoIntersection,Normal,2Vehicles-Side,2,Friday,18,False,False
201800016794,NonLethal,Daylight,Yes,NoIntersection,Overcast,NoCollision,12,Monday,8,False,False
201800012954,NonLethal,Daylight,No,NoIntersection,Normal,Other,11,Sunday,11,True,False
201800028854,NonLethal,Daylight,Yes,T-type,Normal,Other,11,Tuesday,11,False,False
201800048530,NonLethal,Daylight,Yes,Other,Normal,2Vehicles-Side,9,Wednesday,16,False,False
201800012985,NonLethal,Daylight,No,T-type,VeryGood,2Vehicles-BehindVehicles-Frontal,4,Thursday,8,False,False
201800022589,NonLethal,NightStreelightsOn,Yes,X-type,Normal,Other,7,Thursday,23,False,False
201800036190,NonLethal,Daylight,Yes,X-type,Normal,2Vehicles-Side,9,Wednesday,16,False,False
201800013985,NonLethal,Daylight,No,NoIntersection,VeryGood,3+Vehicles-Chain,5,Friday,17,False,False
201800034045,NonLethal,Daylight,Yes,X-type,Normal,2Vehicles-Side,8,Saturday,16,True,False
201800045482,NonLethal,Daylight,No,NoIntersection,Normal,2Vehicles-Side,11,Wednesday,14,False,False
201800008158,NonLethal,TwilightOrDawn,Yes,NoIntersection,Normal,2Vehicles-Side,4,Tuesday,6,False,True
201800057341,NonLethal,Daylight,Yes,Roundabout,Normal,2Vehicles-Side,7,Friday,13,False,False
201800039030,NonLethal,Daylight,Yes,NoIntersection,LightRain,Other,8,Wednesday,13,False,False
201800046552,NonLethal,Daylight,No,NoIntersection,Normal,NoCollision,4,Monday,7,False,False
201800037156,NonLethal,Daylight,Yes,NoIntersection,Normal,Other,7,Thursday,18,False,False
201800006154,NonLethal,TwilightOrDawn,No,NoIntersection,FogOrSmoke,2Vehicles-Behind,2,Monday,7,False,False
201800006504,NonLethal,Daylight,No,NoIntersection,Normal,2Vehicles-Behind,9,Tuesday,18,False,False
201800011870,NonLethal,Daylight,Yes,NoIntersection,Normal,3+Vehicles-Multiple,7,Sunday,15,True,False
201800010726,NonLethal,Daylight,Yes,T-type,Normal,2Vehicles-Side,5,Thursday,18,False,False
201800039734,NonLethal,Daylight,Yes,Other,Normal,2Vehicles-Side,7,Sunday,20,True,False
201800025710,NonLethal,NightStreelightsOn,Yes,T-type,Normal,2Vehicles-Side,4,Monday,20,False,False
201800049155,NonLethal,Daylight,No,NoIntersection,Normal,NoCollision,6,Friday,13,False,False
201800002259,NonLethal,NightNoStreetLight,No,NoIntersection,LightRain,2Vehicles-BehindVehicles-Frontal,11,Tuesday,18,False,False
201800008857,NonLethal,NightStreelightsOn,Yes,X-type,Normal,2Vehicles-Side,4,Sunday,0,True,True
201800051939,NonLethal,NightStreelightsOn,Yes,X-type,Normal,2Vehicles-Side,2,Wednesday,18,False,False
201800042378,NonLethal,Daylight,Yes,T-type,Normal,2Vehicles-BehindVehicles-Frontal,10,Thursday,16,False,False
201800033141,NonLethal,Daylight,Yes,NoIntersection,Normal,2Vehicles-Side,7,Saturday,21,True,False
201800053219,NonLethal,Daylight,Yes,X-type,Normal,2Vehicles-Side,12,Thursday,14,False,False
201800019447,NonLethal,NightNoStreetLight,No,NoIntersection,Normal,2Vehicles-Behind,11,Wednesday,5,False,True
201800055033,NonLethal,Daylight,Yes,NoIntersection,Normal,2Vehicles-Behind,7,Friday,16,False,False
201800051211,NonLethal,NightStreelightsOn,Yes,NoIntersection,Normal,Other,9,Saturday,0,True,True
201800048310,NonLethal,Daylight,Yes,NoIntersection,Overcast,2Vehicles-Side,6,Friday,8,False,False
201800001236,NonLethal,Daylight,No,NoIntersection,Normal,NoCollision,4,Thursday,16,False,False
201800043336,NonLethal,Daylight,Yes,NoIntersection,Normal,Other,7,Saturday,18,True,False
201800016857,Lethal,NightNoStreetLight,No,NoIntersection,Normal,NoCollision,7,Friday,23,False,False
201800009811,NonLethal,Daylight,Yes,NoIntersection,Normal,3+Vehicles-Chain,9,Thursday,16,False,False
201800036845,NonLethal,Daylight,Yes,NoIntersection,Normal,Other,7,Tuesday,18,False,False
201800016321,NonLethal,Daylight,No,NoIntersection,Normal,2Vehicles-Side,6,Tuesday,9,False,False
201800005311,Lethal,Daylight,Yes,NoIntersection,Normal,2Vehicles-Side,3,Monday,16,False,False
201800040418,NonLethal,Daylight,Yes,NoIntersection,Normal,2Vehicles-BehindVehicles-Frontal,5,Wednesday,14,False,False
201800040807,NonLethal,Daylight,Yes,NoIntersection,Normal,3+Vehicles-Multiple,1,Tuesday,12,False,False
201800022349,NonLethal,Daylight,Yes,NoIntersection,Normal,2Vehicles-Behind,6,Friday,17,False,False
201800015342,Lethal,NightNoStreetLight,No,NoIntersection,Normal,Other,4,Friday,22,False,False
201800002005,NonLethal,Daylight,Yes,T-type,Overcast,2Vehicles-BehindVehicles-Frontal,10,Thursday,9,False,False
201800043546,NonLethal,NightNoStreetLight,Yes,NoIntersection,LightRain,Other,5,Wednesday,21,False,False
201800031344,NonLethal,Daylight,No,NoIntersection,Normal,2Vehicles-Behind,11,Monday,15,False,False
201800030181,NonLethal,NightStreelightsOn,Yes,NoIntersection,Normal,2Vehicles-Side,3,Friday,22,False,False
201800056869,NonLethal,Daylight,Yes,NoIntersection,Normal,2Vehicles-Side,3,Wednesday,12,False,False
201800035091,NonLethal,Daylight,Yes,NoIntersection,Normal,Other,7,Tuesday,10,False,False
201800006806,NonLethal,Daylight,Yes,NoIntersection,Normal,NoCollision,10,Thursday,17,False,False
201800034574,NonLethal,NightNoStreetLight,No,T-type,Normal,3+Vehicles-Multiple,12,Tuesday,17,False,False
201800001790,NonLethal,Daylight,No,NoIntersection,Normal,2Vehicles-Side,5,Thursday,18,False,False
201800030763,NonLethal,Daylight,Yes,NoIntersection,LightRain,Other,3,Friday,12,False,False
201800020780,NonLethal,Daylight,No,X-type,LightRain,2Vehicles-Side,11,Wednesday,11,False,False
201800016140,NonLethal,Daylight,Yes,X-type,Normal,2Vehicles-Side,8,Sunday,12,True,False
201800038983,NonLethal,TwilightOrDawn,Yes,NoIntersection,LightRain,2Vehicles-Behind,1,Wednesday,8,False,False
201800055072,NonLethal,Daylight,Yes,X-type,Normal,3+Vehicles-Multiple,10,Sunday,18,True,False
201800039158,NonLethal,TwilightOrDawn,Yes,NoIntersection,Normal,3+Vehicles-Multiple,6,Sunday,19,True,False
201800000223,NonLethal,Daylight,Yes,NoIntersection,Normal,Other,6,Thursday,17,False,False
201800028406,NonLethal,NightStreelightsOn,Yes,X-type,Normal,Other,5,Saturday,4,True,True
201800005139,NonLethal,NightStreelightsOn,Yes,NoIntersection,Normal,2Vehicles-Side,6,Friday,1,False,True
201800020833,NonLethal,Daylight,Yes,Roundabout,Normal,2Vehicles-Side,5,Wednesday,11,False,False
201800050361,NonLethal,Daylight,Yes,T-type,Normal,Other,3,Monday,17,False,False
201800017912,Lethal,Daylight,Yes,NoIntersection,Normal,Other,8,Thursday,14,False,False
201800032646,NonLethal,Daylight,Yes,X-type,Overcast,2Vehicles-Side,11,Sunday,14,True,False
201800002948,NonLethal,Daylight,Yes,NoIntersection,Normal,2Vehicles-BehindVehicles-Frontal,11,Friday,10,False,False
201800040220,NonLethal,Daylight,Yes,X-type,Normal,2Vehicles-Side,8,Tuesday,17,False,False
201800049918,NonLethal,Daylight,No,NoIntersection,Normal,3+Vehicles-Chain,6,Wednesday,12,False,False
201800033180,NonLethal,Daylight,Yes,NoIntersection,Normal,2Vehicles-Side,10,Monday,14,False,False
201800053931,NonLethal,Daylight,Yes,T-type,Normal,Other,11,Monday,9,False,False
201800006304,NonLethal,Daylight,No,NoIntersection,Normal,Other,10,Monday,14,False,False
201800020640,NonLethal,NightStreelightsOn,Yes,X-type,LightRain,2Vehicles-Behind,3,Monday,19,False,False
201800057570,NonLethal,Daylight,Yes,NoIntersection,Normal,Other,1,Wednesday,6,False,True
201800016725,NonLethal,Daylight,No,NoIntersection,Normal,2Vehicles-BehindVehicles-Frontal,6,Tuesday,13,False,False
201800020961,NonLethal,NightStreelightsOn,Yes,T-type,Normal,Other,3,Tuesday,19,False,False
201800037914,NonLethal,Daylight,Yes,NoIntersection,Normal,2Vehicles-Side,7,Thursday,18,False,False
201800056678,NonLethal,Daylight,Yes,NoIntersection,VeryGood,2Vehicles-Side,3,Monday,9,False,False
201800034631,NonLethal,Daylight,Yes,NoIntersection,Normal,Other,11,Tuesday,10,False,False
201800023416,NonLethal,Daylight,Yes,NoIntersection,Normal,2Vehicles-Side,12,Saturday,15,True,False
201800033787,NonLethal,Daylight,Yes,NoIntersection,Normal,2Vehicles-Side,7,Friday,18,False,False
201800055512,NonLethal,Daylight,Yes,NoIntersection,Normal,3+Vehicles-Chain,7,Monday,15,False,False
201800046348,NonLethal,TwilightOrDawn,No,NoIntersection,Normal,2Vehicles-Side,1,Friday,16,False,False
201800049263,NonLethal,Daylight,No,NoIntersection,Normal,NoCollision,2,Sunday,9,True,False
201800040210,NonLethal,Daylight,Yes,X-type,Normal,2Vehicles-Behind,7,Monday,13,False,False
201800030666,NonLethal,Daylight,Yes,NoIntersection,Normal,Other,5,Wednesday,12,False,False
201800001833,NonLethal,Daylight,No,NoIntersection,Normal,2Vehicles-BehindVehicles-Frontal,6,Saturday,15,True,False
201800052499,NonLethal,Daylight,Yes,NoIntersection,LightRain,Other,8,Monday,8,False,False
201800030756,NonLethal,NightStreelightsOn,Yes,T-type,Normal,Other,2,Friday,19,False,False
201800036091,NonLethal,Daylight,Yes,X-type,Normal,2Vehicles-Side,3,Tuesday,8,False,False
201800043551,NonLethal,Daylight,Yes,NoIntersection,Normal,Other,5,Wednesday,14,False,False
201800053161,NonLethal,Daylight,Yes,X-type,Normal,2Vehicles-Side,10,Thursday,16,False,False
201800018444,NonLethal,NightNoStreetLight,No,NoIntersection,LightRain,2Vehicles-BehindVehicles-Frontal,1,Tuesday,18,False,False
201800027607,NonLethal,Daylight,Yes,X-type,Normal,3+Vehicles-Chain,8,Wednesday,17,False,False
201800031113,NonLethal,Daylight,Yes,NoIntersection,Normal,Other,3,Monday,18,False,False
201800007467,NonLethal,Daylight,Yes,X-type,Normal,2Vehicles-Side,11,Wednesday,8,False,False
201800039344,NonLethal,TwilightOrDawn,Yes,NoIntersection,SnowOrHail,2Vehicles-Behind,2,Wednesday,18,False,False
201800043173,NonLethal,TwilightOrDawn,Yes,NoIntersection,Normal,2Vehicles-Side,12,Saturday,16,True,False
201800042352,NonLethal,NightStreelightsOn,Yes,X-type,Normal,2Vehicles-Side,9,Sunday,21,True,False
201800005945,NonLethal,TwilightOrDawn,Yes,NoIntersection,Normal,2Vehicles-BehindVehicles-Frontal,7,Sunday,21,True,False
201800025917,NonLethal,Daylight,Yes,Other,Normal,Other,9,Thursday,17,False,False
201800042231,NonLethal,Daylight,Yes,T-type,Overcast,Other,1,Monday,16,False,False
201800000075,NonLethal,TwilightOrDawn,No,X-type,Normal,2Vehicles-BehindVehicles-Frontal,6,Friday,21,False,False
201800015028,Lethal,Daylight,No,NoIntersection,Normal,2Vehicles-BehindVehicles-Frontal,9,Friday,15,False,False
201800044701,NonLethal,NightNoStreetLight,No,NoIntersection,SnowOrHail,3+Vehicles-Multiple,3,Sunday,22,True,False
201800015992,NonLethal,Daylight,No,NoIntersection,Normal,Other,2,Sunday,17,True,False
201800024961,NonLethal,NightStreelightsOn,Yes,NoIntersection,Normal,2Vehicles-Side,10,Saturday,7,True,False
201800044521,NonLethal,TwilightOrDawn,No,NoIntersection,Normal,2Vehicles-Behind,1,Friday,17,False,False
201800021198,NonLethal,Daylight,No,NoIntersection,LightRain,2Vehicles-BehindVehicles-Frontal,10,Monday,15,False,False
201800021581,Lethal,NightNoStreetLight,No,NoIntersection,Normal,2Vehicles-BehindVehicles-Frontal,2,Sunday,20,True,False
201800008259,NonLethal,Daylight,No,Roundabout,Normal,3+Vehicles-Multiple,3,Thursday,17,False,False
201800029773,NonLethal,Daylight,Yes,NoIntersection,Normal,Other,6,Monday,16,False,False
201800032914,NonLethal,NightNoStreetLight,Yes,NoIntersection,LightRain,2Vehicles-Behind,2,Tuesday,6,False,True
201800003629,NonLethal,TwilightOrDawn,No,X-type,VeryGood,2Vehicles-Behind,7,Monday,18,False,False
201800042261,NonLethal,NightStreelightsOn,Yes,Square,Normal,Other,4,Sunday,4,True,True
201800052805,NonLethal,Daylight,Yes,T-type,Normal,2Vehicles-Behind,8,Wednesday,16,False,False
201800056315,NonLethal,NightNoStreetLight,No,T-type,Normal,2Vehicles-Side,8,Thursday,19,False,False
201800044242,Lethal,NightNoStreetLight,No,NoIntersection,Normal,Other,9,Wednesday,3,False,True
201800041116,NonLethal,Daylight,Yes,NoIntersection,Normal,2Vehicles-Side,1,Wednesday,9,False,False
201800008716,NonLethal,Daylight,Yes,NoIntersection,Normal,2Vehicles-Behind,3,Friday,9,False,False
201800052463,NonLethal,Daylight,Yes,X-type,VeryGood,Other,6,Thursday,17,False,False
201800047211,NonLethal,NightStreelightsOn,Yes,Roundabout,Normal,NoCollision,6,Sunday,22,True,False
201800014473,NonLethal,NightStreelightsOn,Yes,NoIntersection,Normal,Other,11,Saturday,21,True,False
201800011523,NonLethal,Daylight,Yes,NoIntersection,Normal,2Vehicles-BehindVehicles-Frontal,11,Saturday,14,True,False
201800000297,NonLethal,NightNoStreetLight,No,NoIntersection,Normal,NoCollision,8,Tuesday,20,False,False
201800051667,NonLethal,NightStreelightsOn,Yes,Square,Normal,Other,2,Wednesday,19,False,False
201800054042,NonLethal,NightStreelightsOn,Yes,NoIntersection,Normal,Other,3,Saturday,20,True,False
201800010432,NonLethal,NightStreelightsOn,Yes,NoIntersection,Normal,Other,11,Thursday,17,False,False
201800023213,NonLethal,Daylight,Yes,T-type,Normal,2Vehicles-Side,2,Friday,9,False,False
201800019180,NonLethal,TwilightOrDawn,No,NoIntersection,FogOrSmoke,3+Vehicles-Multiple,12,Friday,8,False,False
201800034011,NonLethal,Daylight,Yes,NoIntersection,Normal,2Vehicles-Behind,6,Friday,17,False,False
201800041187,NonLethal,NightStreelightsOn,Yes,NoIntersection,LightRain,2Vehicles-Behind,1,Tuesday,7,False,False
201800005177,NonLethal,Daylight,Yes,NoIntersection,Overcast,2Vehicles-Side,11,Monday,15,False,False
201800043969,NonLethal,Daylight,No,NoIntersection,Normal,2Vehicles-Behind,5,Friday,16,False,False
201800055001,NonLethal,NightStreelightsOn,Yes,NoIntersection,Normal,2Vehicles-Behind,5,Tuesday,3,False,True
201800045984,NonLethal,Daylight,No,NoIntersection,Normal,3+Vehicles-Chain,7,Monday,17,False,False
201800028601,NonLethal,Daylight,Yes,NoIntersection,Normal,Other,5,Monday,10,False,False
201800005011,NonLethal,Daylight,No,NoIntersection,LightRain,NoCollision,3,Monday,15,False,False
201800035167,NonLethal,NightStreelightsOn,Yes,T-type,LightRain,2Vehicles-Side,11,Thursday,17,False,False
201800053706,NonLethal,Daylight,Yes,NoIntersection,Normal,Other,2,Friday,8,False,False
201800029780,NonLethal,Daylight,Yes,NoIntersection,Normal,Other,8,Wednesday,11,False,False
201800024116,NonLethal,Daylight,Yes,X-type,Normal,2Vehicles-Side,9,Monday,16,False,False
201800005876,NonLethal,Daylight,Yes,NoIntersection,Normal,Other,12,Tuesday,9,False,False
201800004366,NonLethal,Daylight,Yes,NoIntersection,Normal,2Vehicles-BehindVehicles-Frontal,7,Sunday,18,True,False
201800003810,NonLethal,Daylight,No,NoIntersection,Normal,2Vehicles-Behind,4,Wednesday,15,False,False
201800051340,NonLethal,NightStreelightsOn,Yes,X-type,Normal,3+Vehicles-Multiple,4,Wednesday,21,False,False
201800054995,NonLethal,NightStreelightsOn,Yes,Y-type,Normal,Other,4,Saturday,1,True,True
201800029524,NonLethal,Daylight,Yes,T-type,Normal,2Vehicles-Side,10,Saturday,21,True,False
201800039709,NonLethal,Daylight,Yes,X-type,LightRain,2Vehicles-Side,9,Tuesday,19,False,False
201800020737,NonLethal,Daylight,Yes,NoIntersection,Normal,Other,9,Monday,18,False,False
201800014167,NonLethal,Daylight,No,NoIntersection,Normal,NoCollision,9,Thursday,10,False,False
201800050799,NonLethal,Daylight,Yes,NoIntersection,Normal,Other,9,Saturday,13,True,False
201800045733,NonLethal,NightNoStreetLight,No,NoIntersection,Normal,NoCollision,2,Monday,18,False,False
201800007323,NonLethal,Daylight,Yes,NoIntersection,Normal,Other,10,Friday,8,False,False
201800036504,NonLethal,Daylight,Yes,NoIntersection,Normal,2Vehicles-Behind,11,Friday,15,False,False
201800037254,NonLethal,NightStreelightsOn,Yes,NoIntersection,Normal,2Vehicles-BehindVehicles-Frontal,5,Sunday,22,True,False
201800047287,NonLethal,NightStreelightsOn,Yes,NoIntersection,Normal,2Vehicles-Behind,12,Tuesday,18,False,False
201800044984,NonLethal,TwilightOrDawn,No,NoIntersection,Normal,3+Vehicles-Multiple,6,Friday,20,False,False
201800025356,NonLethal,Daylight,Yes,T-type,Normal,Other,5,Tuesday,17,False,False
201800003106,NonLethal,NightStreelightsOn,Yes,Other,Normal,2Vehicles-Side,7,Sunday,22,True,False
201800040040,NonLethal,NightStreelightsOn,Yes,NoIntersection,Normal,2Vehicles-Side,5,Sunday,21,True,False
201800016442,NonLethal,NightNoStreetLight,No,NoIntersection,Normal,Other,11,Saturday,17,True,False
201800026688,NonLethal,Daylight,Yes,X-type,Normal,2Vehicles-Behind,5,Thursday,11,False,False
201800004827,NonLethal,Daylight,Yes,T-type,Normal,2Vehicles-Side,3,Tuesday,12,False,False
201800052904,NonLethal,NightStreelightsOn,Yes,Square,LightRain,2Vehicles-Side,12,Sunday,23,True,False
201800040265,NonLethal,NightStreelightsOn,Yes,X-type,LightRain,2Vehicles-Side,12,Sunday,17,True,False
201800048997,NonLethal,NightStreelightsOff,No,NoIntersection,Normal,2Vehicles-Side,9,Tuesday,7,False,False
201800007567,NonLethal,NightStreelightsOn,Yes,NoIntersection,LightRain,Other,2,Thursday,21,False,False
201800044902,NonLethal,NightNoStreetLight,No,NoIntersection,LightRain,2Vehicles-Side,5,Tuesday,21,False,False
201800056807,NonLethal,TwilightOrDawn,No,NoIntersection,LightRain,2Vehicles-Side,2,Sunday,6,True,True
201800008462,NonLethal,Daylight,Yes,NoIntersection,Normal,3+Vehicles-Multiple,2,Monday,14,False,False
201800057358,NonLethal,NightNoStreetLight,Yes,Other,HeavyRain,Other,9,Friday,18,False,False
201800012357,NonLethal,Daylight,No,NoIntersection,Normal,Other,7,Wednesday,19,False,False
201800048873,NonLethal,Daylight,No,NoIntersection,Normal,2Vehicles-Behind,4,Friday,14,False,False
201800053009,NonLethal,Daylight,Yes,NoIntersection,Normal,Other,5,Sunday,16,True,False
201800007701,NonLethal,NightStreelightsOn,Yes,NoIntersection,Normal,Other,12,Friday,23,False,False
201800013245,NonLethal,Daylight,Yes,NoIntersection,Normal,NoCollision,8,Wednesday,9,False,False
201800035260,NonLethal,NightNoStreetLight,No,T-type,Normal,Other,8,Tuesday,5,False,True
201800051422,NonLethal,Daylight,Yes,X-type,Normal,Other,12,Tuesday,11,False,False
201800031725,NonLethal,Daylight,Yes,NoIntersection,Normal,Other,4,Saturday,18,True,False
201800020828,NonLethal,Daylight,No,NoIntersection,LightRain,NoCollision,2,Monday,9,False,False
201800013021,Lethal,NightNoStreetLight,No,NoIntersection,Other,Other,2,Saturday,3,True,True
201800029151,NonLethal,Daylight,No,NoIntersection,Normal,Other,3,Saturday,14,True,False
201800000664,NonLethal,NightStreelightsOn,Yes,NoIntersection,Normal,Other,11,Wednesday,7,False,False
201800033450,NonLethal,NightNoStreetLight,Yes,NoIntersection,LightRain,Other,3,Monday,0,False,True
201800051499,NonLethal,Daylight,Yes,X-type,VeryGood,2Vehicles-Behind,5,Saturday,15,True,False
201800009790,NonLethal,Daylight,Yes,X-type,Normal,Other,9,Tuesday,13,False,False