AccidentId,Gravity,Light,InAgglomeration,IntersectionType,Weather,CollisionType,Month,DayOfWeek,HourOfDay,IsWeekend,IsNight
201800031256,NonLethal,Daylight,Yes,NoIntersection,Normal,2Vehicles-Side,6,Thursday,11,False,False
201800038377,NonLethal,Daylight,No,X-type,Normal,2Vehicles-Side,7,Tuesday,19,False,False
201800053589,NonLethal,NightStreelightsOn,Yes,X-type,Normal,2Vehicles-Side,11,Thursday,23,False,False
201800027570,NonLethal,Daylight,Yes,X-type,Normal,2Vehicles-Side,12,Thursday,15,False,False
201800043843,NonLethal,NightStreelightsOn,No,NoIntersection,Normal,Other,2,Tuesday,0,False,True
201800034337,NonLethal,Daylight,No,NoIntersection,Normal,2Vehicles-BehindVehicles-Frontal,9,Monday,17,False,False
201800030261,NonLethal,Daylight,Yes,NoIntersection,Normal,2Vehicles-Behind,5,Saturday,10,True,False
201800021363,NonLethal,Daylight,No,NoIntersection,Normal,NoCollision,6,Saturday,14,True,False
201800029921,NonLethal,Daylight,Yes,NoIntersection,Normal,2Vehicles-Side,9,Tuesday,15,False,False
201800039359,NonLethal,Daylight,Yes,Roundabout,Normal,2Vehicles-Side,4,Sunday,8,True,False
201800012816,NonLethal,NightNoStreetLight,No,NoIntersection,Normal,Other,3,Sunday,19,True,False
201800014067,NonLethal,Daylight,No,T-type,Normal,2Vehicles-Side,6,Tuesday,8,False,False
201800003050,NonLethal,Daylight,No,NoIntersection,Normal,Other,10,Sunday,18,True,False
201800035429,NonLethal,NightStreelightsOn,Yes,NoIntersection,Normal,Other,3,Friday,22,False,False
201800047523,NonLethal,Daylight,Yes,NoIntersection,LightRain,Other,5,Monday,18,False,False
201800047312,NonLethal,NightStreelightsOn,Yes,NoIntersection,Normal,Other,1,Wednesday,19,False,False
201800050049,NonLethal,Daylight,No,NoIntersection,Normal,2Vehicles-Behind,10,Tuesday,8,False,False
201800034150,NonLethal,Daylight,Yes,Roundabout,LightRain,2Vehicles-Side,10,Monday,17,False,False
201800033259,NonLethal,Daylight,Yes,X-type,Normal,2Vehicles-Side,7,Thursday,9,False,False
201800013163,NonLethal,Daylight,No,NoIntersection,LightRain,2Vehicles-BehindVehicles-Frontal,11,Monday,10,False,False
201800047933,NonLethal,NightNoStreetLight,No,NoIntersection,Normal,NoCollision,12,Thursday,4,False,True
201800052044,NonLethal,Daylight,Yes,NoIntersection,Normal,2Vehicles-Behind,5,Wednesday,9,False,False
201800019955,NonLethal,NightNoStreetLight,No,Roundabout,Normal,Other,6,Monday,21,False,False
201800026218,NonLethal,Daylight,Yes,NoIntersection,Overcast,2Vehicles-Behind,1,Saturday,17,True,False
201800046910,NonLethal,Daylight,No,NoIntersection,Normal,3+Vehicles-Chain,9,Friday,13,False,False
201800042078,NonLethal,NightStreelightsOn,Yes,MoreThan4Branches,LightRain,Other,2,Wednesday,19,False,False
201800021833,NonLethal,NightNoStreetLight,No,NoIntersection,Normal,Other,4,Wednesday,23,False,False
201800023348,NonLethal,Daylight,Yes,NoIntersection,Normal,2Vehicles-Side,11,Wednesday,13,False,False
201800046921,NonLethal,NightNoStreetLight,No,NoIntersection,LightRain,2Vehicles-Side,10,Tuesday,6,False,True
201800005595,Lethal,NightStreelightsOn,Yes,Other,Normal,Other,8,Tuesday,23,False,False
201800030360,NonLethal,TwilightOrDawn,Yes,X-type,Normal,2Vehicles-Side,1,Saturday,18,True,False
201800047477,NonLethal,Daylight,Yes,T-type,LightRain,2Vehicles-Behind,5,Tuesday,7,False,False
201800011617,NonLethal,NightStreelightsOn,Yes,Other,Normal,2Vehicles-BehindVehicles-Frontal,12,Wednesday,18,False,False
201800045619,NonLethal,Daylight,No,NoIntersection,Normal,Other,12,Sunday,11,True,False
201800026167,NonLethal,Daylight,No,NoIntersection,Normal,2Vehicles-BehindVehicles-Frontal,12,Friday,9,False,False
201800012753,NonLethal,NightNoStreetLight,No,NoIntersection,Normal,Other,9,Sunday,4,True,True
201800024167,NonLethal,Daylight,Yes,X-type,VeryGood,2Vehicles-Side,12,Wednesday,11,False,False
201800052390,NonLethal,Daylight,Yes,T-type,Normal,NoCollision,4,Friday,14,False,False
201800028157,NonLethal,NightStreelightsOn,Yes,NoIntersection,Normal,3+Vehicles-Multiple,11,Saturday,18,True,False
201800052661,NonLethal,Daylight,Yes,T-type,Normal,2Vehicles-Behind,2,Friday,14,False,False
201800013840,NonLethal,NightNoStreetLight,No,NoIntersection,LightRain,Other,12,Wednesday,17,False,False
201800011133,NonLethal,Daylight,No,Other,Normal,2Vehicles-Behind,10,Thursday,10,False,False
201800050082,NonLethal,Daylight,No,NoIntersection,LightRain,2Vehicles-Behind,10,Saturday,14,True,False
201800008774,NonLethal,Daylight,Yes,T-type,Normal,2Vehicles-Side,4,Sunday,18,True,False
201800046629,NonLethal,TwilightOrDawn,No,NoIntersection,LightRain,Other,5,Monday,20,False,False
201800009193,NonLethal,Daylight,Yes,NoIntersection,VeryGood,Other,6,Tuesday,8,False,False
201800046374,NonLethal,Daylight,No,NoIntersection,Normal,NoCollision,1,Monday,16,False,False
201800053832,NonLethal,Daylight,Yes,MoreThan4Branches,Normal,Other,7,Friday,11,False,False
201800033719,NonLethal,NightStreelightsOn,Yes,X-type,Normal,Other,2,Wednesday,22,False,False
201800017312,NonLethal,Daylight,Yes,NoIntersection,Normal,Other,9,Saturday,13,True,False
201800000190,NonLethal,NightNoStreetLight,No,NoIntersection,Normal,NoCollision,10,Monday,20,False,False
201800028991,NonLethal,NightNoStreetLight,No,NoIntersection,Overcast,Other,10,Thursday,19,False,False
201800007730,NonLethal,Daylight,Yes,NoIntersection,Normal,2Vehicles-Behind,10,Monday,10,False,False
201800048280,NonLethal,Daylight,Yes,NoIntersection,Normal,Other,5,Tuesday,10,False,False
201800005408,NonLethal,Daylight,No,NoIntersection,Normal,Other,6,Sunday,7,True,False
201800007077,NonLethal,Daylight,No,NoIntersection,Normal,Other,5,Thursday,13,False,False
201800026003,NonLethal,Daylight,Yes,NoIntersection,Normal,Other,5,Friday,8,False,False
201800042271,NonLethal,Daylight,Yes,NoIntersection,Normal,2Vehicles-Side,4,Thursday,8,False,False
201800045503,NonLethal,Daylight,No,NoIntersection,LightRain,Other,11,Wednesday,10,False,False
201800002939,NonLethal,TwilightOrDawn,No,NoIntersection,Overcast,3+Vehicles-Multiple,9,Thursday,5,False,True
201800011477,NonLethal,Daylight,Yes,NoIntersection,Normal,NoCollision,7,Friday,12,False,False
201800039614,NonLethal,Daylight,Yes,NoIntersection,LightRain,2Vehicles-Side,1,Tuesday,13,False,False
201800007346,NonLethal,Daylight,Yes,NoIntersection,Normal,Other,6,Sunday,12,True,False
201800016070,NonLethal,Daylight,No,NoIntersection,LightRain,2Vehicles-BehindVehicles-Frontal,3,Friday,17,False,False
201800017524,NonLethal,Daylight,No,NoIntersection,Normal,NoCollision,6,Sunday,16,True,False
201800043195,NonLethal,NightStreelightsOn,Yes,T-type,LightRain,Other,3,Saturday,2,True,True
201800033876,NonLethal,NightStreelightsOn,Yes,X-type,Normal,2Vehicles-Side,6,Monday,5,False,True
201800051640,NonLethal,Daylight,Yes,Square,LightRain,NoCollision,1,Friday,9,False,False
201800001920,NonLethal,Daylight,No,NoIntersection,Normal,2Vehicles-BehindVehicles-Frontal,4,Thursday,15,False,False
201800000831,NonLethal,Daylight,Yes,T-type,Normal,2Vehicles-Side,6,Monday,17,False,False
201800014482,Lethal,Daylight,Yes,NoIntersection,Normal,Other,7,Tuesday,13,False,False
201800049623,NonLethal,NightNoStreetLight,No,NoIntersection,Normal,2Vehicles-Behind,12,Sunday,19,True,False
201800031064,NonLethal,Daylight,Yes,NoIntersection,Normal,2Vehicles-BehindVehicles-Frontal,9,Friday,17,False,False
201800026948,NonLethal,Daylight,Yes,T-type,Normal,2Vehicles-Side,10,Monday,18,False,False
201800039149,NonLethal,TwilightOrDawn,Yes,X-type,Normal,2Vehicles-Side,6,Wednesday,22,False,False
201800049324,NonLethal,NightStreelightsOn,No,Other,Normal,3+Vehicles-Chain,2,Saturday,18,True,False
201800030252,NonLethal,Daylight,No,Roundabout,Overcast,2Vehicles-Side,12,Tuesday,16,False,False
201800049166,NonLethal,Daylight,No,NoIntersection,Normal,3+Vehicles-Chain,9,Thursday,10,False,False
201800042746,NonLethal,NightStreelightsOn,Yes,T-type,LightRain,2Vehicles-Behind,9,Tuesday,23,False,False
201800002826,NonLethal,Daylight,Yes,Y-type,Normal,Other,6,Saturday,16,True,False
201800028205,NonLethal,NightStreelightsOn,Yes,T-type,Normal,2Vehicles-Side,8,Tuesday,2,False,True
201800042446,NonLethal,NightStreelightsOn,Yes,T-type,Normal,Other,3,Friday,20,False,False
201800035073,NonLethal,Daylight,Yes,NoIntersection,Normal,2Vehicles-Side,6,Wednesday,18,False,False
201800051810,NonLethal,NightStreelightsOn,Yes,NoIntersection,Normal,Other,9,Friday,22,False,False
201800029493,NonLethal,Daylight,Yes,T-type,Normal,Other,5,Friday,18,False,False
201800055797,NonLethal,NightStreelightsOff,No,NoIntersection,Normal,Other,8,Friday,4,False,True
201800030982,NonLethal,Daylight,Yes,NoIntersection,HeavyRain,Other,2,Saturday,17,True,False
201800054636,NonLethal,NightStreelightsOn,Yes,NoIntersection,Overcast,2Vehicles-Side,12,Saturday,18,True,False
201800010568,NonLethal,Daylight,Yes,Roundabout,Normal,2Vehicles-Side,1,Wednesday,16,False,False
201800019907,NonLethal,Daylight,No,NoIntersection,VeryGood,Other,8,Friday,15,False,False
201800017492,NonLethal,Daylight,No,NoIntersection,Overcast,2Vehicles-BehindVehicles-Frontal,10,Wednesday,15,False,False
201800032243,NonLethal,NightStreelightsOn,Yes,Other,Overcast,2Vehicles-BehindVehicles-Frontal,4,Friday,23,False,False
201800004148,NonLethal,Daylight,No,NoIntersection,Normal,2Vehicles-BehindVehicles-Frontal,8,Tuesday,10,False,False
201800018326,NonLethal,TwilightOrDawn,Yes,NoIntersection,Normal,NoCollision,7,Wednesday,20,False,False
201800020441,NonLethal,Daylight,No,NoIntersection,Normal,Other,2,Thursday,11,False,False
201800032206,NonLethal,NightNoStreetLight,No,Roundabout,LightRain,2Vehicles-BehindVehicles-Frontal,1,Friday,19,False,False
201800006477,NonLethal,NightNoStreetLight,No,NoIntersection,Normal,NoCollision,11,Wednesday,7,False,False
201800052828,NonLethal,Daylight,Yes,NoIntersection,Normal,2Vehicles-Behind,9,Friday,17,False,False
201800054451,NonLethal,NightStreelightsOn,Yes,X-type,Normal,2Vehicles-Side,6,Thursday,22,False,False
201800042753,NonLethal,NightStreelightsOn,Yes,NoIntersection,Normal,2Vehicles-Behind,9,Wednesday,23,False,False
201800043032,NonLethal,Daylight,Yes,NoIntersection,LightRain,Other,7,Friday,18,False,False
201800008940,NonLethal,Daylight,Yes,NoIntersection,Normal,Other,4,Monday,18,False,False
201800011705,NonLethal,Daylight,No,NoIntersection,Normal,NoCollision,6,Wednesday,19,False,False
201800044310,NonLethal,NightNoStreetLight,No,NoIntersection,Normal,3+Vehicles-Chain,10,Monday,5,False,True
201800037044,NonLethal,Daylight,Yes,NoIntersection,LightRain,Other,4,Sunday,17,True,False
201800002234,NonLethal,Daylight,No,Other,Overcast,2Vehicles-Side,3,Tuesday,16,False,False
201800054909,NonLethal,NightStreelightsOn,Yes,Square,Normal,Other,1,Saturday,4,True,True
201800027023,NonLethal,Daylight,Yes,NoIntersection,Normal,3+Vehicles-Chain,12,Monday,14,False,False
201800017654,NonLethal,NightNoStreetLight,No,NoIntersection,LightRain,3+Vehicles-Multiple,1,Sunday,19,True,False
201800007935,NonLethal,Daylight,Yes,Roundabout,Normal,NoCollision,6,Wednesday,13,False,False
201800014620,NonLethal,Daylight,No,NoIntersection,Normal,NoCollision,9,Saturday,13,True,False
201800056253,NonLethal,Daylight,Yes,T-type,Normal,2Vehicles-Side,3,Wednesday,15,False,False
201800041520,NonLethal,Daylight,Yes,NoIntersection,Normal,Other,11,Thursday,11,False,False
201800034732,NonLethal,Daylight,Yes,X-type,Normal,2Vehicles-Side,12,Monday,12,False,False
201800041048,NonLethal,Daylight,Yes,NoIntersection,Normal,Other,7,Wednesday,21,False,False
201800030300,NonLethal,Daylight,Yes,NoIntersection,Normal,3+Vehicles-Multiple,5,Monday,12,False,False
201800027674,NonLethal,NightStreelightsOn,Yes,X-type,Normal,2Vehicles-BehindVehicles-Frontal,1,Friday,20,False,False
201800057560,NonLethal,Daylight,Yes,Other,Normal,Other,12,Thursday,14,False,False
201800051472,NonLethal,Daylight,Yes,X-type,LightRain,2Vehicles-Behind,4,Monday,19,False,False
201800027092,NonLethal,Daylight,Yes,NoIntersection,Normal,2Vehicles-Behind,10,Saturday,15,True,False
201800046180,NonLethal,TwilightOrDawn,No,NoIntersection,Normal,3+Vehicles-Chain,10,Tuesday,7,False,False
201800037313,NonLethal,Daylight,Yes,NoIntersection,Normal,2Vehicles-Side,10,Monday,17,False,False
201800054537,NonLethal,NightStreelightsOn,Yes,NoIntersection,Normal,2Vehicles-Behind,9,Tuesday,22,False,False
201800018235,NonLethal,NightNoStreetLight,No,NoIntersection,Normal,2Vehicles-Side,8,Tuesday,3,False,True
201800002668,NonLethal,TwilightOrDawn,No,NoIntersection,Normal,NoCollision,5,Sunday,21,True,False
201800024146,NonLethal,Daylight,No,NoIntersection,Normal,2Vehicles-Side,7,Saturday,17,True,False
201800005029,NonLethal,NightNoStreetLight,No,NoIntersection,Normal,Other,9,Saturday,3,True,True
201800010111,NonLethal,Daylight,Yes,NoIntersection,Normal,2Vehicles-Side,11,Saturday,13,True,False
201800015476,NonLethal,Daylight,Yes,X-type,Normal,2Vehicles-Side,8,Friday,18,False,False
201800038507,NonLethal,Daylight,Yes,X-type,Normal,2Vehicles-Side,6,Monday,7,False,False
201800053411,NonLethal,Daylight,Yes,X-type,Normal,2Vehicles-Side,6,Wednesday,16,False,False
201800013256,NonLethal,Daylight,Yes,NoIntersection,Normal,2Vehicles-BehindVehicles-Frontal,3,Friday,15,False,False
201800024595,NonLethal,NightNoStreetLight,No,NoIntersection,Normal,3+Vehicles-Chain,7,Sunday,19,True,False
201800029523,Lethal,Daylight,Yes,T-type,Normal,2Vehicles-Side,8,Monday,19,False,False
201800050886,NonLethal,NightStreelightsOn,Yes,X-type,Normal,2Vehicles-Side,6,Thursday,1,False,True
201800018066,Lethal,Daylight,No,NoIntersection,Normal,NoCollision,6,Sunday,12,True,False
201800046859,NonLethal,Daylight,No,NoIntersection,Normal,2Vehicles-Behind,9,Thursday,12,False,False
201800053279,NonLethal,Daylight,Yes,Square,Normal,2Vehicles-Side,3,Friday,16,False,False
201800046935,NonLethal,Daylight,No,NoIntersection,Normal,2Vehicles-Side,5,Thursday,17,False,False
201800015965,NonLethal,TwilightOrDawn,No,T-type,Normal,2Vehicles-Side,8,Friday,5,False,True
201800019925,NonLethal,Daylight,No,NoIntersection,Normal,2Vehicles-Behind,3,Thursday,16,False,False
201800005865,NonLethal,NightStreelightsOn,Yes,X-type,Normal,2Vehicles-Side,12,Saturday,19,True,False
201800043894,NonLethal,Daylight,No,NoIntersection,Normal,2Vehicles-Behind,4,Wednesday,18,False,False
201800046116,NonLethal,Daylight,No,NoIntersection,Normal,Other,9,Wednesday,8,False,False
201800028566,NonLethal,Daylight,Yes,NoIntersection,Normal,2Vehicles-Side,10,Thursday,14,False,False
201800001317,NonLethal,Daylight,No,NoIntersection,Normal,2Vehicles-BehindVehicles-Frontal,10,Saturday,17,True,False
201800021851,NonLethal,NightNoStreetLight,No,NoIntersection,Normal,2Vehicles-Behind,8,Thursday,21,False,False
201800023178,NonLethal,Daylight,No,NoIntersection,Normal,2Vehicles-Side,4,Sunday,19,True,False
201800011464,NonLethal,NightStreelightsOff,Yes,NoIntersection,Normal,Other,7,Thursday,1,False,True
201800027173,NonLethal,Daylight,Yes,NoIntersection,LightRain,3+Vehicles-Chain,1,Wednesday,15,False,False
201800011558,NonLethal,Daylight,No,NoIntersection,Normal,NoCollision,2,Sunday,13,True,False
201800043120,NonLethal,Daylight,Yes,NoIntersection,Normal,3+Vehicles-Chain,5,Friday,8,False,False
201800045475,NonLethal,NightNoStreetLight,No,NoIntersection,LightRain,2Vehicles-Behind,11,Tuesday,0,False,True
201800045879,NonLethal,Daylight,No,NoIntersection,Normal,Other,5,Wednesday,8,False,False
201800027544,NonLethal,Daylight,Yes,NoIntersection,LightRain,2Vehicles-Behind,2,Monday,12,False,False
201800053289,NonLethal,NightStreelightsOff,Yes,X-type,Normal,2Vehicles-Side,3,Friday,19,False,False
201800047260,NonLethal,Daylight,Yes,NoIntersection,Normal,2Vehicles-Side,3,Friday,13,False,False
201800034655,NonLethal,Daylight,Yes,NoIntersection,Normal,Other,6,Monday,18,False,False
201800056816,NonLethal,Daylight,Yes,T-type,Normal,2Vehicles-Side,1,Friday,16,False,False
201800049282,NonLethal,Daylight,No,NoIntersection,Normal,NoCollision,8,Friday,16,False,False
201800025325,NonLethal,NightStreelightsOn,Yes,NoIntersection,Normal,2Vehicles-BehindVehicles-Frontal,8,Sunday,1,True,True
201800007373,NonLethal,Daylight,Yes,X-type,Normal,2Vehicles-Side,8,Wednesday,13,False,False
201800022819,NonLethal,Daylight,Yes,Roundabout,Normal,2Vehicles-Side,9,Wednesday,16,False,False
201800038713,NonLethal,Daylight,Yes,NoIntersection,LightRain,3+Vehicles-Chain,6,Saturday,10,True,False
201800002586,NonLethal,Daylight,No,NoIntersection,Normal,Other,7,Sunday,9,True,False
201800046812,NonLethal,NightNoStreetLight,No,NoIntersection,Normal,2Vehicles-Behind,8,Sunday,4,True,True
201800025306,NonLethal,Daylight,Yes,NoIntersection,Normal,Other,4,Friday,8,False,False
201800036364,NonLethal,Daylight,Yes,Other,Normal,Other,6,Friday,14,False,False
201800023595,NonLethal,TwilightOrDawn,No,NoIntersection,HeavyRain,3+Vehicles-Chain,10,Monday,8,False,False
201800012581,NonLethal,Daylight,Yes,NoIntersection,Normal,2Vehicles-Side,11,Monday,13,False,False
201800054920,NonLethal,Daylight,Yes,X-type,Normal,Other,2,Friday,13,False,False
201800005119,NonLethal,TwilightOrDawn,Yes,X-type,Normal,Other,4,Friday,18,False,False
201800027106,NonLethal,Daylight,Yes,NoIntersection,Normal,Other,1,Thursday,13,False,False
201800016192,NonLethal,NightNoStreetLight,No,NoIntersection,Normal,Other,11,Tuesday,19,False,False
201800002184,NonLethal,Daylight,No,NoIntersection,Normal,Other,4,Wednesday,16,False,False
201800009842,NonLethal,Daylight,Yes,Other,Normal,2Vehicles-Behind,3,Saturday,18,True,False
201800007287,Lethal,NightNoStreetLight,No,NoIntersection,Normal,Other,1,Tuesday,19,False,False
201800028405,NonLethal,Daylight,Yes,NoIntersection,Normal,2Vehicles-BehindVehicles-Frontal,5,Wednesday,10,False,False
201800035645,NonLethal,TwilightOrDawn,No,NoIntersection,Normal,Other,5,Saturday,17,True,False
201800005917,NonLethal,Daylight,No,NoIntersection,Normal,2Vehicles-BehindVehicles-Frontal,6,Monday,16,False,False
201800036274,NonLethal,NightStreelightsOn,Yes,NoIntersection,Normal,Other,2,Tuesday,21,False,False
201800012482,NonLethal,TwilightOrDawn,No,Other,HeavyRain,2Vehicles-Side,10,Sunday,17,True,False
201800034263,NonLethal,Daylight,No,X-type,SnowOrHail,2Vehicles-BehindVehicles-Frontal,11,Tuesday,10,False,False
201800039462,NonLethal,Daylight,Yes,NoIntersection,Normal,Other,2,Thursday,16,False,False
201800046497,NonLethal,Daylight,No,NoIntersection,LightRain,2Vehicles-Side,4,Wednesday,7,False,False
201800054241,NonLethal,Daylight,Yes,Square,VeryGood,Other,10,Thursday,17,False,False
201800024496,NonLethal,Daylight,Yes,NoIntersection,Overcast,2Vehicles-Side,7,Wednesday,12,False,False
201800028092,NonLethal,Daylight,Yes,NoIntersection,Normal,2Vehicles-Behind,8,Thursday,17,False,False
201800033026,NonLethal,Daylight,Yes,Roundabout,Normal,2Vehicles-Side,10,Tuesday,15,False,False
201800016507,NonLethal,Daylight,No,T-type,Normal,2Vehicles-Side,4,Thursday,16,False,False
201800020408,NonLethal,Daylight,No,Other,Normal,3+Vehicles-Chain,11,Friday,12,False,False
201800025061,NonLethal,NightStreelightsOn,Yes,X-type,Overcast,2Vehicles-Side,12,Saturday,21,True,False
201800010302,NonLethal,Daylight,No,NoIntersection,Normal,Other,8,Sunday,6,True,True
201800004448,NonLethal,Daylight,No,NoIntersection,Normal,NoCollision,3,Monday,7,False,False
201800029516,NonLethal,Daylight,Yes,X-type,Normal,2Vehicles-Side,5,Thursday,20,False,False
201800057232,NonLethal,Daylight,Yes,X-type,Normal,2Vehicles-BehindVehicles-Frontal,11,Monday,12,False,False
201800014810,NonLethal,Daylight,No,NoIntersection,VeryGood,NoCollision,9,Monday,16,False,False
201800035084,NonLethal,Daylight,Yes,NoIntersection,Normal,2Vehicles-Side,2,Wednesday,14,False,False
201800007997,NonLethal,Daylight,No,X-type,FogOrSmoke,2Vehicles-Side,11,Thursday,8,False,False
201800034348,NonLethal,Daylight,No,NoIntersection,Normal,2Vehicles-BehindVehicles-Frontal,3,Saturday,11,True,False
201800053341,NonLethal,NightStreelightsOn,Yes,NoIntersection,Normal,2Vehicles-Side,4,Sunday,1,True,True
201800024082,NonLethal,TwilightOrDawn,Yes,X-type,Normal,2Vehicles-Behind,2,Monday,18,False,False
201800036685,NonLethal,NightStreelightsOn,Yes,NoIntersection,Normal,2Vehicles-Behind,12,Wednesday,19,False,False
201800013678,NonLethal,Daylight,Yes,T-type,Normal,2Vehicles-Side,4,Saturday,8,True,False
201800057223,NonLethal,TwilightOrDawn,Yes,NoIntersection,Normal,Other,10,Sunday,18,True,False
201800051734,NonLethal,Daylight,Yes,T-type,Normal,Other,5,Saturday,10,True,False
201800042747,NonLethal,Daylight,Yes,X-type,Normal,2Vehicles-Side,4,Sunday,17,True,False
201800041401,NonLethal,TwilightOrDawn,Yes,T-type,LightRain,2Vehicles-Behind,8,Friday,18,False,False
201800027571,NonLethal,NightStreelightsOn,Yes,NoIntersection,LightRain,2Vehicles-Side,12,Thursday,21,False,False
201800031128,NonLethal,Daylight,Yes,X-type,Normal,2Vehicles-Side,9,Wednesday,19,False,False
201800037280,NonLethal,Daylight,Yes,X-type,Normal,Other,6,Thursday,8,False,False
201800017621,NonLethal,Daylight,Yes,NoIntersection,Normal,Other,10,Wednesday,8,False,False
201800054970,NonLethal,NightStreelightsOff,Yes,Y-type,Normal,Other,6,Monday,0,False,True
201800000102,NonLethal,Daylight,Yes,NoIntersection,Normal,Other,3,Thursday,18,False,False
201800026142,NonLethal,Daylight,Yes,NoIntersection,Normal,2Vehicles-Behind,7,Sunday,16,True,False
201800014458,NonLethal,Daylight,No,NoIntersection,Normal,2Vehicles-BehindVehicles-Frontal,2,Tuesday,17,False,False
201800038280,NonLethal,NightStreelightsOn,Yes,Other,Normal,NoCollision,5,Tuesday,22,False,False
201800056115,NonLethal,Daylight,No,Roundabout,Normal,2Vehicles-Side,12,Wednesday,12,False,False
201800008118,NonLethal,Daylight,Yes,NoIntersection,Normal,Other,6,Thursday,17,False,False
201800027260,NonLethal,Daylight,Yes,NoIntersection,Normal,NoCollision,4,Thursday,10,False,False
201800021314,NonLethal,NightNoStreetLight,No,X-type,Normal,2Vehicles-Side,6,Saturday,21,True,False
201800022426,NonLethal,NightNoStreetLight,No,Other,Overcast,3+Vehicles-Multiple,11,Monday,7,False,False
201800056684,NonLethal,Daylight,Yes,NoIntersection,Normal,Other,2,Wednesday,9,False,False
201800012321,NonLethal,Daylight,Yes,Roundabout,Normal,Other,4,Friday,15,False,False
201800018892,NonLethal,Daylight,No,X-type,Normal,Other,4,Wednesday,7,False,False
201800047813,NonLethal,Daylight,Yes,X-type,Normal,2Vehicles-BehindVehicles-Frontal,11,Saturday,15,True,False
201800035970,NonLethal,TwilightOrDawn,No,NoIntersection,LightRain,2Vehicles-Behind,2,Thursday,18,False,False
201800013941,NonLethal,Daylight,No,NoIntersection,Normal,2Vehicles-BehindVehicles-Frontal,8,Thursday,18,False,False
201800013567,NonLethal,Daylight,No,NoIntersection,Normal,2Vehicles-Side,6,Wednesday,17,False,False
201800042039,NonLethal,NightNoStreetLight,No,NoIntersection,LightRain,3+Vehicles-Chain,11,Saturday,19,True,False
201800006798,NonLethal,Daylight,Yes,NoIntersection,Normal,2Vehicles-BehindVehicles-Frontal,7,Saturday,17,True,False
201800051102,NonLethal,Daylight,Yes,Square,Overcast,2Vehicles-Side,6,Tuesday,14,False,False
201800031247,NonLethal,NightStreelightsOn,No,NoIntersection,Normal,2Vehicles-Behind,6,Saturday,23,True,False
201800043700,NonLethal,Daylight,Yes,NoIntersection,Normal,NoCollision,6,Friday,11,False,False
201800042685,NonLethal,Daylight,Yes,NoIntersection,Normal,Other,7,Monday,21,False,False
201800012811,Lethal,Daylight,No,NoIntersection,Normal,Other,6,Sunday,16,True,False
201800031093,NonLethal,Daylight,Yes,NoIntersection,Normal,2Vehicles-Side,12,Tuesday,15,False,False
201800002208,NonLethal,TwilightOrDawn,No,NoIntersection,Normal,NoCollision,7,Wednesday,19,False,False
201800055085,NonLethal,Daylight,Yes,Y-type,Normal,2Vehicles-Side,7,Tuesday,8,False,False
201800017414,NonLethal,NightNoStreetLight,No,NoIntersection,LightRain,Other,5,Monday,0,False,True
201800049366,NonLethal,Daylight,No,NoIntersection,Normal,2Vehicles-Behind,4,Wednesday,9,False,False
201800008649,NonLethal,NightStreelightsOn,Yes,Roundabout,Normal,2Vehicles-Side,10,Wednesday,0,False,True
201800011118,NonLethal,Daylight,Yes,Other,Normal,2Vehicles-Side,6,Wednesday,19,False,False
201800018238,NonLethal,Daylight,No,NoIntersection,Normal,2Vehicles-Side,8,Wednesday,15,False,False
201800023718,NonLethal,Daylight,Yes,NoIntersection,LightRain,Other,7,Tuesday,13,False,False
201800034760,NonLethal,Daylight,Yes,Other,Normal,Other,9,Wednesday,10,False,False
201800012220,NonLethal,NightStreelightsOn,Yes,NoIntersection,LightRain,Other,1,Wednesday,18,False,False
201800043497,NonLethal,Daylight,Yes,X-type,Normal,2Vehicles-Behind,12,Monday,16,False,False
201800053785,NonLethal,Daylight,Yes,NoIntersection,Normal,2Vehicles-Side,5,Thursday,18,False,False
201800004401,NonLethal,Daylight,No,NoIntersection,HeavyRain,Other,4,Wednesday,15,False,False
201800035773,Lethal,NightStreelightsOn,Yes,NoIntersection,Normal,Other,2,Saturday,20,True,False
201800031496,Lethal,TwilightOrDawn,No,NoIntersection,Overcast,Other,6,Monday,20,False,False
201800037319,NonLethal,Daylight,Yes,NoIntersection,Normal,2Vehicles-Side,10,Tuesday,18,False,False
201800016769,NonLethal,Daylight,No,NoIntersection,Normal,NoCollision,3,Monday,15,False,False
201800014427,NonLethal,Daylight,Yes,Y-type,Normal,2Vehicles-BehindVehicles-Frontal,10,Friday,18,False,False
201800025749,NonLethal,NightStreelightsOn,Yes,T-type,Normal,2Vehicles-Side,9,Tuesday,23,False,False
201800045772,NonLethal,Daylight,No,NoIntersection,Normal,3+Vehicles-Chain,3,Tuesday,12,False,False
201800014835,NonLethal,Daylight,No,NoIntersection,LightRain,2Vehicles-BehindVehicles-Frontal,3,Friday,15,False,False
201800037901,NonLethal,Daylight,Yes,NoIntersection,Normal,2Vehicles-Side,3,Monday,10,False,False
201800024617,NonLethal,NightStreelightsOn,Yes,NoIntersection,LightRain,Other,1,Wednesday,18,False,False
201800020006,NonLethal,NightNoStreetLight,No,NoIntersection,FogOrSmoke,Other,4,Saturday,5,True,True
201800008734,NonLethal,Daylight,Yes,NoIntersection,Normal,2Vehicles-Behind,3,Monday,7,False,False