AccidentId,Gravity,Light,InAgglomeration,IntersectionType,Weather,CollisionType,Month,DayOfWeek,HourOfDay,IsWeekend,IsNight
201800025926,NonLethal,Daylight,Yes,NoIntersection,LightRain,2Vehicles-BehindVehicles-Frontal,10,Thursday,14,False,False
201800035836,NonLethal,NightStreelightsOn,Yes,NoIntersection,LightRain,2Vehicles-Side,8,Wednesday,7,False,False
201800013082,NonLethal,Daylight,No,NoIntersection,Normal,2Vehicles-BehindVehicles-Frontal,9,Saturday,16,True,False
201800046242,NonLethal,NightStreelightsOn,No,NoIntersection,Normal,2Vehicles-Side,11,Friday,19,False,False
201800004111,NonLethal,Daylight,Yes,Roundabout,Normal,NoCollision,7,Wednesday,12,False,False
201800048738,NonLethal,NightStreelightsOn,Yes,T-type,HeavyRain,2Vehicles-Behind,7,Thursday,19,False,False
201800053736,NonLethal,Daylight,Yes,NoIntersection,Overcast,2Vehicles-Side,3,Friday,13,False,False
201800030904,NonLethal,NightStreelightsOn,Yes,NoIntersection,Normal,2Vehicles-Side,10,Tuesday,20,False,False
201800052244,NonLethal,NightStreelightsOn,Yes,X-type,LightRain,NoCollision,10,Thursday,21,False,False
201800038526,NonLethal,Daylight,Yes,NoIntersection,Normal,Other,1,Sunday,16,True,False
201800026823,NonLethal,Daylight,Yes,NoIntersection,Normal,Other,2,Tuesday,15,False,False
201800046948,NonLethal,TwilightOrDawn,No,NoIntersection,Normal,2Vehicles-Side,10,Wednesday,7,False,False
201800021546,NonLethal,Daylight,Yes,Other,Normal,2Vehicles-Side,4,Tuesday,13,False,False
201800046831,NonLethal,NightNoStreetLight,No,NoIntersection,Normal,NoCollision,9,Saturday,1,True,True
201800008154,NonLethal,Daylight,Yes,NoIntersection,Normal,2Vehicles-BehindVehicles-Frontal,4,Wednesday,9,False,False
201800039314,NonLethal,Daylight,Yes,NoIntersection,Normal,Other,10,Friday,12,False,False
201800025467,NonLethal,Daylight,Yes,NoIntersection,Normal,2Vehicles-Side,8,Tuesday,12,False,False
201800016405,NonLethal,Daylight,No,X-type,Normal,2Vehicles-Side,12,Thursday,16,False,False
201800046024,NonLethal,Daylight,No,NoIntersection,Normal,3+Vehicles-Multiple,8,Friday,16,False,False
201800011283,NonLethal,NightNoStreetLight,No,NoIntersection,LightRain,2Vehicles-Side,10,Sunday,20,True,False
201800027121,NonLethal,NightStreelightsOn,Yes,Roundabout,Overcast,2Vehicles-Side,1,Monday,18,False,False
201800024620,NonLethal,NightStreelightsOn,Yes,Roundabout,Normal,2Vehicles-Side,1,Thursday,6,False,True
201800007031,NonLethal,Daylight,No,NoIntersection,Normal,NoCollision,5,Thursday,10,False,False
201800040486,NonLethal,TwilightOrDawn,Yes,X-type,Normal,3+Vehicles-Multiple,6,Friday,21,False,False
201800055929,NonLethal,NightStreelightsOn,Yes,NoIntersection,Normal,2Vehicles-BehindVehicles-Frontal,5,Saturday,18,True,False
201800001287,NonLethal,Daylight,No,NoIntersection,LightRain,2Vehicles-BehindVehicles-Frontal,3,Sunday,13,True,False
201800007143,Lethal,Daylight,No,NoIntersection,Normal,2Vehicles-BehindVehicles-Frontal,10,Friday,16,False,False
201800032414,NonLethal,Daylight,Yes,NoIntersection,Normal,2Vehicles-Side,4,Friday,7,False,False
201800010049,NonLethal,NightStreelightsOn,Yes,NoIntersection,Normal,2Vehicles-BehindVehicles-Frontal,11,Friday,5,False,True
201800011440,NonLethal,Daylight,No,X-type,LightRain,2Vehicles-Side,12,Monday,11,False,False
201800021658,NonLethal,NightStreelightsOn,Yes,X-type,FogOrSmoke,2Vehicles-Side,12,Wednesday,6,False,True
201800032240,NonLethal,NightStreelightsOn,Yes,T-type,Normal,2Vehicles-Side,10,Thursday,19,False,False
201800039934,NonLethal,NightStreelightsOn,Yes,NoIntersection,Normal,2Vehicles-BehindVehicles-Frontal,11,Thursday,18,False,False
201800033038,NonLethal,NightStreelightsOn,Yes,NoIntersection,Normal,Other,11,Thursday,17,False,False
201800047197,NonLethal,Daylight,Yes,Other,Normal,Other,4,Monday,11,False,False
201800039467,NonLethal,Daylight,Yes,T-type,Normal,3+Vehicles-Chain,3,Thursday,13,False,False
201800009148,NonLethal,TwilightOrDawn,Yes,T-type,Normal,Other,9,Thursday,21,False,False
201800057131,NonLethal,Daylight,Yes,NoIntersection,Normal,2Vehicles-Side,12,Wednesday,14,False,False
201800026613,NonLethal,Daylight,Yes,X-type,Overcast,2Vehicles-Side,1,Wednesday,12,False,False
201800002179,NonLethal,Daylight,Yes,NoIntersection,Normal,2Vehicles-Behind,5,Friday,15,False,False
201800001953,NonLethal,Daylight,No,NoIntersection,Normal,NoCollision,12,Wednesday,18,False,False
201800027906,NonLethal,Daylight,Yes,NoIntersection,Normal,Other,12,Saturday,10,True,False
201800052260,NonLethal,TwilightOrDawn,Yes,Square,LightRain,2Vehicles-Side,11,Tuesday,8,False,False
201800053313,NonLethal,Daylight,Yes,NoIntersection,Normal,Other,3,Monday,15,False,False
201800020148,Lethal,NightNoStreetLight,No,NoIntersection,LightRain,Other,12,Saturday,0,True,True
201800015975,NonLethal,Daylight,Yes,NoIntersection,Normal,2Vehicles-BehindVehicles-Frontal,6,Tuesday,20,False,False
201800019819,NonLethal,Daylight,No,NoIntersection,Normal,2Vehicles-Behind,12,Friday,14,False,False
201800050707,NonLethal,Daylight,Yes,NoIntersection,Normal,2Vehicles-Behind,5,Monday,10,False,False
201800014739,Lethal,TwilightOrDawn,No,NoIntersection,Normal,NoCollision,7,Tuesday,5,False,True
201800023330,NonLethal,Daylight,Yes,NoIntersection,Normal,Other,11,Tuesday,11,False,False
201800022202,NonLethal,NightNoStreetLight,No,NoIntersection,Normal,NoCollision,7,Saturday,1,True,True
201800003770,NonLethal,Daylight,No,NoIntersection,Normal,Other,4,Wednesday,8,False,False
201800044522,NonLethal,NightNoStreetLight,No,NoIntersection,Normal,3+Vehicles-Chain,12,Saturday,17,True,False
201800048887,NonLethal,NightStreelightsOn,No,NoIntersection,Normal,3+Vehicles-Multiple,4,Saturday,6,True,True
201800038830,NonLethal,Daylight,Yes,Y-type,Normal,2Vehicles-Side,6,Wednesday,9,False,False
201800010949,NonLethal,Daylight,No,NoIntersection,Normal,NoCollision,7,Sunday,11,True,False
201800026375,NonLethal,NightStreelightsOn,Yes,NoIntersection,Normal,Other,6,Friday,1,False,True
201800055961,NonLethal,TwilightOrDawn,No,NoIntersection,Normal,Other,7,Sunday,5,True,True
201800012471,NonLethal,Daylight,No,T-type,Normal,2Vehicles-Side,4,Friday,17,False,False
201800022491,NonLethal,Daylight,Yes,NoIntersection,Normal,2Vehicles-Behind,5,Sunday,14,True,False
201800003035,NonLethal,Daylight,Yes,NoIntersection,Normal,2Vehicles-Behind,11,Thursday,13,False,False
201800013154,NonLethal,Daylight,No,NoIntersection,Normal,2Vehicles-Behind,7,Monday,16,False,False
201800050453,NonLethal,TwilightOrDawn,Yes,T-type,Normal,2Vehicles-Side,9,Wednesday,20,False,False
201800036559,NonLethal,NightStreelightsOn,Yes,X-type,HeavyRain,2Vehicles-Side,10,Monday,23,False,False
201800005912,NonLethal,Daylight,Yes,NoIntersection,HeavyRain,Other,4,Friday,14,False,False
201800026381,NonLethal,Daylight,Yes,NoIntersection,Normal,Other,2,Wednesday,18,False,False
201800008056,NonLethal,Daylight,Yes,Other,Normal,2Vehicles-Side,8,Friday,8,False,False
201800009638,NonLethal,NightStreelightsOn,Yes,X-type,Normal,2Vehicles-BehindVehicles-Frontal,4,Monday,22,False,False
201800009572,NonLethal,Daylight,Yes,X-type,Normal,Other,8,Thursday,8,False,False
201800027402,NonLethal,Daylight,Yes,X-type,Normal,Other,8,Sunday,19,True,False
201800005351,NonLethal,Daylight,Yes,NoIntersection,Overcast,2Vehicles-Behind,4,Tuesday,10,False,False
201800004477,NonLethal,Daylight,No,NoIntersection,Normal,2Vehicles-Side,6,Thursday,9,False,False
201800030600,NonLethal,Daylight,Yes,T-type,Normal,NoCollision,8,Friday,15,False,False
201800025123,NonLethal,NightStreelightsOn,Yes,NoIntersection,Normal,NoCollision,5,Wednesday,18,False,False
201800030561,NonLethal,Daylight,Yes,Roundabout,Normal,2Vehicles-Side,5,Sunday,11,True,False
201800055774,NonLethal,NightStreelightsOn,Yes,T-type,Normal,2Vehicles-BehindVehicles-Frontal,5,Saturday,23,True,False
201800037058,NonLethal,Daylight,Yes,NoIntersection,Normal,Other,12,Saturday,8,True,False
201800049325,NonLethal,NightNoStreetLight,No,NoIntersection,Normal,2Vehicles-Behind,1,Sunday,0,True,True
201800037747,NonLethal,Daylight,Yes,NoIntersection,Normal,Other,11,Thursday,11,False,False
201800054662,NonLethal,NightNoStreetLight,Yes,Square,LightRain,2Vehicles-Behind,2,Saturday,22,True,False
201800014300,Lethal,Daylight,No,NoIntersection,FogOrSmoke,NoCollision,12,Tuesday,11,False,False
201800007530,NonLethal,Daylight,No,NoIntersection,Normal,2Vehicles-Behind,3,Friday,16,False,False
201800003205,NonLethal,NightNoStreetLight,Yes,NoIntersection,Normal,2Vehicles-Behind,8,Saturday,0,True,True
201800034618,NonLethal,NightStreelightsOn,Yes,T-type,Normal,Other,12,Sunday,21,True,False
201800020069,Lethal,Daylight,No,NoIntersection,Normal,Other,7,Monday,10,False,False
201800022417,NonLethal,Daylight,No,Roundabout,Normal,NoCollision,9,Tuesday,8,False,False
201800009438,NonLethal,NightStreelightsOn,Yes,NoIntersection,Normal,2Vehicles-BehindVehicles-Frontal,7,Saturday,1,True,True
201800034374,NonLethal,Daylight,Yes,NoIntersection,Normal,2Vehicles-Side,9,Friday,14,False,False
201800030000,NonLethal,Daylight,Yes,NoIntersection,Normal,2Vehicles-BehindVehicles-Frontal,9,Saturday,15,True,False
201800022991,NonLethal,Daylight,Yes,NoIntersection,Normal,Other,3,Wednesday,12,False,False
201800026861,NonLethal,Daylight,Yes,X-type,Normal,2Vehicles-Side,3,Wednesday,20,False,False
201800013945,NonLethal,Daylight,No,NoIntersection,LightRain,Other,6,Sunday,17,True,False
201800011339,NonLethal,NightStreelightsOn,Yes,NoIntersection,Normal,Other,6,Tuesday,19,False,False
201800050109,NonLethal,Daylight,No,NoIntersection,Normal,2Vehicles-Behind,5,Friday,10,False,False
201800044174,NonLethal,NightStreelightsOn,No,NoIntersection,Normal,3+Vehicles-Chain,8,Thursday,5,False,True
201800054886,NonLethal,NightStreelightsOn,Yes,NoIntersection,Normal,3+Vehicles-Chain,12,Friday,17,False,False
201800051650,NonLethal,Daylight,Yes,X-type,Normal,Other,1,Tuesday,10,False,False
201800007368,NonLethal,Daylight,Yes,NoIntersection,Normal,Other,7,Monday,10,False,False
201800003339,NonLethal,Daylight,Yes,Roundabout,Normal,2Vehicles-Side,9,Wednesday,16,False,False
201800041573,NonLethal,Daylight,Yes,NoIntersection,Normal,Other,5,Thursday,18,False,False
201800008442,NonLethal,NightStreelightsOn,Yes,NoIntersection,Normal,2Vehicles-Side,2,Thursday,18,False,False
201800044219,NonLethal,Daylight,No,NoIntersection,Normal,2Vehicles-Side,12,Sunday,8,True,False
201800051486,NonLethal,Daylight,Yes,NoIntersection,Normal,Other,7,Thursday,20,False,False
201800038060,NonLethal,TwilightOrDawn,Yes,X-type,Normal,2Vehicles-Side,12,Thursday,16,False,False
201800053885,NonLethal,Daylight,Yes,NoIntersection,Normal,Other,9,Thursday,9,False,False
201800045534,NonLethal,Daylight,No,NoIntersection,HeavyRain,Other,12,Monday,14,False,False
201800017953,NonLethal,NightNoStreetLight,No,NoIntersection,Normal,Other,9,Sunday,2,True,True
201800049111,NonLethal,NightStreelightsOn,No,NoIntersection,FogOrSmoke,Other,12,Thursday,1,False,True
201800054885,NonLethal,Daylight,Yes,NoIntersection,Normal,Other,12,Friday,12,False,False
201800039901,NonLethal,Daylight,Yes,X-type,Normal,Other,7,Wednesday,8,False,False
201800022994,NonLethal,Daylight,Yes,NoIntersection,Normal,2Vehicles-BehindVehicles-Frontal,3,Friday,13,False,False
201800017550,NonLethal,Daylight,No,NoIntersection,Overcast,Other,10,Friday,15,False,False
201800057530,NonLethal,TwilightOrDawn,No,NoIntersection,Normal,Other,10,Sunday,6,True,True
201800052772,NonLethal,Daylight,Yes,T-type,Normal,2Vehicles-Behind,7,Friday,17,False,False
201800035202,NonLethal,Daylight,Yes,NoIntersection,Normal,Other,6,Saturday,18,True,False
201800011178,Lethal,Daylight,No,NoIntersection,Normal,NoCollision,7,Tuesday,21,False,False
201800050518,NonLethal,Daylight,Yes,X-type,Normal,2Vehicles-Side,1,Wednesday,10,False,False
201800018555,NonLethal,Daylight,No,T-type,VeryGood,2Vehicles-BehindVehicles-Frontal,5,Saturday,12,True,False
201800054259,NonLethal,NightStreelightsOn,Yes,X-type,LightRain,Other,11,Sunday,21,True,False
201800011394,NonLethal,Daylight,No,X-type,Normal,2Vehicles-Side,10,Wednesday,13,False,False
201800049558,NonLethal,Daylight,No,NoIntersection,Overcast,3+Vehicles-Chain,4,Thursday,12,False,False
201800048656,NonLethal,NightStreelightsOn,Yes,NoIntersection,LightRain,2Vehicles-Behind,11,Thursday,2,False,True
201800051167,NonLethal,Daylight,Yes,X-type,Normal,2Vehicles-Side,12,Saturday,19,True,False
201800028676,NonLethal,Daylight,Yes,NoIntersection,Normal,Other,2,Tuesday,9,False,False
201800037630,NonLethal,Daylight,Yes,NoIntersection,Normal,Other,9,Sunday,10,True,False
201800025549,NonLethal,Daylight,Yes,Other,Normal,NoCollision,10,Tuesday,13,False,False
201800034381,NonLethal,NightStreelightsOn,Yes,X-type,Normal,2Vehicles-BehindVehicles-Frontal,11,Friday,18,False,False
201800054984,NonLethal,Daylight,Yes,Y-type,Normal,Other,4,Saturday,18,True,False
201800009282,NonLethal,Daylight,Yes,NoIntersection,Normal,Other,7,Monday,18,False,False
201800008942,NonLethal,Daylight,Yes,Other,Normal,2Vehicles-Side,1,Friday,16,False,False
201800048540,NonLethal,Daylight,Yes,X-type,Normal,2Vehicles-Side,9,Saturday,16,True,False
201800044911,NonLethal,Daylight,No,NoIntersection,HeavyRain,2Vehicles-Behind,5,Friday,16,False,False
201800003928,NonLethal,Daylight,Yes,NoIntersection,Normal,2Vehicles-BehindVehicles-Frontal,9,Saturday,18,True,False
201800031218,NonLethal,Daylight,Yes,NoIntersection,Normal,2Vehicles-Behind,2,Sunday,19,True,False
201800036161,NonLethal,Daylight,Yes,Other,Normal,NoCollision,8,Sunday,10,True,False
201800016473,Lethal,NightStreelightsOff,Yes,T-type,LightRain,2Vehicles-Side,2,Friday,20,False,False
201800042963,NonLethal,Daylight,Yes,NoIntersection,Normal,Other,1,Monday,9,False,False
201800047583,NonLethal,Daylight,Yes,T-type,Normal,Other,6,Thursday,9,False,False
201800045818,NonLethal,NightStreelightsOff,No,NoIntersection,Normal,2Vehicles-Behind,4,Saturday,4,True,True
201800004202,NonLethal,TwilightOrDawn,No,NoIntersection,Normal,NoCollision,9,Thursday,21,False,False
201800027026,NonLethal,Daylight,Yes,Other,Overcast,Other,12,Tuesday,11,False,False
201800027010,NonLethal,Daylight,No,NoIntersection,HeavyRain,NoCollision,2,Monday,15,False,False
201800006566,NonLethal,NightNoStreetLight,No,NoIntersection,Normal,2Vehicles-Behind,12,Thursday,17,False,False
201800014916,NonLethal,Daylight,No,NoIntersection,Normal,Other,11,Sunday,16,True,False
201800026282,NonLethal,Daylight,Yes,NoIntersection,Normal,Other,2,Thursday,8,False,False
201800001080,Lethal,TwilightOrDawn,No,NoIntersection,Normal,Other,7,Friday,20,False,False
201800042581,NonLethal,Daylight,Yes,NoIntersection,Normal,Other,10,Wednesday,11,False,False
201800000415,NonLethal,Daylight,No,NoIntersection,Normal,2Vehicles-BehindVehicles-Frontal,6,Friday,15,False,False
201800036238,NonLethal,Daylight,No,NoIntersection,Normal,Other,11,Tuesday,16,False,False
201800026107,NonLethal,Daylight,Yes,NoIntersection,Normal,2Vehicles-Side,5,Saturday,14,True,False
201800004136,NonLethal,Daylight,No,T-type,VeryGood,2Vehicles-Side,8,Sunday,17,True,False
201800005130,NonLethal,Daylight,Yes,Other,Normal,2Vehicles-Side,5,Sunday,14,True,False
201800009567,Lethal,NightStreelightsOn,Yes,X-type,Normal,NoCollision,6,Friday,23,False,False
201800012452,NonLethal,Daylight,No,NoIntersection,Normal,Other,6,Saturday,9,True,False
201800051615,NonLethal,NightNoStreetLight,Yes,X-type,Normal,2Vehicles-BehindVehicles-Frontal,11,Sunday,2,True,True
201800046852,NonLethal,Daylight,No,NoIntersection,Normal,3+Vehicles-Chain,9,Sunday,17,True,False
201800027914,NonLethal,NightStreelightsOn,Yes,X-type,Normal,2Vehicles-Side,4,Friday,22,False,False
201800011603,NonLethal,TwilightOrDawn,No,NoIntersection,Normal,Other,10,Saturday,7,True,False
201800038922,NonLethal,NightStreelightsOn,Yes,NoIntersection,Normal,Other,6,Tuesday,21,False,False
201800021448,NonLethal,Daylight,Yes,NoIntersection,Normal,3+Vehicles-Chain,10,Friday,13,False,False
201800006599,NonLethal,Daylight,No,NoIntersection,Normal,Other,7,Tuesday,10,False,False
201800002245,NonLethal,Daylight,Yes,X-type,Overcast,2Vehicles-Side,11,Monday,14,False,False
201800017079,Lethal,NightNoStreetLight,No,NoIntersection,Overcast,3+Vehicles-Multiple,12,Friday,18,False,False
201800050277,NonLethal,Daylight,Yes,X-type,Normal,Other,6,Saturday,17,True,False
201800034492,NonLethal,TwilightOrDawn,No,NoIntersection,Normal,2Vehicles-Behind,10,Wednesday,18,False,False
201800005907,NonLethal,NightNoStreetLight,No,NoIntersection,Normal,Other,12,Saturday,21,True,False
201800021873,NonLethal,NightNoStreetLight,Yes,T-type,Normal,Other,10,Monday,2,False,True
201800040929,NonLethal,TwilightOrDawn,Yes,X-type,Normal,2Vehicles-Behind,8,Sunday,20,True,False
201800046532,NonLethal,Daylight,No,NoIntersection,Normal,2Vehicles-Behind,4,Friday,9,False,False
201800023954,NonLethal,Daylight,Yes,T-type,Normal,Other,7,Tuesday,9,False,False
201800006655,NonLethal,Daylight,No,NoIntersection,Normal,Other,1,Tuesday,13,False,False
201800020472,NonLethal,Daylight,Yes,T-type,Normal,2Vehicles-BehindVehicles-Frontal,9,Tuesday,11,False,False
201800030909,NonLethal,Daylight,Yes,Other,Normal,2Vehicles-Side,10,Saturday,15,True,False
201800049921,NonLethal,Daylight,No,NoIntersection,Normal,NoCollision,5,Tuesday,13,False,False
201800055501,NonLethal,Daylight,Yes,NoIntersection,Normal,3+Vehicles-Chain,7,Wednesday,13,False,False
201800000245,NonLethal,Daylight,No,NoIntersection,Normal,NoCollision,4,Sunday,14,True,False
201800022822,NonLethal,Daylight,No,T-type,Normal,2Vehicles-Side,3,Tuesday,19,False,False
201800020682,NonLethal,TwilightOrDawn,Yes,NoIntersection,Normal,Other,1,Thursday,8,False,False
201800037430,NonLethal,Daylight,Yes,X-type,Normal,Other,4,Tuesday,9,False,False
201800024580,NonLethal,Daylight,Yes,Other,Normal,Other,7,Friday,17,False,False
201800016122,NonLethal,Daylight,No,X-type,Overcast,2Vehicles-Side,11,Thursday,16,False,False
201800034730,NonLethal,TwilightOrDawn,No,NoIntersection,Normal,2Vehicles-Behind,7,Saturday,21,True,False
201800031316,NonLethal,Daylight,No,NoIntersection,Normal,2Vehicles-Behind,9,Tuesday,14,False,False
201800052963,NonLethal,NightStreelightsOn,Yes,X-type,Normal,2Vehicles-Behind,3,Saturday,1,True,True
201800014377,Lethal,Daylight,No,NoIntersection,Normal,Other,5,Friday,18,False,False
201800006290,NonLethal,Daylight,No,NoIntersection,Normal,Other,8,Wednesday,10,False,False
201800001921,NonLethal,Daylight,Yes,NoIntersection,LightRain,2Vehicles-Behind,5,Monday,11,False,False
201800055982,NonLethal,NightStreelightsOff,No,Roundabout,Normal,NoCollision,10,Sunday,22,True,False
201800044275,NonLethal,TwilightOrDawn,No,NoIntersection,Normal,2Vehicles-Side,2,Saturday,7,True,False
201800013362,NonLethal,NightStreelightsOn,Yes,NoIntersection,LightRain,Other,2,Wednesday,18,False,False
201800044785,NonLethal,Daylight,No,NoIntersection,Normal,2Vehicles-Side,4,Wednesday,10,False,False
201800051185,NonLethal,Daylight,Yes,NoIntersection,Normal,Other,9,Monday,11,False,False
201800017964,NonLethal,Daylight,No,NoIntersection,Normal,Other,12,Sunday,8,True,False
201800006204,NonLethal,Daylight,No,NoIntersection,Normal,NoCollision,7,Tuesday,15,False,False
201800026104,NonLethal,Daylight,Yes,NoIntersection,Normal,3+Vehicles-Chain,4,Wednesday,18,False,False
201800040713,NonLethal,Daylight,Yes,NoIntersection,Normal,Other,10,Monday,13,False,False
201800025266,NonLethal,Daylight,Yes,NoIntersection,Normal,NoCollision,3,Sunday,11,True,False
201800046151,NonLethal,Daylight,No,NoIntersection,Normal,Other,11,Saturday,15,True,False
201800013572,NonLethal,Daylight,No,NoIntersection,Normal,Other,8,Monday,19,False,False
201800030259,NonLethal,Daylight,Yes,Roundabout,Normal,Other,9,Wednesday,11,False,False
201800026672,NonLethal,Daylight,Yes,NoIntersection,Normal,Other,8,Wednesday,15,False,False
201800027036,NonLethal,NightStreelightsOn,Yes,Square,Normal,2Vehicles-Side,4,Thursday,21,False,False
201800048756,NonLethal,NightStreelightsOn,Yes,LevelCrossing,Normal,Other,12,Sunday,18,True,False
201800056789,Lethal,Daylight,No,NoIntersection,Normal,Other,6,Thursday,15,False,False
201800042892,NonLethal,Daylight,Yes,NoIntersection,Normal,2Vehicles-Behind,7,Sunday,20,True,False
201800000680,NonLethal,Daylight,Yes,Roundabout,Normal,2Vehicles-Side,8,Saturday,18,True,False
201800045227,NonLethal,Daylight,No,NoIntersection,Normal,2Vehicles-Behind,9,Friday,18,False,False
201800022942,NonLethal,NightNoStreetLight,No,NoIntersection,Other,Other,2,Tuesday,0,False,True
201800011291,NonLethal,NightNoStreetLight,No,NoIntersection,FogOrSmoke,Other,12,Saturday,21,True,False
201800002973,NonLethal,Daylight,No,NoIntersection,Normal,NoCollision,3,Saturday,14,True,False
201800012576,NonLethal,Daylight,No,NoIntersection,Normal,2Vehicles-Side,5,Friday,16,False,False
201800057049,NonLethal,Daylight,Yes,NoIntersection,Normal,2Vehicles-Side,9,Thursday,8,False,False
201800004331,NonLethal,NightStreelightsOn,Yes,Roundabout,Normal,Other,11,Saturday,6,True,True
201800042408,NonLethal,TwilightOrDawn,Yes,Y-type,Normal,Other,12,Monday,18,False,False
201800041098,NonLethal,Daylight,No,NoIntersection,Normal,Other,7,Friday,13,False,False
201800034448,NonLethal,Daylight,Yes,X-type,Normal,2Vehicles-Side,1,Sunday,20,True,False
201800027076,NonLethal,NightStreelightsOn,Yes,NoIntersection,LightRain,Other,2,Thursday,1,False,True
201800005716,NonLethal,Daylight,Yes,NoIntersection,Normal,Other,7,Wednesday,17,False,False
201800000662,NonLethal,Daylight,Yes,NoIntersection,Normal,2Vehicles-Side,7,Monday,12,False,False
201800040451,NonLethal,TwilightOrDawn,Yes,X-type,HeavyRain,2Vehicles-Behind,11,Sunday,6,True,True
201800037234,NonLethal,Daylight,Yes,NoIntersection,Normal,Other,3,Friday,17,False,False
201800014059,NonLethal,Daylight,Yes,NoIntersection,Overcast,Other,5,Tuesday,16,False,False
201800034122,NonLethal,Daylight,Yes,NoIntersection,LightRain,2Vehicles-Behind,1,Friday,12,False,False
201800032737,NonLethal,NightNoStreetLight,No,NoIntersection,Normal,Other,1,Thursday,21,False,False
201800038896,NonLethal,NightStreelightsOff,Yes,T-type,Normal,2Vehicles-BehindVehicles-Frontal,3,Tuesday,22,False,False
201800049461,NonLethal,Daylight,No,NoIntersection,Normal,2Vehicles-Behind,10,Thursday,9,False,False
201800006082,NonLethal,Daylight,No,NoIntersection,Normal,3+Vehicles-Chain,7,Saturday,12,True,False
201800053872,NonLethal,Daylight,Yes,T-type,Normal,2Vehicles-Side,11,Friday,17,False,False
201800055690,NonLethal,TwilightOrDawn,No,NoIntersection,Normal,2Vehicles-Behind,11,Thursday,6,False,True
201800024065,NonLethal,NightStreelightsOn,Yes,NoIntersection,Normal,2Vehicles-Behind,12,Friday,22,False,False
201800049703,NonLethal,Daylight,No,NoIntersection,SnowOrHail,3+Vehicles-Chain,2,Wednesday,9,False,False
201800027127,NonLethal,TwilightOrDawn,Yes,NoIntersection,Normal,Other,1,Friday,8,False,False
201800005548,NonLethal,NightStreelightsOn,Yes,NoIntersection,StrongWindOrStorm,Other,7,Sunday,2,True,True
201800000875,NonLethal,Daylight,Yes,NoIntersection,Normal,Other,3,Wednesday,20,False,False
201800033288,NonLethal,Daylight,Yes,NoIntersection,Normal,2Vehicles-Behind,3,Saturday,15,True,False
201800052714,NonLethal,NightStreelightsOn,Yes,NoIntersection,Normal,NoCollision,4,Friday,5,False,True
201800045624,NonLethal,Daylight,No,NoIntersection,Normal,Other,1,Tuesday,8,False,False
201800026112,NonLethal,Daylight,Yes,NoIntersection,Normal,Other,5,Wednesday,15,False,False
201800001453,NonLethal,Daylight,No,NoIntersection,Normal,Other,6,Saturday,19,True,False
201800038494,NonLethal,Daylight,Yes,NoIntersection,Normal,NoCollision,10,Friday,17,False,False
201800004217,NonLethal,Daylight,No,Y-type,Normal,2Vehicles-Behind,6,Sunday,12,True,False
201800035963,NonLethal,NightNoStreetLight,No,NoIntersection,Normal,2Vehicles-BehindVehicles-Frontal,9,Friday,2,False,True
201800048188,NonLethal,Daylight,Yes,NoIntersection,Normal,2Vehicles-BehindVehicles-Frontal,4,Saturday,10,True,False
201800003002,NonLethal,Daylight,No,NoIntersection,Normal,Other,5,Friday,17,False,False
201800028320,NonLethal,NightStreelightsOn,Yes,NoIntersection,Normal,2Vehicles-Behind,1,Tuesday,17,False,False
201800036693,NonLethal,Daylight,Yes,NoIntersection,LightRain,NoCollision,1,Saturday,14,True,False
201800056421,NonLethal,Daylight,No,NoIntersection,Normal,2Vehicles-BehindVehicles-Frontal,7,Wednesday,15,False,False
201800038198,NonLethal,Daylight,Yes,T-type,Normal,2Vehicles-Side,11,Sunday,10,True,False
201800035712,NonLethal,Daylight,Yes,NoIntersection,Normal,2Vehicles-Side,6,Thursday,16,False,False
201800021765,NonLethal,NightNoStreetLight,No,NoIntersection,LightRain,Other,8,Friday,6,False,True
201800021966,NonLethal,Daylight,Yes,NoIntersection,Normal,NoCollision,10,Saturday,12,True,False
201800015345,NonLethal,Daylight,No,NoIntersection,Normal,2Vehicles-Side,7,Saturday,21,True,False
201800025320,NonLethal,Daylight,Yes,T-type,Normal,Other,4,Thursday,17,False,False
201800053710,NonLethal,NightStreelightsOn,Yes,X-type,Normal,2Vehicles-Side,3,Friday,1,False,True
201800043745,NonLethal,Daylight,Yes,NoIntersection,Normal,Other,11,Saturday,17,True,False
201800036675,NonLethal,NightStreelightsOn,Yes,Square,Normal,Other,6,Saturday,0,True,True
201800021498,NonLethal,Daylight,Yes,Other,LightRain,Other,6,Monday,16,False,False
201800009936,NonLethal,Daylight,Yes,NoIntersection,Normal,2Vehicles-Behind,10,Thursday,17,False,False
201800049764,NonLethal,Daylight,No,NoIntersection,Normal,2Vehicles-Behind,3,Wednesday,8,False,False
201800027602,NonLethal,Daylight,No,NoIntersection,Normal,NoCollision,7,Saturday,19,True,False
201800024783,NonLethal,Daylight,Yes,T-type,LightRain,2Vehicles-Side,5,Thursday,14,False,False
201800021495,NonLethal,Daylight,Yes,Other,Overcast,3+Vehicles-Chain,5,Sunday,15,True,False
201800039902,NonLethal,Daylight,Yes,Other,Normal,Other,7,Wednesday,20,False,False
201800004316,NonLethal,Daylight,Yes,Other,Normal,2Vehicles-BehindVehicles-Frontal,4,Friday,19,False,False
201800005174,NonLethal,NightStreelightsOn,Yes,Other,LightRain,2Vehicles-Side,10,Wednesday,6,False,True