AccidentId,Gravity,Light,InAgglomeration,IntersectionType,Weather,CollisionType,Month,DayOfWeek,HourOfDay,IsWeekend,IsNight
201800012687,NonLethal,Daylight,No,NoIntersection,Normal,Other,2,Tuesday,13,False,False
201800002947,NonLethal,Daylight,No,T-type,Normal,Other,6,Tuesday,14,False,False
201800016297,Lethal,NightNoStreetLight,No,Y-type,Normal,Other,11,Saturday,17,True,False
201800043733,NonLethal,NightNoStreetLight,No,NoIntersection,Normal,2Vehicles-BehindVehicles-Frontal,10,Sunday,23,True,False
201800009969,NonLethal,Daylight,Yes,NoIntersection,Normal,3+Vehicles-Multiple,10,Tuesday,9,False,False
201800000092,NonLethal,Daylight,Yes,Y-type,Normal,NoCollision,7,Thursday,21,False,False
201800005442,NonLethal,Daylight,Yes,NoIntersection,Normal,Other,8,Monday,11,False,False
201800001157,NonLethal,NightStreelightsOn,Yes,NoIntersection,Normal,Other,8,Wednesday,5,False,True
201800053717,NonLethal,Daylight,Yes,Square,Normal,Other,3,Friday,11,False,False
201800045118,NonLethal,Daylight,No,NoIntersection,Normal,2Vehicles-Behind,2,Thursday,10,False,False
201800042876,NonLethal,Daylight,Yes,X-type,Normal,2Vehicles-Side,6,Wednesday,19,False,False
201800014909,NonLethal,NightStreelightsOn,Yes,Roundabout,Normal,2Vehicles-BehindVehicles-Frontal,2,Sunday,5,True,True
201800034522,NonLethal,Daylight,Yes,NoIntersection,Normal,Other,7,Friday,16,False,False
201800050915,NonLethal,Daylight,Yes,Y-type,Normal,2Vehicles-Side,8,Wednesday,14,False,False
201800029436,NonLethal,Daylight,Yes,NoIntersection,Normal,Other,12,Saturday,12,True,False
201800010697,NonLethal,Daylight,Yes,Other,Normal,Other,5,Wednesday,7,False,False
201800000845,NonLethal,Daylight,Yes,NoIntersection,LightRain,2Vehicles-Side,10,Monday,12,False,False
201800043227,NonLethal,Daylight,Yes,T-type,Normal,Other,6,Friday,7,False,False
201800011243,Lethal,Daylight,No,NoIntersection,Normal,3+Vehicles-Multiple,11,Monday,15,False,False
201800012205,NonLethal,NightStreelightsOn,Yes,T-type,Normal,NoCollision,8,Friday,23,False,False
201800023580,NonLethal,Daylight,No,NoIntersection,Normal,3+Vehicles-Multiple,5,Friday,13,False,False
201800033863,NonLethal,Daylight,Yes,T-type,Normal,2Vehicles-Side,10,Wednesday,18,False,False
201800027463,NonLethal,Daylight,Yes,NoIntersection,Normal,2Vehicles-Side,10,Wednesday,17,False,False
201800033692,NonLethal,Daylight,Yes,Roundabout,Normal,2Vehicles-Side,4,Sunday,11,True,False
201800014793,NonLethal,Daylight,No,NoIntersection,Normal,NoCollision,3,Thursday,15,False,False
201800006795,NonLethal,Daylight,Yes,NoIntersection,Normal,Other,5,Wednesday,9,False,False
201800056745,NonLethal,Daylight,Yes,T-type,Normal,2Vehicles-Side,10,Monday,9,False,False
201800018844,Lethal,Daylight,No,T-type,Normal,2Vehicles-BehindVehicles-Frontal,7,Monday,10,False,False
201800039507,NonLethal,Daylight,Yes,NoIntersection,Normal,Other,8,Wednesday,17,False,False
201800042027,NonLethal,Daylight,Yes,NoIntersection,Normal,2Vehicles-Behind,8,Thursday,11,False,False
201800044939,NonLethal,TwilightOrDawn,No,NoIntersection,Normal,2Vehicles-Behind,6,Saturday,5,True,True
201800011838,NonLethal,Daylight,Yes,NoIntersection,Normal,3+Vehicles-Multiple,7,Saturday,20,True,False
201800012717,NonLethal,Daylight,No,NoIntersection,Normal,2Vehicles-Side,8,Tuesday,14,False,False
201800030058,NonLethal,TwilightOrDawn,Yes,X-type,Normal,2Vehicles-Side,3,Thursday,19,False,False
201800035942,NonLethal,NightStreelightsOn,Yes,NoIntersection,LightRain,Other,10,Monday,8,False,False
201800016178,NonLethal,Daylight,Yes,NoIntersection,Normal,NoCollision,5,Sunday,15,True,False
201800021500,NonLethal,Daylight,Yes,NoIntersection,Normal,3+Vehicles-Chain,6,Saturday,21,True,False
201800019336,NonLethal,Daylight,Yes,Other,Normal,NoCollision,6,Sunday,10,True,False
201800056077,NonLethal,Daylight,Yes,Roundabout,Normal,Other,10,Friday,10,False,False
201800053356,NonLethal,Daylight,Yes,NoIntersection,Normal,2Vehicles-Side,5,Thursday,9,False,False
201800048917,NonLethal,NightStreelightsOn,No,NoIntersection,Normal,2Vehicles-Behind,9,Thursday,1,False,True
201800054254,NonLethal,Daylight,Yes,Y-type,LightRain,2Vehicles-Behind,11,Wednesday,12,False,False
201800029888,Lethal,Daylight,Yes,T-type,LightRain,Other,12,Saturday,16,True,False
201800042390,NonLethal,NightStreelightsOn,Yes,NoIntersection,Normal,Other,10,Saturday,20,True,False
201800015077,NonLethal,Daylight,Yes,NoIntersection,Normal,2Vehicles-BehindVehicles-Frontal,12,Saturday,17,True,False
201800025375,NonLethal,Daylight,Yes,NoIntersection,Overcast,NoCollision,10,Saturday,20,True,False
201800045322,NonLethal,Daylight,No,NoIntersection,Normal,2Vehicles-Behind,10,Saturday,18,True,False
201800014721,NonLethal,NightNoStreetLight,No,NoIntersection,Normal,Other,2,Monday,1,False,True
201800009608,NonLethal,Daylight,Yes,NoIntersection,Normal,3+Vehicles-Chain,8,Wednesday,11,False,False
201800006160,NonLethal,Daylight,No,NoIntersection,Normal,3+Vehicles-Chain,3,Wednesday,12,False,False
201800016747,NonLethal,Daylight,No,NoIntersection,Normal,Other,6,Friday,19,False,False
201800002558,NonLethal,NightStreelightsOff,Yes,NoIntersection,LightRain,2Vehicles-BehindVehicles-Frontal,1,Tuesday,5,False,True
201800023029,NonLethal,NightNoStreetLight,No,NoIntersection,Normal,3+Vehicles-Multiple,4,Friday,6,False,True
201800047446,NonLethal,Daylight,Yes,NoIntersection,Normal,2Vehicles-Behind,4,Sunday,16,True,False
201800002405,NonLethal,NightNoStreetLight,Yes,NoIntersection,Normal,2Vehicles-Side,12,Sunday,17,True,False
201800036918,NonLethal,Daylight,Yes,Y-type,Normal,2Vehicles-Behind,9,Thursday,19,False,False
201800034432,NonLethal,Daylight,Yes,NoIntersection,Normal,2Vehicles-BehindVehicles-Frontal,5,Friday,16,False,False
201800044051,NonLethal,Daylight,No,NoIntersection,Normal,3+Vehicles-Chain,12,Thursday,13,False,False
201800026766,NonLethal,Daylight,Yes,X-type,Normal,2Vehicles-Side,4,Sunday,18,True,False
201800033825,Lethal,NightStreelightsOn,Yes,T-type,Normal,3+Vehicles-Multiple,8,Sunday,0,True,True
201800021904,NonLethal,TwilightOrDawn,No,NoIntersection,FogOrSmoke,Other,10,Thursday,8,False,False
201800032913,NonLethal,NightStreelightsOn,Yes,Roundabout,HeavyRain,Other,1,Friday,17,False,False
201800008253,NonLethal,Daylight,No,NoIntersection,Normal,Other,1,Sunday,15,True,False
201800057557,NonLethal,Daylight,Yes,X-type,Normal,2Vehicles-Side,12,Friday,16,False,False
201800003138,NonLethal,Daylight,No,Roundabout,Normal,NoCollision,5,Friday,10,False,False
201800002954,NonLethal,Daylight,No,X-type,Normal,2Vehicles-Side,3,Monday,20,False,False
201800041714,NonLethal,NightStreelightsOn,Yes,Y-type,Overcast,Other,1,Monday,5,False,True
201800022227,NonLethal,Daylight,No,NoIntersection,Normal,NoCollision,6,Wednesday,17,False,False
201800021620,Lethal,Daylight,No,NoIntersection,Normal,2Vehicles-BehindVehicles-Frontal,8,Thursday,8,False,False
201800037356,NonLethal,Daylight,Yes,NoIntersection,Normal,Other,4,Friday,15,False,False
201800049423,NonLethal,Daylight,No,NoIntersection,Normal,2Vehicles-Behind,5,Tuesday,13,False,False
201800006012,NonLethal,NightNoStreetLight,No,Other,HeavyRain,Other,1,Wednesday,19,False,False
201800026539,NonLethal,TwilightOrDawn,Yes,X-type,Normal,Other,5,Sunday,20,True,False
201800028328,NonLethal,Daylight,Yes,NoIntersection,HeavyRain,2Vehicles-Behind,2,Monday,17,False,False
201800045902,NonLethal,Daylight,No,NoIntersection,Normal,Other,7,Friday,15,False,False
201800010318,NonLethal,NightNoStreetLight,No,Other,Normal,2Vehicles-Side,11,Wednesday,6,False,True
201800036312,Lethal,NightStreelightsOn,Yes,NoIntersection,Normal,Other,5,Thursday,20,False,False
201800027573,NonLethal,NightStreelightsOn,Yes,NoIntersection,Normal,2Vehicles-Side,12,Friday,20,False,False
201800050284,NonLethal,Daylight,Yes,NoIntersection,Normal,Other,6,Thursday,9,False,False
201800010918,NonLethal,Daylight,No,T-type,VeryGood,2Vehicles-Side,3,Tuesday,8,False,False
201800005819,NonLethal,Daylight,Yes,NoIntersection,Normal,2Vehicles-Behind,12,Monday,17,False,False
201800032516,NonLethal,Daylight,Yes,NoIntersection,VeryGood,Other,7,Wednesday,17,False,False
201800034880,NonLethal,Daylight,Yes,MoreThan4Branches,Normal,Other,7,Wednesday,8,False,False
201800037256,NonLethal,TwilightOrDawn,Yes,X-type,Normal,2Vehicles-Behind,8,Wednesday,20,False,False
201800032335,NonLethal,Daylight,Yes,NoIntersection,Normal,2Vehicles-Behind,10,Monday,7,False,False
201800033435,NonLethal,Daylight,Yes,X-type,StrongWindOrStorm,2Vehicles-Side,2,Monday,12,False,False
201800046054,NonLethal,Daylight,No,NoIntersection,Normal,2Vehicles-Side,8,Tuesday,14,False,False
201800008277,NonLethal,Daylight,No,NoIntersection,Normal,Other,12,Saturday,14,True,False
201800015721,NonLethal,Daylight,No,NoIntersection,Normal,3+Vehicles-Multiple,9,Tuesday,19,False,False
201800043291,NonLethal,Daylight,Yes,T-type,LightRain,2Vehicles-Side,11,Thursday,15,False,False
201800011606,NonLethal,Daylight,No,NoIntersection,Normal,Other,6,Monday,10,False,False
201800050743,NonLethal,NightStreelightsOn,Yes,NoIntersection,Normal,2Vehicles-Behind,10,Tuesday,18,False,False
201800006408,Lethal,NightNoStreetLight,No,NoIntersection,Normal,Other,1,Saturday,22,True,False
201800033294,NonLethal,NightStreelightsOn,Yes,NoIntersection,HeavyRain,Other,4,Sunday,21,True,False
201800006066,NonLethal,NightNoStreetLight,No,NoIntersection,HeavyRain,2Vehicles-Side,1,Friday,19,False,False
201800011064,Lethal,Daylight,No,NoIntersection,LightRain,Other,12,Saturday,15,True,False
201800044647,NonLethal,NightNoStreetLight,No,NoIntersection,Normal,3+Vehicles-Multiple,2,Saturday,19,True,False
201800005488,NonLethal,Daylight,Yes,NoIntersection,Normal,2Vehicles-BehindVehicles-Frontal,11,Friday,9,False,False
201800008464,NonLethal,Daylight,Yes,T-type,Normal,Other,2,Monday,14,False,False
201800019875,NonLethal,Daylight,Yes,NoIntersection,Normal,2Vehicles-Side,8,Saturday,12,True,False
201800030330,NonLethal,Daylight,Yes,NoIntersection,HeavyRain,Other,11,Monday,16,False,False
201800011989,NonLethal,Daylight,No,NoIntersection,Normal,3+Vehicles-Multiple,2,Thursday,19,False,False
201800000800,NonLethal,Daylight,No,NoIntersection,LightRain,2Vehicles-BehindVehicles-Frontal,3,Friday,12,False,False
201800001065,NonLethal,TwilightOrDawn,Yes,T-type,Normal,Other,10,Saturday,18,True,False
201800018034,Lethal,Daylight,No,NoIntersection,Normal,Other,7,Sunday,19,True,False
201800036595,NonLethal,Daylight,Yes,NoIntersection,Overcast,Other,5,Wednesday,17,False,False
201800006143,NonLethal,Daylight,No,NoIntersection,Normal,2Vehicles-Behind,7,Saturday,17,True,False
201800029369,NonLethal,Daylight,No,NoIntersection,Normal,2Vehicles-Side,5,Sunday,8,True,False
201800012607,Lethal,TwilightOrDawn,Yes,NoIntersection,Normal,Other,9,Sunday,5,True,True
201800020755,NonLethal,Daylight,Yes,NoIntersection,Normal,2Vehicles-BehindVehicles-Frontal,9,Sunday,12,True,False
201800047071,NonLethal,Daylight,No,NoIntersection,LightRain,Other,11,Sunday,16,True,False
201800026588,NonLethal,Daylight,Yes,NoIntersection,Normal,Other,2,Saturday,13,True,False
201800039091,NonLethal,Daylight,Yes,T-type,Normal,2Vehicles-Side,9,Sunday,10,True,False
201800008492,NonLethal,NightStreelightsOn,Yes,NoIntersection,Normal,2Vehicles-Behind,2,Friday,0,False,True
201800004066,NonLethal,Daylight,No,NoIntersection,Normal,3+Vehicles-Multiple,7,Thursday,16,False,False
201800013112,NonLethal,NightNoStreetLight,Yes,T-type,Normal,Other,10,Tuesday,7,False,False
201800033806,NonLethal,NightStreelightsOn,Yes,X-type,Normal,2Vehicles-Side,6,Saturday,5,True,True
201800007858,Lethal,Daylight,No,NoIntersection,Normal,NoCollision,11,Wednesday,16,False,False
201800032904,NonLethal,NightStreelightsOn,Yes,T-type,Normal,Other,12,Saturday,7,True,False
201800011649,NonLethal,Daylight,Yes,T-type,Normal,2Vehicles-Side,8,Tuesday,12,False,False
201800012281,NonLethal,Daylight,No,NoIntersection,Normal,2Vehicles-BehindVehicles-Frontal,3,Thursday,19,False,False
201800016901,NonLethal,Daylight,No,NoIntersection,Normal,NoCollision,9,Sunday,17,True,False
201800009365,NonLethal,Daylight,Yes,X-type,Normal,2Vehicles-Side,7,Friday,17,False,False
201800046087,NonLethal,Daylight,No,NoIntersection,Normal,2Vehicles-Behind,9,Sunday,13,True,False
201800052344,NonLethal,NightStreelightsOn,Yes,T-type,Other,NoCollision,2,Sunday,22,True,False
201800024915,NonLethal,NightStreelightsOn,Yes,X-type,HeavyRain,2Vehicles-Side,9,Friday,3,False,True
201800016608,NonLethal,Daylight,No,NoIntersection,Normal,3+Vehicles-Multiple,12,Saturday,10,True,False
201800000310,NonLethal,NightStreelightsOn,Yes,NoIntersection,Normal,Other,2,Sunday,5,True,True
201800043139,NonLethal,NightNoStreetLight,Yes,T-type,Normal,2Vehicles-Side,7,Wednesday,3,False,True
201800042283,NonLethal,Daylight,Yes,T-type,Normal,2Vehicles-BehindVehicles-Frontal,5,Wednesday,12,False,False
201800018752,NonLethal,NightNoStreetLight,No,NoIntersection,Normal,Other,10,Thursday,21,False,False
201800016966,NonLethal,NightNoStreetLight,No,NoIntersection,Normal,Other,4,Sunday,6,True,True
201800036995,NonLethal,Daylight,Yes,NoIntersection,Normal,Other,6,Tuesday,15,False,False
201800052901,NonLethal,NightNoStreetLight,Yes,X-type,Normal,2Vehicles-Side,12,Sunday,20,True,False
201800027592,NonLethal,Daylight,Yes,NoIntersection,Normal,2Vehicles-Side,5,Friday,18,False,False
201800023346,Lethal,Daylight,Yes,X-type,Normal,2Vehicles-Side,11,Tuesday,14,False,False
201800003058,NonLethal,Daylight,No,NoIntersection,Normal,Other,6,Saturday,13,True,False
201800027922,NonLethal,Daylight,Yes,NoIntersection,Normal,Other,10,Saturday,10,True,False
201800020703,NonLethal,Daylight,Yes,X-type,VeryGood,2Vehicles-Side,2,Monday,8,False,False
201800027605,NonLethal,Daylight,Yes,Roundabout,Normal,2Vehicles-Side,8,Saturday,10,True,False
201800037584,NonLethal,Daylight,Yes,NoIntersection,Normal,NoCollision,4,Wednesday,16,False,False
201800024639,NonLethal,Daylight,Yes,NoIntersection,Normal,2Vehicles-Behind,2,Tuesday,14,False,False
201800012542,NonLethal,TwilightOrDawn,Yes,NoIntersection,Normal,NoCollision,3,Tuesday,19,False,False
201800055348,NonLethal,Daylight,Yes,NoIntersection,Normal,2Vehicles-Behind,4,Friday,13,False,False
201800040666,NonLethal,Daylight,Yes,T-type,Normal,2Vehicles-Side,4,Wednesday,14,False,False
201800028116,NonLethal,Daylight,Yes,NoIntersection,Normal,2Vehicles-Behind,9,Wednesday,8,False,False
201800010124,NonLethal,Daylight,Yes,X-type,Normal,2Vehicles-Side,11,Wednesday,8,False,False
201800026458,NonLethal,NightStreelightsOn,Yes,NoIntersection,Normal,NoCollision,11,Tuesday,20,False,False
201800040885,NonLethal,NightStreelightsOn,Yes,NoIntersection,Normal,Other,6,Monday,21,False,False
201800017224,Lethal,NightNoStreetLight,No,NoIntersection,Normal,NoCollision,4,Thursday,20,False,False
201800001522,Lethal,Daylight,No,NoIntersection,Normal,3+Vehicles-Multiple,4,Tuesday,17,False,False
201800025377,NonLethal,Daylight,Yes,NoIntersection,Normal,2Vehicles-BehindVehicles-Frontal,6,Monday,19,False,False
201800055976,Lethal,NightNoStreetLight,No,Roundabout,Normal,Other,5,Thursday,0,False,True
201800040959,NonLethal,NightStreelightsOn,Yes,NoIntersection,Normal,Other,10,Wednesday,21,False,False
201800007970,Lethal,Daylight,No,NoIntersection,Normal,2Vehicles-BehindVehicles-Frontal,3,Tuesday,17,False,False
201800031326,Lethal,NightStreelightsOn,No,NoIntersection,Normal,NoCollision,7,Tuesday,0,False,True
201800021477,NonLethal,Daylight,No,X-type,Normal,2Vehicles-Side,1,Friday,11,False,False
201800018265,NonLethal,Daylight,No,NoIntersection,Normal,2Vehicles-BehindVehicles-Frontal,5,Sunday,15,True,False
201800025360,NonLethal,Daylight,Yes,NoIntersection,Normal,NoCollision,5,Thursday,17,False,False
201800043125,NonLethal,Daylight,Yes,NoIntersection,Normal,Other,5,Saturday,12,True,False
201800026213,NonLethal,Daylight,Yes,NoIntersection,Normal,Other,8,Friday,8,False,False
201800000464,NonLethal,Daylight,Yes,NoIntersection,Normal,2Vehicles-BehindVehicles-Frontal,7,Tuesday,8,False,False
201800036928,NonLethal,NightStreelightsOn,Yes,Roundabout,LightRain,Other,5,Saturday,23,True,False
201800039301,NonLethal,Daylight,Yes,Other,Overcast,Other,9,Thursday,14,False,False
201800030163,NonLethal,Daylight,Yes,NoIntersection,Normal,2Vehicles-Behind,10,Wednesday,10,False,False
201800038149,NonLethal,Daylight,Yes,NoIntersection,Normal,Other,10,Tuesday,8,False,False
201800021041,NonLethal,Daylight,Yes,T-type,Normal,3+Vehicles-Multiple,9,Tuesday,18,False,False
201800037826,NonLethal,Daylight,Yes,NoIntersection,Normal,Other,6,Thursday,14,False,False
201800020505,Lethal,TwilightOrDawn,No,NoIntersection,Normal,Other,7,Sunday,6,True,True
201800036982,NonLethal,NightNoStreetLight,Yes,NoIntersection,Normal,2Vehicles-Behind,4,Sunday,21,True,False
201800032745,NonLethal,Daylight,No,NoIntersection,Normal,NoCollision,9,Thursday,15,False,False
201800025853,NonLethal,Daylight,Yes,NoIntersection,Normal,2Vehicles-Side,4,Monday,17,False,False
201800011981,NonLethal,Daylight,Yes,NoIntersection,Normal,Other,10,Saturday,17,True,False
201800043739,NonLethal,Daylight,Yes,NoIntersection,Overcast,2Vehicles-Side,11,Saturday,12,True,False
201800040709,NonLethal,Daylight,Yes,NoIntersection,LightRain,Other,9,Friday,9,False,False
201800013547,NonLethal,Daylight,No,NoIntersection,Normal,Other,3,Friday,16,False,False
201800028074,NonLethal,Daylight,Yes,Other,Normal,2Vehicles-Side,8,Friday,12,False,False
201800035765,NonLethal,NightNoStreetLight,Yes,T-type,LightRain,2Vehicles-Side,12,Sunday,17,True,False
201800037727,NonLethal,Daylight,Yes,T-type,Normal,2Vehicles-Side,9,Thursday,15,False,False
201800009593,NonLethal,Daylight,Yes,T-type,Normal,2Vehicles-Side,8,Monday,12,False,False
201800011138,NonLethal,Daylight,No,NoIntersection,Normal,Other,1,Friday,12,False,False
201800000690,NonLethal,Daylight,Yes,Roundabout,Normal,2Vehicles-Side,8,Monday,14,False,False
201800052149,NonLethal,Daylight,Yes,NoIntersection,Normal,Other,2,Friday,16,False,False
201800011949,NonLethal,Daylight,No,NoIntersection,Normal,2Vehicles-BehindVehicles-Frontal,12,Friday,18,False,False
201800003577,NonLethal,NightNoStreetLight,No,NoIntersection,Normal,2Vehicles-BehindVehicles-Frontal,6,Saturday,0,True,True
201800041733,NonLethal,Daylight,Yes,NoIntersection,LightRain,Other,3,Tuesday,18,False,False
201800024036,Lethal,Daylight,Yes,X-type,Normal,NoCollision,10,Tuesday,15,False,False
201800046316,NonLethal,Daylight,No,NoIntersection,Normal,Other,12,Tuesday,11,False,False
201800036785,NonLethal,Daylight,Yes,T-type,Normal,2Vehicles-Side,9,Monday,11,False,False
201800011102,NonLethal,Daylight,Yes,NoIntersection,Normal,Other,5,Tuesday,12,False,False
201800042496,NonLethal,NightStreelightsOn,Yes,NoIntersection,Normal,2Vehicles-Side,8,Sunday,0,True,True
201800025295,NonLethal,Daylight,Yes,NoIntersection,Normal,Other,4,Monday,14,False,False
201800028918,NonLethal,Daylight,Yes,NoIntersection,Normal,2Vehicles-Side,4,Monday,20,False,False
201800024619,NonLethal,NightNoStreetLight,Yes,T-type,Normal,2Vehicles-Side,1,Tuesday,18,False,False
201800015548,NonLethal,Daylight,No,NoIntersection,Normal,Other,8,Wednesday,19,False,False
201800038345,NonLethal,NightStreelightsOn,Yes,X-type,Normal,Other,11,Monday,19,False,False
201800003788,NonLethal,TwilightOrDawn,Yes,NoIntersection,LightRain,2Vehicles-Side,8,Friday,20,False,False
201800042909,NonLethal,TwilightOrDawn,Yes,NoIntersection,Normal,2Vehicles-Behind,9,Monday,19,False,False
201800004411,NonLethal,Daylight,Yes,NoIntersection,Normal,3+Vehicles-Chain,2,Friday,17,False,False
201800028457,NonLethal,Daylight,Yes,NoIntersection,Normal,Other,6,Monday,12,False,False
201800039995,NonLethal,Daylight,Yes,Other,Normal,Other,6,Saturday,18,True,False
201800044770,NonLethal,NightNoStreetLight,No,NoIntersection,Normal,Other,4,Friday,22,False,False
201800008470,NonLethal,NightStreelightsOn,Yes,NoIntersection,LightRain,2Vehicles-BehindVehicles-Frontal,6,Saturday,21,True,False
201800029057,NonLethal,Daylight,Yes,NoIntersection,LightRain,Other,3,Wednesday,17,False,False
201800018311,NonLethal,NightNoStreetLight,No,Roundabout,Normal,Other,9,Saturday,1,True,True
201800037065,NonLethal,NightNoStreetLight,Yes,NoIntersection,Normal,2Vehicles-Side,3,Saturday,19,True,False
201800000782,NonLethal,NightStreelightsOn,Yes,NoIntersection,Normal,Other,1,Sunday,1,True,True
201800034925,NonLethal,NightStreelightsOn,Yes,NoIntersection,Normal,Other,12,Friday,19,False,False
201800023257,NonLethal,Daylight,Yes,NoIntersection,Normal,Other,9,Tuesday,15,False,False
201800006709,NonLethal,Daylight,No,NoIntersection,Normal,Other,4,Tuesday,8,False,False
201800005067,NonLethal,Daylight,Yes,NoIntersection,Normal,Other,4,Tuesday,15,False,False
201800055558,NonLethal,Daylight,Yes,Y-type,Normal,Other,8,Wednesday,16,False,False
201800052712,NonLethal,TwilightOrDawn,Yes,X-type,Normal,Other,4,Wednesday,6,False,True
201800056747,NonLethal,Daylight,Yes,NoIntersection,Normal,2Vehicles-BehindVehicles-Frontal,10,Wednesday,7,False,False
201800032269,NonLethal,Daylight,Yes,NoIntersection,Normal,Other,1,Wednesday,14,False,False
201800033730,NonLethal,Daylight,Yes,NoIntersection,Normal,Other,2,Saturday,16,True,False
201800055632,NonLethal,Daylight,Yes,NoIntersection,Normal,2Vehicles-Behind,4,Tuesday,15,False,False
201800009971,NonLethal,Daylight,Yes,T-type,Normal,2Vehicles-Behind,10,Tuesday,10,False,False
201800036004,NonLethal,Daylight,Yes,T-type,Normal,2Vehicles-Side,2,Friday,15,False,False
201800014814,NonLethal,NightNoStreetLight,No,NoIntersection,LightRain,Other,11,Friday,22,False,False
201800024603,NonLethal,NightStreelightsOn,Yes,X-type,Normal,3+Vehicles-Chain,1,Friday,18,False,False
201800032196,NonLethal,Daylight,Yes,NoIntersection,Normal,2Vehicles-Side,6,Tuesday,16,False,False
201800054288,NonLethal,Daylight,Yes,Y-type,Normal,Other,11,Monday,10,False,False
201800004172,NonLethal,Daylight,No,NoIntersection,Normal,2Vehicles-BehindVehicles-Frontal,8,Sunday,13,True,False
201800006032,NonLethal,TwilightOrDawn,No,NoIntersection,HeavyRain,Other,11,Wednesday,8,False,False
201800000193,NonLethal,Daylight,No,X-type,VeryGood,2Vehicles-Side,5,Tuesday,18,False,False
201800043272,NonLethal,Daylight,Yes,Other,Normal,2Vehicles-BehindVehicles-Frontal,12,Monday,17,False,False
201800057422,NonLethal,Daylight,Yes,NoIntersection,Normal,2Vehicles-Side,12,Monday,15,False,False
201800026914,NonLethal,Daylight,Yes,Y-type,VeryGood,2Vehicles-Behind,10,Tuesday,9,False,False
201800049687,NonLethal,NightNoStreetLight,No,NoIntersection,Normal,Other,2,Saturday,22,True,False
201800034555,NonLethal,Daylight,Yes,NoIntersection,Normal,NoCollision,9,Thursday,14,False,False
201800032801,NonLethal,NightNoStreetLight,No,NoIntersection,SnowOrHail,Other,12,Saturday,8,True,False
201800013311,NonLethal,Daylight,No,NoIntersection,Normal,2Vehicles-BehindVehicles-Frontal,9,Thursday,8,False,False
201800031830,NonLethal,NightStreelightsOn,Yes,NoIntersection,Normal,2Vehicles-BehindVehicles-Frontal,7,Monday,23,False,False
201800006131,NonLethal,NightNoStreetLight,No,NoIntersection,Normal,2Vehicles-BehindVehicles-Frontal,4,Monday,1,False,True
201800003263,Lethal,Daylight,No,NoIntersection,Normal,2Vehicles-BehindVehicles-Frontal,7,Friday,14,False,False
201800011671,NonLethal,Daylight,No,T-type,Normal,2Vehicles-Side,6,Thursday,10,False,False
201800023420,NonLethal,NightNoStreetLight,No,NoIntersection,Normal,3+Vehicles-Chain,1,Wednesday,18,False,False
201800027958,NonLethal,Daylight,Yes,NoIntersection,LightRain,2Vehicles-Behind,3,Friday,11,False,False
201800054068,NonLethal,TwilightOrDawn,Yes,MoreThan4Branches,Normal,Other,4,Thursday,19,False,False
201800026991,Lethal,Daylight,Yes,Other,Normal,2Vehicles-Side,11,Tuesday,16,False,False
201800012674,NonLethal,NightStreelightsOff,Yes,NoIntersection,Normal,Other,6,Tuesday,0,False,True
201800056924,NonLethal,Daylight,Yes,NoIntersection,LightRain,Other,4,Monday,17,False,False
201800016390,NonLethal,Daylight,Yes,NoIntersection,LightRain,NoCollision,4,Wednesday,9,False,False
201800041026,NonLethal,TwilightOrDawn,Yes,NoIntersection,Normal,Other,5,Saturday,21,True,False
201800007611,NonLethal,Daylight,Yes,T-type,HeavyRain,2Vehicles-Side,5,Monday,13,False,False
201800049699,NonLethal,Daylight,No,NoIntersection,Normal,2Vehicles-Side,2,Friday,14,False,False
201800018563,NonLethal,TwilightOrDawn,Yes,T-type,Normal,2Vehicles-Side,9,Saturday,18,True,False
201800038964,NonLethal,Daylight,Yes,NoIntersection,Normal,2Vehicles-Behind,10,Monday,9,False,False
201800045869,NonLethal,NightStreelightsOn,No,Other,Normal,Other,5,Wednesday,1,False,True
201800001616,NonLethal,NightNoStreetLight,Yes,NoIntersection,Normal,NoCollision,10,Saturday,22,True,False
201800020917,NonLethal,Daylight,Yes,NoIntersection,VeryGood,Other,3,Wednesday,11,False,False
201800012909,NonLethal,Daylight,Yes,Square,LightRain,Other,7,Wednesday,9,False,False
201800036871,NonLethal,TwilightOrDawn,Yes,NoIntersection,Normal,Other,10,Tuesday,7,False,False
201800040979,NonLethal,NightStreelightsOn,Yes,T-type,Overcast,Other,11,Tuesday,17,False,False
201800055092,NonLethal,Daylight,Yes,Y-type,Normal,Other,8,Friday,12,False,False
201800056655,NonLethal,NightStreelightsOn,No,NoIntersection,LightRain,2Vehicles-BehindVehicles-Frontal,11,Saturday,23,True,False
201800022510,NonLethal,Daylight,No,Roundabout,Normal,2Vehicles-Side,6,Monday,11,False,False
201800007367,NonLethal,Daylight,No,NoIntersection,Normal,Other,7,Friday,6,False,True
201800019592,NonLethal,NightNoStreetLight,Yes,Roundabout,Normal,2Vehicles-Side,1,Wednesday,6,False,True
201800052067,NonLethal,Daylight,Yes,T-type,Normal,2Vehicles-Side,6,Sunday,10,True,False
201800003314,NonLethal,Daylight,No,Other,Normal,2Vehicles-Side,6,Saturday,11,True,False
201800011944,NonLethal,Daylight,Yes,NoIntersection,Normal,Other,1,Tuesday,15,False,False
201800056232,NonLethal,Daylight,No,NoIntersection,Normal,3+Vehicles-Chain,7,Sunday,7,True,False
201800003216,NonLethal,TwilightOrDawn,No,NoIntersection,Normal,NoCollision,8,Friday,7,False,False