AccidentId,Gravity,Light,InAgglomeration,IntersectionType,Weather,CollisionType,Month,DayOfWeek,HourOfDay,IsWeekend,IsNight
201800055918,NonLethal,Daylight,No,NoIntersection,Normal,2Vehicles-Side,7,Saturday,12,True,False
201800042050,NonLethal,Daylight,Yes,NoIntersection,Normal,Other,6,Monday,13,False,False
201800031384,NonLethal,Daylight,No,NoIntersection,Normal,2Vehicles-Side,12,Tuesday,13,False,False
201800021688,NonLethal,Daylight,No,NoIntersection,Overcast,2Vehicles-Side,9,Sunday,9,True,False
201800005567,NonLethal,TwilightOrDawn,Yes,NoIntersection,Normal,3+Vehicles-Multiple,1,Tuesday,17,False,False
201800005968,NonLethal,Daylight,No,NoIntersection,Normal,Other,5,Thursday,15,False,False
201800013721,Lethal,NightStreelightsOn,No,NoIntersection,Normal,2Vehicles-BehindVehicles-Frontal,4,Thursday,19,False,False
201800016911,NonLethal,TwilightOrDawn,No,NoIntersection,Normal,2Vehicles-BehindVehicles-Frontal,8,Friday,19,False,False
201800011428,NonLethal,NightNoStreetLight,No,NoIntersection,LightRain,NoCollision,12,Thursday,7,False,False
201800009467,NonLethal,Daylight,Yes,NoIntersection,Normal,Other,1,Monday,19,False,False
201800051240,NonLethal,Daylight,Yes,Square,Normal,Other,10,Thursday,13,False,False
201800014951,Lethal,Daylight,No,X-type,Normal,2Vehicles-Side,12,Saturday,9,True,False
201800045120,NonLethal,Daylight,No,NoIntersection,Normal,3+Vehicles-Chain,4,Sunday,11,True,False
201800022674,NonLethal,NightNoStreetLight,No,X-type,Normal,2Vehicles-BehindVehicles-Frontal,9,Saturday,22,True,False
201800037438,NonLethal,Daylight,Yes,X-type,Normal,2Vehicles-Side,5,Sunday,20,True,False
201800055917,NonLethal,Daylight,No,X-type,Normal,2Vehicles-Side,7,Saturday,14,True,False
201800036699,NonLethal,NightStreelightsOn,No,NoIntersection,Normal,Other,2,Saturday,0,True,True
201800006188,NonLethal,NightNoStreetLight,No,NoIntersection,Normal,3+Vehicles-Multiple,10,Wednesday,6,False,True
201800005255,NonLethal,Daylight,Yes,Other,Normal,Other,6,Tuesday,19,False,False
201800049818,NonLethal,NightNoStreetLight,No,NoIntersection,Normal,2Vehicles-Behind,1,Friday,4,False,True
201800031327,NonLethal,Daylight,Yes,NoIntersection,Normal,Other,3,Saturday,15,True,False
201800056419,NonLethal,NightNoStreetLight,No,NoIntersection,LightRain,Other,2,Tuesday,0,False,True
201800038707,NonLethal,Daylight,Yes,LevelCrossing,Normal,2Vehicles-Side,7,Monday,10,False,False
201800004367,NonLethal,Daylight,Yes,NoIntersection,Normal,2Vehicles-BehindVehicles-Frontal,8,Saturday,11,True,False
201800028993,NonLethal,Daylight,Yes,Roundabout,Normal,2Vehicles-Side,2,Thursday,15,False,False
201800041454,NonLethal,Daylight,Yes,T-type,Normal,2Vehicles-Behind,6,Monday,18,False,False
201800052322,NonLethal,Daylight,Yes,X-type,Normal,Other,1,Friday,8,False,False
201800008498,NonLethal,NightNoStreetLight,Yes,NoIntersection,Normal,2Vehicles-Behind,2,Friday,22,False,False
201800030733,NonLethal,Daylight,Yes,NoIntersection,Normal,Other,1,Wednesday,8,False,False
201800036534,NonLethal,Daylight,Yes,NoIntersection,Normal,Other,5,Thursday,19,False,False
201800022741,NonLethal,NightNoStreetLight,No,T-type,LightRain,Other,11,Saturday,2,True,True
201800018272,NonLethal,Daylight,Yes,NoIntersection,HeavyRain,Other,7,Friday,15,False,False
201800035806,NonLethal,Daylight,Yes,NoIntersection,Normal,2Vehicles-Behind,9,Wednesday,17,False,False
201800023062,NonLethal,Daylight,Yes,NoIntersection,Normal,Other,9,Wednesday,15,False,False
201800025778,NonLethal,TwilightOrDawn,Yes,NoIntersection,HeavyRain,3+Vehicles-Multiple,12,Thursday,18,False,False
201800033844,NonLethal,Daylight,No,NoIntersection,Normal,NoCollision,9,Friday,19,False,False
201800020966,NonLethal,NightStreelightsOn,Yes,T-type,Normal,Other,3,Friday,21,False,False
201800025283,NonLethal,Daylight,Yes,NoIntersection,Normal,3+Vehicles-Chain,4,Tuesday,8,False,False
201800051989,NonLethal,Daylight,Yes,Y-type,Normal,Other,11,Sunday,11,True,False
201800057082,NonLethal,Daylight,Yes,NoIntersection,Normal,2Vehicles-Behind,10,Monday,11,False,False
201800026027,NonLethal,Daylight,Yes,NoIntersection,Normal,Other,8,Wednesday,16,False,False
201800035625,NonLethal,NightStreelightsOn,Yes,T-type,Normal,2Vehicles-Side,3,Sunday,18,True,False
201800052142,NonLethal,Daylight,Yes,Y-type,Normal,2Vehicles-Side,8,Sunday,14,True,False
201800010806,NonLethal,Daylight,No,X-type,Normal,2Vehicles-Side,8,Monday,8,False,False
201800026753,NonLethal,Daylight,Yes,X-type,Normal,2Vehicles-Side,3,Tuesday,12,False,False
201800007340,NonLethal,Daylight,Yes,Other,LightRain,2Vehicles-Side,6,Wednesday,20,False,False
201800006963,NonLethal,NightStreelightsOn,Yes,T-type,LightRain,NoCollision,2,Monday,20,False,False
201800034285,Lethal,Daylight,No,NoIntersection,Normal,Other,5,Monday,19,False,False
201800011214,NonLethal,NightStreelightsOn,Yes,NoIntersection,Overcast,NoCollision,1,Wednesday,20,False,False
201800056385,NonLethal,TwilightOrDawn,Yes,NoIntersection,Normal,Other,2,Monday,19,False,False
201800016210,NonLethal,Daylight,Yes,NoIntersection,VeryGood,2Vehicles-BehindVehicles-Frontal,7,Monday,11,False,False
201800057124,NonLethal,NightStreelightsOn,Yes,NoIntersection,Normal,2Vehicles-Side,12,Tuesday,18,False,False
201800007957,NonLethal,Daylight,Yes,Roundabout,Normal,NoCollision,10,Wednesday,13,False,False
201800043516,NonLethal,Daylight,Yes,NoIntersection,Overcast,2Vehicles-Side,1,Tuesday,14,False,False
201800011022,NonLethal,Daylight,Yes,NoIntersection,Overcast,2Vehicles-Behind,1,Monday,14,False,False
201800040916,NonLethal,Daylight,Yes,Y-type,Normal,2Vehicles-Side,7,Monday,17,False,False
201800032494,Lethal,Daylight,Yes,NoIntersection,Normal,Other,6,Saturday,12,True,False
201800026561,NonLethal,Daylight,Yes,NoIntersection,Normal,Other,7,Sunday,12,True,False
201800032238,NonLethal,NightStreelightsOn,Yes,T-type,LightRain,2Vehicles-Behind,2,Saturday,5,True,True
201800057128,NonLethal,NightNoStreetLight,Yes,NoIntersection,Normal,2Vehicles-BehindVehicles-Frontal,7,Thursday,20,False,False
201800035075,NonLethal,Daylight,Yes,NoIntersection,Normal,Other,6,Saturday,19,True,False
201800013955,NonLethal,Daylight,No,X-type,Normal,2Vehicles-Side,10,Sunday,9,True,False
201800028737,NonLethal,Daylight,Yes,T-type,Normal,NoCollision,5,Friday,18,False,False
201800023383,NonLethal,Daylight,No,NoIntersection,Normal,3+Vehicles-Multiple,6,Tuesday,12,False,False
201800032037,NonLethal,NightStreelightsOn,Yes,NoIntersection,LightRain,2Vehicles-Behind,12,Thursday,18,False,False
201800004284,NonLethal,Daylight,No,NoIntersection,Normal,NoCollision,7,Sunday,6,True,True
201800017933,NonLethal,Daylight,No,NoIntersection,Normal,2Vehicles-BehindVehicles-Frontal,7,Sunday,21,True,False
201800038175,NonLethal,Daylight,Yes,X-type,Normal,2Vehicles-Side,12,Wednesday,12,False,False
201800050461,NonLethal,NightStreelightsOn,Yes,Y-type,Overcast,Other,6,Friday,22,False,False
201800000876,NonLethal,Daylight,No,NoIntersection,Normal,NoCollision,8,Tuesday,19,False,False
201800005687,NonLethal,NightStreelightsOn,Yes,NoIntersection,Normal,Other,5,Sunday,23,True,False
201800040190,NonLethal,NightStreelightsOn,Yes,T-type,Normal,2Vehicles-Side,5,Wednesday,23,False,False
201800052977,NonLethal,Daylight,Yes,X-type,Normal,Other,4,Friday,19,False,False
201800055858,NonLethal,Daylight,No,NoIntersection,Normal,Other,7,Friday,13,False,False
201800005373,NonLethal,Daylight,Yes,T-type,Normal,2Vehicles-Side,4,Saturday,12,True,False
201800010293,NonLethal,Daylight,Yes,NoIntersection,Normal,Other,7,Wednesday,15,False,False
201800027711,NonLethal,Daylight,Yes,T-type,Normal,NoCollision,3,Friday,17,False,False
201800008989,NonLethal,NightStreelightsOn,Yes,NoIntersection,Normal,2Vehicles-Behind,5,Saturday,21,True,False
201800007473,NonLethal,Daylight,Yes,Roundabout,LightRain,NoCollision,2,Monday,9,False,False
201800049494,NonLethal,Daylight,No,Other,Normal,2Vehicles-Side,10,Wednesday,11,False,False
201800051639,NonLethal,TwilightOrDawn,Yes,MoreThan4Branches,Normal,NoCollision,1,Thursday,17,False,False
201800006292,NonLethal,Daylight,No,Roundabout,Normal,NoCollision,8,Wednesday,7,False,False
201800013663,NonLethal,NightStreelightsOn,Yes,X-type,LightRain,2Vehicles-Side,8,Sunday,2,True,True
201800031506,NonLethal,TwilightOrDawn,No,NoIntersection,Normal,NoCollision,7,Wednesday,6,False,True
201800029384,NonLethal,TwilightOrDawn,Yes,X-type,LightRain,2Vehicles-Side,11,Saturday,7,True,False
201800054876,NonLethal,Daylight,Yes,X-type,Normal,2Vehicles-Side,11,Sunday,10,True,False
201800037126,NonLethal,NightStreelightsOn,Yes,NoIntersection,Normal,3+Vehicles-Chain,11,Tuesday,19,False,False
201800054332,NonLethal,Daylight,Yes,NoIntersection,Normal,Other,2,Monday,10,False,False
201800051676,NonLethal,Daylight,Yes,NoIntersection,Normal,2Vehicles-Side,12,Monday,9,False,False
201800043933,NonLethal,Daylight,No,NoIntersection,Normal,2Vehicles-Behind,4,Thursday,9,False,False
201800013892,NonLethal,Daylight,No,NoIntersection,Normal,Other,5,Monday,9,False,False
201800052589,NonLethal,Daylight,Yes,X-type,HeavyRain,NoCollision,11,Saturday,15,True,False
201800049022,NonLethal,Daylight,No,NoIntersection,LightRain,2Vehicles-Side,7,Tuesday,19,False,False
201800046352,NonLethal,NightNoStreetLight,No,NoIntersection,Overcast,2Vehicles-Behind,1,Sunday,5,True,True
201800019488,NonLethal,Daylight,Yes,NoIntersection,Normal,2Vehicles-Side,9,Friday,18,False,False
201800053655,NonLethal,NightStreelightsOn,Yes,X-type,Normal,Other,12,Monday,23,False,False
201800055753,NonLethal,NightStreelightsOn,Yes,Y-type,Normal,3+Vehicles-Chain,12,Thursday,18,False,False
201800052211,NonLethal,Daylight,Yes,Square,Normal,2Vehicles-Side,10,Friday,8,False,False
201800050101,NonLethal,NightStreelightsOn,No,NoIntersection,Normal,3+Vehicles-Chain,11,Monday,17,False,False
201800052947,NonLethal,NightStreelightsOn,Yes,T-type,Normal,2Vehicles-Side,6,Sunday,20,True,False
201800054626,NonLethal,NightStreelightsOn,Yes,T-type,LightRain,Other,8,Sunday,19,True,False
201800048159,NonLethal,Daylight,Yes,Y-type,Normal,2Vehicles-Side,1,Thursday,19,False,False
201800035689,NonLethal,NightNoStreetLight,Yes,NoIntersection,Normal,2Vehicles-Behind,9,Thursday,4,False,True
201800001914,NonLethal,NightStreelightsOn,No,NoIntersection,Normal,Other,1,Sunday,20,True,False
201800029194,NonLethal,Daylight,Yes,NoIntersection,SnowOrHail,2Vehicles-Side,2,Wednesday,9,False,False
201800014359,Lethal,Daylight,No,NoIntersection,Normal,NoCollision,6,Sunday,11,True,False
201800006286,NonLethal,Daylight,No,NoIntersection,Normal,3+Vehicles-Multiple,6,Monday,16,False,False
201800041844,NonLethal,Daylight,Yes,T-type,SnowOrHail,2Vehicles-Side,6,Saturday,9,True,False
201800042158,NonLethal,NightStreelightsOn,Yes,Roundabout,Normal,Other,4,Sunday,3,True,True
201800048114,NonLethal,NightStreelightsOn,Yes,X-type,Normal,2Vehicles-Side,4,Tuesday,4,False,True
201800013237,NonLethal,Daylight,No,NoIntersection,Normal,NoCollision,4,Saturday,18,True,False
201800035927,NonLethal,TwilightOrDawn,Yes,X-type,Normal,3+Vehicles-Multiple,9,Wednesday,7,False,False
201800005286,NonLethal,Daylight,Yes,NoIntersection,Normal,2Vehicles-Behind,9,Sunday,8,True,False
201800027947,NonLethal,NightStreelightsOn,Yes,NoIntersection,Other,NoCollision,7,Monday,20,False,False
201800028608,NonLethal,NightStreelightsOn,Yes,Roundabout,LightRain,3+Vehicles-Multiple,11,Saturday,20,True,False
201800007946,NonLethal,Daylight,Yes,T-type,Normal,Other,8,Thursday,12,False,False
201800055100,NonLethal,NightStreelightsOn,Yes,X-type,Normal,2Vehicles-Side,8,Tuesday,21,False,False
201800035612,NonLethal,Daylight,No,NoIntersection,Normal,2Vehicles-Side,3,Saturday,18,True,False
201800056647,Lethal,TwilightOrDawn,Yes,NoIntersection,HeavyRain,2Vehicles-BehindVehicles-Frontal,10,Saturday,6,True,True
201800031434,NonLethal,Daylight,No,Other,Normal,Other,6,Sunday,8,True,False
201800057179,NonLethal,Daylight,Yes,NoIntersection,Normal,Other,4,Tuesday,15,False,False
201800000164,NonLethal,NightStreelightsOn,No,NoIntersection,Overcast,Other,3,Wednesday,19,False,False
201800024722,NonLethal,NightStreelightsOn,Yes,T-type,LightRain,2Vehicles-Side,3,Sunday,7,True,False
201800050899,NonLethal,NightStreelightsOn,Yes,NoIntersection,Normal,Other,6,Saturday,21,True,False
201800004229,NonLethal,Daylight,Yes,NoIntersection,Normal,Other,8,Sunday,12,True,False
201800003370,NonLethal,Daylight,Yes,NoIntersection,Normal,2Vehicles-BehindVehicles-Frontal,5,Friday,6,False,True
201800055754,NonLethal,Daylight,Yes,NoIntersection,LightRain,2Vehicles-Side,12,Friday,9,False,False
201800050774,NonLethal,Daylight,Yes,X-type,Normal,2Vehicles-Side,12,Tuesday,9,False,False
201800035940,NonLethal,NightStreelightsOff,Yes,NoIntersection,Overcast,Other,10,Thursday,20,False,False
201800005453,NonLethal,Daylight,Yes,T-type,LightRain,2Vehicles-Side,9,Thursday,16,False,False
201800035982,NonLethal,Daylight,No,NoIntersection,LightRain,2Vehicles-Behind,1,Saturday,18,True,False
201800050893,NonLethal,Daylight,Yes,T-type,Normal,2Vehicles-Side,6,Friday,11,False,False
201800029117,NonLethal,Daylight,Yes,NoIntersection,Normal,2Vehicles-BehindVehicles-Frontal,6,Saturday,11,True,False
201800043934,NonLethal,NightStreelightsOff,No,NoIntersection,Normal,2Vehicles-Side,4,Thursday,21,False,False
201800001601,NonLethal,Daylight,No,NoIntersection,Normal,2Vehicles-Side,9,Saturday,9,True,False
201800004563,NonLethal,Daylight,Yes,NoIntersection,Normal,3+Vehicles-Multiple,1,Friday,12,False,False
201800000710,NonLethal,NightStreelightsOn,Yes,MoreThan4Branches,FogOrSmoke,Other,1,Thursday,20,False,False
201800032188,NonLethal,Daylight,Yes,NoIntersection,Normal,2Vehicles-Behind,2,Wednesday,6,False,True
201800056225,NonLethal,NightNoStreetLight,No,NoIntersection,Normal,2Vehicles-Behind,11,Thursday,1,False,True
201800021130,NonLethal,Daylight,No,T-type,Normal,2Vehicles-BehindVehicles-Frontal,4,Friday,11,False,False
201800021702,NonLethal,Daylight,Yes,NoIntersection,Normal,Other,11,Sunday,11,True,False
201800009524,NonLethal,Daylight,Yes,X-type,Overcast,Other,8,Monday,10,False,False
201800056171,NonLethal,TwilightOrDawn,Yes,NoIntersection,Normal,Other,1,Friday,5,False,True
201800039123,NonLethal,TwilightOrDawn,Yes,NoIntersection,Normal,NoCollision,4,Tuesday,8,False,False
201800018379,NonLethal,TwilightOrDawn,No,T-type,Normal,2Vehicles-Side,9,Wednesday,19,False,False
201800023041,NonLethal,Daylight,Yes,NoIntersection,Normal,3+Vehicles-Multiple,4,Thursday,10,False,False
201800001450,NonLethal,Daylight,Yes,X-type,Overcast,2Vehicles-Side,11,Saturday,14,True,False
201800049916,NonLethal,Daylight,No,NoIntersection,Normal,2Vehicles-Behind,6,Tuesday,16,False,False
201800046500,NonLethal,Daylight,No,NoIntersection,Normal,2Vehicles-Behind,5,Friday,9,False,False
201800012425,Lethal,NightNoStreetLight,No,NoIntersection,Normal,Other,5,Tuesday,4,False,True
201800040631,NonLethal,TwilightOrDawn,Yes,NoIntersection,LightRain,Other,11,Monday,8,False,False
201800023125,NonLethal,Daylight,Yes,Roundabout,Normal,2Vehicles-Side,6,Wednesday,17,False,False
201800050968,NonLethal,NightStreelightsOn,Yes,Square,Normal,Other,3,Thursday,19,False,False
201800014895,NonLethal,NightNoStreetLight,Yes,NoIntersection,Normal,Other,1,Tuesday,4,False,True
201800032810,NonLethal,Daylight,Yes,NoIntersection,VeryGood,2Vehicles-BehindVehicles-Frontal,12,Thursday,13,False,False
201800041101,NonLethal,Daylight,Yes,NoIntersection,HeavyRain,Other,7,Friday,20,False,False
201800027192,NonLethal,Daylight,Yes,NoIntersection,Normal,2Vehicles-Behind,3,Saturday,13,True,False
201800028646,NonLethal,NightStreelightsOn,Yes,NoIntersection,LightRain,Other,7,Sunday,2,True,True
201800023562,NonLethal,Daylight,No,NoIntersection,Normal,Other,8,Monday,7,False,False
201800039515,NonLethal,Daylight,Yes,NoIntersection,Normal,Other,9,Saturday,16,True,False
201800031049,NonLethal,Daylight,Yes,NoIntersection,Normal,Other,9,Saturday,13,True,False
201800057334,NonLethal,Daylight,No,NoIntersection,Normal,2Vehicles-Side,10,Sunday,9,True,False
201800008533,NonLethal,Daylight,Yes,T-type,Overcast,2Vehicles-Side,2,Thursday,8,False,False
201800005184,NonLethal,NightStreelightsOn,Yes,NoIntersection,Normal,2Vehicles-BehindVehicles-Frontal,4,Thursday,19,False,False
201800032642,NonLethal,Daylight,Yes,Other,Normal,2Vehicles-Side,11,Thursday,15,False,False
201800043940,NonLethal,NightStreelightsOn,No,NoIntersection,Normal,3+Vehicles-Chain,4,Saturday,2,True,True
201800006558,NonLethal,NightNoStreetLight,No,Y-type,HeavyRain,3+Vehicles-Multiple,1,Thursday,21,False,False
201800021319,NonLethal,Daylight,No,NoIntersection,Overcast,2Vehicles-Side,4,Sunday,13,True,False
201800034557,NonLethal,TwilightOrDawn,No,Roundabout,Normal,2Vehicles-Behind,9,Monday,6,False,True
201800012931,NonLethal,TwilightOrDawn,Yes,Other,Overcast,2Vehicles-Side,12,Monday,17,False,False
201800030123,NonLethal,Daylight,Yes,Roundabout,Normal,2Vehicles-Side,5,Friday,19,False,False
201800035673,NonLethal,Daylight,Yes,NoIntersection,Normal,Other,6,Thursday,13,False,False
201800042016,NonLethal,Daylight,Yes,Roundabout,Normal,2Vehicles-Behind,7,Monday,13,False,False
201800027656,NonLethal,Daylight,No,NoIntersection,Normal,3+Vehicles-Multiple,10,Friday,12,False,False
201800050189,NonLethal,NightNoStreetLight,No,NoIntersection,LightRain,Other,12,Wednesday,16,False,False
201800019189,Lethal,Daylight,No,X-type,VeryGood,3+Vehicles-Chain,11,Sunday,14,True,False
201800018476,NonLethal,Daylight,Yes,T-type,Normal,2Vehicles-BehindVehicles-Frontal,10,Saturday,16,True,False
201800025525,NonLethal,Daylight,Yes,T-type,Normal,Other,10,Friday,9,False,False
201800001380,NonLethal,Daylight,Yes,NoIntersection,Normal,Other,9,Wednesday,12,False,False
201800047076,NonLethal,NightNoStreetLight,No,NoIntersection,LightRain,2Vehicles-Side,11,Wednesday,7,False,False
201800034375,NonLethal,Daylight,Yes,NoIntersection,Normal,Other,9,Saturday,17,True,False
201800057123,NonLethal,Daylight,Yes,NoIntersection,Normal,2Vehicles-Side,11,Friday,14,False,False
201800009965,NonLethal,TwilightOrDawn,Yes,NoIntersection,Normal,NoCollision,10,Monday,18,False,False
201800006791,NonLethal,Daylight,Yes,NoIntersection,LightRain,Other,3,Tuesday,9,False,False
201800027215,NonLethal,Daylight,No,NoIntersection,LightRain,2Vehicles-Side,3,Thursday,16,False,False
201800033175,NonLethal,Daylight,No,NoIntersection,Normal,NoCollision,10,Monday,17,False,False
201800008890,NonLethal,Daylight,Yes,Other,Normal,2Vehicles-Side,4,Tuesday,19,False,False
201800045692,NonLethal,Daylight,No,NoIntersection,LightRain,Other,2,Saturday,13,True,False
201800035004,NonLethal,NightStreelightsOn,Yes,NoIntersection,Normal,Other,3,Wednesday,3,False,True
201800000423,NonLethal,Daylight,Yes,NoIntersection,Normal,Other,9,Thursday,18,False,False
201800050692,NonLethal,Daylight,Yes,X-type,Normal,2Vehicles-Side,1,Saturday,14,True,False
201800035005,Lethal,Daylight,Yes,NoIntersection,Normal,NoCollision,2,Saturday,14,True,False
201800004116,NonLethal,Daylight,No,T-type,Overcast,Other,5,Saturday,19,True,False
201800046668,NonLethal,Daylight,No,NoIntersection,Normal,2Vehicles-Behind,12,Thursday,17,False,False
201800025435,NonLethal,Daylight,Yes,Roundabout,Normal,2Vehicles-Side,7,Wednesday,9,False,False
201800016829,Lethal,NightNoStreetLight,No,NoIntersection,Normal,2Vehicles-Behind,11,Saturday,18,True,False
201800019897,NonLethal,Daylight,No,T-type,Normal,2Vehicles-Behind,11,Monday,16,False,False
201800052889,NonLethal,TwilightOrDawn,Yes,T-type,Normal,Other,5,Saturday,16,True,False
201800014405,NonLethal,Daylight,No,NoIntersection,Normal,3+Vehicles-Chain,3,Monday,18,False,False
201800006475,NonLethal,NightNoStreetLight,No,NoIntersection,Normal,2Vehicles-Behind,11,Sunday,1,True,True
201800020842,NonLethal,Daylight,Yes,T-type,Normal,2Vehicles-Side,6,Friday,19,False,False
201800029602,NonLethal,Daylight,Yes,NoIntersection,Normal,Other,10,Wednesday,11,False,False
201800020504,NonLethal,Daylight,No,NoIntersection,Normal,NoCollision,7,Saturday,21,True,False
201800018888,NonLethal,Daylight,Yes,NoIntersection,Normal,Other,2,Saturday,18,True,False
201800019660,NonLethal,Daylight,Yes,NoIntersection,Normal,Other,5,Thursday,15,False,False
201800009184,NonLethal,Daylight,Yes,NoIntersection,Normal,2Vehicles-Behind,6,Sunday,12,True,False
201800002748,NonLethal,Daylight,No,NoIntersection,Normal,3+Vehicles-Multiple,5,Tuesday,17,False,False
201800014998,NonLethal,Daylight,No,NoIntersection,Overcast,Other,8,Saturday,14,True,False
201800029817,NonLethal,Daylight,Yes,NoIntersection,Normal,2Vehicles-BehindVehicles-Frontal,2,Thursday,16,False,False
201800005372,NonLethal,Daylight,Yes,NoIntersection,Overcast,2Vehicles-BehindVehicles-Frontal,4,Tuesday,14,False,False
201800050966,NonLethal,NightStreelightsOn,Yes,Square,Normal,Other,1,Tuesday,19,False,False
201800042326,NonLethal,Daylight,Yes,X-type,Normal,2Vehicles-BehindVehicles-Frontal,7,Wednesday,21,False,False
201800049095,NonLethal,Daylight,No,NoIntersection,Normal,2Vehicles-Behind,12,Friday,10,False,False
201800001401,Lethal,Daylight,No,NoIntersection,Normal,Other,4,Friday,15,False,False
201800035620,NonLethal,NightStreelightsOn,Yes,Other,Normal,2Vehicles-Side,10,Thursday,5,False,True
201800001614,NonLethal,Daylight,No,NoIntersection,Normal,NoCollision,6,Wednesday,15,False,False
201800023612,NonLethal,Daylight,Yes,NoIntersection,Normal,2Vehicles-BehindVehicles-Frontal,11,Saturday,13,True,False
201800050398,NonLethal,Daylight,Yes,T-type,Overcast,2Vehicles-Side,10,Wednesday,8,False,False
201800016252,Lethal,NightNoStreetLight,No,NoIntersection,LightRain,Other,4,Thursday,19,False,False
201800035359,Lethal,Daylight,Yes,Other,Normal,Other,5,Friday,11,False,False
201800042412,NonLethal,Daylight,Yes,NoIntersection,Overcast,Other,12,Saturday,12,True,False
201800008984,NonLethal,NightStreelightsOn,Yes,NoIntersection,Normal,NoCollision,5,Friday,4,False,True
201800041775,NonLethal,Daylight,Yes,T-type,Normal,2Vehicles-Side,7,Tuesday,10,False,False
201800031223,NonLethal,Daylight,Yes,Roundabout,Normal,2Vehicles-Side,4,Saturday,19,True,False
201800030278,NonLethal,Daylight,Yes,NoIntersection,Normal,NoCollision,5,Sunday,20,True,False
201800009840,NonLethal,Daylight,Yes,X-type,Normal,3+Vehicles-Multiple,10,Wednesday,12,False,False
201800033316,NonLethal,Daylight,No,NoIntersection,Normal,2Vehicles-Behind,11,Wednesday,18,False,False
201800003593,NonLethal,NightNoStreetLight,No,T-type,Normal,2Vehicles-Side,9,Wednesday,20,False,False
201800046792,NonLethal,Daylight,No,NoIntersection,Normal,Other,2,Thursday,19,False,False
201800051677,NonLethal,NightStreelightsOn,Yes,X-type,Normal,2Vehicles-Side,3,Wednesday,18,False,False
201800031328,NonLethal,Daylight,Yes,NoIntersection,Normal,2Vehicles-Behind,10,Sunday,11,True,False
201800053905,NonLethal,Daylight,Yes,X-type,VeryGood,2Vehicles-Behind,11,Saturday,9,True,False
201800019190,NonLethal,Daylight,No,NoIntersection,Normal,2Vehicles-BehindVehicles-Frontal,5,Saturday,15,True,False
201800057707,NonLethal,Daylight,Yes,Other,Normal,NoCollision,8,Tuesday,8,False,False
201800024635,NonLethal,NightNoStreetLight,No,NoIntersection,Normal,2Vehicles-BehindVehicles-Frontal,2,Sunday,18,True,False
201800051065,NonLethal,Daylight,Yes,T-type,Normal,2Vehicles-Behind,9,Wednesday,13,False,False
201800038191,NonLethal,Daylight,Yes,NoIntersection,Normal,Other,10,Wednesday,14,False,False
201800004681,NonLethal,NightStreelightsOn,Yes,NoIntersection,Normal,Other,1,Friday,18,False,False
201800042714,NonLethal,Daylight,Yes,NoIntersection,HeavyRain,3+Vehicles-Chain,12,Tuesday,9,False,False
201800011731,NonLethal,Daylight,No,NoIntersection,Normal,Other,7,Sunday,18,True,False
201800055418,NonLethal,Daylight,Yes,NoIntersection,Normal,2Vehicles-Side,5,Thursday,9,False,False
201800015569,NonLethal,Daylight,No,T-type,Normal,NoCollision,5,Tuesday,17,False,False
201800024266,NonLethal,Daylight,Yes,T-type,Overcast,2Vehicles-BehindVehicles-Frontal,4,Tuesday,13,False,False
201800001870,NonLethal,Daylight,No,NoIntersection,Normal,2Vehicles-Side,10,Saturday,12,True,False
201800011129,NonLethal,Daylight,Yes,X-type,Normal,2Vehicles-BehindVehicles-Frontal,7,Sunday,13,True,False
201800047286,NonLethal,Daylight,Yes,NoIntersection,HeavyRain,Other,2,Sunday,11,True,False
201800030485,NonLethal,NightStreelightsOn,Yes,X-type,Normal,Other,11,Sunday,4,True,True
201800000316,NonLethal,TwilightOrDawn,No,Other,Normal,Other,10,Sunday,19,True,False
201800024959,NonLethal,Daylight,Yes,X-type,Normal,2Vehicles-Side,12,Monday,14,False,False
201800017100,NonLethal,Daylight,Yes,NoIntersection,Normal,Other,5,Monday,9,False,False
201800034029,NonLethal,NightNoStreetLight,No,NoIntersection,Normal,Other,7,Tuesday,5,False,True
201800001333,NonLethal,Daylight,Yes,NoIntersection,Normal,Other,9,Friday,14,False,False
201800056635,NonLethal,Daylight,No,NoIntersection,Normal,3+Vehicles-Multiple,7,Wednesday,17,False,False
201800009855,NonLethal,Daylight,Yes,T-type,Normal,Other,10,Friday,11,False,False
201800035938,NonLethal,TwilightOrDawn,Yes,NoIntersection,Normal,Other,10,Monday,6,False,True
201800009892,NonLethal,Daylight,Yes,T-type,Normal,Other,11,Saturday,15,True,False
201800039049,NonLethal,Daylight,Yes,NoIntersection,LightRain,Other,11,Monday,11,False,False
201800055647,NonLethal,Daylight,Yes,NoIntersection,Normal,3+Vehicles-Chain,12,Monday,19,False,False
201800040877,NonLethal,Daylight,Yes,T-type,Normal,2Vehicles-Side,5,Monday,12,False,False
201800052458,NonLethal,Daylight,Yes,NoIntersection,Normal,Other,6,Saturday,17,True,False
201800019389,NonLethal,NightNoStreetLight,No,NoIntersection,Normal,NoCollision,5,Friday,20,False,False
201800009824,NonLethal,Daylight,Yes,NoIntersection,Normal,2Vehicles-Side,9,Sunday,12,True,False
201800034626,NonLethal,NightStreelightsOn,Yes,T-type,LightRain,2Vehicles-BehindVehicles-Frontal,10,Friday,19,False,False
201800052971,NonLethal,Daylight,Yes,T-type,LightRain,NoCollision,4,Wednesday,15,False,False
201800030901,NonLethal,NightNoStreetLight,Yes,NoIntersection,Normal,Other,9,Sunday,0,True,True