AccidentId,Gravity,Light,InAgglomeration,IntersectionType,Weather,CollisionType,Month,DayOfWeek,HourOfDay,IsWeekend,IsNight
201800044881,NonLethal,Daylight,No,NoIntersection,Normal,3+Vehicles-Chain,9,Wednesday,17,False,False
201800019544,NonLethal,TwilightOrDawn,No,NoIntersection,Normal,NoCollision,10,Sunday,8,True,False
201800015350,NonLethal,NightNoStreetLight,No,X-type,Normal,2Vehicles-Side,10,Wednesday,8,False,False
201800020053,NonLethal,Daylight,No,T-type,VeryGood,2Vehicles-Side,12,Thursday,13,False,False
201800024152,NonLethal,Daylight,Yes,X-type,Normal,2Vehicles-Side,10,Tuesday,10,False,False
201800027471,NonLethal,Daylight,Yes,NoIntersection,Normal,2Vehicles-Behind,10,Monday,9,False,False
201800021962,Lethal,Daylight,No,T-type,VeryGood,Other,6,Saturday,17,True,False
201800043066,NonLethal,NightStreelightsOn,Yes,NoIntersection,LightRain,3+Vehicles-Chain,10,Thursday,22,False,False
201800054522,NonLethal,Daylight,Yes,Square,Normal,2Vehicles-Side,9,Tuesday,19,False,False
201800019375,NonLethal,Daylight,Yes,NoIntersection,Normal,2Vehicles-Side,10,Wednesday,17,False,False
201800008023,NonLethal,NightNoStreetLight,Yes,NoIntersection,Normal,NoCollision,3,Wednesday,21,False,False
201800047800,NonLethal,NightStreelightsOn,Yes,Other,Normal,2Vehicles-Behind,11,Friday,6,False,True
201800024267,NonLethal,Daylight,Yes,NoIntersection,LightRain,Other,5,Thursday,9,False,False
201800051535,NonLethal,Daylight,Yes,NoIntersection,LightRain,Other,7,Friday,18,False,False
201800019918,Lethal,NightNoStreetLight,No,NoIntersection,Normal,3+Vehicles-Multiple,8,Tuesday,22,False,False
201800006305,NonLethal,NightNoStreetLight,No,NoIntersection,Normal,3+Vehicles-Multiple,11,Wednesday,7,False,False
201800009774,NonLethal,Daylight,Yes,Other,Normal,2Vehicles-Side,9,Sunday,14,True,False
201800001309,NonLethal,NightNoStreetLight,No,NoIntersection,Normal,2Vehicles-Behind,10,Friday,20,False,False
201800007450,NonLethal,Daylight,Yes,X-type,Normal,Other,10,Monday,13,False,False
201800040515,NonLethal,Daylight,Yes,NoIntersection,LightRain,Other,11,Friday,16,False,False
201800035154,NonLethal,Daylight,Yes,Roundabout,Normal,2Vehicles-Side,8,Saturday,15,True,False
201800044232,NonLethal,Daylight,No,NoIntersection,Normal,2Vehicles-Behind,9,Saturday,13,True,False
201800018276,NonLethal,Daylight,Yes,NoIntersection,Normal,Other,10,Tuesday,10,False,False
201800028455,NonLethal,Daylight,Yes,X-type,Normal,2Vehicles-Side,6,Tuesday,12,False,False
201800015322,NonLethal,NightStreelightsOn,Yes,NoIntersection,FogOrSmoke,Other,1,Friday,7,False,False
201800007040,NonLethal,NightStreelightsOn,Yes,X-type,Normal,2Vehicles-Side,5,Friday,21,False,False
201800050103,NonLethal,NightNoStreetLight,No,NoIntersection,Overcast,2Vehicles-Side,6,Monday,22,False,False
201800054640,NonLethal,NightStreelightsOn,Yes,NoIntersection,Normal,Other,1,Saturday,20,True,False
201800034659,NonLethal,NightStreelightsOn,Yes,T-type,Normal,2Vehicles-Side,9,Saturday,23,True,False
201800007844,NonLethal,Daylight,No,NoIntersection,Overcast,2Vehicles-Side,10,Thursday,17,False,False
201800000793,NonLethal,Daylight,No,NoIntersection,LightRain,NoCollision,12,Saturday,16,True,False
201800041154,NonLethal,Daylight,Yes,X-type,Normal,2Vehicles-Side,7,Saturday,15,True,False
201800015963,NonLethal,Daylight,No,T-type,Normal,2Vehicles-Side,2,Tuesday,14,False,False
201800000576,NonLethal,Daylight,Yes,NoIntersection,Normal,NoCollision,7,Saturday,8,True,False
201800017609,NonLethal,Daylight,No,Roundabout,Normal,2Vehicles-Behind,5,Wednesday,11,False,False
201800015217,NonLethal,Daylight,Yes,NoIntersection,Normal,Other,11,Wednesday,10,False,False
201800032313,NonLethal,NightStreelightsOn,Yes,Other,Normal,2Vehicles-Side,10,Wednesday,5,False,True
201800041790,NonLethal,Daylight,Yes,NoIntersection,LightRain,Other,7,Monday,11,False,False
201800049897,NonLethal,Daylight,No,NoIntersection,VeryGood,2Vehicles-Behind,6,Wednesday,17,False,False
201800007264,NonLethal,Daylight,No,NoIntersection,Normal,NoCollision,9,Monday,15,False,False
201800038039,NonLethal,Daylight,Yes,Other,Normal,2Vehicles-Behind,8,Friday,9,False,False
201800038963,NonLethal,Daylight,Yes,NoIntersection,Normal,3+Vehicles-Chain,10,Saturday,16,True,False
201800016407,NonLethal,Daylight,Yes,NoIntersection,HeavyRain,Other,1,Thursday,10,False,False
201800032410,NonLethal,NightStreelightsOn,Yes,Y-type,Normal,Other,3,Friday,23,False,False
201800000150,NonLethal,Daylight,No,X-type,Normal,2Vehicles-Side,9,Sunday,9,True,False
201800034275,NonLethal,NightNoStreetLight,No,X-type,Normal,2Vehicles-Side,1,Monday,7,False,False
201800054530,NonLethal,Daylight,Yes,T-type,Normal,2Vehicles-Behind,9,Friday,13,False,False
201800049117,NonLethal,Daylight,No,NoIntersection,Normal,3+Vehicles-Multiple,2,Monday,11,False,False
201800035867,NonLethal,Daylight,No,NoIntersection,SnowOrHail,3+Vehicles-Chain,3,Monday,14,False,False
201800020866,NonLethal,Daylight,Yes,NoIntersection,Normal,2Vehicles-Behind,8,Monday,21,False,False
201800049136,NonLethal,Daylight,No,NoIntersection,Normal,2Vehicles-Behind,4,Monday,12,False,False
201800000383,NonLethal,Daylight,No,NoIntersection,Normal,2Vehicles-Side,9,Friday,11,False,False
201800043141,NonLethal,Daylight,Yes,NoIntersection,Normal,2Vehicles-BehindVehicles-Frontal,7,Tuesday,17,False,False
201800002606,NonLethal,Daylight,Yes,Roundabout,Normal,Other,8,Wednesday,16,False,False
201800017627,NonLethal,Daylight,No,NoIntersection,Normal,2Vehicles-BehindVehicles-Frontal,2,Sunday,17,True,False
201800006431,Lethal,TwilightOrDawn,No,NoIntersection,FogOrSmoke,3+Vehicles-Multiple,11,Friday,16,False,False
201800020032,NonLethal,Daylight,Yes,NoIntersection,Normal,Other,4,Wednesday,12,False,False
201800034386,NonLethal,Daylight,No,NoIntersection,LightRain,2Vehicles-Behind,1,Friday,15,False,False
201800054074,NonLethal,NightStreelightsOn,Yes,X-type,Normal,Other,4,Saturday,5,True,True
201800014995,NonLethal,Daylight,No,T-type,Normal,NoCollision,6,Saturday,18,True,False
201800009333,NonLethal,Daylight,Yes,T-type,Normal,Other,7,Monday,19,False,False
201800017800,NonLethal,NightStreelightsOn,Yes,NoIntersection,LightRain,Other,12,Tuesday,17,False,False
201800013946,NonLethal,Daylight,No,NoIntersection,Normal,2Vehicles-BehindVehicles-Frontal,5,Monday,8,False,False
201800052850,NonLethal,Daylight,Yes,MoreThan4Branches,Normal,2Vehicles-Side,10,Wednesday,14,False,False
201800001651,Lethal,NightNoStreetLight,No,NoIntersection,LightRain,Other,12,Saturday,4,True,True
201800041428,NonLethal,Daylight,Yes,T-type,LightRain,2Vehicles-Side,5,Monday,18,False,False
201800026478,NonLethal,Daylight,Yes,NoIntersection,Normal,2Vehicles-Behind,11,Wednesday,8,False,False
201800025055,NonLethal,NightStreelightsOn,Yes,T-type,Overcast,Other,3,Monday,19,False,False
201800051660,NonLethal,Daylight,Yes,Y-type,HeavyRain,Other,2,Thursday,11,False,False
201800041259,NonLethal,Daylight,Yes,X-type,Normal,2Vehicles-Side,7,Tuesday,18,False,False
201800007591,NonLethal,Daylight,No,NoIntersection,LightRain,2Vehicles-Side,3,Saturday,15,True,False
201800008580,NonLethal,Daylight,Yes,NoIntersection,Normal,Other,2,Thursday,11,False,False
201800025633,NonLethal,NightStreelightsOn,Yes,NoIntersection,Normal,2Vehicles-Side,12,Sunday,19,True,False
201800007890,NonLethal,Daylight,Yes,NoIntersection,Normal,Other,7,Thursday,15,False,False
201800029691,NonLethal,Daylight,Yes,Other,Normal,2Vehicles-Side,5,Sunday,20,True,False
201800005464,NonLethal,Daylight,No,Other,Overcast,2Vehicles-Side,10,Monday,17,False,False
201800009466,NonLethal,Daylight,Yes,NoIntersection,Normal,Other,1,Monday,14,False,False
201800017924,NonLethal,Daylight,Yes,Other,Normal,2Vehicles-Behind,4,Thursday,15,False,False
201800008974,NonLethal,NightStreelightsOn,Yes,Other,Normal,Other,9,Wednesday,20,False,False
201800052243,NonLethal,Daylight,Yes,Y-type,LightRain,NoCollision,11,Saturday,11,True,False
201800004805,Lethal,Daylight,No,NoIntersection,HeavyRain,2Vehicles-Behind,8,Thursday,6,False,True
201800023338,NonLethal,NightStreelightsOn,Yes,NoIntersection,Normal,2Vehicles-Behind,9,Tuesday,20,False,False
201800041559,NonLethal,Daylight,Yes,NoIntersection,Normal,2Vehicles-Side,3,Wednesday,11,False,False
201800009370,NonLethal,NightNoStreetLight,Yes,NoIntersection,Normal,2Vehicles-Behind,7,Saturday,1,True,True
201800040213,NonLethal,Daylight,Yes,T-type,Normal,2Vehicles-BehindVehicles-Frontal,7,Monday,11,False,False
201800040259,NonLethal,NightStreelightsOn,Yes,Roundabout,Normal,Other,11,Monday,23,False,False
201800051709,NonLethal,Daylight,Yes,X-type,Normal,NoCollision,4,Tuesday,12,False,False
201800020606,NonLethal,Daylight,Yes,NoIntersection,Normal,2Vehicles-BehindVehicles-Frontal,6,Saturday,9,True,False
201800028842,NonLethal,NightStreelightsOn,Yes,Roundabout,Normal,2Vehicles-Side,11,Monday,20,False,False
201800017588,NonLethal,NightNoStreetLight,No,NoIntersection,Normal,Other,9,Monday,3,False,True
201800000475,NonLethal,NightNoStreetLight,No,NoIntersection,LightRain,NoCollision,12,Thursday,21,False,False
201800009061,NonLethal,Daylight,Yes,NoIntersection,Overcast,Other,5,Saturday,11,True,False
201800002331,NonLethal,NightStreelightsOn,Yes,NoIntersection,LightRain,Other,12,Wednesday,20,False,False
201800051304,NonLethal,TwilightOrDawn,Yes,Square,Normal,Other,1,Saturday,17,True,False
201800014658,NonLethal,Daylight,No,NoIntersection,LightRain,2Vehicles-BehindVehicles-Frontal,8,Saturday,13,True,False
201800023394,NonLethal,NightStreelightsOn,Yes,NoIntersection,Normal,2Vehicles-Side,10,Friday,17,False,False
201800032747,NonLethal,NightNoStreetLight,No,NoIntersection,LightRain,Other,10,Monday,20,False,False
201800000609,NonLethal,Daylight,No,NoIntersection,Normal,NoCollision,9,Sunday,15,True,False
201800030321,NonLethal,NightNoStreetLight,Yes,X-type,Normal,2Vehicles-Behind,10,Monday,21,False,False
201800036926,NonLethal,Daylight,Yes,NoIntersection,Overcast,2Vehicles-Behind,11,Thursday,9,False,False
201800019708,NonLethal,NightStreelightsOn,Yes,X-type,Normal,2Vehicles-Side,8,Sunday,5,True,True
201800032578,NonLethal,Daylight,Yes,X-type,Normal,Other,9,Friday,16,False,False
201800005289,NonLethal,Daylight,Yes,NoIntersection,Normal,2Vehicles-Behind,9,Tuesday,15,False,False
201800032925,NonLethal,Daylight,Yes,NoIntersection,Normal,2Vehicles-Side,1,Sunday,14,True,False
201800011453,NonLethal,Daylight,No,NoIntersection,Normal,2Vehicles-Side,11,Monday,12,False,False
201800000543,NonLethal,Daylight,No,X-type,Normal,2Vehicles-Behind,9,Thursday,16,False,False
201800023428,NonLethal,Daylight,Yes,NoIntersection,Normal,Other,5,Monday,10,False,False
201800011130,NonLethal,Daylight,No,NoIntersection,Normal,NoCollision,8,Wednesday,18,False,False
201800039206,NonLethal,Daylight,Yes,NoIntersection,Normal,NoCollision,11,Friday,12,False,False
201800027609,NonLethal,NightStreelightsOn,Yes,NoIntersection,Normal,NoCollision,8,Sunday,22,True,False
201800021307,Lethal,NightNoStreetLight,No,NoIntersection,Normal,Other,10,Thursday,7,False,False
201800017246,NonLethal,Daylight,No,NoIntersection,Normal,NoCollision,8,Sunday,18,True,False
201800006612,NonLethal,Daylight,No,NoIntersection,Normal,2Vehicles-Behind,3,Tuesday,8,False,False
201800030470,NonLethal,NightStreelightsOn,Yes,X-type,Normal,2Vehicles-Side,3,Tuesday,0,False,True
201800048510,NonLethal,Daylight,Yes,NoIntersection,Normal,Other,11,Friday,16,False,False
201800004000,NonLethal,NightNoStreetLight,No,NoIntersection,Normal,NoCollision,2,Tuesday,21,False,False
201800041197,NonLethal,NightStreelightsOn,Yes,X-type,LightRain,2Vehicles-Side,2,Wednesday,22,False,False
201800022592,NonLethal,Daylight,Yes,NoIntersection,Normal,2Vehicles-Side,7,Wednesday,12,False,False
201800045671,NonLethal,Daylight,No,NoIntersection,Normal,2Vehicles-Behind,1,Wednesday,11,False,False
201800009138,NonLethal,Daylight,Yes,Y-type,Normal,2Vehicles-Side,8,Monday,10,False,False
201800015781,NonLethal,NightStreelightsOn,Yes,NoIntersection,Normal,Other,5,Saturday,2,True,True
201800029759,NonLethal,TwilightOrDawn,Yes,X-type,Normal,2Vehicles-Side,4,Saturday,21,True,False
201800018624,NonLethal,Daylight,No,T-type,Normal,2Vehicles-Side,7,Friday,16,False,False
201800054506,NonLethal,Daylight,Yes,MoreThan4Branches,Normal,2Vehicles-Side,8,Wednesday,17,False,False
201800001094,NonLethal,Daylight,No,NoIntersection,Normal,Other,9,Thursday,12,False,False
201800024256,Lethal,NightStreelightsOn,Yes,NoIntersection,LightRain,NoCollision,2,Thursday,4,False,True
201800001929,NonLethal,NightStreelightsOn,Yes,X-type,Normal,3+Vehicles-Multiple,10,Wednesday,20,False,False
201800024571,NonLethal,NightNoStreetLight,No,T-type,Normal,2Vehicles-Side,11,Tuesday,19,False,False
201800018828,NonLethal,TwilightOrDawn,No,NoIntersection,Normal,2Vehicles-BehindVehicles-Frontal,8,Tuesday,19,False,False
201800046905,NonLethal,Daylight,No,NoIntersection,Normal,2Vehicles-Side,9,Wednesday,18,False,False
201800023727,NonLethal,Daylight,No,NoIntersection,Normal,NoCollision,5,Sunday,16,True,False
201800043667,NonLethal,Daylight,Yes,NoIntersection,Normal,3+Vehicles-Multiple,5,Thursday,14,False,False
201800031938,NonLethal,Daylight,Yes,NoIntersection,Normal,2Vehicles-Side,9,Monday,15,False,False
201800039929,NonLethal,NightStreelightsOn,Yes,NoIntersection,SnowOrHail,Other,11,Monday,20,False,False
201800031404,NonLethal,Daylight,Yes,NoIntersection,Normal,Other,10,Saturday,15,True,False
201800003555,NonLethal,NightStreelightsOn,Yes,T-type,Normal,2Vehicles-Behind,2,Friday,21,False,False
201800027642,NonLethal,Daylight,Yes,NoIntersection,Normal,2Vehicles-BehindVehicles-Frontal,8,Saturday,20,True,False
201800047704,NonLethal,TwilightOrDawn,Yes,NoIntersection,Normal,2Vehicles-Side,9,Friday,19,False,False
201800001452,NonLethal,Daylight,Yes,NoIntersection,Normal,Other,5,Sunday,11,True,False
201800035889,NonLethal,Daylight,No,NoIntersection,Normal,3+Vehicles-Chain,5,Friday,19,False,False
201800029829,NonLethal,Daylight,Yes,LevelCrossing,Normal,Other,4,Tuesday,15,False,False
201800012035,NonLethal,Daylight,No,T-type,Normal,2Vehicles-Side,3,Sunday,17,True,False
201800010587,NonLethal,Daylight,Yes,NoIntersection,LightRain,2Vehicles-Behind,12,Wednesday,16,False,False
201800009834,NonLethal,Daylight,Yes,NoIntersection,Normal,2Vehicles-BehindVehicles-Frontal,3,Saturday,8,True,False
201800051201,NonLethal,Daylight,Yes,T-type,Normal,2Vehicles-Behind,9,Wednesday,8,False,False
201800041660,NonLethal,Daylight,Yes,T-type,Normal,Other,4,Friday,15,False,False
201800049787,NonLethal,Daylight,No,NoIntersection,LightRain,Other,4,Thursday,8,False,False
201800001835,Lethal,Daylight,No,T-type,Normal,2Vehicles-Side,6,Saturday,19,True,False
201800012713,NonLethal,Daylight,No,X-type,Normal,Other,5,Saturday,16,True,False
201800007961,NonLethal,Daylight,Yes,T-type,Normal,2Vehicles-Behind,11,Monday,8,False,False
201800026809,NonLethal,Daylight,Yes,Other,Normal,2Vehicles-Side,5,Sunday,16,True,False
201800000073,NonLethal,TwilightOrDawn,No,NoIntersection,Normal,Other,4,Wednesday,6,False,True
201800003112,NonLethal,TwilightOrDawn,Yes,NoIntersection,Normal,Other,4,Sunday,20,True,False
201800055018,NonLethal,TwilightOrDawn,Yes,NoIntersection,LightRain,2Vehicles-Behind,5,Tuesday,17,False,False
201800012878,NonLethal,Daylight,No,T-type,Normal,2Vehicles-Side,9,Friday,12,False,False
201800023900,Lethal,Daylight,No,NoIntersection,Normal,Other,4,Tuesday,13,False,False
201800046834,NonLethal,Daylight,No,NoIntersection,Normal,Other,9,Sunday,10,True,False
201800019442,NonLethal,Daylight,No,NoIntersection,Normal,2Vehicles-BehindVehicles-Frontal,10,Friday,13,False,False
201800036048,NonLethal,Daylight,No,NoIntersection,Normal,3+Vehicles-Chain,4,Wednesday,9,False,False
201800036851,NonLethal,NightStreelightsOn,Yes,X-type,Normal,2Vehicles-Side,11,Thursday,23,False,False
201800014678,NonLethal,Daylight,No,T-type,VeryGood,2Vehicles-Side,9,Thursday,18,False,False
201800031262,NonLethal,Daylight,No,NoIntersection,Normal,Other,6,Monday,7,False,False
201800012500,NonLethal,Daylight,Yes,NoIntersection,Normal,Other,7,Sunday,15,True,False
201800057711,NonLethal,TwilightOrDawn,Yes,NoIntersection,Normal,2Vehicles-Behind,9,Monday,8,False,False
201800031471,NonLethal,Daylight,No,NoIntersection,Normal,2Vehicles-Behind,2,Saturday,7,True,False
201800057651,NonLethal,Daylight,Yes,T-type,Normal,2Vehicles-Side,6,Monday,16,False,False
201800056167,NonLethal,Daylight,Yes,NoIntersection,Normal,Other,11,Saturday,16,True,False
201800034720,NonLethal,Daylight,Yes,NoIntersection,Normal,Other,10,Wednesday,17,False,False
201800032680,NonLethal,NightNoStreetLight,Yes,NoIntersection,Normal,Other,8,Tuesday,2,False,True
201800022514,NonLethal,NightStreelightsOn,Yes,NoIntersection,Normal,Other,11,Monday,6,False,True
201800056322,NonLethal,Daylight,Yes,T-type,Normal,2Vehicles-BehindVehicles-Frontal,5,Thursday,17,False,False
201800000691,NonLethal,Daylight,Yes,NoIntersection,Normal,Other,8,Friday,10,False,False
201800045955,NonLethal,Daylight,No,NoIntersection,Normal,3+Vehicles-Chain,6,Wednesday,8,False,False
201800046230,NonLethal,NightNoStreetLight,No,NoIntersection,Normal,Other,11,Thursday,5,False,True
201800031645,NonLethal,TwilightOrDawn,Yes,NoIntersection,Normal,Other,1,Monday,16,False,False
201800022327,NonLethal,Daylight,Yes,NoIntersection,Normal,2Vehicles-Side,3,Monday,9,False,False
201800036633,NonLethal,Daylight,Yes,X-type,Normal,2Vehicles-Side,8,Thursday,18,False,False
201800055644,NonLethal,Daylight,Yes,Y-type,Normal,2Vehicles-Behind,11,Saturday,16,True,False
201800042772,NonLethal,Daylight,Yes,NoIntersection,Normal,Other,8,Sunday,14,True,False
201800032575,NonLethal,Daylight,Yes,NoIntersection,Normal,Other,9,Friday,8,False,False
201800045844,NonLethal,NightNoStreetLight,No,NoIntersection,Normal,Other,1,Friday,21,False,False
201800008760,NonLethal,NightStreelightsOn,Yes,NoIntersection,Normal,2Vehicles-Behind,3,Thursday,23,False,False
201800038726,NonLethal,NightStreelightsOn,Yes,T-type,Normal,2Vehicles-Side,5,Friday,22,False,False
201800009518,NonLethal,NightStreelightsOn,Yes,T-type,Normal,2Vehicles-Side,8,Sunday,2,True,True
201800011772,NonLethal,Daylight,Yes,NoIntersection,Normal,Other,1,Saturday,17,True,False
201800033938,NonLethal,NightStreelightsOn,Yes,NoIntersection,Normal,NoCollision,1,Tuesday,0,False,True
201800028491,NonLethal,Daylight,Yes,NoIntersection,Normal,Other,7,Tuesday,17,False,False
201800052491,NonLethal,Daylight,Yes,X-type,Normal,2Vehicles-BehindVehicles-Frontal,5,Tuesday,13,False,False
201800036211,NonLethal,Daylight,No,NoIntersection,Normal,2Vehicles-Behind,10,Friday,11,False,False
201800056301,NonLethal,NightNoStreetLight,Yes,Other,LightRain,NoCollision,5,Sunday,23,True,False
201800033348,NonLethal,NightStreelightsOn,Yes,Y-type,Normal,Other,2,Friday,3,False,True
201800008511,NonLethal,Daylight,Yes,NoIntersection,VeryGood,Other,2,Monday,10,False,False
201800051196,NonLethal,Daylight,Yes,Y-type,Normal,2Vehicles-Side,9,Tuesday,10,False,False
201800029769,NonLethal,TwilightOrDawn,Yes,NoIntersection,Normal,Other,5,Thursday,21,False,False
201800042160,NonLethal,Daylight,Yes,NoIntersection,Normal,Other,4,Tuesday,7,False,False
201800013482,NonLethal,Daylight,Yes,T-type,Normal,2Vehicles-Side,9,Saturday,14,True,False
201800024597,NonLethal,Daylight,Yes,NoIntersection,Normal,Other,1,Tuesday,9,False,False
201800017343,NonLethal,Daylight,No,NoIntersection,Normal,NoCollision,4,Sunday,19,True,False
201800004948,NonLethal,Daylight,No,NoIntersection,Normal,2Vehicles-Behind,5,Thursday,11,False,False
201800039370,NonLethal,Daylight,Yes,NoIntersection,Normal,Other,5,Wednesday,11,False,False
201800003272,NonLethal,Daylight,No,NoIntersection,Normal,Other,4,Wednesday,8,False,False
201800053999,NonLethal,Daylight,Yes,NoIntersection,SnowOrHail,Other,2,Monday,13,False,False
201800020198,NonLethal,Daylight,No,NoIntersection,Normal,2Vehicles-BehindVehicles-Frontal,7,Saturday,18,True,False
201800002329,NonLethal,Daylight,No,Other,Normal,2Vehicles-Side,8,Friday,16,False,False
201800037209,NonLethal,Daylight,Yes,NoIntersection,Normal,2Vehicles-Side,4,Monday,16,False,False
201800053858,NonLethal,Daylight,Yes,NoIntersection,Normal,2Vehicles-Side,8,Wednesday,12,False,False
201800025275,NonLethal,Daylight,Yes,X-type,Normal,2Vehicles-Side,3,Wednesday,13,False,False
201800014648,NonLethal,Daylight,No,NoIntersection,Normal,2Vehicles-Side,8,Friday,8,False,False
201800046268,NonLethal,NightNoStreetLight,No,NoIntersection,LightRain,2Vehicles-Behind,12,Monday,17,False,False
201800008521,NonLethal,NightStreelightsOn,Yes,NoIntersection,Normal,Other,1,Saturday,6,True,True
201800046494,NonLethal,Daylight,No,NoIntersection,Normal,2Vehicles-Side,2,Sunday,7,True,False
201800041963,NonLethal,Daylight,Yes,NoIntersection,Normal,2Vehicles-Behind,3,Thursday,16,False,False
201800013628,NonLethal,NightNoStreetLight,No,NoIntersection,Normal,Other,3,Monday,19,False,False
201800030693,NonLethal,Daylight,Yes,NoIntersection,Normal,Other,8,Friday,14,False,False
201800018016,Lethal,TwilightOrDawn,No,NoIntersection,LightRain,3+Vehicles-Multiple,2,Tuesday,19,False,False
201800012925,Lethal,Daylight,Yes,NoIntersection,Normal,Other,1,Monday,17,False,False
201800009674,NonLethal,Daylight,Yes,Other,Normal,Other,9,Saturday,16,True,False
201800004015,NonLethal,TwilightOrDawn,Yes,NoIntersection,VeryGood,Other,2,Thursday,17,False,False
201800049891,NonLethal,Daylight,No,NoIntersection,Normal,3+Vehicles-Chain,6,Friday,17,False,False
201800018581,NonLethal,NightNoStreetLight,No,NoIntersection,LightRain,Other,1,Thursday,18,False,False
201800047261,NonLethal,Daylight,Yes,NoIntersection,Normal,Other,3,Friday,15,False,False
201800017862,Lethal,NightNoStreetLight,No,NoIntersection,Normal,Other,10,Friday,7,False,False
201800016011,NonLethal,NightNoStreetLight,No,NoIntersection,LightRain,Other,3,Wednesday,0,False,True
201800041089,NonLethal,Daylight,Yes,NoIntersection,LightRain,Other,12,Tuesday,17,False,False
201800017064,Lethal,Daylight,Yes,NoIntersection,LightRain,Other,10,Wednesday,17,False,False
201800057344,NonLethal,TwilightOrDawn,Yes,X-type,Normal,2Vehicles-Side,8,Tuesday,18,False,False
201800017395,NonLethal,NightNoStreetLight,No,NoIntersection,FogOrSmoke,Other,11,Thursday,6,False,True
201800012508,NonLethal,Daylight,No,NoIntersection,Normal,2Vehicles-BehindVehicles-Frontal,6,Saturday,20,True,False
201800049105,NonLethal,Daylight,No,NoIntersection,Normal,2Vehicles-Side,12,Monday,15,False,False
201800046602,NonLethal,Daylight,No,NoIntersection,Normal,2Vehicles-Behind,5,Saturday,13,True,False
201800028297,NonLethal,Daylight,Yes,T-type,Normal,2Vehicles-Behind,12,Saturday,16,True,False
201800002104,NonLethal,TwilightOrDawn,No,NoIntersection,LightRain,Other,11,Wednesday,16,False,False
201800056662,NonLethal,NightNoStreetLight,No,T-type,Normal,2Vehicles-Side,12,Sunday,23,True,False
201800024692,NonLethal,Daylight,No,NoIntersection,Normal,2Vehicles-Behind,3,Wednesday,8,False,False
201800020098,NonLethal,Daylight,Yes,NoIntersection,Normal,2Vehicles-BehindVehicles-Frontal,3,Friday,11,False,False
201800020115,NonLethal,Daylight,No,NoIntersection,Normal,3+Vehicles-Multiple,12,Monday,10,False,False
201800053306,NonLethal,Daylight,Yes,NoIntersection,LightRain,Other,3,Sunday,9,True,False
201800031383,NonLethal,Daylight,Yes,NoIntersection,Normal,2Vehicles-Side,12,Saturday,11,True,False
201800027515,NonLethal,NightStreelightsOn,Yes,NoIntersection,LightRain,Other,7,Wednesday,18,False,False
201800048732,NonLethal,Daylight,Yes,NoIntersection,Overcast,NoCollision,11,Wednesday,8,False,False
201800010305,NonLethal,NightStreelightsOn,Yes,T-type,Normal,2Vehicles-Side,8,Saturday,21,True,False
201800010421,NonLethal,TwilightOrDawn,Yes,NoIntersection,Normal,2Vehicles-BehindVehicles-Frontal,10,Thursday,18,False,False
201800036855,NonLethal,NightStreelightsOn,Yes,NoIntersection,Normal,3+Vehicles-Chain,8,Friday,21,False,False
201800040386,NonLethal,Daylight,Yes,X-type,Normal,2Vehicles-Side,12,Saturday,12,True,False
201800012677,Lethal,NightNoStreetLight,No,NoIntersection,Normal,Other,9,Monday,20,False,False
201800034917,NonLethal,Daylight,Yes,Square,Normal,Other,9,Tuesday,10,False,False
201800053745,NonLethal,Daylight,Yes,MoreThan4Branches,Normal,2Vehicles-Side,4,Tuesday,12,False,False
201800021650,NonLethal,TwilightOrDawn,Yes,X-type,Normal,2Vehicles-Side,9,Wednesday,9,False,False
201800009844,NonLethal,NightStreelightsOn,Yes,NoIntersection,Normal,Other,3,Saturday,21,True,False
201800002447,Lethal,Daylight,No,T-type,Normal,2Vehicles-BehindVehicles-Frontal,11,Sunday,16,True,False
201800049449,NonLethal,NightNoStreetLight,No,NoIntersection,Normal,2Vehicles-Behind,9,Sunday,7,True,False
201800034161,NonLethal,NightStreelightsOn,Yes,NoIntersection,LightRain,2Vehicles-Behind,2,Sunday,19,True,False
201800027970,NonLethal,Daylight,Yes,NoIntersection,Normal,Other,3,Wednesday,17,False,False
201800020135,NonLethal,Daylight,No,NoIntersection,Normal,Other,5,Friday,16,False,False
201800024572,NonLethal,Daylight,Yes,Roundabout,Normal,2Vehicles-Side,10,Friday,12,False,False
201800042690,NonLethal,Daylight,Yes,X-type,Normal,2Vehicles-Side,8,Tuesday,18,False,False
201800023222,NonLethal,NightStreelightsOff,Yes,NoIntersection,Normal,NoCollision,9,Saturday,1,True,True
201800025412,NonLethal,Daylight,Yes,NoIntersection,Normal,Other,7,Thursday,16,False,False
201800053270,NonLethal,NightStreelightsOn,Yes,Y-type,LightRain,Other,2,Monday,18,False,False
201800054345,NonLethal,NightStreelightsOn,Yes,T-type,Normal,2Vehicles-Side,4,Tuesday,1,False,True
201800039070,NonLethal,Daylight,Yes,NoIntersection,Normal,2Vehicles-Behind,12,Tuesday,18,False,False
201800034313,NonLethal,NightNoStreetLight,No,Y-type,LightRain,Other,2,Thursday,19,False,False
201800049399,NonLethal,Daylight,No,NoIntersection,Normal,3+Vehicles-Chain,6,Friday,21,False,False
201800012295,NonLethal,NightNoStreetLight,No,NoIntersection,Normal,NoCollision,4,Sunday,1,True,True
201800052557,NonLethal,Daylight,Yes,X-type,Normal,Other,10,Wednesday,14,False,False