AccidentId,Gravity,Light,InAgglomeration,IntersectionType,Weather,CollisionType,Month,DayOfWeek,HourOfDay,IsWeekend,IsNight
201800006944,NonLethal,NightNoStreetLight,No,NoIntersection,Normal,2Vehicles-Behind,8,Saturday,3,True,True
201800040354,NonLethal,TwilightOrDawn,Yes,NoIntersection,Normal,2Vehicles-Behind,10,Monday,18,False,False
201800052899,NonLethal,NightStreelightsOn,Yes,NoIntersection,Normal,Other,12,Thursday,18,False,False
201800024340,NonLethal,Daylight,Yes,X-type,Normal,2Vehicles-BehindVehicles-Frontal,8,Monday,15,False,False
201800035397,NonLethal,Daylight,Yes,Other,Normal,2Vehicles-Side,7,Friday,12,False,False
201800020963,NonLethal,Daylight,Yes,NoIntersection,Normal,Other,3,Thursday,12,False,False
201800004190,NonLethal,Daylight,Yes,Other,Normal,2Vehicles-Side,2,Friday,12,False,False
201800042357,NonLethal,Daylight,No,NoIntersection,Normal,2Vehicles-Side,9,Thursday,7,False,False
201800052032,NonLethal,TwilightOrDawn,Yes,X-type,Normal,2Vehicles-Side,9,Wednesday,21,False,False
201800024594,NonLethal,NightStreelightsOff,Yes,X-type,LightRain,2Vehicles-Side,7,Sunday,9,True,False
201800051965,NonLethal,Daylight,Yes,X-type,Normal,2Vehicles-Side,3,Tuesday,12,False,False
201800027046,NonLethal,Daylight,Yes,NoIntersection,Normal,Other,1,Wednesday,16,False,False
201800034929,Lethal,Daylight,Yes,NoIntersection,Normal,2Vehicles-Behind,12,Monday,11,False,False
201800030644,NonLethal,NightStreelightsOn,Yes,NoIntersection,HeavyRain,2Vehicles-Behind,12,Friday,19,False,False
201800006644,Lethal,Daylight,No,NoIntersection,FogOrSmoke,Other,12,Thursday,11,False,False
201800044576,NonLethal,NightNoStreetLight,No,NoIntersection,Normal,Other,1,Monday,1,False,True
201800007833,NonLethal,Daylight,No,NoIntersection,Normal,2Vehicles-Behind,4,Thursday,16,False,False
201800005049,NonLethal,Daylight,Yes,Roundabout,Normal,2Vehicles-BehindVehicles-Frontal,7,Thursday,17,False,False
201800037399,NonLethal,NightStreelightsOn,Yes,X-type,Overcast,2Vehicles-Side,1,Friday,22,False,False
201800028231,NonLethal,Daylight,Yes,NoIntersection,Normal,Other,7,Wednesday,12,False,False
201800052436,NonLethal,NightStreelightsOn,Yes,T-type,Normal,2Vehicles-Side,3,Tuesday,2,False,True
201800029278,NonLethal,Daylight,No,NoIntersection,Normal,2Vehicles-Side,9,Tuesday,15,False,False
201800027154,NonLethal,Daylight,Yes,NoIntersection,Normal,Other,2,Thursday,16,False,False
201800047456,NonLethal,Daylight,Yes,Other,Normal,2Vehicles-BehindVehicles-Frontal,4,Wednesday,12,False,False
201800001629,NonLethal,Daylight,No,NoIntersection,Normal,Other,3,Friday,11,False,False
201800005047,NonLethal,Daylight,Yes,NoIntersection,Normal,Other,6,Sunday,15,True,False
201800049352,NonLethal,NightStreelightsOn,No,NoIntersection,Normal,Other,7,Tuesday,20,False,False
201800002110,Lethal,TwilightOrDawn,Yes,NoIntersection,Normal,2Vehicles-Side,10,Friday,18,False,False
201800034658,NonLethal,Daylight,Yes,NoIntersection,Overcast,Other,7,Sunday,15,True,False
201800040686,NonLethal,Daylight,Yes,NoIntersection,Normal,Other,6,Monday,9,False,False
201800047709,NonLethal,NightStreelightsOn,Yes,NoIntersection,Normal,2Vehicles-Side,9,Sunday,19,True,False
201800021392,NonLethal,NightStreelightsOn,Yes,NoIntersection,Normal,2Vehicles-Side,2,Thursday,19,False,False
201800033302,Lethal,Daylight,Yes,NoIntersection,LightRain,Other,6,Wednesday,10,False,False
201800042870,NonLethal,Daylight,Yes,LevelCrossing,Normal,Other,6,Wednesday,9,False,False
201800005723,NonLethal,Daylight,Yes,NoIntersection,VeryGood,2Vehicles-Behind,7,Thursday,10,False,False
201800019721,NonLethal,Daylight,Yes,X-type,Normal,2Vehicles-Side,2,Friday,11,False,False
201800051273,NonLethal,NightStreelightsOff,Yes,Y-type,LightRain,2Vehicles-Behind,2,Monday,2,False,True
201800032699,NonLethal,Daylight,No,NoIntersection,Normal,Other,4,Thursday,19,False,False
201800033092,NonLethal,NightStreelightsOn,Yes,T-type,LightRain,2Vehicles-Side,2,Thursday,7,False,False
201800053439,NonLethal,NightStreelightsOn,Yes,NoIntersection,Normal,Other,8,Tuesday,4,False,True
201800018483,NonLethal,Daylight,No,T-type,Normal,3+Vehicles-Multiple,12,Tuesday,9,False,False
201800040359,NonLethal,NightStreelightsOn,Yes,X-type,LightRain,Other,1,Thursday,20,False,False
201800010326,Lethal,NightNoStreetLight,No,Roundabout,Normal,NoCollision,1,Sunday,0,True,True
201800026517,NonLethal,TwilightOrDawn,No,T-type,Normal,2Vehicles-BehindVehicles-Frontal,1,Friday,8,False,False
201800000634,NonLethal,NightNoStreetLight,Yes,Roundabout,Normal,Other,10,Saturday,6,True,True
201800012505,NonLethal,NightNoStreetLight,No,NoIntersection,FogOrSmoke,2Vehicles-BehindVehicles-Frontal,12,Friday,0,False,True
201800017110,NonLethal,Daylight,No,T-type,Normal,2Vehicles-Side,8,Monday,14,False,False
201800015645,NonLethal,NightStreelightsOn,Yes,NoIntersection,HeavyRain,Other,12,Tuesday,17,False,False
201800035653,Lethal,NightStreelightsOn,No,NoIntersection,Normal,NoCollision,12,Friday,19,False,False
201800003479,NonLethal,NightStreelightsOn,Yes,NoIntersection,HeavyRain,Other,3,Sunday,19,True,False
201800051614,NonLethal,NightStreelightsOn,Yes,NoIntersection,LightRain,Other,11,Friday,21,False,False
201800031194,Lethal,NightStreelightsOn,Yes,NoIntersection,Normal,2Vehicles-BehindVehicles-Frontal,2,Friday,23,False,False
201800047979,NonLethal,Daylight,No,NoIntersection,Normal,3+Vehicles-Chain,10,Friday,8,False,False
201800021680,NonLethal,TwilightOrDawn,No,NoIntersection,Normal,NoCollision,5,Saturday,6,True,True
201800016967,NonLethal,Daylight,No,NoIntersection,Normal,2Vehicles-Side,6,Saturday,16,True,False
201800032081,NonLethal,Daylight,Yes,NoIntersection,Normal,2Vehicles-Side,9,Sunday,18,True,False
201800038938,NonLethal,Daylight,Yes,NoIntersection,Normal,2Vehicles-Side,8,Friday,18,False,False
201800033360,NonLethal,NightStreelightsOn,Yes,Y-type,Normal,3+Vehicles-Multiple,8,Thursday,18,False,False
201800016268,NonLethal,Daylight,No,NoIntersection,StrongWindOrStorm,3+Vehicles-Multiple,4,Sunday,16,True,False
201800052558,NonLethal,NightStreelightsOn,Yes,X-type,Normal,2Vehicles-Side,10,Wednesday,20,False,False
201800012024,NonLethal,TwilightOrDawn,Yes,NoIntersection,Normal,2Vehicles-BehindVehicles-Frontal,9,Sunday,19,True,False
201800011305,Lethal,Daylight,No,NoIntersection,Normal,2Vehicles-BehindVehicles-Frontal,3,Sunday,14,True,False
201800055959,NonLethal,Daylight,Yes,NoIntersection,Normal,2Vehicles-Side,10,Saturday,18,True,False
201800050129,NonLethal,NightStreelightsOn,No,NoIntersection,LightRain,2Vehicles-Side,11,Friday,21,False,False
201800043970,NonLethal,Daylight,No,NoIntersection,Normal,3+Vehicles-Chain,4,Thursday,19,False,False
201800016386,NonLethal,Daylight,Yes,NoIntersection,Normal,2Vehicles-Side,9,Friday,9,False,False
201800013696,NonLethal,NightStreelightsOn,Yes,T-type,Normal,2Vehicles-BehindVehicles-Frontal,11,Monday,18,False,False
201800022283,NonLethal,TwilightOrDawn,Yes,NoIntersection,LightRain,Other,2,Saturday,17,True,False
201800005015,NonLethal,NightNoStreetLight,No,NoIntersection,LightRain,2Vehicles-BehindVehicles-Frontal,5,Saturday,23,True,False
201800046553,NonLethal,Daylight,No,NoIntersection,LightRain,3+Vehicles-Chain,4,Monday,15,False,False
201800007435,NonLethal,Daylight,Yes,NoIntersection,Overcast,NoCollision,10,Tuesday,16,False,False
201800037668,NonLethal,Daylight,Yes,NoIntersection,Normal,2Vehicles-Side,8,Wednesday,17,False,False
201800016226,NonLethal,Daylight,No,Roundabout,Normal,NoCollision,5,Sunday,5,True,True
201800019284,NonLethal,Daylight,Yes,NoIntersection,LightRain,2Vehicles-BehindVehicles-Frontal,12,Wednesday,9,False,False
201800012045,NonLethal,TwilightOrDawn,No,NoIntersection,Normal,2Vehicles-BehindVehicles-Frontal,10,Friday,18,False,False
201800014485,NonLethal,TwilightOrDawn,No,NoIntersection,LightRain,NoCollision,1,Monday,17,False,False
201800042820,NonLethal,NightStreelightsOn,Yes,NoIntersection,LightRain,Other,11,Friday,2,False,True
201800006640,Lethal,NightNoStreetLight,No,NoIntersection,Normal,3+Vehicles-Multiple,8,Sunday,1,True,True
201800033491,NonLethal,Daylight,Yes,NoIntersection,Normal,Other,6,Thursday,7,False,False
201800004779,NonLethal,NightNoStreetLight,No,NoIntersection,Normal,NoCollision,1,Saturday,22,True,False
201800029794,NonLethal,Daylight,Yes,X-type,Normal,2Vehicles-Side,12,Monday,13,False,False
201800027499,NonLethal,Daylight,Yes,NoIntersection,Normal,NoCollision,10,Wednesday,15,False,False
201800017313,Lethal,TwilightOrDawn,No,NoIntersection,Normal,2Vehicles-BehindVehicles-Frontal,9,Thursday,18,False,False
201800030855,NonLethal,Daylight,Yes,NoIntersection,Normal,2Vehicles-Behind,8,Sunday,11,True,False
201800003602,NonLethal,TwilightOrDawn,Yes,NoIntersection,Normal,2Vehicles-Side,11,Wednesday,5,False,True
201800030752,NonLethal,Daylight,Yes,NoIntersection,Normal,2Vehicles-Behind,2,Sunday,12,True,False
201800020889,NonLethal,Daylight,No,NoIntersection,Normal,NoCollision,10,Friday,8,False,False
201800042145,NonLethal,Daylight,Yes,NoIntersection,LightRain,Other,4,Tuesday,17,False,False
201800008013,NonLethal,NightStreelightsOn,Yes,Roundabout,Normal,2Vehicles-Side,2,Friday,0,False,True
201800043554,NonLethal,Daylight,Yes,NoIntersection,Normal,Other,5,Wednesday,16,False,False
201800051322,NonLethal,NightStreelightsOn,Yes,T-type,Normal,Other,3,Sunday,1,True,True
201800013213,Lethal,NightNoStreetLight,No,NoIntersection,HeavyRain,NoCollision,10,Wednesday,18,False,False
201800023740,Lethal,Daylight,No,NoIntersection,Normal,NoCollision,5,Thursday,16,False,False
201800033834,NonLethal,NightStreelightsOn,Yes,X-type,Normal,2Vehicles-Side,1,Tuesday,3,False,True
201800025869,NonLethal,NightStreelightsOn,Yes,NoIntersection,Normal,Other,1,Monday,6,False,True
201800051847,NonLethal,Daylight,Yes,T-type,Normal,NoCollision,2,Sunday,16,True,False
201800019960,NonLethal,Daylight,No,NoIntersection,Normal,Other,6,Friday,17,False,False
201800050343,NonLethal,Daylight,Yes,T-type,LightRain,Other,12,Sunday,15,True,False
201800040384,NonLethal,Daylight,Yes,Other,LightRain,2Vehicles-Side,12,Friday,10,False,False
201800033575,NonLethal,Daylight,Yes,NoIntersection,Normal,Other,11,Thursday,11,False,False
201800038023,NonLethal,Daylight,Yes,NoIntersection,Normal,2Vehicles-Behind,4,Friday,16,False,False
201800040967,NonLethal,NightStreelightsOn,Yes,X-type,Normal,2Vehicles-Side,10,Sunday,19,True,False
201800020378,NonLethal,Daylight,Yes,T-type,Normal,2Vehicles-BehindVehicles-Frontal,9,Tuesday,12,False,False
201800037707,NonLethal,Daylight,Yes,T-type,Normal,2Vehicles-Side,5,Thursday,10,False,False
201800042908,NonLethal,Daylight,Yes,X-type,Normal,Other,9,Saturday,13,True,False
201800050873,NonLethal,NightStreelightsOn,Yes,X-type,Normal,Other,2,Monday,0,False,True
201800010047,NonLethal,Daylight,Yes,T-type,Normal,2Vehicles-Side,8,Saturday,13,True,False
201800004053,NonLethal,Daylight,No,NoIntersection,Normal,2Vehicles-BehindVehicles-Frontal,1,Thursday,12,False,False
201800012129,Lethal,NightNoStreetLight,No,NoIntersection,Normal,Other,10,Friday,22,False,False
201800003853,Lethal,NightNoStreetLight,No,NoIntersection,Normal,2Vehicles-Behind,9,Sunday,20,True,False
201800014298,NonLethal,Daylight,Yes,Roundabout,StrongWindOrStorm,Other,10,Sunday,14,True,False
201800018707,NonLethal,TwilightOrDawn,No,NoIntersection,SnowOrHail,NoCollision,3,Friday,7,False,False
201800025570,NonLethal,Daylight,Yes,NoIntersection,Normal,Other,10,Tuesday,14,False,False
201800047274,NonLethal,Daylight,Yes,NoIntersection,Normal,2Vehicles-Side,1,Wednesday,18,False,False
201800054939,Lethal,TwilightOrDawn,Yes,X-type,Normal,Other,2,Monday,19,False,False
201800053443,NonLethal,Daylight,Yes,X-type,Normal,Other,7,Monday,9,False,False
201800010249,NonLethal,NightStreelightsOn,Yes,T-type,Normal,2Vehicles-Side,11,Monday,22,False,False
201800043458,NonLethal,TwilightOrDawn,Yes,Roundabout,Normal,2Vehicles-Side,9,Tuesday,7,False,False
201800038733,NonLethal,NightStreelightsOn,Yes,NoIntersection,Normal,3+Vehicles-Multiple,10,Friday,22,False,False
201800020857,NonLethal,Daylight,Yes,Y-type,Normal,2Vehicles-Side,7,Monday,21,False,False
201800008111,NonLethal,Daylight,Yes,T-type,Normal,Other,2,Wednesday,11,False,False
201800036992,NonLethal,NightNoStreetLight,No,NoIntersection,Normal,Other,6,Thursday,23,False,False
201800042124,NonLethal,NightStreelightsOn,Yes,X-type,LightRain,Other,1,Thursday,6,False,True
201800049949,NonLethal,Daylight,No,NoIntersection,Normal,Other,7,Thursday,14,False,False
201800052189,NonLethal,TwilightOrDawn,Yes,NoIntersection,LightRain,2Vehicles-Side,10,Tuesday,18,False,False
201800049096,NonLethal,Daylight,No,NoIntersection,Normal,2Vehicles-Side,12,Friday,11,False,False
201800039914,NonLethal,Daylight,Yes,NoIntersection,Normal,Other,8,Friday,14,False,False
201800031358,NonLethal,Daylight,Yes,NoIntersection,Normal,Other,11,Friday,10,False,False
201800013028,NonLethal,Daylight,No,NoIntersection,Normal,NoCollision,11,Saturday,14,True,False
201800001100,Lethal,NightStreelightsOn,Yes,Roundabout,Normal,Other,3,Tuesday,6,False,True
201800013310,NonLethal,Daylight,Yes,Other,LightRain,NoCollision,8,Sunday,19,True,False
201800037589,NonLethal,NightStreelightsOn,Yes,X-type,LightRain,2Vehicles-Side,4,Thursday,21,False,False
201800047819,NonLethal,NightStreelightsOn,Yes,NoIntersection,Normal,Other,11,Wednesday,17,False,False
201800014961,NonLethal,Daylight,No,X-type,VeryGood,3+Vehicles-Multiple,7,Tuesday,16,False,False
201800049091,NonLethal,Daylight,No,NoIntersection,Normal,3+Vehicles-Multiple,12,Tuesday,13,False,False
201800012095,Lethal,TwilightOrDawn,Yes,NoIntersection,Normal,Other,12,Saturday,8,True,False
201800032750,NonLethal,NightStreelightsOn,Yes,NoIntersection,LightRain,NoCollision,2,Friday,22,False,False
201800029762,NonLethal,Daylight,Yes,NoIntersection,Normal,Other,4,Tuesday,20,False,False
201800043752,NonLethal,Daylight,No,NoIntersection,LightRain,2Vehicles-Behind,11,Tuesday,8,False,False
201800056241,Lethal,Daylight,No,NoIntersection,Normal,Other,2,Thursday,9,False,False
201800036077,NonLethal,Daylight,Yes,T-type,Normal,Other,5,Tuesday,18,False,False
201800034886,NonLethal,Daylight,Yes,X-type,Normal,2Vehicles-Side,9,Saturday,19,True,False
201800009841,NonLethal,Daylight,Yes,NoIntersection,Normal,2Vehicles-BehindVehicles-Frontal,3,Saturday,19,True,False
201800022896,NonLethal,NightStreelightsOn,Yes,NoIntersection,LightRain,2Vehicles-Side,1,Monday,21,False,False
201800026972,NonLethal,Daylight,Yes,T-type,Normal,Other,10,Saturday,8,True,False
201800047154,NonLethal,Daylight,No,NoIntersection,Normal,2Vehicles-Behind,12,Friday,11,False,False
201800012625,NonLethal,Daylight,No,NoIntersection,Normal,2Vehicles-BehindVehicles-Frontal,6,Saturday,17,True,False
201800045640,Lethal,Daylight,No,NoIntersection,Normal,3+Vehicles-Multiple,10,Monday,10,False,False
201800004276,NonLethal,Daylight,No,NoIntersection,Normal,2Vehicles-BehindVehicles-Frontal,5,Tuesday,18,False,False
201800014085,NonLethal,Daylight,No,NoIntersection,Normal,2Vehicles-BehindVehicles-Frontal,8,Sunday,14,True,False
201800048625,NonLethal,NightStreelightsOn,Yes,T-type,Normal,2Vehicles-Side,10,Saturday,4,True,True
201800015145,NonLethal,TwilightOrDawn,No,NoIntersection,Normal,Other,8,Saturday,17,True,False
201800039085,NonLethal,Daylight,Yes,NoIntersection,Normal,NoCollision,8,Tuesday,8,False,False
201800019726,NonLethal,Daylight,Yes,T-type,Normal,2Vehicles-Side,7,Monday,9,False,False
201800012839,NonLethal,NightStreelightsOn,Yes,NoIntersection,Normal,NoCollision,9,Monday,19,False,False
201800001563,NonLethal,Daylight,Yes,NoIntersection,Normal,Other,11,Friday,7,False,False
201800050698,NonLethal,Daylight,Yes,X-type,LightRain,Other,6,Monday,15,False,False
201800024153,NonLethal,Daylight,Yes,Other,Normal,2Vehicles-Side,3,Saturday,15,True,False
201800040640,NonLethal,NightStreelightsOn,Yes,Roundabout,Normal,2Vehicles-Side,1,Wednesday,19,False,False
201800018645,NonLethal,Daylight,No,T-type,Normal,2Vehicles-Side,9,Friday,8,False,False
201800000852,NonLethal,NightStreelightsOn,Yes,NoIntersection,Normal,Other,11,Wednesday,18,False,False
201800035875,NonLethal,Daylight,Yes,NoIntersection,Normal,Other,4,Sunday,12,True,False
201800034650,NonLethal,NightStreelightsOn,Yes,NoIntersection,Normal,Other,3,Sunday,4,True,True
201800014460,NonLethal,TwilightOrDawn,No,NoIntersection,Normal,NoCollision,12,Tuesday,19,False,False
201800003571,NonLethal,Daylight,No,NoIntersection,Normal,3+Vehicles-Multiple,8,Saturday,12,True,False
201800025172,NonLethal,Daylight,Yes,NoIntersection,Normal,Other,12,Saturday,12,True,False
201800024799,NonLethal,Daylight,No,NoIntersection,Normal,Other,6,Wednesday,20,False,False
201800042298,NonLethal,Daylight,Yes,NoIntersection,Normal,2Vehicles-Side,6,Wednesday,9,False,False
201800013494,NonLethal,Daylight,Yes,NoIntersection,Normal,Other,8,Friday,16,False,False
201800056643,NonLethal,NightStreelightsOn,Yes,X-type,Normal,2Vehicles-Side,9,Thursday,20,False,False
201800041890,NonLethal,Daylight,Yes,X-type,Normal,2Vehicles-Side,9,Sunday,19,True,False
201800054080,NonLethal,Daylight,Yes,X-type,Normal,Other,4,Friday,10,False,False
201800054093,NonLethal,Daylight,Yes,X-type,Normal,2Vehicles-Side,12,Wednesday,14,False,False
201800014841,NonLethal,Daylight,No,NoIntersection,FogOrSmoke,NoCollision,12,Sunday,9,True,False
201800050125,NonLethal,Daylight,No,NoIntersection,LightRain,Other,11,Tuesday,13,False,False
201800033089,NonLethal,Daylight,Yes,X-type,LightRain,2Vehicles-Side,1,Thursday,8,False,False
201800017576,NonLethal,TwilightOrDawn,Yes,X-type,StrongWindOrStorm,2Vehicles-Side,2,Wednesday,17,False,False
201800054291,NonLethal,NightNoStreetLight,No,Y-type,Overcast,Other,12,Monday,1,False,True
201800056280,NonLethal,NightStreelightsOn,Yes,NoIntersection,Normal,2Vehicles-BehindVehicles-Frontal,8,Sunday,20,True,False
201800009711,NonLethal,NightStreelightsOn,Yes,NoIntersection,Normal,Other,9,Friday,2,False,True
201800035566,NonLethal,Daylight,Yes,Other,Normal,Other,7,Monday,11,False,False
201800037053,NonLethal,TwilightOrDawn,Yes,Roundabout,Normal,2Vehicles-Side,9,Wednesday,7,False,False
201800033132,NonLethal,Daylight,Yes,NoIntersection,Normal,Other,6,Thursday,21,False,False
201800016149,NonLethal,NightNoStreetLight,Yes,NoIntersection,LightRain,Other,12,Monday,0,False,True
201800012208,NonLethal,NightStreelightsOn,Yes,NoIntersection,Normal,Other,8,Wednesday,7,False,False
201800017132,NonLethal,Daylight,No,NoIntersection,Normal,NoCollision,7,Wednesday,21,False,False
201800056204,NonLethal,NightNoStreetLight,No,NoIntersection,Normal,Other,4,Saturday,1,True,True
201800006083,NonLethal,Daylight,No,NoIntersection,Normal,NoCollision,7,Sunday,10,True,False
201800018578,NonLethal,Daylight,Yes,NoIntersection,Normal,Other,8,Friday,17,False,False
201800009042,NonLethal,Daylight,Yes,NoIntersection,Normal,Other,5,Wednesday,10,False,False
201800010289,NonLethal,Daylight,Yes,NoIntersection,Normal,2Vehicles-Side,6,Friday,17,False,False
201800024455,NonLethal,Daylight,Yes,NoIntersection,HeavyRain,2Vehicles-Behind,10,Wednesday,17,False,False
201800040521,NonLethal,Daylight,Yes,NoIntersection,LightRain,2Vehicles-Side,12,Saturday,15,True,False
201800051132,NonLethal,Daylight,Yes,Square,Normal,2Vehicles-Side,7,Monday,13,False,False
201800010286,NonLethal,Daylight,Yes,Other,Normal,2Vehicles-Side,6,Tuesday,12,False,False
201800043979,NonLethal,Daylight,No,Other,Normal,Other,5,Wednesday,16,False,False
201800026996,NonLethal,NightStreelightsOn,Yes,X-type,Normal,2Vehicles-Side,11,Sunday,0,True,True
201800025151,NonLethal,Daylight,Yes,NoIntersection,Normal,NoCollision,12,Saturday,7,True,False
201800009737,NonLethal,Daylight,Yes,NoIntersection,Normal,2Vehicles-Side,9,Wednesday,14,False,False
201800056294,NonLethal,NightStreelightsOn,Yes,NoIntersection,Normal,2Vehicles-Side,3,Wednesday,20,False,False
201800052570,NonLethal,Daylight,Yes,NoIntersection,Normal,2Vehicles-Side,10,Sunday,15,True,False
201800056935,NonLethal,Daylight,Yes,NoIntersection,Normal,3+Vehicles-Multiple,5,Wednesday,17,False,False
201800042040,NonLethal,NightStreelightsOn,Yes,NoIntersection,LightRain,Other,10,Thursday,20,False,False
201800030010,NonLethal,Daylight,No,X-type,Normal,2Vehicles-Side,7,Thursday,13,False,False
201800051121,NonLethal,NightStreelightsOn,Yes,X-type,Normal,2Vehicles-Side,6,Sunday,2,True,True
201800010542,NonLethal,Daylight,Yes,X-type,Normal,Other,6,Friday,14,False,False
201800052759,NonLethal,Daylight,Yes,NoIntersection,Normal,2Vehicles-Behind,6,Tuesday,14,False,False
201800045977,NonLethal,Daylight,No,NoIntersection,Normal,2Vehicles-Side,6,Thursday,15,False,False
201800026942,NonLethal,Daylight,Yes,NoIntersection,Normal,Other,10,Tuesday,17,False,False
201800007829,NonLethal,Daylight,Yes,NoIntersection,Normal,Other,3,Saturday,11,True,False
201800014615,NonLethal,Daylight,Yes,X-type,LightRain,2Vehicles-Side,1,Sunday,14,True,False
201800034967,NonLethal,NightStreelightsOn,Yes,NoIntersection,LightRain,2Vehicles-Side,1,Wednesday,1,False,True
201800006787,NonLethal,NightStreelightsOn,Yes,NoIntersection,Normal,2Vehicles-Side,1,Sunday,20,True,False
201800054418,NonLethal,NightNoStreetLight,Yes,T-type,Normal,Other,5,Wednesday,23,False,False
201800000629,Lethal,NightNoStreetLight,No,NoIntersection,FogOrSmoke,Other,4,Saturday,7,True,False
201800028570,NonLethal,TwilightOrDawn,Yes,NoIntersection,LightRain,Other,10,Thursday,8,False,False
201800028021,NonLethal,Daylight,Yes,NoIntersection,Normal,Other,5,Wednesday,10,False,False
201800044106,NonLethal,Daylight,No,NoIntersection,Normal,2Vehicles-Behind,8,Tuesday,15,False,False
201800010253,NonLethal,NightStreelightsOn,Yes,NoIntersection,Normal,3+Vehicles-Chain,12,Thursday,19,False,False
201800042945,NonLethal,NightStreelightsOn,Yes,T-type,Overcast,2Vehicles-Side,12,Sunday,7,True,False
201800006376,NonLethal,Daylight,Yes,T-type,Normal,Other,3,Wednesday,16,False,False
201800026234,NonLethal,TwilightOrDawn,Yes,NoIntersection,Overcast,2Vehicles-Behind,6,Monday,17,False,False
201800050754,NonLethal,NightStreelightsOff,Yes,X-type,LightRain,Other,1,Tuesday,20,False,False
201800034976,NonLethal,Daylight,Yes,NoIntersection,Normal,2Vehicles-Behind,1,Tuesday,13,False,False
201800046693,NonLethal,TwilightOrDawn,No,NoIntersection,Normal,2Vehicles-Behind,6,Saturday,5,True,True
201800037582,NonLethal,Daylight,Yes,NoIntersection,Normal,Other,4,Friday,8,False,False
201800032085,NonLethal,Daylight,Yes,NoIntersection,VeryGood,2Vehicles-Side,4,Saturday,18,True,False
201800026163,NonLethal,NightStreelightsOn,Yes,NoIntersection,Normal,Other,11,Friday,6,False,True
201800010940,NonLethal,Daylight,No,T-type,Normal,2Vehicles-Side,10,Thursday,9,False,False
201800000644,NonLethal,NightStreelightsOn,Yes,NoIntersection,LightRain,Other,1,Saturday,23,True,False
201800004800,NonLethal,Daylight,No,NoIntersection,LightRain,3+Vehicles-Chain,11,Wednesday,12,False,False
201800043758,NonLethal,TwilightOrDawn,Yes,NoIntersection,Normal,NoCollision,4,Thursday,17,False,False
201800024770,NonLethal,NightStreelightsOn,Yes,NoIntersection,Normal,Other,5,Wednesday,23,False,False
201800014920,Lethal,Daylight,Yes,NoIntersection,VeryGood,Other,4,Tuesday,9,False,False
201800024745,NonLethal,Daylight,Yes,NoIntersection,Normal,NoCollision,4,Monday,14,False,False
201800002277,NonLethal,Daylight,No,NoIntersection,Normal,2Vehicles-Behind,2,Saturday,9,True,False
201800022149,NonLethal,NightStreelightsOn,Yes,X-type,Normal,2Vehicles-Side,11,Sunday,17,True,False
201800049527,NonLethal,Daylight,No,NoIntersection,Normal,2Vehicles-Side,1,Monday,13,False,False
201800030035,NonLethal,Daylight,Yes,X-type,Normal,2Vehicles-Side,7,Saturday,19,True,False
201800001978,NonLethal,Daylight,No,NoIntersection,Normal,2Vehicles-Side,2,Thursday,8,False,False
201800022859,NonLethal,Daylight,Yes,NoIntersection,Normal,2Vehicles-Side,12,Monday,12,False,False
201800000287,NonLethal,TwilightOrDawn,No,NoIntersection,Normal,NoCollision,9,Monday,21,False,False
201800021668,NonLethal,NightNoStreetLight,No,NoIntersection,LightRain,2Vehicles-BehindVehicles-Frontal,12,Thursday,3,False,True
201800031718,NonLethal,TwilightOrDawn,No,X-type,Normal,2Vehicles-Side,4,Monday,20,False,False
201800053268,NonLethal,NightStreelightsOn,Yes,MoreThan4Branches,Normal,2Vehicles-Side,2,Saturday,22,True,False
201800011907,NonLethal,Daylight,No,NoIntersection,LightRain,NoCollision,11,Friday,15,False,False
201800051737,NonLethal,Daylight,Yes,X-type,Overcast,2Vehicles-Side,5,Wednesday,11,False,False
201800029988,NonLethal,Daylight,No,X-type,Normal,2Vehicles-Side,4,Sunday,16,True,False
201800039042,NonLethal,Daylight,Yes,NoIntersection,Normal,2Vehicles-Behind,10,Thursday,17,False,False
201800027730,NonLethal,Daylight,Yes,NoIntersection,Normal,Other,5,Thursday,16,False,False
201800041692,NonLethal,NightStreelightsOn,Yes,NoIntersection,Normal,Other,10,Thursday,3,False,True
201800017610,NonLethal,Daylight,Yes,NoIntersection,Normal,2Vehicles-Behind,6,Saturday,10,True,False
201800032282,NonLethal,Daylight,Yes,NoIntersection,Normal,Other,5,Thursday,9,False,False
201800022290,NonLethal,Daylight,Yes,T-type,Normal,2Vehicles-Side,2,Friday,9,False,False
201800041693,NonLethal,NightStreelightsOff,Yes,X-type,Normal,2Vehicles-Side,10,Thursday,21,False,False
201800006799,NonLethal,Daylight,Yes,NoIntersection,Normal,Other,7,Friday,10,False,False
201800033398,NonLethal,Daylight,Yes,X-type,Normal,2Vehicles-BehindVehicles-Frontal,9,Thursday,13,False,False
201800038580,NonLethal,Daylight,Yes,NoIntersection,Normal,2Vehicles-Side,5,Thursday,12,False,False
201800013962,Lethal,Daylight,No,NoIntersection,Normal,Other,9,Saturday,17,True,False
201800018035,NonLethal,Daylight,No,NoIntersection,Normal,3+Vehicles-Multiple,1,Monday,16,False,False
201800043920,NonLethal,NightNoStreetLight,No,NoIntersection,Normal,Other,4,Sunday,4,True,True
201800051331,NonLethal,NightStreelightsOn,Yes,Square,Normal,Other,1,Thursday,2,False,True
201800052724,NonLethal,Daylight,Yes,T-type,Normal,2Vehicles-Side,5,Tuesday,18,False,False