AccidentId,Gravity,Light,InAgglomeration,IntersectionType,Weather,CollisionType,Month,DayOfWeek,HourOfDay,IsWeekend,IsNight
201800024631,NonLethal,TwilightOrDawn,Yes,T-type,LightRain,Other,1,Tuesday,8,False,False
201800055329,NonLethal,Daylight,Yes,Y-type,LightRain,2Vehicles-Side,4,Thursday,16,False,False
201800007362,NonLethal,Daylight,Yes,X-type,Normal,2Vehicles-Side,7,Saturday,19,True,False
201800052249,NonLethal,Daylight,Yes,NoIntersection,Normal,Other,11,Tuesday,16,False,False
201800013773,NonLethal,Daylight,No,NoIntersection,Normal,Other,10,Saturday,18,True,False
201800046472,NonLethal,Daylight,No,NoIntersection,HeavyRain,3+Vehicles-Chain,3,Saturday,14,True,False
201800053050,NonLethal,Daylight,Yes,NoIntersection,Normal,2Vehicles-Side,6,Saturday,11,True,False
201800012443,NonLethal,Daylight,No,NoIntersection,Normal,Other,8,Thursday,18,False,False
201800022629,NonLethal,Daylight,Yes,X-type,Normal,Other,11,Thursday,7,False,False
201800040308,NonLethal,Daylight,Yes,T-type,Normal,2Vehicles-Side,5,Friday,18,False,False
201800039285,NonLethal,Daylight,Yes,X-type,Normal,2Vehicles-BehindVehicles-Frontal,2,Thursday,18,False,False
201800054712,NonLethal,Daylight,Yes,MoreThan4Branches,Normal,Other,2,Monday,10,False,False
201800012769,NonLethal,TwilightOrDawn,Yes,NoIntersection,Normal,Other,5,Friday,6,False,True
201800048913,NonLethal,Daylight,No,NoIntersection,Normal,3+Vehicles-Chain,6,Tuesday,16,False,False
201800045448,NonLethal,Daylight,No,NoIntersection,LightRain,Other,12,Tuesday,10,False,False
201800050262,NonLethal,Daylight,Yes,T-type,Normal,Other,5,Thursday,17,False,False
201800029192,NonLethal,Daylight,Yes,NoIntersection,Normal,2Vehicles-Behind,12,Saturday,14,True,False
201800025288,NonLethal,Daylight,Yes,NoIntersection,Normal,Other,4,Saturday,17,True,False
201800017757,NonLethal,Daylight,No,NoIntersection,Normal,2Vehicles-BehindVehicles-Frontal,8,Monday,12,False,False
201800008335,NonLethal,TwilightOrDawn,Yes,NoIntersection,Normal,2Vehicles-Side,1,Thursday,8,False,False
201800049116,NonLethal,TwilightOrDawn,No,NoIntersection,Normal,2Vehicles-Behind,12,Sunday,7,True,False
201800049137,NonLethal,Daylight,No,NoIntersection,Normal,2Vehicles-Behind,4,Friday,17,False,False
201800008907,NonLethal,Daylight,Yes,NoIntersection,Normal,Other,4,Wednesday,12,False,False
201800008474,NonLethal,Daylight,Yes,Roundabout,Normal,2Vehicles-Side,2,Wednesday,9,False,False
201800010108,NonLethal,NightNoStreetLight,Yes,NoIntersection,LightRain,Other,11,Saturday,2,True,True
201800031188,NonLethal,Daylight,Yes,NoIntersection,Normal,2Vehicles-Behind,8,Thursday,16,False,False
201800051513,NonLethal,TwilightOrDawn,Yes,T-type,Normal,2Vehicles-Side,6,Saturday,22,True,False
201800018566,NonLethal,Daylight,No,NoIntersection,VeryGood,Other,10,Saturday,14,True,False
201800032398,NonLethal,NightNoStreetLight,Yes,NoIntersection,Normal,Other,3,Monday,5,False,True
201800047705,NonLethal,Daylight,Yes,NoIntersection,Normal,2Vehicles-BehindVehicles-Frontal,9,Saturday,15,True,False
201800004630,NonLethal,TwilightOrDawn,Yes,Roundabout,Normal,Other,7,Thursday,21,False,False
201800004304,NonLethal,NightNoStreetLight,No,NoIntersection,Normal,2Vehicles-Behind,1,Thursday,22,False,False
201800030486,NonLethal,Daylight,Yes,NoIntersection,Normal,Other,1,Friday,13,False,False
201800033009,NonLethal,Daylight,Yes,NoIntersection,Normal,2Vehicles-Side,8,Tuesday,7,False,False
201800005520,NonLethal,Daylight,Yes,NoIntersection,VeryGood,2Vehicles-Side,6,Thursday,17,False,False
201800033611,NonLethal,Daylight,Yes,Other,LightRain,2Vehicles-Side,1,Sunday,15,True,False
201800049616,NonLethal,NightNoStreetLight,No,NoIntersection,LightRain,3+Vehicles-Chain,11,Tuesday,18,False,False
201800053165,NonLethal,NightNoStreetLight,Yes,X-type,LightRain,Other,10,Friday,20,False,False
201800055061,NonLethal,Daylight,Yes,NoIntersection,Normal,Other,2,Wednesday,18,False,False
201800014722,NonLethal,Daylight,No,NoIntersection,Normal,Other,8,Monday,8,False,False
201800014157,NonLethal,Daylight,No,NoIntersection,Normal,NoCollision,7,Saturday,14,True,False
201800035792,NonLethal,NightNoStreetLight,Yes,NoIntersection,Normal,NoCollision,6,Friday,1,False,True
201800038868,NonLethal,TwilightOrDawn,Yes,T-type,Normal,2Vehicles-Behind,11,Thursday,17,False,False
201800005575,NonLethal,Daylight,Yes,NoIntersection,Normal,2Vehicles-Side,1,Monday,8,False,False
201800015914,NonLethal,Daylight,Yes,NoIntersection,Normal,NoCollision,9,Monday,13,False,False
201800021076,NonLethal,Daylight,Yes,Other,Normal,Other,12,Tuesday,19,False,False
201800041649,NonLethal,NightStreelightsOn,Yes,X-type,Normal,2Vehicles-Behind,1,Monday,23,False,False
201800048495,NonLethal,Daylight,Yes,X-type,Normal,2Vehicles-BehindVehicles-Frontal,4,Monday,12,False,False
201800004843,NonLethal,NightStreelightsOn,Yes,NoIntersection,Normal,Other,11,Tuesday,18,False,False
201800013745,NonLethal,Daylight,Yes,NoIntersection,Normal,NoCollision,7,Monday,15,False,False
201800043164,NonLethal,NightStreelightsOff,Yes,T-type,LightRain,Other,11,Monday,7,False,False
201800001757,NonLethal,Daylight,Yes,NoIntersection,Normal,2Vehicles-Side,10,Friday,7,False,False
201800055828,Lethal,Daylight,No,NoIntersection,Normal,2Vehicles-BehindVehicles-Frontal,8,Saturday,6,True,True
201800028707,NonLethal,Daylight,Yes,NoIntersection,Normal,2Vehicles-Side,8,Saturday,14,True,False
201800032170,NonLethal,Daylight,Yes,Y-type,Normal,2Vehicles-Side,9,Saturday,12,True,False
201800030520,NonLethal,Daylight,Yes,T-type,Normal,2Vehicles-Side,1,Wednesday,14,False,False
201800024171,Lethal,TwilightOrDawn,Yes,NoIntersection,VeryGood,Other,7,Tuesday,7,False,False
201800042207,NonLethal,Daylight,Yes,NoIntersection,Normal,2Vehicles-Side,9,Friday,18,False,False
201800011458,NonLethal,Daylight,No,NoIntersection,Normal,3+Vehicles-Chain,7,Sunday,8,True,False
201800024486,NonLethal,Daylight,Yes,NoIntersection,Normal,NoCollision,10,Tuesday,13,False,False
201800046955,NonLethal,TwilightOrDawn,No,NoIntersection,Normal,2Vehicles-Side,11,Saturday,18,True,False
201800037980,NonLethal,NightStreelightsOn,Yes,Roundabout,LightRain,2Vehicles-Side,12,Sunday,23,True,False
201800020158,NonLethal,NightNoStreetLight,No,T-type,StrongWindOrStorm,2Vehicles-BehindVehicles-Frontal,9,Tuesday,18,False,False
201800010444,NonLethal,Daylight,Yes,NoIntersection,Normal,2Vehicles-Side,3,Thursday,17,False,False
201800013654,Lethal,NightNoStreetLight,No,NoIntersection,HeavyRain,NoCollision,10,Monday,20,False,False
201800045462,NonLethal,NightNoStreetLight,No,NoIntersection,Normal,2Vehicles-Behind,11,Thursday,19,False,False
201800033712,NonLethal,NightStreelightsOn,Yes,NoIntersection,LightRain,Other,1,Saturday,0,True,True
201800001174,NonLethal,Daylight,Yes,NoIntersection,Normal,2Vehicles-Behind,5,Friday,7,False,False
201800026374,NonLethal,Daylight,Yes,Roundabout,Normal,Other,6,Wednesday,11,False,False
201800009500,NonLethal,Daylight,Yes,NoIntersection,Normal,2Vehicles-Side,8,Wednesday,17,False,False
201800055736,NonLethal,Daylight,Yes,Y-type,Normal,2Vehicles-Behind,12,Thursday,9,False,False
201800050522,NonLethal,Daylight,Yes,T-type,Normal,Other,1,Friday,8,False,False
201800050699,NonLethal,Daylight,Yes,NoIntersection,Normal,2Vehicles-Behind,6,Thursday,16,False,False
201800040063,NonLethal,Daylight,Yes,X-type,Normal,2Vehicles-Side,10,Tuesday,13,False,False
201800003580,Lethal,NightNoStreetLight,No,NoIntersection,Normal,Other,3,Tuesday,19,False,False
201800010347,Lethal,Daylight,No,NoIntersection,Normal,3+Vehicles-Multiple,6,Sunday,18,True,False
201800023788,Lethal,Daylight,No,NoIntersection,Normal,2Vehicles-BehindVehicles-Frontal,4,Sunday,10,True,False
201800037501,NonLethal,NightStreelightsOn,Yes,NoIntersection,Normal,Other,5,Thursday,20,False,False
201800006855,NonLethal,Daylight,No,NoIntersection,Normal,Other,5,Thursday,8,False,False
201800044023,NonLethal,Daylight,No,NoIntersection,Normal,2Vehicles-Behind,1,Saturday,18,True,False
201800048723,NonLethal,NightStreelightsOn,Yes,T-type,Normal,2Vehicles-Behind,11,Thursday,22,False,False
201800010503,NonLethal,Daylight,No,NoIntersection,Normal,NoCollision,4,Wednesday,13,False,False
201800051186,NonLethal,Daylight,Yes,NoIntersection,Normal,2Vehicles-Side,11,Friday,13,False,False
201800050215,NonLethal,NightStreelightsOff,Yes,NoIntersection,Normal,Other,1,Thursday,6,False,True
201800009175,NonLethal,NightStreelightsOn,Yes,Other,Normal,2Vehicles-Behind,6,Thursday,23,False,False
201800001799,Lethal,Daylight,No,NoIntersection,Normal,2Vehicles-BehindVehicles-Frontal,5,Saturday,18,True,False
201800028545,NonLethal,Daylight,Yes,X-type,Normal,2Vehicles-Side,9,Thursday,14,False,False
201800034189,NonLethal,Daylight,Yes,NoIntersection,Other,2Vehicles-BehindVehicles-Frontal,6,Saturday,13,True,False
201800016721,NonLethal,Daylight,No,NoIntersection,Normal,2Vehicles-Side,3,Friday,8,False,False
201800020299,NonLethal,Daylight,No,NoIntersection,LightRain,2Vehicles-BehindVehicles-Frontal,5,Wednesday,14,False,False
201800011929,NonLethal,NightNoStreetLight,No,NoIntersection,FogOrSmoke,Other,10,Tuesday,0,False,True
201800025406,NonLethal,Daylight,Yes,NoIntersection,Normal,Other,6,Wednesday,20,False,False
201800043311,Lethal,Daylight,Yes,NoIntersection,Normal,Other,1,Friday,15,False,False
201800000246,NonLethal,Daylight,No,NoIntersection,Normal,NoCollision,4,Tuesday,19,False,False
201800031012,NonLethal,Daylight,No,NoIntersection,Normal,3+Vehicles-Chain,6,Friday,17,False,False
201800009013,NonLethal,Daylight,Yes,Other,Overcast,2Vehicles-Side,5,Thursday,13,False,False
201800001856,NonLethal,Daylight,No,NoIntersection,Normal,2Vehicles-Side,4,Thursday,7,False,False
201800029293,NonLethal,NightStreelightsOn,Yes,T-type,Normal,2Vehicles-Side,2,Saturday,19,True,False
201800049586,NonLethal,Daylight,No,NoIntersection,Normal,3+Vehicles-Multiple,8,Tuesday,10,False,False
201800056860,NonLethal,Daylight,Yes,NoIntersection,Normal,2Vehicles-Behind,8,Friday,12,False,False
201800038941,NonLethal,Daylight,No,NoIntersection,LightRain,NoCollision,8,Monday,9,False,False
201800050978,NonLethal,NightStreelightsOn,Yes,Square,LightRain,2Vehicles-Side,1,Saturday,5,True,True
201800009700,NonLethal,Daylight,Yes,X-type,Normal,2Vehicles-Side,12,Sunday,13,True,False
201800009714,NonLethal,Daylight,Yes,T-type,Normal,2Vehicles-Side,9,Friday,9,False,False
201800055369,NonLethal,Daylight,Yes,NoIntersection,Normal,NoCollision,2,Monday,18,False,False
201800049175,NonLethal,Daylight,No,NoIntersection,LightRain,Other,11,Tuesday,7,False,False
201800045721,NonLethal,TwilightOrDawn,No,NoIntersection,Normal,3+Vehicles-Chain,2,Monday,7,False,False
201800012014,NonLethal,TwilightOrDawn,No,NoIntersection,Normal,Other,10,Wednesday,19,False,False
201800054286,NonLethal,Daylight,Yes,NoIntersection,LightRain,Other,12,Saturday,10,True,False
201800025751,NonLethal,NightStreelightsOn,Yes,NoIntersection,Normal,Other,9,Saturday,23,True,False
201800047263,NonLethal,Daylight,Yes,X-type,Normal,2Vehicles-Side,7,Monday,7,False,False
201800054143,NonLethal,Daylight,Yes,T-type,Normal,2Vehicles-Side,7,Monday,16,False,False
201800012360,NonLethal,Daylight,No,NoIntersection,Normal,2Vehicles-BehindVehicles-Frontal,8,Saturday,11,True,False
201800047462,NonLethal,NightStreelightsOn,Yes,NoIntersection,Normal,2Vehicles-Side,4,Friday,22,False,False
201800047398,NonLethal,Daylight,Yes,T-type,Normal,2Vehicles-Side,3,Saturday,16,True,False
201800013584,NonLethal,Daylight,Yes,NoIntersection,Normal,2Vehicles-BehindVehicles-Frontal,5,Thursday,16,False,False
201800045604,NonLethal,Daylight,No,NoIntersection,Normal,Other,12,Monday,11,False,False
201800008016,NonLethal,NightStreelightsOn,Yes,NoIntersection,SnowOrHail,NoCollision,2,Tuesday,3,False,True
201800012347,NonLethal,TwilightOrDawn,No,NoIntersection,LightRain,NoCollision,10,Monday,7,False,False
201800037991,NonLethal,NightStreelightsOn,Yes,NoIntersection,LightRain,NoCollision,1,Wednesday,6,False,True
201800008018,NonLethal,Daylight,Yes,Other,Normal,Other,3,Monday,15,False,False
201800055971,NonLethal,TwilightOrDawn,No,NoIntersection,Normal,2Vehicles-BehindVehicles-Frontal,1,Wednesday,17,False,False
201800028741,NonLethal,NightStreelightsOn,Yes,X-type,Normal,2Vehicles-Side,6,Friday,22,False,False
201800044819,NonLethal,Daylight,No,NoIntersection,Normal,2Vehicles-Behind,4,Wednesday,18,False,False
201800035366,NonLethal,Daylight,No,NoIntersection,LightRain,3+Vehicles-Multiple,1,Thursday,15,False,False
201800021509,NonLethal,NightStreelightsOn,Yes,NoIntersection,Normal,NoCollision,8,Friday,21,False,False
201800050508,NonLethal,NightStreelightsOn,Yes,T-type,Normal,Other,10,Friday,23,False,False
201800017333,NonLethal,Daylight,No,NoIntersection,Normal,2Vehicles-BehindVehicles-Frontal,6,Sunday,15,True,False
201800030700,NonLethal,NightNoStreetLight,Yes,NoIntersection,Normal,Other,9,Friday,2,False,True
201800026709,NonLethal,Daylight,Yes,NoIntersection,Normal,Other,11,Friday,11,False,False
201800032446,NonLethal,Daylight,Yes,NoIntersection,Overcast,Other,5,Monday,12,False,False
201800030244,NonLethal,Daylight,Yes,X-type,Normal,Other,9,Thursday,8,False,False
201800043592,NonLethal,Daylight,Yes,NoIntersection,Normal,Other,9,Saturday,18,True,False
201800035337,NonLethal,NightStreelightsOn,Yes,NoIntersection,Normal,Other,12,Saturday,20,True,False
201800044477,NonLethal,NightNoStreetLight,No,Other,LightRain,2Vehicles-Side,12,Monday,8,False,False
201800019352,NonLethal,Daylight,Yes,NoIntersection,Normal,Other,6,Friday,17,False,False
201800000596,NonLethal,NightNoStreetLight,No,T-type,Normal,2Vehicles-Side,1,Thursday,19,False,False
201800037646,NonLethal,Daylight,Yes,X-type,Normal,Other,11,Saturday,11,True,False
201800057081,NonLethal,NightStreelightsOn,Yes,NoIntersection,Normal,Other,10,Monday,1,False,True
201800047597,NonLethal,Daylight,Yes,Other,Normal,2Vehicles-Behind,7,Tuesday,17,False,False
201800032563,Lethal,Daylight,Yes,Other,Normal,2Vehicles-Side,9,Tuesday,18,False,False
201800028888,NonLethal,Daylight,No,NoIntersection,Normal,Other,8,Monday,17,False,False
201800010389,NonLethal,Daylight,Yes,NoIntersection,Normal,2Vehicles-BehindVehicles-Frontal,4,Friday,7,False,False
201800046698,NonLethal,Daylight,No,NoIntersection,Normal,3+Vehicles-Multiple,6,Monday,9,False,False
201800039519,NonLethal,Daylight,Yes,T-type,LightRain,2Vehicles-Side,9,Friday,8,False,False
201800034435,NonLethal,Daylight,Yes,T-type,Normal,2Vehicles-Behind,4,Sunday,16,True,False
201800004617,NonLethal,NightNoStreetLight,No,X-type,Normal,2Vehicles-Side,10,Wednesday,7,False,False
201800013324,NonLethal,Daylight,Yes,NoIntersection,Normal,NoCollision,6,Sunday,14,True,False
201800010156,Lethal,NightStreelightsOn,Yes,NoIntersection,Other,NoCollision,12,Saturday,2,True,True
201800031185,NonLethal,Daylight,Yes,NoIntersection,LightRain,2Vehicles-Behind,5,Wednesday,8,False,False
201800001074,NonLethal,Daylight,No,NoIntersection,VeryGood,2Vehicles-BehindVehicles-Frontal,4,Sunday,12,True,False
201800053980,NonLethal,NightStreelightsOn,Yes,Square,Normal,2Vehicles-Side,12,Thursday,19,False,False
201800056314,Lethal,NightNoStreetLight,No,NoIntersection,Normal,2Vehicles-Behind,9,Saturday,22,True,False
201800015290,Lethal,Daylight,Yes,NoIntersection,Normal,2Vehicles-Side,8,Monday,18,False,False
201800017019,NonLethal,Daylight,Yes,X-type,Normal,Other,2,Friday,14,False,False
201800036196,NonLethal,Daylight,Yes,T-type,Normal,2Vehicles-Side,10,Friday,19,False,False
201800022096,NonLethal,Daylight,Yes,NoIntersection,Normal,2Vehicles-Side,8,Monday,20,False,False
201800047795,NonLethal,NightStreelightsOn,Yes,NoIntersection,Normal,Other,11,Friday,19,False,False
201800019450,NonLethal,Daylight,Yes,Other,Normal,Other,12,Monday,9,False,False
201800009047,NonLethal,Daylight,Yes,NoIntersection,Normal,2Vehicles-Side,5,Wednesday,16,False,False
201800000513,Lethal,Daylight,Yes,NoIntersection,Normal,Other,7,Monday,17,False,False
201800057446,NonLethal,NightNoStreetLight,Yes,T-type,LightRain,2Vehicles-Side,4,Wednesday,18,False,False
201800000366,Lethal,Daylight,Yes,T-type,Normal,Other,10,Friday,9,False,False
201800009594,NonLethal,Daylight,Yes,X-type,Normal,2Vehicles-BehindVehicles-Frontal,8,Monday,15,False,False
201800051467,NonLethal,NightStreelightsOn,Yes,T-type,Normal,2Vehicles-Behind,3,Tuesday,22,False,False
201800027870,NonLethal,Daylight,Yes,NoIntersection,Normal,Other,1,Wednesday,9,False,False
201800056867,NonLethal,Daylight,Yes,NoIntersection,Normal,Other,3,Thursday,11,False,False
201800043512,NonLethal,NightStreelightsOn,Yes,NoIntersection,LightRain,Other,10,Monday,7,False,False
201800019869,NonLethal,Daylight,Yes,Roundabout,Normal,Other,9,Tuesday,13,False,False
201800019357,NonLethal,TwilightOrDawn,Yes,NoIntersection,Normal,Other,11,Saturday,7,True,False
201800036301,NonLethal,Daylight,Yes,T-type,Normal,2Vehicles-Side,5,Saturday,16,True,False
201800053405,NonLethal,Daylight,Yes,Square,Normal,2Vehicles-Behind,6,Monday,11,False,False
201800027847,NonLethal,NightStreelightsOn,Yes,NoIntersection,Normal,Other,1,Tuesday,22,False,False
201800002943,Lethal,Daylight,No,NoIntersection,Normal,2Vehicles-BehindVehicles-Frontal,10,Saturday,14,True,False
201800029142,NonLethal,NightStreelightsOn,Yes,X-type,LightRain,2Vehicles-Side,11,Saturday,18,True,False
201800035519,NonLethal,NightStreelightsOff,Yes,NoIntersection,Overcast,Other,3,Saturday,2,True,True
201800023368,NonLethal,Daylight,Yes,T-type,Normal,2Vehicles-Side,11,Tuesday,15,False,False
201800052867,NonLethal,NightStreelightsOn,Yes,NoIntersection,Overcast,Other,11,Monday,17,False,False
201800025622,NonLethal,Daylight,Yes,X-type,Overcast,2Vehicles-Side,11,Friday,11,False,False
201800055456,NonLethal,Daylight,Yes,NoIntersection,Normal,Other,6,Saturday,19,True,False
201800009174,NonLethal,NightStreelightsOn,Yes,NoIntersection,Normal,2Vehicles-Behind,6,Friday,1,False,True
201800009197,NonLethal,Daylight,Yes,NoIntersection,Normal,NoCollision,6,Tuesday,18,False,False
201800053539,NonLethal,Daylight,Yes,T-type,Normal,2Vehicles-Side,9,Friday,16,False,False
201800018855,NonLethal,Daylight,Yes,NoIntersection,Normal,Other,2,Friday,14,False,False
201800027966,NonLethal,NightStreelightsOn,Yes,NoIntersection,LightRain,2Vehicles-Side,3,Saturday,18,True,False
201800041432,NonLethal,Daylight,Yes,NoIntersection,Normal,2Vehicles-Side,5,Tuesday,7,False,False
201800014107,NonLethal,Daylight,No,NoIntersection,Overcast,NoCollision,8,Saturday,12,True,False
201800024242,NonLethal,NightStreelightsOn,Yes,NoIntersection,Overcast,Other,1,Sunday,1,True,True
201800046408,NonLethal,Daylight,No,NoIntersection,Normal,2Vehicles-Side,2,Monday,10,False,False
201800032212,NonLethal,NightStreelightsOn,Yes,NoIntersection,LightRain,3+Vehicles-Chain,1,Thursday,17,False,False
201800006041,Lethal,NightNoStreetLight,No,NoIntersection,Normal,NoCollision,3,Saturday,4,True,True
201800027721,NonLethal,NightNoStreetLight,Yes,Roundabout,Normal,Other,4,Saturday,2,True,True
201800000253,NonLethal,Daylight,No,NoIntersection,Normal,Other,9,Thursday,13,False,False
201800017183,NonLethal,NightNoStreetLight,No,Roundabout,HeavyRain,2Vehicles-BehindVehicles-Frontal,12,Sunday,18,True,False
201800009647,NonLethal,Daylight,Yes,NoIntersection,Normal,3+Vehicles-Chain,5,Wednesday,8,False,False
201800054265,NonLethal,Daylight,Yes,Square,Normal,2Vehicles-Side,11,Friday,9,False,False
201800036530,NonLethal,Daylight,Yes,Roundabout,Normal,2Vehicles-Side,12,Monday,10,False,False
201800023724,NonLethal,Daylight,Yes,NoIntersection,Normal,3+Vehicles-Multiple,4,Tuesday,13,False,False
201800014355,Lethal,NightStreelightsOn,No,NoIntersection,LightRain,2Vehicles-BehindVehicles-Frontal,1,Saturday,18,True,False
201800017482,NonLethal,NightStreelightsOn,No,NoIntersection,Normal,Other,10,Sunday,20,True,False
201800015302,NonLethal,Daylight,No,NoIntersection,Normal,2Vehicles-BehindVehicles-Frontal,5,Thursday,19,False,False
201800017168,Lethal,Daylight,No,NoIntersection,Normal,NoCollision,2,Sunday,12,True,False
201800050447,NonLethal,Daylight,Yes,T-type,Normal,2Vehicles-Side,4,Tuesday,18,False,False
201800036049,NonLethal,Daylight,Yes,NoIntersection,Normal,Other,4,Tuesday,10,False,False
201800031524,NonLethal,Daylight,Yes,Y-type,Normal,2Vehicles-Behind,2,Thursday,14,False,False
201800049415,NonLethal,NightNoStreetLight,No,NoIntersection,Normal,2Vehicles-Behind,7,Saturday,23,True,False
201800043910,NonLethal,Daylight,No,Other,Normal,2Vehicles-Side,11,Sunday,20,True,False
201800052089,NonLethal,Daylight,Yes,NoIntersection,Normal,2Vehicles-Side,2,Wednesday,18,False,False
201800050581,NonLethal,TwilightOrDawn,Yes,NoIntersection,Normal,Other,12,Friday,21,False,False
201800036430,NonLethal,NightStreelightsOn,Yes,NoIntersection,LightRain,2Vehicles-Side,5,Sunday,23,True,False
201800009862,NonLethal,Daylight,Yes,Roundabout,Normal,2Vehicles-Side,10,Saturday,10,True,False
201800051147,NonLethal,Daylight,Yes,T-type,Normal,Other,7,Monday,20,False,False
201800002620,NonLethal,NightNoStreetLight,No,NoIntersection,Normal,NoCollision,9,Sunday,5,True,True
201800002733,NonLethal,Daylight,Yes,Square,LightRain,Other,5,Tuesday,15,False,False
201800005107,NonLethal,NightStreelightsOn,Yes,NoIntersection,Normal,2Vehicles-Behind,2,Friday,19,False,False
201800036321,NonLethal,Daylight,Yes,T-type,Normal,Other,10,Sunday,12,True,False
201800031579,NonLethal,Daylight,Yes,Other,Normal,Other,7,Sunday,9,True,False
201800031259,NonLethal,Daylight,Yes,NoIntersection,Normal,3+Vehicles-Chain,6,Sunday,10,True,False
201800043432,NonLethal,Daylight,Yes,NoIntersection,Normal,2Vehicles-Side,4,Friday,10,False,False
201800044490,NonLethal,Daylight,No,NoIntersection,HeavyRain,Other,1,Monday,11,False,False
201800044844,NonLethal,Daylight,No,NoIntersection,Normal,Other,1,Friday,11,False,False
201800008446,NonLethal,Daylight,Yes,NoIntersection,Normal,2Vehicles-Side,2,Friday,15,False,False
201800042857,NonLethal,Daylight,Yes,NoIntersection,Normal,2Vehicles-Side,5,Monday,14,False,False
201800023444,NonLethal,Daylight,No,X-type,Normal,2Vehicles-Side,7,Wednesday,14,False,False
201800044182,NonLethal,Daylight,No,NoIntersection,Normal,2Vehicles-Behind,8,Thursday,17,False,False
201800016125,NonLethal,Daylight,No,Y-type,Normal,2Vehicles-Side,1,Saturday,16,True,False
201800033437,NonLethal,Daylight,Yes,NoIntersection,Normal,Other,8,Friday,9,False,False
201800015730,Lethal,Daylight,No,NoIntersection,Overcast,2Vehicles-BehindVehicles-Frontal,9,Thursday,9,False,False
201800029834,NonLethal,NightStreelightsOn,Yes,NoIntersection,Normal,Other,9,Friday,2,False,True
201800014812,NonLethal,Daylight,Yes,NoIntersection,Normal,2Vehicles-BehindVehicles-Frontal,10,Friday,17,False,False
201800027278,NonLethal,Daylight,No,Roundabout,Normal,2Vehicles-Side,5,Monday,11,False,False
201800034201,NonLethal,NightNoStreetLight,No,NoIntersection,Normal,2Vehicles-Behind,10,Friday,21,False,False
201800015526,NonLethal,Daylight,No,NoIntersection,Normal,Other,10,Monday,20,False,False
201800043364,NonLethal,Daylight,Yes,NoIntersection,Normal,2Vehicles-Side,2,Friday,16,False,False
201800051452,NonLethal,Daylight,Yes,T-type,LightRain,Other,3,Friday,13,False,False
201800038202,NonLethal,Daylight,Yes,NoIntersection,Normal,2Vehicles-Side,4,Thursday,19,False,False
201800001782,NonLethal,Daylight,Yes,NoIntersection,Normal,Other,7,Monday,9,False,False
201800009361,NonLethal,Daylight,Yes,NoIntersection,Normal,2Vehicles-Behind,7,Friday,9,False,False
201800049084,NonLethal,NightStreelightsOn,No,NoIntersection,Normal,3+Vehicles-Chain,12,Friday,1,False,True
201800046851,NonLethal,Daylight,No,NoIntersection,Normal,2Vehicles-Behind,9,Saturday,17,True,False
201800021711,NonLethal,Daylight,No,X-type,Normal,2Vehicles-Side,4,Monday,9,False,False
201800046699,NonLethal,Daylight,No,NoIntersection,Normal,2Vehicles-Behind,6,Monday,15,False,False
201800025083,NonLethal,Daylight,No,NoIntersection,Normal,2Vehicles-Behind,12,Wednesday,16,False,False
201800048462,NonLethal,NightStreelightsOn,Yes,X-type,Normal,2Vehicles-Side,8,Tuesday,23,False,False
201800011209,NonLethal,Daylight,No,Other,Normal,2Vehicles-Side,10,Saturday,11,True,False
201800038126,NonLethal,Daylight,Yes,X-type,Normal,2Vehicles-Side,7,Monday,17,False,False
201800039087,NonLethal,Daylight,Yes,NoIntersection,Normal,2Vehicles-Behind,9,Monday,18,False,False
201800039891,NonLethal,Daylight,Yes,NoIntersection,Normal,2Vehicles-Side,6,Saturday,19,True,False
201800019777,NonLethal,NightStreelightsOn,Yes,T-type,LightRain,Other,10,Wednesday,22,False,False
201800036499,NonLethal,Daylight,No,NoIntersection,Normal,3+Vehicles-Chain,10,Wednesday,10,False,False
201800044074,NonLethal,NightStreelightsOn,No,NoIntersection,Normal,Other,6,Saturday,2,True,True
201800054239,NonLethal,NightStreelightsOn,Yes,NoIntersection,Normal,Other,10,Tuesday,23,False,False
201800022232,NonLethal,Daylight,No,NoIntersection,Normal,2Vehicles-Behind,8,Friday,12,False,False
201800043707,NonLethal,Daylight,Yes,NoIntersection,Normal,2Vehicles-Side,8,Saturday,17,True,False
201800036413,NonLethal,Daylight,Yes,NoIntersection,HeavyRain,NoCollision,3,Wednesday,7,False,False
201800021618,Lethal,Daylight,No,NoIntersection,Normal,2Vehicles-BehindVehicles-Frontal,10,Wednesday,16,False,False
201800056302,NonLethal,NightStreelightsOn,No,NoIntersection,LightRain,NoCollision,5,Monday,19,False,False
201800032185,NonLethal,Daylight,Yes,NoIntersection,Normal,Other,6,Saturday,18,True,False
201800049560,NonLethal,Daylight,No,NoIntersection,Normal,Other,4,Friday,8,False,False
201800000565,NonLethal,Daylight,Yes,T-type,Normal,2Vehicles-Side,10,Saturday,17,True,False
201800030471,NonLethal,Daylight,Yes,NoIntersection,Normal,Other,4,Friday,16,False,False
201800041497,NonLethal,Daylight,Yes,T-type,Normal,2Vehicles-Side,10,Thursday,15,False,False
201800037136,NonLethal,Daylight,Yes,NoIntersection,LightRain,Other,1,Tuesday,13,False,False
201800030006,NonLethal,Daylight,No,NoIntersection,Normal,2Vehicles-BehindVehicles-Frontal,4,Wednesday,7,False,False