AccidentId,Gravity,Light,InAgglomeration,IntersectionType,Weather,CollisionType,Month,DayOfWeek,HourOfDay,IsWeekend,IsNight
201800019646,NonLethal,Daylight,Yes,T-type,VeryGood,2Vehicles-Side,5,Tuesday,18,False,False
201800001417,NonLethal,Daylight,Yes,X-type,Normal,2Vehicles-Side,5,Saturday,12,True,False
201800014361,Lethal,Daylight,No,NoIntersection,Normal,NoCollision,10,Sunday,17,True,False
201800019913,Lethal,Daylight,No,NoIntersection,Normal,2Vehicles-Side,4,Saturday,19,True,False
201800018564,Lethal,Daylight,No,NoIntersection,Normal,NoCollision,9,Wednesday,7,False,False
201800015355,NonLethal,Daylight,No,X-type,Normal,2Vehicles-Side,5,Tuesday,15,False,False
201800024791,NonLethal,NightStreelightsOn,Yes,Roundabout,LightRain,NoCollision,6,Wednesday,22,False,False
201800018005,NonLethal,Daylight,No,NoIntersection,Normal,2Vehicles-BehindVehicles-Frontal,5,Friday,18,False,False
201800026136,NonLethal,Daylight,Yes,NoIntersection,Normal,Other,7,Wednesday,17,False,False
201800007487,NonLethal,NightStreelightsOn,Yes,Roundabout,Normal,2Vehicles-Side,12,Friday,18,False,False
201800057590,NonLethal,Daylight,Yes,Other,Normal,Other,7,Tuesday,11,False,False
201800056645,NonLethal,NightStreelightsOn,No,T-type,Normal,2Vehicles-Side,10,Tuesday,21,False,False
201800035369,NonLethal,Daylight,Yes,NoIntersection,Normal,2Vehicles-Side,2,Friday,16,False,False
201800038367,NonLethal,Daylight,No,NoIntersection,Normal,NoCollision,5,Tuesday,13,False,False
201800018022,NonLethal,Daylight,No,X-type,Normal,2Vehicles-Side,9,Thursday,18,False,False
201800034607,NonLethal,Daylight,Yes,NoIntersection,Normal,2Vehicles-BehindVehicles-Frontal,6,Sunday,15,True,False
201800055433,NonLethal,Daylight,Yes,NoIntersection,Normal,Other,6,Saturday,19,True,False
201800042202,NonLethal,Daylight,Yes,NoIntersection,Normal,NoCollision,6,Wednesday,15,False,False
201800025744,NonLethal,Daylight,Yes,NoIntersection,Normal,Other,6,Saturday,16,True,False
201800016864,NonLethal,NightStreelightsOff,No,NoIntersection,Normal,2Vehicles-Side,1,Sunday,18,True,False
201800007517,NonLethal,Daylight,Yes,NoIntersection,Normal,2Vehicles-BehindVehicles-Frontal,11,Saturday,14,True,False
201800047222,NonLethal,TwilightOrDawn,Yes,NoIntersection,Normal,Other,6,Tuesday,19,False,False
201800026853,Lethal,Daylight,Yes,NoIntersection,Normal,Other,6,Thursday,18,False,False
201800008610,NonLethal,Daylight,Yes,T-type,Normal,2Vehicles-Side,2,Wednesday,8,False,False
201800056765,NonLethal,Daylight,No,NoIntersection,Overcast,NoCollision,10,Friday,10,False,False
201800039557,NonLethal,Daylight,Yes,NoIntersection,LightRain,Other,4,Monday,17,False,False
201800011306,NonLethal,Daylight,No,NoIntersection,Normal,Other,3,Sunday,13,True,False
201800034058,NonLethal,Daylight,Yes,NoIntersection,Normal,2Vehicles-Behind,9,Thursday,18,False,False
201800055835,NonLethal,Daylight,Yes,NoIntersection,Normal,Other,1,Wednesday,9,False,False
201800004861,NonLethal,Daylight,Yes,NoIntersection,Normal,Other,3,Sunday,15,True,False
201800001500,NonLethal,Daylight,No,NoIntersection,VeryGood,3+Vehicles-Chain,1,Wednesday,7,False,False
201800000171,NonLethal,NightStreelightsOff,No,NoIntersection,Normal,2Vehicles-BehindVehicles-Frontal,6,Wednesday,22,False,False
201800005179,NonLethal,Daylight,Yes,NoIntersection,LightRain,2Vehicles-BehindVehicles-Frontal,11,Friday,7,False,False
201800040318,NonLethal,Daylight,Yes,X-type,Overcast,3+Vehicles-Multiple,6,Tuesday,10,False,False
201800003576,Lethal,NightNoStreetLight,No,Y-type,Overcast,3+Vehicles-Multiple,1,Saturday,23,True,False
201800012679,NonLethal,NightNoStreetLight,No,NoIntersection,Normal,NoCollision,9,Thursday,5,False,True
201800005024,NonLethal,Daylight,Yes,T-type,Normal,2Vehicles-BehindVehicles-Frontal,7,Thursday,14,False,False
201800028128,NonLethal,Daylight,Yes,X-type,Normal,2Vehicles-Behind,11,Saturday,18,True,False
201800003142,NonLethal,Daylight,Yes,Square,Normal,Other,8,Monday,13,False,False
201800041736,NonLethal,Daylight,Yes,MoreThan4Branches,VeryGood,2Vehicles-Side,4,Friday,13,False,False
201800008090,NonLethal,Daylight,Yes,T-type,Normal,2Vehicles-Side,11,Monday,8,False,False
201800029542,NonLethal,Daylight,Yes,NoIntersection,Normal,2Vehicles-BehindVehicles-Frontal,6,Thursday,11,False,False
201800019968,NonLethal,NightNoStreetLight,No,NoIntersection,Normal,2Vehicles-BehindVehicles-Frontal,4,Friday,4,False,True
201800000283,Lethal,Daylight,Yes,NoIntersection,Normal,Other,7,Sunday,19,True,False
201800010791,NonLethal,NightNoStreetLight,No,NoIntersection,Overcast,2Vehicles-Behind,12,Monday,22,False,False
201800041917,NonLethal,NightStreelightsOn,Yes,Other,Normal,2Vehicles-Side,11,Saturday,20,True,False
201800013134,NonLethal,Daylight,No,X-type,Normal,2Vehicles-Side,10,Friday,14,False,False
201800010976,NonLethal,Daylight,No,Roundabout,Normal,NoCollision,9,Thursday,16,False,False
201800032030,NonLethal,Daylight,Yes,T-type,LightRain,2Vehicles-Side,11,Friday,8,False,False
201800022253,NonLethal,Daylight,No,NoIntersection,Normal,2Vehicles-BehindVehicles-Frontal,9,Thursday,15,False,False
201800045133,NonLethal,Daylight,No,NoIntersection,Normal,2Vehicles-Behind,8,Friday,11,False,False
201800051258,NonLethal,Daylight,Yes,Square,Normal,2Vehicles-Side,11,Wednesday,9,False,False
201800018617,Lethal,Daylight,No,NoIntersection,Normal,3+Vehicles-Multiple,1,Saturday,16,True,False
201800044027,NonLethal,Daylight,No,NoIntersection,Normal,3+Vehicles-Chain,4,Friday,9,False,False
201800041793,NonLethal,Daylight,Yes,NoIntersection,Normal,2Vehicles-Behind,9,Friday,7,False,False
201800029530,NonLethal,Daylight,Yes,NoIntersection,Normal,Other,6,Friday,8,False,False
201800030009,NonLethal,Daylight,No,T-type,Normal,2Vehicles-Side,5,Wednesday,17,False,False
201800048156,NonLethal,Daylight,Yes,NoIntersection,Normal,Other,3,Thursday,9,False,False
201800022125,NonLethal,Daylight,Yes,NoIntersection,Normal,NoCollision,10,Thursday,10,False,False
201800033783,NonLethal,Daylight,Yes,T-type,Normal,Other,5,Wednesday,14,False,False
201800040303,NonLethal,Daylight,Yes,NoIntersection,Normal,Other,5,Tuesday,19,False,False
201800043109,NonLethal,Daylight,Yes,X-type,VeryGood,2Vehicles-Side,2,Thursday,10,False,False
201800002138,NonLethal,Daylight,No,X-type,Normal,2Vehicles-Side,11,Tuesday,13,False,False
201800016434,NonLethal,Daylight,No,NoIntersection,Normal,2Vehicles-BehindVehicles-Frontal,9,Saturday,15,True,False
201800010745,NonLethal,NightNoStreetLight,No,Roundabout,Normal,NoCollision,10,Thursday,4,False,True
201800048256,NonLethal,Daylight,Yes,NoIntersection,Normal,2Vehicles-Behind,5,Saturday,15,True,False
201800031060,NonLethal,Daylight,Yes,NoIntersection,Normal,2Vehicles-Behind,9,Thursday,8,False,False
201800022107,NonLethal,Daylight,Yes,Roundabout,Normal,Other,9,Monday,17,False,False
201800022854,NonLethal,NightNoStreetLight,Yes,NoIntersection,Normal,Other,9,Saturday,1,True,True
201800002222,NonLethal,NightNoStreetLight,No,NoIntersection,Normal,Other,10,Sunday,19,True,False
201800043090,NonLethal,NightStreelightsOn,No,NoIntersection,LightRain,2Vehicles-BehindVehicles-Frontal,11,Monday,18,False,False
201800035884,NonLethal,Daylight,Yes,T-type,Normal,2Vehicles-Side,4,Monday,8,False,False
201800057040,NonLethal,Daylight,No,Other,Normal,2Vehicles-Side,9,Monday,17,False,False
201800044884,NonLethal,Daylight,No,NoIntersection,Normal,2Vehicles-Side,5,Thursday,8,False,False
201800038632,NonLethal,Daylight,Yes,T-type,Normal,2Vehicles-Side,10,Thursday,13,False,False
201800014971,NonLethal,NightStreelightsOn,Yes,Y-type,Normal,2Vehicles-BehindVehicles-Frontal,1,Friday,22,False,False
201800030784,NonLethal,Daylight,Yes,NoIntersection,Normal,2Vehicles-Behind,4,Sunday,19,True,False
201800021532,Lethal,TwilightOrDawn,No,NoIntersection,Normal,2Vehicles-BehindVehicles-Frontal,7,Monday,20,False,False
201800020423,NonLethal,Daylight,No,NoIntersection,LightRain,NoCollision,11,Sunday,12,True,False
201800037160,NonLethal,Daylight,Yes,Roundabout,Normal,2Vehicles-Behind,12,Friday,13,False,False
201800028499,NonLethal,NightStreelightsOn,Yes,NoIntersection,Normal,2Vehicles-Side,7,Friday,23,False,False
201800021960,NonLethal,Daylight,Yes,T-type,LightRain,2Vehicles-Side,5,Monday,8,False,False
201800008604,NonLethal,Daylight,Yes,NoIntersection,Normal,Other,2,Tuesday,14,False,False
201800015223,NonLethal,Daylight,No,NoIntersection,Normal,2Vehicles-BehindVehicles-Frontal,12,Thursday,16,False,False
201800001552,NonLethal,NightStreelightsOn,No,NoIntersection,Normal,2Vehicles-BehindVehicles-Frontal,4,Friday,22,False,False
201800042053,NonLethal,NightStreelightsOn,Yes,NoIntersection,Normal,Other,10,Thursday,18,False,False
201800012798,NonLethal,Daylight,No,NoIntersection,Normal,3+Vehicles-Chain,4,Monday,19,False,False
201800001675,NonLethal,Daylight,Yes,Other,VeryGood,2Vehicles-BehindVehicles-Frontal,8,Monday,16,False,False
201800046704,NonLethal,Daylight,No,NoIntersection,Normal,3+Vehicles-Chain,6,Wednesday,15,False,False
201800001822,NonLethal,Daylight,Yes,NoIntersection,LightRain,Other,3,Saturday,10,True,False
201800016239,NonLethal,NightNoStreetLight,No,NoIntersection,Normal,2Vehicles-Behind,4,Friday,2,False,True
201800030902,NonLethal,Daylight,Yes,NoIntersection,Normal,2Vehicles-Side,2,Saturday,10,True,False
201800003163,NonLethal,NightNoStreetLight,No,NoIntersection,Normal,NoCollision,11,Sunday,4,True,True
201800046912,NonLethal,Daylight,No,NoIntersection,Overcast,3+Vehicles-Multiple,9,Friday,19,False,False
201800025422,NonLethal,Daylight,Yes,NoIntersection,Normal,2Vehicles-Side,10,Sunday,11,True,False
201800023164,NonLethal,Daylight,Yes,NoIntersection,Normal,Other,7,Tuesday,9,False,False
201800001428,NonLethal,Daylight,Yes,X-type,Normal,2Vehicles-Side,4,Saturday,17,True,False
201800037796,NonLethal,Daylight,Yes,X-type,Normal,2Vehicles-BehindVehicles-Frontal,5,Saturday,14,True,False
201800004937,NonLethal,NightNoStreetLight,No,NoIntersection,Normal,Other,3,Wednesday,19,False,False
201800009873,NonLethal,TwilightOrDawn,Yes,NoIntersection,LightRain,2Vehicles-Side,8,Friday,18,False,False
201800003581,NonLethal,TwilightOrDawn,No,NoIntersection,Normal,2Vehicles-BehindVehicles-Frontal,1,Sunday,7,True,False
201800015147,NonLethal,TwilightOrDawn,Yes,NoIntersection,Normal,Other,11,Thursday,9,False,False
201800003655,NonLethal,Daylight,No,NoIntersection,Normal,NoCollision,11,Saturday,12,True,False
201800039554,NonLethal,Daylight,Yes,T-type,LightRain,2Vehicles-Side,3,Friday,15,False,False
201800026662,NonLethal,Daylight,Yes,NoIntersection,Normal,2Vehicles-Side,6,Thursday,20,False,False
201800042762,NonLethal,Daylight,Yes,NoIntersection,Normal,2Vehicles-Side,6,Wednesday,14,False,False
201800016227,NonLethal,Daylight,No,NoIntersection,Normal,Other,7,Wednesday,15,False,False
201800023861,NonLethal,Daylight,Yes,NoIntersection,Normal,Other,12,Sunday,11,True,False
201800009293,NonLethal,Daylight,Yes,NoIntersection,Normal,2Vehicles-Side,7,Wednesday,11,False,False
201800016885,NonLethal,Daylight,No,NoIntersection,Normal,3+Vehicles-Multiple,6,Sunday,8,True,False
201800051239,NonLethal,Daylight,Yes,NoIntersection,Normal,Other,10,Thursday,9,False,False
201800024380,NonLethal,Daylight,Yes,NoIntersection,Normal,2Vehicles-BehindVehicles-Frontal,8,Wednesday,7,False,False
201800000306,NonLethal,Daylight,Yes,NoIntersection,Normal,Other,6,Wednesday,15,False,False
201800016580,Lethal,TwilightOrDawn,No,NoIntersection,LightRain,NoCollision,10,Sunday,7,True,False
201800018705,NonLethal,NightStreelightsOn,Yes,NoIntersection,LightRain,Other,11,Friday,18,False,False
201800042822,NonLethal,NightStreelightsOn,Yes,NoIntersection,Overcast,Other,12,Sunday,18,True,False
201800036420,NonLethal,Daylight,Yes,T-type,Normal,2Vehicles-Side,4,Thursday,12,False,False
201800037220,NonLethal,NightStreelightsOff,Yes,NoIntersection,Normal,3+Vehicles-Chain,1,Thursday,21,False,False
201800016947,Lethal,NightNoStreetLight,No,NoIntersection,Normal,Other,9,Saturday,5,True,True
201800040975,NonLethal,Daylight,Yes,NoIntersection,LightRain,Other,11,Monday,15,False,False
201800006174,NonLethal,Daylight,No,NoIntersection,Normal,2Vehicles-Behind,8,Tuesday,14,False,False
201800053368,NonLethal,NightStreelightsOn,Yes,X-type,Normal,Other,5,Sunday,3,True,True
201800026764,NonLethal,NightStreelightsOn,Yes,Other,LightRain,2Vehicles-Side,2,Sunday,21,True,False
201800048618,NonLethal,NightStreelightsOn,Yes,X-type,Normal,2Vehicles-Side,10,Thursday,21,False,False
201800022953,NonLethal,NightNoStreetLight,No,NoIntersection,Normal,3+Vehicles-Multiple,5,Thursday,21,False,False
201800050969,NonLethal,Daylight,Yes,X-type,LightRain,Other,4,Sunday,9,True,False
201800044685,NonLethal,Daylight,No,NoIntersection,Normal,2Vehicles-Behind,3,Tuesday,17,False,False
201800003623,NonLethal,NightStreelightsOff,Yes,NoIntersection,Normal,NoCollision,6,Monday,1,False,True
201800047236,NonLethal,Daylight,Yes,NoIntersection,Normal,Other,7,Saturday,11,True,False
201800043989,NonLethal,Daylight,No,NoIntersection,Normal,2Vehicles-Side,5,Thursday,15,False,False
201800032965,NonLethal,NightNoStreetLight,No,NoIntersection,Overcast,2Vehicles-BehindVehicles-Frontal,1,Thursday,19,False,False
201800001641,NonLethal,Daylight,No,NoIntersection,Normal,NoCollision,8,Saturday,13,True,False
201800051280,NonLethal,Daylight,Yes,X-type,LightRain,2Vehicles-Behind,6,Tuesday,11,False,False
201800020863,NonLethal,Daylight,Yes,Roundabout,Normal,2Vehicles-Side,8,Wednesday,12,False,False
201800005018,NonLethal,TwilightOrDawn,No,X-type,Normal,2Vehicles-Side,9,Wednesday,7,False,False
201800032576,NonLethal,Daylight,Yes,NoIntersection,VeryGood,2Vehicles-Side,9,Thursday,8,False,False
201800011095,NonLethal,NightNoStreetLight,No,NoIntersection,Normal,2Vehicles-Side,11,Monday,4,False,True
201800031350,NonLethal,Daylight,Yes,NoIntersection,Normal,Other,11,Wednesday,7,False,False
201800012690,Lethal,Daylight,No,NoIntersection,Normal,Other,5,Thursday,11,False,False
201800001367,NonLethal,NightNoStreetLight,No,NoIntersection,StrongWindOrStorm,NoCollision,1,Thursday,18,False,False
201800055367,NonLethal,NightStreelightsOn,Yes,Y-type,Normal,2Vehicles-Behind,2,Monday,0,False,True
201800011801,NonLethal,Daylight,No,NoIntersection,Normal,Other,8,Saturday,18,True,False
201800033002,NonLethal,Daylight,Yes,NoIntersection,Normal,Other,1,Monday,17,False,False
201800006277,NonLethal,NightNoStreetLight,No,NoIntersection,SnowOrHail,Other,12,Sunday,2,True,True
201800000426,NonLethal,Daylight,Yes,NoIntersection,Normal,2Vehicles-Behind,12,Friday,16,False,False
201800034484,NonLethal,NightNoStreetLight,No,NoIntersection,Normal,Other,7,Wednesday,1,False,True
201800000534,Lethal,NightNoStreetLight,Yes,NoIntersection,Normal,Other,6,Sunday,3,True,True
201800012536,NonLethal,Daylight,Yes,NoIntersection,Normal,3+Vehicles-Multiple,11,Monday,11,False,False
201800025088,NonLethal,TwilightOrDawn,No,NoIntersection,LightRain,2Vehicles-Behind,12,Friday,16,False,False
201800001311,NonLethal,NightNoStreetLight,No,NoIntersection,Normal,2Vehicles-BehindVehicles-Frontal,12,Friday,22,False,False
201800046362,NonLethal,NightNoStreetLight,No,NoIntersection,Normal,2Vehicles-Behind,1,Friday,22,False,False
201800004721,NonLethal,Daylight,No,NoIntersection,Normal,3+Vehicles-Multiple,7,Wednesday,8,False,False
201800050292,NonLethal,Daylight,Yes,NoIntersection,Normal,2Vehicles-Behind,7,Tuesday,20,False,False
201800048752,NonLethal,NightStreelightsOn,Yes,NoIntersection,Normal,Other,12,Thursday,20,False,False
201800057359,NonLethal,NightStreelightsOn,Yes,NoIntersection,Normal,Other,12,Sunday,19,True,False
201800042175,NonLethal,NightNoStreetLight,Yes,NoIntersection,Overcast,Other,5,Friday,19,False,False
201800022983,NonLethal,Daylight,Yes,NoIntersection,Normal,2Vehicles-BehindVehicles-Frontal,3,Saturday,15,True,False
201800001743,NonLethal,Daylight,Yes,Roundabout,Overcast,2Vehicles-Side,1,Friday,14,False,False
201800017347,NonLethal,Daylight,No,NoIntersection,LightRain,2Vehicles-BehindVehicles-Frontal,5,Monday,9,False,False
201800044148,NonLethal,Daylight,No,NoIntersection,Normal,3+Vehicles-Multiple,7,Monday,13,False,False
201800011420,NonLethal,Daylight,Yes,X-type,LightRain,2Vehicles-Side,4,Thursday,16,False,False
201800055475,NonLethal,NightStreelightsOn,Yes,NoIntersection,Normal,Other,6,Friday,2,False,True
201800057766,NonLethal,NightNoStreetLight,Yes,NoIntersection,Normal,Other,11,Sunday,19,True,False
201800021505,NonLethal,Daylight,Yes,X-type,Normal,2Vehicles-Side,7,Friday,20,False,False
201800025008,NonLethal,NightStreelightsOn,Yes,Y-type,LightRain,2Vehicles-Behind,9,Tuesday,18,False,False
201800035069,NonLethal,Daylight,Yes,NoIntersection,Normal,2Vehicles-Side,3,Friday,13,False,False
201800043670,NonLethal,Daylight,Yes,NoIntersection,Normal,2Vehicles-Side,5,Saturday,6,True,True
201800030848,NonLethal,Daylight,Yes,NoIntersection,Normal,2Vehicles-Side,8,Friday,20,False,False
201800004966,NonLethal,Daylight,No,NoIntersection,Normal,NoCollision,10,Monday,17,False,False
201800047901,NonLethal,NightNoStreetLight,No,NoIntersection,Normal,Other,2,Friday,4,False,True
201800014072,NonLethal,Daylight,No,NoIntersection,Normal,2Vehicles-BehindVehicles-Frontal,7,Saturday,14,True,False
201800004102,NonLethal,Daylight,No,NoIntersection,Normal,NoCollision,8,Wednesday,11,False,False
201800043636,NonLethal,NightNoStreetLight,Yes,NoIntersection,Normal,3+Vehicles-Multiple,2,Tuesday,19,False,False
201800013665,NonLethal,Daylight,No,NoIntersection,Normal,2Vehicles-BehindVehicles-Frontal,2,Saturday,15,True,False
201800015455,NonLethal,NightStreelightsOn,No,NoIntersection,StrongWindOrStorm,3+Vehicles-Chain,1,Sunday,17,True,False
201800022336,NonLethal,Daylight,Yes,X-type,Normal,2Vehicles-Side,5,Friday,7,False,False
201800022030,NonLethal,Daylight,Yes,T-type,Normal,2Vehicles-Side,2,Sunday,13,True,False
201800053573,NonLethal,NightStreelightsOn,Yes,X-type,Normal,Other,10,Wednesday,20,False,False
201800035214,Lethal,NightNoStreetLight,Yes,NoIntersection,HeavyRain,Other,10,Monday,5,False,True
201800057624,NonLethal,Daylight,Yes,NoIntersection,Normal,Other,5,Thursday,6,False,True
201800034614,NonLethal,Daylight,No,Other,Normal,Other,7,Friday,12,False,False
201800023947,NonLethal,Daylight,Yes,X-type,Normal,2Vehicles-Behind,6,Wednesday,22,False,False
201800018285,NonLethal,Daylight,Yes,NoIntersection,LightRain,2Vehicles-Side,5,Wednesday,16,False,False
201800003247,NonLethal,Daylight,No,NoIntersection,Normal,NoCollision,9,Monday,15,False,False
201800016202,NonLethal,Daylight,No,NoIntersection,Normal,NoCollision,11,Sunday,14,True,False
201800014923,NonLethal,Daylight,No,Y-type,LightRain,2Vehicles-Side,5,Thursday,14,False,False
201800025109,NonLethal,TwilightOrDawn,Yes,T-type,Normal,2Vehicles-Side,10,Monday,18,False,False
201800033422,NonLethal,Daylight,Yes,NoIntersection,Normal,Other,1,Tuesday,9,False,False
201800030108,NonLethal,Daylight,Yes,NoIntersection,LightRain,NoCollision,2,Sunday,15,True,False
201800008773,NonLethal,Daylight,Yes,Other,Normal,NoCollision,1,Thursday,16,False,False
201800036533,NonLethal,NightStreelightsOn,Yes,Roundabout,Normal,2Vehicles-Side,4,Friday,0,False,True
201800056608,NonLethal,Daylight,Yes,NoIntersection,Normal,2Vehicles-Side,5,Tuesday,12,False,False
201800055431,NonLethal,Daylight,Yes,NoIntersection,Normal,3+Vehicles-Chain,9,Thursday,14,False,False
201800046817,NonLethal,NightNoStreetLight,No,NoIntersection,Normal,Other,8,Tuesday,1,False,True
201800008479,NonLethal,Daylight,Yes,NoIntersection,Normal,Other,2,Wednesday,13,False,False
201800014048,NonLethal,NightStreelightsOn,Yes,Y-type,LightRain,Other,12,Sunday,17,True,False
201800045567,NonLethal,NightStreelightsOn,No,NoIntersection,Normal,2Vehicles-Side,12,Wednesday,19,False,False
201800007125,NonLethal,Daylight,No,NoIntersection,Normal,Other,7,Sunday,14,True,False
201800056450,NonLethal,NightNoStreetLight,No,NoIntersection,Normal,2Vehicles-BehindVehicles-Frontal,4,Tuesday,23,False,False
201800035507,NonLethal,Daylight,Yes,NoIntersection,LightRain,Other,2,Monday,11,False,False
201800043233,NonLethal,NightStreelightsOn,Yes,NoIntersection,Normal,Other,6,Wednesday,0,False,True
201800018023,NonLethal,NightStreelightsOn,No,X-type,Normal,2Vehicles-BehindVehicles-Frontal,12,Monday,19,False,False
201800056106,Lethal,Daylight,No,NoIntersection,Normal,Other,7,Sunday,14,True,False
201800026873,NonLethal,NightStreelightsOn,Yes,NoIntersection,Normal,NoCollision,7,Sunday,3,True,True
201800051968,NonLethal,NightStreelightsOn,Yes,X-type,Normal,2Vehicles-Side,3,Friday,19,False,False
201800036436,NonLethal,Daylight,No,NoIntersection,Normal,2Vehicles-Behind,5,Monday,17,False,False
201800030524,NonLethal,NightStreelightsOn,Yes,NoIntersection,FogOrSmoke,Other,1,Monday,7,False,False
201800018825,NonLethal,Daylight,No,T-type,Normal,2Vehicles-BehindVehicles-Frontal,5,Sunday,10,True,False
201800002798,NonLethal,Daylight,No,NoIntersection,Normal,2Vehicles-BehindVehicles-Frontal,4,Monday,17,False,False
201800019744,NonLethal,NightStreelightsOn,Yes,NoIntersection,Normal,Other,9,Sunday,5,True,True
201800033613,NonLethal,Daylight,Yes,T-type,LightRain,Other,3,Thursday,19,False,False
201800053830,NonLethal,Daylight,Yes,MoreThan4Branches,Normal,Other,4,Saturday,20,True,False
201800000563,Lethal,NightNoStreetLight,Yes,NoIntersection,Normal,Other,9,Thursday,2,False,True
201800027159,NonLethal,NightStreelightsOn,Yes,Roundabout,Normal,2Vehicles-Behind,2,Saturday,19,True,False
201800033975,NonLethal,Daylight,Yes,X-type,Normal,2Vehicles-Side,4,Friday,10,False,False
201800040955,NonLethal,Daylight,Yes,NoIntersection,Normal,Other,5,Thursday,12,False,False
201800029801,NonLethal,Daylight,Yes,NoIntersection,Normal,Other,12,Wednesday,8,False,False
201800006550,NonLethal,Daylight,Yes,NoIntersection,Normal,3+Vehicles-Chain,8,Wednesday,12,False,False
201800035081,NonLethal,TwilightOrDawn,Yes,NoIntersection,Normal,2Vehicles-Behind,6,Thursday,20,False,False
201800036277,NonLethal,NightStreelightsOn,Yes,NoIntersection,Normal,Other,3,Sunday,5,True,True
201800039910,NonLethal,Daylight,Yes,NoIntersection,Normal,Other,9,Friday,16,False,False
201800035786,NonLethal,Daylight,Yes,X-type,Normal,2Vehicles-Side,5,Thursday,11,False,False
201800009858,NonLethal,Daylight,Yes,T-type,Normal,Other,5,Thursday,15,False,False
201800039442,NonLethal,NightStreelightsOff,Yes,NoIntersection,LightRain,3+Vehicles-Chain,11,Sunday,19,True,False
201800020445,NonLethal,Daylight,No,NoIntersection,LightRain,2Vehicles-Side,4,Saturday,13,True,False
201800049641,NonLethal,Daylight,No,NoIntersection,LightRain,2Vehicles-Behind,1,Tuesday,9,False,False
201800024297,NonLethal,Daylight,Yes,Y-type,Normal,Other,7,Wednesday,15,False,False
201800026211,NonLethal,Daylight,Yes,NoIntersection,Normal,Other,4,Saturday,14,True,False
201800014280,NonLethal,Daylight,Yes,NoIntersection,Normal,2Vehicles-Side,6,Friday,17,False,False
201800041862,NonLethal,Daylight,Yes,T-type,Normal,Other,5,Friday,16,False,False
201800044515,NonLethal,NightNoStreetLight,No,NoIntersection,Normal,3+Vehicles-Chain,9,Saturday,22,True,False
201800029629,NonLethal,NightNoStreetLight,No,Other,LightRain,2Vehicles-Side,10,Wednesday,3,False,True
201800035043,NonLethal,Daylight,Yes,NoIntersection,Normal,2Vehicles-Side,4,Saturday,18,True,False
201800001652,NonLethal,Daylight,No,X-type,LightRain,2Vehicles-Side,12,Saturday,14,True,False
201800009867,NonLethal,NightStreelightsOn,Yes,NoIntersection,Normal,2Vehicles-Side,7,Tuesday,2,False,True
201800046446,NonLethal,Daylight,No,NoIntersection,Normal,3+Vehicles-Chain,3,Tuesday,11,False,False
201800052336,NonLethal,NightStreelightsOn,Yes,X-type,Overcast,Other,2,Thursday,22,False,False
201800003487,NonLethal,TwilightOrDawn,No,X-type,Normal,2Vehicles-Side,9,Tuesday,18,False,False
201800026520,NonLethal,Daylight,No,NoIntersection,Normal,NoCollision,2,Tuesday,14,False,False
201800053069,NonLethal,Daylight,Yes,NoIntersection,Normal,Other,9,Friday,11,False,False
201800036735,NonLethal,Daylight,Yes,NoIntersection,Normal,Other,9,Saturday,13,True,False
201800017685,NonLethal,Daylight,Yes,T-type,Normal,Other,6,Monday,7,False,False
201800006159,NonLethal,Daylight,No,NoIntersection,Normal,Other,6,Tuesday,19,False,False
201800052070,NonLethal,Daylight,Yes,X-type,Normal,2Vehicles-Side,6,Thursday,12,False,False
201800036276,Lethal,NightNoStreetLight,No,NoIntersection,LightRain,Other,3,Saturday,20,True,False
201800025674,NonLethal,NightStreelightsOn,Yes,NoIntersection,Normal,3+Vehicles-Chain,4,Saturday,0,True,True
201800028147,NonLethal,TwilightOrDawn,Yes,X-type,Normal,Other,9,Tuesday,7,False,False
201800008880,NonLethal,Daylight,Yes,NoIntersection,Normal,2Vehicles-Behind,4,Thursday,10,False,False
201800012413,NonLethal,NightStreelightsOn,Yes,NoIntersection,Normal,Other,9,Sunday,1,True,True
201800007045,NonLethal,Daylight,No,NoIntersection,Normal,2Vehicles-Side,12,Friday,10,False,False
201800034866,NonLethal,Daylight,Yes,T-type,Normal,2Vehicles-Side,2,Thursday,11,False,False
201800010901,NonLethal,Daylight,Yes,T-type,Normal,2Vehicles-BehindVehicles-Frontal,6,Tuesday,18,False,False
201800046762,NonLethal,Daylight,No,NoIntersection,Normal,2Vehicles-Side,7,Saturday,15,True,False
201800033896,NonLethal,NightStreelightsOn,Yes,NoIntersection,LightRain,2Vehicles-Side,6,Tuesday,18,False,False
201800006298,NonLethal,NightNoStreetLight,No,NoIntersection,Normal,Other,1,Friday,19,False,False
201800029620,NonLethal,NightStreelightsOn,Yes,X-type,Normal,2Vehicles-Side,4,Wednesday,1,False,True
201800005103,NonLethal,Daylight,Yes,Other,Normal,2Vehicles-Side,2,Friday,15,False,False
201800023075,NonLethal,NightNoStreetLight,Yes,X-type,Normal,2Vehicles-Side,5,Thursday,19,False,False
201800051313,NonLethal,Daylight,Yes,NoIntersection,SnowOrHail,Other,2,Friday,13,False,False
201800022655,NonLethal,NightNoStreetLight,No,NoIntersection,LightRain,NoCollision,10,Saturday,5,True,True
201800016600,NonLethal,Daylight,No,NoIntersection,Normal,2Vehicles-BehindVehicles-Frontal,6,Friday,10,False,False