AccidentId,Gravity,Light,InAgglomeration,IntersectionType,Weather,CollisionType,Month,DayOfWeek,HourOfDay,IsWeekend,IsNight
201800043328,NonLethal,Daylight,Yes,NoIntersection,Normal,Other,5,Thursday,14,False,False
201800052526,NonLethal,NightStreelightsOn,Yes,NoIntersection,Normal,2Vehicles-Behind,9,Saturday,6,True,True
201800004796,Lethal,Daylight,No,NoIntersection,Normal,2Vehicles-BehindVehicles-Frontal,6,Saturday,18,True,False
201800034270,NonLethal,TwilightOrDawn,Yes,T-type,Normal,Other,12,Friday,16,False,False
201800025310,NonLethal,Daylight,Yes,NoIntersection,Normal,Other,4,Monday,8,False,False
201800006551,NonLethal,Daylight,No,NoIntersection,Normal,Other,2,Friday,14,False,False
201800042046,NonLethal,Daylight,Yes,NoIntersection,Overcast,2Vehicles-Behind,10,Tuesday,12,False,False
201800003782,NonLethal,Daylight,No,NoIntersection,Normal,Other,12,Thursday,8,False,False
201800036682,NonLethal,NightStreelightsOn,Yes,X-type,Overcast,2Vehicles-Side,11,Thursday,23,False,False
201800024312,NonLethal,TwilightOrDawn,Yes,NoIntersection,Normal,2Vehicles-Side,4,Tuesday,20,False,False
201800017779,NonLethal,Daylight,No,NoIntersection,Normal,2Vehicles-Behind,4,Sunday,11,True,False
201800024485,NonLethal,TwilightOrDawn,Yes,NoIntersection,LightRain,2Vehicles-Side,10,Monday,6,False,True
201800013641,NonLethal,Daylight,Yes,X-type,Normal,NoCollision,2,Friday,17,False,False
201800019270,NonLethal,Daylight,No,NoIntersection,Normal,NoCollision,5,Tuesday,19,False,False
201800050645,NonLethal,Daylight,Yes,T-type,Normal,Other,1,Monday,12,False,False
201800014480,Lethal,Daylight,Yes,NoIntersection,Normal,Other,6,Wednesday,10,False,False
201800040050,NonLethal,Daylight,Yes,X-type,Normal,2Vehicles-Side,7,Sunday,17,True,False
201800048926,NonLethal,Daylight,No,NoIntersection,Normal,3+Vehicles-Chain,6,Friday,20,False,False
201800016099,NonLethal,Daylight,No,NoIntersection,Normal,NoCollision,4,Sunday,8,True,False
201800054498,NonLethal,Daylight,Yes,Square,Normal,2Vehicles-Side,7,Monday,20,False,False
201800007757,NonLethal,Daylight,Yes,NoIntersection,Normal,Other,5,Friday,10,False,False
201800001981,NonLethal,NightNoStreetLight,No,T-type,Normal,2Vehicles-Side,8,Saturday,23,True,False
201800033438,NonLethal,Daylight,No,T-type,LightRain,2Vehicles-Side,3,Tuesday,8,False,False
201800036584,NonLethal,Daylight,Yes,NoIntersection,Normal,2Vehicles-Behind,3,Wednesday,14,False,False
201800041377,NonLethal,NightStreelightsOn,Yes,T-type,LightRain,2Vehicles-Side,1,Wednesday,5,False,True
201800025955,NonLethal,Daylight,Yes,NoIntersection,Overcast,2Vehicles-Behind,12,Monday,12,False,False
201800051328,NonLethal,Daylight,Yes,Square,LightRain,2Vehicles-Side,3,Tuesday,18,False,False
201800054665,NonLethal,Daylight,Yes,X-type,LightRain,NoCollision,2,Thursday,17,False,False
201800044289,NonLethal,Daylight,No,NoIntersection,Normal,2Vehicles-Behind,10,Tuesday,8,False,False
201800029547,NonLethal,Daylight,Yes,NoIntersection,Normal,2Vehicles-Side,7,Wednesday,15,False,False
201800056313,NonLethal,Daylight,Yes,NoIntersection,Normal,2Vehicles-Side,8,Thursday,11,False,False
201800047003,NonLethal,TwilightOrDawn,No,NoIntersection,Normal,3+Vehicles-Chain,10,Monday,19,False,False
201800047238,NonLethal,Daylight,Yes,X-type,Normal,2Vehicles-Side,7,Thursday,10,False,False
201800049259,NonLethal,NightNoStreetLight,No,NoIntersection,LightRain,2Vehicles-Behind,12,Monday,22,False,False
201800029568,NonLethal,Daylight,Yes,NoIntersection,Normal,Other,7,Thursday,14,False,False
201800014801,NonLethal,NightNoStreetLight,No,T-type,Normal,2Vehicles-Behind,11,Tuesday,18,False,False
201800031146,NonLethal,NightNoStreetLight,No,NoIntersection,Normal,Other,2,Thursday,19,False,False
201800040229,NonLethal,Daylight,Yes,NoIntersection,Normal,Other,9,Monday,16,False,False
201800000552,NonLethal,Daylight,Yes,NoIntersection,Normal,Other,6,Tuesday,15,False,False
201800046467,NonLethal,Daylight,No,NoIntersection,Normal,2Vehicles-Behind,3,Friday,7,False,False
201800055631,NonLethal,Daylight,Yes,NoIntersection,Normal,2Vehicles-Behind,4,Tuesday,13,False,False
201800055628,NonLethal,Daylight,Yes,NoIntersection,Normal,2Vehicles-Behind,3,Saturday,16,True,False
201800051587,NonLethal,Daylight,Yes,MoreThan4Branches,Normal,Other,10,Monday,8,False,False
201800014746,NonLethal,Daylight,No,NoIntersection,Normal,Other,12,Friday,14,False,False
201800023086,NonLethal,Daylight,Yes,NoIntersection,Normal,2Vehicles-Behind,5,Wednesday,16,False,False
201800012231,NonLethal,NightStreelightsOn,Yes,NoIntersection,Normal,Other,1,Friday,18,False,False
201800032035,NonLethal,Daylight,Yes,NoIntersection,LightRain,2Vehicles-Behind,12,Tuesday,9,False,False
201800012898,NonLethal,Daylight,No,NoIntersection,Normal,NoCollision,6,Thursday,16,False,False
201800011023,Lethal,Daylight,No,NoIntersection,LightRain,2Vehicles-BehindVehicles-Frontal,1,Thursday,14,False,False
201800031244,NonLethal,Daylight,Yes,NoIntersection,Normal,Other,5,Tuesday,10,False,False
201800001479,NonLethal,Daylight,No,NoIntersection,LightRain,2Vehicles-BehindVehicles-Frontal,11,Tuesday,8,False,False
201800029074,NonLethal,NightStreelightsOn,Yes,NoIntersection,Normal,3+Vehicles-Multiple,12,Saturday,19,True,False
201800054764,NonLethal,NightStreelightsOn,Yes,X-type,Normal,Other,7,Thursday,22,False,False
201800010225,NonLethal,NightStreelightsOn,Yes,NoIntersection,Normal,2Vehicles-Side,12,Friday,18,False,False
201800003506,NonLethal,Daylight,No,NoIntersection,Normal,Other,9,Sunday,19,True,False
201800041543,NonLethal,Daylight,Yes,X-type,LightRain,2Vehicles-Side,1,Sunday,17,True,False
201800019789,NonLethal,NightStreelightsOn,Yes,Roundabout,LightRain,Other,11,Sunday,20,True,False
201800050369,NonLethal,Daylight,Yes,Square,Overcast,2Vehicles-Side,5,Monday,17,False,False
201800041947,NonLethal,NightStreelightsOn,Yes,X-type,Normal,2Vehicles-Side,1,Friday,19,False,False
201800007859,NonLethal,Daylight,Yes,Roundabout,Normal,2Vehicles-Side,8,Thursday,8,False,False
201800013477,Lethal,Daylight,No,T-type,Normal,3+Vehicles-Multiple,6,Saturday,17,True,False
201800027044,NonLethal,Daylight,Yes,NoIntersection,Normal,Other,10,Wednesday,10,False,False
201800022287,NonLethal,Daylight,Yes,T-type,Normal,2Vehicles-Side,7,Monday,11,False,False
201800000258,NonLethal,Daylight,Yes,X-type,VeryGood,2Vehicles-Side,3,Sunday,13,True,False
201800005320,NonLethal,Daylight,Yes,NoIntersection,Normal,Other,1,Thursday,15,False,False
201800022781,NonLethal,Daylight,Yes,NoIntersection,Normal,Other,3,Monday,9,False,False
201800030597,NonLethal,Daylight,Yes,NoIntersection,Normal,2Vehicles-BehindVehicles-Frontal,8,Wednesday,15,False,False
201800000365,NonLethal,Daylight,No,NoIntersection,Normal,NoCollision,9,Monday,10,False,False
201800045659,NonLethal,NightNoStreetLight,No,NoIntersection,LightRain,2Vehicles-Behind,1,Saturday,21,True,False
201800004723,NonLethal,Daylight,Yes,NoIntersection,Normal,NoCollision,8,Sunday,7,True,False
201800041172,NonLethal,NightStreelightsOn,Yes,NoIntersection,Normal,Other,10,Saturday,4,True,True
201800051183,NonLethal,TwilightOrDawn,Yes,T-type,Normal,2Vehicles-Side,9,Thursday,20,False,False
201800030484,NonLethal,NightNoStreetLight,Yes,NoIntersection,Normal,2Vehicles-BehindVehicles-Frontal,10,Tuesday,4,False,True
201800002515,NonLethal,Daylight,No,NoIntersection,Normal,3+Vehicles-Chain,8,Sunday,9,True,False
201800049017,NonLethal,TwilightOrDawn,No,NoIntersection,Normal,2Vehicles-Side,2,Saturday,8,True,False
201800041967,NonLethal,Daylight,Yes,T-type,LightRain,Other,3,Thursday,19,False,False
201800015397,NonLethal,Daylight,No,T-type,Normal,2Vehicles-Side,5,Sunday,14,True,False
201800029730,NonLethal,Daylight,Yes,NoIntersection,Normal,2Vehicles-Behind,8,Saturday,16,True,False
201800052434,NonLethal,TwilightOrDawn,Yes,MoreThan4Branches,Normal,2Vehicles-Behind,5,Sunday,20,True,False
201800033973,NonLethal,NightStreelightsOn,No,NoIntersection,Normal,2Vehicles-BehindVehicles-Frontal,4,Saturday,6,True,True
201800020608,NonLethal,TwilightOrDawn,Yes,X-type,Normal,2Vehicles-Side,7,Sunday,21,True,False
201800008067,NonLethal,Daylight,Yes,NoIntersection,Normal,2Vehicles-Side,9,Thursday,12,False,False
201800033228,NonLethal,Daylight,No,NoIntersection,Normal,Other,5,Tuesday,15,False,False
201800048046,NonLethal,Daylight,Yes,Other,Normal,2Vehicles-Side,1,Tuesday,7,False,False
201800041584,NonLethal,Daylight,Yes,NoIntersection,Normal,Other,6,Thursday,16,False,False
201800052722,NonLethal,Daylight,Yes,Y-type,Normal,Other,5,Friday,10,False,False
201800032472,NonLethal,Daylight,Yes,T-type,Normal,2Vehicles-Side,6,Saturday,17,True,False
201800032728,NonLethal,NightNoStreetLight,No,NoIntersection,Normal,NoCollision,6,Saturday,22,True,False
201800003933,NonLethal,NightStreelightsOn,Yes,NoIntersection,Normal,2Vehicles-Side,9,Thursday,20,False,False
201800003463,NonLethal,TwilightOrDawn,No,NoIntersection,FogOrSmoke,Other,2,Friday,6,False,True
201800049950,NonLethal,Daylight,No,NoIntersection,Normal,2Vehicles-Behind,7,Thursday,10,False,False
201800007200,NonLethal,Daylight,Yes,NoIntersection,Normal,2Vehicles-BehindVehicles-Frontal,5,Thursday,17,False,False
201800016091,Lethal,Daylight,No,X-type,Normal,2Vehicles-Side,10,Tuesday,12,False,False
201800019197,NonLethal,Daylight,No,X-type,Normal,2Vehicles-Side,8,Saturday,12,True,False
201800026348,NonLethal,NightStreelightsOn,Yes,NoIntersection,HeavyRain,Other,3,Friday,20,False,False
201800056363,NonLethal,Daylight,No,NoIntersection,VeryGood,NoCollision,5,Sunday,16,True,False
201800011139,NonLethal,NightNoStreetLight,No,NoIntersection,Normal,Other,2,Friday,6,False,True
201800038235,NonLethal,Daylight,Yes,NoIntersection,Normal,2Vehicles-Behind,4,Wednesday,9,False,False
201800038803,NonLethal,Daylight,Yes,T-type,Normal,2Vehicles-Side,3,Tuesday,13,False,False
201800023706,NonLethal,NightNoStreetLight,No,NoIntersection,Normal,NoCollision,3,Friday,0,False,True
201800036374,NonLethal,NightStreelightsOn,Yes,NoIntersection,Normal,Other,8,Tuesday,23,False,False
201800035007,NonLethal,Daylight,Yes,NoIntersection,Normal,Other,3,Friday,14,False,False
201800007243,NonLethal,Daylight,Yes,Other,Normal,NoCollision,9,Wednesday,18,False,False
201800017240,NonLethal,Daylight,Yes,NoIntersection,Normal,NoCollision,10,Friday,17,False,False
201800055487,NonLethal,Daylight,Yes,NoIntersection,Normal,Other,7,Saturday,9,True,False
201800053825,NonLethal,Daylight,Yes,X-type,Normal,2Vehicles-Side,7,Monday,17,False,False
201800015714,NonLethal,Daylight,No,NoIntersection,Normal,2Vehicles-BehindVehicles-Frontal,10,Sunday,10,True,False
201800047295,NonLethal,Daylight,Yes,NoIntersection,Normal,Other,11,Thursday,11,False,False
201800053241,NonLethal,Daylight,Yes,NoIntersection,Normal,Other,1,Friday,16,False,False
201800010930,NonLethal,Daylight,Yes,NoIntersection,Normal,3+Vehicles-Multiple,7,Monday,14,False,False
201800007339,NonLethal,Daylight,Yes,T-type,Normal,2Vehicles-Side,6,Saturday,18,True,False
201800010518,Lethal,Daylight,No,NoIntersection,Normal,Other,9,Saturday,18,True,False
201800053051,NonLethal,Daylight,Yes,T-type,Normal,Other,6,Saturday,19,True,False
201800041410,NonLethal,Daylight,Yes,NoIntersection,LightRain,Other,2,Sunday,18,True,False
201800019497,NonLethal,NightStreelightsOn,Yes,NoIntersection,Normal,Other,3,Saturday,22,True,False
201800001470,NonLethal,Daylight,Yes,X-type,Normal,2Vehicles-Side,5,Sunday,19,True,False
201800020537,NonLethal,Daylight,Yes,NoIntersection,Normal,Other,7,Saturday,12,True,False
201800055469,NonLethal,Daylight,Yes,NoIntersection,Normal,3+Vehicles-Multiple,6,Wednesday,8,False,False
201800006351,NonLethal,Daylight,No,NoIntersection,Normal,2Vehicles-Behind,1,Wednesday,13,False,False
201800011806,NonLethal,Daylight,Yes,NoIntersection,Normal,2Vehicles-Side,1,Sunday,14,True,False
201800019948,NonLethal,Daylight,No,NoIntersection,Normal,Other,9,Tuesday,13,False,False
201800008668,NonLethal,Daylight,Yes,X-type,Normal,2Vehicles-Side,3,Wednesday,16,False,False
201800016585,NonLethal,Daylight,No,X-type,Overcast,2Vehicles-Side,8,Monday,13,False,False
201800012493,NonLethal,NightNoStreetLight,No,NoIntersection,Normal,2Vehicles-BehindVehicles-Frontal,9,Saturday,2,True,True
201800040617,NonLethal,TwilightOrDawn,Yes,NoIntersection,Normal,2Vehicles-BehindVehicles-Frontal,9,Monday,6,False,True
201800000227,Lethal,Daylight,No,X-type,VeryGood,2Vehicles-Side,8,Wednesday,19,False,False
201800033646,NonLethal,NightStreelightsOn,Yes,LevelCrossing,Normal,2Vehicles-Side,9,Friday,20,False,False
201800045438,NonLethal,Daylight,No,NoIntersection,LightRain,Other,11,Saturday,10,True,False
201800007620,NonLethal,TwilightOrDawn,Yes,NoIntersection,Normal,2Vehicles-Side,5,Monday,21,False,False
201800049841,NonLethal,TwilightOrDawn,No,NoIntersection,Normal,2Vehicles-Side,5,Tuesday,20,False,False
201800013059,NonLethal,TwilightOrDawn,Yes,Y-type,Normal,Other,6,Saturday,20,True,False
201800053739,NonLethal,Daylight,Yes,NoIntersection,LightRain,2Vehicles-Side,3,Wednesday,9,False,False
201800002820,NonLethal,Daylight,Yes,NoIntersection,Normal,Other,4,Thursday,16,False,False
201800054992,NonLethal,Daylight,Yes,Y-type,Normal,2Vehicles-Side,4,Thursday,11,False,False
201800049582,NonLethal,Daylight,No,NoIntersection,Normal,Other,8,Wednesday,12,False,False
201800033032,NonLethal,Daylight,Yes,NoIntersection,Normal,Other,11,Thursday,11,False,False
201800007002,NonLethal,Daylight,No,NoIntersection,Normal,NoCollision,6,Monday,10,False,False
201800010456,NonLethal,Daylight,No,Y-type,Normal,2Vehicles-Side,8,Saturday,8,True,False
201800001366,Lethal,Daylight,Yes,T-type,Overcast,2Vehicles-Side,12,Sunday,15,True,False
201800043504,NonLethal,Daylight,Yes,NoIntersection,LightRain,2Vehicles-Side,12,Tuesday,10,False,False
201800032033,NonLethal,NightStreelightsOn,Yes,NoIntersection,LightRain,Other,12,Monday,6,False,True
201800002795,Lethal,Daylight,Yes,NoIntersection,Normal,Other,4,Saturday,11,True,False
201800006339,NonLethal,Daylight,No,NoIntersection,Normal,2Vehicles-Behind,11,Monday,10,False,False
201800004761,NonLethal,Daylight,No,NoIntersection,Normal,NoCollision,9,Wednesday,18,False,False
201800024807,NonLethal,Daylight,Yes,NoIntersection,Normal,Other,6,Thursday,16,False,False
201800015515,NonLethal,TwilightOrDawn,No,NoIntersection,Normal,Other,3,Sunday,7,True,False
201800048831,NonLethal,TwilightOrDawn,No,NoIntersection,Normal,2Vehicles-Side,2,Tuesday,7,False,False
201800028648,NonLethal,Daylight,Yes,NoIntersection,Normal,2Vehicles-Side,1,Monday,12,False,False
201800043395,NonLethal,TwilightOrDawn,Yes,T-type,Normal,2Vehicles-Side,1,Friday,17,False,False
201800042827,NonLethal,Daylight,Yes,NoIntersection,Normal,2Vehicles-Side,2,Friday,10,False,False
201800007737,NonLethal,Daylight,Yes,NoIntersection,Normal,Other,2,Friday,11,False,False
201800002429,NonLethal,Daylight,No,X-type,VeryGood,2Vehicles-Side,9,Monday,14,False,False
201800005709,NonLethal,Daylight,Yes,NoIntersection,Normal,2Vehicles-Side,6,Tuesday,15,False,False
201800032918,NonLethal,Daylight,Yes,NoIntersection,Normal,Other,5,Tuesday,10,False,False
201800055184,NonLethal,Daylight,Yes,X-type,Overcast,Other,11,Thursday,17,False,False
201800023978,NonLethal,NightStreelightsOn,Yes,T-type,Normal,3+Vehicles-Multiple,8,Friday,23,False,False
201800041412,NonLethal,Daylight,Yes,NoIntersection,HeavyRain,Other,3,Sunday,16,True,False
201800028709,NonLethal,Daylight,Yes,NoIntersection,Normal,Other,4,Saturday,16,True,False
201800055700,NonLethal,Daylight,Yes,NoIntersection,Normal,2Vehicles-Behind,11,Friday,14,False,False
201800000659,NonLethal,Daylight,No,Roundabout,Normal,NoCollision,5,Sunday,17,True,False
201800036073,NonLethal,Daylight,No,NoIntersection,LightRain,Other,5,Monday,8,False,False
201800036767,NonLethal,Daylight,No,Roundabout,Normal,2Vehicles-Behind,4,Thursday,13,False,False
201800034600,NonLethal,NightStreelightsOn,Yes,NoIntersection,Normal,NoCollision,5,Sunday,1,True,True
201800014345,NonLethal,Daylight,No,NoIntersection,Normal,3+Vehicles-Chain,6,Monday,9,False,False
201800043180,NonLethal,TwilightOrDawn,Yes,X-type,SnowOrHail,Other,2,Tuesday,8,False,False
201800038366,NonLethal,Daylight,Yes,T-type,Normal,2Vehicles-BehindVehicles-Frontal,5,Thursday,15,False,False
201800017431,NonLethal,TwilightOrDawn,Yes,X-type,Normal,Other,12,Wednesday,16,False,False
201800038815,NonLethal,Daylight,Yes,NoIntersection,Normal,2Vehicles-BehindVehicles-Frontal,5,Tuesday,16,False,False
201800014568,NonLethal,Daylight,No,NoIntersection,LightRain,Other,2,Friday,9,False,False
201800038168,NonLethal,NightStreelightsOn,Yes,X-type,Normal,2Vehicles-Side,12,Sunday,19,True,False
201800051251,NonLethal,NightStreelightsOn,Yes,NoIntersection,LightRain,Other,11,Sunday,17,True,False
201800044664,NonLethal,NightNoStreetLight,No,NoIntersection,LightRain,2Vehicles-Behind,7,Tuesday,5,False,True
201800047503,NonLethal,Daylight,Yes,NoIntersection,Normal,Other,5,Sunday,10,True,False
201800014268,NonLethal,Daylight,No,NoIntersection,Normal,NoCollision,9,Tuesday,19,False,False
201800051227,NonLethal,Daylight,Yes,Square,Overcast,2Vehicles-Side,10,Friday,8,False,False
201800028414,NonLethal,Daylight,Yes,X-type,Normal,Other,5,Thursday,14,False,False
201800047957,NonLethal,Daylight,No,NoIntersection,Normal,2Vehicles-Behind,8,Friday,10,False,False
201800018230,NonLethal,Daylight,Yes,NoIntersection,Normal,Other,5,Tuesday,10,False,False
201800039304,NonLethal,Daylight,Yes,NoIntersection,Normal,Other,9,Thursday,18,False,False
201800002975,NonLethal,Daylight,No,NoIntersection,Normal,2Vehicles-Side,5,Monday,16,False,False
201800035401,NonLethal,Daylight,No,NoIntersection,Normal,2Vehicles-Side,7,Saturday,10,True,False
201800009411,NonLethal,Daylight,Yes,Other,Normal,Other,7,Saturday,14,True,False
201800024704,NonLethal,Daylight,Yes,X-type,Normal,2Vehicles-Side,3,Friday,8,False,False
201800004356,NonLethal,NightNoStreetLight,Yes,NoIntersection,Normal,Other,2,Sunday,23,True,False
201800039385,NonLethal,Daylight,Yes,X-type,Normal,Other,6,Sunday,18,True,False
201800047369,NonLethal,NightStreelightsOn,Yes,NoIntersection,LightRain,2Vehicles-Behind,2,Friday,20,False,False
201800002647,NonLethal,Daylight,Yes,NoIntersection,Normal,NoCollision,10,Tuesday,13,False,False
201800048092,NonLethal,TwilightOrDawn,Yes,NoIntersection,Normal,Other,2,Monday,7,False,False
201800024095,NonLethal,NightStreelightsOn,Yes,X-type,Normal,2Vehicles-Side,3,Thursday,20,False,False
201800008243,NonLethal,Daylight,No,NoIntersection,Normal,NoCollision,4,Tuesday,6,False,True
201800023780,NonLethal,Daylight,Yes,NoIntersection,Normal,2Vehicles-BehindVehicles-Frontal,9,Friday,15,False,False
201800004543,NonLethal,NightStreelightsOn,Yes,Roundabout,HeavyRain,2Vehicles-Behind,12,Wednesday,17,False,False
201800053142,NonLethal,NightStreelightsOn,Yes,X-type,Normal,2Vehicles-Behind,10,Tuesday,22,False,False
201800054703,NonLethal,Daylight,Yes,T-type,Normal,Other,4,Tuesday,15,False,False
201800001510,NonLethal,NightNoStreetLight,No,NoIntersection,Normal,NoCollision,8,Friday,22,False,False
201800029255,NonLethal,Daylight,No,NoIntersection,LightRain,2Vehicles-BehindVehicles-Frontal,5,Sunday,9,True,False
201800003454,NonLethal,Daylight,Yes,NoIntersection,LightRain,2Vehicles-BehindVehicles-Frontal,2,Monday,10,False,False
201800048492,NonLethal,Daylight,Yes,X-type,Normal,Other,9,Monday,12,False,False
201800035721,Lethal,TwilightOrDawn,No,NoIntersection,Normal,2Vehicles-BehindVehicles-Frontal,1,Monday,8,False,False
201800027197,NonLethal,Daylight,Yes,NoIntersection,Normal,2Vehicles-Behind,3,Tuesday,11,False,False
201800033634,NonLethal,Daylight,No,NoIntersection,Normal,3+Vehicles-Multiple,4,Saturday,11,True,False
201800051148,NonLethal,Daylight,Yes,NoIntersection,Normal,2Vehicles-Behind,7,Wednesday,15,False,False
201800031890,NonLethal,Daylight,Yes,NoIntersection,Normal,2Vehicles-Side,8,Tuesday,17,False,False
201800023233,NonLethal,TwilightOrDawn,Yes,NoIntersection,Normal,Other,9,Friday,8,False,False
201800014185,NonLethal,Daylight,Yes,NoIntersection,VeryGood,Other,10,Sunday,9,True,False
201800046592,NonLethal,Daylight,No,NoIntersection,Normal,2Vehicles-Behind,5,Wednesday,17,False,False
201800024562,NonLethal,Daylight,Yes,Y-type,Normal,2Vehicles-BehindVehicles-Frontal,6,Wednesday,19,False,False
201800037459,NonLethal,Daylight,Yes,NoIntersection,Normal,2Vehicles-Side,6,Wednesday,17,False,False
201800042325,NonLethal,Daylight,Yes,NoIntersection,Normal,2Vehicles-BehindVehicles-Frontal,7,Tuesday,19,False,False
201800030826,NonLethal,NightStreelightsOff,Yes,X-type,Normal,2Vehicles-Side,6,Saturday,1,True,True
201800014132,Lethal,NightNoStreetLight,No,NoIntersection,Other,2Vehicles-Side,2,Monday,5,False,True
201800043771,NonLethal,NightStreelightsOn,No,NoIntersection,Normal,2Vehicles-Side,1,Monday,6,False,True
201800011893,NonLethal,Daylight,No,X-type,Normal,2Vehicles-BehindVehicles-Frontal,1,Monday,12,False,False
201800024684,NonLethal,NightStreelightsOn,Yes,T-type,Overcast,2Vehicles-Behind,3,Sunday,2,True,True
201800012592,NonLethal,Daylight,No,NoIntersection,Normal,Other,10,Sunday,10,True,False
201800048875,NonLethal,NightStreelightsOn,No,NoIntersection,HeavyRain,3+Vehicles-Chain,4,Friday,22,False,False
201800042485,NonLethal,Daylight,Yes,NoIntersection,Normal,Other,7,Thursday,19,False,False
201800020239,NonLethal,NightStreelightsOn,Yes,NoIntersection,LightRain,2Vehicles-Behind,5,Sunday,1,True,True
201800026744,NonLethal,NightStreelightsOn,Yes,X-type,Normal,2Vehicles-Side,4,Tuesday,0,False,True
201800035435,NonLethal,Daylight,Yes,Roundabout,Normal,2Vehicles-Side,5,Wednesday,13,False,False
201800057345,NonLethal,Daylight,Yes,NoIntersection,Normal,NoCollision,8,Thursday,17,False,False
201800010171,NonLethal,Daylight,Yes,NoIntersection,Normal,2Vehicles-Behind,12,Tuesday,16,False,False
201800033862,NonLethal,Daylight,Yes,Roundabout,Normal,Other,10,Tuesday,18,False,False
201800047646,NonLethal,NightNoStreetLight,Yes,NoIntersection,Normal,2Vehicles-Behind,8,Wednesday,21,False,False
201800007070,NonLethal,Daylight,No,NoIntersection,Normal,2Vehicles-Side,4,Friday,9,False,False
201800047648,NonLethal,Daylight,Yes,NoIntersection,Normal,2Vehicles-BehindVehicles-Frontal,8,Friday,13,False,False
201800012365,NonLethal,NightStreelightsOn,Yes,NoIntersection,HeavyRain,Other,10,Wednesday,19,False,False
201800038357,NonLethal,Daylight,Yes,X-type,Normal,Other,3,Wednesday,15,False,False
201800051267,NonLethal,NightStreelightsOn,Yes,Square,Overcast,2Vehicles-Side,11,Monday,17,False,False
201800004323,NonLethal,Daylight,No,T-type,Normal,2Vehicles-Behind,8,Thursday,9,False,False
201800055326,NonLethal,NightStreelightsOn,Yes,NoIntersection,Normal,NoCollision,4,Tuesday,21,False,False
201800044190,NonLethal,NightStreelightsOn,No,NoIntersection,HeavyRain,2Vehicles-Behind,8,Wednesday,4,False,True
201800001035,NonLethal,Daylight,No,NoIntersection,VeryGood,2Vehicles-Behind,10,Saturday,18,True,False
201800010665,NonLethal,Daylight,No,NoIntersection,Normal,NoCollision,6,Friday,19,False,False
201800037327,NonLethal,Daylight,Yes,T-type,Normal,2Vehicles-Side,10,Sunday,10,True,False
201800057462,NonLethal,Daylight,No,Other,Normal,3+Vehicles-Multiple,6,Saturday,12,True,False
201800021616,NonLethal,Daylight,No,NoIntersection,Other,2Vehicles-BehindVehicles-Frontal,8,Monday,11,False,False
201800036141,NonLethal,NightStreelightsOn,Yes,Roundabout,Normal,Other,2,Thursday,1,False,True
201800018078,NonLethal,Daylight,Yes,NoIntersection,VeryGood,Other,1,Friday,16,False,False
201800036231,NonLethal,TwilightOrDawn,Yes,NoIntersection,Normal,Other,11,Sunday,17,True,False
201800026815,NonLethal,Daylight,Yes,Roundabout,Normal,2Vehicles-Side,5,Thursday,15,False,False
201800029664,NonLethal,TwilightOrDawn,Yes,NoIntersection,Normal,2Vehicles-Behind,1,Thursday,5,False,True
201800018859,NonLethal,Daylight,Yes,NoIntersection,Normal,2Vehicles-Side,7,Sunday,11,True,False
201800013438,NonLethal,Daylight,No,NoIntersection,Normal,2Vehicles-Side,5,Friday,17,False,False
201800032661,NonLethal,NightStreelightsOn,Yes,T-type,Normal,2Vehicles-Side,10,Friday,20,False,False
201800025175,NonLethal,Daylight,No,Roundabout,Normal,Other,11,Saturday,9,True,False
201800045814,NonLethal,TwilightOrDawn,No,NoIntersection,LightRain,3+Vehicles-Chain,4,Thursday,18,False,False
201800029080,NonLethal,Daylight,Yes,NoIntersection,Normal,NoCollision,1,Tuesday,18,False,False
201800014661,NonLethal,Daylight,Yes,NoIntersection,LightRain,2Vehicles-Side,10,Saturday,19,True,False
201800015384,NonLethal,Daylight,No,X-type,Normal,2Vehicles-Side,8,Thursday,18,False,False
201800052853,NonLethal,Daylight,Yes,X-type,Normal,Other,10,Tuesday,8,False,False
201800053578,NonLethal,NightStreelightsOn,Yes,X-type,LightRain,Other,10,Friday,19,False,False
201800019739,NonLethal,Daylight,Yes,NoIntersection,Normal,Other,9,Tuesday,19,False,False
201800014421,NonLethal,Daylight,No,NoIntersection,Normal,NoCollision,12,Saturday,8,True,False
201800057756,NonLethal,Daylight,Yes,T-type,Normal,2Vehicles-Side,6,Monday,7,False,False
201800009082,NonLethal,Daylight,Yes,Other,LightRain,2Vehicles-Side,5,Thursday,9,False,False
201800009757,NonLethal,Daylight,Yes,NoIntersection,Normal,Other,9,Friday,15,False,False
201800011285,NonLethal,TwilightOrDawn,No,NoIntersection,Normal,2Vehicles-BehindVehicles-Frontal,12,Sunday,17,True,False
201800011454,Lethal,NightNoStreetLight,No,NoIntersection,LightRain,Other,5,Tuesday,19,False,False
201800041865,NonLethal,Daylight,Yes,T-type,Normal,2Vehicles-Side,5,Friday,20,False,False
201800057250,NonLethal,NightStreelightsOn,Yes,X-type,Normal,2Vehicles-Side,5,Tuesday,19,False,False
201800057048,NonLethal,Daylight,Yes,NoIntersection,Normal,Other,9,Tuesday,12,False,False
201800035181,NonLethal,Daylight,Yes,T-type,Normal,2Vehicles-Side,6,Tuesday,12,False,False
201800019281,NonLethal,Daylight,No,NoIntersection,Normal,2Vehicles-BehindVehicles-Frontal,1,Tuesday,9,False,False
201800040296,NonLethal,TwilightOrDawn,Yes,X-type,Normal,2Vehicles-BehindVehicles-Frontal,4,Tuesday,20,False,False