AccidentId,Gravity,Light,InAgglomeration,IntersectionType,Weather,CollisionType,Month,DayOfWeek,HourOfDay,IsWeekend,IsNight
201800036398,NonLethal,Daylight,Yes,NoIntersection,LightRain,Other,1,Wednesday,11,False,False
201800052348,NonLethal,NightStreelightsOn,Yes,X-type,Normal,2Vehicles-Side,2,Tuesday,19,False,False
201800026222,NonLethal,Daylight,Yes,NoIntersection,Normal,2Vehicles-Side,6,Thursday,14,False,False
201800056099,NonLethal,Daylight,Yes,NoIntersection,Normal,Other,2,Thursday,10,False,False
201800007072,NonLethal,NightNoStreetLight,No,NoIntersection,Normal,2Vehicles-Side,4,Monday,5,False,True
201800042184,NonLethal,NightStreelightsOn,Yes,NoIntersection,Normal,Other,4,Friday,20,False,False
201800014664,NonLethal,Daylight,Yes,X-type,Normal,Other,8,Tuesday,17,False,False
201800033518,NonLethal,Daylight,Yes,Roundabout,Normal,2Vehicles-Side,8,Sunday,10,True,False
201800038753,NonLethal,Daylight,Yes,NoIntersection,Normal,2Vehicles-Behind,5,Wednesday,12,False,False
201800041357,NonLethal,NightStreelightsOn,Yes,X-type,Normal,Other,10,Monday,19,False,False
201800055503,NonLethal,Daylight,Yes,NoIntersection,Normal,2Vehicles-Side,11,Wednesday,18,False,False
201800029954,NonLethal,Daylight,Yes,NoIntersection,Normal,2Vehicles-BehindVehicles-Frontal,4,Tuesday,17,False,False
201800013331,NonLethal,Daylight,No,NoIntersection,VeryGood,Other,9,Friday,13,False,False
201800034977,NonLethal,Daylight,Yes,X-type,Normal,2Vehicles-Behind,2,Friday,16,False,False
201800039032,NonLethal,NightStreelightsOn,Yes,X-type,Normal,2Vehicles-Side,6,Saturday,1,True,True
201800021216,NonLethal,Daylight,No,NoIntersection,Normal,NoCollision,3,Monday,11,False,False
201800054790,NonLethal,TwilightOrDawn,Yes,NoIntersection,Normal,Other,8,Saturday,20,True,False
201800047647,NonLethal,NightStreelightsOn,Yes,NoIntersection,Normal,Other,8,Thursday,1,False,True
201800008062,NonLethal,Daylight,Yes,NoIntersection,Normal,Other,9,Thursday,13,False,False
201800033415,NonLethal,NightStreelightsOn,Yes,NoIntersection,LightRain,NoCollision,1,Wednesday,7,False,False
201800048803,NonLethal,Daylight,No,NoIntersection,LightRain,Other,1,Sunday,10,True,False
201800024454,NonLethal,Daylight,Yes,T-type,Normal,2Vehicles-Side,10,Tuesday,17,False,False
201800025524,NonLethal,Daylight,Yes,NoIntersection,Normal,2Vehicles-Behind,5,Thursday,8,False,False
201800027696,NonLethal,Daylight,Yes,Roundabout,Normal,2Vehicles-Behind,2,Tuesday,15,False,False
201800055293,NonLethal,NightStreelightsOn,Yes,Y-type,LightRain,2Vehicles-Behind,3,Sunday,2,True,True
201800004165,NonLethal,NightNoStreetLight,No,NoIntersection,LightRain,Other,10,Saturday,2,True,True
201800049606,NonLethal,TwilightOrDawn,No,NoIntersection,Normal,Other,10,Thursday,18,False,False
201800021454,NonLethal,Daylight,Yes,NoIntersection,Normal,Other,11,Monday,9,False,False
201800034914,NonLethal,TwilightOrDawn,No,X-type,Normal,Other,4,Sunday,6,True,True
201800022990,NonLethal,NightStreelightsOn,Yes,NoIntersection,Normal,Other,3,Wednesday,2,False,True
201800045561,NonLethal,Daylight,No,NoIntersection,Normal,3+Vehicles-Multiple,11,Monday,10,False,False
201800022211,NonLethal,Daylight,Yes,NoIntersection,Normal,2Vehicles-Behind,9,Friday,12,False,False
201800024998,NonLethal,NightStreelightsOn,Yes,NoIntersection,Normal,2Vehicles-Behind,11,Monday,19,False,False
201800045497,NonLethal,NightNoStreetLight,No,NoIntersection,Normal,NoCollision,11,Sunday,19,True,False
201800002835,NonLethal,NightNoStreetLight,No,NoIntersection,Normal,Other,12,Tuesday,1,False,True
201800030431,Lethal,Daylight,Yes,NoIntersection,Normal,2Vehicles-BehindVehicles-Frontal,6,Tuesday,8,False,False
201800051369,NonLethal,Daylight,Yes,X-type,Normal,Other,7,Saturday,18,True,False
201800012911,NonLethal,Daylight,No,NoIntersection,Normal,Other,4,Thursday,19,False,False
201800008221,NonLethal,Daylight,No,NoIntersection,Normal,2Vehicles-Side,6,Sunday,17,True,False
201800057541,NonLethal,NightNoStreetLight,No,Roundabout,Normal,Other,11,Thursday,22,False,False
201800015827,NonLethal,NightNoStreetLight,No,NoIntersection,LightRain,Other,3,Sunday,22,True,False
201800052194,NonLethal,Daylight,Yes,X-type,Normal,NoCollision,4,Tuesday,15,False,False
201800047691,NonLethal,Daylight,Yes,NoIntersection,Normal,2Vehicles-Behind,9,Monday,14,False,False
201800025557,NonLethal,Daylight,Yes,X-type,Normal,Other,10,Thursday,8,False,False
201800045121,NonLethal,Daylight,No,NoIntersection,Normal,2Vehicles-Behind,4,Sunday,12,True,False
201800006853,Lethal,TwilightOrDawn,No,NoIntersection,LightRain,Other,5,Thursday,6,False,True
201800008361,NonLethal,Daylight,Yes,NoIntersection,Normal,Other,1,Wednesday,10,False,False
201800041769,NonLethal,Daylight,Yes,NoIntersection,Normal,3+Vehicles-Chain,6,Tuesday,16,False,False
201800048221,NonLethal,NightStreelightsOn,Yes,NoIntersection,LightRain,Other,3,Saturday,3,True,True
201800057555,NonLethal,Daylight,Yes,NoIntersection,Normal,2Vehicles-Side,12,Friday,11,False,False
201800013862,NonLethal,Daylight,No,NoIntersection,Normal,2Vehicles-Side,9,Tuesday,17,False,False
201800030725,NonLethal,NightStreelightsOn,Yes,NoIntersection,Normal,Other,1,Friday,19,False,False
201800029077,NonLethal,Daylight,Yes,T-type,Normal,2Vehicles-BehindVehicles-Frontal,4,Monday,13,False,False
201800037021,NonLethal,Daylight,No,NoIntersection,Normal,3+Vehicles-Multiple,4,Thursday,12,False,False
201800018513,NonLethal,NightStreelightsOn,Yes,MoreThan4Branches,Normal,2Vehicles-Side,12,Thursday,21,False,False
201800044938,NonLethal,Daylight,No,NoIntersection,Normal,2Vehicles-Side,2,Tuesday,8,False,False
201800008291,NonLethal,Daylight,Yes,NoIntersection,Normal,2Vehicles-Side,4,Sunday,8,True,False
201800020668,NonLethal,Daylight,Yes,T-type,LightRain,Other,4,Thursday,7,False,False
201800038355,NonLethal,Daylight,Yes,T-type,LightRain,2Vehicles-Behind,2,Thursday,8,False,False
201800036070,NonLethal,NightNoStreetLight,No,NoIntersection,Normal,Other,5,Tuesday,23,False,False
201800040801,NonLethal,Daylight,Yes,NoIntersection,LightRain,Other,1,Sunday,13,True,False
201800054799,NonLethal,Daylight,Yes,NoIntersection,LightRain,NoCollision,9,Thursday,9,False,False
201800053122,NonLethal,Daylight,Yes,X-type,LightRain,2Vehicles-Side,9,Tuesday,14,False,False
201800022330,NonLethal,NightNoStreetLight,No,NoIntersection,Normal,Other,10,Friday,22,False,False
201800009707,NonLethal,NightStreelightsOn,Yes,X-type,Normal,2Vehicles-Side,9,Thursday,21,False,False
201800053146,NonLethal,TwilightOrDawn,Yes,NoIntersection,Normal,2Vehicles-Side,10,Saturday,18,True,False
201800042607,NonLethal,NightStreelightsOn,Yes,NoIntersection,Normal,Other,9,Tuesday,18,False,False
201800048983,NonLethal,Daylight,No,NoIntersection,Normal,2Vehicles-Behind,8,Friday,15,False,False
201800026401,NonLethal,Daylight,Yes,Other,Normal,2Vehicles-Behind,8,Friday,8,False,False
201800056586,Lethal,TwilightOrDawn,No,NoIntersection,Normal,NoCollision,3,Wednesday,17,False,False
201800037180,NonLethal,Daylight,Yes,Roundabout,Normal,2Vehicles-Side,10,Wednesday,18,False,False
201800001589,NonLethal,NightNoStreetLight,No,NoIntersection,Overcast,NoCollision,10,Wednesday,21,False,False
201800007988,NonLethal,NightStreelightsOn,Yes,NoIntersection,HeavyRain,2Vehicles-BehindVehicles-Frontal,12,Saturday,18,True,False
201800048960,NonLethal,Daylight,No,NoIntersection,Normal,3+Vehicles-Chain,7,Monday,12,False,False
201800034195,NonLethal,Daylight,No,Other,Normal,2Vehicles-Behind,3,Thursday,18,False,False
201800052201,NonLethal,NightStreelightsOn,Yes,NoIntersection,Normal,3+Vehicles-Chain,10,Tuesday,19,False,False
201800002176,Lethal,NightStreelightsOn,Yes,X-type,Normal,Other,12,Friday,19,False,False
201800056467,NonLethal,NightNoStreetLight,No,NoIntersection,Normal,Other,12,Monday,5,False,True
201800021886,Lethal,Daylight,No,NoIntersection,Normal,Other,7,Saturday,7,True,False
201800025865,NonLethal,Daylight,Yes,NoIntersection,Normal,Other,10,Monday,16,False,False
201800005484,NonLethal,Daylight,Yes,NoIntersection,LightRain,2Vehicles-Side,4,Wednesday,13,False,False
201800049680,NonLethal,NightNoStreetLight,No,NoIntersection,LightRain,Other,6,Saturday,19,True,False
201800032989,NonLethal,TwilightOrDawn,Yes,NoIntersection,Normal,NoCollision,6,Tuesday,20,False,False
201800014952,NonLethal,Daylight,No,NoIntersection,Normal,2Vehicles-BehindVehicles-Frontal,8,Thursday,17,False,False
201800005682,NonLethal,Daylight,Yes,X-type,Normal,2Vehicles-Side,5,Tuesday,10,False,False
201800018381,NonLethal,NightNoStreetLight,No,NoIntersection,SnowOrHail,NoCollision,2,Wednesday,21,False,False
201800025148,NonLethal,Daylight,Yes,NoIntersection,VeryGood,3+Vehicles-Chain,6,Wednesday,10,False,False
201800009992,NonLethal,NightNoStreetLight,Yes,NoIntersection,LightRain,Other,10,Saturday,19,True,False
201800005094,NonLethal,NightStreelightsOn,Yes,NoIntersection,Normal,2Vehicles-Side,11,Wednesday,19,False,False
201800008746,NonLethal,TwilightOrDawn,Yes,NoIntersection,Normal,2Vehicles-Side,3,Tuesday,19,False,False
201800006089,NonLethal,Daylight,No,NoIntersection,Normal,3+Vehicles-Chain,12,Saturday,13,True,False
201800049297,NonLethal,NightNoStreetLight,No,NoIntersection,LightRain,2Vehicles-Behind,12,Sunday,1,True,True
201800051090,NonLethal,Daylight,Yes,Square,Normal,Other,2,Tuesday,11,False,False
201800006970,NonLethal,Daylight,No,Other,Normal,2Vehicles-BehindVehicles-Frontal,9,Monday,9,False,False
201800003753,NonLethal,NightNoStreetLight,No,NoIntersection,Normal,Other,6,Friday,4,False,True
201800002583,NonLethal,NightNoStreetLight,No,NoIntersection,Normal,NoCollision,3,Saturday,5,True,True
201800055610,NonLethal,Daylight,Yes,NoIntersection,Normal,2Vehicles-Behind,9,Wednesday,16,False,False
201800055615,NonLethal,Daylight,Yes,NoIntersection,Normal,3+Vehicles-Chain,9,Friday,15,False,False
201800050216,NonLethal,Daylight,Yes,NoIntersection,Normal,2Vehicles-Behind,1,Saturday,15,True,False
201800036885,NonLethal,NightStreelightsOn,No,NoIntersection,Normal,3+Vehicles-Chain,11,Friday,20,False,False
201800034496,NonLethal,NightStreelightsOn,No,X-type,Overcast,2Vehicles-Side,11,Thursday,1,False,True
201800033556,NonLethal,Daylight,No,NoIntersection,Normal,Other,10,Monday,8,False,False
201800022729,NonLethal,Daylight,Yes,NoIntersection,LightRain,Other,10,Saturday,12,True,False
201800043297,NonLethal,TwilightOrDawn,Yes,Other,LightRain,Other,3,Monday,8,False,False
201800008428,NonLethal,Daylight,Yes,NoIntersection,Normal,Other,1,Tuesday,8,False,False
201800022406,NonLethal,Daylight,Yes,NoIntersection,Normal,Other,3,Saturday,16,True,False
201800028544,NonLethal,Daylight,Yes,NoIntersection,Normal,2Vehicles-Side,9,Wednesday,17,False,False
201800042054,NonLethal,Daylight,Yes,Roundabout,Normal,2Vehicles-Side,11,Tuesday,12,False,False
201800051366,NonLethal,Daylight,Yes,NoIntersection,VeryGood,2Vehicles-Side,7,Tuesday,8,False,False
201800038189,NonLethal,Daylight,Yes,NoIntersection,SnowOrHail,2Vehicles-Behind,2,Tuesday,10,False,False
201800009651,NonLethal,Daylight,Yes,NoIntersection,Normal,3+Vehicles-Chain,9,Thursday,8,False,False
201800001418,NonLethal,TwilightOrDawn,Yes,Roundabout,LightRain,Other,1,Thursday,7,False,False
201800025092,NonLethal,Daylight,Yes,X-type,Normal,2Vehicles-Side,12,Friday,13,False,False
201800042572,NonLethal,Daylight,Yes,NoIntersection,Normal,NoCollision,9,Wednesday,16,False,False
201800018602,NonLethal,Daylight,No,NoIntersection,LightRain,2Vehicles-BehindVehicles-Frontal,9,Sunday,11,True,False
201800010191,NonLethal,Daylight,Yes,T-type,Normal,Other,12,Thursday,12,False,False
201800047186,NonLethal,Daylight,Yes,Roundabout,Normal,2Vehicles-Behind,3,Wednesday,9,False,False
201800045946,NonLethal,Daylight,No,NoIntersection,Normal,3+Vehicles-Multiple,6,Friday,19,False,False
201800002090,NonLethal,Daylight,No,NoIntersection,Normal,2Vehicles-Behind,1,Thursday,8,False,False
201800021096,NonLethal,Daylight,Yes,X-type,Normal,Other,8,Saturday,12,True,False
201800049292,NonLethal,Daylight,No,NoIntersection,Normal,2Vehicles-Behind,12,Monday,18,False,False
201800056027,Lethal,NightNoStreetLight,No,NoIntersection,Normal,2Vehicles-BehindVehicles-Frontal,6,Saturday,19,True,False
201800004069,NonLethal,NightNoStreetLight,No,NoIntersection,HeavyRain,Other,9,Tuesday,2,False,True
201800045892,NonLethal,Daylight,No,NoIntersection,LightRain,2Vehicles-Behind,1,Saturday,14,True,False
201800038710,NonLethal,Daylight,Yes,NoIntersection,Normal,2Vehicles-Side,1,Tuesday,20,False,False
201800052214,NonLethal,Daylight,Yes,NoIntersection,Normal,Other,10,Saturday,15,True,False
201800035937,NonLethal,Daylight,No,T-type,Normal,2Vehicles-Behind,9,Tuesday,10,False,False
201800024214,NonLethal,Daylight,Yes,Other,Normal,2Vehicles-Side,8,Saturday,11,True,False
201800013939,Lethal,Daylight,No,NoIntersection,Normal,Other,5,Friday,19,False,False
201800011107,NonLethal,Daylight,No,NoIntersection,Normal,Other,6,Sunday,11,True,False
201800008363,NonLethal,Daylight,Yes,Other,Normal,Other,1,Wednesday,15,False,False
201800049861,NonLethal,Daylight,No,NoIntersection,Overcast,2Vehicles-Side,5,Wednesday,17,False,False
201800000684,NonLethal,Daylight,Yes,Roundabout,Normal,2Vehicles-Side,12,Tuesday,16,False,False
201800009002,NonLethal,NightStreelightsOn,Yes,NoIntersection,Normal,2Vehicles-Side,5,Wednesday,0,False,True
201800029919,NonLethal,Daylight,Yes,NoIntersection,Normal,2Vehicles-Side,6,Saturday,11,True,False
201800034654,NonLethal,Daylight,Yes,T-type,Normal,Other,6,Wednesday,20,False,False
201800034081,NonLethal,Daylight,Yes,T-type,Normal,Other,10,Tuesday,11,False,False
201800005730,Lethal,Daylight,Yes,NoIntersection,Normal,Other,7,Tuesday,11,False,False
201800009616,NonLethal,Daylight,Yes,NoIntersection,Normal,Other,8,Thursday,11,False,False
201800045384,NonLethal,Daylight,No,NoIntersection,LightRain,2Vehicles-Side,10,Tuesday,9,False,False
201800015616,Lethal,Daylight,No,NoIntersection,VeryGood,2Vehicles-Behind,1,Thursday,10,False,False
201800051109,NonLethal,Daylight,Yes,T-type,LightRain,2Vehicles-Side,6,Monday,10,False,False
201800012554,NonLethal,NightStreelightsOn,Yes,NoIntersection,Normal,Other,2,Wednesday,1,False,True
201800025166,NonLethal,NightStreelightsOn,Yes,NoIntersection,Normal,Other,2,Sunday,19,True,False
201800046018,NonLethal,Daylight,No,NoIntersection,Normal,NoCollision,7,Saturday,17,True,False
201800023006,NonLethal,Daylight,Yes,NoIntersection,Normal,2Vehicles-Side,3,Friday,11,False,False
201800032093,NonLethal,TwilightOrDawn,No,NoIntersection,Normal,Other,9,Monday,20,False,False
201800052087,NonLethal,NightStreelightsOn,Yes,NoIntersection,Normal,Other,7,Monday,3,False,True
201800046715,NonLethal,Daylight,No,NoIntersection,Normal,3+Vehicles-Chain,7,Sunday,10,True,False
201800042971,NonLethal,Daylight,Yes,T-type,Normal,2Vehicles-Behind,5,Thursday,9,False,False
201800016673,Lethal,Daylight,No,NoIntersection,Normal,Other,4,Sunday,19,True,False
201800010562,NonLethal,TwilightOrDawn,Yes,X-type,Normal,2Vehicles-Side,6,Saturday,21,True,False
201800017571,NonLethal,Daylight,No,NoIntersection,Normal,Other,1,Sunday,14,True,False
201800019618,NonLethal,NightNoStreetLight,No,NoIntersection,Overcast,NoCollision,3,Thursday,3,False,True
201800025562,NonLethal,TwilightOrDawn,Yes,Other,Normal,2Vehicles-Side,10,Saturday,19,True,False
201800055547,NonLethal,Daylight,Yes,NoIntersection,Normal,Other,3,Thursday,6,False,True
201800040609,NonLethal,Daylight,No,NoIntersection,Normal,NoCollision,7,Friday,16,False,False
201800046670,NonLethal,Daylight,No,NoIntersection,Normal,NoCollision,6,Wednesday,6,False,True
201800041260,NonLethal,TwilightOrDawn,Yes,NoIntersection,Normal,NoCollision,7,Thursday,22,False,False
201800005176,NonLethal,NightStreelightsOn,Yes,NoIntersection,Normal,2Vehicles-Side,11,Friday,21,False,False
201800009230,NonLethal,Daylight,Yes,NoIntersection,Normal,2Vehicles-Behind,6,Monday,11,False,False
201800039303,NonLethal,Daylight,Yes,NoIntersection,Normal,2Vehicles-Side,9,Tuesday,9,False,False
201800015304,NonLethal,Daylight,Yes,Square,Normal,Other,6,Thursday,9,False,False
201800047907,NonLethal,Daylight,No,NoIntersection,SnowOrHail,NoCollision,3,Saturday,17,True,False
201800048514,NonLethal,Daylight,Yes,X-type,Normal,Other,9,Thursday,16,False,False
201800007299,NonLethal,NightStreelightsOn,Yes,NoIntersection,Normal,NoCollision,4,Monday,4,False,True
201800022851,NonLethal,Daylight,Yes,Square,HeavyRain,Other,6,Sunday,12,True,False
201800015185,NonLethal,NightNoStreetLight,No,NoIntersection,LightRain,2Vehicles-Side,2,Saturday,20,True,False
201800018468,Lethal,Daylight,No,NoIntersection,Normal,2Vehicles-BehindVehicles-Frontal,5,Thursday,15,False,False
201800051812,NonLethal,Daylight,Yes,Y-type,Normal,2Vehicles-Side,9,Wednesday,12,False,False
201800019271,Lethal,NightNoStreetLight,No,NoIntersection,LightRain,NoCollision,8,Saturday,5,True,True
201800021159,Lethal,Daylight,No,X-type,Normal,2Vehicles-Side,6,Sunday,15,True,False
201800031430,Lethal,Daylight,No,NoIntersection,Normal,2Vehicles-BehindVehicles-Frontal,5,Tuesday,10,False,False
201800001490,NonLethal,Daylight,No,NoIntersection,Normal,2Vehicles-Behind,3,Thursday,9,False,False
201800044618,NonLethal,NightStreelightsOn,No,NoIntersection,Normal,3+Vehicles-Multiple,2,Sunday,2,True,True
201800016820,NonLethal,NightStreelightsOn,Yes,NoIntersection,Normal,Other,12,Friday,21,False,False
201800031254,NonLethal,Daylight,Yes,NoIntersection,Normal,2Vehicles-Behind,6,Tuesday,16,False,False
201800025479,NonLethal,TwilightOrDawn,Yes,NoIntersection,Normal,Other,5,Wednesday,20,False,False
201800023076,Lethal,Daylight,Yes,NoIntersection,Normal,2Vehicles-Side,5,Friday,7,False,False
201800035708,NonLethal,NightStreelightsOn,Yes,X-type,Normal,2Vehicles-Side,10,Monday,22,False,False
201800011072,NonLethal,Daylight,Yes,Other,Normal,2Vehicles-BehindVehicles-Frontal,9,Saturday,13,True,False
201800050695,NonLethal,Daylight,Yes,NoIntersection,Normal,2Vehicles-Side,5,Sunday,14,True,False
201800031355,NonLethal,Daylight,Yes,NoIntersection,Normal,Other,11,Wednesday,11,False,False
201800038600,NonLethal,Daylight,Yes,NoIntersection,Normal,2Vehicles-Side,7,Thursday,19,False,False
201800056660,NonLethal,Daylight,No,NoIntersection,Normal,NoCollision,6,Tuesday,9,False,False
201800056923,NonLethal,Daylight,Yes,NoIntersection,Normal,2Vehicles-Behind,4,Monday,15,False,False
201800035615,NonLethal,Daylight,Yes,Other,HeavyRain,Other,10,Wednesday,17,False,False
201800043467,NonLethal,NightStreelightsOn,Yes,X-type,LightRain,2Vehicles-Side,12,Sunday,4,True,True
201800031204,NonLethal,Daylight,Yes,NoIntersection,Normal,Other,5,Thursday,15,False,False
201800051248,NonLethal,NightStreelightsOn,Yes,Square,Overcast,2Vehicles-Side,11,Wednesday,23,False,False
201800018201,NonLethal,Daylight,No,NoIntersection,LightRain,2Vehicles-Side,4,Wednesday,7,False,False
201800003338,NonLethal,TwilightOrDawn,No,NoIntersection,LightRain,NoCollision,12,Thursday,7,False,False
201800021782,NonLethal,Daylight,No,NoIntersection,Normal,2Vehicles-Behind,4,Thursday,17,False,False
201800032263,NonLethal,NightStreelightsOn,Yes,NoIntersection,Normal,2Vehicles-Side,11,Thursday,21,False,False
201800000686,NonLethal,Daylight,No,NoIntersection,Normal,Other,5,Tuesday,12,False,False
201800020813,NonLethal,NightStreelightsOn,Yes,Roundabout,HeavyRain,Other,2,Tuesday,7,False,False
201800003180,NonLethal,NightNoStreetLight,No,NoIntersection,Normal,2Vehicles-Side,1,Sunday,6,True,True
201800024083,NonLethal,NightStreelightsOn,Yes,X-type,Normal,2Vehicles-BehindVehicles-Frontal,11,Friday,7,False,False
201800006095,Lethal,NightNoStreetLight,No,NoIntersection,Normal,3+Vehicles-Multiple,9,Sunday,20,True,False
201800051514,NonLethal,NightStreelightsOn,Yes,NoIntersection,Normal,Other,6,Monday,22,False,False
201800035560,NonLethal,Daylight,Yes,NoIntersection,Normal,2Vehicles-BehindVehicles-Frontal,6,Tuesday,12,False,False
201800054710,NonLethal,Daylight,Yes,X-type,Normal,2Vehicles-Side,4,Friday,19,False,False
201800046398,NonLethal,NightNoStreetLight,No,NoIntersection,Normal,3+Vehicles-Multiple,2,Monday,6,False,True
201800043235,NonLethal,Daylight,Yes,X-type,Normal,2Vehicles-Side,6,Thursday,10,False,False
201800023737,NonLethal,Daylight,Yes,Y-type,Normal,Other,4,Thursday,18,False,False
201800055173,NonLethal,NightStreelightsOn,Yes,X-type,Normal,Other,9,Tuesday,6,False,True
201800056827,NonLethal,NightStreelightsOff,Yes,NoIntersection,LightRain,2Vehicles-Behind,1,Monday,19,False,False
201800038618,NonLethal,Daylight,Yes,NoIntersection,Normal,2Vehicles-Side,9,Wednesday,19,False,False
201800049232,NonLethal,Daylight,No,Other,Normal,2Vehicles-Behind,10,Friday,13,False,False
201800001481,Lethal,Daylight,No,NoIntersection,Normal,2Vehicles-BehindVehicles-Frontal,3,Thursday,14,False,False
201800007024,NonLethal,NightStreelightsOn,Yes,Roundabout,Normal,2Vehicles-Side,11,Wednesday,20,False,False
201800027684,NonLethal,Daylight,Yes,NoIntersection,Normal,2Vehicles-Behind,2,Friday,11,False,False
201800022427,NonLethal,NightStreelightsOn,Yes,NoIntersection,Normal,Other,12,Tuesday,18,False,False
201800038339,NonLethal,Daylight,Yes,X-type,Overcast,Other,3,Monday,9,False,False
201800027559,NonLethal,Daylight,Yes,X-type,Normal,2Vehicles-Side,12,Saturday,11,True,False
201800025950,NonLethal,NightStreelightsOn,Yes,NoIntersection,Normal,Other,11,Monday,22,False,False
201800002652,NonLethal,Daylight,Yes,NoIntersection,Normal,Other,3,Friday,13,False,False
201800038843,NonLethal,Daylight,Yes,T-type,Normal,2Vehicles-Side,9,Monday,9,False,False
201800008430,NonLethal,Daylight,Yes,NoIntersection,Normal,Other,1,Tuesday,16,False,False
201800034995,NonLethal,NightStreelightsOn,Yes,NoIntersection,Normal,Other,3,Sunday,19,True,False
201800055420,NonLethal,Daylight,Yes,NoIntersection,Normal,2Vehicles-Side,5,Thursday,19,False,False
201800006908,NonLethal,NightNoStreetLight,No,NoIntersection,Normal,NoCollision,2,Sunday,3,True,True
201800054500,NonLethal,Daylight,Yes,NoIntersection,Normal,Other,8,Wednesday,17,False,False
201800035460,NonLethal,Daylight,Yes,NoIntersection,VeryGood,Other,10,Thursday,8,False,False
201800045760,NonLethal,Daylight,Yes,NoIntersection,Normal,2Vehicles-Behind,3,Wednesday,12,False,False
201800031719,NonLethal,Daylight,Yes,NoIntersection,Normal,Other,4,Wednesday,17,False,False
201800057630,NonLethal,Daylight,Yes,Other,Normal,2Vehicles-Side,6,Sunday,11,True,False
201800050046,NonLethal,Daylight,No,Other,Normal,Other,10,Saturday,16,True,False
201800055104,NonLethal,NightStreelightsOn,Yes,X-type,Normal,Other,8,Friday,22,False,False
201800037040,NonLethal,Daylight,Yes,NoIntersection,Normal,3+Vehicles-Chain,4,Wednesday,17,False,False
201800036480,NonLethal,NightStreelightsOn,Yes,Roundabout,Normal,Other,9,Saturday,4,True,True
201800057606,NonLethal,NightNoStreetLight,Yes,NoIntersection,Normal,Other,5,Tuesday,19,False,False
201800011808,NonLethal,Daylight,No,NoIntersection,Normal,Other,2,Friday,16,False,False
201800039816,NonLethal,Daylight,Yes,NoIntersection,Normal,2Vehicles-Side,8,Friday,18,False,False
201800052678,NonLethal,NightStreelightsOn,Yes,MoreThan4Branches,HeavyRain,2Vehicles-Behind,11,Saturday,1,True,True
201800028797,NonLethal,Daylight,Yes,NoIntersection,Normal,2Vehicles-Side,9,Thursday,13,False,False
201800034433,NonLethal,Daylight,Yes,T-type,Normal,2Vehicles-Behind,6,Monday,17,False,False
201800024878,NonLethal,Daylight,Yes,NoIntersection,Normal,2Vehicles-Behind,8,Monday,17,False,False
201800052895,NonLethal,NightStreelightsOn,Yes,X-type,Normal,Other,10,Friday,17,False,False
201800023755,NonLethal,Daylight,Yes,NoIntersection,Normal,3+Vehicles-Multiple,7,Sunday,17,True,False
201800009939,NonLethal,Daylight,Yes,Other,Normal,2Vehicles-Behind,10,Friday,10,False,False
201800056626,NonLethal,NightStreelightsOn,No,Other,LightRain,Other,6,Monday,1,False,True
201800030628,NonLethal,NightStreelightsOn,Yes,MoreThan4Branches,Normal,2Vehicles-Behind,10,Friday,0,False,True
201800035212,NonLethal,Daylight,Yes,NoIntersection,Normal,Other,9,Thursday,19,False,False
201800033368,NonLethal,Daylight,Yes,X-type,Normal,2Vehicles-Side,4,Tuesday,15,False,False
201800002857,NonLethal,Daylight,Yes,X-type,Normal,2Vehicles-Side,10,Saturday,15,True,False
201800038944,NonLethal,Daylight,Yes,NoIntersection,Normal,NoCollision,9,Monday,11,False,False
201800022952,NonLethal,Daylight,Yes,NoIntersection,Normal,2Vehicles-Side,3,Monday,12,False,False
201800052396,NonLethal,NightStreelightsOn,Yes,Square,Normal,Other,4,Thursday,0,False,True
201800002628,NonLethal,NightNoStreetLight,No,Roundabout,LightRain,NoCollision,7,Sunday,5,True,True
201800023962,NonLethal,Daylight,Yes,T-type,Normal,Other,7,Tuesday,20,False,False
201800026391,NonLethal,Daylight,Yes,NoIntersection,Normal,Other,7,Saturday,11,True,False
201800051768,NonLethal,Daylight,Yes,X-type,Normal,2Vehicles-Side,6,Thursday,17,False,False
201800002757,NonLethal,Daylight,No,NoIntersection,Normal,2Vehicles-Behind,6,Thursday,19,False,False
201800010897,NonLethal,NightStreelightsOn,Yes,X-type,Normal,2Vehicles-Side,2,Saturday,23,True,False
201800034113,NonLethal,NightStreelightsOn,Yes,NoIntersection,Normal,Other,11,Wednesday,7,False,False
201800040172,NonLethal,Daylight,Yes,T-type,Normal,2Vehicles-Side,3,Thursday,9,False,False
201800031766,NonLethal,Daylight,Yes,NoIntersection,Overcast,2Vehicles-Side,7,Friday,8,False,False
201800034157,NonLethal,Daylight,No,Roundabout,Normal,2Vehicles-Behind,9,Thursday,11,False,False
201800034284,NonLethal,Daylight,No,X-type,Normal,2Vehicles-Side,4,Monday,18,False,False
201800008735,NonLethal,Daylight,Yes,NoIntersection,Normal,2Vehicles-Behind,3,Monday,7,False,False
201800027993,NonLethal,NightStreelightsOn,Yes,Other,Normal,Other,4,Friday,22,False,False
201800019963,NonLethal,Daylight,No,NoIntersection,Normal,2Vehicles-BehindVehicles-Frontal,4,Tuesday,16,False,False
201800018746,NonLethal,Daylight,No,NoIntersection,Normal,Other,10,Wednesday,13,False,False
201800009286,NonLethal,NightStreelightsOn,Yes,NoIntersection,Normal,Other,3,Wednesday,22,False,False