AccidentId,Gravity,Light,InAgglomeration,IntersectionType,Weather,CollisionType,Month,DayOfWeek,HourOfDay,IsWeekend,IsNight
201800017547,NonLethal,Daylight,Yes,NoIntersection,Normal,NoCollision,3,Thursday,12,False,False
201800026789,NonLethal,NightStreelightsOn,Yes,NoIntersection,Normal,Other,4,Saturday,3,True,True
201800019226,NonLethal,Daylight,No,NoIntersection,Normal,2Vehicles-Behind,5,Wednesday,16,False,False
201800005010,NonLethal,NightNoStreetLight,Yes,NoIntersection,Normal,Other,3,Saturday,22,True,False
201800017631,NonLethal,Daylight,No,NoIntersection,VeryGood,Other,6,Thursday,19,False,False
201800011018,NonLethal,Daylight,Yes,Other,Normal,2Vehicles-Side,11,Thursday,14,False,False
201800012319,NonLethal,Daylight,Yes,NoIntersection,LightRain,2Vehicles-Side,5,Friday,12,False,False
201800008782,NonLethal,Daylight,Yes,NoIntersection,Normal,Other,3,Sunday,9,True,False
201800026158,NonLethal,TwilightOrDawn,Yes,T-type,FogOrSmoke,2Vehicles-Side,11,Thursday,7,False,False
201800031812,NonLethal,Daylight,Yes,T-type,Normal,2Vehicles-Side,7,Saturday,12,True,False
201800033212,NonLethal,Daylight,Yes,NoIntersection,LightRain,2Vehicles-Behind,12,Friday,9,False,False
201800035141,NonLethal,Daylight,Yes,T-type,Normal,2Vehicles-BehindVehicles-Frontal,10,Friday,13,False,False
201800024775,Lethal,NightNoStreetLight,No,NoIntersection,Normal,2Vehicles-Behind,5,Thursday,3,False,True
201800004765,NonLethal,Daylight,No,Y-type,Normal,3+Vehicles-Multiple,1,Friday,10,False,False
201800026259,NonLethal,Daylight,Yes,NoIntersection,Normal,Other,9,Wednesday,14,False,False
201800003309,NonLethal,Daylight,No,NoIntersection,Normal,2Vehicles-BehindVehicles-Frontal,4,Wednesday,18,False,False
201800019846,NonLethal,Daylight,No,NoIntersection,Normal,2Vehicles-BehindVehicles-Frontal,4,Tuesday,18,False,False
201800002434,NonLethal,NightStreelightsOn,Yes,Roundabout,Normal,Other,4,Saturday,21,True,False
201800021369,NonLethal,Daylight,Yes,NoIntersection,Normal,2Vehicles-Behind,9,Friday,13,False,False
201800044548,NonLethal,Daylight,No,NoIntersection,Normal,3+Vehicles-Chain,1,Friday,14,False,False
201800023326,NonLethal,NightNoStreetLight,Yes,NoIntersection,Normal,2Vehicles-Side,11,Friday,19,False,False
201800023305,NonLethal,Daylight,Yes,NoIntersection,Normal,2Vehicles-Side,10,Monday,16,False,False
201800055199,Lethal,Daylight,Yes,NoIntersection,Normal,Other,5,Saturday,9,True,False
201800052483,NonLethal,Daylight,Yes,X-type,Normal,2Vehicles-Side,7,Tuesday,8,False,False
201800028088,NonLethal,NightStreelightsOn,Yes,NoIntersection,Normal,Other,8,Sunday,3,True,True
201800011169,NonLethal,Daylight,No,NoIntersection,Normal,Other,5,Saturday,13,True,False
201800007981,NonLethal,NightNoStreetLight,No,NoIntersection,Normal,2Vehicles-Behind,9,Friday,4,False,True
201800028161,NonLethal,NightStreelightsOn,Yes,X-type,LightRain,Other,11,Tuesday,17,False,False
201800048150,NonLethal,Daylight,Yes,X-type,Normal,2Vehicles-Side,3,Saturday,16,True,False
201800046303,NonLethal,NightNoStreetLight,No,NoIntersection,Normal,2Vehicles-Side,12,Wednesday,19,False,False
201800041638,NonLethal,NightStreelightsOff,Yes,X-type,HeavyRain,Other,12,Saturday,18,True,False
201800031100,NonLethal,Daylight,Yes,NoIntersection,Normal,Other,7,Thursday,10,False,False
201800013554,NonLethal,Daylight,Yes,NoIntersection,Normal,Other,8,Thursday,15,False,False
201800032242,NonLethal,Daylight,Yes,NoIntersection,Normal,2Vehicles-BehindVehicles-Frontal,4,Wednesday,18,False,False
201800050487,NonLethal,Daylight,Yes,NoIntersection,Normal,Other,10,Monday,11,False,False
201800014966,NonLethal,TwilightOrDawn,No,NoIntersection,Overcast,2Vehicles-BehindVehicles-Frontal,2,Sunday,8,True,False
201800013636,NonLethal,TwilightOrDawn,Yes,T-type,Normal,2Vehicles-BehindVehicles-Frontal,11,Saturday,7,True,False
201800013242,NonLethal,Daylight,No,NoIntersection,Normal,NoCollision,6,Tuesday,11,False,False
201800010527,NonLethal,NightStreelightsOn,Yes,NoIntersection,LightRain,Other,1,Thursday,8,False,False
201800049365,NonLethal,NightStreelightsOn,No,NoIntersection,Normal,3+Vehicles-Multiple,4,Saturday,2,True,True
201800041470,NonLethal,Daylight,Yes,MoreThan4Branches,Normal,Other,7,Sunday,20,True,False
201800033888,NonLethal,Daylight,Yes,X-type,LightRain,Other,11,Wednesday,12,False,False
201800011094,NonLethal,Daylight,Yes,NoIntersection,LightRain,Other,11,Tuesday,9,False,False
201800047089,NonLethal,Daylight,No,NoIntersection,Normal,2Vehicles-Side,11,Friday,10,False,False
201800015585,NonLethal,NightStreelightsOn,No,NoIntersection,Normal,Other,3,Monday,2,False,True
201800025695,NonLethal,NightStreelightsOn,Yes,NoIntersection,LightRain,Other,6,Sunday,1,True,True
201800041753,NonLethal,Daylight,Yes,NoIntersection,Normal,2Vehicles-Behind,5,Thursday,17,False,False
201800034500,NonLethal,NightNoStreetLight,No,NoIntersection,HeavyRain,NoCollision,11,Friday,22,False,False
201800033552,NonLethal,Daylight,Yes,T-type,Normal,Other,10,Thursday,16,False,False
201800007127,NonLethal,Daylight,No,NoIntersection,Normal,2Vehicles-Behind,9,Friday,8,False,False
201800021013,NonLethal,Daylight,Yes,NoIntersection,Normal,Other,6,Saturday,8,True,False
201800045304,NonLethal,Daylight,No,NoIntersection,Normal,2Vehicles-Side,9,Monday,7,False,False
201800034599,NonLethal,Daylight,No,NoIntersection,Normal,Other,5,Saturday,20,True,False
201800052401,NonLethal,Daylight,Yes,NoIntersection,Normal,2Vehicles-Side,4,Monday,17,False,False
201800047479,NonLethal,Daylight,Yes,X-type,Normal,2Vehicles-Side,5,Wednesday,11,False,False
201800051283,NonLethal,NightStreelightsOn,Yes,X-type,LightRain,2Vehicles-Side,9,Wednesday,3,False,True
201800010140,NonLethal,Daylight,Yes,NoIntersection,Normal,NoCollision,12,Tuesday,8,False,False
201800046984,NonLethal,NightStreelightsOn,No,NoIntersection,Normal,2Vehicles-Side,10,Tuesday,20,False,False
201800051652,NonLethal,Daylight,Yes,X-type,Normal,2Vehicles-Side,2,Thursday,13,False,False
201800024638,NonLethal,TwilightOrDawn,Yes,NoIntersection,Normal,Other,2,Monday,18,False,False
201800045423,NonLethal,Daylight,No,NoIntersection,Normal,Other,11,Wednesday,13,False,False
201800054755,NonLethal,Daylight,Yes,Square,Normal,2Vehicles-Behind,6,Tuesday,21,False,False
201800010399,NonLethal,NightStreelightsOn,Yes,Other,Normal,2Vehicles-Side,7,Thursday,22,False,False
201800044138,NonLethal,Daylight,No,Other,Normal,3+Vehicles-Multiple,7,Monday,9,False,False
201800015482,Lethal,TwilightOrDawn,Yes,X-type,LightRain,2Vehicles-Side,12,Thursday,16,False,False
201800056592,NonLethal,Daylight,No,NoIntersection,Normal,2Vehicles-Side,3,Wednesday,11,False,False
201800037187,NonLethal,Daylight,Yes,NoIntersection,Normal,Other,10,Friday,11,False,False
201800044076,NonLethal,TwilightOrDawn,No,NoIntersection,Normal,Other,6,Sunday,5,True,True
201800021686,NonLethal,Daylight,No,NoIntersection,Normal,Other,9,Wednesday,7,False,False
201800044418,NonLethal,TwilightOrDawn,No,NoIntersection,LightRain,Other,1,Friday,16,False,False
201800026879,NonLethal,Daylight,Yes,Roundabout,Normal,2Vehicles-Side,7,Friday,16,False,False
201800006230,NonLethal,Daylight,No,NoIntersection,Overcast,2Vehicles-BehindVehicles-Frontal,12,Monday,15,False,False
201800012946,NonLethal,Daylight,No,NoIntersection,Normal,NoCollision,10,Saturday,7,True,False
201800051199,NonLethal,Daylight,Yes,X-type,LightRain,2Vehicles-Behind,9,Tuesday,13,False,False
201800045492,Lethal,NightNoStreetLight,No,NoIntersection,Normal,Other,11,Sunday,1,True,True
201800018774,Lethal,Daylight,No,X-type,Normal,2Vehicles-BehindVehicles-Frontal,9,Saturday,15,True,False
201800055919,NonLethal,Daylight,Yes,X-type,Normal,2Vehicles-BehindVehicles-Frontal,8,Monday,18,False,False
201800009136,NonLethal,Daylight,Yes,NoIntersection,LightRain,2Vehicles-Behind,6,Thursday,16,False,False
201800031823,NonLethal,Daylight,Yes,T-type,Normal,2Vehicles-Side,7,Friday,12,False,False
201800022022,NonLethal,NightStreelightsOn,Yes,NoIntersection,Normal,2Vehicles-Behind,3,Wednesday,20,False,False
201800046918,NonLethal,NightNoStreetLight,No,NoIntersection,Normal,2Vehicles-Side,9,Sunday,6,True,True
201800004599,NonLethal,Daylight,Yes,NoIntersection,Normal,Other,5,Thursday,10,False,False
201800045375,NonLethal,NightNoStreetLight,No,NoIntersection,Normal,2Vehicles-Behind,10,Sunday,4,True,True
201800018363,NonLethal,Daylight,No,X-type,Normal,2Vehicles-BehindVehicles-Frontal,9,Saturday,15,True,False
201800004485,NonLethal,TwilightOrDawn,Yes,NoIntersection,Normal,2Vehicles-Side,7,Sunday,20,True,False
201800021163,NonLethal,Daylight,Yes,Roundabout,Normal,Other,12,Sunday,15,True,False
201800017384,NonLethal,NightStreelightsOff,Yes,Other,Normal,Other,4,Friday,4,False,True
201800037371,NonLethal,Daylight,Yes,NoIntersection,Normal,Other,9,Tuesday,12,False,False
201800005849,NonLethal,NightStreelightsOn,Yes,NoIntersection,LightRain,2Vehicles-Side,11,Sunday,18,True,False
201800052261,NonLethal,Daylight,No,NoIntersection,Normal,Other,11,Wednesday,16,False,False
201800054720,NonLethal,Daylight,Yes,X-type,Normal,2Vehicles-Side,5,Tuesday,19,False,False
201800007185,NonLethal,Daylight,No,T-type,VeryGood,2Vehicles-Side,12,Thursday,13,False,False
201800020351,NonLethal,Daylight,No,NoIntersection,Normal,Other,8,Monday,14,False,False
201800045957,NonLethal,Daylight,No,NoIntersection,Normal,2Vehicles-Behind,6,Thursday,8,False,False
201800018633,NonLethal,Daylight,No,NoIntersection,Normal,2Vehicles-Side,4,Saturday,18,True,False
201800043922,NonLethal,Daylight,No,NoIntersection,Normal,3+Vehicles-Chain,4,Sunday,14,True,False
201800054690,NonLethal,NightStreelightsOn,Yes,NoIntersection,Normal,Other,4,Thursday,0,False,True
201800049466,NonLethal,NightNoStreetLight,No,NoIntersection,Normal,2Vehicles-Side,10,Tuesday,3,False,True
201800027131,NonLethal,TwilightOrDawn,Yes,NoIntersection,LightRain,Other,1,Monday,8,False,False
201800002552,NonLethal,Daylight,No,T-type,Overcast,2Vehicles-BehindVehicles-Frontal,8,Friday,13,False,False
201800024867,NonLethal,Daylight,Yes,X-type,Normal,2Vehicles-Side,8,Monday,17,False,False
201800047112,NonLethal,NightStreelightsOn,No,NoIntersection,Normal,2Vehicles-Behind,12,Monday,20,False,False
201800044337,NonLethal,NightNoStreetLight,No,NoIntersection,Normal,3+Vehicles-Chain,10,Sunday,17,True,False
201800012718,Lethal,Daylight,No,NoIntersection,Normal,Other,9,Tuesday,9,False,False
201800009517,NonLethal,NightStreelightsOn,Yes,NoIntersection,Normal,Other,12,Saturday,1,True,True
201800042529,NonLethal,NightStreelightsOn,Yes,Roundabout,LightRain,Other,12,Sunday,5,True,True
201800021592,NonLethal,NightNoStreetLight,No,NoIntersection,Normal,Other,10,Thursday,22,False,False
201800015175,NonLethal,Daylight,No,NoIntersection,Normal,NoCollision,7,Sunday,15,True,False
201800019469,NonLethal,NightStreelightsOn,Yes,NoIntersection,HeavyRain,2Vehicles-BehindVehicles-Frontal,11,Friday,22,False,False
201800030924,NonLethal,NightStreelightsOn,Yes,T-type,Normal,2Vehicles-Behind,10,Thursday,20,False,False
201800022056,NonLethal,Daylight,Yes,T-type,Normal,2Vehicles-Side,5,Friday,9,False,False
201800019862,NonLethal,Daylight,Yes,NoIntersection,Normal,3+Vehicles-Multiple,7,Wednesday,11,False,False
201800014251,NonLethal,Daylight,No,NoIntersection,Normal,2Vehicles-Behind,8,Tuesday,12,False,False
201800000086,NonLethal,Daylight,No,X-type,VeryGood,2Vehicles-Side,6,Sunday,12,True,False
201800053644,NonLethal,Daylight,Yes,T-type,Normal,Other,12,Wednesday,15,False,False
201800049923,NonLethal,Daylight,No,NoIntersection,Normal,Other,6,Saturday,12,True,False
201800052130,NonLethal,Daylight,Yes,X-type,Normal,NoCollision,8,Friday,13,False,False
201800018782,NonLethal,Daylight,No,NoIntersection,Normal,2Vehicles-Behind,12,Tuesday,12,False,False
201800055317,NonLethal,Daylight,Yes,NoIntersection,Normal,Other,4,Friday,10,False,False
201800028652,NonLethal,Daylight,Yes,NoIntersection,Normal,Other,1,Wednesday,16,False,False
201800012805,NonLethal,Daylight,No,NoIntersection,Normal,2Vehicles-BehindVehicles-Frontal,7,Wednesday,17,False,False
201800037716,NonLethal,Daylight,Yes,X-type,Normal,2Vehicles-Side,10,Saturday,18,True,False
201800028252,NonLethal,Daylight,Yes,NoIntersection,Normal,2Vehicles-BehindVehicles-Frontal,4,Thursday,15,False,False
201800054600,NonLethal,NightStreelightsOn,Yes,NoIntersection,Normal,2Vehicles-Behind,11,Sunday,18,True,False
201800038272,NonLethal,Daylight,Yes,Other,Normal,2Vehicles-Side,4,Saturday,14,True,False
201800021682,NonLethal,Daylight,No,NoIntersection,Overcast,Other,5,Monday,12,False,False
201800034954,NonLethal,TwilightOrDawn,Yes,NoIntersection,LightRain,Other,1,Monday,16,False,False
201800032581,NonLethal,Daylight,Yes,Other,Normal,2Vehicles-Side,9,Wednesday,18,False,False
201800002047,NonLethal,Daylight,Yes,NoIntersection,Normal,NoCollision,10,Saturday,10,True,False
201800048579,NonLethal,Daylight,Yes,X-type,Normal,2Vehicles-BehindVehicles-Frontal,10,Friday,17,False,False
201800001946,NonLethal,Daylight,No,NoIntersection,Normal,NoCollision,2,Monday,12,False,False
201800016312,NonLethal,Daylight,Yes,NoIntersection,Normal,Other,9,Saturday,8,True,False
201800036098,NonLethal,Daylight,No,NoIntersection,Normal,Other,6,Sunday,18,True,False
201800040215,NonLethal,Daylight,Yes,Other,Normal,2Vehicles-Behind,7,Friday,20,False,False
201800005552,NonLethal,NightStreelightsOn,Yes,NoIntersection,Normal,2Vehicles-Side,10,Monday,19,False,False
201800044330,NonLethal,TwilightOrDawn,No,NoIntersection,Normal,2Vehicles-Side,10,Tuesday,18,False,False
201800034617,NonLethal,Daylight,Yes,T-type,Normal,2Vehicles-Side,9,Friday,18,False,False
201800039075,NonLethal,Daylight,Yes,T-type,Normal,2Vehicles-Side,5,Friday,16,False,False
201800056100,NonLethal,Daylight,Yes,X-type,Normal,2Vehicles-Side,2,Saturday,13,True,False
201800027029,NonLethal,NightStreelightsOn,Yes,Roundabout,Normal,2Vehicles-Side,12,Saturday,17,True,False
201800023876,NonLethal,Daylight,Yes,T-type,Normal,Other,3,Sunday,16,True,False
201800000788,NonLethal,Daylight,No,NoIntersection,Normal,2Vehicles-Side,5,Saturday,13,True,False
201800042719,NonLethal,NightStreelightsOn,Yes,NoIntersection,HeavyRain,Other,11,Saturday,0,True,True
201800052566,NonLethal,NightStreelightsOn,Yes,NoIntersection,Normal,2Vehicles-Side,10,Monday,23,False,False
201800034891,NonLethal,Daylight,Yes,NoIntersection,Normal,Other,10,Tuesday,11,False,False
201800031424,NonLethal,Daylight,No,X-type,Normal,2Vehicles-Side,2,Thursday,15,False,False
201800030438,NonLethal,TwilightOrDawn,Yes,T-type,Normal,2Vehicles-Side,12,Saturday,16,True,False
201800049004,NonLethal,Daylight,No,NoIntersection,LightRain,3+Vehicles-Chain,9,Friday,14,False,False
201800051222,NonLethal,NightStreelightsOn,Yes,Square,Normal,2Vehicles-Side,6,Sunday,19,True,False
201800044163,NonLethal,NightNoStreetLight,No,NoIntersection,Normal,2Vehicles-Behind,8,Sunday,22,True,False
201800044774,NonLethal,Daylight,No,NoIntersection,Normal,NoCollision,4,Saturday,13,True,False
201800048953,NonLethal,Daylight,No,NoIntersection,Normal,2Vehicles-Behind,7,Saturday,10,True,False
201800002923,NonLethal,Daylight,Yes,T-type,Normal,2Vehicles-BehindVehicles-Frontal,3,Saturday,12,True,False
201800012964,NonLethal,TwilightOrDawn,No,NoIntersection,Normal,Other,9,Friday,19,False,False
201800038984,NonLethal,Daylight,Yes,NoIntersection,LightRain,NoCollision,1,Thursday,16,False,False
201800045572,NonLethal,Daylight,No,NoIntersection,Normal,2Vehicles-Side,12,Thursday,15,False,False
201800028865,NonLethal,NightStreelightsOn,Yes,NoIntersection,LightRain,Other,12,Saturday,17,True,False
201800042373,NonLethal,Daylight,Yes,NoIntersection,Normal,2Vehicles-Side,10,Wednesday,16,False,False
201800033664,NonLethal,NightNoStreetLight,No,NoIntersection,Normal,2Vehicles-Side,11,Thursday,7,False,False
201800001092,NonLethal,TwilightOrDawn,Yes,Roundabout,Normal,2Vehicles-Side,12,Wednesday,8,False,False
201800038289,NonLethal,TwilightOrDawn,Yes,NoIntersection,Normal,Other,6,Wednesday,21,False,False
201800037524,NonLethal,NightStreelightsOn,Yes,NoIntersection,LightRain,2Vehicles-Side,11,Tuesday,17,False,False
201800036178,NonLethal,NightStreelightsOn,Yes,T-type,Normal,2Vehicles-Side,9,Tuesday,7,False,False
201800056026,NonLethal,Daylight,Yes,T-type,LightRain,Other,6,Wednesday,6,False,True
201800046849,NonLethal,Daylight,No,NoIntersection,Normal,NoCollision,9,Saturday,13,True,False
201800031902,NonLethal,Daylight,Yes,NoIntersection,Normal,2Vehicles-Side,9,Monday,19,False,False
201800021718,NonLethal,Daylight,Yes,Other,Normal,Other,10,Wednesday,11,False,False
201800041207,NonLethal,NightStreelightsOn,Yes,Roundabout,LightRain,Other,3,Saturday,20,True,False
201800056957,NonLethal,TwilightOrDawn,Yes,NoIntersection,Normal,Other,5,Monday,17,False,False
201800032374,NonLethal,Daylight,Yes,NoIntersection,Normal,Other,2,Friday,16,False,False
201800042332,NonLethal,Daylight,Yes,X-type,Normal,3+Vehicles-Chain,7,Friday,18,False,False
201800014600,NonLethal,Daylight,No,NoIntersection,Normal,3+Vehicles-Multiple,12,Sunday,17,True,False
201800056679,NonLethal,Daylight,Yes,NoIntersection,Normal,Other,3,Wednesday,15,False,False
201800030328,NonLethal,Daylight,Yes,X-type,Normal,2Vehicles-Side,10,Thursday,15,False,False
201800043293,NonLethal,Daylight,Yes,NoIntersection,Normal,Other,11,Tuesday,8,False,False
201800008856,NonLethal,NightStreelightsOn,Yes,NoIntersection,Normal,2Vehicles-Side,4,Saturday,20,True,False
201800044990,NonLethal,Daylight,No,NoIntersection,Normal,3+Vehicles-Multiple,6,Monday,17,False,False
201800029855,NonLethal,Daylight,Yes,Roundabout,Normal,2Vehicles-Behind,9,Friday,18,False,False
201800031160,NonLethal,Daylight,No,X-type,Normal,2Vehicles-Side,4,Saturday,15,True,False
201800055583,NonLethal,Daylight,Yes,NoIntersection,Normal,3+Vehicles-Chain,5,Wednesday,19,False,False
201800015171,NonLethal,Daylight,No,NoIntersection,Normal,Other,5,Sunday,8,True,False
201800031364,NonLethal,TwilightOrDawn,Yes,NoIntersection,Normal,Other,3,Monday,7,False,False
201800040970,NonLethal,NightStreelightsOn,Yes,NoIntersection,Normal,3+Vehicles-Chain,6,Monday,19,False,False
201800042796,NonLethal,Daylight,Yes,X-type,Normal,2Vehicles-Side,11,Wednesday,8,False,False
201800010800,NonLethal,Daylight,No,NoIntersection,Normal,NoCollision,10,Saturday,8,True,False
201800057463,NonLethal,NightNoStreetLight,No,NoIntersection,Normal,2Vehicles-BehindVehicles-Frontal,6,Saturday,5,True,True
201800011663,NonLethal,Daylight,Yes,NoIntersection,Normal,NoCollision,6,Friday,20,False,False
201800015103,NonLethal,Daylight,No,X-type,Normal,2Vehicles-Side,10,Saturday,11,True,False
201800004499,NonLethal,Daylight,Yes,T-type,Normal,2Vehicles-Side,8,Tuesday,16,False,False
201800042810,NonLethal,Daylight,Yes,X-type,Normal,2Vehicles-BehindVehicles-Frontal,1,Monday,10,False,False
201800044427,NonLethal,Daylight,No,NoIntersection,Overcast,3+Vehicles-Chain,12,Monday,8,False,False
201800009237,NonLethal,Daylight,Yes,X-type,Normal,2Vehicles-Side,6,Tuesday,11,False,False
201800047725,NonLethal,Daylight,Yes,NoIntersection,Normal,2Vehicles-Side,9,Wednesday,12,False,False
201800035693,NonLethal,NightNoStreetLight,No,NoIntersection,LightRain,3+Vehicles-Multiple,12,Saturday,3,True,True
201800047537,NonLethal,Daylight,Yes,NoIntersection,Normal,2Vehicles-Behind,6,Wednesday,11,False,False
201800007501,NonLethal,Daylight,Yes,Other,VeryGood,2Vehicles-Side,9,Sunday,8,True,False
201800002926,NonLethal,NightNoStreetLight,No,NoIntersection,Overcast,Other,1,Tuesday,3,False,True
201800034721,NonLethal,Daylight,Yes,NoIntersection,Normal,Other,11,Saturday,12,True,False
201800010824,NonLethal,Daylight,No,NoIntersection,Normal,3+Vehicles-Multiple,2,Sunday,15,True,False
201800041254,NonLethal,Daylight,Yes,X-type,Normal,2Vehicles-Side,7,Saturday,6,True,True
201800024879,NonLethal,Daylight,Yes,NoIntersection,Normal,Other,8,Tuesday,18,False,False
201800056842,NonLethal,Daylight,Yes,T-type,Normal,2Vehicles-Side,1,Monday,16,False,False
201800015409,NonLethal,TwilightOrDawn,No,NoIntersection,Normal,Other,4,Sunday,7,True,False
201800024945,NonLethal,Daylight,Yes,Other,LightRain,Other,10,Saturday,18,True,False
201800020426,NonLethal,NightNoStreetLight,No,NoIntersection,Normal,2Vehicles-Behind,8,Thursday,22,False,False
201800026215,NonLethal,Daylight,Yes,Other,Normal,2Vehicles-Side,1,Friday,17,False,False
201800050891,NonLethal,NightStreelightsOn,Yes,X-type,Normal,2Vehicles-Side,6,Friday,4,False,True
201800016983,Lethal,Daylight,No,NoIntersection,Normal,NoCollision,11,Friday,18,False,False
201800014876,NonLethal,Daylight,No,NoIntersection,Normal,2Vehicles-Behind,7,Thursday,8,False,False
201800012116,Lethal,Daylight,No,NoIntersection,Overcast,Other,12,Saturday,9,True,False
201800001265,NonLethal,NightStreelightsOn,Yes,NoIntersection,Overcast,2Vehicles-Behind,10,Monday,20,False,False
201800052763,NonLethal,Daylight,Yes,NoIntersection,Normal,Other,6,Thursday,14,False,False
201800000769,NonLethal,Daylight,No,NoIntersection,Normal,2Vehicles-BehindVehicles-Frontal,5,Friday,13,False,False
201800019637,NonLethal,Daylight,Yes,T-type,Normal,2Vehicles-Behind,4,Friday,16,False,False
201800057712,NonLethal,NightNoStreetLight,Yes,NoIntersection,Normal,Other,8,Friday,20,False,False
201800050846,NonLethal,NightStreelightsOn,Yes,NoIntersection,Normal,Other,3,Wednesday,20,False,False
201800047511,NonLethal,TwilightOrDawn,Yes,NoIntersection,VeryGood,2Vehicles-Side,5,Wednesday,20,False,False
201800052934,NonLethal,NightStreelightsOn,Yes,Square,LightRain,2Vehicles-Behind,1,Wednesday,19,False,False
201800010334,NonLethal,Daylight,No,NoIntersection,Normal,3+Vehicles-Multiple,6,Wednesday,18,False,False
201800041670,NonLethal,NightStreelightsOn,Yes,NoIntersection,Normal,Other,7,Friday,1,False,True
201800003429,NonLethal,NightNoStreetLight,Yes,NoIntersection,Normal,2Vehicles-BehindVehicles-Frontal,1,Monday,3,False,True
201800013550,NonLethal,Daylight,No,NoIntersection,Normal,2Vehicles-Side,6,Wednesday,16,False,False
201800004959,NonLethal,TwilightOrDawn,No,NoIntersection,Normal,2Vehicles-BehindVehicles-Frontal,3,Friday,19,False,False
201800001425,NonLethal,NightStreelightsOn,Yes,X-type,LightRain,2Vehicles-BehindVehicles-Frontal,11,Friday,19,False,False
201800021113,NonLethal,Daylight,No,NoIntersection,Normal,NoCollision,9,Sunday,9,True,False
201800014616,NonLethal,Daylight,No,X-type,Normal,NoCollision,4,Wednesday,17,False,False
201800015141,NonLethal,Daylight,No,NoIntersection,LightRain,2Vehicles-BehindVehicles-Frontal,5,Tuesday,15,False,False
201800031214,NonLethal,Daylight,Yes,NoIntersection,Normal,Other,3,Friday,15,False,False
201800054495,NonLethal,Daylight,Yes,NoIntersection,Normal,2Vehicles-Side,7,Saturday,17,True,False
201800045094,NonLethal,Daylight,No,NoIntersection,LightRain,Other,7,Friday,20,False,False
201800042939,NonLethal,NightStreelightsOn,Yes,X-type,LightRain,NoCollision,11,Monday,22,False,False
201800034409,NonLethal,Daylight,Yes,NoIntersection,Normal,Other,8,Thursday,8,False,False
201800040147,NonLethal,NightNoStreetLight,Yes,X-type,Normal,Other,12,Wednesday,20,False,False
201800051307,NonLethal,Daylight,Yes,Square,HeavyRain,Other,1,Monday,13,False,False
201800001106,NonLethal,Daylight,Yes,NoIntersection,Normal,2Vehicles-Side,2,Saturday,19,True,False
201800051828,NonLethal,Daylight,Yes,X-type,Normal,Other,10,Monday,8,False,False
201800046891,NonLethal,NightStreelightsOn,No,NoIntersection,Normal,NoCollision,9,Saturday,1,True,True
201800049131,NonLethal,Daylight,No,NoIntersection,Normal,NoCollision,4,Thursday,19,False,False
201800049457,NonLethal,Daylight,No,NoIntersection,Normal,3+Vehicles-Chain,10,Friday,17,False,False
201800043569,NonLethal,Daylight,Yes,NoIntersection,Normal,Other,7,Saturday,19,True,False
201800026707,NonLethal,TwilightOrDawn,No,NoIntersection,LightRain,2Vehicles-Behind,12,Saturday,17,True,False
201800024031,NonLethal,NightStreelightsOn,Yes,T-type,LightRain,Other,10,Sunday,20,True,False
201800022345,Lethal,NightNoStreetLight,No,NoIntersection,Normal,Other,6,Wednesday,3,False,True
201800034025,NonLethal,Daylight,No,NoIntersection,Normal,2Vehicles-Side,6,Wednesday,9,False,False
201800008941,NonLethal,TwilightOrDawn,Yes,NoIntersection,LightRain,NoCollision,4,Monday,19,False,False
201800048726,NonLethal,Daylight,Yes,Other,Normal,2Vehicles-Side,1,Friday,12,False,False
201800050135,NonLethal,NightNoStreetLight,No,NoIntersection,LightRain,Other,11,Friday,21,False,False
201800007586,Lethal,Daylight,No,NoIntersection,Normal,2Vehicles-BehindVehicles-Frontal,7,Tuesday,12,False,False
201800002846,NonLethal,Daylight,Yes,NoIntersection,Normal,NoCollision,6,Saturday,18,True,False
201800021092,NonLethal,Daylight,Yes,NoIntersection,SnowOrHail,Other,2,Saturday,12,True,False
201800014784,NonLethal,Daylight,Yes,NoIntersection,Normal,2Vehicles-BehindVehicles-Frontal,4,Thursday,15,False,False
201800026537,NonLethal,Daylight,Yes,Roundabout,Normal,3+Vehicles-Chain,5,Sunday,11,True,False
201800021791,NonLethal,Daylight,Yes,Roundabout,Normal,2Vehicles-Side,4,Wednesday,15,False,False
201800016866,NonLethal,NightNoStreetLight,Yes,NoIntersection,Normal,Other,1,Tuesday,20,False,False
201800019406,NonLethal,NightNoStreetLight,No,NoIntersection,Normal,Other,12,Friday,0,False,True
201800057046,NonLethal,Daylight,Yes,Roundabout,Normal,Other,9,Friday,9,False,False
201800033528,NonLethal,Daylight,Yes,NoIntersection,Normal,2Vehicles-Behind,4,Monday,18,False,False
201800050614,NonLethal,Daylight,Yes,X-type,Normal,2Vehicles-Side,12,Monday,17,False,False
201800057674,NonLethal,Daylight,Yes,NoIntersection,Normal,2Vehicles-Side,7,Friday,6,False,True
201800015537,NonLethal,Daylight,No,NoIntersection,Normal,2Vehicles-Side,10,Thursday,15,False,False
201800006048,NonLethal,Daylight,No,NoIntersection,Normal,NoCollision,8,Friday,17,False,False
201800000349,NonLethal,Daylight,Yes,NoIntersection,Normal,2Vehicles-BehindVehicles-Frontal,3,Friday,17,False,False
201800038324,NonLethal,Daylight,Yes,T-type,Normal,2Vehicles-Side,3,Saturday,17,True,False