AccidentId,Gravity,Light,InAgglomeration,IntersectionType,Weather,CollisionType,Month,DayOfWeek,HourOfDay,IsWeekend,IsNight
201800056522,NonLethal,Daylight,Yes,Other,Normal,2Vehicles-Side,6,Friday,11,False,False
201800016267,NonLethal,NightNoStreetLight,Yes,NoIntersection,LightRain,Other,10,Saturday,21,True,False
201800041066,NonLethal,Daylight,Yes,NoIntersection,Normal,Other,9,Friday,17,False,False
201800053488,NonLethal,Daylight,Yes,Y-type,Normal,2Vehicles-Side,8,Friday,19,False,False
201800051405,NonLethal,Daylight,Yes,X-type,Normal,Other,10,Tuesday,16,False,False
201800033400,NonLethal,NightStreelightsOn,Yes,T-type,Normal,2Vehicles-Side,10,Monday,6,False,True
201800044002,NonLethal,NightNoStreetLight,No,NoIntersection,Normal,NoCollision,5,Tuesday,0,False,True
201800025722,NonLethal,Daylight,Yes,NoIntersection,Normal,2Vehicles-Behind,7,Sunday,10,True,False
201800022628,NonLethal,Daylight,Yes,NoIntersection,Normal,2Vehicles-Behind,11,Tuesday,11,False,False
201800003480,NonLethal,TwilightOrDawn,No,NoIntersection,Normal,NoCollision,5,Saturday,20,True,False
201800019532,NonLethal,NightStreelightsOn,Yes,Roundabout,Normal,2Vehicles-Side,10,Saturday,20,True,False
201800040847,NonLethal,NightStreelightsOn,Yes,Y-type,Normal,Other,11,Sunday,4,True,True
201800018689,Lethal,NightNoStreetLight,No,NoIntersection,Normal,Other,10,Thursday,0,False,True
201800014602,NonLethal,NightStreelightsOn,Yes,NoIntersection,Other,Other,6,Saturday,0,True,True
201800004228,NonLethal,Daylight,No,NoIntersection,Normal,3+Vehicles-Multiple,7,Saturday,17,True,False
201800041797,NonLethal,Daylight,Yes,T-type,Normal,2Vehicles-Side,9,Friday,16,False,False
201800042341,NonLethal,Daylight,Yes,Roundabout,Normal,2Vehicles-Side,8,Wednesday,16,False,False
201800013052,NonLethal,Daylight,No,NoIntersection,Normal,3+Vehicles-Chain,1,Friday,7,False,False
201800025800,NonLethal,Daylight,Yes,NoIntersection,Normal,Other,4,Saturday,19,True,False
201800019116,Lethal,NightNoStreetLight,No,NoIntersection,SnowOrHail,3+Vehicles-Multiple,12,Sunday,2,True,True
201800036490,NonLethal,Daylight,Yes,NoIntersection,Normal,2Vehicles-Side,10,Wednesday,11,False,False
201800053829,NonLethal,Daylight,Yes,NoIntersection,Normal,2Vehicles-Side,7,Wednesday,17,False,False
201800046124,NonLethal,Daylight,No,NoIntersection,Normal,2Vehicles-Side,10,Monday,13,False,False
201800049550,NonLethal,Daylight,No,NoIntersection,Normal,3+Vehicles-Chain,3,Friday,17,False,False
201800043373,NonLethal,Daylight,Yes,Roundabout,Normal,2Vehicles-Side,5,Monday,16,False,False
201800018665,NonLethal,Daylight,Yes,NoIntersection,Normal,2Vehicles-Side,4,Friday,9,False,False
201800008038,NonLethal,Daylight,No,NoIntersection,LightRain,Other,7,Friday,16,False,False
201800026076,NonLethal,NightStreelightsOn,Yes,Roundabout,Normal,2Vehicles-Side,1,Wednesday,0,False,True
201800014265,Lethal,Daylight,No,NoIntersection,Normal,2Vehicles-BehindVehicles-Frontal,9,Friday,7,False,False
201800008488,NonLethal,Daylight,Yes,T-type,Normal,Other,2,Thursday,16,False,False
201800048372,NonLethal,Daylight,Yes,NoIntersection,Normal,Other,6,Saturday,10,True,False
201800024887,NonLethal,NightStreelightsOn,Yes,NoIntersection,Normal,2Vehicles-Behind,9,Thursday,20,False,False
201800000941,NonLethal,TwilightOrDawn,Yes,NoIntersection,LightRain,Other,11,Monday,7,False,False
201800035862,NonLethal,NightStreelightsOn,Yes,X-type,Normal,2Vehicles-Side,5,Thursday,22,False,False
201800023377,NonLethal,NightNoStreetLight,Yes,T-type,LightRain,2Vehicles-Side,11,Friday,7,False,False
201800002587,NonLethal,NightNoStreetLight,No,NoIntersection,Normal,Other,12,Saturday,2,True,True
201800043048,NonLethal,Daylight,Yes,NoIntersection,Normal,Other,9,Wednesday,15,False,False
201800045170,NonLethal,NightNoStreetLight,No,NoIntersection,Normal,Other,9,Monday,22,False,False
201800027872,NonLethal,Daylight,Yes,NoIntersection,Normal,Other,1,Tuesday,13,False,False
201800051266,NonLethal,Daylight,Yes,X-type,Normal,2Vehicles-Side,11,Saturday,10,True,False
201800027467,NonLethal,Daylight,Yes,NoIntersection,Normal,Other,10,Friday,17,False,False
201800037271,NonLethal,NightStreelightsOn,Yes,NoIntersection,Normal,NoCollision,6,Saturday,23,True,False
201800024586,NonLethal,NightStreelightsOn,Yes,NoIntersection,LightRain,Other,2,Thursday,18,False,False
201800016106,NonLethal,Daylight,Yes,NoIntersection,Normal,2Vehicles-Behind,11,Friday,10,False,False
201800050476,NonLethal,NightStreelightsOn,Yes,T-type,Normal,2Vehicles-Side,9,Wednesday,23,False,False
201800033082,Lethal,Daylight,No,NoIntersection,Normal,NoCollision,12,Tuesday,16,False,False
201800008722,NonLethal,NightStreelightsOn,Yes,T-type,Normal,3+Vehicles-Multiple,3,Friday,20,False,False
201800006468,NonLethal,Daylight,No,NoIntersection,VeryGood,2Vehicles-Behind,7,Sunday,10,True,False
201800056331,NonLethal,Daylight,Yes,Roundabout,HeavyRain,2Vehicles-Side,1,Thursday,12,False,False
201800012912,NonLethal,Daylight,Yes,Other,Normal,2Vehicles-BehindVehicles-Frontal,5,Wednesday,14,False,False
201800047864,NonLethal,NightStreelightsOn,Yes,T-type,LightRain,2Vehicles-Side,12,Wednesday,18,False,False
201800028374,NonLethal,Daylight,Yes,Y-type,LightRain,2Vehicles-Side,3,Friday,15,False,False
201800049724,NonLethal,TwilightOrDawn,No,NoIntersection,Normal,2Vehicles-Behind,2,Friday,6,False,True
201800008255,NonLethal,Daylight,No,Other,Normal,Other,7,Friday,9,False,False
201800046685,NonLethal,Daylight,No,NoIntersection,Normal,2Vehicles-Side,6,Tuesday,16,False,False
201800021758,NonLethal,NightNoStreetLight,No,NoIntersection,Normal,Other,2,Saturday,22,True,False
201800011054,NonLethal,Daylight,Yes,NoIntersection,Normal,Other,5,Tuesday,16,False,False
201800002154,NonLethal,TwilightOrDawn,No,Roundabout,Normal,2Vehicles-Behind,10,Wednesday,19,False,False
201800045556,NonLethal,Daylight,No,NoIntersection,Normal,2Vehicles-Behind,12,Sunday,16,True,False
201800035465,NonLethal,NightStreelightsOn,Yes,T-type,Normal,3+Vehicles-Chain,11,Sunday,0,True,True
201800056096,NonLethal,Daylight,Yes,NoIntersection,Normal,Other,10,Thursday,6,False,True
201800050571,NonLethal,Daylight,Yes,T-type,Normal,Other,6,Friday,8,False,False
201800039412,NonLethal,NightStreelightsOn,Yes,NoIntersection,Normal,Other,8,Friday,3,False,True
201800012164,NonLethal,Daylight,No,T-type,Normal,3+Vehicles-Multiple,9,Tuesday,7,False,False
201800014431,NonLethal,Daylight,No,NoIntersection,LightRain,2Vehicles-BehindVehicles-Frontal,12,Saturday,16,True,False
201800044905,NonLethal,TwilightOrDawn,No,NoIntersection,Normal,2Vehicles-Behind,5,Thursday,6,False,True
201800052704,NonLethal,TwilightOrDawn,Yes,T-type,LightRain,3+Vehicles-Multiple,4,Monday,20,False,False
201800055373,NonLethal,Daylight,Yes,NoIntersection,Normal,2Vehicles-Behind,5,Friday,15,False,False
201800015078,Lethal,Daylight,No,NoIntersection,Normal,2Vehicles-BehindVehicles-Frontal,9,Sunday,10,True,False
201800010342,NonLethal,Daylight,Yes,NoIntersection,Normal,2Vehicles-Side,12,Friday,16,False,False
201800018922,NonLethal,Daylight,No,NoIntersection,Normal,Other,11,Wednesday,12,False,False
201800053680,NonLethal,NightStreelightsOn,Yes,NoIntersection,LightRain,2Vehicles-Side,1,Thursday,7,False,False
201800034207,NonLethal,Daylight,Yes,T-type,VeryGood,Other,6,Sunday,8,True,False
201800002257,NonLethal,Daylight,Yes,NoIntersection,Normal,2Vehicles-Behind,9,Sunday,17,True,False
201800041741,NonLethal,Daylight,Yes,X-type,LightRain,2Vehicles-Side,12,Tuesday,18,False,False
201800020109,NonLethal,Daylight,Yes,NoIntersection,Normal,2Vehicles-BehindVehicles-Frontal,1,Thursday,11,False,False
201800032407,NonLethal,Daylight,Yes,T-type,Normal,Other,3,Wednesday,17,False,False
201800002489,Lethal,Daylight,Yes,NoIntersection,Normal,Other,6,Friday,17,False,False
201800048315,NonLethal,Daylight,Yes,Other,Normal,2Vehicles-Side,9,Thursday,18,False,False
201800056451,Lethal,Daylight,No,NoIntersection,Normal,2Vehicles-Behind,4,Saturday,6,True,True
201800022380,NonLethal,Daylight,Yes,Other,Normal,Other,8,Thursday,16,False,False
201800044293,NonLethal,Daylight,No,NoIntersection,Normal,2Vehicles-Side,11,Saturday,10,True,False
201800022567,NonLethal,NightStreelightsOn,Yes,NoIntersection,Normal,2Vehicles-BehindVehicles-Frontal,5,Thursday,23,False,False
201800043435,NonLethal,Daylight,Yes,T-type,VeryGood,Other,4,Thursday,16,False,False
201800003905,NonLethal,Daylight,No,NoIntersection,Normal,2Vehicles-Side,5,Sunday,13,True,False
201800010715,NonLethal,TwilightOrDawn,No,NoIntersection,Normal,NoCollision,7,Wednesday,6,False,True
201800035815,NonLethal,Daylight,Yes,NoIntersection,Normal,2Vehicles-Behind,11,Tuesday,15,False,False
201800034839,NonLethal,Daylight,Yes,NoIntersection,Normal,3+Vehicles-Multiple,7,Monday,10,False,False
201800025988,NonLethal,Daylight,Yes,Roundabout,Normal,2Vehicles-Behind,3,Friday,8,False,False
201800047978,NonLethal,Daylight,No,NoIntersection,Normal,Other,10,Thursday,14,False,False
201800047506,NonLethal,Daylight,Yes,X-type,Normal,Other,5,Monday,16,False,False
201800011560,NonLethal,Daylight,No,NoIntersection,Normal,2Vehicles-Side,5,Saturday,15,True,False
201800005502,NonLethal,NightStreelightsOn,Yes,NoIntersection,LightRain,2Vehicles-Side,12,Thursday,17,False,False
201800008247,NonLethal,TwilightOrDawn,Yes,NoIntersection,Normal,2Vehicles-Behind,2,Tuesday,17,False,False
201800045405,NonLethal,NightNoStreetLight,No,NoIntersection,LightRain,2Vehicles-Side,2,Sunday,1,True,True
201800032201,NonLethal,Daylight,Yes,NoIntersection,VeryGood,Other,9,Wednesday,9,False,False
201800001383,NonLethal,Daylight,No,NoIntersection,Normal,2Vehicles-Behind,12,Tuesday,19,False,False
201800019682,NonLethal,Daylight,Yes,NoIntersection,Normal,Other,7,Sunday,20,True,False
201800017867,NonLethal,Daylight,Yes,X-type,Normal,2Vehicles-Side,6,Friday,19,False,False
201800035630,NonLethal,Daylight,Yes,NoIntersection,Overcast,Other,9,Tuesday,13,False,False
201800043437,NonLethal,NightStreelightsOn,Yes,NoIntersection,HeavyRain,2Vehicles-Behind,4,Monday,1,False,True
201800022691,NonLethal,Daylight,No,NoIntersection,Normal,2Vehicles-BehindVehicles-Frontal,3,Saturday,16,True,False
201800035736,NonLethal,Daylight,Yes,T-type,VeryGood,2Vehicles-Side,4,Monday,9,False,False
201800031065,NonLethal,Daylight,Yes,NoIntersection,Normal,2Vehicles-Behind,9,Saturday,16,True,False
201800050462,NonLethal,Daylight,Yes,X-type,Overcast,2Vehicles-Side,11,Tuesday,16,False,False
201800018732,NonLethal,Daylight,Yes,NoIntersection,Normal,Other,12,Tuesday,10,False,False
201800043775,NonLethal,Daylight,No,Other,LightRain,2Vehicles-Side,4,Sunday,13,True,False
201800032210,NonLethal,Daylight,Yes,Other,Normal,2Vehicles-BehindVehicles-Frontal,9,Sunday,10,True,False
201800041783,NonLethal,Daylight,Yes,NoIntersection,Normal,Other,9,Saturday,12,True,False
201800032596,NonLethal,Daylight,Yes,X-type,Normal,Other,9,Tuesday,19,False,False
201800044670,NonLethal,Daylight,No,NoIntersection,Normal,2Vehicles-Behind,3,Thursday,9,False,False
201800041715,NonLethal,NightStreelightsOn,Yes,T-type,Other,2Vehicles-Behind,1,Monday,18,False,False
201800040658,NonLethal,Daylight,Yes,NoIntersection,Normal,2Vehicles-Side,2,Sunday,14,True,False
201800018416,NonLethal,Daylight,No,X-type,VeryGood,2Vehicles-Side,9,Monday,18,False,False
201800036078,NonLethal,Daylight,No,NoIntersection,Normal,NoCollision,5,Tuesday,9,False,False
201800031675,NonLethal,NightStreelightsOn,Yes,Y-type,LightRain,2Vehicles-Side,3,Thursday,5,False,True
201800050416,NonLethal,NightStreelightsOn,Yes,X-type,Normal,Other,1,Thursday,23,False,False
201800052992,NonLethal,NightStreelightsOn,Yes,Y-type,Normal,2Vehicles-Behind,3,Monday,0,False,True
201800024714,NonLethal,NightStreelightsOn,Yes,X-type,Normal,2Vehicles-Side,10,Thursday,20,False,False
201800012751,NonLethal,TwilightOrDawn,No,NoIntersection,Normal,NoCollision,7,Sunday,5,True,True
201800037940,NonLethal,Daylight,Yes,NoIntersection,Normal,Other,12,Friday,19,False,False
201800019998,NonLethal,Daylight,No,X-type,VeryGood,2Vehicles-Side,9,Wednesday,15,False,False
201800053086,NonLethal,Daylight,Yes,NoIntersection,Normal,2Vehicles-Side,4,Sunday,17,True,False
201800036934,NonLethal,Daylight,No,NoIntersection,LightRain,2Vehicles-Side,3,Wednesday,9,False,False
201800053381,NonLethal,TwilightOrDawn,Yes,Y-type,HeavyRain,2Vehicles-Side,5,Monday,18,False,False
201800048971,NonLethal,Daylight,No,NoIntersection,Normal,2Vehicles-Behind,8,Saturday,17,True,False
201800016223,NonLethal,Daylight,Yes,X-type,Normal,Other,5,Friday,15,False,False
201800030751,NonLethal,Daylight,Yes,NoIntersection,LightRain,2Vehicles-Behind,2,Saturday,11,True,False
201800054443,NonLethal,NightStreelightsOn,Yes,NoIntersection,Normal,Other,8,Monday,4,False,True
201800041434,NonLethal,Daylight,Yes,NoIntersection,Normal,Other,5,Wednesday,19,False,False
201800012020,NonLethal,TwilightOrDawn,No,NoIntersection,LightRain,3+Vehicles-Multiple,3,Monday,7,False,False
201800011419,NonLethal,Daylight,No,NoIntersection,Normal,Other,3,Saturday,12,True,False
201800025864,NonLethal,TwilightOrDawn,No,Roundabout,Normal,NoCollision,9,Thursday,7,False,False
201800004691,Lethal,Daylight,No,NoIntersection,Normal,Other,4,Thursday,7,False,False
201800051598,NonLethal,Daylight,Yes,T-type,Overcast,2Vehicles-Side,10,Tuesday,16,False,False
201800009158,NonLethal,Daylight,Yes,Other,Normal,2Vehicles-Behind,11,Tuesday,16,False,False
201800006369,NonLethal,Daylight,No,NoIntersection,FogOrSmoke,2Vehicles-Behind,12,Sunday,14,True,False
201800034153,NonLethal,Daylight,Yes,Other,Overcast,Other,3,Thursday,10,False,False
201800039770,NonLethal,NightStreelightsOn,Yes,X-type,LightRain,2Vehicles-Side,12,Sunday,23,True,False
201800006173,NonLethal,Daylight,No,NoIntersection,Normal,2Vehicles-Behind,7,Tuesday,9,False,False
201800045530,NonLethal,NightNoStreetLight,No,NoIntersection,LightRain,Other,12,Sunday,2,True,True
201800051531,NonLethal,NightStreelightsOn,Yes,NoIntersection,Normal,NoCollision,7,Monday,3,False,True
201800005459,NonLethal,Daylight,Yes,NoIntersection,Normal,2Vehicles-Behind,9,Tuesday,14,False,False
201800053340,NonLethal,Daylight,Yes,NoIntersection,Normal,Other,4,Friday,16,False,False
201800038565,NonLethal,Daylight,Yes,LevelCrossing,Normal,2Vehicles-Side,5,Monday,14,False,False
201800040185,NonLethal,Daylight,Yes,X-type,Normal,2Vehicles-Side,4,Sunday,18,True,False
201800042914,NonLethal,Daylight,Yes,NoIntersection,Normal,2Vehicles-Behind,9,Friday,10,False,False
201800003704,NonLethal,Daylight,No,NoIntersection,Normal,Other,5,Wednesday,10,False,False
201800055434,NonLethal,Daylight,Yes,NoIntersection,LightRain,2Vehicles-Behind,6,Monday,16,False,False
201800010321,NonLethal,Daylight,Yes,Other,Normal,3+Vehicles-Chain,11,Thursday,14,False,False
201800038412,NonLethal,Daylight,Yes,NoIntersection,Normal,Other,2,Thursday,11,False,False
201800031307,NonLethal,Daylight,Yes,NoIntersection,Normal,2Vehicles-Behind,9,Tuesday,12,False,False
201800004990,NonLethal,NightNoStreetLight,No,NoIntersection,LightRain,Other,10,Thursday,21,False,False
201800035220,NonLethal,NightStreelightsOn,Yes,NoIntersection,Normal,Other,3,Saturday,20,True,False
201800033964,NonLethal,Daylight,Yes,X-type,Normal,2Vehicles-Side,4,Tuesday,7,False,False
201800008643,NonLethal,NightStreelightsOn,Yes,NoIntersection,Normal,Other,3,Thursday,0,False,True
201800004889,NonLethal,TwilightOrDawn,Yes,NoIntersection,VeryGood,Other,11,Monday,8,False,False
201800053408,NonLethal,Daylight,Yes,X-type,Normal,2Vehicles-Side,6,Monday,17,False,False
201800044168,NonLethal,Daylight,No,NoIntersection,Normal,3+Vehicles-Chain,10,Monday,9,False,False
201800016180,NonLethal,Daylight,Yes,T-type,Normal,2Vehicles-Side,6,Monday,14,False,False
201800003125,NonLethal,Daylight,Yes,MoreThan4Branches,Normal,2Vehicles-Side,9,Monday,9,False,False
201800012681,NonLethal,Daylight,Yes,NoIntersection,Normal,Other,3,Sunday,16,True,False
201800000156,NonLethal,TwilightOrDawn,Yes,NoIntersection,Normal,Other,8,Wednesday,8,False,False
201800001632,NonLethal,Daylight,No,NoIntersection,Normal,Other,6,Monday,11,False,False
201800057770,NonLethal,TwilightOrDawn,Yes,NoIntersection,Normal,Other,11,Thursday,18,False,False
201800021456,NonLethal,NightNoStreetLight,No,NoIntersection,Normal,2Vehicles-Behind,8,Saturday,5,True,True
201800000312,NonLethal,NightStreelightsOn,Yes,NoIntersection,Normal,2Vehicles-Side,2,Sunday,5,True,True
201800032981,NonLethal,Daylight,Yes,NoIntersection,Normal,2Vehicles-Side,3,Monday,11,False,False
201800015218,NonLethal,Daylight,Yes,X-type,Normal,2Vehicles-Side,7,Thursday,16,False,False
201800029071,NonLethal,NightNoStreetLight,Yes,NoIntersection,Normal,2Vehicles-Side,10,Thursday,19,False,False
201800021078,NonLethal,Daylight,Yes,NoIntersection,Normal,Other,4,Thursday,8,False,False
201800050961,NonLethal,NightStreelightsOn,Yes,T-type,HeavyRain,Other,12,Saturday,21,True,False
201800022849,NonLethal,Daylight,Yes,Roundabout,Normal,2Vehicles-Side,9,Wednesday,8,False,False
201800044656,NonLethal,TwilightOrDawn,No,NoIntersection,Normal,3+Vehicles-Multiple,3,Monday,7,False,False
201800010967,NonLethal,NightNoStreetLight,No,X-type,Normal,2Vehicles-Side,10,Friday,21,False,False
201800012160,NonLethal,Daylight,Yes,NoIntersection,Normal,Other,5,Thursday,11,False,False
201800051917,NonLethal,NightStreelightsOn,Yes,X-type,Normal,2Vehicles-BehindVehicles-Frontal,1,Wednesday,21,False,False
201800049811,NonLethal,Daylight,No,Other,Normal,2Vehicles-Behind,4,Tuesday,10,False,False
201800024245,NonLethal,NightStreelightsOn,Yes,NoIntersection,Normal,3+Vehicles-Multiple,1,Wednesday,21,False,False
201800021030,NonLethal,NightNoStreetLight,Yes,NoIntersection,Normal,NoCollision,8,Friday,3,False,True
201800015002,NonLethal,NightStreelightsOff,Yes,NoIntersection,Normal,Other,12,Monday,21,False,False
201800044447,NonLethal,NightNoStreetLight,No,NoIntersection,Normal,2Vehicles-Side,12,Tuesday,18,False,False
201800031156,NonLethal,Daylight,No,NoIntersection,Normal,2Vehicles-BehindVehicles-Frontal,9,Sunday,14,True,False
201800006036,NonLethal,NightNoStreetLight,No,NoIntersection,LightRain,NoCollision,1,Monday,6,False,True
201800007695,NonLethal,NightNoStreetLight,No,NoIntersection,Normal,2Vehicles-Behind,11,Thursday,18,False,False
201800011106,NonLethal,Daylight,No,NoIntersection,Normal,NoCollision,5,Sunday,19,True,False
201800022115,NonLethal,Daylight,Yes,T-type,Normal,2Vehicles-Side,10,Friday,13,False,False
201800046914,NonLethal,NightNoStreetLight,No,NoIntersection,Normal,3+Vehicles-Chain,9,Friday,21,False,False
201800024367,NonLethal,Daylight,Yes,NoIntersection,Normal,3+Vehicles-Multiple,7,Tuesday,17,False,False
201800042121,NonLethal,TwilightOrDawn,Yes,NoIntersection,Normal,Other,11,Thursday,18,False,False
201800016759,NonLethal,Daylight,No,NoIntersection,Normal,NoCollision,7,Tuesday,18,False,False
201800011341,NonLethal,NightStreelightsOn,No,X-type,Normal,2Vehicles-Side,12,Thursday,18,False,False
201800023072,NonLethal,Daylight,Yes,NoIntersection,LightRain,3+Vehicles-Chain,5,Tuesday,17,False,False
201800017359,NonLethal,Daylight,Yes,NoIntersection,Normal,Other,11,Sunday,15,True,False
201800025155,NonLethal,TwilightOrDawn,Yes,NoIntersection,Normal,Other,9,Saturday,6,True,True
201800032695,Lethal,TwilightOrDawn,No,LevelCrossing,Other,2Vehicles-Side,1,Wednesday,7,False,False
201800031939,NonLethal,Daylight,Yes,T-type,Normal,2Vehicles-Side,9,Monday,17,False,False
201800044380,NonLethal,Daylight,No,NoIntersection,Normal,2Vehicles-Behind,11,Tuesday,17,False,False
201800054318,NonLethal,NightStreelightsOn,Yes,X-type,LightRain,2Vehicles-Side,1,Wednesday,5,False,True
201800034328,NonLethal,Daylight,No,NoIntersection,Normal,Other,6,Friday,11,False,False
201800021065,NonLethal,NightStreelightsOn,Yes,NoIntersection,Normal,2Vehicles-Behind,12,Friday,19,False,False
201800034769,NonLethal,Daylight,Yes,NoIntersection,Normal,Other,10,Tuesday,8,False,False
201800052472,NonLethal,Daylight,Yes,NoIntersection,Normal,2Vehicles-Side,7,Saturday,13,True,False
201800027301,NonLethal,NightNoStreetLight,Yes,NoIntersection,Normal,Other,5,Tuesday,22,False,False
201800042845,NonLethal,Daylight,Yes,T-type,Normal,Other,12,Tuesday,13,False,False
201800057056,NonLethal,Daylight,No,Other,Normal,Other,4,Tuesday,15,False,False
201800015143,NonLethal,NightNoStreetLight,No,NoIntersection,LightRain,2Vehicles-BehindVehicles-Frontal,10,Tuesday,7,False,False
201800050727,NonLethal,Daylight,Yes,X-type,Normal,2Vehicles-Side,9,Tuesday,16,False,False
201800011060,NonLethal,Daylight,Yes,T-type,Normal,Other,9,Wednesday,11,False,False
201800000602,Lethal,Daylight,Yes,NoIntersection,Normal,Other,4,Monday,13,False,False
201800020197,NonLethal,Daylight,Yes,X-type,Normal,2Vehicles-BehindVehicles-Frontal,6,Wednesday,11,False,False
201800051921,NonLethal,Daylight,Yes,Y-type,Overcast,Other,1,Friday,7,False,False
201800046101,NonLethal,Daylight,No,NoIntersection,Normal,2Vehicles-Side,9,Friday,12,False,False
201800035680,NonLethal,Daylight,No,Other,Normal,2Vehicles-Side,10,Monday,13,False,False
201800003838,NonLethal,Daylight,No,Other,Normal,2Vehicles-Behind,8,Friday,15,False,False
201800003508,NonLethal,NightNoStreetLight,No,NoIntersection,Overcast,NoCollision,12,Wednesday,18,False,False
201800056992,NonLethal,NightStreelightsOn,Yes,NoIntersection,Normal,2Vehicles-BehindVehicles-Frontal,7,Thursday,22,False,False
201800043782,NonLethal,NightNoStreetLight,No,NoIntersection,Normal,2Vehicles-Behind,1,Wednesday,19,False,False
201800052097,NonLethal,NightStreelightsOn,Yes,X-type,Normal,2Vehicles-Side,9,Friday,0,False,True
201800044628,NonLethal,NightNoStreetLight,No,NoIntersection,Normal,2Vehicles-Side,2,Thursday,0,False,True
201800006662,NonLethal,Daylight,Yes,T-type,LightRain,2Vehicles-BehindVehicles-Frontal,2,Thursday,12,False,False
201800039690,NonLethal,NightStreelightsOn,Yes,X-type,StrongWindOrStorm,2Vehicles-BehindVehicles-Frontal,4,Sunday,19,True,False
201800053556,NonLethal,Daylight,Yes,NoIntersection,Normal,2Vehicles-Side,10,Friday,9,False,False
201800037433,NonLethal,TwilightOrDawn,Yes,X-type,Normal,2Vehicles-Side,2,Monday,5,False,True
201800042975,NonLethal,Daylight,Yes,T-type,Normal,2Vehicles-Behind,3,Friday,16,False,False
201800030831,NonLethal,Daylight,Yes,NoIntersection,Normal,Other,7,Monday,18,False,False
201800022853,NonLethal,Daylight,Yes,Roundabout,Normal,2Vehicles-Side,1,Tuesday,18,False,False
201800019688,NonLethal,Daylight,Yes,NoIntersection,Normal,3+Vehicles-Chain,7,Thursday,19,False,False
201800057071,NonLethal,NightStreelightsOn,Yes,NoIntersection,Normal,NoCollision,12,Monday,20,False,False
201800018334,NonLethal,Daylight,Yes,NoIntersection,Normal,2Vehicles-BehindVehicles-Frontal,1,Saturday,15,True,False
201800048365,NonLethal,Daylight,Yes,X-type,Normal,2Vehicles-BehindVehicles-Frontal,6,Tuesday,18,False,False
201800047916,NonLethal,Daylight,No,NoIntersection,VeryGood,2Vehicles-Behind,4,Friday,13,False,False
201800012891,NonLethal,Daylight,No,NoIntersection,Normal,2Vehicles-BehindVehicles-Frontal,9,Thursday,14,False,False
201800016440,NonLethal,NightNoStreetLight,No,NoIntersection,Normal,Other,10,Sunday,22,True,False
201800020763,NonLethal,Daylight,Yes,T-type,Overcast,2Vehicles-Side,4,Saturday,16,True,False
201800053105,NonLethal,Daylight,Yes,NoIntersection,Normal,Other,5,Wednesday,11,False,False
201800030685,NonLethal,Daylight,Yes,Other,Normal,2Vehicles-Side,8,Wednesday,11,False,False
201800046594,NonLethal,Daylight,No,NoIntersection,Overcast,Other,5,Thursday,9,False,False
201800055409,NonLethal,Daylight,Yes,Y-type,Normal,2Vehicles-Behind,5,Friday,14,False,False
201800007414,NonLethal,Daylight,Yes,NoIntersection,Normal,NoCollision,9,Sunday,11,True,False
201800053032,NonLethal,Daylight,Yes,Y-type,Normal,2Vehicles-Side,6,Friday,9,False,False
201800049310,NonLethal,NightNoStreetLight,No,NoIntersection,LightRain,2Vehicles-Behind,1,Thursday,19,False,False
201800043716,NonLethal,Daylight,Yes,NoIntersection,Normal,2Vehicles-Side,8,Friday,16,False,False
201800025461,NonLethal,Daylight,Yes,NoIntersection,Normal,Other,8,Friday,17,False,False
201800018800,NonLethal,Daylight,Yes,NoIntersection,Normal,NoCollision,4,Saturday,18,True,False
201800012165,NonLethal,Daylight,No,Y-type,Normal,Other,9,Monday,15,False,False
201800038736,NonLethal,TwilightOrDawn,Yes,NoIntersection,Normal,3+Vehicles-Chain,7,Sunday,17,True,False
201800000023,NonLethal,TwilightOrDawn,No,NoIntersection,Normal,2Vehicles-Side,12,Monday,18,False,False
201800019536,NonLethal,Daylight,Yes,NoIntersection,LightRain,Other,6,Monday,17,False,False
201800037684,NonLethal,NightStreelightsOn,Yes,T-type,Normal,2Vehicles-BehindVehicles-Frontal,4,Saturday,23,True,False
201800028869,NonLethal,Daylight,Yes,X-type,LightRain,2Vehicles-Side,4,Thursday,16,False,False
201800039125,NonLethal,Daylight,Yes,NoIntersection,Normal,2Vehicles-Side,4,Wednesday,10,False,False
201800006674,Lethal,Daylight,No,NoIntersection,Normal,2Vehicles-BehindVehicles-Frontal,5,Friday,13,False,False
201800010832,NonLethal,Daylight,No,NoIntersection,Normal,NoCollision,9,Saturday,12,True,False
201800040660,NonLethal,Daylight,Yes,X-type,Normal,2Vehicles-Side,4,Thursday,11,False,False
201800052331,NonLethal,NightStreelightsOn,Yes,X-type,Normal,2Vehicles-Side,2,Monday,21,False,False
201800051807,NonLethal,Daylight,Yes,Square,Overcast,Other,9,Thursday,13,False,False
201800011313,NonLethal,Daylight,No,NoIntersection,Normal,3+Vehicles-Multiple,2,Thursday,18,False,False
201800020776,NonLethal,Daylight,Yes,X-type,Normal,2Vehicles-Side,10,Saturday,16,True,False
201800024817,NonLethal,Daylight,Yes,NoIntersection,Normal,Other,7,Tuesday,10,False,False
201800031343,NonLethal,NightStreelightsOn,Yes,X-type,Normal,2Vehicles-Side,1,Thursday,2,False,True
201800028730,NonLethal,Daylight,Yes,T-type,Normal,2Vehicles-Side,5,Thursday,20,False,False
201800023266,NonLethal,Daylight,No,NoIntersection,Normal,2Vehicles-BehindVehicles-Frontal,9,Thursday,15,False,False
201800041510,NonLethal,Daylight,Yes,NoIntersection,LightRain,NoCollision,1,Thursday,12,False,False