AccidentId,Gravity,Light,InAgglomeration,IntersectionType,Weather,CollisionType,Month,DayOfWeek,HourOfDay,IsWeekend,IsNight
201800000733,NonLethal,Daylight,No,X-type,Normal,2Vehicles-Side,9,Saturday,9,True,False
201800005854,NonLethal,NightStreelightsOn,Yes,Square,LightRain,Other,11,Friday,18,False,False
201800021072,NonLethal,Daylight,Yes,NoIntersection,Normal,Other,10,Wednesday,14,False,False
201800050179,Lethal,NightNoStreetLight,No,NoIntersection,Overcast,Other,12,Sunday,1,True,True
201800046567,NonLethal,Daylight,No,NoIntersection,Normal,NoCollision,5,Friday,18,False,False
201800026031,NonLethal,NightStreelightsOn,Yes,T-type,Normal,2Vehicles-Side,8,Saturday,21,True,False
201800014274,NonLethal,Daylight,No,NoIntersection,Normal,NoCollision,6,Friday,18,False,False
201800007596,NonLethal,Daylight,Yes,NoIntersection,Normal,3+Vehicles-Chain,6,Sunday,13,True,False
201800031605,NonLethal,TwilightOrDawn,No,X-type,Normal,2Vehicles-Side,12,Sunday,7,True,False
201800055605,NonLethal,Daylight,Yes,NoIntersection,Normal,2Vehicles-Side,9,Friday,17,False,False
201800040198,NonLethal,Daylight,Yes,T-type,HeavyRain,Other,6,Wednesday,7,False,False
201800030037,NonLethal,NightStreelightsOn,Yes,X-type,Normal,2Vehicles-Side,8,Monday,22,False,False
201800025855,NonLethal,NightStreelightsOn,Yes,NoIntersection,Normal,NoCollision,6,Sunday,1,True,True
201800011125,NonLethal,Daylight,No,NoIntersection,HeavyRain,NoCollision,5,Saturday,18,True,False
201800056187,NonLethal,Daylight,No,NoIntersection,Normal,Other,1,Sunday,12,True,False
201800015809,Lethal,Daylight,No,X-type,Normal,2Vehicles-Side,1,Thursday,14,False,False
201800034430,NonLethal,Daylight,No,Roundabout,Normal,Other,3,Thursday,10,False,False
201800040867,NonLethal,Daylight,Yes,NoIntersection,Overcast,2Vehicles-Behind,10,Friday,10,False,False
201800015672,Lethal,NightNoStreetLight,No,NoIntersection,Normal,2Vehicles-Side,6,Saturday,22,True,False
201800052696,NonLethal,Daylight,Yes,NoIntersection,Normal,2Vehicles-Side,3,Friday,17,False,False
201800040149,NonLethal,NightStreelightsOn,Yes,X-type,Normal,Other,12,Thursday,20,False,False
201800003290,NonLethal,Daylight,No,T-type,VeryGood,2Vehicles-Side,11,Monday,10,False,False
201800000162,NonLethal,NightStreelightsOff,No,X-type,Normal,2Vehicles-Side,9,Sunday,0,True,True
201800004326,NonLethal,NightStreelightsOn,Yes,NoIntersection,Normal,2Vehicles-Side,9,Sunday,2,True,True
201800056137,NonLethal,TwilightOrDawn,No,NoIntersection,Normal,2Vehicles-Side,1,Thursday,18,False,False
201800027770,NonLethal,Daylight,Yes,NoIntersection,Normal,Other,9,Monday,18,False,False
201800045774,NonLethal,Daylight,No,NoIntersection,Normal,2Vehicles-Side,3,Wednesday,7,False,False
201800027161,NonLethal,Daylight,Yes,X-type,LightRain,Other,2,Monday,10,False,False
201800013877,NonLethal,TwilightOrDawn,Yes,NoIntersection,Normal,2Vehicles-BehindVehicles-Frontal,6,Tuesday,20,False,False
201800018434,NonLethal,NightStreelightsOff,Yes,NoIntersection,LightRain,Other,1,Tuesday,8,False,False
201800038702,Lethal,Daylight,Yes,NoIntersection,Normal,3+Vehicles-Multiple,3,Monday,16,False,False
201800011794,NonLethal,NightNoStreetLight,No,NoIntersection,Normal,2Vehicles-BehindVehicles-Frontal,5,Sunday,0,True,True
201800012181,NonLethal,Daylight,No,X-type,Normal,2Vehicles-Side,12,Tuesday,11,False,False
201800033329,NonLethal,NightStreelightsOn,Yes,Y-type,Normal,2Vehicles-Side,10,Tuesday,21,False,False
201800045117,NonLethal,NightNoStreetLight,No,NoIntersection,Normal,2Vehicles-Behind,8,Thursday,1,False,True
201800015354,NonLethal,Daylight,No,X-type,Normal,2Vehicles-Side,4,Monday,18,False,False
201800037164,NonLethal,Daylight,Yes,Square,Normal,Other,8,Tuesday,16,False,False
201800003406,Lethal,NightNoStreetLight,No,NoIntersection,Normal,2Vehicles-Behind,8,Wednesday,5,False,True
201800018477,NonLethal,NightNoStreetLight,No,X-type,Normal,2Vehicles-Side,8,Wednesday,17,False,False
201800027314,NonLethal,Daylight,Yes,NoIntersection,Normal,NoCollision,5,Wednesday,14,False,False
201800006788,NonLethal,NightStreelightsOn,Yes,Roundabout,Normal,2Vehicles-Behind,1,Monday,18,False,False
201800025486,NonLethal,NightStreelightsOn,Yes,NoIntersection,Normal,2Vehicles-Behind,9,Sunday,1,True,True
201800047924,NonLethal,Daylight,No,NoIntersection,Normal,2Vehicles-Behind,5,Saturday,12,True,False
201800041355,NonLethal,NightStreelightsOn,Yes,X-type,Normal,2Vehicles-Side,1,Wednesday,22,False,False
201800024086,NonLethal,Daylight,Yes,NoIntersection,Normal,2Vehicles-Side,2,Friday,12,False,False
201800012247,NonLethal,Daylight,No,NoIntersection,Normal,2Vehicles-Side,4,Monday,16,False,False
201800037655,NonLethal,TwilightOrDawn,Yes,NoIntersection,Normal,2Vehicles-Side,11,Thursday,17,False,False
201800032140,NonLethal,TwilightOrDawn,Yes,NoIntersection,Normal,Other,11,Tuesday,7,False,False
201800019631,NonLethal,Daylight,Yes,NoIntersection,Normal,3+Vehicles-Chain,4,Friday,17,False,False
201800042964,NonLethal,NightStreelightsOn,Yes,T-type,LightRain,2Vehicles-Behind,1,Wednesday,22,False,False
201800030424,NonLethal,Daylight,No,Other,Normal,2Vehicles-Side,10,Saturday,15,True,False
201800031303,NonLethal,Daylight,No,NoIntersection,Normal,Other,8,Wednesday,12,False,False
201800005657,NonLethal,Daylight,Yes,X-type,Normal,2Vehicles-Side,6,Tuesday,11,False,False
201800030420,NonLethal,Daylight,No,Other,Normal,2Vehicles-Side,10,Friday,16,False,False
201800014899,NonLethal,Daylight,No,NoIntersection,Normal,NoCollision,8,Tuesday,13,False,False
201800011337,NonLethal,NightStreelightsOff,No,NoIntersection,Normal,Other,3,Saturday,22,True,False
201800028482,NonLethal,Daylight,Yes,T-type,Normal,2Vehicles-Side,7,Friday,16,False,False
201800032659,NonLethal,NightStreelightsOn,Yes,Other,Normal,2Vehicles-Behind,12,Tuesday,17,False,False
201800037176,NonLethal,NightStreelightsOn,Yes,NoIntersection,LightRain,2Vehicles-Side,10,Tuesday,20,False,False
201800040650,NonLethal,NightStreelightsOn,Yes,NoIntersection,Normal,2Vehicles-Side,2,Saturday,19,True,False
201800050583,NonLethal,Daylight,Yes,X-type,Normal,2Vehicles-Side,7,Sunday,19,True,False
201800017042,NonLethal,Daylight,No,NoIntersection,Normal,Other,8,Monday,10,False,False
201800010009,NonLethal,NightStreelightsOn,Yes,NoIntersection,HeavyRain,2Vehicles-BehindVehicles-Frontal,10,Monday,20,False,False
201800008252,Lethal,Daylight,No,Roundabout,Normal,2Vehicles-Side,6,Saturday,9,True,False
201800009789,NonLethal,Daylight,Yes,NoIntersection,Normal,Other,9,Tuesday,14,False,False
201800022003,NonLethal,Daylight,Yes,NoIntersection,Normal,NoCollision,1,Thursday,16,False,False
201800021743,Lethal,Daylight,No,NoIntersection,Normal,2Vehicles-Side,8,Saturday,9,True,False
201800048483,NonLethal,Daylight,Yes,NoIntersection,Normal,2Vehicles-Side,8,Friday,14,False,False
201800023343,NonLethal,Daylight,Yes,NoIntersection,Normal,3+Vehicles-Chain,12,Tuesday,15,False,False
201800046369,NonLethal,TwilightOrDawn,No,NoIntersection,LightRain,2Vehicles-Side,1,Monday,7,False,False
201800029469,NonLethal,NightStreelightsOn,Yes,NoIntersection,HeavyRain,Other,1,Tuesday,18,False,False
201800018544,NonLethal,Daylight,Yes,NoIntersection,Normal,NoCollision,7,Sunday,20,True,False
201800017549,Lethal,Daylight,Yes,NoIntersection,Normal,Other,4,Sunday,18,True,False
201800056783,NonLethal,NightStreelightsOn,Yes,NoIntersection,Normal,2Vehicles-BehindVehicles-Frontal,4,Friday,4,False,True
201800011890,NonLethal,NightNoStreetLight,No,NoIntersection,Normal,Other,10,Wednesday,7,False,False
201800011810,NonLethal,NightNoStreetLight,No,NoIntersection,Normal,Other,3,Friday,20,False,False
201800050524,NonLethal,Daylight,Yes,T-type,Normal,Other,12,Thursday,10,False,False
201800038394,NonLethal,TwilightOrDawn,Yes,X-type,Normal,Other,11,Saturday,17,True,False
201800021535,NonLethal,Daylight,Yes,T-type,Normal,2Vehicles-Side,11,Friday,9,False,False
201800012528,NonLethal,NightStreelightsOn,Yes,NoIntersection,Normal,Other,11,Wednesday,3,False,True
201800050056,NonLethal,Daylight,No,NoIntersection,Normal,3+Vehicles-Chain,12,Monday,16,False,False
201800040945,NonLethal,Daylight,Yes,X-type,Normal,2Vehicles-Side,9,Tuesday,11,False,False
201800048653,NonLethal,NightStreelightsOn,Yes,T-type,Normal,NoCollision,10,Wednesday,0,False,True
201800005555,NonLethal,NightStreelightsOn,Yes,NoIntersection,Normal,Other,1,Monday,18,False,False
201800011721,NonLethal,Daylight,Yes,NoIntersection,Normal,NoCollision,7,Sunday,12,True,False
201800037820,NonLethal,Daylight,No,X-type,Normal,2Vehicles-BehindVehicles-Frontal,6,Friday,8,False,False
201800045739,NonLethal,Daylight,No,NoIntersection,Normal,3+Vehicles-Chain,2,Saturday,16,True,False
201800046457,NonLethal,Daylight,No,NoIntersection,Overcast,Other,3,Saturday,11,True,False
201800016078,NonLethal,Daylight,No,NoIntersection,Normal,Other,5,Tuesday,11,False,False
201800020522,NonLethal,Daylight,Yes,NoIntersection,Normal,Other,12,Saturday,10,True,False
201800030869,NonLethal,Daylight,Yes,Other,Normal,Other,6,Saturday,10,True,False
201800023943,NonLethal,Daylight,Yes,NoIntersection,Normal,2Vehicles-Side,7,Friday,12,False,False
201800009571,NonLethal,Daylight,Yes,NoIntersection,Normal,2Vehicles-Side,8,Thursday,6,False,True
201800046938,NonLethal,Daylight,No,NoIntersection,Normal,2Vehicles-Behind,10,Saturday,14,True,False
201800011269,NonLethal,Daylight,No,NoIntersection,Overcast,NoCollision,8,Wednesday,12,False,False
201800002509,NonLethal,Daylight,Yes,X-type,Normal,2Vehicles-Side,4,Wednesday,18,False,False
201800040116,NonLethal,Daylight,Yes,NoIntersection,Normal,Other,4,Saturday,18,True,False
201800045616,NonLethal,NightNoStreetLight,No,NoIntersection,Normal,Other,12,Saturday,7,True,False
201800051260,NonLethal,Daylight,Yes,NoIntersection,Normal,2Vehicles-Behind,11,Wednesday,13,False,False
201800054350,NonLethal,NightStreelightsOn,Yes,T-type,Normal,Other,6,Sunday,19,True,False
201800039656,NonLethal,Daylight,Yes,Y-type,LightRain,Other,9,Thursday,10,False,False
201800050112,NonLethal,NightStreelightsOn,No,NoIntersection,Normal,2Vehicles-Side,10,Thursday,19,False,False
201800042686,NonLethal,NightStreelightsOn,Yes,NoIntersection,Normal,Other,7,Thursday,4,False,True
201800015822,NonLethal,TwilightOrDawn,No,NoIntersection,LightRain,3+Vehicles-Multiple,12,Friday,16,False,False
201800048379,NonLethal,Daylight,Yes,NoIntersection,Normal,2Vehicles-Side,3,Wednesday,8,False,False
201800043971,NonLethal,NightNoStreetLight,No,NoIntersection,Normal,NoCollision,4,Thursday,21,False,False
201800041798,NonLethal,TwilightOrDawn,No,Other,Normal,3+Vehicles-Chain,9,Tuesday,19,False,False
201800029573,NonLethal,Daylight,Yes,T-type,Normal,2Vehicles-BehindVehicles-Frontal,9,Saturday,17,True,False
201800032631,NonLethal,NightStreelightsOn,Yes,X-type,Normal,2Vehicles-Side,11,Friday,21,False,False
201800012353,NonLethal,Daylight,No,Other,Normal,2Vehicles-BehindVehicles-Frontal,5,Wednesday,11,False,False
201800021692,NonLethal,Daylight,No,NoIntersection,Normal,2Vehicles-BehindVehicles-Frontal,5,Monday,8,False,False
201800034665,Lethal,NightStreelightsOn,Yes,NoIntersection,Other,NoCollision,6,Friday,0,False,True
201800040593,NonLethal,Daylight,Yes,NoIntersection,Normal,2Vehicles-Side,4,Monday,11,False,False
201800026525,NonLethal,TwilightOrDawn,Yes,X-type,Normal,2Vehicles-Side,3,Thursday,7,False,False
201800009750,NonLethal,NightStreelightsOn,Yes,NoIntersection,Normal,Other,9,Friday,2,False,True
201800003556,NonLethal,Daylight,No,NoIntersection,Normal,2Vehicles-BehindVehicles-Frontal,3,Tuesday,17,False,False
201800026924,NonLethal,Daylight,Yes,T-type,Normal,2Vehicles-Side,9,Thursday,14,False,False
201800035372,NonLethal,Daylight,No,NoIntersection,Normal,Other,2,Monday,8,False,False
201800003041,NonLethal,Daylight,No,NoIntersection,Normal,2Vehicles-Side,6,Monday,9,False,False
201800025322,NonLethal,Daylight,Yes,X-type,Normal,2Vehicles-Side,6,Tuesday,17,False,False
201800034770,NonLethal,TwilightOrDawn,Yes,NoIntersection,Normal,2Vehicles-BehindVehicles-Frontal,10,Monday,19,False,False
201800041305,NonLethal,TwilightOrDawn,Yes,T-type,Normal,2Vehicles-Side,11,Wednesday,7,False,False
201800000298,NonLethal,Daylight,Yes,T-type,Normal,Other,5,Thursday,8,False,False
201800013655,NonLethal,Daylight,Yes,Roundabout,Normal,2Vehicles-Behind,10,Monday,17,False,False
201800034571,NonLethal,NightNoStreetLight,No,Roundabout,FogOrSmoke,Other,11,Friday,0,False,True
201800040559,NonLethal,NightStreelightsOn,Yes,T-type,LightRain,2Vehicles-Side,7,Wednesday,17,False,False
201800052949,NonLethal,Daylight,Yes,NoIntersection,LightRain,Other,8,Friday,13,False,False
201800011388,Lethal,Daylight,No,NoIntersection,SnowOrHail,Other,6,Saturday,10,True,False
201800003362,NonLethal,NightNoStreetLight,Yes,NoIntersection,Normal,Other,3,Friday,19,False,False
201800019640,NonLethal,Daylight,Yes,NoIntersection,Normal,Other,4,Friday,16,False,False
201800033492,NonLethal,Daylight,Yes,NoIntersection,Normal,Other,8,Monday,10,False,False
201800056596,NonLethal,Daylight,No,NoIntersection,Normal,2Vehicles-BehindVehicles-Frontal,4,Monday,17,False,False
201800021514,NonLethal,TwilightOrDawn,Yes,NoIntersection,Normal,3+Vehicles-Chain,10,Tuesday,7,False,False
201800033968,NonLethal,Daylight,Yes,NoIntersection,Normal,Other,4,Friday,18,False,False
201800045905,NonLethal,Daylight,No,NoIntersection,Normal,2Vehicles-Side,8,Monday,13,False,False
201800040962,NonLethal,Daylight,Yes,Other,Normal,Other,10,Tuesday,15,False,False
201800053702,NonLethal,NightStreelightsOn,Yes,X-type,LightRain,Other,2,Monday,19,False,False
201800055115,NonLethal,TwilightOrDawn,Yes,NoIntersection,Normal,Other,9,Sunday,20,True,False
201800010450,NonLethal,Daylight,No,NoIntersection,Normal,2Vehicles-Behind,6,Thursday,15,False,False
201800036952,NonLethal,Daylight,Yes,Square,Normal,NoCollision,10,Friday,15,False,False
201800010937,NonLethal,Daylight,No,NoIntersection,Normal,Other,9,Friday,15,False,False
201800053317,NonLethal,Daylight,Yes,X-type,Normal,Other,4,Tuesday,14,False,False
201800029841,Lethal,NightStreelightsOn,Yes,T-type,Normal,2Vehicles-BehindVehicles-Frontal,8,Tuesday,22,False,False
201800015821,NonLethal,NightNoStreetLight,No,NoIntersection,Overcast,NoCollision,12,Thursday,1,False,True
201800030816,NonLethal,Daylight,Yes,NoIntersection,Normal,Other,6,Friday,19,False,False
201800048578,NonLethal,Daylight,Yes,NoIntersection,Normal,Other,5,Thursday,14,False,False
201800020759,NonLethal,Daylight,Yes,NoIntersection,Normal,2Vehicles-Side,7,Tuesday,14,False,False
201800030812,NonLethal,Daylight,Yes,Other,Normal,2Vehicles-Side,6,Wednesday,19,False,False
201800019849,NonLethal,NightStreelightsOn,Yes,Roundabout,Normal,Other,5,Tuesday,23,False,False
201800037360,NonLethal,NightNoStreetLight,Yes,NoIntersection,Normal,NoCollision,5,Tuesday,22,False,False
201800004527,NonLethal,TwilightOrDawn,Yes,Y-type,Normal,Other,10,Tuesday,18,False,False
201800024725,NonLethal,Daylight,Yes,NoIntersection,Normal,2Vehicles-Behind,6,Monday,15,False,False
201800025362,NonLethal,Daylight,Yes,NoIntersection,Normal,2Vehicles-Behind,6,Monday,12,False,False
201800012556,Lethal,Daylight,Yes,NoIntersection,Normal,NoCollision,3,Tuesday,12,False,False
201800002089,NonLethal,NightNoStreetLight,No,T-type,Overcast,2Vehicles-BehindVehicles-Frontal,12,Friday,17,False,False
201800008357,NonLethal,Daylight,Yes,NoIntersection,Normal,Other,1,Tuesday,13,False,False
201800046069,NonLethal,Daylight,No,NoIntersection,Normal,2Vehicles-Side,6,Saturday,9,True,False
201800041513,NonLethal,Daylight,Yes,NoIntersection,LightRain,2Vehicles-Behind,9,Tuesday,15,False,False
201800044209,NonLethal,NightStreelightsOff,No,NoIntersection,Normal,2Vehicles-Behind,9,Sunday,6,True,True
201800054975,Lethal,Daylight,Yes,NoIntersection,Normal,Other,4,Saturday,12,True,False
201800040836,NonLethal,Daylight,Yes,T-type,Normal,2Vehicles-Side,3,Friday,12,False,False
201800004373,NonLethal,NightStreelightsOn,Yes,NoIntersection,LightRain,Other,1,Wednesday,19,False,False
201800016071,Lethal,NightNoStreetLight,No,NoIntersection,Normal,2Vehicles-BehindVehicles-Frontal,4,Monday,23,False,False
201800028098,NonLethal,Daylight,Yes,X-type,Overcast,2Vehicles-Side,6,Saturday,17,True,False
201800008273,NonLethal,Daylight,Yes,NoIntersection,Normal,2Vehicles-Side,11,Tuesday,16,False,False
201800023666,NonLethal,NightStreelightsOn,Yes,NoIntersection,LightRain,Other,6,Friday,17,False,False
201800015201,NonLethal,NightNoStreetLight,No,NoIntersection,Normal,NoCollision,11,Wednesday,22,False,False
201800037336,NonLethal,Daylight,Yes,T-type,Normal,2Vehicles-Side,11,Friday,14,False,False
201800037395,NonLethal,NightStreelightsOn,Yes,MoreThan4Branches,LightRain,Other,1,Monday,20,False,False
201800042780,NonLethal,Daylight,Yes,X-type,LightRain,2Vehicles-Side,9,Thursday,8,False,False
201800012821,NonLethal,Daylight,No,NoIntersection,Normal,2Vehicles-BehindVehicles-Frontal,3,Monday,20,False,False
201800033505,NonLethal,Daylight,Yes,NoIntersection,Normal,Other,4,Saturday,10,True,False
201800046360,NonLethal,Daylight,No,NoIntersection,Overcast,2Vehicles-Side,1,Thursday,17,False,False
201800031038,NonLethal,Daylight,Yes,NoIntersection,Normal,3+Vehicles-Chain,10,Monday,17,False,False
201800020799,NonLethal,NightStreelightsOn,No,NoIntersection,Normal,3+Vehicles-Chain,2,Saturday,20,True,False
201800041008,NonLethal,Daylight,Yes,T-type,Normal,2Vehicles-Side,2,Friday,16,False,False
201800032077,NonLethal,NightNoStreetLight,No,NoIntersection,Normal,3+Vehicles-Multiple,1,Monday,18,False,False
201800015533,Lethal,Daylight,No,T-type,Normal,2Vehicles-Side,9,Monday,14,False,False
201800042540,NonLethal,Daylight,Yes,NoIntersection,Normal,Other,3,Wednesday,8,False,False
201800033017,NonLethal,Daylight,Yes,NoIntersection,Normal,Other,9,Friday,15,False,False
201800054729,NonLethal,Daylight,Yes,Y-type,HeavyRain,Other,5,Tuesday,16,False,False
201800041918,NonLethal,Daylight,Yes,NoIntersection,Normal,2Vehicles-Side,11,Thursday,9,False,False
201800045367,NonLethal,TwilightOrDawn,No,NoIntersection,Normal,Other,6,Sunday,8,True,False
201800052998,NonLethal,Daylight,Yes,T-type,Normal,Other,6,Tuesday,14,False,False
201800052384,NonLethal,Daylight,Yes,X-type,Normal,Other,4,Friday,13,False,False
201800001716,NonLethal,Daylight,Yes,NoIntersection,Normal,Other,5,Saturday,12,True,False
201800022524,NonLethal,NightStreelightsOn,Yes,X-type,Normal,2Vehicles-Side,5,Saturday,21,True,False
201800011296,NonLethal,Daylight,No,NoIntersection,Normal,NoCollision,2,Sunday,17,True,False
201800021171,NonLethal,Daylight,No,NoIntersection,Normal,Other,7,Sunday,14,True,False
201800010706,NonLethal,NightNoStreetLight,No,NoIntersection,Normal,Other,2,Friday,21,False,False
201800008477,NonLethal,Daylight,Yes,NoIntersection,Normal,2Vehicles-Behind,2,Wednesday,12,False,False
201800048388,NonLethal,Daylight,Yes,NoIntersection,Normal,2Vehicles-Side,7,Friday,10,False,False
201800002181,NonLethal,Daylight,Yes,NoIntersection,Normal,2Vehicles-Side,9,Thursday,15,False,False
201800045211,NonLethal,Daylight,No,NoIntersection,Normal,2Vehicles-Behind,9,Wednesday,16,False,False
201800038511,NonLethal,Daylight,Yes,X-type,Normal,NoCollision,11,Wednesday,8,False,False
201800038587,NonLethal,Daylight,Yes,NoIntersection,Normal,2Vehicles-Side,11,Tuesday,16,False,False
201800029446,Lethal,Daylight,No,NoIntersection,FogOrSmoke,2Vehicles-BehindVehicles-Frontal,11,Friday,15,False,False
201800001785,NonLethal,NightNoStreetLight,Yes,NoIntersection,Overcast,2Vehicles-Side,11,Thursday,17,False,False
201800055726,NonLethal,NightStreelightsOn,Yes,NoIntersection,Normal,2Vehicles-Behind,12,Wednesday,23,False,False
201800035332,NonLethal,Daylight,Yes,NoIntersection,Normal,Other,11,Sunday,11,True,False
201800032251,NonLethal,Daylight,Yes,T-type,Normal,2Vehicles-Side,7,Tuesday,13,False,False
201800021963,NonLethal,Daylight,Yes,Y-type,Normal,3+Vehicles-Multiple,6,Sunday,12,True,False
201800006815,Lethal,Daylight,No,NoIntersection,Normal,2Vehicles-Side,4,Saturday,16,True,False
201800047421,NonLethal,Daylight,Yes,X-type,Normal,Other,3,Wednesday,17,False,False
201800029035,NonLethal,TwilightOrDawn,No,NoIntersection,LightRain,2Vehicles-Behind,12,Thursday,17,False,False
201800034008,NonLethal,Daylight,Yes,X-type,Normal,Other,6,Friday,17,False,False
201800001149,NonLethal,NightNoStreetLight,No,NoIntersection,LightRain,Other,5,Wednesday,21,False,False
201800021821,NonLethal,NightStreelightsOn,Yes,NoIntersection,LightRain,3+Vehicles-Chain,9,Saturday,19,True,False
201800029857,NonLethal,Daylight,Yes,X-type,Normal,2Vehicles-Behind,11,Saturday,13,True,False
201800046838,NonLethal,Daylight,No,NoIntersection,Normal,NoCollision,9,Monday,8,False,False
201800018905,NonLethal,Daylight,No,NoIntersection,Normal,2Vehicles-BehindVehicles-Frontal,9,Saturday,17,True,False
201800026005,NonLethal,Daylight,Yes,T-type,Normal,2Vehicles-Side,5,Wednesday,7,False,False
201800014079,NonLethal,Daylight,No,T-type,Normal,2Vehicles-Side,1,Tuesday,9,False,False
201800027670,NonLethal,Daylight,Yes,X-type,HeavyRain,2Vehicles-Side,1,Monday,10,False,False
201800015595,NonLethal,Daylight,No,NoIntersection,Normal,Other,8,Friday,6,False,True
201800020942,NonLethal,TwilightOrDawn,Yes,NoIntersection,Normal,Other,10,Wednesday,7,False,False
201800021131,NonLethal,NightNoStreetLight,No,X-type,Normal,2Vehicles-Side,4,Sunday,22,True,False
201800050313,NonLethal,NightStreelightsOn,Yes,X-type,Normal,2Vehicles-Side,8,Friday,21,False,False
201800040110,NonLethal,Daylight,Yes,NoIntersection,Normal,2Vehicles-Side,6,Thursday,21,False,False
201800030117,NonLethal,Daylight,Yes,Roundabout,Normal,2Vehicles-Side,8,Thursday,8,False,False
201800040264,NonLethal,Daylight,Yes,NoIntersection,Normal,2Vehicles-Behind,12,Wednesday,16,False,False
201800007502,NonLethal,Daylight,Yes,NoIntersection,Normal,NoCollision,9,Thursday,17,False,False
201800025405,NonLethal,Daylight,Yes,NoIntersection,Normal,2Vehicles-Side,6,Wednesday,8,False,False
201800010705,NonLethal,NightNoStreetLight,No,NoIntersection,Normal,2Vehicles-BehindVehicles-Frontal,8,Saturday,0,True,True
201800045931,NonLethal,Daylight,No,NoIntersection,Normal,Other,6,Monday,7,False,False
201800048269,NonLethal,NightStreelightsOn,Yes,X-type,Normal,2Vehicles-Side,5,Thursday,0,False,True
201800030082,NonLethal,NightNoStreetLight,No,NoIntersection,Normal,NoCollision,8,Tuesday,0,False,True
201800037092,NonLethal,Daylight,Yes,NoIntersection,Normal,2Vehicles-BehindVehicles-Frontal,2,Wednesday,16,False,False
201800043966,NonLethal,Daylight,No,NoIntersection,Normal,3+Vehicles-Chain,3,Monday,17,False,False
201800047919,NonLethal,Daylight,No,NoIntersection,Normal,2Vehicles-Behind,6,Tuesday,10,False,False
201800029055,NonLethal,Daylight,Yes,NoIntersection,Normal,Other,3,Tuesday,11,False,False
201800039615,NonLethal,Daylight,Yes,NoIntersection,SnowOrHail,Other,6,Saturday,11,True,False
201800020318,NonLethal,NightNoStreetLight,No,NoIntersection,LightRain,2Vehicles-BehindVehicles-Frontal,11,Tuesday,22,False,False
201800022933,NonLethal,NightStreelightsOn,Yes,NoIntersection,LightRain,Other,2,Tuesday,19,False,False
201800017170,NonLethal,NightStreelightsOff,Yes,NoIntersection,Normal,2Vehicles-BehindVehicles-Frontal,4,Friday,21,False,False
201800002832,NonLethal,Daylight,No,NoIntersection,Normal,NoCollision,9,Wednesday,16,False,False
201800052411,NonLethal,Daylight,Yes,NoIntersection,LightRain,NoCollision,4,Monday,18,False,False
201800000327,NonLethal,Daylight,No,Other,Normal,Other,12,Sunday,12,True,False
201800037758,NonLethal,TwilightOrDawn,Yes,NoIntersection,Normal,2Vehicles-Side,1,Sunday,17,True,False
201800042763,NonLethal,NightStreelightsOn,Yes,NoIntersection,Normal,Other,6,Thursday,0,False,True
201800055488,NonLethal,Daylight,Yes,NoIntersection,Normal,2Vehicles-Behind,7,Saturday,12,True,False
201800026428,NonLethal,Daylight,No,NoIntersection,Normal,3+Vehicles-Multiple,6,Saturday,18,True,False
201800042646,NonLethal,NightStreelightsOn,Yes,T-type,Normal,Other,1,Tuesday,18,False,False
201800049471,NonLethal,Daylight,No,NoIntersection,Normal,2Vehicles-Side,12,Monday,14,False,False
201800035433,NonLethal,Daylight,Yes,NoIntersection,Normal,2Vehicles-Side,10,Friday,18,False,False
201800052631,NonLethal,NightStreelightsOn,Yes,Y-type,Normal,2Vehicles-Side,12,Thursday,22,False,False
201800020730,NonLethal,Daylight,Yes,NoIntersection,Normal,Other,8,Friday,16,False,False
201800007160,NonLethal,TwilightOrDawn,No,NoIntersection,Normal,2Vehicles-Behind,7,Saturday,19,True,False
201800047674,NonLethal,Daylight,Yes,T-type,Normal,Other,11,Friday,16,False,False
201800041628,NonLethal,Daylight,Yes,Roundabout,LightRain,NoCollision,11,Sunday,14,True,False
201800015564,NonLethal,NightNoStreetLight,No,NoIntersection,LightRain,Other,1,Wednesday,20,False,False
201800033786,NonLethal,Daylight,Yes,NoIntersection,LightRain,2Vehicles-Side,6,Tuesday,12,False,False
201800026460,NonLethal,TwilightOrDawn,Yes,NoIntersection,Normal,Other,10,Thursday,19,False,False
201800023917,NonLethal,Daylight,Yes,NoIntersection,Normal,2Vehicles-Side,5,Thursday,18,False,False
201800019103,NonLethal,NightNoStreetLight,No,NoIntersection,Normal,Other,11,Tuesday,17,False,False
201800027810,NonLethal,NightStreelightsOn,Yes,NoIntersection,LightRain,Other,11,Saturday,2,True,True
201800009005,NonLethal,Daylight,Yes,NoIntersection,Normal,2Vehicles-Side,5,Wednesday,13,False,False
201800003666,NonLethal,Daylight,Yes,Roundabout,Normal,NoCollision,12,Thursday,7,False,False
201800051036,NonLethal,NightStreelightsOn,Yes,Square,Normal,2Vehicles-Side,6,Monday,0,False,True
201800044761,NonLethal,NightNoStreetLight,No,NoIntersection,Normal,2Vehicles-Side,12,Tuesday,6,False,True
201800041984,NonLethal,TwilightOrDawn,Yes,NoIntersection,LightRain,Other,4,Monday,20,False,False
201800001628,Lethal,NightNoStreetLight,No,T-type,Normal,Other,4,Tuesday,6,False,True
201800050534,NonLethal,Daylight,Yes,NoIntersection,Normal,Other,3,Tuesday,11,False,False
201800035362,NonLethal,TwilightOrDawn,Yes,NoIntersection,Normal,2Vehicles-Side,1,Thursday,18,False,False