AccidentId,Gravity,Light,InAgglomeration,IntersectionType,Weather,CollisionType,Month,DayOfWeek,HourOfDay,IsWeekend,IsNight
201800002483,NonLethal,Daylight,No,NoIntersection,Normal,2Vehicles-Behind,11,Wednesday,14,False,False
201800014847,NonLethal,Daylight,Yes,NoIntersection,Overcast,Other,5,Wednesday,10,False,False
201800047099,NonLethal,Daylight,No,NoIntersection,LightRain,NoCollision,4,Thursday,8,False,False
201800009944,NonLethal,Daylight,Yes,X-type,Normal,2Vehicles-Side,10,Friday,16,False,False
201800012770,NonLethal,Daylight,No,NoIntersection,Normal,3+Vehicles-Multiple,5,Sunday,15,True,False
201800054411,NonLethal,NightStreelightsOn,Yes,T-type,LightRain,3+Vehicles-Chain,5,Monday,21,False,False
201800038716,NonLethal,Daylight,Yes,NoIntersection,Normal,2Vehicles-Side,9,Thursday,18,False,False
201800014436,NonLethal,Daylight,Yes,T-type,Normal,2Vehicles-Behind,5,Tuesday,19,False,False
201800046161,NonLethal,Daylight,No,NoIntersection,Normal,2Vehicles-Behind,10,Tuesday,14,False,False
201800048231,NonLethal,Daylight,Yes,NoIntersection,Normal,Other,7,Thursday,13,False,False
201800019736,NonLethal,NightStreelightsOn,Yes,X-type,Normal,2Vehicles-Side,9,Saturday,5,True,True
201800003257,NonLethal,Daylight,No,NoIntersection,Normal,Other,10,Monday,9,False,False
201800027884,NonLethal,Daylight,Yes,NoIntersection,Normal,2Vehicles-Side,11,Friday,13,False,False
201800023423,Lethal,Daylight,Yes,NoIntersection,Normal,Other,10,Thursday,14,False,False
201800029233,NonLethal,Daylight,Yes,NoIntersection,Normal,2Vehicles-Side,2,Friday,17,False,False
201800011946,NonLethal,Daylight,Yes,Other,Normal,2Vehicles-Side,1,Saturday,9,True,False
201800038582,NonLethal,Daylight,Yes,X-type,Normal,2Vehicles-Side,4,Friday,18,False,False
201800047052,NonLethal,NightStreelightsOff,No,NoIntersection,Normal,2Vehicles-Behind,6,Sunday,0,True,True
201800032496,NonLethal,TwilightOrDawn,Yes,X-type,Normal,2Vehicles-Side,6,Friday,7,False,False
201800032152,NonLethal,Daylight,Yes,Roundabout,Normal,Other,2,Saturday,8,True,False
201800051179,NonLethal,Daylight,Yes,NoIntersection,Normal,Other,9,Monday,13,False,False
201800051634,NonLethal,Daylight,Yes,X-type,Normal,2Vehicles-Side,6,Friday,13,False,False
201800057507,NonLethal,NightStreelightsOn,Yes,NoIntersection,Normal,2Vehicles-Behind,8,Wednesday,19,False,False
201800001426,Lethal,NightNoStreetLight,No,NoIntersection,Normal,Other,1,Thursday,23,False,False
201800048334,NonLethal,Daylight,Yes,X-type,Normal,2Vehicles-Side,6,Saturday,17,True,False
201800051844,NonLethal,NightStreelightsOn,Yes,MoreThan4Branches,Overcast,Other,10,Monday,20,False,False
201800014501,Lethal,NightStreelightsOn,Yes,NoIntersection,LightRain,Other,11,Saturday,17,True,False
201800033256,NonLethal,Daylight,Yes,T-type,Normal,2Vehicles-Side,6,Thursday,8,False,False
201800049429,NonLethal,Daylight,No,Other,Normal,2Vehicles-Behind,6,Sunday,17,True,False
201800048479,NonLethal,Daylight,Yes,NoIntersection,Normal,2Vehicles-Behind,8,Monday,11,False,False
201800014142,NonLethal,NightNoStreetLight,Yes,T-type,Normal,2Vehicles-Side,10,Friday,22,False,False
201800009400,NonLethal,Daylight,Yes,NoIntersection,Normal,3+Vehicles-Multiple,7,Thursday,10,False,False
201800004470,Lethal,Daylight,No,NoIntersection,Normal,2Vehicles-Side,10,Saturday,17,True,False
201800006563,NonLethal,Daylight,No,NoIntersection,Normal,Other,10,Tuesday,7,False,False
201800048478,NonLethal,NightStreelightsOn,Yes,X-type,Normal,2Vehicles-Side,8,Sunday,21,True,False
201800046793,NonLethal,Daylight,No,NoIntersection,Normal,2Vehicles-Behind,8,Tuesday,15,False,False
201800021639,NonLethal,Daylight,Yes,Other,Normal,Other,5,Tuesday,13,False,False
201800050683,NonLethal,Daylight,Yes,T-type,Normal,3+Vehicles-Chain,5,Wednesday,17,False,False
201800042702,NonLethal,Daylight,Yes,NoIntersection,Normal,2Vehicles-BehindVehicles-Frontal,10,Tuesday,13,False,False
201800029761,NonLethal,Daylight,Yes,NoIntersection,LightRain,Other,3,Monday,16,False,False
201800045613,NonLethal,TwilightOrDawn,No,NoIntersection,Normal,2Vehicles-Behind,12,Thursday,17,False,False
201800024001,NonLethal,NightStreelightsOff,Yes,NoIntersection,Normal,2Vehicles-Behind,9,Friday,2,False,True
201800033399,NonLethal,NightStreelightsOn,Yes,X-type,Normal,2Vehicles-Side,9,Sunday,1,True,True
201800025011,NonLethal,TwilightOrDawn,No,NoIntersection,Normal,NoCollision,11,Monday,8,False,False
201800053486,NonLethal,NightStreelightsOn,Yes,NoIntersection,Normal,2Vehicles-Behind,8,Thursday,21,False,False
201800043631,NonLethal,Daylight,Yes,Y-type,Normal,2Vehicles-Side,1,Wednesday,13,False,False
201800041236,NonLethal,Daylight,Yes,NoIntersection,Normal,Other,5,Thursday,20,False,False
201800018934,NonLethal,Daylight,No,NoIntersection,Normal,Other,6,Wednesday,16,False,False
201800003925,NonLethal,NightStreelightsOn,No,T-type,Normal,Other,12,Friday,21,False,False
201800002313,NonLethal,Daylight,Yes,T-type,Normal,2Vehicles-BehindVehicles-Frontal,5,Friday,10,False,False
201800028155,NonLethal,Daylight,Yes,NoIntersection,Normal,Other,11,Wednesday,14,False,False
201800006243,NonLethal,Daylight,No,NoIntersection,Normal,Other,2,Friday,14,False,False
201800053401,NonLethal,Daylight,Yes,Square,Normal,Other,6,Friday,18,False,False
201800017969,Lethal,TwilightOrDawn,No,Roundabout,Normal,Other,8,Saturday,6,True,True
201800032999,NonLethal,NightStreelightsOn,Yes,NoIntersection,Normal,NoCollision,7,Monday,21,False,False
201800023065,NonLethal,Daylight,Yes,NoIntersection,Normal,Other,5,Saturday,13,True,False
201800018320,NonLethal,Daylight,Yes,NoIntersection,Normal,2Vehicles-Behind,10,Friday,18,False,False
201800017355,NonLethal,Daylight,Yes,NoIntersection,Normal,2Vehicles-Side,9,Saturday,12,True,False
201800012459,NonLethal,NightNoStreetLight,No,NoIntersection,Normal,Other,3,Thursday,22,False,False
201800045344,NonLethal,Daylight,No,NoIntersection,Normal,2Vehicles-Side,10,Thursday,17,False,False
201800009526,NonLethal,Daylight,Yes,Roundabout,Normal,NoCollision,8,Monday,16,False,False
201800042334,NonLethal,Daylight,Yes,X-type,Normal,2Vehicles-Side,7,Tuesday,10,False,False
201800053609,NonLethal,NightStreelightsOn,Yes,T-type,Normal,Other,11,Wednesday,22,False,False
201800005001,NonLethal,NightNoStreetLight,No,Other,Normal,NoCollision,3,Wednesday,23,False,False
201800024381,NonLethal,Daylight,Yes,NoIntersection,Normal,Other,8,Wednesday,11,False,False
201800047193,NonLethal,Daylight,Yes,NoIntersection,Normal,2Vehicles-Side,4,Saturday,9,True,False
201800046392,NonLethal,TwilightOrDawn,No,NoIntersection,Normal,2Vehicles-Side,2,Friday,8,False,False
201800003679,NonLethal,Daylight,No,NoIntersection,Normal,2Vehicles-BehindVehicles-Frontal,6,Saturday,16,True,False
201800021295,NonLethal,Daylight,No,T-type,Normal,2Vehicles-Side,6,Friday,17,False,False
201800054256,NonLethal,NightStreelightsOn,Yes,NoIntersection,Normal,Other,8,Saturday,20,True,False
201800022237,NonLethal,Daylight,No,NoIntersection,Normal,2Vehicles-Behind,2,Saturday,9,True,False
201800025916,NonLethal,TwilightOrDawn,Yes,NoIntersection,Normal,Other,9,Saturday,19,True,False
201800040805,NonLethal,NightStreelightsOn,Yes,NoIntersection,Normal,2Vehicles-Behind,1,Sunday,18,True,False
201800021946,NonLethal,Daylight,No,NoIntersection,LightRain,2Vehicles-BehindVehicles-Frontal,6,Monday,15,False,False
201800003994,NonLethal,Daylight,Yes,X-type,Normal,2Vehicles-BehindVehicles-Frontal,10,Sunday,17,True,False
201800002371,NonLethal,Daylight,No,NoIntersection,VeryGood,2Vehicles-BehindVehicles-Frontal,6,Thursday,17,False,False
201800044185,NonLethal,NightNoStreetLight,No,NoIntersection,Normal,2Vehicles-Behind,8,Sunday,21,True,False
201800024114,NonLethal,Daylight,Yes,T-type,Normal,2Vehicles-Side,7,Thursday,17,False,False
201800017148,Lethal,Daylight,No,NoIntersection,Normal,Other,6,Sunday,8,True,False
201800056153,NonLethal,NightNoStreetLight,Yes,NoIntersection,Normal,2Vehicles-BehindVehicles-Frontal,8,Friday,20,False,False
201800041344,NonLethal,Daylight,Yes,NoIntersection,Normal,Other,5,Tuesday,19,False,False
201800053327,NonLethal,NightStreelightsOn,Yes,X-type,LightRain,2Vehicles-Behind,9,Tuesday,21,False,False
201800038570,NonLethal,Daylight,Yes,Other,Overcast,Other,5,Tuesday,7,False,False
201800031562,NonLethal,Daylight,No,NoIntersection,Normal,NoCollision,6,Tuesday,16,False,False
201800049952,NonLethal,Daylight,No,NoIntersection,Normal,2Vehicles-Behind,7,Friday,20,False,False
201800047737,NonLethal,Daylight,Yes,NoIntersection,Overcast,NoCollision,10,Thursday,8,False,False
201800004181,NonLethal,Daylight,No,NoIntersection,Normal,2Vehicles-Side,9,Monday,12,False,False
201800001634,NonLethal,Daylight,Yes,T-type,Normal,2Vehicles-Side,4,Thursday,15,False,False
201800052345,NonLethal,Daylight,Yes,X-type,Other,NoCollision,2,Monday,17,False,False
201800019867,Lethal,Daylight,No,Other,Normal,2Vehicles-Side,9,Tuesday,13,False,False
201800049805,NonLethal,Daylight,No,NoIntersection,Normal,Other,4,Saturday,13,True,False
201800044707,NonLethal,Daylight,No,NoIntersection,Normal,3+Vehicles-Chain,3,Wednesday,7,False,False
201800042406,NonLethal,TwilightOrDawn,Yes,Roundabout,Normal,Other,11,Friday,7,False,False
201800055617,NonLethal,Daylight,Yes,NoIntersection,Normal,2Vehicles-Behind,9,Saturday,11,True,False
201800047337,NonLethal,NightStreelightsOn,Yes,NoIntersection,LightRain,2Vehicles-Side,1,Saturday,20,True,False
201800041517,NonLethal,NightStreelightsOn,Yes,NoIntersection,Normal,3+Vehicles-Chain,11,Tuesday,20,False,False
201800045124,NonLethal,NightNoStreetLight,No,NoIntersection,Normal,2Vehicles-Behind,8,Saturday,23,True,False
201800020905,NonLethal,Daylight,Yes,X-type,Normal,Other,11,Thursday,12,False,False
201800013228,NonLethal,Daylight,No,NoIntersection,Normal,Other,3,Saturday,12,True,False
201800000844,NonLethal,Daylight,Yes,Other,Normal,Other,9,Thursday,10,False,False
201800055148,Lethal,Daylight,Yes,Y-type,Normal,Other,5,Thursday,12,False,False
201800051524,NonLethal,Daylight,Yes,X-type,Normal,2Vehicles-Behind,6,Tuesday,16,False,False
201800038724,NonLethal,NightStreelightsOn,Yes,NoIntersection,LightRain,Other,10,Friday,19,False,False
201800001008,Lethal,Daylight,Yes,NoIntersection,HeavyRain,Other,10,Saturday,17,True,False
201800052041,NonLethal,Daylight,Yes,Square,Normal,2Vehicles-Side,5,Monday,8,False,False
201800010640,NonLethal,Daylight,Yes,NoIntersection,Normal,Other,10,Thursday,13,False,False
201800040480,NonLethal,Daylight,Yes,NoIntersection,Normal,2Vehicles-Side,5,Wednesday,17,False,False
201800000404,NonLethal,Daylight,No,NoIntersection,Normal,2Vehicles-Side,10,Tuesday,11,False,False
201800054559,NonLethal,Daylight,Yes,X-type,Normal,2Vehicles-Side,10,Thursday,15,False,False
201800052071,NonLethal,Daylight,Yes,Square,Normal,2Vehicles-Side,6,Thursday,8,False,False
201800005571,NonLethal,Daylight,Yes,NoIntersection,Normal,2Vehicles-Side,1,Wednesday,11,False,False
201800008921,NonLethal,NightStreelightsOn,Yes,NoIntersection,Normal,2Vehicles-Side,4,Friday,0,False,True
201800041703,NonLethal,Daylight,Yes,NoIntersection,LightRain,2Vehicles-Behind,11,Monday,11,False,False
201800055327,NonLethal,Daylight,Yes,NoIntersection,Normal,2Vehicles-Side,11,Sunday,18,True,False
201800051961,NonLethal,Daylight,Yes,X-type,SnowOrHail,2Vehicles-Side,3,Saturday,16,True,False
201800040088,NonLethal,Daylight,Yes,NoIntersection,Normal,Other,3,Wednesday,11,False,False
201800008659,NonLethal,Daylight,Yes,X-type,Normal,Other,3,Monday,9,False,False
201800043502,NonLethal,Daylight,Yes,NoIntersection,LightRain,Other,11,Thursday,11,False,False
201800011463,NonLethal,Daylight,Yes,T-type,Normal,2Vehicles-Side,1,Thursday,17,False,False
201800019413,NonLethal,Daylight,Yes,Other,Normal,Other,5,Saturday,12,True,False
201800024602,NonLethal,NightNoStreetLight,No,NoIntersection,Normal,3+Vehicles-Chain,12,Saturday,18,True,False
201800027709,NonLethal,Daylight,Yes,X-type,LightRain,2Vehicles-Side,3,Wednesday,10,False,False
201800030999,NonLethal,Daylight,Yes,NoIntersection,Normal,Other,5,Monday,18,False,False
201800038759,NonLethal,Daylight,Yes,NoIntersection,Normal,2Vehicles-Behind,6,Friday,8,False,False
201800042992,NonLethal,Daylight,Yes,NoIntersection,Normal,3+Vehicles-Chain,5,Friday,15,False,False
201800000649,NonLethal,Daylight,Yes,NoIntersection,Normal,Other,7,Friday,14,False,False
201800019887,NonLethal,Daylight,No,NoIntersection,Normal,NoCollision,4,Sunday,14,True,False
201800010570,NonLethal,Daylight,Yes,NoIntersection,Normal,Other,3,Saturday,16,True,False
201800036330,NonLethal,Daylight,Yes,X-type,Normal,2Vehicles-BehindVehicles-Frontal,5,Monday,15,False,False
201800027574,NonLethal,Daylight,Yes,NoIntersection,Normal,2Vehicles-Side,12,Thursday,10,False,False
201800007240,NonLethal,Daylight,No,Roundabout,Normal,2Vehicles-Side,1,Monday,8,False,False
201800013479,Lethal,Daylight,No,NoIntersection,Normal,3+Vehicles-Multiple,7,Saturday,10,True,False
201800009809,NonLethal,Daylight,Yes,NoIntersection,Normal,NoCollision,9,Thursday,16,False,False
201800038725,NonLethal,Daylight,Yes,X-type,Normal,2Vehicles-Side,11,Sunday,14,True,False
201800000105,NonLethal,Daylight,Yes,NoIntersection,Normal,2Vehicles-Behind,4,Tuesday,10,False,False
201800036763,NonLethal,Daylight,Yes,NoIntersection,LightRain,2Vehicles-Behind,3,Thursday,8,False,False
201800027066,NonLethal,Daylight,Yes,T-type,LightRain,2Vehicles-Side,10,Monday,9,False,False
201800019136,NonLethal,Daylight,No,NoIntersection,Normal,Other,2,Sunday,10,True,False
201800008712,NonLethal,Daylight,Yes,X-type,Normal,2Vehicles-BehindVehicles-Frontal,3,Thursday,13,False,False
201800041371,NonLethal,NightStreelightsOn,Yes,X-type,LightRain,2Vehicles-BehindVehicles-Frontal,12,Sunday,18,True,False
201800048701,NonLethal,Daylight,Yes,NoIntersection,LightRain,Other,11,Friday,10,False,False
201800029284,NonLethal,Daylight,No,NoIntersection,Normal,2Vehicles-BehindVehicles-Frontal,5,Tuesday,13,False,False
201800000879,NonLethal,NightNoStreetLight,No,NoIntersection,LightRain,NoCollision,1,Tuesday,19,False,False
201800024004,NonLethal,Daylight,Yes,NoIntersection,Normal,Other,9,Friday,20,False,False
201800042888,NonLethal,Daylight,Yes,NoIntersection,Normal,Other,7,Thursday,17,False,False
201800033848,NonLethal,Daylight,Yes,NoIntersection,Normal,Other,9,Monday,17,False,False
201800010990,NonLethal,Daylight,Yes,NoIntersection,Normal,Other,7,Saturday,18,True,False
201800032318,NonLethal,TwilightOrDawn,Yes,NoIntersection,HeavyRain,Other,11,Friday,16,False,False
201800021358,NonLethal,NightStreelightsOn,Yes,NoIntersection,Other,2Vehicles-BehindVehicles-Frontal,1,Thursday,7,False,False
201800007295,NonLethal,Daylight,Yes,Other,Normal,Other,2,Friday,12,False,False
201800050990,NonLethal,Daylight,Yes,NoIntersection,SnowOrHail,Other,5,Wednesday,10,False,False
201800043315,NonLethal,Daylight,Yes,X-type,Normal,2Vehicles-Side,6,Sunday,8,True,False
201800017397,NonLethal,TwilightOrDawn,Yes,NoIntersection,Normal,Other,12,Thursday,17,False,False
201800018807,NonLethal,Daylight,No,X-type,Normal,2Vehicles-Behind,11,Friday,9,False,False
201800010496,Lethal,Daylight,No,NoIntersection,Normal,2Vehicles-Side,10,Tuesday,12,False,False
201800018609,NonLethal,Daylight,No,X-type,Normal,2Vehicles-Side,6,Thursday,17,False,False
201800012428,NonLethal,Daylight,No,NoIntersection,Normal,Other,8,Tuesday,15,False,False
201800005475,NonLethal,NightStreelightsOn,Yes,NoIntersection,Normal,NoCollision,10,Tuesday,21,False,False
201800044081,NonLethal,Daylight,No,NoIntersection,Normal,3+Vehicles-Chain,6,Wednesday,20,False,False
201800005208,NonLethal,TwilightOrDawn,Yes,NoIntersection,Normal,2Vehicles-Side,3,Saturday,17,True,False
201800029273,NonLethal,Daylight,Yes,NoIntersection,Normal,2Vehicles-Behind,6,Sunday,16,True,False
201800057065,NonLethal,Daylight,No,NoIntersection,Normal,3+Vehicles-Chain,10,Monday,12,False,False
201800008404,NonLethal,Daylight,Yes,NoIntersection,LightRain,Other,1,Friday,12,False,False
201800000446,NonLethal,Daylight,No,NoIntersection,Normal,2Vehicles-Side,8,Sunday,19,True,False
201800039431,NonLethal,NightStreelightsOn,Yes,NoIntersection,Overcast,Other,10,Friday,4,False,True
201800033763,NonLethal,NightNoStreetLight,No,NoIntersection,Normal,Other,4,Wednesday,2,False,True
201800012383,NonLethal,Daylight,No,NoIntersection,Normal,Other,4,Monday,7,False,False
201800030432,Lethal,Daylight,Yes,NoIntersection,Normal,2Vehicles-BehindVehicles-Frontal,7,Sunday,20,True,False
201800008288,NonLethal,NightStreelightsOn,Yes,X-type,Normal,NoCollision,3,Thursday,21,False,False
201800041201,NonLethal,NightNoStreetLight,No,NoIntersection,Normal,3+Vehicles-Multiple,2,Friday,18,False,False
201800029535,NonLethal,Daylight,Yes,X-type,Normal,2Vehicles-Side,6,Tuesday,19,False,False
201800041562,NonLethal,Daylight,Yes,NoIntersection,Normal,Other,5,Friday,13,False,False
201800018059,NonLethal,Daylight,No,NoIntersection,Normal,NoCollision,3,Saturday,14,True,False
201800029032,NonLethal,Daylight,Yes,NoIntersection,Normal,Other,10,Thursday,17,False,False
201800002326,NonLethal,Daylight,No,NoIntersection,Normal,2Vehicles-BehindVehicles-Frontal,2,Tuesday,18,False,False
201800046480,NonLethal,NightStreelightsOn,No,NoIntersection,Normal,2Vehicles-Side,3,Thursday,19,False,False
201800022382,NonLethal,NightStreelightsOff,Yes,Roundabout,Normal,Other,3,Thursday,0,False,True
201800022918,NonLethal,NightStreelightsOn,Yes,NoIntersection,Normal,2Vehicles-Behind,5,Wednesday,17,False,False
201800056616,NonLethal,Daylight,Yes,T-type,Normal,2Vehicles-Side,5,Saturday,7,True,False
201800029807,NonLethal,NightStreelightsOn,Yes,Other,Normal,3+Vehicles-Multiple,12,Saturday,19,True,False
201800008202,NonLethal,NightStreelightsOn,Yes,NoIntersection,Normal,3+Vehicles-Multiple,12,Sunday,19,True,False
201800018426,NonLethal,NightNoStreetLight,No,NoIntersection,FogOrSmoke,2Vehicles-BehindVehicles-Frontal,11,Tuesday,7,False,False
201800024406,NonLethal,Daylight,Yes,NoIntersection,Normal,2Vehicles-Behind,9,Thursday,16,False,False
201800052102,NonLethal,Daylight,Yes,Y-type,Normal,2Vehicles-Side,7,Tuesday,18,False,False
201800019752,NonLethal,NightStreelightsOn,Yes,NoIntersection,LightRain,NoCollision,6,Sunday,21,True,False
201800029744,NonLethal,Daylight,Yes,Other,Normal,2Vehicles-BehindVehicles-Frontal,5,Friday,11,False,False
201800053952,NonLethal,Daylight,Yes,NoIntersection,Overcast,NoCollision,11,Saturday,8,True,False
201800051400,NonLethal,Daylight,Yes,Y-type,Normal,Other,5,Thursday,9,False,False
201800021022,NonLethal,Daylight,Yes,NoIntersection,Normal,2Vehicles-Behind,7,Thursday,14,False,False
201800042342,NonLethal,Daylight,Yes,X-type,Normal,Other,8,Thursday,17,False,False
201800010936,NonLethal,Daylight,No,T-type,Normal,2Vehicles-Side,9,Saturday,12,True,False
201800050295,NonLethal,Daylight,Yes,X-type,Normal,2Vehicles-Side,7,Thursday,9,False,False
201800049690,NonLethal,Daylight,No,NoIntersection,Normal,Other,2,Monday,11,False,False
201800011765,NonLethal,Daylight,No,NoIntersection,Normal,2Vehicles-Side,11,Thursday,12,False,False
201800028983,NonLethal,NightStreelightsOn,No,NoIntersection,Normal,2Vehicles-BehindVehicles-Frontal,10,Tuesday,19,False,False
201800024030,NonLethal,Daylight,Yes,X-type,Normal,2Vehicles-Side,10,Tuesday,18,False,False
201800045066,NonLethal,Daylight,No,NoIntersection,Normal,Other,10,Sunday,14,True,False
201800020990,NonLethal,Daylight,Yes,NoIntersection,Normal,2Vehicles-Side,5,Thursday,11,False,False
201800036556,NonLethal,NightStreelightsOn,Yes,NoIntersection,Normal,NoCollision,9,Monday,22,False,False
201800000766,NonLethal,Daylight,No,NoIntersection,Normal,Other,6,Monday,17,False,False
201800014375,NonLethal,Daylight,Yes,X-type,Normal,2Vehicles-Side,5,Monday,17,False,False
201800025716,NonLethal,Daylight,Yes,NoIntersection,Normal,Other,5,Sunday,14,True,False
201800052113,NonLethal,Daylight,Yes,Y-type,Normal,Other,7,Tuesday,20,False,False
201800035493,NonLethal,Daylight,Yes,NoIntersection,Normal,2Vehicles-Side,1,Friday,15,False,False
201800049180,NonLethal,Daylight,No,NoIntersection,Normal,2Vehicles-Behind,6,Tuesday,13,False,False
201800012411,NonLethal,NightNoStreetLight,Yes,NoIntersection,Normal,Other,6,Sunday,3,True,True
201800015340,NonLethal,NightNoStreetLight,No,NoIntersection,Normal,2Vehicles-Behind,3,Thursday,20,False,False
201800019464,NonLethal,Daylight,Yes,Roundabout,VeryGood,2Vehicles-Side,8,Sunday,9,True,False
201800047963,NonLethal,Daylight,No,NoIntersection,Normal,2Vehicles-Behind,8,Wednesday,16,False,False
201800046934,NonLethal,Daylight,No,NoIntersection,Normal,2Vehicles-Behind,5,Thursday,14,False,False
201800034447,NonLethal,Daylight,Yes,NoIntersection,Normal,Other,6,Saturday,20,True,False
201800011847,NonLethal,Daylight,No,NoIntersection,Normal,2Vehicles-BehindVehicles-Frontal,4,Thursday,17,False,False
201800046147,NonLethal,Daylight,No,NoIntersection,Normal,2Vehicles-Side,10,Wednesday,7,False,False
201800049358,NonLethal,Daylight,No,NoIntersection,Normal,3+Vehicles-Chain,3,Thursday,17,False,False
201800032397,NonLethal,TwilightOrDawn,Yes,NoIntersection,LightRain,Other,3,Friday,19,False,False
201800052968,NonLethal,Daylight,Yes,X-type,LightRain,2Vehicles-Side,3,Wednesday,12,False,False
201800048735,NonLethal,Daylight,Yes,T-type,LightRain,2Vehicles-Side,12,Thursday,11,False,False
201800014528,NonLethal,Daylight,No,NoIntersection,VeryGood,2Vehicles-BehindVehicles-Frontal,4,Tuesday,17,False,False
201800018815,NonLethal,Daylight,No,X-type,Normal,2Vehicles-Side,2,Friday,11,False,False
201800007711,Lethal,Daylight,No,NoIntersection,Normal,Other,10,Wednesday,11,False,False
201800024112,NonLethal,NightStreelightsOn,Yes,MoreThan4Branches,Normal,2Vehicles-Side,7,Sunday,23,True,False
201800050296,NonLethal,NightStreelightsOn,Yes,T-type,Normal,3+Vehicles-Multiple,7,Friday,0,False,True
201800006876,NonLethal,NightStreelightsOn,No,NoIntersection,Normal,Other,8,Saturday,21,True,False
201800048407,NonLethal,Daylight,Yes,T-type,Normal,Other,7,Saturday,12,True,False
201800002462,NonLethal,Daylight,No,NoIntersection,Normal,3+Vehicles-Multiple,4,Saturday,10,True,False
201800023021,NonLethal,Daylight,Yes,NoIntersection,Normal,3+Vehicles-Multiple,4,Friday,16,False,False
201800012840,NonLethal,Daylight,No,X-type,VeryGood,3+Vehicles-Multiple,10,Tuesday,17,False,False
201800026413,NonLethal,Daylight,Yes,NoIntersection,Normal,3+Vehicles-Chain,8,Saturday,10,True,False
201800013779,NonLethal,Daylight,No,NoIntersection,Normal,2Vehicles-BehindVehicles-Frontal,4,Saturday,14,True,False
201800056323,NonLethal,NightNoStreetLight,No,NoIntersection,Normal,NoCollision,7,Tuesday,4,False,True
201800008702,NonLethal,Daylight,Yes,NoIntersection,Normal,2Vehicles-Side,3,Tuesday,14,False,False
201800043928,NonLethal,Daylight,No,NoIntersection,Normal,3+Vehicles-Chain,4,Wednesday,12,False,False
201800046548,NonLethal,Daylight,No,NoIntersection,LightRain,2Vehicles-Side,4,Sunday,14,True,False
201800030872,NonLethal,Daylight,Yes,NoIntersection,Normal,2Vehicles-BehindVehicles-Frontal,9,Monday,13,False,False
201800050795,NonLethal,NightStreelightsOn,Yes,T-type,Normal,2Vehicles-Side,9,Friday,22,False,False
201800028339,NonLethal,NightStreelightsOn,Yes,X-type,Normal,Other,2,Friday,19,False,False
201800011415,NonLethal,NightNoStreetLight,Yes,NoIntersection,FogOrSmoke,2Vehicles-BehindVehicles-Frontal,1,Tuesday,7,False,False
201800034108,NonLethal,NightNoStreetLight,Yes,NoIntersection,Normal,Other,11,Tuesday,1,False,True
201800023969,NonLethal,NightStreelightsOn,Yes,NoIntersection,Normal,2Vehicles-Side,12,Saturday,22,True,False
201800024132,NonLethal,Daylight,Yes,NoIntersection,Normal,Other,5,Sunday,11,True,False
201800029846,Lethal,NightStreelightsOn,Yes,NoIntersection,HeavyRain,Other,9,Saturday,22,True,False
201800014745,NonLethal,TwilightOrDawn,No,NoIntersection,Normal,2Vehicles-BehindVehicles-Frontal,11,Monday,17,False,False
201800012731,Lethal,Daylight,No,NoIntersection,Normal,2Vehicles-BehindVehicles-Frontal,10,Wednesday,10,False,False
201800029490,NonLethal,NightStreelightsOn,Yes,T-type,Normal,2Vehicles-Side,4,Sunday,21,True,False
201800057055,NonLethal,Daylight,Yes,Other,Normal,2Vehicles-Side,3,Saturday,7,True,False
201800021114,NonLethal,Daylight,Yes,Other,Normal,Other,10,Wednesday,10,False,False
201800014234,NonLethal,Daylight,No,NoIntersection,Normal,Other,9,Monday,14,False,False
201800044711,NonLethal,Daylight,No,NoIntersection,Overcast,2Vehicles-Behind,3,Thursday,16,False,False
201800011202,NonLethal,Daylight,No,T-type,Normal,3+Vehicles-Multiple,10,Sunday,17,True,False
201800016568,NonLethal,Daylight,No,NoIntersection,Normal,NoCollision,11,Friday,9,False,False
201800004703,NonLethal,TwilightOrDawn,No,NoIntersection,Normal,Other,9,Tuesday,20,False,False
201800024928,NonLethal,Daylight,Yes,NoIntersection,Normal,2Vehicles-Side,9,Tuesday,15,False,False
201800020818,NonLethal,Daylight,Yes,Roundabout,Normal,Other,3,Saturday,10,True,False
201800054261,NonLethal,Daylight,Yes,T-type,Normal,2Vehicles-Side,11,Wednesday,8,False,False
201800042938,NonLethal,Daylight,Yes,X-type,LightRain,2Vehicles-BehindVehicles-Frontal,11,Monday,15,False,False
201800033615,Lethal,Daylight,No,NoIntersection,VeryGood,3+Vehicles-Chain,5,Saturday,8,True,False
201800017050,NonLethal,Daylight,No,NoIntersection,Normal,Other,2,Monday,10,False,False
201800055860,NonLethal,NightNoStreetLight,No,NoIntersection,Normal,NoCollision,10,Tuesday,23,False,False
201800012178,NonLethal,Daylight,No,Other,Normal,Other,10,Wednesday,15,False,False
201800005963,NonLethal,NightNoStreetLight,No,NoIntersection,Normal,Other,3,Monday,21,False,False
201800052882,NonLethal,NightStreelightsOn,Yes,X-type,HeavyRain,Other,11,Wednesday,0,False,True
201800051543,NonLethal,Daylight,Yes,T-type,Normal,2Vehicles-Side,8,Saturday,15,True,False
201800036613,NonLethal,NightNoStreetLight,No,NoIntersection,LightRain,2Vehicles-Side,12,Tuesday,17,False,False
201800013712,NonLethal,Daylight,No,NoIntersection,Normal,Other,7,Saturday,16,True,False