AccidentId,Gravity,Light,InAgglomeration,IntersectionType,Weather,CollisionType,Month,DayOfWeek,HourOfDay,IsWeekend,IsNight
201800017988,NonLethal,Daylight,Yes,X-type,Normal,2Vehicles-Side,8,Tuesday,16,False,False
201800000356,Lethal,Daylight,No,NoIntersection,Normal,2Vehicles-BehindVehicles-Frontal,6,Thursday,8,False,False
201800018760,NonLethal,Daylight,No,NoIntersection,Normal,NoCollision,8,Tuesday,18,False,False
201800029808,NonLethal,NightNoStreetLight,No,NoIntersection,Other,2Vehicles-BehindVehicles-Frontal,1,Tuesday,21,False,False
201800032484,NonLethal,Daylight,Yes,X-type,Normal,2Vehicles-Side,6,Tuesday,17,False,False
201800023815,NonLethal,Daylight,No,NoIntersection,HeavyRain,3+Vehicles-Chain,10,Wednesday,10,False,False
201800028247,NonLethal,Daylight,Yes,NoIntersection,Normal,2Vehicles-BehindVehicles-Frontal,12,Thursday,11,False,False
201800049230,Lethal,Daylight,No,NoIntersection,Normal,3+Vehicles-Chain,4,Friday,16,False,False
201800035778,Lethal,Daylight,Yes,X-type,Normal,2Vehicles-Side,3,Thursday,11,False,False
201800029614,NonLethal,Daylight,Yes,NoIntersection,Normal,Other,10,Tuesday,16,False,False
201800010868,NonLethal,TwilightOrDawn,No,NoIntersection,Normal,NoCollision,4,Sunday,7,True,False
201800045764,NonLethal,Daylight,No,NoIntersection,Normal,2Vehicles-Behind,3,Friday,9,False,False
201800043107,NonLethal,Daylight,Yes,NoIntersection,Normal,2Vehicles-Side,2,Saturday,16,True,False
201800030621,NonLethal,Daylight,Yes,Roundabout,Normal,2Vehicles-Side,10,Friday,18,False,False
201800030124,NonLethal,Daylight,Yes,Roundabout,Normal,2Vehicles-Side,6,Wednesday,20,False,False
201800044909,NonLethal,Daylight,No,NoIntersection,Normal,NoCollision,5,Friday,11,False,False
201800006536,NonLethal,Daylight,Yes,NoIntersection,Normal,Other,8,Tuesday,17,False,False
201800002909,NonLethal,Daylight,Yes,Roundabout,Normal,2Vehicles-Behind,4,Wednesday,10,False,False
201800041122,NonLethal,Daylight,Yes,T-type,Normal,Other,2,Saturday,17,True,False
201800020680,NonLethal,NightStreelightsOn,Yes,X-type,LightRain,2Vehicles-Side,4,Sunday,17,True,False
201800029667,Lethal,NightStreelightsOn,Yes,NoIntersection,Normal,3+Vehicles-Multiple,3,Friday,0,False,True
201800012333,NonLethal,Daylight,No,NoIntersection,Normal,Other,4,Thursday,6,False,True
201800015930,NonLethal,Daylight,No,Y-type,Normal,2Vehicles-Side,6,Friday,17,False,False
201800051300,NonLethal,NightStreelightsOn,Yes,NoIntersection,Normal,Other,1,Sunday,2,True,True
201800001440,NonLethal,Daylight,No,T-type,Normal,2Vehicles-Side,12,Sunday,16,True,False
201800043243,NonLethal,Daylight,Yes,NoIntersection,Normal,2Vehicles-Behind,7,Tuesday,14,False,False
201800054040,NonLethal,NightStreelightsOn,Yes,NoIntersection,Normal,2Vehicles-Behind,3,Thursday,20,False,False
201800007493,NonLethal,Daylight,No,NoIntersection,Normal,2Vehicles-Side,8,Thursday,13,False,False
201800015037,NonLethal,Daylight,No,NoIntersection,Normal,2Vehicles-BehindVehicles-Frontal,7,Saturday,12,True,False
201800015507,NonLethal,Daylight,Yes,T-type,Normal,Other,4,Wednesday,12,False,False
201800056757,NonLethal,NightNoStreetLight,Yes,NoIntersection,LightRain,NoCollision,2,Monday,0,False,True
201800008053,NonLethal,TwilightOrDawn,Yes,NoIntersection,Normal,2Vehicles-Behind,7,Thursday,21,False,False
201800009496,NonLethal,Daylight,Yes,NoIntersection,Normal,3+Vehicles-Chain,8,Wednesday,8,False,False
201800024897,NonLethal,Daylight,No,NoIntersection,Normal,2Vehicles-Side,9,Thursday,9,False,False
201800028426,NonLethal,NightStreelightsOn,Yes,X-type,Normal,2Vehicles-Side,5,Saturday,0,True,True
201800028402,NonLethal,Daylight,Yes,NoIntersection,Normal,3+Vehicles-Chain,2,Monday,12,False,False
201800049844,NonLethal,Daylight,No,NoIntersection,Normal,2Vehicles-Behind,5,Friday,16,False,False
201800023473,NonLethal,Daylight,Yes,T-type,Normal,2Vehicles-Side,4,Sunday,18,True,False
201800043973,NonLethal,Daylight,No,NoIntersection,Normal,3+Vehicles-Chain,5,Saturday,12,True,False
201800017528,NonLethal,Daylight,No,NoIntersection,LightRain,NoCollision,11,Sunday,9,True,False
201800007910,NonLethal,Daylight,Yes,NoIntersection,Normal,Other,12,Wednesday,12,False,False
201800025826,NonLethal,Daylight,Yes,Roundabout,Normal,2Vehicles-Side,9,Saturday,12,True,False
201800041766,NonLethal,NightNoStreetLight,Yes,NoIntersection,Normal,2Vehicles-Side,6,Saturday,0,True,True
201800008710,NonLethal,NightStreelightsOn,Yes,NoIntersection,Normal,2Vehicles-BehindVehicles-Frontal,3,Thursday,7,False,False
201800051714,NonLethal,Daylight,Yes,T-type,Normal,3+Vehicles-Multiple,5,Wednesday,13,False,False
201800047836,NonLethal,NightStreelightsOn,Yes,NoIntersection,Normal,3+Vehicles-Multiple,12,Wednesday,19,False,False
201800020991,NonLethal,NightStreelightsOn,Yes,X-type,Normal,2Vehicles-Side,5,Saturday,23,True,False
201800011803,NonLethal,Daylight,No,NoIntersection,Normal,NoCollision,9,Sunday,14,True,False
201800027410,NonLethal,Daylight,Yes,NoIntersection,Normal,NoCollision,9,Thursday,14,False,False
201800016756,NonLethal,Daylight,No,NoIntersection,Normal,Other,4,Monday,18,False,False
201800042249,NonLethal,Daylight,Yes,X-type,Normal,Other,3,Monday,17,False,False
201800010795,Lethal,NightNoStreetLight,No,NoIntersection,Normal,3+Vehicles-Chain,10,Saturday,0,True,True
201800049191,NonLethal,Daylight,No,Other,Normal,Other,9,Saturday,16,True,False
201800048296,NonLethal,Daylight,Yes,NoIntersection,Normal,NoCollision,4,Friday,17,False,False
201800034230,NonLethal,Daylight,No,Other,Normal,NoCollision,6,Sunday,16,True,False
201800049359,NonLethal,NightNoStreetLight,No,NoIntersection,Normal,Other,7,Wednesday,21,False,False
201800051521,NonLethal,Daylight,Yes,X-type,Normal,2Vehicles-Behind,6,Friday,18,False,False
201800017284,NonLethal,Daylight,Yes,T-type,Normal,2Vehicles-Side,8,Wednesday,15,False,False
201800021439,NonLethal,Daylight,Yes,Roundabout,Normal,2Vehicles-Side,1,Wednesday,10,False,False
201800017223,NonLethal,Daylight,Yes,X-type,Normal,2Vehicles-Side,4,Friday,15,False,False
201800017879,NonLethal,NightStreelightsOn,No,NoIntersection,Normal,2Vehicles-BehindVehicles-Frontal,8,Sunday,0,True,True
201800043310,NonLethal,Daylight,Yes,T-type,Normal,2Vehicles-BehindVehicles-Frontal,6,Friday,9,False,False
201800022366,NonLethal,Daylight,Yes,NoIntersection,Normal,NoCollision,11,Wednesday,7,False,False
201800021938,NonLethal,Daylight,No,LevelCrossing,Normal,NoCollision,10,Wednesday,11,False,False
201800013219,Lethal,Daylight,Yes,NoIntersection,Normal,Other,1,Tuesday,10,False,False
201800003001,NonLethal,Daylight,No,NoIntersection,Normal,2Vehicles-BehindVehicles-Frontal,11,Thursday,17,False,False
201800030950,NonLethal,Daylight,No,NoIntersection,Normal,3+Vehicles-Chain,1,Friday,16,False,False
201800053621,NonLethal,Daylight,Yes,Square,LightRain,3+Vehicles-Chain,11,Monday,11,False,False
201800030333,NonLethal,NightStreelightsOn,Yes,Square,Normal,Other,12,Monday,18,False,False
201800037809,NonLethal,Daylight,Yes,X-type,Normal,2Vehicles-BehindVehicles-Frontal,5,Sunday,17,True,False
201800045759,NonLethal,NightNoStreetLight,No,NoIntersection,Normal,3+Vehicles-Multiple,3,Tuesday,18,False,False
201800014150,NonLethal,TwilightOrDawn,No,NoIntersection,Normal,Other,1,Sunday,7,True,False
201800027283,NonLethal,Daylight,Yes,NoIntersection,LightRain,NoCollision,12,Wednesday,17,False,False
201800020834,NonLethal,NightNoStreetLight,Yes,NoIntersection,Normal,NoCollision,5,Thursday,5,False,True
201800034751,NonLethal,TwilightOrDawn,Yes,T-type,Normal,2Vehicles-Behind,6,Friday,21,False,False
201800034710,NonLethal,Daylight,No,NoIntersection,LightRain,Other,10,Monday,9,False,False
201800000834,NonLethal,Daylight,No,NoIntersection,Normal,Other,7,Tuesday,16,False,False
201800017408,NonLethal,Daylight,No,NoIntersection,Normal,2Vehicles-BehindVehicles-Frontal,12,Monday,13,False,False
201800042405,NonLethal,Daylight,Yes,NoIntersection,HeavyRain,Other,11,Tuesday,16,False,False
201800010944,NonLethal,Daylight,No,NoIntersection,LightRain,3+Vehicles-Multiple,4,Thursday,13,False,False
201800002294,NonLethal,NightNoStreetLight,No,NoIntersection,Normal,Other,11,Saturday,21,True,False
201800057605,NonLethal,Daylight,Yes,NoIntersection,Normal,Other,4,Monday,8,False,False
201800039080,NonLethal,Daylight,Yes,X-type,Normal,2Vehicles-Side,6,Sunday,12,True,False
201800031108,NonLethal,Daylight,No,NoIntersection,Normal,2Vehicles-Behind,12,Monday,15,False,False
201800038754,NonLethal,Daylight,Yes,NoIntersection,Normal,Other,5,Wednesday,18,False,False
201800047987,NonLethal,TwilightOrDawn,No,NoIntersection,LightRain,Other,11,Friday,18,False,False
201800044285,NonLethal,Daylight,No,NoIntersection,Normal,3+Vehicles-Chain,10,Saturday,14,True,False
201800040087,NonLethal,NightStreelightsOn,Yes,NoIntersection,Normal,Other,2,Friday,20,False,False
201800049746,NonLethal,Daylight,No,NoIntersection,Normal,3+Vehicles-Chain,3,Sunday,16,True,False
201800055900,NonLethal,Daylight,No,NoIntersection,LightRain,2Vehicles-BehindVehicles-Frontal,5,Tuesday,13,False,False
201800056243,NonLethal,NightNoStreetLight,No,NoIntersection,LightRain,Other,3,Saturday,17,True,False
201800031929,Lethal,Daylight,Yes,T-type,Normal,2Vehicles-Side,9,Thursday,9,False,False
201800025311,NonLethal,Daylight,Yes,X-type,Normal,2Vehicles-BehindVehicles-Frontal,4,Tuesday,16,False,False
201800005700,NonLethal,Daylight,Yes,X-type,Normal,2Vehicles-Side,6,Saturday,14,True,False
201800030111,NonLethal,Daylight,Yes,Square,Normal,Other,4,Saturday,14,True,False
201800050930,NonLethal,NightStreelightsOn,Yes,NoIntersection,Normal,2Vehicles-Side,9,Monday,23,False,False
201800028895,Lethal,Daylight,No,NoIntersection,Normal,Other,11,Wednesday,11,False,False
201800020952,NonLethal,NightStreelightsOn,Yes,NoIntersection,Normal,Other,1,Saturday,23,True,False
201800012823,NonLethal,Daylight,No,NoIntersection,Normal,2Vehicles-BehindVehicles-Frontal,6,Thursday,11,False,False
201800011108,NonLethal,NightNoStreetLight,Yes,NoIntersection,Normal,Other,11,Sunday,1,True,True
201800026239,NonLethal,Daylight,Yes,NoIntersection,Overcast,2Vehicles-Side,6,Friday,10,False,False
201800009424,NonLethal,NightStreelightsOn,Yes,NoIntersection,Normal,2Vehicles-Behind,7,Tuesday,23,False,False
201800056188,Lethal,TwilightOrDawn,Yes,NoIntersection,Normal,Other,7,Thursday,6,False,True
201800027785,NonLethal,TwilightOrDawn,Yes,NoIntersection,Normal,2Vehicles-Behind,10,Wednesday,7,False,False
201800006025,NonLethal,Daylight,No,NoIntersection,Normal,3+Vehicles-Chain,9,Tuesday,7,False,False
201800012130,NonLethal,Daylight,No,NoIntersection,Overcast,Other,12,Tuesday,10,False,False
201800054899,NonLethal,Daylight,Yes,X-type,Normal,2Vehicles-Behind,1,Friday,15,False,False
201800046881,NonLethal,Daylight,No,NoIntersection,Normal,2Vehicles-Behind,9,Wednesday,15,False,False
201800044679,NonLethal,Daylight,No,NoIntersection,Normal,2Vehicles-Behind,11,Saturday,13,True,False
201800017319,NonLethal,Daylight,Yes,NoIntersection,Normal,2Vehicles-BehindVehicles-Frontal,5,Monday,18,False,False
201800039533,NonLethal,NightStreelightsOn,Yes,Other,Normal,Other,11,Wednesday,2,False,True
201800008210,NonLethal,Daylight,Yes,NoIntersection,Normal,2Vehicles-Behind,4,Thursday,11,False,False
201800044202,NonLethal,Daylight,No,NoIntersection,Normal,2Vehicles-Behind,9,Tuesday,18,False,False
201800001801,NonLethal,Daylight,No,NoIntersection,Normal,Other,7,Tuesday,15,False,False
201800001036,NonLethal,Daylight,Yes,Roundabout,VeryGood,2Vehicles-Side,11,Wednesday,10,False,False
201800019790,NonLethal,Daylight,Yes,NoIntersection,Normal,2Vehicles-Side,11,Thursday,15,False,False
201800015783,Lethal,Daylight,Yes,NoIntersection,HeavyRain,Other,11,Tuesday,20,False,False
201800003720,NonLethal,Daylight,Yes,NoIntersection,Normal,2Vehicles-Side,4,Saturday,17,True,False
201800048171,NonLethal,Daylight,Yes,X-type,Overcast,2Vehicles-Side,8,Saturday,13,True,False
201800018817,NonLethal,NightStreelightsOn,Yes,NoIntersection,Normal,Other,4,Saturday,23,True,False
201800057135,NonLethal,Daylight,Yes,NoIntersection,Normal,2Vehicles-Side,12,Sunday,15,True,False
201800053127,NonLethal,NightStreelightsOn,Yes,X-type,Normal,Other,9,Tuesday,22,False,False
201800004907,NonLethal,NightNoStreetLight,No,NoIntersection,Normal,2Vehicles-Side,11,Tuesday,18,False,False
201800051269,NonLethal,NightStreelightsOn,Yes,NoIntersection,LightRain,Other,11,Monday,20,False,False
201800016789,NonLethal,NightStreelightsOn,Yes,NoIntersection,Normal,NoCollision,9,Wednesday,21,False,False
201800036977,NonLethal,Daylight,Yes,NoIntersection,Normal,Other,3,Tuesday,13,False,False
201800036486,NonLethal,NightStreelightsOn,Yes,NoIntersection,Normal,Other,5,Thursday,19,False,False
201800040495,NonLethal,Daylight,Yes,NoIntersection,Normal,Other,9,Sunday,12,True,False
201800010572,Lethal,NightStreelightsOn,Yes,T-type,Normal,2Vehicles-Side,10,Saturday,0,True,True
201800028846,NonLethal,TwilightOrDawn,Yes,T-type,Normal,3+Vehicles-Multiple,10,Thursday,17,False,False
201800009323,NonLethal,NightStreelightsOn,Yes,NoIntersection,Normal,2Vehicles-Side,7,Sunday,1,True,True
201800040330,NonLethal,NightStreelightsOn,Yes,Roundabout,Normal,2Vehicles-Side,7,Wednesday,3,False,True
201800002592,NonLethal,TwilightOrDawn,No,NoIntersection,Normal,3+Vehicles-Multiple,4,Tuesday,7,False,False
201800045027,NonLethal,Daylight,No,NoIntersection,Normal,2Vehicles-Behind,6,Friday,17,False,False
201800052034,NonLethal,Daylight,Yes,NoIntersection,Normal,2Vehicles-Side,5,Friday,20,False,False
201800047954,NonLethal,Daylight,No,NoIntersection,Normal,2Vehicles-Behind,8,Sunday,19,True,False
201800029931,NonLethal,Daylight,Yes,X-type,Normal,2Vehicles-Side,5,Tuesday,16,False,False
201800000322,NonLethal,NightNoStreetLight,No,NoIntersection,Normal,2Vehicles-BehindVehicles-Frontal,12,Friday,21,False,False
201800040225,NonLethal,Daylight,Yes,NoIntersection,Normal,Other,9,Wednesday,7,False,False
201800004038,NonLethal,Daylight,Yes,X-type,Normal,Other,9,Wednesday,18,False,False
201800048640,NonLethal,Daylight,Yes,NoIntersection,Normal,2Vehicles-Behind,10,Wednesday,15,False,False
201800049445,NonLethal,NightNoStreetLight,No,NoIntersection,Normal,2Vehicles-Behind,9,Thursday,21,False,False
201800049140,NonLethal,Daylight,No,NoIntersection,Normal,Other,5,Wednesday,19,False,False
201800023234,NonLethal,Daylight,Yes,NoIntersection,Normal,3+Vehicles-Chain,9,Friday,12,False,False
201800001232,NonLethal,Daylight,No,NoIntersection,Normal,Other,1,Saturday,14,True,False
201800018046,NonLethal,Daylight,Yes,NoIntersection,Normal,2Vehicles-BehindVehicles-Frontal,3,Friday,16,False,False
201800030868,NonLethal,Daylight,Yes,NoIntersection,Normal,3+Vehicles-Chain,9,Wednesday,15,False,False
201800053186,NonLethal,TwilightOrDawn,Yes,NoIntersection,Normal,Other,11,Tuesday,15,False,False
201800037544,NonLethal,Daylight,Yes,NoIntersection,Normal,Other,9,Wednesday,7,False,False
201800020425,Lethal,NightStreelightsOn,Yes,NoIntersection,Normal,Other,11,Thursday,20,False,False
201800007648,NonLethal,Daylight,No,NoIntersection,Normal,NoCollision,1,Monday,18,False,False
201800014824,NonLethal,Daylight,No,NoIntersection,Normal,2Vehicles-Behind,6,Friday,10,False,False
201800029105,NonLethal,Daylight,Yes,NoIntersection,Normal,Other,5,Saturday,18,True,False
201800037512,NonLethal,Daylight,Yes,NoIntersection,LightRain,Other,11,Thursday,15,False,False
201800008753,NonLethal,NightStreelightsOn,Yes,NoIntersection,Normal,2Vehicles-Side,3,Wednesday,22,False,False
201800005672,NonLethal,Daylight,Yes,NoIntersection,Normal,2Vehicles-Behind,5,Wednesday,8,False,False
201800051464,NonLethal,NightStreelightsOn,Yes,X-type,Normal,2Vehicles-Side,3,Monday,23,False,False
201800056132,NonLethal,NightNoStreetLight,Yes,Roundabout,Normal,2Vehicles-Side,4,Friday,20,False,False
201800043779,NonLethal,NightStreelightsOn,No,NoIntersection,Normal,Other,1,Sunday,18,True,False
201800053733,NonLethal,Daylight,Yes,NoIntersection,Normal,Other,3,Wednesday,15,False,False
201800055550,NonLethal,NightStreelightsOn,Yes,NoIntersection,Normal,2Vehicles-Behind,8,Monday,8,False,False
201800022400,NonLethal,Daylight,No,NoIntersection,Normal,2Vehicles-Behind,9,Friday,12,False,False
201800055181,NonLethal,NightStreelightsOn,Yes,T-type,Normal,2Vehicles-Side,11,Friday,22,False,False
201800016456,Lethal,Daylight,No,NoIntersection,LightRain,Other,8,Monday,14,False,False
201800018466,NonLethal,Daylight,No,Y-type,Normal,2Vehicles-BehindVehicles-Frontal,4,Wednesday,17,False,False
201800004821,NonLethal,Daylight,No,NoIntersection,Normal,NoCollision,7,Sunday,12,True,False
201800019201,NonLethal,Daylight,No,T-type,Normal,2Vehicles-Behind,4,Sunday,15,True,False
201800030825,NonLethal,Daylight,Yes,NoIntersection,Normal,2Vehicles-Side,6,Thursday,16,False,False
201800007906,Lethal,Daylight,No,NoIntersection,Normal,2Vehicles-BehindVehicles-Frontal,12,Thursday,13,False,False
201800056710,NonLethal,Daylight,Yes,NoIntersection,Normal,Other,6,Wednesday,6,False,True
201800036210,NonLethal,Daylight,No,NoIntersection,Normal,Other,10,Saturday,16,True,False
201800026102,NonLethal,NightStreelightsOn,Yes,T-type,Normal,2Vehicles-Side,4,Thursday,6,False,True
201800053654,NonLethal,Daylight,Yes,Y-type,Normal,2Vehicles-Side,12,Saturday,13,True,False
201800055688,NonLethal,NightStreelightsOn,Yes,NoIntersection,Normal,2Vehicles-Side,6,Monday,19,False,False
201800041813,NonLethal,Daylight,Yes,Square,Overcast,NoCollision,11,Friday,10,False,False
201800046251,NonLethal,Daylight,No,NoIntersection,LightRain,2Vehicles-Side,11,Wednesday,11,False,False
201800010829,NonLethal,Daylight,Yes,Other,Normal,NoCollision,6,Saturday,19,True,False
201800012711,NonLethal,NightNoStreetLight,No,NoIntersection,LightRain,Other,2,Sunday,8,True,False
201800039941,NonLethal,Daylight,Yes,NoIntersection,Normal,2Vehicles-Side,1,Wednesday,9,False,False
201800021365,NonLethal,Daylight,No,NoIntersection,Normal,Other,7,Monday,18,False,False
201800017309,NonLethal,Daylight,No,NoIntersection,Normal,Other,8,Wednesday,11,False,False
201800019057,NonLethal,Daylight,No,NoIntersection,Normal,Other,8,Tuesday,19,False,False
201800022222,NonLethal,Daylight,Yes,NoIntersection,Normal,Other,12,Thursday,15,False,False
201800032637,NonLethal,Daylight,Yes,X-type,Normal,2Vehicles-Side,8,Saturday,12,True,False
201800040132,NonLethal,Daylight,Yes,T-type,LightRain,2Vehicles-Side,12,Monday,8,False,False
201800009673,NonLethal,Daylight,Yes,NoIntersection,Normal,2Vehicles-Side,8,Thursday,16,False,False
201800035119,NonLethal,Daylight,Yes,X-type,Normal,2Vehicles-Side,9,Thursday,18,False,False
201800000693,NonLethal,Daylight,Yes,NoIntersection,Normal,3+Vehicles-Chain,3,Friday,17,False,False
201800002357,NonLethal,TwilightOrDawn,No,T-type,Normal,2Vehicles-Side,3,Saturday,7,True,False
201800016718,NonLethal,NightStreelightsOn,Yes,NoIntersection,SnowOrHail,Other,10,Monday,17,False,False
201800009744,NonLethal,Daylight,Yes,X-type,Normal,2Vehicles-Side,9,Thursday,15,False,False
201800008883,NonLethal,Daylight,Yes,NoIntersection,Normal,2Vehicles-Side,4,Friday,10,False,False
201800052140,NonLethal,NightStreelightsOn,Yes,NoIntersection,Normal,Other,8,Saturday,0,True,True
201800043726,NonLethal,Daylight,Yes,NoIntersection,Normal,3+Vehicles-Multiple,9,Wednesday,18,False,False
201800009741,NonLethal,Daylight,Yes,NoIntersection,Normal,2Vehicles-Side,9,Thursday,9,False,False
201800045252,NonLethal,TwilightOrDawn,No,NoIntersection,Normal,Other,9,Sunday,8,True,False
201800002268,NonLethal,Daylight,No,NoIntersection,Normal,Other,2,Wednesday,7,False,False
201800026777,NonLethal,Daylight,Yes,T-type,Normal,2Vehicles-Side,4,Tuesday,16,False,False
201800044888,NonLethal,Daylight,No,NoIntersection,Normal,3+Vehicles-Chain,5,Thursday,14,False,False
201800025315,NonLethal,Daylight,Yes,NoIntersection,Normal,NoCollision,4,Sunday,14,True,False
201800006401,NonLethal,Daylight,Yes,T-type,HeavyRain,Other,12,Saturday,13,True,False
201800055377,NonLethal,Daylight,Yes,NoIntersection,Normal,2Vehicles-Side,6,Tuesday,12,False,False
201800002487,NonLethal,Daylight,No,NoIntersection,Normal,2Vehicles-Behind,3,Wednesday,13,False,False
201800041892,NonLethal,Daylight,Yes,T-type,Normal,3+Vehicles-Multiple,9,Saturday,18,True,False
201800016973,NonLethal,Daylight,No,NoIntersection,LightRain,Other,12,Sunday,11,True,False
201800016162,NonLethal,Daylight,Yes,NoIntersection,Normal,2Vehicles-Behind,7,Wednesday,11,False,False
201800048683,NonLethal,NightStreelightsOn,Yes,NoIntersection,Normal,Other,11,Wednesday,22,False,False
201800050218,NonLethal,TwilightOrDawn,Yes,T-type,LightRain,Other,1,Tuesday,17,False,False
201800011158,NonLethal,Daylight,No,Other,LightRain,Other,1,Monday,14,False,False
201800012324,NonLethal,Daylight,Yes,NoIntersection,Normal,Other,7,Friday,20,False,False
201800044273,NonLethal,Daylight,No,NoIntersection,Normal,NoCollision,10,Monday,17,False,False
201800057565,NonLethal,Daylight,Yes,NoIntersection,Normal,Other,1,Wednesday,7,False,False
201800048792,NonLethal,Daylight,No,NoIntersection,Normal,3+Vehicles-Chain,9,Saturday,12,True,False
201800008260,NonLethal,Daylight,No,NoIntersection,Normal,2Vehicles-Behind,7,Tuesday,19,False,False
201800016802,NonLethal,Daylight,Yes,X-type,Normal,2Vehicles-Side,7,Monday,18,False,False
201800022163,NonLethal,NightStreelightsOn,Yes,NoIntersection,LightRain,Other,12,Thursday,18,False,False
201800025558,NonLethal,Daylight,Yes,T-type,Normal,2Vehicles-Side,10,Thursday,8,False,False
201800049097,NonLethal,NightNoStreetLight,No,NoIntersection,Normal,3+Vehicles-Multiple,12,Saturday,0,True,True
201800016896,NonLethal,Daylight,No,NoIntersection,HeavyRain,Other,6,Sunday,19,True,False
201800003090,NonLethal,Daylight,Yes,Y-type,Overcast,Other,1,Friday,12,False,False
201800032021,NonLethal,NightStreelightsOn,Yes,NoIntersection,Normal,Other,11,Wednesday,17,False,False
201800029239,NonLethal,Daylight,Yes,NoIntersection,Normal,Other,9,Friday,14,False,False
201800035717,NonLethal,Daylight,Yes,X-type,Overcast,2Vehicles-BehindVehicles-Frontal,10,Thursday,16,False,False
201800024971,NonLethal,Daylight,No,NoIntersection,FogOrSmoke,NoCollision,10,Wednesday,10,False,False
201800007943,NonLethal,TwilightOrDawn,Yes,NoIntersection,Normal,NoCollision,8,Saturday,20,True,False
201800036990,NonLethal,Daylight,Yes,T-type,Normal,2Vehicles-BehindVehicles-Frontal,7,Friday,8,False,False
201800041855,NonLethal,NightNoStreetLight,Yes,NoIntersection,Normal,2Vehicles-Behind,4,Friday,23,False,False
201800057190,NonLethal,NightStreelightsOn,Yes,Square,Normal,2Vehicles-Side,8,Monday,19,False,False
201800046534,NonLethal,NightStreelightsOn,No,NoIntersection,Normal,Other,4,Saturday,1,True,True
201800030273,NonLethal,NightStreelightsOn,Yes,NoIntersection,Normal,Other,1,Friday,18,False,False
201800037456,NonLethal,Daylight,Yes,X-type,Normal,2Vehicles-Side,6,Friday,19,False,False
201800036172,NonLethal,Daylight,No,NoIntersection,LightRain,NoCollision,6,Saturday,13,True,False
201800009321,NonLethal,Daylight,Yes,NoIntersection,Normal,Other,7,Saturday,12,True,False
201800054342,NonLethal,Daylight,Yes,T-type,Other,3+Vehicles-Chain,2,Tuesday,13,False,False
201800006168,NonLethal,Daylight,No,NoIntersection,Normal,2Vehicles-BehindVehicles-Frontal,12,Friday,14,False,False
201800022221,NonLethal,NightNoStreetLight,No,NoIntersection,Overcast,Other,12,Thursday,19,False,False
201800015985,Lethal,Daylight,No,NoIntersection,Normal,2Vehicles-BehindVehicles-Frontal,5,Saturday,17,True,False
201800057051,NonLethal,Daylight,Yes,NoIntersection,Normal,Other,9,Wednesday,7,False,False
201800019157,NonLethal,Daylight,No,NoIntersection,VeryGood,Other,6,Thursday,18,False,False
201800003961,NonLethal,NightNoStreetLight,No,NoIntersection,Normal,Other,11,Monday,20,False,False
201800026548,NonLethal,Daylight,Yes,NoIntersection,Normal,2Vehicles-Side,12,Thursday,19,False,False
201800047428,NonLethal,Daylight,Yes,NoIntersection,Overcast,2Vehicles-Side,3,Thursday,7,False,False
201800044315,NonLethal,Daylight,No,NoIntersection,Normal,2Vehicles-Behind,10,Wednesday,12,False,False
201800029786,NonLethal,Daylight,Yes,NoIntersection,Normal,Other,1,Wednesday,8,False,False
201800012066,NonLethal,TwilightOrDawn,No,X-type,Normal,2Vehicles-Side,9,Thursday,19,False,False
201800020516,NonLethal,Daylight,No,NoIntersection,Normal,3+Vehicles-Multiple,12,Tuesday,9,False,False
201800038089,NonLethal,Daylight,Yes,NoIntersection,LightRain,2Vehicles-Side,4,Tuesday,17,False,False
201800038939,NonLethal,Daylight,Yes,NoIntersection,Normal,Other,8,Thursday,18,False,False
201800052795,NonLethal,Daylight,Yes,Y-type,Normal,2Vehicles-Side,8,Monday,9,False,False
201800035684,NonLethal,Daylight,No,NoIntersection,Normal,3+Vehicles-Multiple,2,Saturday,8,True,False
201800042512,NonLethal,Daylight,Yes,NoIntersection,Normal,Other,10,Monday,17,False,False
201800020165,NonLethal,Daylight,No,T-type,Normal,2Vehicles-Side,9,Saturday,14,True,False
201800054761,NonLethal,Daylight,Yes,Roundabout,Normal,Other,7,Tuesday,15,False,False
201800033616,NonLethal,NightNoStreetLight,No,NoIntersection,Normal,NoCollision,7,Friday,22,False,False
201800020290,NonLethal,Daylight,No,NoIntersection,Normal,NoCollision,8,Sunday,10,True,False
201800046922,NonLethal,NightStreelightsOn,No,NoIntersection,Normal,Other,3,Saturday,0,True,True
201800006165,NonLethal,NightStreelightsOn,No,NoIntersection,Normal,Other,10,Sunday,19,True,False
201800016259,NonLethal,Daylight,Yes,NoIntersection,Normal,Other,4,Saturday,12,True,False
201800015911,Lethal,Daylight,No,NoIntersection,Normal,2Vehicles-BehindVehicles-Frontal,8,Friday,15,False,False
201800024006,NonLethal,Daylight,Yes,Roundabout,Normal,2Vehicles-Side,9,Saturday,19,True,False
201800014438,NonLethal,Daylight,No,Roundabout,Normal,Other,5,Thursday,18,False,False
201800036390,NonLethal,Daylight,Yes,NoIntersection,Normal,2Vehicles-Behind,1,Tuesday,10,False,False
201800044826,NonLethal,Daylight,No,NoIntersection,Normal,2Vehicles-Side,4,Friday,19,False,False
201800053470,NonLethal,TwilightOrDawn,Yes,NoIntersection,Normal,3+Vehicles-Multiple,8,Saturday,7,True,False