AccidentId,Gravity,Light,InAgglomeration,IntersectionType,Weather,CollisionType,Month,DayOfWeek,HourOfDay,IsWeekend,IsNight
201800028784,NonLethal,Daylight,No,X-type,Normal,2Vehicles-Side,9,Sunday,19,True,False
201800014989,Lethal,Daylight,Yes,Roundabout,Normal,Other,1,Tuesday,13,False,False
201800004218,NonLethal,Daylight,No,NoIntersection,Normal,2Vehicles-Side,6,Monday,16,False,False
201800045114,NonLethal,Daylight,No,NoIntersection,Normal,2Vehicles-Behind,7,Tuesday,17,False,False
201800017334,NonLethal,Daylight,No,NoIntersection,Normal,Other,6,Wednesday,16,False,False
201800057777,NonLethal,NightStreelightsOn,Yes,NoIntersection,Normal,Other,11,Monday,18,False,False
201800025302,NonLethal,Daylight,Yes,NoIntersection,Normal,2Vehicles-BehindVehicles-Frontal,4,Thursday,8,False,False
201800049788,NonLethal,NightNoStreetLight,No,NoIntersection,HeavyRain,Other,11,Sunday,20,True,False
201800007123,NonLethal,Daylight,No,NoIntersection,Normal,2Vehicles-Behind,3,Sunday,9,True,False
201800037853,NonLethal,NightStreelightsOn,Yes,NoIntersection,Normal,2Vehicles-BehindVehicles-Frontal,3,Saturday,20,True,False
201800040655,NonLethal,Daylight,Yes,T-type,Normal,2Vehicles-Side,3,Monday,9,False,False
201800030463,NonLethal,Daylight,Yes,Roundabout,Normal,2Vehicles-Side,9,Sunday,13,True,False
201800008072,NonLethal,NightNoStreetLight,No,NoIntersection,Normal,Other,10,Saturday,4,True,True
201800021926,NonLethal,Daylight,Yes,NoIntersection,VeryGood,Other,10,Saturday,16,True,False
201800005027,NonLethal,Daylight,Yes,NoIntersection,Normal,Other,8,Thursday,10,False,False
201800025441,NonLethal,Daylight,Yes,NoIntersection,Normal,2Vehicles-Side,7,Friday,20,False,False
201800045633,NonLethal,NightNoStreetLight,No,NoIntersection,Normal,3+Vehicles-Chain,1,Saturday,18,True,False
201800010566,NonLethal,Daylight,Yes,X-type,Normal,2Vehicles-Behind,9,Thursday,17,False,False
201800006433,NonLethal,Daylight,Yes,T-type,LightRain,2Vehicles-Side,3,Thursday,16,False,False
201800028475,NonLethal,NightStreelightsOff,Yes,X-type,Normal,2Vehicles-BehindVehicles-Frontal,7,Friday,22,False,False
201800045228,NonLethal,NightNoStreetLight,No,NoIntersection,Normal,Other,9,Saturday,0,True,True
201800048180,NonLethal,Daylight,Yes,NoIntersection,Normal,2Vehicles-Behind,4,Wednesday,10,False,False
201800030654,NonLethal,Daylight,Yes,NoIntersection,Normal,2Vehicles-Side,3,Saturday,18,True,False
201800034147,NonLethal,Daylight,Yes,Other,Normal,Other,7,Sunday,14,True,False
201800018979,NonLethal,Daylight,No,NoIntersection,Normal,2Vehicles-Behind,12,Saturday,16,True,False
201800053883,NonLethal,Daylight,Yes,X-type,Normal,2Vehicles-Side,9,Wednesday,14,False,False
201800041557,NonLethal,TwilightOrDawn,Yes,NoIntersection,Normal,2Vehicles-Side,3,Friday,6,False,True
201800051664,NonLethal,TwilightOrDawn,Yes,X-type,LightRain,2Vehicles-Side,2,Monday,18,False,False
201800035817,NonLethal,NightStreelightsOn,Yes,NoIntersection,Normal,2Vehicles-Behind,10,Friday,19,False,False
201800023877,NonLethal,Daylight,Yes,T-type,VeryGood,Other,3,Thursday,8,False,False
201800005744,NonLethal,Daylight,Yes,NoIntersection,Normal,2Vehicles-Side,8,Wednesday,9,False,False
201800053817,NonLethal,Daylight,Yes,T-type,Normal,Other,6,Friday,12,False,False
201800020625,NonLethal,Daylight,Yes,NoIntersection,Normal,3+Vehicles-Chain,5,Thursday,17,False,False
201800038911,NonLethal,Daylight,Yes,Square,Normal,NoCollision,11,Monday,12,False,False
201800044343,NonLethal,NightNoStreetLight,No,NoIntersection,Normal,Other,1,Thursday,0,False,True
201800014230,NonLethal,Daylight,Yes,NoIntersection,Normal,Other,7,Friday,15,False,False
201800000466,NonLethal,TwilightOrDawn,No,T-type,Normal,2Vehicles-Side,9,Sunday,19,True,False
201800027401,NonLethal,Daylight,Yes,NoIntersection,Normal,Other,8,Saturday,19,True,False
201800005424,NonLethal,Daylight,Yes,NoIntersection,Normal,2Vehicles-Side,7,Thursday,10,False,False
201800049626,NonLethal,Daylight,No,NoIntersection,Normal,Other,5,Tuesday,16,False,False
201800004766,NonLethal,Daylight,No,T-type,Normal,2Vehicles-Side,7,Thursday,14,False,False
201800018313,Lethal,Daylight,No,NoIntersection,Normal,2Vehicles-BehindVehicles-Frontal,10,Saturday,15,True,False
201800037688,NonLethal,Daylight,Yes,Roundabout,Normal,3+Vehicles-Chain,4,Saturday,12,True,False
201800042875,NonLethal,Daylight,Yes,Square,Normal,2Vehicles-Side,6,Sunday,18,True,False
201800029342,NonLethal,NightStreelightsOn,Yes,NoIntersection,Normal,Other,12,Monday,7,False,False
201800038485,NonLethal,Daylight,Yes,NoIntersection,Normal,2Vehicles-Side,9,Friday,15,False,False
201800047726,NonLethal,Daylight,Yes,NoIntersection,Normal,Other,1,Wednesday,11,False,False
201800042077,NonLethal,NightStreelightsOn,Yes,NoIntersection,Overcast,Other,1,Friday,23,False,False
201800006055,NonLethal,NightNoStreetLight,No,NoIntersection,Normal,Other,2,Wednesday,18,False,False
201800050562,NonLethal,Daylight,Yes,X-type,Normal,2Vehicles-Side,7,Friday,16,False,False
201800026638,NonLethal,Daylight,Yes,T-type,VeryGood,2Vehicles-BehindVehicles-Frontal,4,Friday,12,False,False
201800050242,NonLethal,Daylight,Yes,X-type,Normal,Other,4,Saturday,12,True,False
201800054991,NonLethal,NightStreelightsOn,Yes,MoreThan4Branches,Normal,Other,4,Thursday,1,False,True
201800020417,NonLethal,NightNoStreetLight,No,NoIntersection,Normal,2Vehicles-BehindVehicles-Frontal,8,Saturday,0,True,True
201800024000,NonLethal,Daylight,Yes,T-type,Normal,2Vehicles-Side,9,Friday,8,False,False
201800033199,NonLethal,TwilightOrDawn,Yes,Roundabout,LightRain,2Vehicles-Side,11,Tuesday,7,False,False
201800023151,NonLethal,Daylight,Yes,T-type,Normal,2Vehicles-Side,7,Thursday,17,False,False
201800015191,NonLethal,Daylight,No,NoIntersection,Normal,Other,6,Tuesday,10,False,False
201800006859,NonLethal,Daylight,No,NoIntersection,Normal,2Vehicles-BehindVehicles-Frontal,3,Thursday,16,False,False
201800012994,NonLethal,Daylight,No,NoIntersection,Normal,Other,10,Tuesday,15,False,False
201800011511,NonLethal,Daylight,No,NoIntersection,Normal,Other,8,Friday,7,False,False
201800024941,NonLethal,Daylight,No,NoIntersection,Normal,3+Vehicles-Multiple,10,Friday,18,False,False
201800049499,NonLethal,NightStreelightsOn,No,NoIntersection,LightRain,3+Vehicles-Chain,11,Monday,19,False,False
201800010528,NonLethal,Daylight,Yes,X-type,Normal,2Vehicles-Side,7,Tuesday,17,False,False
201800007172,NonLethal,Daylight,Yes,NoIntersection,LightRain,Other,2,Wednesday,12,False,False
201800055442,NonLethal,Daylight,Yes,NoIntersection,Normal,2Vehicles-Side,6,Saturday,20,True,False
201800022866,NonLethal,Daylight,No,NoIntersection,Normal,Other,1,Monday,9,False,False
201800028913,NonLethal,Daylight,Yes,NoIntersection,VeryGood,Other,4,Thursday,8,False,False
201800041925,NonLethal,Daylight,Yes,NoIntersection,Normal,Other,11,Monday,8,False,False
201800027300,NonLethal,Daylight,Yes,NoIntersection,Normal,2Vehicles-Side,5,Tuesday,8,False,False
201800039714,NonLethal,Daylight,Yes,NoIntersection,Normal,Other,11,Monday,16,False,False
201800015086,NonLethal,NightNoStreetLight,No,NoIntersection,HeavyRain,Other,1,Saturday,20,True,False
201800017823,NonLethal,Daylight,No,NoIntersection,HeavyRain,Other,1,Saturday,14,True,False
201800027489,NonLethal,Daylight,Yes,NoIntersection,Normal,NoCollision,10,Wednesday,18,False,False
201800021471,Lethal,Daylight,No,T-type,Normal,2Vehicles-Side,5,Friday,20,False,False
201800023198,NonLethal,Daylight,Yes,NoIntersection,Normal,2Vehicles-Side,8,Thursday,14,False,False
201800027840,NonLethal,TwilightOrDawn,Yes,Other,Normal,2Vehicles-Side,5,Friday,7,False,False
201800006009,NonLethal,Daylight,No,Other,Normal,3+Vehicles-Chain,7,Wednesday,15,False,False
201800009033,NonLethal,Daylight,Yes,NoIntersection,LightRain,2Vehicles-Behind,5,Tuesday,9,False,False
201800044617,NonLethal,Daylight,No,NoIntersection,Normal,NoCollision,2,Saturday,17,True,False
201800021723,NonLethal,NightNoStreetLight,No,NoIntersection,SnowOrHail,Other,11,Friday,18,False,False
201800024840,NonLethal,Daylight,Yes,T-type,Normal,2Vehicles-Side,7,Friday,17,False,False
201800006987,NonLethal,NightStreelightsOn,No,T-type,Normal,2Vehicles-Side,10,Monday,3,False,True
201800042389,NonLethal,Daylight,Yes,NoIntersection,Normal,2Vehicles-Side,10,Friday,8,False,False
201800010695,NonLethal,Daylight,Yes,X-type,Normal,Other,4,Thursday,12,False,False
201800038144,NonLethal,Daylight,Yes,X-type,Normal,2Vehicles-Side,3,Saturday,10,True,False
201800053674,NonLethal,Daylight,Yes,NoIntersection,LightRain,3+Vehicles-Chain,1,Saturday,11,True,False
201800006053,NonLethal,NightNoStreetLight,No,NoIntersection,Normal,2Vehicles-Behind,12,Friday,20,False,False
201800055138,NonLethal,Daylight,Yes,T-type,Normal,Other,9,Thursday,10,False,False
201800035749,NonLethal,Daylight,Yes,X-type,Normal,2Vehicles-Behind,2,Friday,19,False,False
201800020819,NonLethal,NightStreelightsOff,Yes,X-type,LightRain,2Vehicles-BehindVehicles-Frontal,3,Saturday,21,True,False
201800043585,NonLethal,Daylight,Yes,NoIntersection,Normal,Other,9,Sunday,9,True,False
201800004317,NonLethal,Daylight,Yes,NoIntersection,Normal,Other,6,Friday,18,False,False
201800043023,NonLethal,Daylight,Yes,NoIntersection,Normal,Other,12,Friday,18,False,False
201800050208,NonLethal,Daylight,Yes,T-type,Normal,2Vehicles-Behind,11,Thursday,11,False,False
201800015571,NonLethal,Daylight,No,Other,HeavyRain,Other,5,Monday,16,False,False
201800019910,NonLethal,Daylight,Yes,NoIntersection,Normal,Other,10,Monday,12,False,False
201800042294,NonLethal,Daylight,Yes,Other,Normal,2Vehicles-Side,6,Thursday,12,False,False
201800022376,NonLethal,Daylight,Yes,NoIntersection,HeavyRain,Other,7,Sunday,12,True,False
201800006280,Lethal,NightNoStreetLight,No,NoIntersection,Normal,Other,1,Saturday,3,True,True
201800050647,NonLethal,NightStreelightsOn,Yes,T-type,Normal,2Vehicles-Side,1,Saturday,23,True,False
201800047717,NonLethal,Daylight,Yes,NoIntersection,Normal,2Vehicles-Behind,9,Tuesday,11,False,False
201800037704,NonLethal,TwilightOrDawn,Yes,NoIntersection,Normal,3+Vehicles-Chain,5,Friday,19,False,False
201800010210,NonLethal,Daylight,Yes,NoIntersection,Normal,Other,12,Tuesday,13,False,False
201800010513,NonLethal,NightStreelightsOn,Yes,X-type,LightRain,2Vehicles-Side,10,Saturday,21,True,False
201800010953,Lethal,Daylight,No,NoIntersection,Normal,NoCollision,10,Sunday,15,True,False
201800039546,NonLethal,TwilightOrDawn,Yes,NoIntersection,HeavyRain,Other,1,Monday,8,False,False
201800032954,NonLethal,NightStreelightsOn,Yes,NoIntersection,Normal,2Vehicles-Behind,12,Sunday,0,True,True
201800033390,NonLethal,Daylight,Yes,T-type,Normal,2Vehicles-Side,7,Thursday,18,False,False
201800004815,Lethal,TwilightOrDawn,No,NoIntersection,Normal,Other,11,Tuesday,7,False,False
201800027068,NonLethal,TwilightOrDawn,Yes,T-type,Normal,2Vehicles-Behind,11,Wednesday,18,False,False
201800003858,NonLethal,Daylight,No,NoIntersection,Normal,3+Vehicles-Multiple,1,Sunday,11,True,False
201800034909,NonLethal,Daylight,No,LevelCrossing,Normal,2Vehicles-Behind,6,Wednesday,13,False,False
201800016646,NonLethal,Daylight,No,NoIntersection,Normal,Other,8,Monday,16,False,False
201800033697,NonLethal,Daylight,No,NoIntersection,Normal,2Vehicles-Side,8,Friday,19,False,False
201800011930,NonLethal,NightStreelightsOn,Yes,NoIntersection,Normal,Other,11,Saturday,0,True,True
201800022870,NonLethal,NightStreelightsOn,Yes,NoIntersection,Normal,2Vehicles-Side,1,Tuesday,19,False,False
201800040940,NonLethal,Daylight,Yes,Other,Normal,2Vehicles-Side,9,Friday,18,False,False
201800017987,NonLethal,Daylight,Yes,NoIntersection,Normal,Other,5,Monday,17,False,False
201800002556,NonLethal,NightNoStreetLight,No,T-type,Normal,2Vehicles-Side,12,Friday,6,False,True
201800050909,NonLethal,NightStreelightsOn,Yes,NoIntersection,Normal,Other,7,Sunday,23,True,False
201800034370,NonLethal,NightStreelightsOn,No,X-type,Normal,2Vehicles-Side,8,Sunday,0,True,True
201800032369,NonLethal,NightStreelightsOn,Yes,NoIntersection,Normal,Other,11,Friday,5,False,True
201800056954,NonLethal,Daylight,Yes,Other,Normal,3+Vehicles-Multiple,5,Thursday,7,False,False
201800049031,NonLethal,Daylight,No,NoIntersection,Normal,3+Vehicles-Multiple,10,Monday,18,False,False
201800034576,NonLethal,NightStreelightsOn,Yes,NoIntersection,Normal,2Vehicles-Side,12,Wednesday,20,False,False
201800016723,NonLethal,Daylight,No,NoIntersection,Normal,3+Vehicles-Chain,4,Saturday,16,True,False
201800032523,NonLethal,Daylight,Yes,NoIntersection,Normal,Other,4,Sunday,11,True,False
201800036690,NonLethal,Daylight,Yes,NoIntersection,Normal,Other,9,Saturday,17,True,False
201800019027,NonLethal,Daylight,No,NoIntersection,Normal,Other,10,Sunday,17,True,False
201800053330,NonLethal,Daylight,Yes,NoIntersection,LightRain,2Vehicles-Side,12,Tuesday,16,False,False
201800049213,NonLethal,Daylight,No,Other,Normal,2Vehicles-Behind,11,Friday,13,False,False
201800021453,NonLethal,Daylight,Yes,X-type,LightRain,2Vehicles-Side,1,Thursday,12,False,False
201800057621,NonLethal,Daylight,Yes,Other,Normal,Other,5,Thursday,7,False,False
201800007322,NonLethal,NightNoStreetLight,Yes,T-type,Normal,2Vehicles-BehindVehicles-Frontal,8,Sunday,22,True,False
201800021992,NonLethal,Daylight,Yes,NoIntersection,Normal,2Vehicles-BehindVehicles-Frontal,1,Sunday,16,True,False
201800012561,NonLethal,Daylight,Yes,Y-type,Normal,2Vehicles-BehindVehicles-Frontal,5,Tuesday,16,False,False
201800038336,NonLethal,Daylight,Yes,NoIntersection,Overcast,2Vehicles-Behind,11,Wednesday,7,False,False
201800023709,NonLethal,Daylight,No,NoIntersection,Normal,2Vehicles-Side,4,Wednesday,16,False,False
201800023949,NonLethal,Daylight,Yes,Roundabout,Normal,2Vehicles-Side,2,Wednesday,15,False,False
201800001179,NonLethal,TwilightOrDawn,Yes,NoIntersection,LightRain,3+Vehicles-Multiple,1,Friday,8,False,False
201800030891,NonLethal,Daylight,Yes,NoIntersection,Normal,2Vehicles-Side,9,Thursday,12,False,False
201800008315,NonLethal,NightStreelightsOn,Yes,NoIntersection,LightRain,2Vehicles-Side,8,Wednesday,17,False,False
201800037525,NonLethal,Daylight,Yes,NoIntersection,Normal,2Vehicles-Behind,11,Wednesday,16,False,False
201800007866,NonLethal,Daylight,No,NoIntersection,SnowOrHail,Other,12,Saturday,10,True,False
201800049463,NonLethal,Daylight,No,NoIntersection,Normal,2Vehicles-Behind,12,Monday,14,False,False
201800029799,NonLethal,Daylight,Yes,NoIntersection,Normal,2Vehicles-Behind,12,Tuesday,14,False,False
201800038290,NonLethal,NightStreelightsOn,Yes,MoreThan4Branches,Normal,NoCollision,5,Tuesday,21,False,False
201800009839,NonLethal,Daylight,Yes,Other,Normal,3+Vehicles-Multiple,10,Monday,13,False,False
201800036954,NonLethal,NightStreelightsOn,No,NoIntersection,Normal,Other,11,Thursday,18,False,False
201800039668,NonLethal,Daylight,Yes,NoIntersection,Normal,2Vehicles-Side,10,Friday,17,False,False
201800043627,NonLethal,Daylight,Yes,NoIntersection,Normal,2Vehicles-Behind,1,Thursday,10,False,False
201800017812,Lethal,Daylight,Yes,NoIntersection,LightRain,Other,10,Thursday,16,False,False
201800000919,NonLethal,Daylight,No,NoIntersection,Normal,NoCollision,9,Saturday,10,True,False
201800007588,NonLethal,Daylight,Yes,NoIntersection,Normal,Other,3,Saturday,10,True,False
201800013671,NonLethal,Daylight,No,NoIntersection,Normal,Other,5,Thursday,10,False,False
201800034531,NonLethal,Daylight,No,NoIntersection,Normal,2Vehicles-Side,7,Friday,16,False,False
201800036810,NonLethal,Daylight,Yes,T-type,Normal,2Vehicles-Side,12,Monday,8,False,False
201800034619,NonLethal,Daylight,Yes,NoIntersection,Normal,2Vehicles-Behind,9,Monday,18,False,False
201800043198,NonLethal,NightStreelightsOn,Yes,X-type,Normal,3+Vehicles-Chain,3,Tuesday,20,False,False
201800019070,NonLethal,Daylight,No,NoIntersection,Normal,NoCollision,10,Wednesday,16,False,False
201800017537,NonLethal,Daylight,Yes,NoIntersection,Normal,2Vehicles-Side,5,Friday,13,False,False
201800023184,NonLethal,NightStreelightsOn,No,NoIntersection,Normal,2Vehicles-Side,10,Monday,22,False,False
201800000188,NonLethal,Daylight,Yes,T-type,Normal,Other,3,Thursday,12,False,False
201800039840,NonLethal,Daylight,Yes,T-type,Normal,Other,10,Thursday,17,False,False
201800048329,NonLethal,Daylight,Yes,NoIntersection,Normal,NoCollision,6,Thursday,13,False,False
201800032545,NonLethal,Daylight,Yes,NoIntersection,Normal,Other,7,Monday,7,False,False
201800041950,NonLethal,Daylight,Yes,X-type,Overcast,Other,2,Friday,14,False,False
201800029685,NonLethal,Daylight,Yes,NoIntersection,Normal,Other,5,Friday,12,False,False
201800002648,NonLethal,NightNoStreetLight,No,NoIntersection,HeavyRain,3+Vehicles-Multiple,12,Sunday,18,True,False
201800000271,NonLethal,NightNoStreetLight,No,X-type,LightRain,2Vehicles-Side,12,Sunday,18,True,False
201800009358,Lethal,NightStreelightsOn,Yes,NoIntersection,Normal,2Vehicles-BehindVehicles-Frontal,7,Friday,1,False,True
201800039472,NonLethal,Daylight,Yes,NoIntersection,Normal,2Vehicles-Side,3,Friday,17,False,False
201800022762,Lethal,NightNoStreetLight,Yes,NoIntersection,Normal,NoCollision,10,Sunday,6,True,True
201800018765,NonLethal,Daylight,No,NoIntersection,StrongWindOrStorm,Other,9,Tuesday,11,False,False
201800014743,NonLethal,Daylight,Yes,Roundabout,VeryGood,2Vehicles-Behind,9,Sunday,9,True,False
201800026531,NonLethal,Daylight,Yes,Roundabout,Normal,2Vehicles-Behind,6,Monday,11,False,False
201800039255,NonLethal,Daylight,Yes,NoIntersection,Normal,Other,5,Tuesday,18,False,False
201800026723,NonLethal,Daylight,No,X-type,Normal,2Vehicles-Side,1,Wednesday,9,False,False
201800004201,NonLethal,Daylight,Yes,Square,Normal,Other,4,Monday,17,False,False
201800032271,Lethal,NightNoStreetLight,No,NoIntersection,Overcast,2Vehicles-BehindVehicles-Frontal,8,Thursday,18,False,False
201800021944,NonLethal,Daylight,Yes,NoIntersection,Normal,2Vehicles-Side,5,Monday,11,False,False
201800007472,NonLethal,Daylight,Yes,T-type,Normal,2Vehicles-Side,11,Thursday,12,False,False
201800052292,NonLethal,NightStreelightsOn,Yes,X-type,HeavyRain,Other,12,Tuesday,23,False,False
201800044590,NonLethal,NightNoStreetLight,No,NoIntersection,Normal,2Vehicles-Behind,3,Friday,1,False,True
201800055035,NonLethal,Daylight,Yes,T-type,LightRain,3+Vehicles-Multiple,6,Sunday,18,True,False
201800017638,NonLethal,NightStreelightsOn,Yes,NoIntersection,LightRain,2Vehicles-Side,11,Thursday,0,False,True
201800053862,NonLethal,Daylight,Yes,T-type,Normal,2Vehicles-Side,2,Friday,18,False,False
201800055954,Lethal,NightStreelightsOn,Yes,NoIntersection,Normal,Other,12,Sunday,0,True,True
201800017976,Lethal,Daylight,No,NoIntersection,LightRain,2Vehicles-BehindVehicles-Frontal,1,Friday,9,False,False
201800004909,NonLethal,Daylight,No,NoIntersection,Normal,Other,12,Wednesday,9,False,False
201800030447,NonLethal,TwilightOrDawn,Yes,X-type,Normal,2Vehicles-Side,1,Wednesday,18,False,False
201800039781,NonLethal,NightStreelightsOff,Yes,NoIntersection,Normal,NoCollision,3,Sunday,19,True,False
201800009037,NonLethal,Daylight,Yes,NoIntersection,LightRain,2Vehicles-Behind,5,Tuesday,17,False,False
201800024376,NonLethal,Daylight,Yes,NoIntersection,Normal,Other,7,Thursday,12,False,False
201800005972,Lethal,NightNoStreetLight,No,NoIntersection,Normal,2Vehicles-Behind,7,Wednesday,3,False,True
201800021324,NonLethal,Daylight,No,NoIntersection,Normal,2Vehicles-BehindVehicles-Frontal,7,Thursday,18,False,False
201800015057,NonLethal,Daylight,No,NoIntersection,Normal,NoCollision,9,Monday,14,False,False
201800054731,NonLethal,NightStreelightsOn,Yes,NoIntersection,Normal,3+Vehicles-Multiple,5,Saturday,23,True,False
201800057733,NonLethal,Daylight,Yes,NoIntersection,Normal,2Vehicles-Side,10,Wednesday,16,False,False
201800037137,NonLethal,NightStreelightsOn,Yes,X-type,Overcast,Other,1,Tuesday,18,False,False
201800039680,NonLethal,NightNoStreetLight,Yes,LevelCrossing,LightRain,Other,12,Saturday,6,True,True
201800042922,NonLethal,Daylight,Yes,Other,Normal,NoCollision,10,Wednesday,9,False,False
201800016143,NonLethal,Daylight,No,Roundabout,Normal,2Vehicles-Behind,9,Thursday,7,False,False
201800003724,NonLethal,Daylight,No,NoIntersection,Normal,Other,6,Sunday,16,True,False
201800014509,NonLethal,Daylight,No,NoIntersection,Overcast,2Vehicles-BehindVehicles-Frontal,4,Monday,18,False,False
201800038184,NonLethal,Daylight,Yes,NoIntersection,Normal,2Vehicles-Behind,2,Monday,8,False,False
201800048378,Lethal,Daylight,Yes,T-type,Normal,2Vehicles-Side,7,Monday,15,False,False
201800049130,NonLethal,Daylight,No,NoIntersection,VeryGood,Other,4,Monday,17,False,False
201800000149,NonLethal,Daylight,Yes,NoIntersection,Normal,Other,9,Wednesday,8,False,False
201800026117,NonLethal,Daylight,Yes,NoIntersection,Overcast,Other,5,Tuesday,17,False,False
201800052760,NonLethal,Daylight,Yes,NoIntersection,Normal,2Vehicles-Behind,6,Tuesday,15,False,False
201800046694,NonLethal,Daylight,No,NoIntersection,Normal,3+Vehicles-Chain,6,Saturday,13,True,False
201800009991,NonLethal,Daylight,Yes,X-type,LightRain,Other,10,Saturday,17,True,False
201800052990,NonLethal,Daylight,Yes,NoIntersection,LightRain,2Vehicles-Side,4,Monday,10,False,False
201800005877,NonLethal,TwilightOrDawn,Yes,NoIntersection,Normal,2Vehicles-Side,12,Thursday,17,False,False
201800029514,NonLethal,NightStreelightsOn,Yes,Square,Normal,Other,5,Wednesday,22,False,False
201800035316,NonLethal,Daylight,Yes,NoIntersection,Normal,2Vehicles-BehindVehicles-Frontal,4,Thursday,15,False,False
201800009540,NonLethal,Daylight,Yes,NoIntersection,Normal,NoCollision,8,Wednesday,17,False,False
201800027556,NonLethal,NightStreelightsOn,Yes,NoIntersection,HeavyRain,Other,1,Friday,19,False,False
201800057616,NonLethal,Daylight,Yes,NoIntersection,Normal,Other,5,Wednesday,16,False,False
201800045060,NonLethal,Daylight,No,NoIntersection,Normal,2Vehicles-Side,7,Sunday,15,True,False
201800050263,NonLethal,Daylight,Yes,X-type,HeavyRain,Other,5,Tuesday,17,False,False
201800027214,NonLethal,Daylight,Yes,NoIntersection,LightRain,Other,3,Thursday,8,False,False
201800015660,NonLethal,NightNoStreetLight,No,NoIntersection,Normal,Other,4,Thursday,4,False,True
201800003230,NonLethal,Daylight,No,NoIntersection,Normal,Other,6,Thursday,15,False,False
201800001187,Lethal,NightStreelightsOff,Yes,X-type,Normal,Other,2,Friday,2,False,True
201800002481,NonLethal,NightNoStreetLight,No,NoIntersection,Normal,NoCollision,10,Saturday,1,True,True
201800027232,NonLethal,Daylight,Yes,NoIntersection,Normal,2Vehicles-BehindVehicles-Frontal,4,Tuesday,16,False,False
201800036105,NonLethal,Daylight,No,NoIntersection,Normal,2Vehicles-Behind,6,Friday,19,False,False
201800009689,NonLethal,Daylight,Yes,NoIntersection,Normal,Other,9,Wednesday,18,False,False
201800009634,NonLethal,Daylight,Yes,NoIntersection,Normal,2Vehicles-Behind,9,Saturday,19,True,False
201800034520,NonLethal,Daylight,Yes,NoIntersection,Normal,2Vehicles-Behind,5,Thursday,11,False,False
201800041803,NonLethal,Daylight,Yes,X-type,Normal,Other,10,Friday,9,False,False
201800056887,NonLethal,TwilightOrDawn,Yes,NoIntersection,Normal,2Vehicles-Side,3,Thursday,18,False,False
201800044519,NonLethal,Daylight,No,NoIntersection,Normal,2Vehicles-Behind,11,Thursday,9,False,False
201800026614,Lethal,NightStreelightsOn,Yes,NoIntersection,Normal,Other,1,Saturday,6,True,True
201800032321,NonLethal,NightStreelightsOn,Yes,NoIntersection,Normal,Other,12,Sunday,6,True,True
201800007250,NonLethal,TwilightOrDawn,No,NoIntersection,Normal,2Vehicles-Behind,3,Monday,17,False,False
201800041177,NonLethal,NightNoStreetLight,Yes,NoIntersection,Normal,Other,11,Tuesday,23,False,False
201800046328,NonLethal,Daylight,No,NoIntersection,Overcast,Other,2,Thursday,9,False,False
201800021742,NonLethal,Daylight,No,Other,Normal,NoCollision,7,Sunday,17,True,False
201800053457,NonLethal,NightStreelightsOn,Yes,NoIntersection,Normal,Other,7,Sunday,5,True,True
201800016197,NonLethal,TwilightOrDawn,No,NoIntersection,Normal,Other,4,Monday,20,False,False
201800042013,NonLethal,Daylight,Yes,Roundabout,Normal,2Vehicles-Behind,6,Wednesday,20,False,False
201800051056,NonLethal,Daylight,Yes,X-type,Normal,2Vehicles-Behind,4,Wednesday,13,False,False
201800013681,NonLethal,Daylight,Yes,NoIntersection,Normal,2Vehicles-Side,8,Tuesday,15,False,False
201800040364,NonLethal,NightStreelightsOn,No,NoIntersection,Normal,Other,11,Friday,22,False,False
201800037080,NonLethal,Daylight,Yes,NoIntersection,Normal,Other,10,Wednesday,18,False,False
201800010845,NonLethal,Daylight,Yes,NoIntersection,Normal,2Vehicles-Side,3,Monday,14,False,False
201800029443,Lethal,Daylight,Yes,NoIntersection,Normal,Other,7,Thursday,16,False,False
201800009403,NonLethal,Daylight,Yes,NoIntersection,Normal,Other,7,Friday,9,False,False
201800018560,NonLethal,Daylight,Yes,T-type,Other,2Vehicles-Side,6,Tuesday,19,False,False
201800049071,NonLethal,Daylight,No,NoIntersection,Normal,3+Vehicles-Multiple,11,Wednesday,9,False,False
201800014106,NonLethal,Daylight,No,NoIntersection,Normal,NoCollision,8,Saturday,13,True,False
201800004471,NonLethal,Daylight,Yes,NoIntersection,Normal,2Vehicles-Behind,6,Wednesday,8,False,False
201800028771,NonLethal,NightStreelightsOn,Yes,NoIntersection,Normal,Other,8,Saturday,5,True,True
201800017263,NonLethal,Daylight,No,Other,Normal,NoCollision,8,Monday,14,False,False
201800028409,NonLethal,Daylight,Yes,NoIntersection,Normal,Other,10,Friday,16,False,False
201800002499,NonLethal,Daylight,No,NoIntersection,LightRain,3+Vehicles-Multiple,11,Tuesday,11,False,False
201800041545,NonLethal,TwilightOrDawn,Yes,T-type,LightRain,Other,1,Thursday,7,False,False
201800049335,NonLethal,Daylight,Yes,NoIntersection,Normal,2Vehicles-Behind,2,Saturday,10,True,False
201800037043,NonLethal,Daylight,Yes,NoIntersection,Normal,NoCollision,5,Thursday,7,False,False
201800044749,NonLethal,NightNoStreetLight,No,NoIntersection,Normal,Other,7,Wednesday,1,False,True
201800030004,NonLethal,NightNoStreetLight,Yes,NoIntersection,FogOrSmoke,Other,11,Friday,20,False,False
201800043505,NonLethal,TwilightOrDawn,Yes,NoIntersection,Normal,Other,6,Tuesday,17,False,False