AccidentId,Gravity,Light,InAgglomeration,IntersectionType,Weather,CollisionType,Month,DayOfWeek,HourOfDay,IsWeekend,IsNight
201800054583,NonLethal,NightStreelightsOn,Yes,T-type,LightRain,2Vehicles-Side,10,Wednesday,18,False,False
201800024358,NonLethal,NightStreelightsOn,Yes,X-type,Normal,2Vehicles-BehindVehicles-Frontal,1,Sunday,1,True,True
201800014430,NonLethal,Daylight,No,X-type,LightRain,Other,6,Tuesday,12,False,False
201800051367,NonLethal,NightStreelightsOn,Yes,X-type,Normal,2Vehicles-Side,4,Saturday,0,True,True
201800007952,NonLethal,Daylight,No,NoIntersection,Normal,2Vehicles-Behind,9,Tuesday,8,False,False
201800015432,NonLethal,NightNoStreetLight,No,NoIntersection,Normal,Other,11,Sunday,0,True,True
201800028259,NonLethal,Daylight,Yes,NoIntersection,Normal,2Vehicles-BehindVehicles-Frontal,10,Tuesday,8,False,False
201800008047,NonLethal,Daylight,Yes,NoIntersection,Normal,Other,6,Thursday,9,False,False
201800009604,NonLethal,Daylight,Yes,X-type,Normal,2Vehicles-Side,8,Tuesday,15,False,False
201800017175,NonLethal,Daylight,No,NoIntersection,Normal,NoCollision,6,Friday,12,False,False
201800044536,NonLethal,NightNoStreetLight,No,NoIntersection,LightRain,2Vehicles-Side,1,Monday,19,False,False
201800044988,NonLethal,Daylight,No,NoIntersection,Normal,3+Vehicles-Chain,6,Sunday,15,True,False
201800025843,NonLethal,Daylight,Yes,NoIntersection,Normal,Other,1,Friday,10,False,False
201800046418,NonLethal,TwilightOrDawn,No,NoIntersection,LightRain,2Vehicles-Side,2,Saturday,6,True,True
201800032772,NonLethal,Daylight,No,Other,LightRain,2Vehicles-BehindVehicles-Frontal,2,Monday,14,False,False
201800020037,NonLethal,Daylight,Yes,NoIntersection,Normal,2Vehicles-BehindVehicles-Frontal,7,Thursday,17,False,False
201800010116,NonLethal,Daylight,Yes,Roundabout,Normal,2Vehicles-Side,11,Monday,11,False,False
201800055938,NonLethal,NightNoStreetLight,No,NoIntersection,Normal,Other,11,Saturday,18,True,False
201800016242,Lethal,Daylight,No,NoIntersection,Normal,2Vehicles-BehindVehicles-Frontal,11,Monday,13,False,False
201800024344,Lethal,Daylight,Yes,Other,Normal,Other,6,Sunday,7,True,False
201800039650,NonLethal,Daylight,Yes,NoIntersection,Normal,Other,8,Friday,8,False,False
201800033790,NonLethal,Daylight,Yes,X-type,Normal,2Vehicles-Side,9,Thursday,19,False,False
201800009899,NonLethal,Daylight,Yes,Square,Normal,2Vehicles-Behind,12,Monday,11,False,False
201800039959,NonLethal,Daylight,Yes,NoIntersection,Normal,2Vehicles-BehindVehicles-Frontal,5,Wednesday,18,False,False
201800025277,NonLethal,Daylight,Yes,NoIntersection,Normal,Other,3,Thursday,12,False,False
201800026636,NonLethal,Daylight,Yes,NoIntersection,Normal,2Vehicles-Behind,4,Tuesday,17,False,False
201800043344,NonLethal,Daylight,Yes,X-type,Normal,2Vehicles-Side,11,Friday,18,False,False
201800025701,NonLethal,NightStreelightsOn,Yes,NoIntersection,Normal,3+Vehicles-Multiple,3,Saturday,22,True,False
201800053569,NonLethal,Daylight,No,NoIntersection,Normal,NoCollision,10,Saturday,16,True,False
201800015896,NonLethal,Daylight,No,Y-type,Normal,2Vehicles-BehindVehicles-Frontal,11,Sunday,13,True,False
201800016861,NonLethal,Daylight,Yes,Roundabout,Normal,2Vehicles-Side,8,Thursday,14,False,False
201800021673,NonLethal,NightNoStreetLight,No,NoIntersection,Normal,3+Vehicles-Multiple,9,Sunday,20,True,False
201800041593,NonLethal,Daylight,Yes,NoIntersection,Overcast,2Vehicles-Side,8,Monday,11,False,False
201800033346,NonLethal,Daylight,No,T-type,Normal,2Vehicles-BehindVehicles-Frontal,8,Monday,15,False,False
201800007561,NonLethal,NightStreelightsOn,Yes,X-type,LightRain,2Vehicles-Side,12,Sunday,18,True,False
201800001225,Lethal,NightNoStreetLight,No,NoIntersection,Normal,Other,2,Tuesday,18,False,False
201800042132,NonLethal,Daylight,Yes,NoIntersection,Normal,2Vehicles-Side,2,Sunday,12,True,False
201800048904,NonLethal,Daylight,No,NoIntersection,Normal,2Vehicles-Side,5,Friday,8,False,False
201800020913,NonLethal,NightNoStreetLight,Yes,NoIntersection,Normal,Other,12,Thursday,21,False,False
201800037712,NonLethal,Daylight,Yes,NoIntersection,Normal,Other,8,Wednesday,19,False,False
201800019600,NonLethal,Daylight,Yes,NoIntersection,Normal,2Vehicles-Side,2,Friday,15,False,False
201800056612,NonLethal,NightStreelightsOn,No,Other,Normal,2Vehicles-Side,5,Saturday,5,True,True
201800027540,NonLethal,NightStreelightsOn,Yes,NoIntersection,Overcast,Other,11,Wednesday,19,False,False
201800008301,NonLethal,NightStreelightsOff,Yes,NoIntersection,Normal,Other,5,Tuesday,19,False,False
201800019611,NonLethal,Daylight,No,NoIntersection,Normal,2Vehicles-Behind,2,Saturday,15,True,False
201800029693,NonLethal,Daylight,Yes,X-type,Normal,2Vehicles-Side,6,Friday,10,False,False
201800007395,NonLethal,NightStreelightsOn,Yes,X-type,Normal,Other,1,Tuesday,21,False,False
201800051228,NonLethal,Daylight,Yes,Y-type,Normal,Other,12,Monday,9,False,False
201800012668,Lethal,Daylight,No,NoIntersection,Normal,Other,9,Saturday,16,True,False
201800035249,NonLethal,Daylight,No,X-type,Normal,2Vehicles-Side,5,Thursday,20,False,False
201800044978,NonLethal,Daylight,No,NoIntersection,Normal,2Vehicles-Side,6,Thursday,9,False,False
201800026992,NonLethal,TwilightOrDawn,Yes,T-type,FogOrSmoke,2Vehicles-Side,11,Thursday,7,False,False
201800039983,NonLethal,Daylight,Yes,T-type,Normal,2Vehicles-Side,7,Wednesday,14,False,False
201800049106,NonLethal,Daylight,No,NoIntersection,Normal,2Vehicles-Behind,12,Tuesday,9,False,False
201800013054,NonLethal,Daylight,Yes,Other,Normal,Other,2,Monday,15,False,False
201800001664,NonLethal,Daylight,Yes,T-type,Normal,Other,9,Thursday,10,False,False
201800017961,NonLethal,NightNoStreetLight,No,X-type,Normal,2Vehicles-Side,5,Thursday,19,False,False
201800001527,NonLethal,NightStreelightsOn,Yes,NoIntersection,Normal,Other,7,Tuesday,5,False,True
201800037495,NonLethal,Daylight,Yes,NoIntersection,Normal,2Vehicles-Behind,9,Sunday,19,True,False
201800033166,NonLethal,NightStreelightsOn,No,NoIntersection,Normal,2Vehicles-Behind,9,Friday,23,False,False
201800018327,NonLethal,NightStreelightsOff,No,NoIntersection,Normal,2Vehicles-Side,8,Monday,0,False,True
201800035671,NonLethal,Daylight,Yes,Roundabout,Normal,2Vehicles-BehindVehicles-Frontal,2,Tuesday,7,False,False
201800028835,NonLethal,Daylight,No,NoIntersection,Normal,Other,10,Tuesday,16,False,False
201800033648,Lethal,Daylight,No,T-type,Normal,2Vehicles-Side,10,Saturday,10,True,False
201800012327,NonLethal,Daylight,No,LevelCrossing,Normal,2Vehicles-Side,7,Saturday,9,True,False
201800002844,NonLethal,Daylight,No,NoIntersection,Normal,NoCollision,5,Sunday,17,True,False
201800035918,NonLethal,Daylight,Yes,Other,Normal,2Vehicles-Side,8,Saturday,18,True,False
201800013454,NonLethal,NightNoStreetLight,No,NoIntersection,Normal,Other,11,Sunday,17,True,False
201800039836,NonLethal,Daylight,Yes,X-type,Normal,2Vehicles-Side,9,Tuesday,16,False,False
201800003418,NonLethal,Daylight,No,NoIntersection,Normal,2Vehicles-Behind,7,Friday,14,False,False
201800050142,NonLethal,NightNoStreetLight,No,NoIntersection,LightRain,Other,11,Friday,19,False,False
201800014386,NonLethal,NightNoStreetLight,No,NoIntersection,LightRain,Other,8,Sunday,2,True,True
201800005966,NonLethal,Daylight,No,NoIntersection,LightRain,2Vehicles-Behind,4,Sunday,11,True,False
201800014193,NonLethal,NightNoStreetLight,No,T-type,Normal,Other,2,Sunday,7,True,False
201800011917,NonLethal,Daylight,No,NoIntersection,Normal,2Vehicles-Behind,12,Wednesday,13,False,False
201800000137,NonLethal,Daylight,Yes,X-type,Normal,Other,2,Saturday,17,True,False
201800010064,NonLethal,Daylight,Yes,T-type,Normal,2Vehicles-BehindVehicles-Frontal,11,Thursday,7,False,False
201800042182,NonLethal,Daylight,Yes,NoIntersection,Normal,Other,6,Monday,9,False,False
201800005230,NonLethal,Daylight,Yes,NoIntersection,Normal,NoCollision,5,Monday,20,False,False
201800030712,NonLethal,Daylight,Yes,NoIntersection,LightRain,2Vehicles-Behind,2,Thursday,17,False,False
201800007075,NonLethal,Daylight,No,Y-type,LightRain,NoCollision,1,Friday,16,False,False
201800000424,NonLethal,NightStreelightsOn,Yes,NoIntersection,Normal,Other,10,Tuesday,19,False,False
201800005629,NonLethal,NightStreelightsOff,No,T-type,Normal,2Vehicles-Side,4,Monday,20,False,False
201800029811,Lethal,Daylight,Yes,NoIntersection,Normal,Other,1,Friday,14,False,False
201800042330,NonLethal,Daylight,Yes,NoIntersection,Normal,2Vehicles-Side,7,Wednesday,13,False,False
201800048949,NonLethal,Daylight,No,NoIntersection,Normal,2Vehicles-Behind,11,Wednesday,16,False,False
201800005509,NonLethal,NightNoStreetLight,No,NoIntersection,Normal,Other,12,Saturday,19,True,False
201800014040,NonLethal,Daylight,No,NoIntersection,Overcast,NoCollision,2,Saturday,17,True,False
201800047811,NonLethal,Daylight,Yes,NoIntersection,Normal,Other,11,Friday,10,False,False
201800020650,NonLethal,TwilightOrDawn,No,X-type,Normal,2Vehicles-Side,10,Wednesday,7,False,False
201800017267,NonLethal,NightStreelightsOn,Yes,NoIntersection,LightRain,Other,11,Monday,17,False,False
201800057677,NonLethal,TwilightOrDawn,Yes,NoIntersection,LightRain,NoCollision,7,Monday,7,False,False
201800038104,NonLethal,Daylight,Yes,NoIntersection,Normal,2Vehicles-BehindVehicles-Frontal,5,Friday,6,False,True
201800034155,Lethal,Daylight,Yes,X-type,Normal,Other,2,Wednesday,20,False,False
201800007563,NonLethal,Daylight,No,NoIntersection,Normal,Other,6,Monday,12,False,False
201800037201,NonLethal,NightStreelightsOff,Yes,NoIntersection,LightRain,Other,8,Sunday,0,True,True
201800043759,NonLethal,NightStreelightsOn,Yes,X-type,Normal,2Vehicles-Side,7,Thursday,17,False,False
201800050317,NonLethal,Daylight,Yes,X-type,Normal,2Vehicles-Side,9,Wednesday,9,False,False
201800038274,NonLethal,Daylight,Yes,NoIntersection,Normal,Other,5,Monday,18,False,False
201800027815,NonLethal,Daylight,Yes,NoIntersection,Normal,2Vehicles-Behind,11,Friday,17,False,False
201800004743,NonLethal,Daylight,No,NoIntersection,Normal,Other,11,Wednesday,19,False,False
201800038157,NonLethal,Daylight,Yes,X-type,Normal,2Vehicles-Behind,11,Sunday,12,True,False
201800004692,Lethal,TwilightOrDawn,Yes,NoIntersection,FogOrSmoke,Other,5,Tuesday,6,False,True
201800035394,NonLethal,Daylight,No,NoIntersection,Normal,2Vehicles-Side,6,Sunday,14,True,False
201800049866,NonLethal,Daylight,No,NoIntersection,Normal,2Vehicles-Side,1,Saturday,15,True,False
201800012464,NonLethal,NightStreelightsOn,Yes,NoIntersection,Normal,2Vehicles-Side,11,Thursday,19,False,False
201800042740,NonLethal,Daylight,Yes,T-type,Normal,2Vehicles-Side,10,Wednesday,17,False,False
201800006513,Lethal,Daylight,No,Other,Overcast,2Vehicles-Behind,3,Tuesday,18,False,False
201800040971,NonLethal,NightStreelightsOn,Yes,MoreThan4Branches,Normal,2Vehicles-BehindVehicles-Frontal,7,Wednesday,20,False,False
201800007016,Lethal,Daylight,Yes,NoIntersection,Normal,Other,6,Friday,15,False,False
201800042095,NonLethal,Daylight,Yes,NoIntersection,Normal,Other,6,Wednesday,18,False,False
201800048481,NonLethal,NightStreelightsOn,Yes,Y-type,Normal,2Vehicles-Side,8,Tuesday,23,False,False
201800028904,NonLethal,Daylight,Yes,Roundabout,Normal,2Vehicles-BehindVehicles-Frontal,3,Sunday,15,True,False
201800053373,NonLethal,Daylight,Yes,X-type,Normal,2Vehicles-Side,5,Wednesday,17,False,False
201800043553,NonLethal,Daylight,Yes,T-type,Normal,Other,5,Sunday,12,True,False
201800028178,NonLethal,TwilightOrDawn,Yes,NoIntersection,Normal,3+Vehicles-Chain,11,Monday,8,False,False
201800025489,NonLethal,Daylight,Yes,NoIntersection,Normal,Other,9,Monday,10,False,False
201800010134,NonLethal,NightStreelightsOn,Yes,NoIntersection,Normal,Other,1,Friday,18,False,False
201800019193,NonLethal,NightNoStreetLight,No,NoIntersection,LightRain,Other,11,Friday,5,False,True
201800011358,NonLethal,Daylight,No,X-type,FogOrSmoke,3+Vehicles-Multiple,9,Tuesday,9,False,False
201800023564,NonLethal,Daylight,No,NoIntersection,Normal,NoCollision,9,Sunday,17,True,False
201800011809,NonLethal,TwilightOrDawn,No,NoIntersection,Normal,2Vehicles-BehindVehicles-Frontal,3,Tuesday,18,False,False
201800045523,NonLethal,NightNoStreetLight,No,NoIntersection,HeavyRain,Other,2,Monday,5,False,True
201800037505,NonLethal,Daylight,Yes,X-type,Normal,2Vehicles-Side,10,Saturday,17,True,False
201800022031,NonLethal,Daylight,Yes,NoIntersection,Normal,Other,5,Tuesday,16,False,False
201800008970,NonLethal,Daylight,Yes,NoIntersection,Normal,2Vehicles-Side,9,Wednesday,17,False,False
201800022488,NonLethal,TwilightOrDawn,Yes,Other,Normal,Other,5,Wednesday,19,False,False
201800008394,NonLethal,Daylight,Yes,Y-type,Normal,2Vehicles-Side,1,Wednesday,14,False,False
201800054678,NonLethal,NightStreelightsOn,Yes,NoIntersection,Normal,Other,9,Monday,0,False,True
201800043945,NonLethal,Daylight,No,Other,Normal,NoCollision,4,Sunday,12,True,False
201800007506,NonLethal,NightStreelightsOn,Yes,NoIntersection,LightRain,2Vehicles-Side,1,Wednesday,16,False,False
201800024235,NonLethal,NightStreelightsOn,Yes,NoIntersection,HeavyRain,2Vehicles-Behind,8,Wednesday,18,False,False
201800012241,NonLethal,NightNoStreetLight,No,NoIntersection,Normal,2Vehicles-Behind,6,Saturday,1,True,True
201800047175,NonLethal,Daylight,No,NoIntersection,Normal,2Vehicles-Side,2,Thursday,12,False,False
201800029364,NonLethal,Daylight,Yes,X-type,Normal,2Vehicles-BehindVehicles-Frontal,4,Monday,19,False,False
201800013633,NonLethal,Daylight,Yes,X-type,Normal,2Vehicles-Behind,8,Saturday,18,True,False
201800045442,NonLethal,Daylight,No,NoIntersection,LightRain,Other,11,Sunday,13,True,False
201800028859,NonLethal,TwilightOrDawn,No,NoIntersection,LightRain,Other,11,Saturday,8,True,False
201800002568,NonLethal,Daylight,Yes,NoIntersection,Normal,2Vehicles-Behind,6,Sunday,16,True,False
201800016912,NonLethal,Daylight,No,NoIntersection,Normal,2Vehicles-Side,3,Tuesday,17,False,False
201800002745,NonLethal,NightStreelightsOn,Yes,NoIntersection,Normal,NoCollision,10,Sunday,22,True,False
201800008182,NonLethal,Daylight,Yes,T-type,Normal,2Vehicles-Behind,8,Wednesday,18,False,False
201800040939,NonLethal,Daylight,Yes,NoIntersection,Normal,2Vehicles-BehindVehicles-Frontal,9,Friday,19,False,False
201800051106,NonLethal,Daylight,Yes,NoIntersection,Normal,Other,6,Friday,16,False,False
201800045258,NonLethal,Daylight,No,NoIntersection,Normal,3+Vehicles-Chain,1,Wednesday,9,False,False
201800027639,NonLethal,Daylight,No,Roundabout,Normal,Other,6,Wednesday,8,False,False
201800039084,NonLethal,Daylight,Yes,NoIntersection,Normal,Other,8,Friday,9,False,False
201800028571,NonLethal,Daylight,Yes,NoIntersection,Normal,Other,10,Saturday,17,True,False
201800046662,NonLethal,Daylight,No,NoIntersection,Normal,3+Vehicles-Chain,6,Saturday,19,True,False
201800046866,NonLethal,Daylight,No,NoIntersection,Normal,2Vehicles-Behind,9,Friday,16,False,False
201800040788,NonLethal,NightStreelightsOn,Yes,Other,Normal,Other,11,Sunday,17,True,False
201800001795,NonLethal,Daylight,No,NoIntersection,LightRain,Other,1,Tuesday,15,False,False
201800000291,NonLethal,NightStreelightsOn,Yes,NoIntersection,Overcast,Other,1,Sunday,18,True,False
201800021846,NonLethal,Daylight,No,X-type,Normal,2Vehicles-Side,4,Friday,11,False,False
201800015436,Lethal,Daylight,Yes,NoIntersection,Normal,Other,2,Wednesday,12,False,False
201800026095,NonLethal,TwilightOrDawn,Yes,X-type,Normal,2Vehicles-Side,3,Sunday,8,True,False
201800001803,NonLethal,Daylight,No,X-type,Normal,2Vehicles-BehindVehicles-Frontal,9,Tuesday,9,False,False
201800038780,NonLethal,Daylight,Yes,NoIntersection,Normal,2Vehicles-Behind,10,Saturday,18,True,False
201800045927,NonLethal,Daylight,No,NoIntersection,Normal,3+Vehicles-Chain,6,Saturday,9,True,False
201800002728,NonLethal,Daylight,Yes,T-type,Normal,2Vehicles-Side,5,Tuesday,14,False,False
201800049896,NonLethal,Daylight,No,NoIntersection,Normal,2Vehicles-Behind,6,Tuesday,13,False,False
201800043414,NonLethal,Daylight,Yes,Y-type,VeryGood,2Vehicles-Side,2,Monday,9,False,False
201800039198,NonLethal,Daylight,Yes,NoIntersection,Normal,Other,7,Tuesday,9,False,False
201800034037,NonLethal,Daylight,Yes,X-type,Normal,2Vehicles-Behind,8,Saturday,11,True,False
201800025952,NonLethal,Daylight,Yes,NoIntersection,Normal,NoCollision,11,Friday,16,False,False
201800035902,NonLethal,Daylight,Yes,NoIntersection,Normal,2Vehicles-Side,6,Monday,9,False,False
201800042934,NonLethal,TwilightOrDawn,Yes,NoIntersection,LightRain,Other,11,Wednesday,7,False,False
201800012975,NonLethal,Daylight,Yes,NoIntersection,Normal,Other,4,Sunday,18,True,False
201800045210,NonLethal,Daylight,No,NoIntersection,Normal,3+Vehicles-Multiple,9,Wednesday,14,False,False
201800015500,NonLethal,Daylight,No,NoIntersection,Normal,Other,1,Thursday,8,False,False
201800014061,NonLethal,Daylight,No,NoIntersection,Normal,2Vehicles-Behind,8,Wednesday,19,False,False
201800057680,NonLethal,Daylight,Yes,NoIntersection,Normal,2Vehicles-BehindVehicles-Frontal,7,Friday,14,False,False
201800017928,NonLethal,Daylight,No,X-type,LightRain,3+Vehicles-Chain,5,Thursday,9,False,False
201800004629,NonLethal,Daylight,No,NoIntersection,Normal,NoCollision,5,Thursday,15,False,False
201800000479,NonLethal,Daylight,Yes,Roundabout,VeryGood,Other,6,Friday,15,False,False
201800034670,NonLethal,NightNoStreetLight,No,NoIntersection,Other,2Vehicles-BehindVehicles-Frontal,2,Monday,1,False,True
201800040725,NonLethal,NightStreelightsOn,Yes,NoIntersection,Normal,2Vehicles-Side,11,Thursday,20,False,False
201800014471,NonLethal,Daylight,No,NoIntersection,VeryGood,NoCollision,9,Wednesday,16,False,False
201800044802,NonLethal,NightNoStreetLight,No,NoIntersection,Normal,Other,4,Sunday,2,True,True
201800024929,NonLethal,Daylight,Yes,NoIntersection,Normal,Other,9,Wednesday,14,False,False
201800006682,NonLethal,Daylight,No,Roundabout,Normal,3+Vehicles-Chain,11,Sunday,8,True,False
201800026444,NonLethal,NightStreelightsOn,Yes,NoIntersection,Normal,2Vehicles-BehindVehicles-Frontal,10,Friday,21,False,False
201800005242,NonLethal,Daylight,Yes,NoIntersection,LightRain,2Vehicles-Side,6,Wednesday,16,False,False
201800057383,NonLethal,Daylight,Yes,NoIntersection,Normal,2Vehicles-BehindVehicles-Frontal,7,Wednesday,16,False,False
201800021869,NonLethal,Daylight,Yes,X-type,VeryGood,2Vehicles-Side,1,Tuesday,9,False,False
201800013197,Lethal,NightNoStreetLight,No,NoIntersection,Normal,Other,8,Saturday,2,True,True
201800041346,NonLethal,Daylight,Yes,NoIntersection,Normal,2Vehicles-Behind,5,Monday,12,False,False
201800002109,NonLethal,NightStreelightsOn,Yes,T-type,Normal,Other,4,Monday,6,False,True
201800013409,NonLethal,Daylight,No,T-type,Normal,2Vehicles-Behind,8,Saturday,14,True,False
201800054084,NonLethal,Daylight,Yes,X-type,Normal,2Vehicles-Side,4,Saturday,17,True,False
201800013822,NonLethal,Daylight,Yes,NoIntersection,Normal,Other,9,Thursday,16,False,False
201800009053,NonLethal,Daylight,Yes,NoIntersection,Normal,2Vehicles-Behind,5,Thursday,12,False,False
201800012287,NonLethal,Daylight,No,NoIntersection,Normal,Other,2,Wednesday,8,False,False
201800021573,NonLethal,NightStreelightsOn,Yes,Roundabout,Normal,2Vehicles-Side,12,Tuesday,6,False,True
201800004697,Lethal,Daylight,No,NoIntersection,Normal,2Vehicles-BehindVehicles-Frontal,4,Thursday,12,False,False
201800044535,NonLethal,NightNoStreetLight,No,NoIntersection,Overcast,3+Vehicles-Multiple,1,Monday,18,False,False
201800024425,NonLethal,Daylight,Yes,NoIntersection,Normal,Other,9,Monday,12,False,False
201800019034,NonLethal,Daylight,No,Y-type,VeryGood,2Vehicles-Side,7,Tuesday,18,False,False
201800027697,NonLethal,Daylight,Yes,X-type,Normal,2Vehicles-Side,4,Tuesday,9,False,False
201800014766,NonLethal,Daylight,No,NoIntersection,HeavyRain,2Vehicles-BehindVehicles-Frontal,10,Tuesday,16,False,False
201800019039,Lethal,Daylight,No,NoIntersection,Overcast,3+Vehicles-Multiple,4,Thursday,8,False,False
201800055847,NonLethal,Daylight,No,NoIntersection,Normal,Other,6,Sunday,17,True,False
201800025513,NonLethal,Daylight,Yes,NoIntersection,Normal,NoCollision,9,Thursday,16,False,False
201800017434,NonLethal,Daylight,No,T-type,VeryGood,2Vehicles-Side,2,Tuesday,15,False,False
201800031089,NonLethal,Daylight,No,NoIntersection,Normal,Other,12,Saturday,16,True,False
201800029153,NonLethal,Daylight,No,X-type,Normal,2Vehicles-Side,5,Saturday,14,True,False
201800024574,NonLethal,TwilightOrDawn,Yes,X-type,LightRain,Other,9,Saturday,17,True,False
201800034544,NonLethal,Daylight,No,NoIntersection,Overcast,2Vehicles-Behind,8,Saturday,15,True,False
201800029324,NonLethal,Daylight,No,NoIntersection,Normal,2Vehicles-Side,2,Friday,14,False,False
201800052022,NonLethal,Daylight,Yes,NoIntersection,Normal,2Vehicles-Side,5,Friday,8,False,False
201800014502,NonLethal,NightStreelightsOn,Yes,Other,Normal,2Vehicles-Behind,11,Thursday,18,False,False
201800052245,NonLethal,Daylight,Yes,Square,LightRain,2Vehicles-Side,11,Sunday,12,True,False
201800055875,NonLethal,Daylight,Yes,NoIntersection,Normal,2Vehicles-Behind,12,Sunday,7,True,False
201800044786,NonLethal,Daylight,No,NoIntersection,Normal,3+Vehicles-Chain,4,Thursday,13,False,False
201800018569,NonLethal,Daylight,No,NoIntersection,LightRain,NoCollision,10,Friday,15,False,False
201800040612,NonLethal,Daylight,Yes,NoIntersection,Normal,Other,7,Sunday,15,True,False
201800032565,NonLethal,NightStreelightsOn,Yes,X-type,Normal,2Vehicles-Side,9,Thursday,1,False,True
201800016403,NonLethal,TwilightOrDawn,No,NoIntersection,Normal,NoCollision,3,Saturday,6,True,True
201800055975,NonLethal,Daylight,No,NoIntersection,Normal,NoCollision,4,Thursday,17,False,False
201800042911,NonLethal,TwilightOrDawn,Yes,NoIntersection,Normal,2Vehicles-Behind,9,Tuesday,19,False,False
201800031760,NonLethal,NightStreelightsOn,Yes,T-type,Normal,2Vehicles-Side,6,Friday,3,False,True
201800016683,NonLethal,Daylight,Yes,NoIntersection,Overcast,NoCollision,1,Wednesday,10,False,False
201800004900,Lethal,Daylight,No,X-type,VeryGood,2Vehicles-Side,7,Saturday,18,True,False
201800049073,NonLethal,NightNoStreetLight,No,NoIntersection,HeavyRain,Other,11,Thursday,20,False,False
201800014885,NonLethal,TwilightOrDawn,No,NoIntersection,SnowOrHail,2Vehicles-Behind,5,Wednesday,7,False,False
201800030960,NonLethal,Daylight,Yes,NoIntersection,LightRain,2Vehicles-Behind,12,Thursday,13,False,False
201800027856,NonLethal,Daylight,Yes,NoIntersection,Normal,Other,12,Wednesday,11,False,False
201800008615,NonLethal,TwilightOrDawn,Yes,NoIntersection,Normal,2Vehicles-Side,2,Wednesday,17,False,False
201800054727,NonLethal,Daylight,Yes,NoIntersection,Normal,Other,5,Sunday,17,True,False
201800005452,NonLethal,Daylight,Yes,Other,Normal,Other,6,Saturday,10,True,False
201800017747,NonLethal,Daylight,No,NoIntersection,Normal,Other,10,Friday,13,False,False
201800016726,NonLethal,Daylight,No,NoIntersection,Normal,2Vehicles-Side,6,Friday,8,False,False
201800042245,NonLethal,NightStreelightsOn,Yes,NoIntersection,LightRain,NoCollision,3,Wednesday,2,False,True
201800040181,NonLethal,Daylight,Yes,NoIntersection,Normal,2Vehicles-BehindVehicles-Frontal,4,Thursday,16,False,False
201800002506,Lethal,Daylight,Yes,T-type,Normal,Other,12,Saturday,11,True,False
201800030956,NonLethal,Daylight,Yes,T-type,Normal,2Vehicles-Side,12,Friday,13,False,False
201800005110,NonLethal,Daylight,Yes,T-type,Normal,2Vehicles-Side,2,Thursday,17,False,False
201800005403,NonLethal,Daylight,Yes,Y-type,Overcast,2Vehicles-BehindVehicles-Frontal,6,Thursday,16,False,False
201800021722,NonLethal,NightNoStreetLight,No,NoIntersection,SnowOrHail,NoCollision,2,Saturday,19,True,False
201800017020,Lethal,Daylight,No,NoIntersection,Normal,Other,11,Sunday,12,True,False
201800012146,Lethal,Daylight,No,NoIntersection,Normal,Other,3,Thursday,17,False,False
201800056224,Lethal,TwilightOrDawn,Yes,NoIntersection,Normal,Other,10,Friday,5,False,True
201800046416,NonLethal,Daylight,No,NoIntersection,LightRain,Other,2,Thursday,11,False,False
201800026427,NonLethal,Daylight,Yes,NoIntersection,Normal,2Vehicles-Side,9,Monday,12,False,False
201800001104,NonLethal,Daylight,Yes,T-type,Normal,Other,8,Friday,11,False,False
201800018572,NonLethal,Daylight,No,NoIntersection,Normal,Other,9,Tuesday,16,False,False
201800025636,NonLethal,NightNoStreetLight,Yes,NoIntersection,Normal,2Vehicles-BehindVehicles-Frontal,12,Tuesday,7,False,False
201800000857,NonLethal,Daylight,No,T-type,Normal,Other,6,Thursday,12,False,False
201800054118,NonLethal,Daylight,Yes,Square,LightRain,2Vehicles-Side,6,Monday,8,False,False
201800033602,NonLethal,NightStreelightsOn,Yes,NoIntersection,HeavyRain,Other,12,Friday,18,False,False
201800027686,NonLethal,NightStreelightsOn,Yes,NoIntersection,HeavyRain,2Vehicles-BehindVehicles-Frontal,10,Tuesday,19,False,False
201800024550,NonLethal,Daylight,Yes,NoIntersection,Normal,2Vehicles-Side,12,Monday,15,False,False
201800039311,NonLethal,NightStreelightsOn,Yes,T-type,Normal,3+Vehicles-Multiple,10,Monday,4,False,True
201800031594,NonLethal,Daylight,No,T-type,Normal,2Vehicles-Side,7,Tuesday,19,False,False
201800002922,NonLethal,Daylight,No,NoIntersection,Normal,2Vehicles-BehindVehicles-Frontal,2,Wednesday,11,False,False
201800012758,NonLethal,Daylight,No,NoIntersection,Normal,NoCollision,9,Thursday,18,False,False
201800041218,NonLethal,Daylight,Yes,Y-type,LightRain,3+Vehicles-Multiple,4,Saturday,10,True,False
201800004372,NonLethal,Daylight,No,NoIntersection,Normal,Other,2,Saturday,9,True,False
201800047216,NonLethal,TwilightOrDawn,Yes,NoIntersection,Normal,Other,12,Thursday,18,False,False
201800053020,NonLethal,TwilightOrDawn,Yes,X-type,Normal,2Vehicles-Side,5,Sunday,20,True,False
201800018950,NonLethal,NightNoStreetLight,Yes,NoIntersection,Normal,Other,6,Tuesday,22,False,False
201800006771,NonLethal,NightStreelightsOn,No,NoIntersection,Normal,Other,4,Friday,3,False,True
201800046091,NonLethal,Daylight,No,NoIntersection,Normal,2Vehicles-Behind,9,Monday,9,False,False
201800008572,NonLethal,Daylight,Yes,NoIntersection,Normal,3+Vehicles-Chain,2,Wednesday,17,False,False