AccidentId,Gravity,Light,InAgglomeration,IntersectionType,Weather,CollisionType,Month,DayOfWeek,HourOfDay,IsWeekend,IsNight
201800005761,NonLethal,Daylight,Yes,NoIntersection,Normal,Other,8,Saturday,18,True,False
201800019117,NonLethal,NightNoStreetLight,No,NoIntersection,FogOrSmoke,NoCollision,12,Friday,5,False,True
201800050546,NonLethal,Daylight,Yes,X-type,Normal,Other,4,Thursday,19,False,False
201800053765,NonLethal,Daylight,Yes,X-type,VeryGood,2Vehicles-Behind,4,Friday,13,False,False
201800036694,NonLethal,NightStreelightsOn,Yes,NoIntersection,Normal,2Vehicles-Behind,1,Friday,19,False,False
201800020560,NonLethal,TwilightOrDawn,Yes,NoIntersection,Normal,Other,1,Wednesday,18,False,False
201800038436,NonLethal,Daylight,Yes,NoIntersection,Normal,2Vehicles-BehindVehicles-Frontal,7,Thursday,17,False,False
201800024137,NonLethal,Daylight,No,T-type,Normal,2Vehicles-Side,8,Tuesday,16,False,False
201800037408,NonLethal,Daylight,Yes,NoIntersection,Normal,2Vehicles-Side,2,Saturday,15,True,False
201800050352,NonLethal,TwilightOrDawn,Yes,X-type,Normal,2Vehicles-Side,1,Friday,17,False,False
201800007197,NonLethal,NightNoStreetLight,No,NoIntersection,Normal,2Vehicles-Side,10,Tuesday,23,False,False
201800000421,NonLethal,TwilightOrDawn,No,T-type,Normal,NoCollision,11,Thursday,21,False,False
201800012030,Lethal,NightNoStreetLight,No,NoIntersection,Normal,Other,8,Tuesday,4,False,True
201800041838,NonLethal,Daylight,Yes,X-type,Normal,2Vehicles-Side,1,Thursday,19,False,False
201800014775,NonLethal,Daylight,No,NoIntersection,Normal,Other,7,Saturday,20,True,False
201800024948,NonLethal,Daylight,Yes,X-type,Normal,Other,9,Friday,11,False,False
201800011528,NonLethal,NightStreelightsOn,Yes,X-type,Overcast,2Vehicles-Side,3,Friday,20,False,False
201800041986,NonLethal,NightStreelightsOn,Yes,X-type,HeavyRain,Other,4,Sunday,22,True,False
201800003313,NonLethal,Daylight,Yes,X-type,Normal,2Vehicles-Side,1,Saturday,16,True,False
201800052528,NonLethal,NightStreelightsOn,Yes,Y-type,Normal,2Vehicles-Side,9,Saturday,19,True,False
201800002842,NonLethal,NightNoStreetLight,No,NoIntersection,Normal,NoCollision,11,Tuesday,20,False,False
201800048574,NonLethal,Daylight,Yes,T-type,Normal,2Vehicles-Side,10,Wednesday,17,False,False
201800046022,NonLethal,NightNoStreetLight,No,NoIntersection,Normal,2Vehicles-Behind,1,Monday,23,False,False
201800036414,NonLethal,Daylight,Yes,NoIntersection,LightRain,Other,3,Wednesday,8,False,False
201800036174,NonLethal,Daylight,Yes,X-type,Normal,2Vehicles-Side,7,Monday,14,False,False
201800039066,NonLethal,Daylight,Yes,NoIntersection,SnowOrHail,2Vehicles-Side,3,Sunday,11,True,False
201800017015,NonLethal,Daylight,No,NoIntersection,Normal,Other,10,Wednesday,12,False,False
201800012796,NonLethal,Daylight,No,NoIntersection,Normal,Other,4,Thursday,10,False,False
201800057781,NonLethal,NightStreelightsOn,Yes,NoIntersection,Normal,Other,12,Saturday,21,True,False
201800040427,NonLethal,Daylight,Yes,NoIntersection,Normal,2Vehicles-BehindVehicles-Frontal,7,Sunday,19,True,False
201800010958,NonLethal,TwilightOrDawn,No,NoIntersection,LightRain,NoCollision,4,Saturday,7,True,False
201800011259,NonLethal,TwilightOrDawn,No,NoIntersection,Normal,2Vehicles-BehindVehicles-Frontal,10,Tuesday,17,False,False
201800055194,NonLethal,Daylight,Yes,X-type,Overcast,Other,11,Friday,14,False,False
201800044751,NonLethal,Daylight,No,Other,Normal,Other,4,Monday,11,False,False
201800042613,NonLethal,TwilightOrDawn,Yes,X-type,LightRain,NoCollision,11,Friday,8,False,False
201800012279,NonLethal,Daylight,No,NoIntersection,Normal,3+Vehicles-Chain,6,Tuesday,10,False,False
201800010729,Lethal,Daylight,No,NoIntersection,Normal,2Vehicles-BehindVehicles-Frontal,5,Saturday,8,True,False
201800031678,NonLethal,NightNoStreetLight,No,NoIntersection,Normal,2Vehicles-BehindVehicles-Frontal,3,Friday,18,False,False
201800006458,NonLethal,Daylight,No,Other,Normal,3+Vehicles-Chain,1,Wednesday,9,False,False
201800037303,NonLethal,Daylight,Yes,X-type,Normal,Other,9,Saturday,12,True,False
201800042541,NonLethal,Daylight,Yes,X-type,Normal,2Vehicles-Side,3,Wednesday,7,False,False
201800016358,NonLethal,NightStreelightsOn,Yes,NoIntersection,LightRain,Other,12,Sunday,3,True,True
201800005037,NonLethal,Daylight,No,NoIntersection,Normal,Other,7,Friday,13,False,False
201800050213,NonLethal,Daylight,Yes,X-type,LightRain,Other,1,Saturday,13,True,False
201800043471,NonLethal,Daylight,Yes,NoIntersection,SnowOrHail,Other,1,Wednesday,9,False,False
201800003735,NonLethal,Daylight,No,NoIntersection,Normal,Other,5,Saturday,13,True,False
201800016870,NonLethal,Daylight,No,NoIntersection,Normal,Other,7,Monday,17,False,False
201800024579,NonLethal,Daylight,Yes,NoIntersection,Normal,2Vehicles-BehindVehicles-Frontal,6,Thursday,9,False,False
201800051140,NonLethal,Daylight,Yes,X-type,Normal,2Vehicles-Behind,7,Saturday,17,True,False
201800040917,NonLethal,Daylight,Yes,NoIntersection,Normal,Other,7,Thursday,16,False,False
201800045039,NonLethal,Daylight,No,NoIntersection,Normal,2Vehicles-Behind,3,Wednesday,9,False,False
201800031639,NonLethal,NightStreelightsOn,Yes,NoIntersection,LightRain,2Vehicles-BehindVehicles-Frontal,1,Friday,18,False,False
201800006621,NonLethal,Daylight,No,Other,Normal,3+Vehicles-Multiple,8,Friday,8,False,False
201800024801,NonLethal,Daylight,Yes,T-type,Normal,2Vehicles-Side,6,Friday,14,False,False
201800044169,NonLethal,Daylight,No,NoIntersection,Normal,3+Vehicles-Chain,8,Friday,16,False,False
201800022187,NonLethal,Daylight,No,NoIntersection,Overcast,Other,9,Monday,17,False,False
201800055408,NonLethal,Daylight,Yes,NoIntersection,Normal,2Vehicles-Side,5,Friday,12,False,False
201800053159,NonLethal,Daylight,Yes,NoIntersection,Normal,Other,10,Wednesday,15,False,False
201800056240,NonLethal,Daylight,Yes,NoIntersection,Normal,Other,1,Thursday,6,False,True
201800046342,NonLethal,NightNoStreetLight,No,NoIntersection,LightRain,Other,1,Tuesday,18,False,False
201800017017,NonLethal,Daylight,Yes,NoIntersection,Normal,Other,4,Monday,14,False,False
201800027601,NonLethal,Daylight,Yes,NoIntersection,Normal,2Vehicles-Side,12,Friday,13,False,False
201800055272,NonLethal,NightStreelightsOn,Yes,Y-type,Normal,NoCollision,2,Monday,2,False,True
201800041333,NonLethal,NightStreelightsOn,Yes,NoIntersection,HeavyRain,2Vehicles-Side,1,Wednesday,21,False,False
201800056631,NonLethal,NightStreelightsOn,Yes,NoIntersection,Normal,3+Vehicles-Multiple,6,Friday,20,False,False
201800025876,NonLethal,Daylight,No,NoIntersection,Overcast,NoCollision,2,Monday,16,False,False
201800015711,Lethal,Daylight,No,T-type,VeryGood,2Vehicles-BehindVehicles-Frontal,6,Tuesday,8,False,False
201800025627,NonLethal,NightStreelightsOn,Yes,T-type,Overcast,2Vehicles-Side,4,Thursday,17,False,False
201800015567,NonLethal,Daylight,Yes,NoIntersection,Normal,Other,4,Tuesday,11,False,False
201800032500,NonLethal,Daylight,No,NoIntersection,Normal,2Vehicles-Side,8,Tuesday,10,False,False
201800019900,NonLethal,NightNoStreetLight,No,NoIntersection,Normal,Other,7,Sunday,22,True,False
201800038732,NonLethal,NightStreelightsOn,Yes,X-type,HeavyRain,2Vehicles-Side,11,Friday,22,False,False
201800004795,NonLethal,NightNoStreetLight,No,X-type,Normal,2Vehicles-Side,3,Tuesday,21,False,False
201800022752,NonLethal,Daylight,Yes,NoIntersection,Normal,2Vehicles-BehindVehicles-Frontal,9,Friday,18,False,False
201800051279,NonLethal,Daylight,Yes,Square,Normal,2Vehicles-Side,5,Saturday,9,True,False
201800003424,NonLethal,NightNoStreetLight,No,NoIntersection,Normal,2Vehicles-Behind,8,Thursday,20,False,False
201800033576,NonLethal,TwilightOrDawn,Yes,NoIntersection,Normal,2Vehicles-Behind,11,Friday,18,False,False
201800005033,NonLethal,NightNoStreetLight,No,T-type,Normal,NoCollision,10,Sunday,0,True,True
201800017635,NonLethal,Daylight,Yes,NoIntersection,Normal,NoCollision,6,Sunday,16,True,False
201800032940,Lethal,Daylight,No,T-type,Normal,NoCollision,9,Wednesday,11,False,False
201800031749,NonLethal,Daylight,Yes,NoIntersection,Normal,2Vehicles-Side,5,Friday,8,False,False
201800041952,NonLethal,Daylight,Yes,NoIntersection,Overcast,Other,2,Thursday,17,False,False
201800031101,NonLethal,Daylight,Yes,NoIntersection,Normal,Other,8,Wednesday,16,False,False
201800001286,Lethal,Daylight,No,X-type,Normal,2Vehicles-Side,2,Thursday,9,False,False
201800022310,NonLethal,Daylight,Yes,NoIntersection,Normal,2Vehicles-Side,3,Friday,15,False,False
201800034443,NonLethal,Daylight,Yes,T-type,Normal,2Vehicles-Side,6,Wednesday,11,False,False
201800018116,NonLethal,Daylight,No,NoIntersection,VeryGood,2Vehicles-BehindVehicles-Frontal,4,Friday,17,False,False
201800025433,NonLethal,Daylight,Yes,NoIntersection,Normal,NoCollision,7,Tuesday,6,False,True
201800004289,NonLethal,Daylight,No,NoIntersection,Normal,2Vehicles-BehindVehicles-Frontal,6,Saturday,19,True,False
201800027707,NonLethal,NightStreelightsOn,Yes,T-type,Normal,NoCollision,3,Sunday,0,True,True
201800006702,NonLethal,Daylight,No,Other,Normal,Other,3,Wednesday,7,False,False
201800047041,NonLethal,Daylight,No,NoIntersection,Normal,2Vehicles-Behind,11,Wednesday,8,False,False
201800043077,NonLethal,Daylight,Yes,NoIntersection,Normal,2Vehicles-Behind,10,Wednesday,12,False,False
201800020591,NonLethal,Daylight,Yes,NoIntersection,Normal,2Vehicles-Side,12,Wednesday,12,False,False
201800047242,NonLethal,Daylight,Yes,Other,Normal,2Vehicles-BehindVehicles-Frontal,7,Tuesday,18,False,False
201800020076,Lethal,Daylight,No,X-type,LightRain,2Vehicles-Side,4,Sunday,10,True,False
201800038556,NonLethal,Daylight,Yes,NoIntersection,Normal,2Vehicles-Side,6,Monday,9,False,False
201800030246,NonLethal,Daylight,Yes,NoIntersection,VeryGood,Other,9,Wednesday,16,False,False
201800041438,NonLethal,Daylight,Yes,NoIntersection,Normal,Other,5,Saturday,18,True,False
201800045478,NonLethal,TwilightOrDawn,No,NoIntersection,SnowOrHail,2Vehicles-Behind,11,Tuesday,8,False,False
201800014539,NonLethal,Daylight,No,NoIntersection,SnowOrHail,3+Vehicles-Multiple,3,Saturday,13,True,False
201800042362,NonLethal,Daylight,Yes,NoIntersection,Normal,2Vehicles-Behind,9,Thursday,15,False,False
201800010270,NonLethal,Daylight,Yes,NoIntersection,Normal,2Vehicles-Side,6,Sunday,14,True,False
201800001046,NonLethal,Daylight,Yes,NoIntersection,Normal,2Vehicles-BehindVehicles-Frontal,6,Friday,14,False,False
201800050332,NonLethal,Daylight,Yes,X-type,LightRain,NoCollision,10,Monday,10,False,False
201800020456,NonLethal,Daylight,Yes,X-type,Overcast,2Vehicles-Side,2,Friday,17,False,False
201800022932,NonLethal,Daylight,Yes,NoIntersection,HeavyRain,Other,2,Tuesday,15,False,False
201800046993,NonLethal,NightNoStreetLight,No,NoIntersection,Normal,2Vehicles-Behind,10,Thursday,19,False,False
201800021067,NonLethal,Daylight,Yes,X-type,Overcast,2Vehicles-Side,1,Wednesday,13,False,False
201800042177,NonLethal,Daylight,Yes,NoIntersection,Normal,2Vehicles-Behind,5,Monday,14,False,False
201800010095,NonLethal,Daylight,Yes,NoIntersection,LightRain,2Vehicles-Side,11,Wednesday,14,False,False
201800043950,NonLethal,Daylight,No,NoIntersection,Normal,2Vehicles-Side,4,Wednesday,11,False,False
201800053608,NonLethal,Daylight,Yes,NoIntersection,Normal,2Vehicles-Side,11,Wednesday,13,False,False
201800028115,NonLethal,Daylight,No,NoIntersection,Normal,2Vehicles-Behind,9,Monday,17,False,False
201800021732,NonLethal,NightNoStreetLight,No,NoIntersection,LightRain,NoCollision,10,Monday,19,False,False
201800022539,NonLethal,Daylight,Yes,T-type,Overcast,2Vehicles-Side,2,Thursday,13,False,False
201800001278,Lethal,Daylight,No,X-type,Normal,2Vehicles-Side,6,Friday,14,False,False
201800036065,NonLethal,Daylight,Yes,Other,Normal,Other,5,Wednesday,17,False,False
201800014957,NonLethal,NightStreelightsOn,Yes,NoIntersection,Normal,Other,6,Monday,1,False,True
201800055089,NonLethal,Daylight,Yes,X-type,LightRain,2Vehicles-Side,9,Saturday,14,True,False
201800047412,NonLethal,Daylight,Yes,NoIntersection,LightRain,2Vehicles-Side,12,Monday,8,False,False
201800008281,NonLethal,Daylight,Yes,NoIntersection,Normal,2Vehicles-Side,2,Thursday,15,False,False
201800014950,NonLethal,Daylight,Yes,NoIntersection,Normal,2Vehicles-BehindVehicles-Frontal,7,Friday,19,False,False
201800037413,NonLethal,Daylight,Yes,T-type,Normal,2Vehicles-Side,2,Tuesday,10,False,False
201800015255,NonLethal,Daylight,No,NoIntersection,Normal,NoCollision,10,Saturday,18,True,False
201800017496,NonLethal,Daylight,Yes,NoIntersection,Normal,2Vehicles-Side,1,Sunday,9,True,False
201800000622,NonLethal,Daylight,No,X-type,Normal,2Vehicles-BehindVehicles-Frontal,8,Tuesday,14,False,False
201800039193,NonLethal,Daylight,Yes,NoIntersection,Normal,2Vehicles-Side,6,Thursday,19,False,False
201800051874,NonLethal,NightStreelightsOn,Yes,X-type,LightRain,Other,11,Monday,17,False,False
201800048036,NonLethal,Daylight,Yes,T-type,LightRain,Other,1,Friday,9,False,False
201800034440,NonLethal,Daylight,Yes,T-type,LightRain,2Vehicles-Side,4,Monday,14,False,False
201800054089,NonLethal,Daylight,Yes,NoIntersection,Normal,Other,7,Thursday,9,False,False
201800031919,NonLethal,Daylight,Yes,NoIntersection,Normal,Other,9,Tuesday,12,False,False
201800039845,NonLethal,NightStreelightsOn,Yes,NoIntersection,Normal,2Vehicles-Behind,10,Monday,18,False,False
201800020526,NonLethal,Daylight,No,X-type,Normal,2Vehicles-Side,3,Wednesday,10,False,False
201800012689,NonLethal,Daylight,Yes,NoIntersection,Normal,2Vehicles-Side,5,Thursday,16,False,False
201800016935,NonLethal,Daylight,No,Roundabout,Normal,Other,10,Sunday,11,True,False
201800030284,NonLethal,NightNoStreetLight,No,Other,Overcast,Other,12,Sunday,2,True,True
201800050882,NonLethal,Daylight,Yes,X-type,Normal,2Vehicles-Side,5,Friday,14,False,False
201800053323,NonLethal,NightStreelightsOn,Yes,T-type,Normal,Other,7,Wednesday,20,False,False
201800057773,NonLethal,NightStreelightsOn,Yes,NoIntersection,Normal,Other,11,Tuesday,18,False,False
201800004377,NonLethal,Daylight,Yes,NoIntersection,Normal,2Vehicles-Behind,4,Saturday,12,True,False
201800047821,NonLethal,NightStreelightsOn,Yes,X-type,Normal,NoCollision,11,Thursday,1,False,True
201800020754,NonLethal,Daylight,No,NoIntersection,VeryGood,2Vehicles-Behind,7,Wednesday,17,False,False
201800055103,Lethal,NightStreelightsOn,Yes,X-type,Normal,2Vehicles-Side,8,Monday,22,False,False
201800011160,NonLethal,Daylight,Yes,NoIntersection,Normal,2Vehicles-BehindVehicles-Frontal,2,Wednesday,10,False,False
201800017410,NonLethal,Daylight,No,NoIntersection,Normal,2Vehicles-BehindVehicles-Frontal,3,Saturday,10,True,False
201800031041,NonLethal,NightStreelightsOn,Yes,NoIntersection,Normal,2Vehicles-BehindVehicles-Frontal,11,Thursday,0,False,True
201800026298,NonLethal,Daylight,Yes,NoIntersection,Normal,Other,2,Friday,11,False,False
201800011635,NonLethal,Daylight,No,X-type,Normal,2Vehicles-Side,7,Wednesday,11,False,False
201800029625,NonLethal,NightStreelightsOn,Yes,X-type,LightRain,2Vehicles-Side,10,Thursday,4,False,True
201800034916,NonLethal,Daylight,Yes,X-type,Normal,2Vehicles-Side,12,Sunday,17,True,False
201800040044,NonLethal,Daylight,Yes,NoIntersection,Other,Other,11,Tuesday,9,False,False
201800040634,NonLethal,Daylight,Yes,Other,HeavyRain,2Vehicles-Behind,12,Monday,13,False,False
201800056856,NonLethal,Daylight,No,T-type,Normal,2Vehicles-Side,3,Friday,20,False,False
201800027638,NonLethal,Daylight,Yes,NoIntersection,Normal,2Vehicles-Behind,5,Wednesday,15,False,False
201800057421,NonLethal,Daylight,Yes,Y-type,Normal,2Vehicles-Side,3,Wednesday,11,False,False
201800013555,NonLethal,Daylight,No,X-type,Normal,2Vehicles-Side,8,Tuesday,19,False,False
201800041629,NonLethal,NightStreelightsOn,Yes,NoIntersection,LightRain,Other,11,Sunday,17,True,False
201800006491,NonLethal,Daylight,No,NoIntersection,Normal,2Vehicles-Side,6,Thursday,8,False,False
201800017737,NonLethal,Daylight,Yes,Other,Normal,2Vehicles-BehindVehicles-Frontal,9,Friday,17,False,False
201800024715,NonLethal,Daylight,No,NoIntersection,Normal,2Vehicles-Behind,12,Tuesday,16,False,False
201800053953,NonLethal,TwilightOrDawn,Yes,X-type,LightRain,Other,11,Monday,7,False,False
201800005111,NonLethal,Daylight,Yes,NoIntersection,Normal,2Vehicles-Side,2,Friday,14,False,False
201800025671,NonLethal,Daylight,Yes,T-type,Normal,Other,2,Sunday,9,True,False
201800011207,NonLethal,Daylight,No,NoIntersection,VeryGood,2Vehicles-BehindVehicles-Frontal,7,Sunday,14,True,False
201800007913,NonLethal,Daylight,Yes,NoIntersection,Normal,2Vehicles-BehindVehicles-Frontal,7,Tuesday,16,False,False
201800002280,NonLethal,Daylight,Yes,NoIntersection,Normal,2Vehicles-Side,10,Thursday,12,False,False
201800042181,NonLethal,Daylight,Yes,NoIntersection,Overcast,Other,1,Saturday,16,True,False
201800025210,NonLethal,Daylight,Yes,NoIntersection,Normal,NoCollision,1,Wednesday,14,False,False
201800038493,NonLethal,Daylight,Yes,NoIntersection,Normal,2Vehicles-Side,11,Saturday,7,True,False
201800048906,NonLethal,Daylight,No,NoIntersection,Normal,3+Vehicles-Multiple,5,Saturday,15,True,False
201800009445,NonLethal,TwilightOrDawn,Yes,NoIntersection,Normal,2Vehicles-Side,7,Sunday,17,True,False
201800005866,NonLethal,NightStreelightsOn,Yes,NoIntersection,Normal,Other,12,Monday,22,False,False
201800023427,NonLethal,Daylight,No,T-type,Normal,2Vehicles-Side,5,Friday,13,False,False
201800038005,NonLethal,NightStreelightsOn,Yes,NoIntersection,Normal,Other,7,Monday,0,False,True
201800051070,NonLethal,TwilightOrDawn,Yes,X-type,Overcast,2Vehicles-Side,12,Wednesday,7,False,False
201800007389,NonLethal,Daylight,No,NoIntersection,Normal,3+Vehicles-Chain,8,Friday,12,False,False
201800050466,NonLethal,Daylight,Yes,T-type,Normal,2Vehicles-Behind,3,Wednesday,12,False,False
201800038881,NonLethal,NightStreelightsOn,Yes,NoIntersection,HeavyRain,Other,1,Saturday,6,True,True
201800056111,NonLethal,NightStreelightsOn,Yes,Roundabout,Normal,2Vehicles-BehindVehicles-Frontal,3,Saturday,0,True,True
201800022922,NonLethal,Daylight,Yes,NoIntersection,Overcast,Other,9,Sunday,15,True,False
201800021891,NonLethal,NightNoStreetLight,No,NoIntersection,Normal,2Vehicles-Behind,8,Monday,21,False,False
201800049959,NonLethal,Daylight,No,NoIntersection,VeryGood,2Vehicles-Side,7,Friday,14,False,False
201800023495,NonLethal,Daylight,Yes,X-type,Normal,2Vehicles-Side,9,Friday,15,False,False
201800028171,NonLethal,Daylight,Yes,X-type,LightRain,2Vehicles-Side,11,Wednesday,14,False,False
201800026334,NonLethal,NightStreelightsOn,Yes,Other,LightRain,NoCollision,4,Sunday,3,True,True
201800056197,NonLethal,Daylight,No,NoIntersection,HeavyRain,Other,11,Monday,11,False,False
201800029549,NonLethal,NightStreelightsOn,Yes,NoIntersection,Normal,2Vehicles-BehindVehicles-Frontal,7,Saturday,0,True,True
201800012143,NonLethal,TwilightOrDawn,No,NoIntersection,Overcast,2Vehicles-BehindVehicles-Frontal,4,Monday,7,False,False
201800026674,NonLethal,Daylight,Yes,NoIntersection,Normal,2Vehicles-Side,8,Monday,14,False,False
201800030574,NonLethal,Daylight,Yes,NoIntersection,Overcast,Other,5,Sunday,17,True,False
201800048849,NonLethal,Daylight,No,NoIntersection,LightRain,3+Vehicles-Chain,3,Thursday,7,False,False
201800056212,NonLethal,NightNoStreetLight,No,NoIntersection,Normal,Other,10,Sunday,22,True,False
201800056080,NonLethal,Daylight,Yes,NoIntersection,Normal,Other,7,Saturday,11,True,False
201800014571,NonLethal,TwilightOrDawn,No,NoIntersection,Overcast,Other,9,Saturday,7,True,False
201800032119,NonLethal,Daylight,Yes,NoIntersection,Normal,Other,7,Tuesday,16,False,False
201800029552,NonLethal,Daylight,Yes,NoIntersection,Normal,Other,6,Friday,17,False,False
201800047592,NonLethal,Daylight,Yes,NoIntersection,Normal,2Vehicles-Behind,4,Saturday,14,True,False
201800048383,NonLethal,NightStreelightsOn,Yes,X-type,LightRain,2Vehicles-Side,4,Saturday,21,True,False
201800025550,NonLethal,Daylight,No,NoIntersection,Normal,2Vehicles-Behind,10,Tuesday,13,False,False
201800031175,NonLethal,Daylight,Yes,NoIntersection,Normal,Other,12,Saturday,11,True,False
201800050432,NonLethal,Daylight,Yes,X-type,SnowOrHail,Other,3,Saturday,15,True,False
201800000955,NonLethal,Daylight,No,T-type,Normal,Other,11,Wednesday,17,False,False
201800017126,NonLethal,Daylight,Yes,NoIntersection,Normal,3+Vehicles-Multiple,7,Monday,17,False,False
201800020676,Lethal,Daylight,Yes,NoIntersection,VeryGood,Other,10,Tuesday,10,False,False
201800055537,NonLethal,Daylight,Yes,NoIntersection,Normal,2Vehicles-Side,7,Monday,8,False,False
201800017251,NonLethal,NightNoStreetLight,Yes,NoIntersection,Normal,Other,12,Thursday,20,False,False
201800003600,NonLethal,Daylight,Yes,T-type,Normal,Other,7,Wednesday,11,False,False
201800036204,NonLethal,Daylight,Yes,NoIntersection,Normal,Other,10,Wednesday,16,False,False
201800047257,Lethal,NightNoStreetLight,No,NoIntersection,Normal,NoCollision,8,Monday,22,False,False
201800031583,NonLethal,Daylight,No,NoIntersection,Normal,2Vehicles-Behind,9,Sunday,11,True,False
201800019980,Lethal,NightStreelightsOn,Yes,NoIntersection,Normal,Other,12,Monday,19,False,False
201800023074,NonLethal,Daylight,Yes,NoIntersection,Normal,3+Vehicles-Chain,5,Thursday,15,False,False
201800027974,NonLethal,Daylight,Yes,Roundabout,Normal,NoCollision,3,Sunday,11,True,False
201800005677,NonLethal,Daylight,Yes,Other,Normal,2Vehicles-Side,5,Friday,13,False,False
201800017936,Lethal,Daylight,No,X-type,Normal,2Vehicles-Side,7,Thursday,17,False,False
201800045241,NonLethal,NightStreelightsOn,No,NoIntersection,Normal,2Vehicles-Behind,9,Tuesday,1,False,True
201800008218,NonLethal,Daylight,No,NoIntersection,Normal,Other,5,Friday,20,False,False
201800035358,Lethal,NightNoStreetLight,Yes,NoIntersection,HeavyRain,Other,11,Thursday,3,False,True
201800055152,NonLethal,Daylight,Yes,NoIntersection,Normal,2Vehicles-Side,8,Friday,17,False,False
201800055316,NonLethal,Daylight,Yes,NoIntersection,Normal,Other,5,Friday,19,False,False
201800027368,NonLethal,Daylight,No,Roundabout,Normal,2Vehicles-Side,7,Tuesday,10,False,False
201800013461,NonLethal,Daylight,No,X-type,Normal,Other,5,Friday,18,False,False
201800006058,NonLethal,Daylight,No,NoIntersection,Normal,3+Vehicles-Chain,11,Tuesday,8,False,False
201800046273,NonLethal,Daylight,No,NoIntersection,Normal,NoCollision,6,Tuesday,8,False,False
201800014918,NonLethal,Daylight,No,NoIntersection,VeryGood,2Vehicles-Side,1,Saturday,10,True,False
201800025104,NonLethal,NightStreelightsOn,Yes,NoIntersection,Normal,Other,6,Monday,0,False,True
201800009527,NonLethal,Daylight,Yes,NoIntersection,Normal,2Vehicles-Side,8,Monday,17,False,False
201800003028,NonLethal,Daylight,No,NoIntersection,Normal,NoCollision,6,Saturday,12,True,False
201800019232,NonLethal,TwilightOrDawn,Yes,NoIntersection,Overcast,Other,11,Friday,17,False,False
201800008886,NonLethal,NightStreelightsOn,Yes,X-type,Normal,2Vehicles-Side,4,Friday,21,False,False
201800045710,NonLethal,NightNoStreetLight,No,NoIntersection,LightRain,Other,2,Wednesday,22,False,False
201800000435,NonLethal,Daylight,No,T-type,Normal,2Vehicles-BehindVehicles-Frontal,9,Monday,8,False,False
201800042586,NonLethal,Daylight,Yes,T-type,Normal,Other,10,Monday,9,False,False
201800031845,NonLethal,Daylight,Yes,NoIntersection,Normal,2Vehicles-Behind,7,Thursday,20,False,False
201800028806,NonLethal,Daylight,Yes,Roundabout,LightRain,2Vehicles-Side,9,Saturday,13,True,False
201800020274,NonLethal,NightNoStreetLight,No,NoIntersection,Normal,Other,9,Sunday,20,True,False
201800032885,NonLethal,Daylight,No,NoIntersection,Normal,2Vehicles-BehindVehicles-Frontal,5,Wednesday,14,False,False
201800046450,NonLethal,Daylight,No,NoIntersection,LightRain,NoCollision,3,Wednesday,8,False,False
201800049646,NonLethal,Daylight,No,NoIntersection,Normal,Other,1,Monday,16,False,False
201800011218,NonLethal,Daylight,No,NoIntersection,HeavyRain,Other,5,Wednesday,13,False,False
201800046438,NonLethal,Daylight,No,NoIntersection,Normal,2Vehicles-Side,2,Saturday,16,True,False
201800029396,NonLethal,NightStreelightsOn,Yes,NoIntersection,Normal,Other,12,Saturday,19,True,False
201800019798,NonLethal,TwilightOrDawn,Yes,X-type,Normal,2Vehicles-Side,11,Tuesday,17,False,False
201800037803,NonLethal,NightStreelightsOn,Yes,X-type,Normal,2Vehicles-BehindVehicles-Frontal,5,Monday,1,False,True
201800007242,NonLethal,Daylight,No,X-type,Normal,2Vehicles-Side,10,Tuesday,18,False,False
201800001582,NonLethal,TwilightOrDawn,Yes,Roundabout,LightRain,Other,1,Thursday,8,False,False
201800048408,NonLethal,Daylight,Yes,X-type,HeavyRain,Other,7,Saturday,18,True,False
201800048777,NonLethal,NightStreelightsOn,Yes,T-type,Other,2Vehicles-Side,12,Saturday,18,True,False
201800022610,NonLethal,Daylight,Yes,NoIntersection,Normal,Other,9,Thursday,19,False,False
201800016834,NonLethal,Daylight,No,NoIntersection,Normal,Other,2,Friday,9,False,False
201800032712,NonLethal,NightStreelightsOn,Yes,NoIntersection,Normal,Other,12,Thursday,7,False,False
201800051263,NonLethal,Daylight,Yes,X-type,Normal,2Vehicles-Side,11,Friday,8,False,False
201800006759,NonLethal,Daylight,No,NoIntersection,Normal,NoCollision,3,Friday,19,False,False
201800024488,NonLethal,Daylight,Yes,Roundabout,Normal,2Vehicles-Side,2,Sunday,9,True,False
201800029264,NonLethal,Daylight,No,NoIntersection,LightRain,Other,12,Saturday,10,True,False
201800044237,NonLethal,Daylight,No,NoIntersection,Normal,Other,9,Sunday,17,True,False
201800006453,NonLethal,Daylight,Yes,Roundabout,Normal,2Vehicles-Side,7,Wednesday,8,False,False
201800031308,NonLethal,Daylight,Yes,NoIntersection,Normal,Other,9,Friday,11,False,False
201800051409,NonLethal,Daylight,Yes,NoIntersection,Normal,Other,11,Friday,15,False,False
201800000933,NonLethal,Daylight,No,NoIntersection,Normal,2Vehicles-BehindVehicles-Frontal,4,Wednesday,15,False,False
201800041900,NonLethal,Daylight,Yes,NoIntersection,Normal,Other,10,Thursday,17,False,False
201800042304,NonLethal,Daylight,Yes,X-type,Normal,2Vehicles-Side,6,Monday,15,False,False
201800052121,NonLethal,Daylight,Yes,NoIntersection,Normal,Other,10,Monday,17,False,False