AccidentId,Gravity,Light,InAgglomeration,IntersectionType,Weather,CollisionType,Month,DayOfWeek,HourOfDay,IsWeekend,IsNight
201800011788,NonLethal,Daylight,No,NoIntersection,Normal,2Vehicles-Behind,8,Thursday,9,False,False
201800001365,NonLethal,Daylight,No,NoIntersection,LightRain,3+Vehicles-Multiple,11,Tuesday,14,False,False
201800037370,NonLethal,Daylight,No,X-type,Normal,NoCollision,8,Sunday,17,True,False
201800039286,NonLethal,NightStreelightsOn,Yes,NoIntersection,Normal,Other,8,Friday,23,False,False
201800035705,NonLethal,Daylight,No,NoIntersection,Normal,Other,6,Sunday,7,True,False
201800035929,NonLethal,Daylight,Yes,X-type,Normal,2Vehicles-Side,9,Saturday,13,True,False
201800001047,NonLethal,Daylight,No,NoIntersection,Normal,2Vehicles-BehindVehicles-Frontal,7,Sunday,12,True,False
201800036302,NonLethal,Daylight,Yes,T-type,Normal,Other,6,Saturday,15,True,False
201800007605,NonLethal,Daylight,No,X-type,Normal,2Vehicles-Side,4,Tuesday,9,False,False
201800041359,NonLethal,NightStreelightsOn,Yes,T-type,Normal,2Vehicles-Side,10,Friday,20,False,False
201800055244,NonLethal,Daylight,Yes,NoIntersection,Normal,2Vehicles-Side,1,Wednesday,9,False,False
201800036936,NonLethal,NightStreelightsOn,Yes,X-type,HeavyRain,2Vehicles-Side,3,Saturday,18,True,False
201800054114,NonLethal,Daylight,Yes,T-type,LightRain,Other,6,Wednesday,17,False,False
201800045235,NonLethal,Daylight,No,NoIntersection,LightRain,Other,9,Sunday,16,True,False
201800023786,NonLethal,TwilightOrDawn,No,NoIntersection,Normal,Other,2,Monday,7,False,False
201800046373,NonLethal,NightNoStreetLight,No,NoIntersection,LightRain,Other,1,Saturday,23,True,False
201800011887,NonLethal,Daylight,No,NoIntersection,Normal,NoCollision,8,Saturday,15,True,False
201800028829,NonLethal,NightStreelightsOn,Yes,X-type,Normal,2Vehicles-Side,10,Thursday,19,False,False
201800045900,NonLethal,Daylight,No,NoIntersection,Normal,Other,6,Wednesday,13,False,False
201800031860,NonLethal,Daylight,Yes,NoIntersection,Normal,3+Vehicles-Chain,8,Wednesday,17,False,False
201800036059,NonLethal,Daylight,Yes,X-type,LightRain,2Vehicles-Side,4,Sunday,16,True,False
201800036815,NonLethal,Daylight,Yes,NoIntersection,LightRain,2Vehicles-Side,4,Wednesday,18,False,False
201800029525,NonLethal,NightStreelightsOn,Yes,T-type,Normal,2Vehicles-Side,6,Sunday,3,True,True
201800035080,NonLethal,Daylight,Yes,Roundabout,Normal,2Vehicles-Side,6,Tuesday,9,False,False
201800024855,Lethal,Daylight,No,NoIntersection,Normal,3+Vehicles-Chain,8,Thursday,18,False,False
201800019745,NonLethal,Daylight,Yes,T-type,Normal,Other,1,Wednesday,9,False,False
201800014504,NonLethal,Daylight,Yes,NoIntersection,Overcast,Other,11,Sunday,14,True,False
201800023903,NonLethal,Daylight,Yes,X-type,Normal,Other,4,Thursday,19,False,False
201800013361,NonLethal,Daylight,No,NoIntersection,Normal,2Vehicles-BehindVehicles-Frontal,11,Friday,17,False,False
201800033638,NonLethal,Daylight,Yes,NoIntersection,Normal,Other,6,Friday,9,False,False
201800007831,NonLethal,Daylight,No,NoIntersection,Normal,2Vehicles-BehindVehicles-Frontal,10,Sunday,12,True,False
201800024549,NonLethal,NightStreelightsOn,Yes,NoIntersection,Normal,2Vehicles-Behind,12,Thursday,17,False,False
201800030060,NonLethal,Daylight,Yes,T-type,Normal,2Vehicles-Side,4,Thursday,8,False,False
201800028232,NonLethal,Daylight,Yes,X-type,Normal,2Vehicles-Side,4,Sunday,12,True,False
201800016108,NonLethal,Daylight,No,NoIntersection,Normal,Other,11,Wednesday,8,False,False
201800038250,NonLethal,NightStreelightsOn,Yes,X-type,Normal,2Vehicles-Side,12,Friday,20,False,False
201800038694,NonLethal,Daylight,Yes,NoIntersection,Normal,Other,5,Thursday,8,False,False
201800009218,NonLethal,Daylight,Yes,NoIntersection,Normal,3+Vehicles-Chain,6,Friday,15,False,False
201800012506,NonLethal,NightNoStreetLight,No,NoIntersection,Normal,NoCollision,5,Sunday,23,True,False
201800052308,NonLethal,NightStreelightsOn,Yes,T-type,Normal,Other,12,Saturday,2,True,True
201800038314,NonLethal,NightStreelightsOn,Yes,NoIntersection,Normal,Other,8,Saturday,6,True,True
201800039931,NonLethal,Daylight,Yes,T-type,LightRain,3+Vehicles-Multiple,11,Tuesday,11,False,False
201800024276,NonLethal,NightStreelightsOn,Yes,Roundabout,LightRain,2Vehicles-Side,3,Saturday,0,True,True
201800022193,Lethal,Daylight,Yes,NoIntersection,Normal,Other,5,Tuesday,17,False,False
201800038993,NonLethal,NightStreelightsOn,Yes,NoIntersection,Normal,2Vehicles-Side,2,Tuesday,21,False,False
201800055924,NonLethal,Daylight,Yes,NoIntersection,Normal,2Vehicles-Side,11,Friday,8,False,False
201800026560,NonLethal,Daylight,Yes,X-type,Normal,3+Vehicles-Multiple,7,Friday,16,False,False
201800006604,NonLethal,Daylight,No,NoIntersection,Normal,2Vehicles-Behind,8,Thursday,17,False,False
201800027732,NonLethal,Daylight,Yes,NoIntersection,Normal,Other,5,Friday,12,False,False
201800023804,Lethal,NightStreelightsOn,Yes,NoIntersection,Normal,Other,8,Saturday,6,True,True
201800032685,NonLethal,Daylight,No,NoIntersection,Normal,NoCollision,4,Sunday,14,True,False
201800000143,NonLethal,Daylight,No,NoIntersection,Normal,2Vehicles-Side,6,Thursday,7,False,False
201800057578,NonLethal,Daylight,Yes,NoIntersection,Normal,2Vehicles-Side,2,Tuesday,11,False,False
201800011175,Lethal,NightNoStreetLight,No,NoIntersection,Normal,2Vehicles-BehindVehicles-Frontal,12,Monday,17,False,False
201800027079,NonLethal,Daylight,No,Roundabout,Normal,2Vehicles-Side,10,Thursday,19,False,False
201800034308,NonLethal,NightStreelightsOn,Yes,NoIntersection,Normal,3+Vehicles-Multiple,12,Monday,18,False,False
201800009253,NonLethal,Daylight,Yes,NoIntersection,Normal,2Vehicles-Side,6,Thursday,15,False,False
201800022783,NonLethal,NightNoStreetLight,No,NoIntersection,Normal,3+Vehicles-Multiple,12,Thursday,21,False,False
201800049010,NonLethal,Daylight,No,NoIntersection,Normal,2Vehicles-Side,9,Thursday,9,False,False
201800004850,Lethal,NightNoStreetLight,No,NoIntersection,Normal,2Vehicles-BehindVehicles-Frontal,2,Friday,19,False,False
201800039658,NonLethal,Daylight,Yes,X-type,Normal,2Vehicles-Side,9,Sunday,15,True,False
201800026008,NonLethal,Daylight,Yes,Other,Normal,Other,6,Sunday,8,True,False
201800040048,NonLethal,Daylight,Yes,X-type,Normal,2Vehicles-Side,5,Monday,16,False,False
201800037103,NonLethal,Daylight,Yes,X-type,Normal,2Vehicles-Side,6,Thursday,12,False,False
201800013056,NonLethal,Daylight,Yes,X-type,Normal,2Vehicles-Side,8,Saturday,18,True,False
201800051927,NonLethal,NightStreelightsOn,Yes,NoIntersection,Normal,2Vehicles-Side,1,Tuesday,17,False,False
201800033205,NonLethal,Daylight,Yes,NoIntersection,Normal,2Vehicles-Behind,11,Wednesday,11,False,False
201800037193,NonLethal,Daylight,Yes,X-type,Normal,Other,11,Monday,16,False,False
201800023123,NonLethal,Daylight,Yes,NoIntersection,Normal,3+Vehicles-Multiple,6,Monday,8,False,False
201800015671,NonLethal,Daylight,No,NoIntersection,Normal,2Vehicles-BehindVehicles-Frontal,4,Tuesday,15,False,False
201800053138,NonLethal,Daylight,Yes,NoIntersection,Normal,2Vehicles-BehindVehicles-Frontal,10,Friday,10,False,False
201800049975,NonLethal,Daylight,No,NoIntersection,Normal,NoCollision,8,Tuesday,14,False,False
201800025542,NonLethal,NightStreelightsOn,Yes,NoIntersection,Normal,2Vehicles-Side,12,Monday,21,False,False
201800054897,NonLethal,TwilightOrDawn,Yes,X-type,Normal,Other,1,Thursday,8,False,False
201800016814,NonLethal,Daylight,No,NoIntersection,Normal,Other,5,Sunday,18,True,False
201800035420,NonLethal,Daylight,Yes,NoIntersection,Normal,Other,11,Tuesday,13,False,False
201800021269,NonLethal,Daylight,Yes,NoIntersection,Normal,Other,1,Thursday,14,False,False
201800022964,NonLethal,Daylight,Yes,X-type,Normal,2Vehicles-Side,3,Sunday,15,True,False
201800028469,NonLethal,Daylight,Yes,NoIntersection,Normal,Other,4,Saturday,14,True,False
201800049706,NonLethal,Daylight,No,NoIntersection,Normal,Other,2,Friday,13,False,False
201800030175,NonLethal,NightNoStreetLight,No,NoIntersection,HeavyRain,NoCollision,8,Saturday,1,True,True
201800043348,Lethal,Daylight,Yes,X-type,Normal,Other,9,Tuesday,14,False,False
201800049427,NonLethal,NightNoStreetLight,No,NoIntersection,Normal,Other,8,Wednesday,3,False,True
201800010481,NonLethal,Daylight,Yes,NoIntersection,LightRain,Other,5,Tuesday,11,False,False
201800026741,Lethal,Daylight,Yes,X-type,Normal,2Vehicles-Side,2,Thursday,15,False,False
201800032534,NonLethal,NightStreelightsOn,Yes,T-type,Normal,Other,8,Saturday,22,True,False
201800028951,NonLethal,NightNoStreetLight,Yes,Roundabout,Normal,Other,11,Saturday,23,True,False
201800020605,NonLethal,NightStreelightsOn,Yes,NoIntersection,Normal,NoCollision,6,Friday,22,False,False
201800033690,NonLethal,Daylight,Yes,MoreThan4Branches,FogOrSmoke,2Vehicles-Side,4,Sunday,15,True,False
201800011898,Lethal,Daylight,No,Other,Normal,2Vehicles-Side,7,Monday,14,False,False
201800045647,NonLethal,NightNoStreetLight,No,NoIntersection,Normal,Other,1,Saturday,21,True,False
201800039328,NonLethal,Daylight,Yes,Other,Overcast,2Vehicles-Behind,11,Thursday,14,False,False
201800023300,NonLethal,Daylight,Yes,NoIntersection,Normal,2Vehicles-Side,10,Friday,17,False,False
201800026416,NonLethal,Daylight,Yes,NoIntersection,Normal,2Vehicles-Side,9,Saturday,14,True,False
201800048628,NonLethal,Daylight,Yes,NoIntersection,Normal,Other,10,Saturday,16,True,False
201800049265,NonLethal,NightNoStreetLight,No,NoIntersection,Normal,2Vehicles-Side,12,Monday,19,False,False
201800038503,NonLethal,Daylight,Yes,NoIntersection,Normal,Other,10,Thursday,15,False,False
201800039879,NonLethal,Daylight,Yes,NoIntersection,Normal,Other,4,Monday,9,False,False
201800035281,Lethal,NightStreelightsOn,Yes,NoIntersection,Normal,Other,6,Friday,0,False,True
201800030615,NonLethal,NightStreelightsOn,Yes,Other,Normal,2Vehicles-Side,9,Saturday,20,True,False
201800011412,Lethal,Daylight,Yes,NoIntersection,Normal,Other,10,Wednesday,10,False,False
201800040226,NonLethal,Daylight,Yes,X-type,VeryGood,2Vehicles-BehindVehicles-Frontal,9,Wednesday,18,False,False
201800046335,NonLethal,Daylight,No,NoIntersection,LightRain,3+Vehicles-Multiple,1,Friday,9,False,False
201800009595,NonLethal,Daylight,Yes,X-type,Normal,2Vehicles-Side,8,Monday,15,False,False
201800017910,NonLethal,Daylight,Yes,T-type,Normal,2Vehicles-Side,6,Monday,17,False,False
201800052952,NonLethal,NightNoStreetLight,Yes,X-type,HeavyRain,Other,3,Sunday,1,True,True
201800013092,NonLethal,NightNoStreetLight,No,NoIntersection,LightRain,Other,2,Sunday,19,True,False
201800024852,NonLethal,Daylight,Yes,NoIntersection,Normal,2Vehicles-Behind,7,Monday,10,False,False
201800056918,NonLethal,Daylight,Yes,NoIntersection,Normal,NoCollision,4,Wednesday,10,False,False
201800027932,NonLethal,Daylight,Yes,NoIntersection,Normal,2Vehicles-Behind,1,Saturday,15,True,False
201800053224,NonLethal,Daylight,Yes,Square,Normal,NoCollision,12,Sunday,13,True,False
201800056398,NonLethal,Daylight,Yes,NoIntersection,Normal,2Vehicles-BehindVehicles-Frontal,1,Friday,13,False,False
201800051411,NonLethal,Daylight,Yes,T-type,Normal,2Vehicles-Side,11,Friday,10,False,False
201800011925,NonLethal,Daylight,Yes,Other,Normal,2Vehicles-BehindVehicles-Frontal,8,Tuesday,16,False,False
201800031756,NonLethal,Daylight,Yes,NoIntersection,Normal,Other,5,Sunday,12,True,False
201800028565,NonLethal,NightNoStreetLight,Yes,NoIntersection,Normal,Other,10,Saturday,2,True,True
201800041196,NonLethal,Daylight,Yes,NoIntersection,Normal,NoCollision,2,Wednesday,15,False,False
201800018145,NonLethal,Daylight,No,NoIntersection,Normal,NoCollision,10,Monday,18,False,False
201800051617,NonLethal,NightStreelightsOn,Yes,X-type,LightRain,Other,11,Tuesday,18,False,False
201800012977,NonLethal,NightStreelightsOn,Yes,NoIntersection,Normal,2Vehicles-BehindVehicles-Frontal,10,Sunday,23,True,False
201800047897,NonLethal,NightNoStreetLight,No,NoIntersection,LightRain,Other,2,Friday,23,False,False
201800004404,NonLethal,Daylight,No,NoIntersection,Normal,Other,12,Saturday,14,True,False
201800004309,NonLethal,NightStreelightsOn,Yes,NoIntersection,Overcast,Other,12,Tuesday,22,False,False
201800002239,NonLethal,NightStreelightsOn,Yes,NoIntersection,Overcast,Other,11,Saturday,19,True,False
201800004983,NonLethal,NightNoStreetLight,No,NoIntersection,Normal,NoCollision,3,Friday,2,False,True
201800037992,NonLethal,Daylight,Yes,NoIntersection,Normal,3+Vehicles-Multiple,1,Tuesday,14,False,False
201800005884,Lethal,Daylight,Yes,NoIntersection,Normal,2Vehicles-Side,12,Monday,9,False,False
201800041958,NonLethal,Daylight,Yes,NoIntersection,Normal,2Vehicles-Side,6,Sunday,9,True,False
201800005175,NonLethal,NightStreelightsOn,Yes,X-type,HeavyRain,2Vehicles-Side,1,Thursday,0,False,True
201800028290,NonLethal,NightStreelightsOn,Yes,NoIntersection,Normal,3+Vehicles-Chain,8,Wednesday,19,False,False
201800005341,NonLethal,NightStreelightsOn,Yes,NoIntersection,Normal,NoCollision,2,Sunday,3,True,True
201800039033,NonLethal,Daylight,Yes,NoIntersection,Normal,Other,11,Friday,14,False,False
201800017715,NonLethal,TwilightOrDawn,No,NoIntersection,Normal,2Vehicles-BehindVehicles-Frontal,11,Wednesday,17,False,False
201800026266,NonLethal,NightStreelightsOn,Yes,NoIntersection,LightRain,Other,1,Monday,7,False,False
201800043729,NonLethal,Daylight,Yes,NoIntersection,Normal,2Vehicles-Side,9,Monday,11,False,False
201800040734,NonLethal,NightStreelightsOn,Yes,NoIntersection,Normal,2Vehicles-Side,12,Thursday,17,False,False
201800041334,NonLethal,Daylight,Yes,T-type,Normal,2Vehicles-Side,2,Wednesday,13,False,False
201800015656,Lethal,NightNoStreetLight,No,NoIntersection,Normal,Other,1,Friday,7,False,False
201800025359,NonLethal,Daylight,Yes,T-type,Normal,2Vehicles-Side,5,Thursday,9,False,False
201800009019,NonLethal,Daylight,Yes,NoIntersection,Normal,Other,5,Friday,15,False,False
201800031068,NonLethal,Daylight,Yes,NoIntersection,Normal,3+Vehicles-Chain,5,Thursday,10,False,False
201800033772,NonLethal,NightStreelightsOn,Yes,NoIntersection,Normal,Other,3,Monday,23,False,False
201800029413,NonLethal,Daylight,Yes,NoIntersection,Normal,Other,6,Friday,16,False,False
201800037620,NonLethal,Daylight,Yes,NoIntersection,Normal,Other,7,Monday,17,False,False
201800046417,NonLethal,NightStreelightsOff,No,NoIntersection,Normal,3+Vehicles-Multiple,2,Thursday,19,False,False
201800004807,NonLethal,Daylight,No,NoIntersection,Normal,3+Vehicles-Multiple,5,Thursday,10,False,False
201800014248,NonLethal,Daylight,No,NoIntersection,Normal,Other,4,Wednesday,19,False,False
201800011910,NonLethal,Daylight,No,NoIntersection,LightRain,2Vehicles-BehindVehicles-Frontal,2,Friday,15,False,False
201800052439,NonLethal,NightStreelightsOn,Yes,T-type,Normal,Other,6,Tuesday,23,False,False
201800045653,NonLethal,NightNoStreetLight,No,NoIntersection,LightRain,Other,1,Thursday,6,False,True
201800010338,NonLethal,NightStreelightsOn,Yes,NoIntersection,Normal,Other,10,Saturday,19,True,False
201800006192,NonLethal,Daylight,No,NoIntersection,Normal,3+Vehicles-Multiple,4,Friday,8,False,False
201800036619,NonLethal,Daylight,Yes,X-type,Normal,2Vehicles-Side,1,Monday,16,False,False
201800046726,NonLethal,Daylight,No,NoIntersection,Normal,2Vehicles-Behind,3,Wednesday,8,False,False
201800004383,NonLethal,Daylight,No,NoIntersection,Normal,2Vehicles-Behind,12,Saturday,12,True,False
201800050463,NonLethal,Daylight,Yes,X-type,Normal,Other,12,Thursday,17,False,False
201800050784,NonLethal,Daylight,Yes,X-type,Normal,2Vehicles-Behind,6,Tuesday,9,False,False
201800049472,NonLethal,NightNoStreetLight,No,NoIntersection,Normal,NoCollision,10,Friday,20,False,False
201800025282,NonLethal,NightStreelightsOn,Yes,X-type,Normal,Other,4,Tuesday,2,False,True
201800044077,NonLethal,Daylight,No,Other,Normal,3+Vehicles-Chain,6,Sunday,18,True,False
201800047333,NonLethal,NightStreelightsOn,Yes,NoIntersection,Overcast,NoCollision,1,Friday,21,False,False
201800012781,NonLethal,NightStreelightsOn,No,NoIntersection,Normal,3+Vehicles-Chain,12,Wednesday,20,False,False
201800030442,NonLethal,Daylight,Yes,NoIntersection,Normal,Other,9,Sunday,15,True,False
201800030268,NonLethal,Daylight,Yes,NoIntersection,Normal,Other,10,Saturday,15,True,False
201800040936,NonLethal,Daylight,Yes,NoIntersection,Normal,2Vehicles-Side,12,Sunday,8,True,False
201800028644,NonLethal,Daylight,Yes,NoIntersection,Normal,2Vehicles-Side,1,Friday,15,False,False
201800003160,NonLethal,Daylight,No,NoIntersection,Normal,2Vehicles-Behind,6,Sunday,10,True,False
201800033115,NonLethal,Daylight,Yes,Other,Normal,2Vehicles-Side,4,Friday,10,False,False
201800015225,NonLethal,Daylight,No,NoIntersection,Normal,NoCollision,3,Saturday,9,True,False
201800054005,NonLethal,Daylight,Yes,X-type,Normal,Other,10,Tuesday,15,False,False
201800003116,NonLethal,TwilightOrDawn,Yes,Y-type,Normal,Other,6,Saturday,6,True,True
201800008638,NonLethal,TwilightOrDawn,Yes,NoIntersection,LightRain,NoCollision,5,Thursday,18,False,False
201800035134,NonLethal,TwilightOrDawn,Yes,NoIntersection,Normal,3+Vehicles-Chain,10,Tuesday,8,False,False
201800013988,NonLethal,Daylight,No,NoIntersection,Normal,Other,7,Monday,12,False,False
201800046601,NonLethal,Daylight,No,NoIntersection,Normal,2Vehicles-Side,5,Friday,19,False,False
201800023066,NonLethal,NightStreelightsOn,Yes,T-type,HeavyRain,2Vehicles-Side,5,Sunday,22,True,False
201800014987,NonLethal,Daylight,Yes,NoIntersection,Normal,2Vehicles-Side,10,Friday,16,False,False
201800033362,NonLethal,TwilightOrDawn,Yes,NoIntersection,Overcast,Other,3,Tuesday,18,False,False
201800032475,NonLethal,Daylight,Yes,NoIntersection,Normal,Other,12,Thursday,6,False,True
201800031284,NonLethal,Daylight,Yes,NoIntersection,Normal,Other,7,Friday,17,False,False
201800013249,NonLethal,NightStreelightsOn,Yes,NoIntersection,Normal,2Vehicles-Side,6,Saturday,22,True,False
201800037134,NonLethal,NightStreelightsOn,Yes,T-type,LightRain,Other,9,Saturday,20,True,False
201800024207,NonLethal,Daylight,Yes,X-type,Normal,Other,7,Saturday,20,True,False
201800009935,NonLethal,Daylight,Yes,T-type,Normal,2Vehicles-Side,10,Thursday,16,False,False
201800036300,NonLethal,Daylight,Yes,NoIntersection,Normal,Other,3,Tuesday,8,False,False
201800020611,NonLethal,Daylight,Yes,NoIntersection,Normal,Other,7,Tuesday,11,False,False
201800021676,NonLethal,Daylight,Yes,Y-type,Overcast,Other,12,Saturday,14,True,False
201800019609,NonLethal,Daylight,Yes,T-type,Normal,2Vehicles-Side,2,Friday,17,False,False
201800052770,NonLethal,Daylight,Yes,X-type,Normal,2Vehicles-Side,3,Wednesday,17,False,False
201800021657,NonLethal,TwilightOrDawn,Yes,X-type,Normal,Other,11,Friday,8,False,False
201800000527,NonLethal,Daylight,No,NoIntersection,Overcast,2Vehicles-BehindVehicles-Frontal,7,Thursday,17,False,False
201800031197,NonLethal,Daylight,Yes,NoIntersection,Normal,2Vehicles-Side,2,Thursday,12,False,False
201800000486,NonLethal,Daylight,Yes,T-type,VeryGood,2Vehicles-BehindVehicles-Frontal,11,Tuesday,10,False,False
201800020609,NonLethal,NightStreelightsOn,Yes,T-type,Normal,2Vehicles-Side,7,Sunday,0,True,True
201800016132,NonLethal,Daylight,Yes,Roundabout,Normal,2Vehicles-Side,5,Tuesday,15,False,False
201800021313,NonLethal,Daylight,Yes,X-type,Normal,Other,4,Monday,8,False,False
201800052397,NonLethal,Daylight,Yes,NoIntersection,Normal,Other,4,Thursday,12,False,False
201800054177,NonLethal,NightStreelightsOn,Yes,Y-type,Overcast,2Vehicles-Side,7,Sunday,21,True,False
201800004318,NonLethal,Daylight,No,NoIntersection,Normal,2Vehicles-BehindVehicles-Frontal,6,Monday,13,False,False
201800055996,NonLethal,Daylight,No,NoIntersection,Normal,3+Vehicles-Multiple,4,Sunday,8,True,False
201800043204,NonLethal,Daylight,Yes,X-type,Normal,2Vehicles-Behind,2,Thursday,9,False,False
201800044579,NonLethal,Daylight,No,NoIntersection,Normal,2Vehicles-Behind,1,Monday,9,False,False
201800054560,NonLethal,Daylight,Yes,X-type,Normal,Other,5,Thursday,8,False,False
201800043810,NonLethal,Daylight,No,NoIntersection,LightRain,3+Vehicles-Multiple,1,Wednesday,13,False,False
201800056043,NonLethal,Daylight,Yes,X-type,HeavyRain,2Vehicles-Side,11,Friday,12,False,False
201800046159,NonLethal,Daylight,No,NoIntersection,Normal,2Vehicles-Side,10,Tuesday,8,False,False
201800031829,NonLethal,Daylight,Yes,NoIntersection,Normal,2Vehicles-Side,7,Monday,16,False,False
201800028356,NonLethal,NightStreelightsOn,Yes,Y-type,Normal,2Vehicles-Side,3,Monday,20,False,False
201800042154,NonLethal,NightStreelightsOn,Yes,NoIntersection,Normal,2Vehicles-Side,4,Wednesday,21,False,False
201800013764,NonLethal,TwilightOrDawn,Yes,NoIntersection,Normal,Other,8,Tuesday,6,False,True
201800030670,NonLethal,Daylight,Yes,NoIntersection,Normal,2Vehicles-Behind,6,Saturday,18,True,False
201800030309,NonLethal,Daylight,Yes,MoreThan4Branches,Normal,2Vehicles-Side,11,Thursday,19,False,False
201800055187,NonLethal,NightStreelightsOn,Yes,NoIntersection,LightRain,Other,11,Monday,0,False,True
201800039688,NonLethal,Daylight,Yes,Other,Normal,2Vehicles-Side,12,Thursday,9,False,False
201800034128,NonLethal,NightStreelightsOn,Yes,NoIntersection,HeavyRain,Other,12,Friday,4,False,True
201800029229,NonLethal,Daylight,Yes,NoIntersection,Normal,2Vehicles-Behind,8,Monday,15,False,False
201800003514,Lethal,Daylight,No,NoIntersection,Normal,2Vehicles-BehindVehicles-Frontal,10,Wednesday,17,False,False
201800048411,NonLethal,Daylight,No,NoIntersection,Normal,2Vehicles-Side,7,Sunday,12,True,False
201800015819,NonLethal,NightNoStreetLight,No,NoIntersection,LightRain,2Vehicles-BehindVehicles-Frontal,7,Thursday,23,False,False
201800046096,NonLethal,NightNoStreetLight,No,NoIntersection,Normal,3+Vehicles-Chain,9,Tuesday,21,False,False
201800037527,NonLethal,NightStreelightsOn,Yes,X-type,Normal,2Vehicles-Side,4,Thursday,22,False,False
201800015650,NonLethal,Daylight,No,NoIntersection,Normal,2Vehicles-Side,3,Monday,13,False,False
201800021095,NonLethal,TwilightOrDawn,Yes,Roundabout,Normal,2Vehicles-Side,4,Friday,19,False,False
201800018182,NonLethal,NightStreelightsOn,Yes,NoIntersection,HeavyRain,Other,11,Wednesday,6,False,True
201800049755,NonLethal,Daylight,No,Y-type,Normal,Other,3,Friday,8,False,False
201800047609,NonLethal,Daylight,Yes,X-type,Normal,2Vehicles-Side,7,Saturday,10,True,False
201800000361,NonLethal,Daylight,No,Roundabout,Normal,2Vehicles-Behind,10,Tuesday,11,False,False
201800054697,NonLethal,Daylight,Yes,NoIntersection,VeryGood,Other,4,Wednesday,9,False,False
201800019598,NonLethal,NightStreelightsOn,Yes,T-type,LightRain,2Vehicles-Side,1,Wednesday,7,False,False
201800000076,NonLethal,NightStreelightsOn,Yes,NoIntersection,Normal,Other,12,Friday,23,False,False
201800020882,NonLethal,Daylight,Yes,X-type,Normal,2Vehicles-Side,9,Sunday,9,True,False
201800005607,NonLethal,Daylight,Yes,NoIntersection,LightRain,Other,3,Friday,11,False,False
201800020271,NonLethal,Daylight,No,NoIntersection,Normal,2Vehicles-BehindVehicles-Frontal,5,Tuesday,9,False,False
201800035905,NonLethal,Daylight,Yes,NoIntersection,Normal,2Vehicles-Behind,6,Sunday,18,True,False
201800015014,NonLethal,Daylight,Yes,Square,Normal,NoCollision,4,Friday,14,False,False
201800053683,NonLethal,Daylight,Yes,NoIntersection,Normal,2Vehicles-Side,1,Saturday,8,True,False
201800001283,NonLethal,Daylight,No,NoIntersection,Normal,Other,11,Wednesday,9,False,False
201800038714,NonLethal,Daylight,Yes,NoIntersection,Normal,Other,9,Friday,7,False,False
201800023577,NonLethal,Daylight,Yes,X-type,Normal,Other,5,Friday,19,False,False
201800008574,NonLethal,NightStreelightsOn,Yes,NoIntersection,Normal,2Vehicles-Side,2,Wednesday,19,False,False
201800048309,NonLethal,Daylight,Yes,NoIntersection,Normal,2Vehicles-Behind,7,Friday,19,False,False
201800036757,NonLethal,NightStreelightsOn,No,T-type,LightRain,2Vehicles-Side,11,Monday,7,False,False
201800018481,NonLethal,Daylight,Yes,Roundabout,LightRain,Other,10,Friday,17,False,False
201800028072,NonLethal,Daylight,Yes,X-type,Normal,2Vehicles-Side,7,Thursday,14,False,False
201800033780,NonLethal,Daylight,No,NoIntersection,FogOrSmoke,2Vehicles-BehindVehicles-Frontal,5,Friday,8,False,False
201800002614,NonLethal,Daylight,Yes,T-type,Normal,2Vehicles-Side,3,Wednesday,13,False,False
201800045579,NonLethal,NightNoStreetLight,No,NoIntersection,LightRain,2Vehicles-Side,12,Monday,3,False,True
201800036811,NonLethal,Daylight,Yes,NoIntersection,Normal,Other,3,Wednesday,9,False,False
201800003303,NonLethal,NightStreelightsOff,No,NoIntersection,Normal,NoCollision,4,Monday,1,False,True
201800033884,NonLethal,NightStreelightsOn,Yes,X-type,Normal,2Vehicles-Side,11,Saturday,21,True,False
201800009787,NonLethal,Daylight,Yes,NoIntersection,Normal,Other,9,Tuesday,10,False,False
201800052235,NonLethal,Daylight,Yes,Square,Normal,NoCollision,6,Monday,8,False,False
201800054714,NonLethal,NightStreelightsOn,Yes,T-type,Normal,2Vehicles-Side,7,Thursday,0,False,True
201800052112,NonLethal,Daylight,Yes,X-type,VeryGood,Other,7,Tuesday,9,False,False
201800007717,Lethal,Daylight,No,NoIntersection,Normal,2Vehicles-Behind,9,Saturday,13,True,False
201800042309,NonLethal,Daylight,No,Other,Normal,2Vehicles-Side,6,Friday,13,False,False
201800049124,NonLethal,Daylight,No,NoIntersection,Normal,3+Vehicles-Multiple,3,Thursday,10,False,False
201800007131,NonLethal,Daylight,No,NoIntersection,Normal,2Vehicles-Behind,12,Saturday,16,True,False
201800037750,NonLethal,Daylight,Yes,T-type,LightRain,2Vehicles-Side,12,Monday,9,False,False
201800040235,NonLethal,NightStreelightsOn,Yes,X-type,Normal,Other,10,Wednesday,3,False,True
201800001559,NonLethal,NightNoStreetLight,No,NoIntersection,FogOrSmoke,Other,12,Saturday,7,True,False
201800000345,NonLethal,Daylight,Yes,LevelCrossing,LightRain,NoCollision,7,Wednesday,12,False,False
201800030926,NonLethal,NightStreelightsOn,Yes,T-type,Normal,NoCollision,10,Saturday,23,True,False
201800045631,NonLethal,NightStreelightsOn,No,NoIntersection,Normal,2Vehicles-Behind,1,Friday,18,False,False
201800015259,NonLethal,TwilightOrDawn,No,NoIntersection,Normal,2Vehicles-Side,7,Monday,6,False,True