AccidentId,Gravity,Light,InAgglomeration,IntersectionType,Weather,CollisionType,Month,DayOfWeek,HourOfDay,IsWeekend,IsNight
201800014334,NonLethal,Daylight,No,NoIntersection,Normal,Other,7,Sunday,20,True,False
201800002343,NonLethal,Daylight,No,NoIntersection,Normal,2Vehicles-Side,5,Saturday,17,True,False
201800024468,NonLethal,Daylight,Yes,NoIntersection,Normal,3+Vehicles-Multiple,10,Thursday,15,False,False
201800004932,NonLethal,Daylight,Yes,NoIntersection,Normal,Other,11,Friday,14,False,False
201800035883,NonLethal,Daylight,Yes,NoIntersection,Normal,Other,4,Wednesday,8,False,False
201800007973,Lethal,Daylight,No,NoIntersection,HeavyRain,2Vehicles-Side,5,Wednesday,14,False,False
201800018100,NonLethal,Daylight,No,T-type,Normal,NoCollision,6,Wednesday,16,False,False
201800043708,NonLethal,TwilightOrDawn,No,NoIntersection,Normal,Other,8,Monday,20,False,False
201800052110,NonLethal,TwilightOrDawn,Yes,NoIntersection,Normal,3+Vehicles-Chain,7,Monday,21,False,False
201800023136,NonLethal,Daylight,Yes,NoIntersection,Normal,2Vehicles-Side,6,Thursday,9,False,False
201800004235,NonLethal,NightNoStreetLight,No,NoIntersection,Normal,2Vehicles-Behind,10,Friday,22,False,False
201800016231,NonLethal,Daylight,Yes,NoIntersection,Normal,2Vehicles-BehindVehicles-Frontal,10,Saturday,10,True,False
201800050715,NonLethal,Daylight,Yes,X-type,LightRain,2Vehicles-Side,7,Friday,16,False,False
201800004311,Lethal,NightNoStreetLight,No,T-type,Normal,2Vehicles-Side,4,Tuesday,20,False,False
201800033414,NonLethal,TwilightOrDawn,Yes,NoIntersection,Normal,2Vehicles-Behind,1,Monday,17,False,False
201800037104,NonLethal,Daylight,Yes,NoIntersection,Normal,Other,6,Thursday,19,False,False
201800044598,NonLethal,Daylight,No,NoIntersection,Normal,Other,4,Monday,11,False,False
201800048147,NonLethal,Daylight,Yes,T-type,Normal,2Vehicles-Side,3,Saturday,11,True,False
201800006422,NonLethal,Daylight,No,NoIntersection,Normal,NoCollision,6,Saturday,15,True,False
201800014186,NonLethal,NightNoStreetLight,Yes,NoIntersection,LightRain,Other,10,Friday,0,False,True
201800056092,NonLethal,Daylight,No,NoIntersection,Normal,2Vehicles-BehindVehicles-Frontal,2,Sunday,9,True,False
201800033409,NonLethal,NightNoStreetLight,Yes,Roundabout,LightRain,Other,4,Sunday,19,True,False
201800046603,NonLethal,Daylight,No,NoIntersection,Normal,2Vehicles-Side,5,Saturday,13,True,False
201800015623,Lethal,TwilightOrDawn,No,NoIntersection,Normal,NoCollision,4,Friday,20,False,False
201800043991,NonLethal,Daylight,No,Other,Normal,3+Vehicles-Chain,5,Friday,10,False,False
201800015352,NonLethal,Daylight,Yes,NoIntersection,Normal,Other,4,Monday,16,False,False
201800002607,NonLethal,Daylight,No,T-type,Normal,2Vehicles-Side,4,Saturday,16,True,False
201800027890,NonLethal,Daylight,Yes,Square,Normal,2Vehicles-Side,4,Saturday,20,True,False
201800004714,NonLethal,NightStreelightsOff,Yes,NoIntersection,LightRain,Other,11,Friday,19,False,False
201800016635,NonLethal,NightStreelightsOn,Yes,T-type,FogOrSmoke,2Vehicles-BehindVehicles-Frontal,11,Friday,19,False,False
201800009305,NonLethal,Daylight,Yes,NoIntersection,Other,2Vehicles-Side,6,Thursday,8,False,False
201800026980,NonLethal,Daylight,Yes,NoIntersection,Normal,Other,11,Saturday,13,True,False
201800040724,NonLethal,Daylight,No,NoIntersection,Normal,2Vehicles-Behind,6,Monday,18,False,False
201800013858,NonLethal,Daylight,Yes,NoIntersection,Normal,Other,9,Wednesday,12,False,False
201800006989,NonLethal,Daylight,Yes,T-type,Normal,2Vehicles-Side,9,Sunday,17,True,False
201800018047,NonLethal,Daylight,No,NoIntersection,Normal,2Vehicles-BehindVehicles-Frontal,3,Sunday,12,True,False
201800053793,NonLethal,Daylight,Yes,NoIntersection,Normal,Other,5,Wednesday,21,False,False
201800008697,NonLethal,TwilightOrDawn,Yes,T-type,Normal,2Vehicles-Side,5,Monday,20,False,False
201800038801,NonLethal,Daylight,Yes,NoIntersection,Normal,2Vehicles-Behind,3,Friday,13,False,False
201800011590,NonLethal,Daylight,No,NoIntersection,Normal,3+Vehicles-Multiple,9,Saturday,13,True,False
201800045876,NonLethal,NightNoStreetLight,No,NoIntersection,Normal,NoCollision,5,Tuesday,5,False,True
201800023567,NonLethal,Daylight,No,NoIntersection,FogOrSmoke,Other,11,Friday,14,False,False
201800030830,NonLethal,Daylight,Yes,NoIntersection,Normal,2Vehicles-Behind,6,Tuesday,16,False,False
201800018659,NonLethal,NightStreelightsOn,Yes,Y-type,Normal,3+Vehicles-Multiple,10,Wednesday,19,False,False
201800048528,NonLethal,Daylight,Yes,NoIntersection,Normal,Other,9,Wednesday,10,False,False
201800052493,NonLethal,Daylight,Yes,NoIntersection,Normal,Other,8,Tuesday,13,False,False
201800005583,NonLethal,Daylight,Yes,NoIntersection,Normal,Other,4,Monday,11,False,False
201800008567,NonLethal,Daylight,Yes,NoIntersection,Normal,Other,2,Tuesday,15,False,False
201800045860,NonLethal,Daylight,No,NoIntersection,Normal,Other,5,Wednesday,10,False,False
201800056309,NonLethal,Daylight,No,NoIntersection,Normal,Other,4,Saturday,7,True,False
201800050010,NonLethal,Daylight,No,NoIntersection,Normal,2Vehicles-Behind,8,Thursday,19,False,False
201800057668,NonLethal,Daylight,Yes,NoIntersection,Normal,Other,7,Monday,10,False,False
201800049058,NonLethal,Daylight,No,NoIntersection,Normal,2Vehicles-Side,11,Thursday,8,False,False
201800044439,NonLethal,Daylight,No,NoIntersection,LightRain,3+Vehicles-Chain,12,Friday,16,False,False
201800016845,NonLethal,Daylight,No,NoIntersection,Normal,2Vehicles-BehindVehicles-Frontal,8,Thursday,11,False,False
201800057262,NonLethal,Daylight,Yes,NoIntersection,Normal,Other,7,Tuesday,11,False,False
201800026571,NonLethal,Daylight,Yes,NoIntersection,Normal,2Vehicles-Side,3,Thursday,15,False,False
201800006030,Lethal,NightStreelightsOn,No,Other,LightRain,Other,11,Sunday,18,True,False
201800050689,NonLethal,Daylight,Yes,Y-type,Normal,2Vehicles-BehindVehicles-Frontal,5,Friday,16,False,False
201800030509,NonLethal,Daylight,Yes,Other,Normal,Other,11,Wednesday,10,False,False
201800024470,NonLethal,Daylight,Yes,NoIntersection,Normal,2Vehicles-Side,10,Friday,18,False,False
201800051644,NonLethal,Daylight,Yes,X-type,LightRain,2Vehicles-Side,1,Thursday,15,False,False
201800038330,NonLethal,Daylight,Yes,MoreThan4Branches,Normal,2Vehicles-Side,10,Thursday,13,False,False
201800004456,NonLethal,Daylight,Yes,NoIntersection,Overcast,2Vehicles-Side,3,Monday,17,False,False
201800043955,NonLethal,Daylight,No,NoIntersection,Normal,3+Vehicles-Chain,4,Friday,17,False,False
201800038254,NonLethal,Daylight,Yes,NoIntersection,LightRain,2Vehicles-Side,1,Tuesday,14,False,False
201800002107,NonLethal,Daylight,No,X-type,Normal,2Vehicles-Behind,6,Saturday,16,True,False
201800053954,NonLethal,Daylight,Yes,X-type,LightRain,Other,11,Monday,9,False,False
201800036391,NonLethal,NightStreelightsOn,No,NoIntersection,LightRain,NoCollision,1,Tuesday,17,False,False
201800011848,NonLethal,Daylight,Yes,NoIntersection,Normal,2Vehicles-BehindVehicles-Frontal,5,Sunday,19,True,False
201800007310,NonLethal,Daylight,Yes,NoIntersection,Normal,2Vehicles-Side,4,Thursday,14,False,False
201800051389,NonLethal,Daylight,Yes,X-type,Normal,Other,9,Wednesday,12,False,False
201800056630,NonLethal,TwilightOrDawn,No,Other,Normal,Other,6,Tuesday,18,False,False
201800051130,NonLethal,NightStreelightsOff,Yes,X-type,Normal,Other,1,Sunday,1,True,True
201800017886,NonLethal,Daylight,No,NoIntersection,Normal,NoCollision,5,Saturday,15,True,False
201800017270,NonLethal,Daylight,Yes,Other,Normal,Other,5,Friday,16,False,False
201800048956,NonLethal,NightNoStreetLight,No,NoIntersection,Normal,Other,7,Thursday,2,False,True
201800055238,NonLethal,Daylight,Yes,NoIntersection,LightRain,2Vehicles-Side,1,Monday,8,False,False
201800053495,NonLethal,NightStreelightsOn,Yes,T-type,Normal,NoCollision,8,Thursday,1,False,True
201800024400,NonLethal,Daylight,Yes,X-type,Normal,2Vehicles-Side,9,Wednesday,20,False,False
201800052909,NonLethal,Daylight,Yes,X-type,HeavyRain,Other,1,Friday,15,False,False
201800020502,NonLethal,NightNoStreetLight,No,NoIntersection,Normal,Other,5,Sunday,23,True,False
201800055603,NonLethal,Daylight,Yes,NoIntersection,Normal,2Vehicles-Behind,9,Friday,17,False,False
201800011019,NonLethal,Daylight,Yes,NoIntersection,Normal,Other,11,Monday,16,False,False
201800000667,NonLethal,NightNoStreetLight,Yes,T-type,HeavyRain,2Vehicles-Side,2,Saturday,23,True,False
201800016809,NonLethal,TwilightOrDawn,No,NoIntersection,FogOrSmoke,Other,10,Wednesday,8,False,False
201800009416,NonLethal,NightStreelightsOn,Yes,NoIntersection,Normal,3+Vehicles-Multiple,7,Sunday,23,True,False
201800037030,NonLethal,Daylight,Yes,T-type,Normal,Other,2,Thursday,9,False,False
201800007338,NonLethal,Daylight,Yes,Roundabout,Normal,2Vehicles-Side,6,Wednesday,11,False,False
201800031792,NonLethal,Daylight,Yes,NoIntersection,Normal,Other,6,Sunday,18,True,False
201800016353,NonLethal,Daylight,Yes,NoIntersection,Normal,3+Vehicles-Multiple,6,Saturday,17,True,False
201800055633,NonLethal,NightStreelightsOn,Yes,NoIntersection,Normal,2Vehicles-Side,10,Friday,0,False,True
201800054240,NonLethal,Daylight,Yes,NoIntersection,Normal,2Vehicles-BehindVehicles-Frontal,10,Wednesday,9,False,False
201800051003,NonLethal,NightStreelightsOn,Yes,X-type,Normal,Other,2,Saturday,6,True,True
201800050700,NonLethal,Daylight,Yes,X-type,Normal,Other,6,Tuesday,11,False,False
201800030512,NonLethal,NightStreelightsOn,Yes,NoIntersection,Normal,3+Vehicles-Multiple,5,Saturday,17,True,False
201800039079,NonLethal,Daylight,Yes,NoIntersection,Normal,2Vehicles-Behind,6,Friday,8,False,False
201800018298,Lethal,Daylight,No,T-type,Normal,2Vehicles-Side,2,Thursday,11,False,False
201800056793,NonLethal,NightStreelightsOn,No,NoIntersection,Normal,Other,7,Friday,3,False,True
201800048624,NonLethal,NightStreelightsOn,Yes,NoIntersection,Normal,2Vehicles-Behind,10,Saturday,2,True,True
201800019478,NonLethal,Daylight,Yes,NoIntersection,Normal,3+Vehicles-Chain,4,Wednesday,8,False,False
201800039807,NonLethal,Daylight,Yes,NoIntersection,VeryGood,Other,6,Saturday,14,True,False
201800024637,NonLethal,Daylight,Yes,NoIntersection,Normal,Other,2,Monday,17,False,False
201800030225,NonLethal,NightNoStreetLight,No,NoIntersection,Normal,2Vehicles-Behind,1,Monday,17,False,False
201800019993,Lethal,Daylight,No,NoIntersection,Normal,2Vehicles-Behind,11,Saturday,9,True,False
201800032002,NonLethal,Daylight,Yes,T-type,Normal,2Vehicles-Side,11,Saturday,14,True,False
201800029063,NonLethal,Daylight,Yes,X-type,Normal,2Vehicles-Side,6,Wednesday,15,False,False
201800020634,NonLethal,NightStreelightsOn,Yes,NoIntersection,Normal,3+Vehicles-Chain,11,Monday,19,False,False
201800022308,NonLethal,Daylight,Yes,NoIntersection,Normal,3+Vehicles-Chain,3,Thursday,13,False,False
201800020959,NonLethal,NightNoStreetLight,Yes,NoIntersection,Normal,NoCollision,2,Tuesday,22,False,False
201800010853,NonLethal,NightNoStreetLight,No,X-type,LightRain,2Vehicles-Behind,11,Monday,17,False,False
201800045765,NonLethal,Daylight,No,NoIntersection,Normal,2Vehicles-Behind,3,Friday,10,False,False
201800034389,NonLethal,NightNoStreetLight,No,NoIntersection,SnowOrHail,Other,8,Thursday,4,False,True
201800049976,NonLethal,Daylight,No,NoIntersection,Normal,3+Vehicles-Chain,8,Monday,16,False,False
201800049579,NonLethal,Daylight,No,NoIntersection,Normal,3+Vehicles-Chain,10,Sunday,19,True,False
201800000197,NonLethal,NightStreelightsOn,Yes,Other,Normal,2Vehicles-Side,11,Saturday,18,True,False
201800037658,NonLethal,NightStreelightsOn,No,NoIntersection,Normal,2Vehicles-Side,12,Wednesday,21,False,False
201800001673,NonLethal,Daylight,Yes,NoIntersection,Normal,NoCollision,9,Sunday,16,True,False
201800000031,Lethal,NightNoStreetLight,No,NoIntersection,Overcast,NoCollision,3,Friday,5,False,True
201800037411,NonLethal,NightStreelightsOn,Yes,T-type,Normal,2Vehicles-Side,2,Friday,22,False,False
201800032048,NonLethal,Daylight,Yes,T-type,Overcast,2Vehicles-Side,12,Saturday,11,True,False
201800004178,NonLethal,Daylight,No,NoIntersection,Normal,3+Vehicles-Multiple,6,Wednesday,13,False,False
201800042315,NonLethal,Daylight,Yes,NoIntersection,Normal,Other,6,Thursday,14,False,False
201800056850,NonLethal,NightStreelightsOn,Yes,X-type,Normal,2Vehicles-Side,2,Monday,19,False,False
201800015362,NonLethal,Daylight,Yes,NoIntersection,Normal,Other,7,Monday,19,False,False
201800055789,NonLethal,TwilightOrDawn,Yes,T-type,Normal,2Vehicles-Side,8,Friday,18,False,False
201800011581,NonLethal,Daylight,No,NoIntersection,Normal,Other,3,Sunday,18,True,False
201800048800,NonLethal,NightStreelightsOn,No,NoIntersection,LightRain,Other,1,Saturday,0,True,True
201800028048,NonLethal,Daylight,Yes,NoIntersection,Normal,Other,6,Friday,15,False,False
201800043925,NonLethal,Daylight,No,NoIntersection,Normal,2Vehicles-Side,4,Tuesday,8,False,False
201800046564,NonLethal,Daylight,No,NoIntersection,Normal,2Vehicles-Behind,3,Monday,18,False,False
201800051795,NonLethal,Daylight,Yes,T-type,Normal,NoCollision,8,Sunday,19,True,False
201800020539,NonLethal,Daylight,No,NoIntersection,Normal,3+Vehicles-Multiple,8,Tuesday,16,False,False
201800008276,NonLethal,NightStreelightsOn,Yes,X-type,Normal,2Vehicles-Side,7,Thursday,20,False,False
201800054052,NonLethal,TwilightOrDawn,Yes,Square,Normal,2Vehicles-Behind,5,Friday,20,False,False
201800014237,NonLethal,Daylight,No,NoIntersection,LightRain,2Vehicles-BehindVehicles-Frontal,1,Wednesday,12,False,False
201800052555,NonLethal,Daylight,Yes,T-type,Normal,2Vehicles-Side,10,Tuesday,14,False,False
201800021218,NonLethal,Daylight,No,T-type,Normal,NoCollision,3,Sunday,17,True,False
201800004310,NonLethal,NightNoStreetLight,No,NoIntersection,Normal,NoCollision,4,Sunday,3,True,True
201800057319,NonLethal,NightNoStreetLight,Yes,NoIntersection,Normal,NoCollision,5,Sunday,5,True,True
201800055513,NonLethal,Daylight,Yes,NoIntersection,Normal,2Vehicles-Side,7,Tuesday,7,False,False
201800000547,NonLethal,Daylight,No,X-type,Normal,Other,5,Friday,13,False,False
201800019866,NonLethal,Daylight,Yes,NoIntersection,Normal,2Vehicles-Behind,8,Saturday,17,True,False
201800044639,NonLethal,TwilightOrDawn,No,NoIntersection,Normal,2Vehicles-Behind,2,Tuesday,18,False,False
201800001334,NonLethal,Daylight,Yes,NoIntersection,Normal,Other,9,Friday,9,False,False
201800045070,NonLethal,Daylight,No,NoIntersection,Normal,Other,12,Friday,12,False,False
201800042263,NonLethal,Daylight,Yes,Square,Normal,2Vehicles-Side,4,Wednesday,11,False,False
201800010112,NonLethal,NightStreelightsOn,Yes,X-type,Normal,2Vehicles-Side,11,Saturday,20,True,False
201800034267,NonLethal,Daylight,Yes,NoIntersection,LightRain,2Vehicles-Side,3,Monday,9,False,False
201800039348,NonLethal,Daylight,Yes,NoIntersection,Normal,NoCollision,3,Tuesday,14,False,False
201800001507,NonLethal,Daylight,Yes,T-type,Normal,2Vehicles-Behind,6,Wednesday,13,False,False
201800013044,NonLethal,TwilightOrDawn,Yes,NoIntersection,Normal,Other,5,Thursday,6,False,True
201800031379,NonLethal,NightStreelightsOff,No,NoIntersection,Normal,2Vehicles-BehindVehicles-Frontal,12,Thursday,19,False,False
201800021745,NonLethal,NightNoStreetLight,No,NoIntersection,Normal,2Vehicles-Behind,8,Friday,23,False,False
201800011408,Lethal,NightNoStreetLight,No,NoIntersection,Normal,2Vehicles-BehindVehicles-Frontal,8,Saturday,6,True,True
201800006838,NonLethal,Daylight,No,NoIntersection,Normal,2Vehicles-BehindVehicles-Frontal,1,Friday,14,False,False
201800011943,Lethal,NightNoStreetLight,No,NoIntersection,Normal,NoCollision,12,Saturday,6,True,True
201800040192,NonLethal,Daylight,Yes,X-type,Normal,2Vehicles-Side,5,Wednesday,20,False,False
201800006474,NonLethal,NightNoStreetLight,No,NoIntersection,Normal,Other,2,Sunday,4,True,True
201800013603,NonLethal,TwilightOrDawn,Yes,NoIntersection,LightRain,2Vehicles-Behind,1,Friday,8,False,False
201800023838,NonLethal,Daylight,Yes,T-type,Normal,Other,1,Friday,17,False,False
201800000578,NonLethal,NightStreelightsOff,No,NoIntersection,Normal,2Vehicles-BehindVehicles-Frontal,8,Thursday,4,False,True
201800033620,NonLethal,Daylight,No,NoIntersection,Normal,2Vehicles-BehindVehicles-Frontal,8,Tuesday,16,False,False
201800002068,NonLethal,Daylight,Yes,NoIntersection,Normal,2Vehicles-Behind,4,Saturday,16,True,False
201800057253,NonLethal,NightStreelightsOn,Yes,NoIntersection,Normal,2Vehicles-Side,5,Friday,18,False,False
201800018596,NonLethal,Daylight,No,NoIntersection,Normal,Other,1,Thursday,9,False,False
201800027217,NonLethal,Daylight,Yes,NoIntersection,Normal,NoCollision,3,Saturday,10,True,False
201800035198,NonLethal,Daylight,Yes,NoIntersection,Normal,2Vehicles-Side,4,Thursday,16,False,False
201800050320,NonLethal,Daylight,Yes,T-type,Normal,Other,9,Thursday,10,False,False
201800047681,NonLethal,Daylight,Yes,NoIntersection,Normal,Other,9,Friday,11,False,False
201800009943,NonLethal,Daylight,Yes,Other,Normal,2Vehicles-Behind,10,Friday,15,False,False
201800001477,NonLethal,NightStreelightsOn,Yes,T-type,Normal,2Vehicles-Side,10,Tuesday,7,False,False
201800054448,NonLethal,Daylight,Yes,X-type,Normal,NoCollision,6,Tuesday,14,False,False
201800018325,NonLethal,Daylight,No,NoIntersection,Normal,Other,7,Sunday,15,True,False
201800010669,Lethal,Daylight,No,NoIntersection,Normal,NoCollision,1,Thursday,10,False,False
201800001182,Lethal,NightNoStreetLight,No,NoIntersection,Normal,2Vehicles-Behind,1,Thursday,21,False,False
201800019797,NonLethal,Daylight,Yes,NoIntersection,Normal,2Vehicles-Behind,11,Sunday,15,True,False
201800049797,NonLethal,TwilightOrDawn,No,NoIntersection,Normal,2Vehicles-Behind,4,Monday,18,False,False
201800026601,NonLethal,NightNoStreetLight,Yes,NoIntersection,Normal,Other,11,Tuesday,7,False,False
201800010672,NonLethal,Daylight,Yes,NoIntersection,Normal,2Vehicles-BehindVehicles-Frontal,7,Sunday,18,True,False
201800055123,NonLethal,Daylight,Yes,NoIntersection,Normal,Other,9,Saturday,15,True,False
201800003127,NonLethal,Daylight,No,NoIntersection,FogOrSmoke,2Vehicles-BehindVehicles-Frontal,2,Thursday,11,False,False
201800052669,NonLethal,Daylight,Yes,T-type,Normal,2Vehicles-Behind,2,Saturday,11,True,False
201800015860,NonLethal,NightNoStreetLight,No,NoIntersection,Normal,Other,5,Tuesday,5,False,True
201800000243,NonLethal,Daylight,No,Y-type,LightRain,2Vehicles-BehindVehicles-Frontal,7,Thursday,8,False,False
201800002739,NonLethal,Daylight,No,NoIntersection,Normal,2Vehicles-Side,5,Tuesday,19,False,False
201800038648,NonLethal,Daylight,Yes,X-type,Normal,Other,11,Wednesday,8,False,False
201800020998,NonLethal,Daylight,Yes,Roundabout,Normal,2Vehicles-Side,6,Friday,16,False,False
201800025912,NonLethal,TwilightOrDawn,Yes,X-type,Normal,2Vehicles-Side,8,Saturday,6,True,True
201800017501,NonLethal,NightNoStreetLight,No,Other,Normal,2Vehicles-Side,4,Tuesday,22,False,False
201800007084,NonLethal,Daylight,Yes,NoIntersection,Normal,Other,2,Wednesday,9,False,False
201800052939,NonLethal,NightStreelightsOn,Yes,X-type,LightRain,Other,2,Tuesday,22,False,False
201800053842,NonLethal,TwilightOrDawn,Yes,NoIntersection,Normal,2Vehicles-Behind,7,Wednesday,20,False,False
201800020846,NonLethal,Daylight,No,NoIntersection,Normal,2Vehicles-Behind,6,Monday,16,False,False
201800032876,NonLethal,Daylight,Yes,Other,Normal,Other,7,Wednesday,19,False,False
201800019302,Lethal,Daylight,No,NoIntersection,Normal,2Vehicles-BehindVehicles-Frontal,6,Friday,15,False,False
201800022605,NonLethal,Daylight,Yes,NoIntersection,Normal,Other,9,Monday,16,False,False
201800025688,NonLethal,Daylight,Yes,X-type,LightRain,Other,1,Friday,14,False,False
201800019817,NonLethal,Daylight,Yes,X-type,Normal,2Vehicles-Side,10,Friday,9,False,False
201800021841,NonLethal,Daylight,No,T-type,Normal,2Vehicles-Side,12,Sunday,11,True,False
201800037328,NonLethal,Daylight,Yes,NoIntersection,Normal,2Vehicles-Behind,10,Sunday,15,True,False
201800000620,NonLethal,Daylight,No,NoIntersection,Normal,2Vehicles-Side,8,Sunday,16,True,False
201800022274,NonLethal,NightStreelightsOff,Yes,NoIntersection,Normal,Other,1,Tuesday,7,False,False
201800048327,NonLethal,Daylight,Yes,T-type,Normal,Other,6,Thursday,14,False,False
201800023563,NonLethal,Daylight,No,NoIntersection,Normal,2Vehicles-Behind,8,Saturday,17,True,False
201800012960,NonLethal,NightStreelightsOn,Yes,NoIntersection,Normal,NoCollision,10,Sunday,21,True,False
201800047715,NonLethal,Daylight,Yes,NoIntersection,Normal,Other,9,Monday,15,False,False
201800007187,NonLethal,Daylight,No,NoIntersection,Normal,Other,3,Thursday,11,False,False
201800037533,NonLethal,NightStreelightsOn,Yes,NoIntersection,Normal,Other,12,Wednesday,19,False,False
201800046327,NonLethal,NightNoStreetLight,No,NoIntersection,LightRain,Other,1,Monday,18,False,False
201800016271,NonLethal,NightNoStreetLight,No,NoIntersection,Normal,Other,4,Saturday,5,True,True
201800032967,NonLethal,NightNoStreetLight,No,NoIntersection,Overcast,Other,4,Sunday,5,True,True
201800004661,NonLethal,NightStreelightsOn,Yes,NoIntersection,Normal,2Vehicles-BehindVehicles-Frontal,11,Friday,18,False,False
201800032599,NonLethal,Daylight,Yes,T-type,Normal,2Vehicles-Behind,10,Tuesday,17,False,False
201800000127,NonLethal,Daylight,No,Roundabout,Normal,NoCollision,2,Thursday,11,False,False
201800016586,NonLethal,TwilightOrDawn,No,NoIntersection,LightRain,Other,10,Thursday,9,False,False
201800027436,NonLethal,Daylight,Yes,NoIntersection,Normal,Other,9,Wednesday,9,False,False
201800012401,NonLethal,Daylight,Yes,NoIntersection,Normal,2Vehicles-Side,11,Sunday,14,True,False
201800046351,NonLethal,Daylight,No,NoIntersection,Normal,2Vehicles-Side,1,Saturday,16,True,False
201800044979,NonLethal,Daylight,No,NoIntersection,Normal,Other,6,Thursday,16,False,False
201800005138,NonLethal,Daylight,Yes,NoIntersection,Normal,Other,6,Thursday,8,False,False
201800041147,NonLethal,TwilightOrDawn,Yes,T-type,Normal,2Vehicles-Side,5,Wednesday,21,False,False
201800005950,NonLethal,TwilightOrDawn,No,NoIntersection,Normal,2Vehicles-BehindVehicles-Frontal,1,Tuesday,9,False,False
201800022562,Lethal,NightStreelightsOn,Yes,NoIntersection,Normal,Other,11,Monday,21,False,False
201800056506,NonLethal,Daylight,No,NoIntersection,Normal,NoCollision,6,Friday,16,False,False
201800035892,NonLethal,Daylight,Yes,X-type,Normal,3+Vehicles-Multiple,5,Sunday,16,True,False
201800024630,NonLethal,NightNoStreetLight,No,NoIntersection,LightRain,2Vehicles-Behind,1,Wednesday,22,False,False
201800001343,NonLethal,Daylight,No,NoIntersection,VeryGood,3+Vehicles-Multiple,11,Wednesday,7,False,False
201800019167,Lethal,Daylight,No,NoIntersection,Normal,2Vehicles-BehindVehicles-Frontal,7,Friday,7,False,False
201800025969,NonLethal,Daylight,Yes,X-type,SnowOrHail,2Vehicles-Side,5,Wednesday,8,False,False
201800032616,NonLethal,NightStreelightsOn,Yes,Y-type,Normal,Other,8,Saturday,21,True,False
201800022016,NonLethal,Daylight,Yes,Roundabout,Normal,Other,3,Monday,17,False,False
201800006120,Lethal,Daylight,No,NoIntersection,Normal,3+Vehicles-Chain,7,Wednesday,14,False,False
201800021994,NonLethal,NightStreelightsOn,Yes,NoIntersection,LightRain,Other,1,Tuesday,20,False,False
201800031849,NonLethal,NightStreelightsOn,Yes,NoIntersection,Normal,2Vehicles-Side,7,Monday,22,False,False
201800054794,NonLethal,Daylight,Yes,Y-type,Normal,Other,9,Friday,17,False,False
201800007363,NonLethal,Daylight,Yes,NoIntersection,Normal,2Vehicles-Side,7,Saturday,20,True,False
201800041075,NonLethal,Daylight,Yes,X-type,Normal,2Vehicles-Side,6,Monday,7,False,False
201800057381,NonLethal,Daylight,Yes,NoIntersection,Normal,Other,11,Tuesday,17,False,False
201800031894,NonLethal,Daylight,Yes,NoIntersection,LightRain,2Vehicles-Side,7,Tuesday,14,False,False
201800018930,NonLethal,NightNoStreetLight,No,NoIntersection,Normal,2Vehicles-BehindVehicles-Frontal,1,Friday,23,False,False
201800038533,NonLethal,Daylight,Yes,T-type,LightRain,Other,1,Friday,9,False,False
201800030311,NonLethal,Daylight,Yes,NoIntersection,Normal,2Vehicles-Side,8,Thursday,16,False,False
201800013116,Lethal,NightStreelightsOn,Yes,NoIntersection,Normal,Other,4,Saturday,1,True,True
201800030563,NonLethal,Daylight,Yes,NoIntersection,Normal,2Vehicles-BehindVehicles-Frontal,9,Wednesday,12,False,False
201800024336,NonLethal,NightStreelightsOn,Yes,NoIntersection,Normal,Other,4,Friday,23,False,False
201800027969,NonLethal,NightStreelightsOn,Yes,X-type,Normal,2Vehicles-Side,3,Monday,19,False,False
201800051876,NonLethal,NightStreelightsOn,Yes,T-type,LightRain,Other,2,Monday,1,False,True
201800023191,NonLethal,Daylight,Yes,NoIntersection,Normal,Other,8,Saturday,14,True,False
201800028629,NonLethal,Daylight,Yes,X-type,Normal,NoCollision,7,Friday,8,False,False
201800032855,NonLethal,NightStreelightsOn,Yes,Other,Normal,2Vehicles-Side,9,Friday,4,False,True
201800030894,NonLethal,Daylight,Yes,NoIntersection,Normal,Other,9,Friday,15,False,False
201800009099,NonLethal,Daylight,Yes,NoIntersection,Normal,Other,5,Saturday,20,True,False
201800042080,NonLethal,NightStreelightsOn,Yes,T-type,Normal,2Vehicles-Side,3,Wednesday,20,False,False
201800041145,NonLethal,Daylight,Yes,T-type,Normal,2Vehicles-Side,5,Wednesday,8,False,False
201800019671,NonLethal,Daylight,Yes,T-type,Normal,2Vehicles-Side,6,Thursday,13,False,False
201800029313,NonLethal,Daylight,Yes,NoIntersection,Normal,Other,10,Thursday,17,False,False
201800034191,NonLethal,Daylight,No,X-type,Normal,2Vehicles-Side,9,Friday,9,False,False
201800009265,NonLethal,Daylight,Yes,Roundabout,Normal,2Vehicles-Side,6,Monday,14,False,False
201800025130,NonLethal,Daylight,Yes,NoIntersection,Normal,Other,3,Wednesday,10,False,False
201800039330,NonLethal,NightStreelightsOn,Yes,NoIntersection,LightRain,3+Vehicles-Multiple,11,Wednesday,20,False,False
201800052612,NonLethal,Daylight,Yes,X-type,Normal,Other,11,Friday,8,False,False
201800057076,NonLethal,Daylight,Yes,Roundabout,Normal,2Vehicles-Side,10,Monday,16,False,False
201800033408,NonLethal,Daylight,Yes,T-type,Normal,Other,2,Thursday,15,False,False
201800000480,NonLethal,Daylight,No,NoIntersection,Normal,3+Vehicles-Chain,7,Thursday,21,False,False