AccidentId,Gravity,Light,InAgglomeration,IntersectionType,Weather,CollisionType,Month,DayOfWeek,HourOfDay,IsWeekend,IsNight
201800043462,NonLethal,Daylight,Yes,NoIntersection,Normal,Other,4,Tuesday,16,False,False
201800009675,NonLethal,Daylight,Yes,NoIntersection,Normal,2Vehicles-Side,8,Thursday,17,False,False
201800012656,Lethal,NightNoStreetLight,No,NoIntersection,Normal,2Vehicles-BehindVehicles-Frontal,7,Sunday,3,True,True
201800014232,NonLethal,Daylight,No,NoIntersection,Normal,2Vehicles-BehindVehicles-Frontal,9,Tuesday,14,False,False
201800024991,NonLethal,Daylight,No,NoIntersection,Normal,3+Vehicles-Chain,10,Wednesday,14,False,False
201800006926,NonLethal,NightNoStreetLight,No,NoIntersection,Normal,2Vehicles-Behind,10,Saturday,3,True,True
201800048771,NonLethal,NightStreelightsOn,Yes,NoIntersection,Normal,3+Vehicles-Chain,12,Friday,7,False,False
201800015643,NonLethal,NightNoStreetLight,No,X-type,Normal,2Vehicles-Side,10,Monday,21,False,False
201800032298,NonLethal,Daylight,Yes,NoIntersection,Normal,Other,8,Friday,14,False,False
201800022165,NonLethal,NightStreelightsOn,Yes,NoIntersection,Normal,Other,12,Friday,21,False,False
201800040128,NonLethal,Daylight,Yes,NoIntersection,Normal,Other,9,Friday,13,False,False
201800022243,NonLethal,Daylight,No,NoIntersection,Normal,2Vehicles-Behind,6,Wednesday,19,False,False
201800055683,NonLethal,Daylight,Yes,NoIntersection,Normal,3+Vehicles-Chain,4,Wednesday,14,False,False
201800011444,NonLethal,Daylight,No,X-type,Normal,2Vehicles-BehindVehicles-Frontal,4,Tuesday,15,False,False
201800025677,NonLethal,Daylight,Yes,NoIntersection,Normal,2Vehicles-Side,9,Sunday,17,True,False
201800044600,NonLethal,NightStreelightsOn,No,NoIntersection,Normal,2Vehicles-Behind,4,Monday,20,False,False
201800001706,NonLethal,Daylight,Yes,NoIntersection,Normal,2Vehicles-Side,6,Thursday,19,False,False
201800027287,NonLethal,Daylight,Yes,NoIntersection,Normal,NoCollision,12,Wednesday,10,False,False
201800005402,NonLethal,Daylight,Yes,NoIntersection,HeavyRain,Other,6,Wednesday,15,False,False
201800016495,NonLethal,NightNoStreetLight,No,NoIntersection,FogOrSmoke,2Vehicles-BehindVehicles-Frontal,7,Thursday,6,False,True
201800043448,NonLethal,Daylight,Yes,NoIntersection,Normal,Other,6,Friday,18,False,False
201800055106,NonLethal,Daylight,Yes,Y-type,Normal,Other,2,Friday,15,False,False
201800055158,NonLethal,Daylight,Yes,X-type,Normal,Other,10,Thursday,17,False,False
201800025649,NonLethal,Daylight,Yes,NoIntersection,Normal,Other,12,Sunday,14,True,False
201800011486,NonLethal,NightNoStreetLight,No,NoIntersection,Normal,2Vehicles-BehindVehicles-Frontal,1,Friday,17,False,False
201800010515,Lethal,NightNoStreetLight,No,NoIntersection,Normal,Other,7,Wednesday,23,False,False
201800028296,NonLethal,NightStreelightsOn,Yes,NoIntersection,LightRain,Other,1,Monday,19,False,False
201800046469,NonLethal,Daylight,No,NoIntersection,Normal,2Vehicles-Side,3,Friday,16,False,False
201800013600,NonLethal,NightStreelightsOn,Yes,NoIntersection,Normal,2Vehicles-Side,10,Thursday,19,False,False
201800003899,NonLethal,NightNoStreetLight,No,NoIntersection,Normal,Other,4,Friday,0,False,True
201800028364,NonLethal,Daylight,Yes,NoIntersection,Normal,2Vehicles-Behind,3,Saturday,12,True,False
201800002845,NonLethal,Daylight,Yes,NoIntersection,Normal,3+Vehicles-Chain,5,Thursday,20,False,False
201800000249,NonLethal,Daylight,No,X-type,Overcast,2Vehicles-Side,6,Tuesday,18,False,False
201800044697,NonLethal,NightNoStreetLight,No,NoIntersection,Normal,Other,3,Sunday,1,True,True
201800023500,NonLethal,Daylight,No,T-type,Normal,3+Vehicles-Chain,10,Monday,11,False,False
201800042954,NonLethal,NightNoStreetLight,Yes,NoIntersection,LightRain,2Vehicles-Behind,1,Saturday,21,True,False
201800002198,NonLethal,Daylight,No,NoIntersection,Normal,NoCollision,2,Tuesday,16,False,False
201800008914,NonLethal,NightStreelightsOn,Yes,NoIntersection,Normal,2Vehicles-BehindVehicles-Frontal,4,Wednesday,21,False,False
201800012073,Lethal,NightNoStreetLight,No,NoIntersection,Normal,Other,3,Sunday,18,True,False
201800034582,NonLethal,Daylight,Yes,X-type,Normal,NoCollision,12,Tuesday,15,False,False
201800037513,NonLethal,Daylight,Yes,NoIntersection,Normal,2Vehicles-Behind,11,Saturday,12,True,False
201800006679,NonLethal,Daylight,No,NoIntersection,Normal,NoCollision,5,Thursday,16,False,False
201800023985,NonLethal,Daylight,Yes,X-type,Normal,2Vehicles-Side,9,Saturday,12,True,False
201800012149,NonLethal,Daylight,No,NoIntersection,Normal,2Vehicles-Behind,4,Thursday,15,False,False
201800023556,NonLethal,Daylight,No,NoIntersection,Normal,Other,5,Wednesday,14,False,False
201800039395,NonLethal,Daylight,No,NoIntersection,Normal,NoCollision,10,Sunday,17,True,False
201800053123,NonLethal,NightStreelightsOn,Yes,X-type,Normal,Other,9,Thursday,21,False,False
201800036400,NonLethal,Daylight,Yes,NoIntersection,SnowOrHail,2Vehicles-Behind,6,Saturday,16,True,False
201800038389,NonLethal,NightStreelightsOn,Yes,NoIntersection,LightRain,2Vehicles-Side,11,Thursday,19,False,False
201800037128,NonLethal,Daylight,No,NoIntersection,FogOrSmoke,3+Vehicles-Multiple,11,Thursday,10,False,False
201800015589,NonLethal,TwilightOrDawn,No,NoIntersection,Normal,Other,8,Tuesday,7,False,False
201800033687,NonLethal,NightStreelightsOn,No,Other,Normal,Other,12,Saturday,0,True,True
201800012099,NonLethal,Daylight,No,NoIntersection,Normal,2Vehicles-BehindVehicles-Frontal,8,Tuesday,12,False,False
201800038223,NonLethal,Daylight,Yes,NoIntersection,Normal,Other,9,Monday,9,False,False
201800057395,NonLethal,Daylight,Yes,NoIntersection,Normal,Other,12,Wednesday,13,False,False
201800010961,NonLethal,TwilightOrDawn,No,NoIntersection,LightRain,Other,5,Thursday,7,False,False
201800010612,NonLethal,Daylight,No,NoIntersection,FogOrSmoke,Other,4,Tuesday,8,False,False
201800041652,NonLethal,Daylight,Yes,NoIntersection,Normal,2Vehicles-Side,2,Thursday,12,False,False
201800010362,NonLethal,NightStreelightsOn,Yes,X-type,Normal,3+Vehicles-Multiple,1,Monday,19,False,False
201800036843,NonLethal,Daylight,Yes,X-type,Normal,2Vehicles-Side,7,Monday,9,False,False
201800017227,NonLethal,Daylight,No,X-type,Normal,2Vehicles-BehindVehicles-Frontal,12,Monday,13,False,False
201800013495,NonLethal,Daylight,No,NoIntersection,Normal,NoCollision,8,Thursday,14,False,False
201800009804,NonLethal,Daylight,Yes,X-type,Normal,2Vehicles-Side,9,Wednesday,15,False,False
201800026747,NonLethal,NightStreelightsOn,Yes,NoIntersection,Normal,Other,7,Tuesday,20,False,False
201800009631,NonLethal,Daylight,Yes,NoIntersection,Normal,2Vehicles-Side,2,Friday,13,False,False
201800052540,NonLethal,NightNoStreetLight,Yes,X-type,LightRain,2Vehicles-Side,9,Sunday,21,True,False
201800004050,NonLethal,Daylight,No,NoIntersection,Normal,NoCollision,12,Monday,10,False,False
201800056554,NonLethal,NightStreelightsOn,Yes,NoIntersection,LightRain,NoCollision,2,Sunday,4,True,True
201800050191,NonLethal,Daylight,No,NoIntersection,Normal,2Vehicles-Side,12,Friday,11,False,False
201800021320,NonLethal,Daylight,No,T-type,Normal,2Vehicles-Side,5,Thursday,7,False,False
201800032328,NonLethal,Daylight,Yes,NoIntersection,Normal,2Vehicles-Side,1,Tuesday,14,False,False
201800022526,NonLethal,Daylight,Yes,NoIntersection,Normal,Other,7,Thursday,11,False,False
201800033275,NonLethal,Daylight,Yes,Y-type,Overcast,2Vehicles-BehindVehicles-Frontal,8,Thursday,8,False,False
201800048648,NonLethal,TwilightOrDawn,Yes,NoIntersection,HeavyRain,Other,10,Monday,7,False,False
201800009749,NonLethal,NightStreelightsOn,Yes,NoIntersection,Normal,2Vehicles-Side,9,Thursday,22,False,False
201800002828,NonLethal,TwilightOrDawn,Yes,NoIntersection,Normal,Other,4,Wednesday,7,False,False
201800021281,NonLethal,NightNoStreetLight,No,NoIntersection,Normal,NoCollision,8,Saturday,1,True,True
201800045181,NonLethal,NightStreelightsOff,No,NoIntersection,Normal,2Vehicles-Behind,9,Saturday,1,True,True
201800052510,NonLethal,Daylight,Yes,NoIntersection,Normal,NoCollision,8,Thursday,12,False,False
201800004985,NonLethal,Daylight,Yes,Other,Normal,Other,4,Friday,12,False,False
201800050211,NonLethal,Daylight,Yes,T-type,LightRain,2Vehicles-Side,1,Friday,13,False,False
201800041107,NonLethal,NightNoStreetLight,Yes,Other,LightRain,2Vehicles-BehindVehicles-Frontal,11,Saturday,20,True,False
201800048432,NonLethal,Daylight,Yes,NoIntersection,Normal,NoCollision,7,Friday,10,False,False
201800046900,NonLethal,Daylight,No,NoIntersection,Normal,2Vehicles-Side,9,Tuesday,9,False,False
201800030125,NonLethal,Daylight,Yes,NoIntersection,Normal,2Vehicles-Behind,9,Tuesday,18,False,False
201800040431,NonLethal,Daylight,Yes,T-type,Normal,Other,7,Tuesday,19,False,False
201800051586,NonLethal,Daylight,Yes,NoIntersection,Normal,Other,10,Sunday,16,True,False
201800050629,NonLethal,Daylight,Yes,Square,Normal,2Vehicles-Side,12,Monday,9,False,False
201800015006,NonLethal,NightStreelightsOn,Yes,X-type,HeavyRain,2Vehicles-Side,1,Saturday,19,True,False
201800042705,NonLethal,Daylight,Yes,NoIntersection,Normal,Other,10,Thursday,14,False,False
201800032113,NonLethal,Daylight,Yes,NoIntersection,Normal,2Vehicles-Side,5,Thursday,8,False,False
201800026131,NonLethal,Daylight,Yes,NoIntersection,Normal,2Vehicles-Behind,5,Sunday,13,True,False
201800003135,NonLethal,NightNoStreetLight,No,NoIntersection,Normal,2Vehicles-Side,8,Wednesday,7,False,False
201800054430,NonLethal,Daylight,Yes,NoIntersection,Normal,Other,5,Thursday,13,False,False
201800050857,NonLethal,Daylight,Yes,NoIntersection,Normal,2Vehicles-Behind,5,Friday,10,False,False
201800051416,NonLethal,NightStreelightsOn,Yes,Square,LightRain,2Vehicles-Side,2,Monday,0,False,True
201800006596,NonLethal,Daylight,No,NoIntersection,Normal,2Vehicles-Side,7,Sunday,7,True,False
201800012016,Lethal,Daylight,No,NoIntersection,HeavyRain,Other,5,Saturday,6,True,True
201800050499,NonLethal,Daylight,Yes,NoIntersection,Normal,2Vehicles-Side,11,Tuesday,14,False,False
201800004698,NonLethal,NightNoStreetLight,No,NoIntersection,HeavyRain,3+Vehicles-Multiple,12,Saturday,19,True,False
201800047756,NonLethal,Daylight,Yes,NoIntersection,Normal,3+Vehicles-Chain,10,Friday,14,False,False
201800044591,NonLethal,Daylight,No,NoIntersection,LightRain,2Vehicles-Behind,3,Friday,12,False,False
201800008251,NonLethal,Daylight,No,X-type,Normal,2Vehicles-Side,6,Thursday,17,False,False
201800014131,NonLethal,NightNoStreetLight,No,NoIntersection,LightRain,2Vehicles-BehindVehicles-Frontal,12,Monday,18,False,False
201800055772,NonLethal,NightNoStreetLight,No,NoIntersection,HeavyRain,2Vehicles-BehindVehicles-Frontal,8,Saturday,18,True,False
201800051387,NonLethal,Daylight,Yes,Roundabout,Normal,3+Vehicles-Chain,9,Saturday,16,True,False
201800013443,NonLethal,Daylight,No,NoIntersection,SnowOrHail,Other,2,Wednesday,16,False,False
201800008174,NonLethal,Daylight,Yes,NoIntersection,Normal,2Vehicles-BehindVehicles-Frontal,7,Tuesday,11,False,False
201800001445,Lethal,Daylight,No,MoreThan4Branches,Normal,2Vehicles-Side,7,Tuesday,9,False,False
201800051642,NonLethal,NightStreelightsOn,Yes,X-type,Normal,Other,1,Saturday,23,True,False
201800035951,NonLethal,Daylight,Yes,NoIntersection,Normal,Other,10,Wednesday,15,False,False
201800015739,NonLethal,Daylight,No,NoIntersection,Normal,2Vehicles-Behind,1,Sunday,19,True,False
201800034149,NonLethal,Daylight,Yes,Other,Normal,Other,9,Monday,10,False,False
201800045884,NonLethal,Daylight,No,NoIntersection,Normal,3+Vehicles-Chain,5,Thursday,12,False,False
201800054152,NonLethal,Daylight,Yes,T-type,Normal,2Vehicles-Side,7,Thursday,9,False,False
201800046312,NonLethal,NightNoStreetLight,No,NoIntersection,LightRain,2Vehicles-BehindVehicles-Frontal,12,Sunday,22,True,False
201800000124,NonLethal,NightNoStreetLight,No,NoIntersection,Normal,Other,6,Friday,19,False,False
201800053325,NonLethal,NightStreelightsOn,Yes,Y-type,Normal,2Vehicles-Side,4,Sunday,2,True,True
201800052163,NonLethal,Daylight,Yes,T-type,Normal,Other,9,Saturday,18,True,False
201800046337,NonLethal,Daylight,No,NoIntersection,Normal,NoCollision,1,Saturday,15,True,False
201800027157,NonLethal,Daylight,Yes,T-type,Normal,2Vehicles-Side,2,Friday,8,False,False
201800012127,Lethal,Daylight,No,T-type,Normal,2Vehicles-Side,3,Monday,14,False,False
201800008861,NonLethal,TwilightOrDawn,Yes,X-type,Normal,Other,4,Sunday,19,True,False
201800008042,Lethal,Daylight,No,T-type,Normal,2Vehicles-Side,6,Sunday,10,True,False
201800008000,Lethal,TwilightOrDawn,No,NoIntersection,SnowOrHail,Other,3,Friday,20,False,False
201800049878,NonLethal,Daylight,No,NoIntersection,LightRain,Other,6,Thursday,13,False,False
201800015689,Lethal,Daylight,No,X-type,Normal,2Vehicles-Side,3,Monday,18,False,False
201800053305,NonLethal,NightStreelightsOn,Yes,NoIntersection,Normal,2Vehicles-Side,3,Sunday,0,True,True
201800026202,NonLethal,Daylight,Yes,NoIntersection,Normal,2Vehicles-Behind,9,Friday,11,False,False
201800038256,NonLethal,TwilightOrDawn,Yes,X-type,Normal,Other,12,Monday,17,False,False
201800007576,NonLethal,Daylight,No,T-type,Normal,3+Vehicles-Chain,1,Tuesday,15,False,False
201800029825,NonLethal,TwilightOrDawn,Yes,X-type,Normal,2Vehicles-Side,3,Thursday,20,False,False
201800029910,NonLethal,Daylight,No,X-type,Normal,2Vehicles-Side,4,Tuesday,17,False,False
201800051321,NonLethal,Daylight,Yes,Square,LightRain,2Vehicles-Behind,3,Saturday,12,True,False
201800047787,NonLethal,NightStreelightsOn,Yes,NoIntersection,LightRain,NoCollision,11,Wednesday,23,False,False
201800035187,NonLethal,NightStreelightsOn,Yes,NoIntersection,Normal,Other,12,Monday,23,False,False
201800050656,NonLethal,NightStreelightsOn,Yes,T-type,LightRain,2Vehicles-Behind,1,Wednesday,19,False,False
201800016141,NonLethal,Daylight,Yes,X-type,Normal,2Vehicles-Side,8,Tuesday,9,False,False
201800003725,NonLethal,Daylight,Yes,Y-type,Normal,2Vehicles-BehindVehicles-Frontal,6,Friday,7,False,False
201800033745,NonLethal,Daylight,Yes,X-type,Normal,2Vehicles-Side,3,Monday,15,False,False
201800029942,Lethal,Daylight,Yes,Other,Normal,Other,11,Sunday,14,True,False
201800041701,NonLethal,Daylight,Yes,NoIntersection,LightRain,Other,11,Monday,12,False,False
201800011748,NonLethal,NightNoStreetLight,No,NoIntersection,Normal,2Vehicles-Side,8,Monday,23,False,False
201800002944,NonLethal,TwilightOrDawn,No,NoIntersection,LightRain,2Vehicles-BehindVehicles-Frontal,11,Tuesday,7,False,False
201800040635,NonLethal,Daylight,Yes,T-type,Overcast,2Vehicles-Side,12,Friday,8,False,False
201800044019,NonLethal,Daylight,No,NoIntersection,Normal,3+Vehicles-Multiple,5,Thursday,10,False,False
201800011998,NonLethal,Daylight,No,T-type,Normal,Other,6,Friday,17,False,False
201800021832,NonLethal,Daylight,Yes,NoIntersection,Normal,NoCollision,4,Wednesday,14,False,False
201800026329,NonLethal,NightStreelightsOn,Yes,NoIntersection,Normal,Other,4,Thursday,22,False,False
201800026743,NonLethal,NightStreelightsOn,No,Other,SnowOrHail,3+Vehicles-Multiple,2,Wednesday,21,False,False
201800039406,NonLethal,Daylight,Yes,X-type,Normal,2Vehicles-Side,7,Tuesday,16,False,False
201800037863,NonLethal,NightStreelightsOn,Yes,X-type,Normal,Other,10,Monday,20,False,False
201800031788,NonLethal,Daylight,Yes,T-type,Normal,2Vehicles-Side,6,Thursday,16,False,False
201800005054,NonLethal,Daylight,Yes,Roundabout,Normal,2Vehicles-Behind,8,Wednesday,15,False,False
201800003696,NonLethal,Daylight,No,NoIntersection,Normal,Other,6,Saturday,15,True,False
201800010143,NonLethal,NightStreelightsOn,Yes,NoIntersection,Normal,3+Vehicles-Multiple,12,Tuesday,19,False,False
201800045914,NonLethal,Daylight,No,NoIntersection,LightRain,2Vehicles-Side,6,Tuesday,9,False,False
201800030282,NonLethal,NightStreelightsOn,Yes,NoIntersection,HeavyRain,Other,12,Friday,8,False,False
201800013227,NonLethal,Daylight,No,NoIntersection,Normal,2Vehicles-Side,9,Monday,14,False,False
201800028135,NonLethal,Daylight,Yes,NoIntersection,Normal,Other,10,Thursday,17,False,False
201800048763,NonLethal,NightStreelightsOn,Yes,X-type,Normal,2Vehicles-Side,12,Tuesday,18,False,False
201800041646,NonLethal,NightStreelightsOn,Yes,NoIntersection,LightRain,NoCollision,9,Saturday,20,True,False
201800038105,NonLethal,Daylight,Yes,NoIntersection,Normal,2Vehicles-Side,5,Monday,16,False,False
201800051931,NonLethal,NightStreelightsOn,Yes,T-type,LightRain,Other,6,Saturday,0,True,True
201800002368,NonLethal,Daylight,No,T-type,VeryGood,2Vehicles-BehindVehicles-Frontal,4,Monday,18,False,False
201800038597,NonLethal,Daylight,Yes,NoIntersection,Normal,3+Vehicles-Chain,7,Friday,15,False,False
201800019147,NonLethal,Daylight,Yes,NoIntersection,Normal,Other,1,Wednesday,10,False,False
201800025407,NonLethal,Daylight,Yes,NoIntersection,Normal,2Vehicles-Behind,6,Friday,18,False,False
201800048832,NonLethal,TwilightOrDawn,No,NoIntersection,Normal,3+Vehicles-Chain,3,Thursday,7,False,False
201800037985,NonLethal,Daylight,Yes,NoIntersection,Normal,NoCollision,12,Friday,8,False,False
201800014540,NonLethal,TwilightOrDawn,Yes,NoIntersection,LightRain,2Vehicles-Side,5,Sunday,19,True,False
201800020760,NonLethal,Daylight,Yes,Other,Normal,2Vehicles-Side,2,Friday,15,False,False
201800056693,NonLethal,Daylight,No,NoIntersection,Normal,Other,3,Thursday,12,False,False
201800043146,NonLethal,Daylight,Yes,NoIntersection,Normal,2Vehicles-Behind,11,Friday,11,False,False
201800041100,NonLethal,Daylight,Yes,NoIntersection,Normal,Other,7,Saturday,18,True,False
201800001021,NonLethal,NightNoStreetLight,No,NoIntersection,LightRain,Other,11,Friday,18,False,False
201800016433,NonLethal,Daylight,No,NoIntersection,Normal,NoCollision,7,Tuesday,19,False,False
201800012049,NonLethal,Daylight,Yes,NoIntersection,Normal,Other,3,Tuesday,18,False,False
201800026172,NonLethal,Daylight,Yes,T-type,Normal,2Vehicles-Side,1,Saturday,13,True,False
201800006903,NonLethal,Daylight,No,NoIntersection,Normal,3+Vehicles-Chain,6,Saturday,9,True,False
201800024489,NonLethal,NightStreelightsOn,Yes,NoIntersection,Normal,NoCollision,11,Saturday,6,True,True
201800005185,NonLethal,Daylight,Yes,NoIntersection,Normal,2Vehicles-Side,12,Wednesday,9,False,False
201800036024,NonLethal,Daylight,Yes,X-type,Normal,NoCollision,3,Saturday,11,True,False
201800017077,NonLethal,NightNoStreetLight,No,NoIntersection,Normal,NoCollision,11,Sunday,18,True,False
201800010798,NonLethal,Daylight,Yes,NoIntersection,Normal,Other,6,Tuesday,7,False,False
201800038076,NonLethal,NightStreelightsOn,Yes,X-type,Normal,2Vehicles-Side,2,Thursday,18,False,False
201800057384,NonLethal,Daylight,No,NoIntersection,LightRain,Other,11,Wednesday,15,False,False
201800022439,NonLethal,Daylight,Yes,T-type,Normal,2Vehicles-BehindVehicles-Frontal,4,Saturday,16,True,False
201800023196,NonLethal,Daylight,Yes,NoIntersection,Normal,2Vehicles-Side,8,Tuesday,19,False,False
201800007628,NonLethal,Daylight,No,T-type,Normal,2Vehicles-Side,6,Saturday,18,True,False
201800041980,NonLethal,Daylight,Yes,NoIntersection,Normal,NoCollision,4,Wednesday,9,False,False
201800032382,NonLethal,Daylight,Yes,NoIntersection,Overcast,3+Vehicles-Chain,2,Wednesday,12,False,False
201800056267,NonLethal,Daylight,Yes,T-type,Normal,Other,9,Thursday,16,False,False
201800053566,NonLethal,NightStreelightsOn,Yes,NoIntersection,Normal,Other,10,Saturday,0,True,True
201800043052,NonLethal,Daylight,Yes,NoIntersection,Normal,2Vehicles-Behind,9,Sunday,15,True,False
201800048394,NonLethal,NightStreelightsOn,Yes,NoIntersection,Normal,2Vehicles-Side,7,Saturday,1,True,True
201800052236,NonLethal,NightStreelightsOn,Yes,T-type,Normal,Other,6,Monday,18,False,False
201800019327,NonLethal,Daylight,Yes,NoIntersection,Overcast,Other,4,Monday,15,False,False
201800035097,NonLethal,Daylight,Yes,NoIntersection,Normal,Other,7,Thursday,9,False,False
201800021951,NonLethal,Daylight,No,NoIntersection,Normal,2Vehicles-Side,10,Saturday,13,True,False
201800052514,NonLethal,NightStreelightsOn,Yes,MoreThan4Branches,Normal,2Vehicles-Behind,4,Monday,1,False,True
201800019570,NonLethal,Daylight,No,NoIntersection,Normal,Other,12,Sunday,9,True,False
201800035840,NonLethal,Daylight,Yes,NoIntersection,Normal,2Vehicles-Side,1,Thursday,8,False,False
201800057177,NonLethal,Daylight,No,NoIntersection,Normal,2Vehicles-Side,4,Friday,16,False,False
201800036797,NonLethal,Daylight,Yes,NoIntersection,LightRain,2Vehicles-Behind,1,Thursday,11,False,False
201800057129,NonLethal,Daylight,Yes,NoIntersection,Normal,2Vehicles-Side,12,Monday,7,False,False
201800010100,NonLethal,NightStreelightsOn,Yes,T-type,Normal,NoCollision,11,Thursday,3,False,True
201800054060,NonLethal,Daylight,Yes,T-type,LightRain,Other,4,Monday,18,False,False
201800011378,Lethal,NightNoStreetLight,No,NoIntersection,Normal,Other,11,Sunday,0,True,True
201800011818,NonLethal,Daylight,Yes,NoIntersection,Normal,2Vehicles-Side,7,Tuesday,8,False,False
201800018346,NonLethal,Daylight,No,NoIntersection,Normal,Other,4,Monday,12,False,False
201800018626,NonLethal,Daylight,Yes,NoIntersection,Normal,Other,11,Wednesday,15,False,False
201800049753,NonLethal,NightNoStreetLight,No,NoIntersection,Normal,2Vehicles-Side,3,Tuesday,19,False,False
201800039532,NonLethal,Daylight,Yes,T-type,Normal,2Vehicles-BehindVehicles-Frontal,9,Tuesday,14,False,False
201800041093,NonLethal,Daylight,Yes,T-type,Normal,2Vehicles-Behind,5,Tuesday,17,False,False
201800003291,NonLethal,Daylight,No,NoIntersection,Normal,NoCollision,7,Saturday,17,True,False
201800032921,NonLethal,Daylight,Yes,Roundabout,Normal,NoCollision,5,Sunday,12,True,False
201800011660,NonLethal,NightNoStreetLight,No,NoIntersection,Normal,Other,5,Monday,0,False,True
201800000157,NonLethal,Daylight,Yes,X-type,SnowOrHail,3+Vehicles-Multiple,1,Wednesday,14,False,False
201800004161,NonLethal,Daylight,Yes,T-type,Normal,2Vehicles-Side,5,Saturday,15,True,False
201800026097,NonLethal,Daylight,Yes,T-type,Normal,2Vehicles-Side,3,Friday,18,False,False
201800029281,NonLethal,Daylight,No,NoIntersection,Normal,Other,2,Monday,14,False,False
201800018635,NonLethal,Daylight,Yes,NoIntersection,Normal,2Vehicles-Behind,5,Friday,12,False,False
201800024414,NonLethal,TwilightOrDawn,Yes,Other,Normal,2Vehicles-Behind,9,Monday,19,False,False
201800045980,NonLethal,Daylight,No,NoIntersection,Normal,3+Vehicles-Chain,7,Monday,8,False,False
201800025904,NonLethal,Daylight,No,NoIntersection,Normal,2Vehicles-Behind,3,Wednesday,18,False,False
201800020233,NonLethal,Daylight,Yes,NoIntersection,Normal,Other,4,Monday,13,False,False
201800054941,NonLethal,Daylight,Yes,X-type,Overcast,2Vehicles-Side,3,Thursday,9,False,False
201800018603,NonLethal,Daylight,No,X-type,Normal,2Vehicles-BehindVehicles-Frontal,9,Tuesday,15,False,False
201800055585,NonLethal,Daylight,Yes,Y-type,Normal,2Vehicles-Side,6,Saturday,9,True,False
201800045524,NonLethal,NightNoStreetLight,No,NoIntersection,HeavyRain,Other,12,Sunday,5,True,True
201800043118,NonLethal,NightStreelightsOn,Yes,X-type,Normal,2Vehicles-Side,3,Saturday,3,True,True
201800019519,NonLethal,Daylight,Yes,NoIntersection,Normal,Other,3,Saturday,19,True,False
201800046126,NonLethal,Daylight,No,NoIntersection,Normal,2Vehicles-Side,10,Monday,16,False,False
201800046507,NonLethal,NightNoStreetLight,No,NoIntersection,Normal,2Vehicles-Side,4,Saturday,6,True,True
201800014590,Lethal,Daylight,No,NoIntersection,HeavyRain,NoCollision,5,Tuesday,12,False,False
201800019096,NonLethal,Daylight,No,NoIntersection,Normal,3+Vehicles-Multiple,2,Monday,15,False,False
201800051716,NonLethal,Daylight,Yes,X-type,Normal,Other,5,Friday,15,False,False
201800020568,NonLethal,NightStreelightsOn,Yes,NoIntersection,Normal,Other,3,Thursday,3,False,True
201800034683,Lethal,Daylight,Yes,NoIntersection,Normal,NoCollision,5,Wednesday,8,False,False
201800038899,NonLethal,Daylight,Yes,NoIntersection,Normal,3+Vehicles-Chain,3,Thursday,8,False,False
201800044959,NonLethal,Daylight,No,NoIntersection,Overcast,2Vehicles-Side,6,Wednesday,19,False,False
201800004732,NonLethal,Daylight,Yes,NoIntersection,Normal,2Vehicles-BehindVehicles-Frontal,1,Tuesday,14,False,False
201800040434,NonLethal,Daylight,Yes,NoIntersection,Normal,Other,8,Saturday,19,True,False
201800039349,NonLethal,TwilightOrDawn,Yes,T-type,SnowOrHail,2Vehicles-Side,3,Monday,7,False,False
201800014392,NonLethal,NightNoStreetLight,No,NoIntersection,Normal,3+Vehicles-Multiple,12,Tuesday,17,False,False
201800044397,NonLethal,Daylight,No,Other,LightRain,Other,11,Friday,11,False,False
201800020779,NonLethal,Daylight,Yes,T-type,Normal,2Vehicles-BehindVehicles-Frontal,11,Friday,16,False,False
201800040484,NonLethal,Daylight,Yes,X-type,Normal,2Vehicles-Side,6,Friday,9,False,False
201800002710,NonLethal,Daylight,Yes,NoIntersection,Normal,Other,6,Wednesday,9,False,False
201800045284,NonLethal,NightNoStreetLight,No,NoIntersection,Normal,2Vehicles-Behind,6,Sunday,21,True,False
201800008867,NonLethal,Daylight,Yes,NoIntersection,Normal,2Vehicles-Behind,4,Monday,19,False,False
201800013301,NonLethal,NightNoStreetLight,No,NoIntersection,LightRain,2Vehicles-Behind,12,Saturday,19,True,False
201800032260,NonLethal,Daylight,Yes,NoIntersection,Normal,2Vehicles-Side,10,Tuesday,13,False,False
201800025030,NonLethal,NightStreelightsOn,Yes,Roundabout,LightRain,NoCollision,11,Friday,19,False,False
201800034197,NonLethal,NightNoStreetLight,No,Y-type,Normal,2Vehicles-BehindVehicles-Frontal,9,Thursday,21,False,False
201800048435,NonLethal,Daylight,Yes,NoIntersection,Normal,Other,7,Saturday,6,True,True
201800021880,NonLethal,Daylight,No,NoIntersection,Normal,2Vehicles-Behind,4,Friday,20,False,False
201800013408,NonLethal,Daylight,Yes,NoIntersection,Normal,NoCollision,12,Friday,14,False,False
201800042365,NonLethal,Daylight,Yes,T-type,Normal,2Vehicles-Side,9,Monday,16,False,False
201800013668,NonLethal,TwilightOrDawn,Yes,NoIntersection,LightRain,3+Vehicles-Multiple,3,Sunday,5,True,True
201800009213,NonLethal,Daylight,Yes,NoIntersection,Normal,2Vehicles-Side,6,Thursday,19,False,False
201800030451,NonLethal,Daylight,Yes,NoIntersection,Normal,Other,5,Monday,8,False,False