AccidentId,Gravity,Light,InAgglomeration,IntersectionType,Weather,CollisionType,Month,DayOfWeek,HourOfDay,IsWeekend,IsNight
201800030172,NonLethal,Daylight,Yes,X-type,Normal,2Vehicles-Side,6,Friday,17,False,False
201800014768,NonLethal,Daylight,No,NoIntersection,StrongWindOrStorm,NoCollision,7,Sunday,11,True,False
201800036346,Lethal,Daylight,No,Other,Normal,2Vehicles-Side,1,Monday,20,False,False
201800034980,NonLethal,Daylight,Yes,X-type,Normal,2Vehicles-Behind,5,Wednesday,13,False,False
201800020335,NonLethal,Daylight,No,NoIntersection,Normal,Other,12,Friday,16,False,False
201800012207,NonLethal,Daylight,Yes,Other,Normal,Other,7,Wednesday,16,False,False
201800029147,NonLethal,NightStreelightsOn,Yes,NoIntersection,Normal,Other,12,Monday,20,False,False
201800020200,NonLethal,NightNoStreetLight,No,T-type,Normal,2Vehicles-BehindVehicles-Frontal,7,Sunday,1,True,True
201800015625,NonLethal,Daylight,No,NoIntersection,VeryGood,2Vehicles-Behind,6,Thursday,11,False,False
201800013258,NonLethal,Daylight,Yes,NoIntersection,Normal,2Vehicles-Side,6,Friday,17,False,False
201800022657,NonLethal,NightNoStreetLight,No,Y-type,Normal,Other,11,Sunday,3,True,True
201800000318,NonLethal,Daylight,No,Roundabout,VeryGood,Other,10,Thursday,18,False,False
201800051479,NonLethal,Daylight,Yes,T-type,Normal,2Vehicles-Side,4,Wednesday,10,False,False
201800037816,NonLethal,NightStreelightsOn,Yes,NoIntersection,Normal,2Vehicles-BehindVehicles-Frontal,6,Monday,23,False,False
201800028672,NonLethal,Daylight,No,NoIntersection,Normal,3+Vehicles-Multiple,1,Tuesday,12,False,False
201800041191,NonLethal,Daylight,Yes,NoIntersection,Normal,2Vehicles-Side,1,Tuesday,11,False,False
201800057180,NonLethal,Daylight,Yes,NoIntersection,Normal,3+Vehicles-Chain,4,Thursday,6,False,True
201800049339,NonLethal,Daylight,No,NoIntersection,Normal,3+Vehicles-Chain,5,Friday,15,False,False
201800006653,Lethal,NightNoStreetLight,No,NoIntersection,LightRain,Other,11,Monday,21,False,False
201800025650,NonLethal,NightStreelightsOn,Yes,NoIntersection,LightRain,2Vehicles-Side,12,Sunday,21,True,False
201800038481,NonLethal,Daylight,Yes,NoIntersection,Normal,Other,9,Tuesday,12,False,False
201800015468,NonLethal,NightNoStreetLight,No,NoIntersection,Normal,Other,8,Sunday,23,True,False
201800021480,NonLethal,NightStreelightsOn,Yes,X-type,LightRain,2Vehicles-Side,1,Tuesday,18,False,False
201800021976,NonLethal,Daylight,No,X-type,Normal,2Vehicles-Side,7,Sunday,16,True,False
201800038321,NonLethal,Daylight,Yes,X-type,Normal,2Vehicles-Side,8,Thursday,18,False,False
201800004250,NonLethal,NightNoStreetLight,No,NoIntersection,Overcast,Other,5,Tuesday,1,False,True
201800000995,NonLethal,Daylight,No,NoIntersection,Normal,2Vehicles-Side,5,Tuesday,15,False,False
201800038037,NonLethal,Daylight,Yes,Y-type,Normal,Other,11,Wednesday,6,False,True
201800003310,NonLethal,Daylight,Yes,NoIntersection,Normal,Other,4,Friday,13,False,False
201800029944,NonLethal,NightStreelightsOn,Yes,T-type,Normal,2Vehicles-Side,1,Monday,21,False,False
201800031207,NonLethal,NightStreelightsOff,No,NoIntersection,Normal,Other,8,Friday,5,False,True
201800044900,NonLethal,Daylight,No,NoIntersection,Normal,Other,5,Tuesday,20,False,False
201800026872,NonLethal,Daylight,Yes,MoreThan4Branches,Normal,2Vehicles-Side,7,Saturday,16,True,False
201800053190,NonLethal,Daylight,Yes,T-type,Normal,Other,11,Monday,9,False,False
201800042306,NonLethal,NightStreelightsOn,Yes,X-type,Normal,2Vehicles-Side,6,Tuesday,21,False,False
201800033546,NonLethal,Daylight,Yes,NoIntersection,LightRain,Other,1,Wednesday,16,False,False
201800048181,NonLethal,Daylight,No,Other,Normal,Other,4,Wednesday,13,False,False
201800038795,NonLethal,Daylight,Yes,NoIntersection,Normal,Other,1,Sunday,11,True,False
201800006572,Lethal,NightNoStreetLight,No,NoIntersection,Normal,2Vehicles-Behind,7,Friday,5,False,True
201800035253,NonLethal,Daylight,Yes,NoIntersection,VeryGood,2Vehicles-Side,6,Friday,10,False,False
201800043322,NonLethal,Daylight,Yes,NoIntersection,Normal,Other,5,Tuesday,11,False,False
201800047059,NonLethal,NightNoStreetLight,No,NoIntersection,Normal,2Vehicles-Behind,11,Sunday,6,True,True
201800048151,NonLethal,Daylight,Yes,T-type,Normal,2Vehicles-Side,3,Thursday,14,False,False
201800023704,NonLethal,NightStreelightsOff,Yes,NoIntersection,Normal,2Vehicles-BehindVehicles-Frontal,11,Saturday,7,True,False
201800028819,NonLethal,Daylight,Yes,NoIntersection,Normal,Other,3,Saturday,18,True,False
201800053469,NonLethal,Daylight,Yes,X-type,Normal,Other,3,Thursday,11,False,False
201800012483,NonLethal,Daylight,Yes,NoIntersection,Normal,2Vehicles-Side,3,Sunday,16,True,False
201800007099,NonLethal,Daylight,Yes,NoIntersection,VeryGood,Other,12,Tuesday,8,False,False
201800041158,NonLethal,Daylight,Yes,T-type,Normal,Other,8,Saturday,14,True,False
201800003715,NonLethal,Daylight,No,NoIntersection,Normal,2Vehicles-Side,11,Thursday,19,False,False
201800039131,NonLethal,Daylight,Yes,X-type,Normal,2Vehicles-BehindVehicles-Frontal,5,Friday,19,False,False
201800040976,NonLethal,NightStreelightsOn,Yes,NoIntersection,Normal,2Vehicles-Behind,12,Tuesday,19,False,False
201800026030,NonLethal,Daylight,Yes,NoIntersection,Normal,2Vehicles-Side,8,Saturday,14,True,False
201800003630,NonLethal,Daylight,No,NoIntersection,Normal,NoCollision,4,Friday,19,False,False
201800039801,NonLethal,Daylight,Yes,NoIntersection,Normal,2Vehicles-Behind,5,Sunday,17,True,False
201800044996,NonLethal,Daylight,No,NoIntersection,Normal,2Vehicles-Behind,6,Wednesday,10,False,False
201800018473,NonLethal,NightNoStreetLight,Yes,NoIntersection,Normal,NoCollision,8,Tuesday,2,False,True
201800049002,NonLethal,Daylight,No,NoIntersection,Normal,2Vehicles-Behind,9,Thursday,18,False,False
201800049243,NonLethal,Daylight,No,NoIntersection,Normal,3+Vehicles-Chain,7,Sunday,9,True,False
201800026507,NonLethal,NightStreelightsOn,Yes,NoIntersection,Normal,Other,12,Sunday,1,True,True
201800041956,NonLethal,NightStreelightsOn,Yes,NoIntersection,Normal,Other,2,Sunday,23,True,False
201800022617,NonLethal,Daylight,Yes,NoIntersection,Normal,Other,1,Wednesday,10,False,False
201800055430,NonLethal,Daylight,Yes,NoIntersection,Normal,2Vehicles-Behind,6,Saturday,10,True,False
201800014630,NonLethal,Daylight,Yes,Roundabout,VeryGood,2Vehicles-Side,6,Thursday,8,False,False
201800013016,NonLethal,Daylight,No,X-type,Normal,2Vehicles-Side,6,Wednesday,16,False,False
201800000139,NonLethal,Daylight,No,NoIntersection,Normal,2Vehicles-Behind,3,Saturday,7,True,False
201800039058,NonLethal,Daylight,Yes,NoIntersection,Normal,Other,1,Sunday,16,True,False
201800034521,NonLethal,Daylight,No,X-type,Normal,2Vehicles-Behind,7,Friday,15,False,False
201800053061,NonLethal,Daylight,Yes,NoIntersection,Normal,NoCollision,6,Thursday,17,False,False
201800047420,NonLethal,Daylight,Yes,NoIntersection,Normal,Other,3,Tuesday,13,False,False
201800011729,NonLethal,Daylight,No,NoIntersection,Normal,NoCollision,6,Friday,10,False,False
201800040784,NonLethal,NightStreelightsOn,Yes,X-type,Normal,2Vehicles-BehindVehicles-Frontal,10,Tuesday,19,False,False
201800042380,NonLethal,Daylight,Yes,NoIntersection,Normal,3+Vehicles-Multiple,5,Thursday,17,False,False
201800039785,NonLethal,Daylight,No,T-type,Normal,Other,5,Friday,20,False,False
201800057659,NonLethal,Daylight,Yes,NoIntersection,Normal,2Vehicles-Side,2,Wednesday,14,False,False
201800028616,Lethal,NightNoStreetLight,Yes,NoIntersection,Normal,Other,11,Tuesday,17,False,False
201800037650,NonLethal,TwilightOrDawn,Yes,T-type,Normal,2Vehicles-Side,11,Thursday,17,False,False
201800018340,NonLethal,Daylight,No,NoIntersection,Normal,2Vehicles-Side,8,Thursday,11,False,False
201800022646,NonLethal,TwilightOrDawn,No,NoIntersection,LightRain,2Vehicles-BehindVehicles-Frontal,5,Sunday,7,True,False
201800056031,NonLethal,Daylight,Yes,X-type,VeryGood,2Vehicles-Side,7,Friday,14,False,False
201800028051,NonLethal,Daylight,Yes,Square,Normal,2Vehicles-BehindVehicles-Frontal,7,Sunday,14,True,False
201800047975,NonLethal,Daylight,No,NoIntersection,Normal,3+Vehicles-Chain,9,Thursday,17,False,False
201800037633,NonLethal,Daylight,Yes,NoIntersection,Normal,2Vehicles-Behind,9,Tuesday,12,False,False
201800053752,NonLethal,Daylight,Yes,T-type,Normal,Other,7,Wednesday,13,False,False
201800019069,NonLethal,Daylight,Yes,NoIntersection,Normal,3+Vehicles-Multiple,10,Wednesday,16,False,False
201800037591,NonLethal,Daylight,Yes,NoIntersection,Normal,2Vehicles-Side,4,Thursday,7,False,False
201800048837,NonLethal,NightStreelightsOn,No,NoIntersection,Normal,2Vehicles-Side,5,Thursday,21,False,False
201800008161,NonLethal,Daylight,Yes,T-type,Normal,Other,5,Wednesday,18,False,False
201800031659,NonLethal,Daylight,Yes,X-type,Normal,2Vehicles-Side,2,Monday,11,False,False
201800039192,NonLethal,TwilightOrDawn,Yes,T-type,LightRain,3+Vehicles-Multiple,6,Wednesday,20,False,False
201800053060,NonLethal,Daylight,Yes,Square,VeryGood,Other,6,Thursday,10,False,False
201800041320,Lethal,NightStreelightsOn,Yes,X-type,HeavyRain,Other,1,Friday,20,False,False
201800024707,NonLethal,Daylight,Yes,T-type,LightRain,Other,3,Wednesday,8,False,False
201800035473,NonLethal,Daylight,Yes,NoIntersection,Normal,2Vehicles-Side,2,Thursday,14,False,False
201800057703,NonLethal,Daylight,No,NoIntersection,Normal,2Vehicles-BehindVehicles-Frontal,8,Thursday,16,False,False
201800016575,NonLethal,Daylight,No,NoIntersection,Normal,Other,5,Saturday,12,True,False
201800022647,NonLethal,Daylight,Yes,NoIntersection,Normal,2Vehicles-Behind,5,Thursday,17,False,False
201800001505,NonLethal,NightNoStreetLight,Yes,NoIntersection,Normal,NoCollision,2,Friday,23,False,False
201800018884,NonLethal,NightNoStreetLight,No,NoIntersection,LightRain,3+Vehicles-Multiple,7,Wednesday,18,False,False
201800056669,NonLethal,Daylight,No,NoIntersection,Normal,Other,12,Sunday,15,True,False
201800048508,NonLethal,Daylight,Yes,NoIntersection,Normal,2Vehicles-BehindVehicles-Frontal,9,Sunday,15,True,False
201800001087,NonLethal,Daylight,Yes,NoIntersection,Normal,Other,8,Friday,13,False,False
201800035608,NonLethal,Daylight,No,NoIntersection,StrongWindOrStorm,2Vehicles-BehindVehicles-Frontal,10,Monday,14,False,False
201800032347,NonLethal,TwilightOrDawn,Yes,X-type,Normal,2Vehicles-Behind,1,Friday,8,False,False
201800039551,NonLethal,Daylight,Yes,Roundabout,Normal,2Vehicles-Side,3,Friday,8,False,False
201800015742,NonLethal,Daylight,Yes,NoIntersection,Normal,Other,7,Friday,9,False,False
201800032141,NonLethal,Daylight,Yes,T-type,Normal,2Vehicles-Side,12,Wednesday,11,False,False
201800018901,NonLethal,Daylight,Yes,T-type,Normal,2Vehicles-Behind,1,Monday,9,False,False
201800035387,NonLethal,Daylight,Yes,Other,HeavyRain,2Vehicles-Behind,6,Wednesday,10,False,False
201800001963,NonLethal,Daylight,No,NoIntersection,Normal,2Vehicles-Side,8,Saturday,18,True,False
201800024076,NonLethal,NightStreelightsOn,Yes,T-type,Normal,2Vehicles-BehindVehicles-Frontal,1,Monday,5,False,True
201800009063,NonLethal,TwilightOrDawn,Yes,NoIntersection,Overcast,Other,5,Sunday,6,True,True
201800000621,NonLethal,NightNoStreetLight,No,NoIntersection,Normal,Other,8,Tuesday,23,False,False
201800007173,NonLethal,NightStreelightsOn,Yes,X-type,Overcast,2Vehicles-Behind,6,Saturday,0,True,True
201800056081,NonLethal,Daylight,No,NoIntersection,Normal,Other,9,Sunday,10,True,False
201800018250,NonLethal,Daylight,Yes,NoIntersection,LightRain,NoCollision,6,Tuesday,12,False,False
201800026521,NonLethal,Daylight,No,NoIntersection,Normal,Other,2,Wednesday,11,False,False
201800046538,NonLethal,NightNoStreetLight,No,NoIntersection,LightRain,NoCollision,4,Sunday,23,True,False
201800001956,NonLethal,Daylight,No,NoIntersection,Normal,Other,12,Thursday,7,False,False
201800003984,Lethal,Daylight,No,NoIntersection,HeavyRain,NoCollision,6,Sunday,14,True,False
201800028271,NonLethal,TwilightOrDawn,Yes,NoIntersection,Normal,2Vehicles-Side,5,Saturday,20,True,False
201800016029,NonLethal,TwilightOrDawn,No,NoIntersection,Normal,2Vehicles-BehindVehicles-Frontal,5,Tuesday,19,False,False
201800004497,NonLethal,Daylight,Yes,NoIntersection,Normal,Other,8,Wednesday,17,False,False
201800022842,NonLethal,Daylight,Yes,NoIntersection,Normal,NoCollision,4,Saturday,16,True,False
201800016131,NonLethal,Daylight,No,NoIntersection,Normal,2Vehicles-Side,4,Friday,15,False,False
201800035966,NonLethal,NightStreelightsOn,No,NoIntersection,LightRain,Other,1,Monday,4,False,True
201800019675,NonLethal,Daylight,Yes,NoIntersection,Normal,NoCollision,7,Saturday,10,True,False
201800020930,Lethal,Daylight,Yes,NoIntersection,Normal,Other,3,Saturday,11,True,False
201800043332,NonLethal,Daylight,Yes,NoIntersection,Normal,Other,6,Friday,20,False,False
201800051889,NonLethal,NightStreelightsOn,Yes,Y-type,Normal,Other,12,Tuesday,20,False,False
201800024812,NonLethal,Daylight,Yes,NoIntersection,Normal,Other,6,Thursday,22,False,False
201800054251,NonLethal,Daylight,Yes,NoIntersection,Normal,Other,5,Friday,11,False,False
201800042476,NonLethal,TwilightOrDawn,Yes,NoIntersection,Normal,Other,6,Saturday,6,True,True
201800020577,NonLethal,Daylight,Yes,NoIntersection,Normal,2Vehicles-Behind,9,Tuesday,9,False,False
201800034942,NonLethal,NightStreelightsOn,Yes,Roundabout,Normal,NoCollision,12,Tuesday,4,False,True
201800028169,NonLethal,NightStreelightsOn,Yes,X-type,LightRain,2Vehicles-Side,11,Sunday,18,True,False
201800054353,NonLethal,NightStreelightsOn,Yes,T-type,Normal,Other,10,Wednesday,0,False,True
201800039579,NonLethal,NightStreelightsOn,Yes,X-type,Normal,Other,9,Sunday,23,True,False
201800015923,NonLethal,Daylight,No,NoIntersection,Normal,Other,11,Sunday,8,True,False
201800040239,NonLethal,Daylight,Yes,NoIntersection,HeavyRain,2Vehicles-Side,11,Saturday,13,True,False
201800031550,Lethal,NightNoStreetLight,No,NoIntersection,Normal,Other,6,Sunday,0,True,True
201800048992,NonLethal,Daylight,No,NoIntersection,Normal,2Vehicles-Behind,10,Tuesday,17,False,False
201800040393,NonLethal,NightStreelightsOn,Yes,NoIntersection,Normal,2Vehicles-Behind,1,Monday,7,False,False
201800011031,NonLethal,Daylight,Yes,NoIntersection,Normal,2Vehicles-BehindVehicles-Frontal,6,Thursday,16,False,False
201800034797,NonLethal,NightStreelightsOn,Yes,NoIntersection,Normal,2Vehicles-BehindVehicles-Frontal,10,Sunday,7,True,False
201800000539,NonLethal,Daylight,No,NoIntersection,Normal,2Vehicles-BehindVehicles-Frontal,5,Friday,18,False,False
201800022114,NonLethal,Daylight,Yes,NoIntersection,Normal,2Vehicles-Side,10,Thursday,7,False,False
201800035116,NonLethal,Daylight,No,X-type,FogOrSmoke,2Vehicles-Side,12,Sunday,8,True,False
201800000368,NonLethal,NightStreelightsOn,Yes,T-type,LightRain,2Vehicles-Side,11,Wednesday,18,False,False
201800023162,NonLethal,NightNoStreetLight,Yes,NoIntersection,Normal,2Vehicles-Side,7,Monday,23,False,False
201800010471,NonLethal,Daylight,No,NoIntersection,Normal,Other,10,Wednesday,10,False,False
201800014610,NonLethal,TwilightOrDawn,No,NoIntersection,Normal,Other,7,Saturday,5,True,True
201800039072,NonLethal,Daylight,Yes,NoIntersection,Normal,2Vehicles-Side,5,Saturday,14,True,False
201800003349,NonLethal,NightNoStreetLight,No,NoIntersection,Normal,NoCollision,11,Sunday,18,True,False
201800027628,NonLethal,TwilightOrDawn,Yes,Roundabout,Normal,2Vehicles-Side,3,Wednesday,7,False,False
201800008133,NonLethal,TwilightOrDawn,Yes,Roundabout,Normal,2Vehicles-Behind,12,Thursday,16,False,False
201800046683,NonLethal,Daylight,No,NoIntersection,Normal,3+Vehicles-Chain,6,Monday,17,False,False
201800008720,NonLethal,Daylight,Yes,X-type,Normal,2Vehicles-Side,3,Friday,14,False,False
201800038432,NonLethal,Daylight,Yes,NoIntersection,Normal,Other,4,Friday,17,False,False
201800053035,NonLethal,Daylight,Yes,T-type,Overcast,Other,4,Friday,17,False,False
201800054860,NonLethal,NightStreelightsOn,Yes,Square,LightRain,Other,11,Sunday,17,True,False
201800048725,NonLethal,NightStreelightsOn,Yes,NoIntersection,Normal,Other,12,Saturday,5,True,True
201800051769,NonLethal,Daylight,Yes,X-type,Normal,2Vehicles-Behind,1,Sunday,15,True,False
201800014969,NonLethal,Daylight,Yes,NoIntersection,LightRain,Other,4,Thursday,8,False,False
201800005970,NonLethal,Daylight,No,NoIntersection,Normal,2Vehicles-Side,6,Sunday,13,True,False
201800028485,NonLethal,NightStreelightsOn,Yes,NoIntersection,Other,Other,7,Monday,1,False,True
201800018839,NonLethal,Daylight,No,NoIntersection,Normal,Other,4,Wednesday,13,False,False
201800010882,Lethal,NightNoStreetLight,No,X-type,Normal,Other,10,Friday,22,False,False
201800011777,NonLethal,Daylight,No,NoIntersection,Normal,2Vehicles-Side,7,Friday,14,False,False
201800045377,Lethal,Daylight,No,NoIntersection,Normal,2Vehicles-Behind,10,Saturday,17,True,False
201800052994,NonLethal,Daylight,Yes,T-type,Normal,Other,3,Monday,15,False,False
201800048993,NonLethal,TwilightOrDawn,No,NoIntersection,Normal,3+Vehicles-Chain,9,Tuesday,7,False,False
201800008024,NonLethal,Daylight,Yes,T-type,Overcast,2Vehicles-BehindVehicles-Frontal,3,Friday,11,False,False
201800034075,NonLethal,Daylight,Yes,NoIntersection,Normal,2Vehicles-Behind,10,Wednesday,16,False,False
201800004922,NonLethal,NightStreelightsOn,No,NoIntersection,LightRain,Other,12,Saturday,23,True,False
201800002281,NonLethal,Daylight,No,NoIntersection,Normal,2Vehicles-Side,11,Wednesday,13,False,False
201800036403,NonLethal,Daylight,Yes,NoIntersection,Normal,Other,2,Tuesday,9,False,False
201800037450,NonLethal,Daylight,Yes,NoIntersection,Normal,2Vehicles-Behind,1,Saturday,17,True,False
201800024262,NonLethal,Daylight,Yes,T-type,Overcast,2Vehicles-Side,2,Thursday,11,False,False
201800028338,NonLethal,Daylight,Yes,NoIntersection,Normal,2Vehicles-Side,2,Friday,9,False,False
201800022840,NonLethal,Daylight,Yes,NoIntersection,Normal,2Vehicles-BehindVehicles-Frontal,4,Sunday,16,True,False
201800041997,NonLethal,Daylight,Yes,NoIntersection,Normal,2Vehicles-Side,5,Thursday,6,False,True
201800045236,NonLethal,Daylight,No,NoIntersection,LightRain,3+Vehicles-Multiple,9,Sunday,15,True,False
201800022660,NonLethal,Daylight,No,NoIntersection,Normal,2Vehicles-BehindVehicles-Frontal,2,Monday,16,False,False
201800019546,Lethal,Daylight,Yes,NoIntersection,Normal,2Vehicles-BehindVehicles-Frontal,11,Tuesday,11,False,False
201800043503,NonLethal,NightNoStreetLight,No,NoIntersection,Normal,2Vehicles-BehindVehicles-Frontal,11,Wednesday,17,False,False
201800032323,NonLethal,Daylight,Yes,T-type,Normal,2Vehicles-Side,1,Friday,13,False,False
201800010180,NonLethal,Daylight,Yes,NoIntersection,Normal,Other,12,Wednesday,13,False,False
201800003439,NonLethal,Daylight,Yes,T-type,VeryGood,Other,2,Tuesday,10,False,False
201800039276,NonLethal,NightStreelightsOn,Yes,X-type,Normal,2Vehicles-Side,8,Tuesday,0,False,True
201800033232,NonLethal,Daylight,No,NoIntersection,Normal,Other,7,Sunday,9,True,False
201800048216,NonLethal,Daylight,Yes,NoIntersection,Overcast,2Vehicles-Behind,5,Tuesday,19,False,False
201800011007,NonLethal,Daylight,No,NoIntersection,Normal,NoCollision,10,Saturday,19,True,False
201800014290,NonLethal,Daylight,Yes,NoIntersection,Normal,2Vehicles-Behind,9,Saturday,9,True,False
201800052099,NonLethal,Daylight,Yes,NoIntersection,Normal,Other,7,Tuesday,11,False,False
201800047357,NonLethal,Daylight,Yes,X-type,Normal,Other,2,Thursday,16,False,False
201800049820,NonLethal,NightNoStreetLight,No,NoIntersection,Normal,2Vehicles-Side,5,Thursday,22,False,False
201800054987,NonLethal,TwilightOrDawn,Yes,X-type,Normal,2Vehicles-Side,4,Sunday,20,True,False
201800033836,NonLethal,Daylight,Yes,X-type,Normal,Other,2,Friday,14,False,False
201800036768,NonLethal,Daylight,Yes,NoIntersection,Normal,3+Vehicles-Chain,5,Friday,19,False,False
201800005878,NonLethal,NightStreelightsOn,Yes,NoIntersection,Normal,Other,12,Friday,5,False,True
201800050013,NonLethal,Daylight,No,NoIntersection,Normal,3+Vehicles-Chain,9,Monday,8,False,False
201800033146,NonLethal,Daylight,Yes,Roundabout,Normal,2Vehicles-Side,10,Monday,15,False,False
201800011076,NonLethal,NightStreelightsOn,Yes,NoIntersection,Normal,Other,1,Friday,18,False,False
201800007189,NonLethal,Daylight,No,NoIntersection,LightRain,Other,4,Saturday,11,True,False
201800047031,NonLethal,Daylight,No,NoIntersection,LightRain,2Vehicles-Behind,11,Sunday,8,True,False
201800002619,NonLethal,Daylight,Yes,NoIntersection,Normal,Other,3,Thursday,19,False,False
201800038561,NonLethal,Daylight,Yes,NoIntersection,Normal,Other,4,Friday,18,False,False
201800046435,NonLethal,NightNoStreetLight,No,NoIntersection,Normal,3+Vehicles-Multiple,2,Tuesday,22,False,False
201800035309,NonLethal,NightNoStreetLight,Yes,NoIntersection,Normal,2Vehicles-Side,12,Friday,6,False,True
201800055834,NonLethal,NightNoStreetLight,No,NoIntersection,Normal,Other,12,Monday,5,False,True
201800051740,NonLethal,Daylight,Yes,X-type,Normal,2Vehicles-Side,6,Monday,18,False,False
201800043213,NonLethal,Daylight,Yes,NoIntersection,Normal,Other,5,Friday,19,False,False
201800055657,NonLethal,Daylight,Yes,Y-type,Normal,NoCollision,10,Tuesday,18,False,False
201800001466,NonLethal,NightNoStreetLight,No,NoIntersection,LightRain,Other,2,Wednesday,23,False,False
201800044689,NonLethal,TwilightOrDawn,No,NoIntersection,LightRain,Other,3,Thursday,7,False,False
201800014634,NonLethal,Daylight,Yes,NoIntersection,Normal,Other,10,Thursday,10,False,False
201800038275,NonLethal,Daylight,Yes,NoIntersection,Normal,Other,5,Friday,13,False,False
201800044842,NonLethal,Daylight,No,NoIntersection,Normal,Other,5,Tuesday,6,False,True
201800010340,NonLethal,NightStreelightsOn,Yes,NoIntersection,Normal,2Vehicles-Behind,6,Tuesday,7,False,False
201800030598,NonLethal,Daylight,Yes,X-type,Normal,2Vehicles-Side,12,Saturday,11,True,False
201800006529,NonLethal,Daylight,No,NoIntersection,Normal,3+Vehicles-Multiple,3,Wednesday,15,False,False
201800050467,NonLethal,Daylight,Yes,NoIntersection,Normal,Other,7,Wednesday,20,False,False
201800001987,NonLethal,NightNoStreetLight,No,NoIntersection,FogOrSmoke,NoCollision,10,Thursday,20,False,False
201800018165,NonLethal,NightNoStreetLight,No,NoIntersection,Normal,2Vehicles-BehindVehicles-Frontal,10,Thursday,22,False,False
201800037420,NonLethal,TwilightOrDawn,Yes,T-type,Normal,2Vehicles-Side,3,Monday,19,False,False
201800036791,NonLethal,NightNoStreetLight,No,NoIntersection,LightRain,3+Vehicles-Chain,10,Sunday,2,True,True
201800010970,NonLethal,Daylight,Yes,X-type,Normal,2Vehicles-Side,12,Saturday,12,True,False
201800040256,NonLethal,NightStreelightsOn,Yes,T-type,Normal,2Vehicles-Side,12,Friday,19,False,False
201800001120,NonLethal,Daylight,Yes,T-type,Normal,2Vehicles-BehindVehicles-Frontal,10,Saturday,11,True,False
201800055837,NonLethal,Daylight,Yes,NoIntersection,Normal,Other,6,Thursday,14,False,False
201800051997,NonLethal,NightStreelightsOn,Yes,T-type,Normal,Other,4,Monday,22,False,False
201800027275,NonLethal,Daylight,Yes,NoIntersection,Normal,Other,5,Sunday,14,True,False
201800006222,NonLethal,Daylight,Yes,X-type,Normal,3+Vehicles-Multiple,3,Wednesday,11,False,False
201800036762,NonLethal,Daylight,Yes,X-type,LightRain,Other,1,Tuesday,16,False,False
201800056733,NonLethal,Daylight,No,T-type,Normal,2Vehicles-Side,2,Saturday,7,True,False
201800041389,NonLethal,Daylight,Yes,MoreThan4Branches,Normal,2Vehicles-Side,1,Saturday,15,True,False
201800015258,NonLethal,NightNoStreetLight,No,NoIntersection,LightRain,NoCollision,2,Saturday,3,True,True
201800028548,NonLethal,NightStreelightsOn,Yes,NoIntersection,Normal,Other,9,Friday,20,False,False
201800022536,NonLethal,Daylight,Yes,Roundabout,Normal,Other,1,Saturday,17,True,False
201800022075,NonLethal,Daylight,Yes,NoIntersection,Normal,Other,6,Wednesday,15,False,False
201800039832,NonLethal,Daylight,Yes,NoIntersection,Normal,Other,9,Thursday,16,False,False
201800047752,NonLethal,TwilightOrDawn,Yes,Other,Normal,Other,9,Tuesday,19,False,False
201800044951,NonLethal,Daylight,No,NoIntersection,LightRain,2Vehicles-Behind,6,Wednesday,11,False,False
201800049813,NonLethal,Daylight,No,NoIntersection,Normal,3+Vehicles-Chain,4,Monday,9,False,False
201800038402,NonLethal,Daylight,Yes,NoIntersection,Normal,Other,1,Thursday,16,False,False
201800039525,NonLethal,Daylight,Yes,T-type,Normal,Other,10,Monday,18,False,False
201800011876,NonLethal,Daylight,No,NoIntersection,Normal,Other,9,Thursday,12,False,False
201800048122,NonLethal,NightStreelightsOn,Yes,NoIntersection,HeavyRain,NoCollision,3,Saturday,3,True,True
201800010063,NonLethal,TwilightOrDawn,Yes,NoIntersection,Normal,3+Vehicles-Multiple,11,Wednesday,19,False,False
201800053266,NonLethal,Daylight,Yes,Y-type,Normal,2Vehicles-Side,2,Monday,15,False,False
201800000871,NonLethal,Daylight,Yes,Other,Normal,2Vehicles-Side,9,Tuesday,12,False,False
201800057265,NonLethal,Daylight,Yes,Other,Normal,2Vehicles-Side,1,Monday,11,False,False
201800017160,NonLethal,NightNoStreetLight,No,NoIntersection,LightRain,2Vehicles-BehindVehicles-Frontal,9,Wednesday,21,False,False
201800045387,NonLethal,Daylight,No,NoIntersection,Normal,3+Vehicles-Multiple,10,Tuesday,16,False,False
201800005739,NonLethal,Daylight,No,NoIntersection,Normal,Other,7,Tuesday,17,False,False
201800003416,NonLethal,Daylight,No,NoIntersection,Normal,2Vehicles-Side,6,Friday,20,False,False
201800046719,NonLethal,Daylight,No,NoIntersection,Normal,2Vehicles-Behind,7,Sunday,20,True,False
201800045024,NonLethal,NightNoStreetLight,No,NoIntersection,Normal,Other,6,Friday,0,False,True
201800047413,NonLethal,Daylight,Yes,NoIntersection,Normal,2Vehicles-Side,12,Monday,8,False,False
201800033527,NonLethal,Daylight,Yes,NoIntersection,Normal,Other,9,Monday,16,False,False
201800007090,NonLethal,Daylight,Yes,NoIntersection,Normal,Other,5,Thursday,13,False,False
201800007121,NonLethal,NightNoStreetLight,No,NoIntersection,SnowOrHail,Other,1,Wednesday,3,False,True
201800011204,NonLethal,NightNoStreetLight,No,NoIntersection,LightRain,2Vehicles-BehindVehicles-Frontal,7,Tuesday,19,False,False
201800011713,Lethal,Daylight,No,NoIntersection,Normal,NoCollision,3,Thursday,16,False,False