AccidentId,Gravity,Light,InAgglomeration,IntersectionType,Weather,CollisionType,Month,DayOfWeek,HourOfDay,IsWeekend,IsNight
201800036781,NonLethal,Daylight,Yes,NoIntersection,Normal,2Vehicles-Side,4,Monday,9,False,False
201800015446,NonLethal,Daylight,No,T-type,Normal,2Vehicles-Behind,8,Friday,18,False,False
201800025168,NonLethal,NightStreelightsOn,Yes,NoIntersection,Normal,Other,11,Thursday,6,False,True
201800000884,NonLethal,Daylight,Yes,NoIntersection,Normal,2Vehicles-Side,8,Tuesday,18,False,False
201800049954,NonLethal,Daylight,No,NoIntersection,Normal,2Vehicles-Behind,7,Tuesday,10,False,False
201800048052,NonLethal,Daylight,Yes,X-type,LightRain,Other,1,Friday,14,False,False
201800023542,Lethal,TwilightOrDawn,No,NoIntersection,Normal,3+Vehicles-Multiple,10,Wednesday,7,False,False
201800037555,NonLethal,TwilightOrDawn,Yes,T-type,Normal,2Vehicles-Side,8,Saturday,21,True,False
201800044240,NonLethal,Daylight,No,NoIntersection,LightRain,NoCollision,9,Tuesday,17,False,False
201800053007,NonLethal,Daylight,Yes,NoIntersection,Normal,2Vehicles-Behind,5,Friday,18,False,False
201800017663,NonLethal,Daylight,Yes,NoIntersection,Normal,Other,7,Sunday,17,True,False
201800017624,NonLethal,NightNoStreetLight,No,NoIntersection,Normal,Other,11,Sunday,18,True,False
201800035554,NonLethal,Daylight,Yes,NoIntersection,Normal,Other,6,Tuesday,12,False,False
201800036888,NonLethal,Daylight,Yes,NoIntersection,Normal,Other,12,Friday,9,False,False
201800025112,NonLethal,Daylight,Yes,Y-type,Normal,2Vehicles-Behind,2,Sunday,16,True,False
201800042915,NonLethal,Daylight,Yes,NoIntersection,Normal,Other,9,Saturday,18,True,False
201800039513,NonLethal,NightStreelightsOn,Yes,NoIntersection,Normal,Other,9,Saturday,20,True,False
201800053080,NonLethal,Daylight,Yes,T-type,VeryGood,Other,7,Monday,9,False,False
201800035428,NonLethal,Daylight,Yes,NoIntersection,VeryGood,Other,6,Sunday,17,True,False
201800005609,NonLethal,Daylight,Yes,NoIntersection,Normal,Other,8,Friday,8,False,False
201800019091,NonLethal,NightStreelightsOn,No,NoIntersection,Normal,Other,2,Sunday,18,True,False
201800022763,NonLethal,Daylight,Yes,NoIntersection,Normal,3+Vehicles-Multiple,10,Monday,11,False,False
201800051462,NonLethal,Daylight,Yes,NoIntersection,Normal,Other,3,Friday,13,False,False
201800012951,NonLethal,Daylight,No,NoIntersection,Normal,NoCollision,5,Sunday,16,True,False
201800002416,NonLethal,Daylight,Yes,NoIntersection,Normal,Other,9,Thursday,9,False,False
201800013318,NonLethal,Daylight,Yes,NoIntersection,Normal,Other,2,Friday,15,False,False
201800051857,NonLethal,NightStreelightsOn,Yes,X-type,Normal,Other,9,Tuesday,22,False,False
201800044078,NonLethal,Daylight,No,NoIntersection,Normal,2Vehicles-Behind,6,Monday,18,False,False
201800042260,NonLethal,Daylight,Yes,X-type,Overcast,2Vehicles-Side,4,Saturday,11,True,False
201800020692,NonLethal,Daylight,Yes,NoIntersection,Normal,Other,9,Tuesday,15,False,False
201800002131,NonLethal,NightNoStreetLight,No,NoIntersection,Normal,Other,8,Sunday,3,True,True
201800048768,NonLethal,Daylight,Yes,NoIntersection,Normal,Other,12,Thursday,15,False,False
201800007136,NonLethal,Daylight,No,Other,Normal,2Vehicles-BehindVehicles-Frontal,6,Tuesday,17,False,False
201800041240,NonLethal,Daylight,No,Roundabout,Normal,2Vehicles-Side,3,Tuesday,11,False,False
201800056763,NonLethal,Daylight,Yes,Other,Normal,2Vehicles-Side,9,Wednesday,11,False,False
201800052643,NonLethal,NightStreelightsOn,Yes,T-type,Overcast,Other,1,Sunday,18,True,False
201800050870,NonLethal,Daylight,Yes,NoIntersection,Normal,2Vehicles-Side,4,Friday,14,False,False
201800001078,NonLethal,NightNoStreetLight,No,NoIntersection,Normal,Other,10,Tuesday,2,False,True
201800013221,NonLethal,Daylight,No,NoIntersection,Normal,2Vehicles-BehindVehicles-Frontal,1,Thursday,16,False,False
201800030199,NonLethal,Daylight,Yes,NoIntersection,Normal,2Vehicles-Behind,11,Wednesday,13,False,False
201800018908,NonLethal,NightNoStreetLight,No,NoIntersection,Overcast,Other,10,Saturday,21,True,False
201800038653,NonLethal,Daylight,Yes,NoIntersection,HeavyRain,2Vehicles-Behind,7,Thursday,14,False,False
201800053588,NonLethal,Daylight,Yes,NoIntersection,Normal,2Vehicles-Behind,11,Thursday,15,False,False
201800009836,NonLethal,Daylight,Yes,NoIntersection,Normal,Other,10,Wednesday,9,False,False
201800021077,NonLethal,Daylight,Yes,NoIntersection,Normal,Other,4,Saturday,12,True,False
201800055286,NonLethal,Daylight,Yes,Y-type,Normal,2Vehicles-Behind,12,Monday,16,False,False
201800056321,NonLethal,Daylight,No,NoIntersection,Normal,2Vehicles-Side,10,Thursday,13,False,False
201800033469,NonLethal,Daylight,Yes,NoIntersection,Normal,2Vehicles-Side,4,Friday,6,False,True
201800020052,NonLethal,Daylight,No,NoIntersection,Normal,2Vehicles-BehindVehicles-Frontal,10,Sunday,11,True,False
201800016446,NonLethal,NightNoStreetLight,No,NoIntersection,LightRain,Other,1,Tuesday,19,False,False
201800024682,NonLethal,Daylight,Yes,T-type,Normal,3+Vehicles-Chain,9,Monday,18,False,False
201800034842,NonLethal,Daylight,Yes,NoIntersection,Normal,2Vehicles-Behind,5,Tuesday,12,False,False
201800035051,NonLethal,Daylight,Yes,X-type,Normal,2Vehicles-Side,7,Thursday,14,False,False
201800004935,NonLethal,Daylight,No,NoIntersection,Normal,NoCollision,8,Sunday,14,True,False
201800043487,NonLethal,Daylight,Yes,NoIntersection,Normal,Other,6,Friday,21,False,False
201800022755,NonLethal,Daylight,No,T-type,StrongWindOrStorm,2Vehicles-BehindVehicles-Frontal,8,Sunday,12,True,False
201800052383,NonLethal,Daylight,Yes,NoIntersection,Normal,2Vehicles-Side,6,Monday,12,False,False
201800015508,NonLethal,Daylight,No,NoIntersection,Normal,NoCollision,4,Saturday,10,True,False
201800055277,NonLethal,NightStreelightsOn,Yes,NoIntersection,Normal,3+Vehicles-Chain,7,Tuesday,19,False,False
201800019652,NonLethal,NightStreelightsOn,Yes,NoIntersection,Normal,2Vehicles-Side,5,Saturday,23,True,False
201800014335,NonLethal,NightStreelightsOn,Yes,T-type,Normal,2Vehicles-Side,8,Saturday,4,True,True
201800048988,NonLethal,Daylight,No,NoIntersection,Normal,3+Vehicles-Chain,9,Friday,20,False,False
201800044717,NonLethal,Daylight,No,NoIntersection,Normal,3+Vehicles-Chain,3,Sunday,15,True,False
201800001156,NonLethal,NightNoStreetLight,No,NoIntersection,LightRain,2Vehicles-BehindVehicles-Frontal,7,Sunday,22,True,False
201800014761,NonLethal,Daylight,No,NoIntersection,Normal,NoCollision,4,Sunday,14,True,False
201800036580,NonLethal,NightStreelightsOn,Yes,T-type,Normal,Other,2,Monday,19,False,False
201800024555,NonLethal,Daylight,No,NoIntersection,VeryGood,Other,3,Friday,16,False,False
201800025805,NonLethal,NightStreelightsOn,Yes,NoIntersection,Normal,Other,11,Thursday,22,False,False
201800008121,NonLethal,Daylight,No,NoIntersection,HeavyRain,2Vehicles-BehindVehicles-Frontal,9,Thursday,11,False,False
201800022537,NonLethal,NightStreelightsOn,Yes,NoIntersection,Normal,Other,1,Sunday,18,True,False
201800056345,NonLethal,Daylight,Yes,T-type,Normal,2Vehicles-Behind,3,Wednesday,7,False,False
201800021622,NonLethal,Daylight,No,NoIntersection,Normal,2Vehicles-Behind,3,Wednesday,16,False,False
201800035636,NonLethal,Daylight,Yes,NoIntersection,LightRain,2Vehicles-Side,11,Tuesday,15,False,False
201800030465,NonLethal,Daylight,Yes,T-type,Normal,2Vehicles-Side,1,Wednesday,13,False,False
201800036389,NonLethal,Daylight,Yes,NoIntersection,Normal,2Vehicles-BehindVehicles-Frontal,1,Sunday,12,True,False
201800046543,NonLethal,Daylight,No,NoIntersection,Normal,2Vehicles-Side,4,Thursday,19,False,False
201800023771,NonLethal,Daylight,Yes,NoIntersection,Normal,2Vehicles-Side,4,Friday,17,False,False
201800025002,NonLethal,NightStreelightsOn,Yes,T-type,Normal,2Vehicles-Behind,11,Wednesday,21,False,False
201800057476,NonLethal,Daylight,Yes,T-type,Normal,Other,6,Sunday,14,True,False
201800001955,NonLethal,Daylight,No,NoIntersection,VeryGood,Other,6,Saturday,9,True,False
201800040436,NonLethal,NightStreelightsOn,Yes,T-type,Normal,Other,8,Tuesday,5,False,True
201800001683,NonLethal,Daylight,Yes,NoIntersection,Normal,3+Vehicles-Multiple,10,Wednesday,16,False,False
201800002744,NonLethal,NightStreelightsOn,Yes,NoIntersection,Normal,2Vehicles-BehindVehicles-Frontal,10,Sunday,20,True,False
201800046549,NonLethal,Daylight,No,NoIntersection,Overcast,2Vehicles-Behind,4,Sunday,14,True,False
201800033476,NonLethal,Daylight,Yes,T-type,Normal,2Vehicles-Side,5,Wednesday,15,False,False
201800056764,NonLethal,Daylight,Yes,X-type,Normal,2Vehicles-Side,9,Wednesday,13,False,False
201800056663,NonLethal,Daylight,Yes,NoIntersection,Normal,Other,12,Monday,7,False,False
201800043326,NonLethal,Daylight,Yes,NoIntersection,HeavyRain,Other,5,Tuesday,11,False,False
201800044015,NonLethal,Daylight,No,NoIntersection,Normal,2Vehicles-Behind,5,Tuesday,9,False,False
201800046158,NonLethal,Daylight,No,NoIntersection,Normal,2Vehicles-Side,10,Monday,17,False,False
201800039168,NonLethal,Daylight,Yes,X-type,Normal,Other,11,Friday,14,False,False
201800048509,NonLethal,Daylight,Yes,NoIntersection,Normal,Other,9,Monday,12,False,False
201800053627,NonLethal,NightStreelightsOn,Yes,Square,LightRain,2Vehicles-Side,3,Monday,0,False,True
201800032670,NonLethal,NightStreelightsOn,Yes,NoIntersection,LightRain,3+Vehicles-Chain,12,Friday,17,False,False
201800053154,NonLethal,NightStreelightsOn,Yes,X-type,Normal,2Vehicles-Side,10,Saturday,0,True,True
201800028694,NonLethal,Daylight,Yes,Roundabout,Normal,2Vehicles-Side,3,Sunday,13,True,False
201800033058,NonLethal,TwilightOrDawn,Yes,NoIntersection,Normal,Other,12,Friday,17,False,False
201800003820,NonLethal,Daylight,Yes,Y-type,Normal,2Vehicles-Side,8,Wednesday,18,False,False
201800029933,Lethal,Daylight,No,NoIntersection,Normal,2Vehicles-BehindVehicles-Frontal,9,Wednesday,8,False,False
201800005357,NonLethal,Daylight,Yes,NoIntersection,Normal,Other,3,Tuesday,18,False,False
201800029519,NonLethal,Daylight,Yes,X-type,Normal,Other,4,Friday,13,False,False
201800020118,NonLethal,Daylight,No,NoIntersection,Normal,Other,6,Monday,20,False,False
201800043723,NonLethal,NightNoStreetLight,No,NoIntersection,Normal,Other,9,Tuesday,21,False,False
201800004750,NonLethal,NightNoStreetLight,No,T-type,Normal,2Vehicles-Behind,5,Wednesday,23,False,False
201800010618,NonLethal,NightNoStreetLight,No,NoIntersection,Normal,Other,7,Monday,22,False,False
201800026954,NonLethal,Daylight,Yes,NoIntersection,Normal,2Vehicles-Side,10,Saturday,9,True,False
201800001821,NonLethal,Daylight,No,NoIntersection,Normal,Other,3,Wednesday,16,False,False
201800003027,NonLethal,NightNoStreetLight,Yes,NoIntersection,Normal,Other,6,Thursday,0,False,True
201800005109,NonLethal,NightStreelightsOn,Yes,Other,Normal,2Vehicles-Behind,2,Tuesday,22,False,False
201800043408,NonLethal,Daylight,Yes,Roundabout,Normal,2Vehicles-Side,11,Sunday,10,True,False
201800015688,NonLethal,Daylight,No,NoIntersection,Normal,NoCollision,12,Tuesday,8,False,False
201800004814,NonLethal,Daylight,Yes,Other,Normal,2Vehicles-Side,6,Wednesday,19,False,False
201800052575,NonLethal,Daylight,Yes,X-type,Normal,2Vehicles-Side,10,Saturday,16,True,False
201800049662,NonLethal,Daylight,No,NoIntersection,LightRain,Other,1,Friday,13,False,False
201800050041,NonLethal,Daylight,No,NoIntersection,Normal,2Vehicles-Behind,10,Friday,17,False,False
201800054664,NonLethal,NightStreelightsOn,Yes,X-type,SnowOrHail,2Vehicles-Behind,6,Saturday,7,True,False
201800056288,NonLethal,Daylight,No,NoIntersection,HeavyRain,2Vehicles-Side,1,Tuesday,8,False,False
201800039517,NonLethal,Daylight,Yes,Other,Normal,Other,9,Sunday,15,True,False
201800032072,NonLethal,Daylight,No,NoIntersection,Normal,Other,11,Sunday,10,True,False
201800056910,NonLethal,Daylight,Yes,NoIntersection,Normal,2Vehicles-Side,4,Wednesday,10,False,False
201800000716,NonLethal,Daylight,No,NoIntersection,Normal,NoCollision,5,Friday,20,False,False
201800044272,NonLethal,Daylight,No,Other,Normal,2Vehicles-Behind,1,Wednesday,7,False,False
201800019023,NonLethal,NightNoStreetLight,No,NoIntersection,HeavyRain,Other,3,Sunday,19,True,False
201800043659,NonLethal,Daylight,Yes,NoIntersection,Normal,3+Vehicles-Multiple,4,Monday,7,False,False
201800009848,NonLethal,Daylight,Yes,Other,Normal,2Vehicles-Side,10,Thursday,14,False,False
201800036684,NonLethal,Daylight,Yes,X-type,Normal,2Vehicles-Side,12,Thursday,8,False,False
201800020520,NonLethal,TwilightOrDawn,No,NoIntersection,FogOrSmoke,Other,12,Thursday,16,False,False
201800038518,NonLethal,Daylight,Yes,NoIntersection,Normal,Other,12,Wednesday,13,False,False
201800047033,NonLethal,Daylight,No,NoIntersection,LightRain,NoCollision,11,Sunday,14,True,False
201800021936,NonLethal,Daylight,Yes,Roundabout,Normal,Other,8,Wednesday,9,False,False
201800013234,NonLethal,Daylight,No,NoIntersection,Normal,NoCollision,4,Saturday,14,True,False
201800028947,NonLethal,Daylight,Yes,Roundabout,Normal,2Vehicles-Side,7,Tuesday,17,False,False
201800021654,NonLethal,Daylight,Yes,NoIntersection,Normal,Other,10,Monday,17,False,False
201800044852,NonLethal,Daylight,No,NoIntersection,Normal,3+Vehicles-Multiple,5,Thursday,16,False,False
201800037603,NonLethal,Daylight,Yes,X-type,Normal,2Vehicles-Side,5,Saturday,14,True,False
201800053591,NonLethal,NightStreelightsOn,Yes,T-type,LightRain,Other,11,Sunday,6,True,True
201800051539,NonLethal,NightStreelightsOn,Yes,NoIntersection,Normal,Other,7,Thursday,21,False,False
201800007631,NonLethal,Daylight,No,NoIntersection,Normal,NoCollision,6,Tuesday,11,False,False
201800045897,NonLethal,Daylight,No,NoIntersection,HeavyRain,2Vehicles-Behind,5,Sunday,9,True,False
201800027375,NonLethal,Daylight,Yes,X-type,Normal,2Vehicles-Side,7,Saturday,19,True,False
201800024195,Lethal,NightNoStreetLight,No,NoIntersection,Normal,2Vehicles-BehindVehicles-Frontal,10,Wednesday,23,False,False
201800056285,NonLethal,NightNoStreetLight,Yes,NoIntersection,Normal,Other,1,Monday,21,False,False
201800009739,NonLethal,NightStreelightsOn,Yes,NoIntersection,Normal,Other,9,Tuesday,23,False,False
201800008261,NonLethal,NightStreelightsOn,Yes,NoIntersection,Normal,Other,8,Thursday,1,False,True
201800005512,NonLethal,Daylight,Yes,X-type,Normal,NoCollision,1,Wednesday,14,False,False
201800033586,NonLethal,NightStreelightsOn,Yes,NoIntersection,Normal,NoCollision,11,Thursday,6,False,True
201800042570,NonLethal,Daylight,Yes,NoIntersection,Normal,Other,9,Monday,18,False,False
201800024674,NonLethal,Daylight,Yes,NoIntersection,VeryGood,Other,2,Wednesday,8,False,False
201800049652,NonLethal,NightNoStreetLight,No,NoIntersection,Normal,3+Vehicles-Chain,1,Thursday,19,False,False
201800008831,NonLethal,Daylight,Yes,X-type,Normal,2Vehicles-Side,6,Monday,13,False,False
201800023255,NonLethal,TwilightOrDawn,Yes,NoIntersection,Normal,2Vehicles-Side,9,Monday,20,False,False
201800023512,NonLethal,Daylight,No,NoIntersection,Normal,NoCollision,5,Tuesday,16,False,False
201800036335,NonLethal,Daylight,Yes,T-type,Normal,2Vehicles-Side,3,Thursday,18,False,False
201800022714,NonLethal,NightNoStreetLight,Yes,NoIntersection,Normal,2Vehicles-Behind,8,Thursday,7,False,False
201800017711,NonLethal,Daylight,Yes,Y-type,Normal,2Vehicles-Side,9,Thursday,9,False,False
201800016672,NonLethal,Daylight,Yes,T-type,Normal,3+Vehicles-Multiple,3,Tuesday,16,False,False
201800038179,NonLethal,Daylight,Yes,NoIntersection,Normal,Other,12,Thursday,16,False,False
201800015516,NonLethal,Daylight,No,NoIntersection,StrongWindOrStorm,2Vehicles-BehindVehicles-Frontal,11,Friday,16,False,False
201800002924,Lethal,NightNoStreetLight,No,Roundabout,LightRain,NoCollision,3,Friday,20,False,False
201800031603,Lethal,Daylight,No,NoIntersection,Normal,2Vehicles-BehindVehicles-Frontal,7,Sunday,16,True,False
201800056035,NonLethal,NightStreelightsOn,Yes,X-type,Normal,2Vehicles-Side,8,Monday,19,False,False
201800005653,NonLethal,Daylight,Yes,NoIntersection,Normal,3+Vehicles-Multiple,4,Thursday,13,False,False
201800045920,NonLethal,Daylight,No,NoIntersection,Normal,2Vehicles-Side,6,Thursday,14,False,False
201800029518,Lethal,Daylight,Yes,NoIntersection,Overcast,Other,6,Tuesday,7,False,False
201800036371,NonLethal,Daylight,Yes,T-type,Normal,2Vehicles-Side,7,Thursday,15,False,False
201800025902,NonLethal,Daylight,Yes,NoIntersection,Normal,3+Vehicles-Multiple,6,Thursday,15,False,False
201800056112,NonLethal,Daylight,Yes,NoIntersection,Normal,Other,10,Wednesday,16,False,False
201800010329,Lethal,Daylight,No,NoIntersection,HeavyRain,3+Vehicles-Chain,12,Tuesday,15,False,False
201800048719,NonLethal,Daylight,Yes,X-type,Normal,2Vehicles-BehindVehicles-Frontal,11,Thursday,9,False,False
201800029310,NonLethal,Daylight,Yes,NoIntersection,Normal,Other,10,Friday,10,False,False
201800018955,NonLethal,Daylight,No,NoIntersection,Normal,Other,8,Wednesday,12,False,False
201800020903,NonLethal,Daylight,No,NoIntersection,Normal,Other,11,Monday,16,False,False
201800050684,NonLethal,Daylight,Yes,X-type,Normal,Other,3,Monday,19,False,False
201800037694,NonLethal,Daylight,Yes,X-type,Normal,2Vehicles-Side,1,Friday,16,False,False
201800029334,NonLethal,Daylight,Yes,Other,Normal,Other,11,Monday,7,False,False
201800020850,NonLethal,NightNoStreetLight,Yes,NoIntersection,Normal,Other,7,Tuesday,1,False,True
201800024068,NonLethal,Daylight,Yes,T-type,Normal,Other,12,Tuesday,14,False,False
201800009523,NonLethal,Daylight,Yes,NoIntersection,LightRain,NoCollision,8,Monday,8,False,False
201800033917,NonLethal,Daylight,Yes,NoIntersection,Normal,Other,9,Thursday,18,False,False
201800017521,NonLethal,Daylight,Yes,NoIntersection,Normal,2Vehicles-BehindVehicles-Frontal,7,Friday,17,False,False
201800014195,NonLethal,Daylight,No,NoIntersection,Normal,2Vehicles-Behind,3,Tuesday,18,False,False
201800050086,NonLethal,NightNoStreetLight,No,NoIntersection,Normal,2Vehicles-Behind,10,Tuesday,19,False,False
201800045144,NonLethal,Daylight,No,NoIntersection,Normal,3+Vehicles-Multiple,8,Sunday,9,True,False
201800054749,NonLethal,Daylight,Yes,T-type,Normal,Other,6,Thursday,18,False,False
201800014011,NonLethal,Daylight,No,NoIntersection,Normal,NoCollision,7,Sunday,9,True,False
201800044903,NonLethal,Daylight,No,NoIntersection,LightRain,2Vehicles-Side,5,Tuesday,19,False,False
201800003356,NonLethal,Daylight,No,NoIntersection,Normal,NoCollision,9,Saturday,9,True,False
201800024624,NonLethal,Daylight,Yes,NoIntersection,Normal,Other,1,Sunday,14,True,False
201800045852,NonLethal,Daylight,No,NoIntersection,Normal,3+Vehicles-Chain,5,Friday,19,False,False
201800031502,NonLethal,Daylight,No,NoIntersection,Normal,Other,5,Thursday,14,False,False
201800037004,NonLethal,Daylight,Yes,NoIntersection,Normal,2Vehicles-Side,5,Wednesday,19,False,False
201800028611,NonLethal,Daylight,Yes,Other,Overcast,Other,11,Friday,10,False,False
201800043342,Lethal,Daylight,Yes,T-type,Normal,2Vehicles-BehindVehicles-Frontal,8,Thursday,13,False,False
201800048680,NonLethal,TwilightOrDawn,Yes,NoIntersection,Normal,2Vehicles-Side,12,Tuesday,18,False,False
201800048595,NonLethal,NightStreelightsOn,Yes,NoIntersection,Normal,Other,10,Saturday,4,True,True
201800022503,NonLethal,NightNoStreetLight,No,NoIntersection,Normal,NoCollision,9,Saturday,5,True,True
201800019113,NonLethal,NightStreelightsOn,Yes,NoIntersection,Normal,Other,11,Friday,5,False,True
201800035776,NonLethal,TwilightOrDawn,Yes,NoIntersection,Normal,Other,11,Friday,19,False,False
201800054912,NonLethal,NightStreelightsOn,Yes,Y-type,Normal,NoCollision,1,Monday,4,False,True
201800040313,NonLethal,Daylight,Yes,NoIntersection,Normal,2Vehicles-Side,5,Monday,9,False,False
201800009732,NonLethal,NightStreelightsOn,Yes,NoIntersection,Normal,2Vehicles-Side,9,Tuesday,22,False,False
201800002022,NonLethal,Daylight,No,NoIntersection,Normal,Other,3,Wednesday,16,False,False
201800029480,NonLethal,TwilightOrDawn,Yes,NoIntersection,Normal,Other,4,Tuesday,8,False,False
201800030048,NonLethal,Daylight,No,NoIntersection,Normal,2Vehicles-Side,11,Friday,16,False,False
201800012546,Lethal,Daylight,No,NoIntersection,Normal,2Vehicles-BehindVehicles-Frontal,7,Thursday,8,False,False
201800030856,NonLethal,TwilightOrDawn,Yes,T-type,Normal,2Vehicles-Side,8,Monday,7,False,False
201800047792,NonLethal,NightStreelightsOn,Yes,NoIntersection,Normal,2Vehicles-Side,11,Friday,20,False,False
201800004387,NonLethal,Daylight,No,NoIntersection,Normal,Other,6,Tuesday,10,False,False
201800055461,NonLethal,Daylight,Yes,NoIntersection,Normal,2Vehicles-Behind,6,Monday,8,False,False
201800015101,NonLethal,Daylight,No,T-type,Normal,2Vehicles-BehindVehicles-Frontal,5,Sunday,10,True,False
201800028075,NonLethal,Daylight,Yes,T-type,Normal,2Vehicles-Side,3,Thursday,16,False,False
201800013686,NonLethal,Daylight,No,NoIntersection,Normal,2Vehicles-BehindVehicles-Frontal,8,Tuesday,16,False,False
201800042569,NonLethal,TwilightOrDawn,Yes,NoIntersection,Normal,2Vehicles-Side,9,Wednesday,18,False,False
201800016869,NonLethal,Daylight,No,T-type,Normal,Other,7,Monday,15,False,False
201800039920,NonLethal,Daylight,Yes,NoIntersection,Normal,2Vehicles-BehindVehicles-Frontal,10,Thursday,15,False,False
201800014418,NonLethal,Daylight,No,NoIntersection,Normal,2Vehicles-BehindVehicles-Frontal,7,Friday,8,False,False
201800037839,NonLethal,Daylight,Yes,X-type,Normal,2Vehicles-Side,8,Friday,19,False,False
201800036406,NonLethal,Daylight,Yes,Roundabout,Normal,Other,2,Thursday,15,False,False
201800010045,NonLethal,Daylight,Yes,NoIntersection,Normal,2Vehicles-BehindVehicles-Frontal,11,Thursday,9,False,False
201800028378,NonLethal,Daylight,No,NoIntersection,Normal,2Vehicles-Side,3,Saturday,14,True,False
201800024103,NonLethal,Daylight,Yes,NoIntersection,Normal,2Vehicles-Side,4,Friday,11,False,False
201800019545,NonLethal,Daylight,No,NoIntersection,LightRain,Other,11,Thursday,13,False,False
201800032191,NonLethal,Daylight,Yes,Roundabout,Normal,2Vehicles-Side,10,Wednesday,13,False,False
201800026608,NonLethal,Daylight,Yes,NoIntersection,Normal,2Vehicles-Behind,11,Friday,12,False,False
201800004650,NonLethal,Daylight,Yes,NoIntersection,Normal,NoCollision,9,Wednesday,16,False,False
201800036225,NonLethal,NightStreelightsOn,Yes,X-type,Normal,2Vehicles-Side,2,Sunday,19,True,False
201800004399,NonLethal,TwilightOrDawn,No,T-type,Normal,2Vehicles-Side,9,Saturday,17,True,False
201800013349,NonLethal,NightStreelightsOn,Yes,T-type,Normal,Other,10,Monday,0,False,True
201800044263,NonLethal,Daylight,No,NoIntersection,Normal,Other,9,Wednesday,17,False,False
201800050257,NonLethal,TwilightOrDawn,Yes,X-type,Normal,2Vehicles-Side,5,Wednesday,17,False,False
201800048260,Lethal,NightStreelightsOn,Yes,X-type,Normal,2Vehicles-Side,5,Monday,3,False,True
201800046724,NonLethal,Daylight,No,NoIntersection,Normal,2Vehicles-Side,2,Wednesday,19,False,False
201800011067,NonLethal,Daylight,No,NoIntersection,Normal,Other,4,Sunday,12,True,False
201800010579,NonLethal,Daylight,Yes,NoIntersection,VeryGood,Other,11,Tuesday,12,False,False
201800047494,NonLethal,Daylight,Yes,NoIntersection,Normal,Other,7,Thursday,20,False,False
201800054930,Lethal,Daylight,Yes,X-type,Normal,Other,2,Friday,11,False,False
201800051413,NonLethal,NightStreelightsOn,Yes,T-type,Normal,Other,11,Wednesday,19,False,False
201800031332,NonLethal,TwilightOrDawn,Yes,NoIntersection,Normal,Other,10,Friday,8,False,False
201800056338,NonLethal,Daylight,Yes,Other,Normal,2Vehicles-Side,2,Wednesday,9,False,False
201800014644,NonLethal,Daylight,Yes,NoIntersection,Normal,2Vehicles-BehindVehicles-Frontal,3,Wednesday,9,False,False
201800035678,NonLethal,Daylight,Yes,X-type,Normal,Other,7,Thursday,10,False,False
201800053761,NonLethal,Daylight,Yes,X-type,Normal,2Vehicles-Side,4,Tuesday,13,False,False
201800045242,NonLethal,NightNoStreetLight,No,NoIntersection,Normal,2Vehicles-Behind,9,Tuesday,6,False,True
201800006540,NonLethal,TwilightOrDawn,Yes,NoIntersection,LightRain,2Vehicles-Side,11,Tuesday,6,False,True
201800048313,NonLethal,NightStreelightsOn,Yes,T-type,Normal,2Vehicles-Side,9,Thursday,1,False,True
201800015010,NonLethal,Daylight,Yes,Y-type,Normal,2Vehicles-Side,6,Friday,8,False,False
201800056097,NonLethal,Daylight,Yes,NoIntersection,Normal,2Vehicles-BehindVehicles-Frontal,10,Thursday,11,False,False
201800033052,NonLethal,Daylight,Yes,NoIntersection,Normal,2Vehicles-BehindVehicles-Frontal,12,Saturday,16,True,False
201800010998,NonLethal,Daylight,No,Other,Normal,2Vehicles-Behind,4,Thursday,16,False,False
201800016075,NonLethal,Daylight,Yes,T-type,FogOrSmoke,Other,4,Friday,8,False,False
201800025592,NonLethal,NightStreelightsOn,Yes,NoIntersection,Normal,Other,11,Tuesday,17,False,False
201800045735,NonLethal,Daylight,No,NoIntersection,Normal,Other,3,Thursday,10,False,False
201800000689,NonLethal,TwilightOrDawn,Yes,NoIntersection,Normal,NoCollision,8,Saturday,7,True,False
201800000107,NonLethal,Daylight,Yes,Roundabout,HeavyRain,2Vehicles-Side,1,Saturday,13,True,False
201800047167,NonLethal,NightStreelightsOn,Yes,NoIntersection,Normal,NoCollision,1,Friday,18,False,False
201800053251,NonLethal,Daylight,Yes,NoIntersection,Normal,Other,1,Friday,17,False,False
201800018870,Lethal,NightNoStreetLight,No,NoIntersection,Normal,Other,3,Saturday,20,True,False
201800016744,Lethal,Daylight,No,NoIntersection,Normal,Other,2,Thursday,14,False,False
201800057525,NonLethal,Daylight,Yes,NoIntersection,Normal,3+Vehicles-Chain,10,Tuesday,7,False,False
201800027134,NonLethal,Daylight,Yes,Roundabout,Normal,2Vehicles-Side,1,Tuesday,17,False,False
201800008612,NonLethal,Daylight,Yes,Other,Normal,Other,2,Wednesday,11,False,False
201800030206,NonLethal,Daylight,Yes,NoIntersection,Normal,Other,6,Thursday,13,False,False
201800007383,NonLethal,Daylight,Yes,NoIntersection,Normal,2Vehicles-Side,8,Thursday,19,False,False
201800022695,NonLethal,Daylight,No,NoIntersection,Normal,2Vehicles-Behind,1,Thursday,10,False,False
201800041272,NonLethal,NightStreelightsOn,Yes,X-type,Normal,2Vehicles-Side,10,Tuesday,20,False,False
201800055255,NonLethal,Daylight,Yes,NoIntersection,Normal,2Vehicles-Side,2,Friday,14,False,False