AccidentId,Gravity,Light,InAgglomeration,IntersectionType,Weather,CollisionType,Month,DayOfWeek,HourOfDay,IsWeekend,IsNight
201800026857,NonLethal,Daylight,Yes,NoIntersection,Normal,NoCollision,2,Wednesday,15,False,False
201800007977,Lethal,Daylight,Yes,NoIntersection,Normal,Other,11,Friday,9,False,False
201800032664,NonLethal,NightStreelightsOn,Yes,X-type,Normal,Other,12,Saturday,6,True,True
201800045219,NonLethal,NightNoStreetLight,No,NoIntersection,Normal,Other,9,Thursday,23,False,False
201800020491,NonLethal,Daylight,No,NoIntersection,Normal,2Vehicles-BehindVehicles-Frontal,4,Tuesday,18,False,False
201800003760,NonLethal,Daylight,No,NoIntersection,Normal,2Vehicles-BehindVehicles-Frontal,8,Saturday,13,True,False
201800007441,NonLethal,Daylight,Yes,T-type,Normal,2Vehicles-Behind,10,Friday,17,False,False
201800015219,NonLethal,Daylight,Yes,NoIntersection,Normal,2Vehicles-Side,7,Thursday,10,False,False
201800047203,NonLethal,NightStreelightsOn,Yes,Other,Normal,NoCollision,5,Tuesday,21,False,False
201800017904,NonLethal,Daylight,No,NoIntersection,Normal,2Vehicles-Behind,6,Monday,18,False,False
201800051831,NonLethal,Daylight,Yes,NoIntersection,Normal,Other,10,Thursday,14,False,False
201800043962,NonLethal,Daylight,No,NoIntersection,Normal,NoCollision,5,Tuesday,19,False,False
201800005106,NonLethal,Daylight,Yes,T-type,Normal,Other,2,Thursday,15,False,False
201800044814,NonLethal,Daylight,No,NoIntersection,Normal,3+Vehicles-Multiple,4,Tuesday,21,False,False
201800030587,NonLethal,Daylight,Yes,NoIntersection,Overcast,NoCollision,5,Monday,18,False,False
201800013139,Lethal,NightStreelightsOn,No,NoIntersection,LightRain,2Vehicles-BehindVehicles-Frontal,1,Tuesday,20,False,False
201800024849,NonLethal,Daylight,Yes,X-type,Normal,2Vehicles-Side,6,Thursday,17,False,False
201800051500,NonLethal,NightStreelightsOn,Yes,Y-type,Normal,Other,5,Sunday,3,True,True
201800035820,NonLethal,NightStreelightsOn,Yes,Roundabout,Normal,2Vehicles-Side,12,Saturday,8,True,False
201800012356,NonLethal,Daylight,No,NoIntersection,Normal,NoCollision,6,Saturday,11,True,False
201800012574,NonLethal,NightNoStreetLight,No,NoIntersection,Normal,NoCollision,4,Saturday,3,True,True
201800030202,NonLethal,NightNoStreetLight,No,NoIntersection,LightRain,2Vehicles-Side,2,Friday,23,False,False
201800021760,NonLethal,Daylight,No,NoIntersection,Normal,3+Vehicles-Chain,6,Thursday,8,False,False
201800044861,NonLethal,Daylight,No,NoIntersection,Normal,2Vehicles-Side,5,Monday,16,False,False
201800036007,NonLethal,Daylight,Yes,NoIntersection,Normal,2Vehicles-BehindVehicles-Frontal,2,Wednesday,8,False,False
201800017710,NonLethal,Daylight,No,NoIntersection,Normal,Other,9,Saturday,10,True,False
201800040614,NonLethal,Daylight,Yes,NoIntersection,Normal,Other,7,Tuesday,17,False,False
201800044829,NonLethal,NightNoStreetLight,No,NoIntersection,Normal,3+Vehicles-Multiple,4,Sunday,0,True,True
201800035900,NonLethal,Daylight,Yes,X-type,Normal,2Vehicles-Behind,6,Wednesday,15,False,False
201800014033,NonLethal,Daylight,Yes,NoIntersection,Normal,Other,6,Sunday,14,True,False
201800018631,NonLethal,Daylight,Yes,NoIntersection,Normal,Other,4,Saturday,11,True,False
201800013456,NonLethal,Daylight,Yes,NoIntersection,Overcast,Other,12,Sunday,9,True,False
201800045669,NonLethal,NightNoStreetLight,No,NoIntersection,Overcast,2Vehicles-Side,1,Tuesday,17,False,False
201800003297,NonLethal,Daylight,No,NoIntersection,Normal,2Vehicles-Side,10,Sunday,16,True,False
201800046430,NonLethal,Daylight,No,NoIntersection,VeryGood,2Vehicles-Behind,2,Sunday,8,True,False
201800037642,NonLethal,Daylight,Yes,X-type,Normal,2Vehicles-Side,9,Wednesday,17,False,False
201800003573,NonLethal,NightStreelightsOn,No,NoIntersection,Normal,2Vehicles-Side,11,Monday,18,False,False
201800020166,NonLethal,Daylight,No,X-type,Normal,2Vehicles-Side,9,Sunday,16,True,False
201800002091,NonLethal,NightNoStreetLight,No,NoIntersection,Normal,Other,7,Thursday,23,False,False
201800056646,NonLethal,Daylight,Yes,NoIntersection,Normal,2Vehicles-Behind,12,Monday,13,False,False
201800014372,NonLethal,Daylight,No,X-type,Normal,2Vehicles-BehindVehicles-Frontal,4,Thursday,15,False,False
201800052359,NonLethal,Daylight,Yes,T-type,Normal,2Vehicles-Side,3,Thursday,16,False,False
201800008825,NonLethal,TwilightOrDawn,Yes,T-type,Normal,2Vehicles-Side,8,Saturday,20,True,False
201800023205,NonLethal,Daylight,No,NoIntersection,Normal,2Vehicles-Side,8,Tuesday,13,False,False
201800035103,NonLethal,Daylight,Yes,NoIntersection,Normal,2Vehicles-Behind,7,Sunday,17,True,False
201800013789,NonLethal,Daylight,No,NoIntersection,Normal,Other,4,Thursday,15,False,False
201800044634,NonLethal,Daylight,No,NoIntersection,Normal,3+Vehicles-Chain,2,Friday,16,False,False
201800049363,NonLethal,NightNoStreetLight,No,NoIntersection,Normal,Other,1,Sunday,7,True,False
201800033116,NonLethal,Daylight,No,T-type,Normal,2Vehicles-Side,2,Monday,19,False,False
201800031520,NonLethal,Daylight,Yes,NoIntersection,Normal,Other,8,Thursday,12,False,False
201800010087,NonLethal,Daylight,Yes,Other,Normal,Other,11,Monday,9,False,False
201800020570,NonLethal,Daylight,Yes,NoIntersection,LightRain,Other,10,Wednesday,15,False,False
201800037010,NonLethal,Daylight,Yes,NoIntersection,Normal,2Vehicles-Behind,9,Thursday,8,False,False
201800043880,NonLethal,NightStreelightsOn,No,NoIntersection,Normal,Other,3,Monday,20,False,False
201800047106,NonLethal,NightStreelightsOn,No,NoIntersection,Normal,2Vehicles-Behind,12,Saturday,1,True,True
201800053179,NonLethal,TwilightOrDawn,Yes,T-type,Normal,Other,11,Thursday,17,False,False
201800031696,NonLethal,Daylight,Yes,NoIntersection,Normal,2Vehicles-Side,4,Monday,14,False,False
201800012659,Lethal,NightNoStreetLight,No,T-type,FogOrSmoke,Other,12,Saturday,5,True,True
201800051744,NonLethal,Daylight,Yes,X-type,Normal,2Vehicles-Side,7,Friday,10,False,False
201800027610,NonLethal,Daylight,Yes,NoIntersection,Normal,NoCollision,8,Monday,16,False,False
201800031640,NonLethal,Daylight,Yes,NoIntersection,LightRain,2Vehicles-BehindVehicles-Frontal,1,Saturday,11,True,False
201800017851,NonLethal,Daylight,Yes,NoIntersection,Normal,2Vehicles-BehindVehicles-Frontal,11,Thursday,20,False,False
201800003124,NonLethal,Daylight,Yes,X-type,Normal,Other,6,Tuesday,13,False,False
201800055224,NonLethal,Daylight,Yes,NoIntersection,Normal,Other,1,Tuesday,13,False,False
201800016082,NonLethal,Daylight,No,NoIntersection,Normal,Other,4,Monday,20,False,False
201800006928,NonLethal,Daylight,No,NoIntersection,Normal,3+Vehicles-Chain,10,Thursday,12,False,False
201800026256,NonLethal,Daylight,No,NoIntersection,Normal,2Vehicles-Side,10,Monday,9,False,False
201800053490,NonLethal,Daylight,Yes,NoIntersection,Normal,2Vehicles-Behind,8,Saturday,19,True,False
201800019985,NonLethal,Daylight,Yes,T-type,Normal,2Vehicles-Side,7,Friday,11,False,False
201800030467,Lethal,TwilightOrDawn,Yes,NoIntersection,Normal,3+Vehicles-Chain,1,Wednesday,18,False,False
201800041618,NonLethal,Daylight,Yes,Roundabout,Normal,2Vehicles-BehindVehicles-Frontal,10,Wednesday,7,False,False
201800045182,NonLethal,Daylight,No,NoIntersection,Normal,2Vehicles-Side,9,Saturday,13,True,False
201800042555,NonLethal,Daylight,Yes,T-type,Normal,Other,8,Friday,14,False,False
201800010371,NonLethal,NightStreelightsOn,Yes,T-type,Normal,Other,4,Monday,4,False,True
201800020695,NonLethal,NightStreelightsOn,Yes,NoIntersection,Normal,Other,1,Tuesday,7,False,False
201800016044,NonLethal,Daylight,Yes,Square,Normal,Other,11,Monday,19,False,False
201800039989,NonLethal,NightStreelightsOn,Yes,NoIntersection,Normal,Other,8,Wednesday,1,False,True
201800051057,NonLethal,Daylight,Yes,X-type,Normal,2Vehicles-Side,4,Thursday,18,False,False
201800013682,NonLethal,Daylight,Yes,T-type,Normal,2Vehicles-Behind,7,Thursday,17,False,False
201800010105,NonLethal,NightStreelightsOn,Yes,NoIntersection,LightRain,NoCollision,11,Thursday,23,False,False
201800007000,NonLethal,Daylight,No,NoIntersection,Normal,Other,4,Sunday,11,True,False
201800052503,NonLethal,NightStreelightsOn,Yes,Square,Normal,2Vehicles-Side,8,Friday,3,False,True
201800006875,NonLethal,Daylight,No,NoIntersection,Normal,3+Vehicles-Chain,4,Sunday,15,True,False
201800046239,NonLethal,NightStreelightsOff,No,NoIntersection,FogOrSmoke,2Vehicles-Side,11,Thursday,8,False,False
201800014703,NonLethal,Daylight,No,NoIntersection,Normal,Other,10,Monday,17,False,False
201800033395,NonLethal,Daylight,Yes,NoIntersection,Normal,2Vehicles-Behind,9,Friday,10,False,False
201800044464,NonLethal,Daylight,No,NoIntersection,Overcast,Other,12,Wednesday,11,False,False
201800051217,NonLethal,NightStreelightsOn,Yes,Square,Normal,Other,10,Thursday,6,False,True
201800038540,NonLethal,NightStreelightsOn,Yes,NoIntersection,LightRain,2Vehicles-Behind,2,Friday,18,False,False
201800048962,NonLethal,Daylight,No,NoIntersection,Normal,3+Vehicles-Chain,7,Tuesday,10,False,False
201800039127,NonLethal,Daylight,Yes,X-type,Normal,2Vehicles-Side,4,Thursday,8,False,False
201800042296,NonLethal,Daylight,Yes,X-type,Normal,Other,6,Friday,15,False,False
201800023545,NonLethal,NightNoStreetLight,No,NoIntersection,HeavyRain,Other,1,Thursday,6,False,True
201800029906,NonLethal,NightNoStreetLight,No,T-type,Normal,2Vehicles-BehindVehicles-Frontal,12,Tuesday,18,False,False
201800014670,NonLethal,Daylight,Yes,NoIntersection,Normal,2Vehicles-BehindVehicles-Frontal,12,Wednesday,11,False,False
201800022076,NonLethal,Daylight,Yes,Y-type,Normal,3+Vehicles-Chain,6,Thursday,16,False,False
201800001266,NonLethal,NightNoStreetLight,No,X-type,Normal,3+Vehicles-Chain,3,Thursday,20,False,False
201800012963,Lethal,Daylight,No,NoIntersection,Normal,Other,9,Saturday,15,True,False
201800026208,NonLethal,NightStreelightsOn,Yes,Other,Normal,2Vehicles-Side,12,Friday,20,False,False
201800037871,NonLethal,Daylight,Yes,NoIntersection,Normal,2Vehicles-BehindVehicles-Frontal,11,Thursday,19,False,False
201800015177,NonLethal,Daylight,No,NoIntersection,Normal,Other,8,Thursday,18,False,False
201800013538,NonLethal,NightNoStreetLight,No,NoIntersection,Normal,NoCollision,10,Thursday,21,False,False
201800052085,NonLethal,Daylight,Yes,NoIntersection,Normal,3+Vehicles-Chain,7,Sunday,15,True,False
201800047557,NonLethal,Daylight,Yes,NoIntersection,Normal,2Vehicles-Side,6,Tuesday,14,False,False
201800020143,NonLethal,Daylight,No,Other,Normal,NoCollision,8,Sunday,18,True,False
201800015269,Lethal,Daylight,No,X-type,Normal,2Vehicles-Side,10,Thursday,11,False,False
201800040233,NonLethal,Daylight,Yes,NoIntersection,Normal,2Vehicles-Side,1,Wednesday,9,False,False
201800047009,NonLethal,NightStreelightsOff,No,NoIntersection,LightRain,Other,1,Thursday,18,False,False
201800050693,NonLethal,Daylight,Yes,NoIntersection,Normal,Other,6,Friday,15,False,False
201800038025,NonLethal,Daylight,Yes,X-type,Normal,2Vehicles-Side,3,Monday,20,False,False
201800006002,NonLethal,Daylight,No,NoIntersection,SnowOrHail,2Vehicles-BehindVehicles-Frontal,3,Monday,8,False,False
201800015929,NonLethal,NightNoStreetLight,No,NoIntersection,FogOrSmoke,Other,8,Monday,23,False,False
201800012217,NonLethal,Daylight,No,Other,Normal,Other,10,Thursday,16,False,False
201800009548,NonLethal,NightStreelightsOn,Yes,Roundabout,Normal,Other,8,Friday,20,False,False
201800019565,NonLethal,Daylight,Yes,NoIntersection,LightRain,2Vehicles-BehindVehicles-Frontal,5,Friday,13,False,False
201800033451,NonLethal,Daylight,Yes,NoIntersection,Normal,Other,3,Tuesday,16,False,False
201800010974,NonLethal,Daylight,No,NoIntersection,Normal,2Vehicles-BehindVehicles-Frontal,4,Monday,13,False,False
201800026881,NonLethal,Daylight,Yes,X-type,Normal,2Vehicles-Behind,7,Thursday,15,False,False
201800047499,NonLethal,Daylight,Yes,NoIntersection,Normal,Other,5,Wednesday,17,False,False
201800041393,NonLethal,NightStreelightsOn,Yes,T-type,SnowOrHail,Other,10,Tuesday,5,False,True
201800053065,NonLethal,Daylight,Yes,Y-type,Normal,NoCollision,7,Thursday,10,False,False
201800042516,NonLethal,NightStreelightsOn,Yes,Other,Normal,2Vehicles-Side,10,Tuesday,0,False,True
201800054463,NonLethal,NightStreelightsOn,Yes,NoIntersection,Normal,2Vehicles-Side,6,Thursday,4,False,True
201800030043,NonLethal,Daylight,Yes,NoIntersection,Normal,Other,5,Thursday,16,False,False
201800051512,NonLethal,Daylight,Yes,X-type,Normal,Other,6,Saturday,17,True,False
201800041481,NonLethal,Daylight,Yes,NoIntersection,Normal,Other,9,Wednesday,13,False,False
201800009488,NonLethal,Daylight,Yes,NoIntersection,Normal,NoCollision,7,Sunday,7,True,False
201800001714,NonLethal,Daylight,Yes,NoIntersection,Normal,2Vehicles-Behind,4,Friday,17,False,False
201800018149,NonLethal,NightNoStreetLight,No,NoIntersection,Normal,NoCollision,9,Monday,20,False,False
201800026147,NonLethal,Daylight,Yes,X-type,Normal,2Vehicles-Side,9,Thursday,16,False,False
201800015717,NonLethal,Daylight,No,NoIntersection,Normal,2Vehicles-BehindVehicles-Frontal,8,Wednesday,18,False,False
201800054455,NonLethal,Daylight,Yes,T-type,Normal,2Vehicles-Side,6,Monday,20,False,False
201800041857,NonLethal,NightStreelightsOn,Yes,NoIntersection,Normal,Other,4,Tuesday,21,False,False
201800019195,NonLethal,Daylight,No,NoIntersection,LightRain,Other,7,Friday,20,False,False
201800026542,NonLethal,Daylight,Yes,NoIntersection,Normal,2Vehicles-Behind,5,Tuesday,15,False,False
201800011667,NonLethal,Daylight,No,NoIntersection,LightRain,2Vehicles-BehindVehicles-Frontal,12,Thursday,16,False,False
201800013716,NonLethal,Daylight,No,NoIntersection,Normal,Other,8,Friday,15,False,False
201800053665,NonLethal,NightStreelightsOn,Yes,X-type,Normal,Other,1,Saturday,23,True,False
201800043646,NonLethal,Daylight,Yes,NoIntersection,Normal,3+Vehicles-Chain,3,Friday,8,False,False
201800025977,NonLethal,Daylight,Yes,X-type,Overcast,2Vehicles-Side,2,Thursday,16,False,False
201800020670,NonLethal,Daylight,Yes,NoIntersection,Normal,Other,4,Friday,15,False,False
201800040575,NonLethal,TwilightOrDawn,Yes,NoIntersection,Normal,2Vehicles-Side,1,Tuesday,7,False,False
201800046175,NonLethal,NightNoStreetLight,No,NoIntersection,Normal,Other,10,Sunday,6,True,True
201800011220,Lethal,Daylight,No,X-type,Normal,2Vehicles-BehindVehicles-Frontal,6,Saturday,11,True,False
201800039258,NonLethal,Daylight,Yes,NoIntersection,Normal,2Vehicles-Side,5,Wednesday,17,False,False
201800016305,NonLethal,NightNoStreetLight,No,NoIntersection,Normal,Other,6,Sunday,0,True,True
201800008523,NonLethal,Daylight,Yes,NoIntersection,Normal,2Vehicles-Side,2,Tuesday,14,False,False
201800046710,NonLethal,NightNoStreetLight,No,NoIntersection,Normal,2Vehicles-BehindVehicles-Frontal,6,Friday,1,False,True
201800017586,Lethal,Daylight,No,NoIntersection,HeavyRain,2Vehicles-Side,11,Friday,16,False,False
201800042463,NonLethal,Daylight,Yes,X-type,Normal,Other,6,Friday,15,False,False
201800049785,NonLethal,Daylight,No,NoIntersection,Normal,Other,4,Wednesday,10,False,False
201800041032,NonLethal,Daylight,Yes,NoIntersection,Normal,2Vehicles-Side,6,Thursday,13,False,False
201800014154,NonLethal,Daylight,No,NoIntersection,Normal,Other,1,Saturday,17,True,False
201800057748,NonLethal,Daylight,Yes,NoIntersection,Normal,2Vehicles-Behind,10,Friday,8,False,False
201800027246,NonLethal,Daylight,Yes,NoIntersection,Normal,NoCollision,4,Wednesday,15,False,False
201800047269,NonLethal,NightNoStreetLight,No,NoIntersection,Normal,NoCollision,12,Sunday,23,True,False
201800004853,NonLethal,Daylight,No,T-type,Normal,3+Vehicles-Multiple,5,Monday,17,False,False
201800037979,NonLethal,NightStreelightsOn,Yes,NoIntersection,Normal,2Vehicles-Behind,11,Thursday,17,False,False
201800033784,NonLethal,NightNoStreetLight,No,NoIntersection,Normal,2Vehicles-Behind,6,Friday,22,False,False
201800010525,Lethal,Daylight,No,NoIntersection,Normal,2Vehicles-BehindVehicles-Frontal,12,Friday,13,False,False
201800035685,NonLethal,NightStreelightsOn,Yes,X-type,Normal,2Vehicles-BehindVehicles-Frontal,10,Tuesday,19,False,False
201800020659,NonLethal,NightStreelightsOn,Yes,NoIntersection,Normal,Other,9,Tuesday,20,False,False
201800004936,NonLethal,NightNoStreetLight,No,NoIntersection,StrongWindOrStorm,Other,1,Monday,4,False,True
201800020890,NonLethal,Daylight,Yes,NoIntersection,Normal,2Vehicles-Side,10,Wednesday,9,False,False
201800025849,NonLethal,Daylight,Yes,NoIntersection,Normal,2Vehicles-Side,9,Monday,14,False,False
201800029150,NonLethal,NightNoStreetLight,No,NoIntersection,Normal,Other,2,Tuesday,19,False,False
201800014627,NonLethal,Daylight,No,NoIntersection,Normal,Other,4,Monday,13,False,False
201800042707,NonLethal,NightNoStreetLight,Yes,NoIntersection,Normal,Other,10,Friday,20,False,False
201800021112,NonLethal,Daylight,No,NoIntersection,Normal,2Vehicles-BehindVehicles-Frontal,9,Sunday,14,True,False
201800004508,NonLethal,Daylight,Yes,NoIntersection,Normal,2Vehicles-Behind,11,Friday,19,False,False
201800002988,NonLethal,Daylight,No,NoIntersection,Normal,Other,5,Tuesday,15,False,False
201800008324,NonLethal,Daylight,Yes,NoIntersection,HeavyRain,2Vehicles-Behind,9,Saturday,12,True,False
201800014337,NonLethal,NightNoStreetLight,No,NoIntersection,LightRain,2Vehicles-BehindVehicles-Frontal,11,Friday,6,False,True
201800017205,NonLethal,NightStreelightsOn,Yes,Y-type,Normal,Other,10,Saturday,1,True,True
201800029138,NonLethal,Daylight,Yes,NoIntersection,Normal,2Vehicles-Behind,10,Wednesday,16,False,False
201800053162,NonLethal,NightStreelightsOn,Yes,NoIntersection,Normal,Other,10,Friday,4,False,True
201800032108,NonLethal,Daylight,Yes,NoIntersection,Normal,Other,5,Saturday,18,True,False
201800023154,NonLethal,NightStreelightsOff,Yes,NoIntersection,Normal,Other,7,Monday,0,False,True
201800005992,NonLethal,Daylight,Yes,NoIntersection,Normal,Other,4,Wednesday,10,False,False
201800004008,NonLethal,Daylight,No,NoIntersection,VeryGood,NoCollision,5,Friday,10,False,False
201800043791,NonLethal,Daylight,No,NoIntersection,LightRain,3+Vehicles-Chain,1,Tuesday,14,False,False
201800009484,NonLethal,NightStreelightsOn,Yes,NoIntersection,Normal,2Vehicles-Behind,5,Tuesday,3,False,True
201800041539,NonLethal,NightNoStreetLight,Yes,NoIntersection,Normal,Other,10,Monday,18,False,False
201800018647,Lethal,NightStreelightsOn,Yes,NoIntersection,Normal,Other,8,Thursday,2,False,True
201800039908,NonLethal,Daylight,Yes,X-type,Normal,2Vehicles-Behind,8,Thursday,15,False,False
201800005019,NonLethal,NightNoStreetLight,No,NoIntersection,Normal,NoCollision,9,Friday,21,False,False
201800047324,NonLethal,NightNoStreetLight,Yes,NoIntersection,LightRain,2Vehicles-Side,1,Tuesday,20,False,False
201800054454,NonLethal,Daylight,Yes,T-type,Normal,2Vehicles-Side,6,Monday,14,False,False
201800042428,NonLethal,NightStreelightsOn,Yes,X-type,Normal,Other,12,Monday,17,False,False
201800043007,NonLethal,Daylight,Yes,T-type,Normal,2Vehicles-Side,10,Saturday,11,True,False
201800034415,NonLethal,NightStreelightsOn,Yes,NoIntersection,Normal,Other,1,Friday,22,False,False
201800040231,NonLethal,Daylight,Yes,Y-type,Normal,2Vehicles-Side,9,Thursday,13,False,False
201800040768,NonLethal,NightNoStreetLight,Yes,NoIntersection,Normal,2Vehicles-Side,7,Wednesday,22,False,False
201800029673,NonLethal,Daylight,Yes,T-type,Other,2Vehicles-Side,2,Saturday,12,True,False
201800049364,NonLethal,Daylight,No,NoIntersection,Normal,2Vehicles-Behind,4,Friday,17,False,False
201800003133,NonLethal,NightStreelightsOn,Yes,T-type,Normal,Other,12,Friday,21,False,False
201800034402,NonLethal,NightNoStreetLight,No,NoIntersection,Normal,3+Vehicles-Chain,12,Saturday,17,True,False
201800008201,NonLethal,NightStreelightsOn,Yes,NoIntersection,Normal,2Vehicles-Behind,12,Thursday,18,False,False
201800029409,NonLethal,Daylight,No,NoIntersection,HeavyRain,2Vehicles-BehindVehicles-Frontal,5,Wednesday,16,False,False
201800040371,NonLethal,Daylight,Yes,X-type,LightRain,Other,11,Monday,9,False,False
201800019289,NonLethal,Daylight,Yes,NoIntersection,Normal,Other,9,Sunday,8,True,False
201800034286,NonLethal,Daylight,Yes,Other,Normal,2Vehicles-Side,6,Thursday,10,False,False
201800007543,NonLethal,Daylight,Yes,NoIntersection,Normal,Other,6,Friday,12,False,False
201800053611,NonLethal,Daylight,Yes,T-type,Normal,2Vehicles-Behind,11,Thursday,9,False,False
201800032770,NonLethal,Daylight,Yes,NoIntersection,Normal,2Vehicles-Side,1,Tuesday,9,False,False
201800020210,NonLethal,Daylight,Yes,T-type,Normal,2Vehicles-Side,7,Friday,19,False,False
201800015084,NonLethal,Daylight,No,NoIntersection,Normal,2Vehicles-BehindVehicles-Frontal,12,Sunday,14,True,False
201800035787,NonLethal,Daylight,Yes,X-type,LightRain,2Vehicles-Side,5,Friday,16,False,False
201800003678,NonLethal,Daylight,No,NoIntersection,Normal,2Vehicles-Side,5,Friday,10,False,False
201800029669,NonLethal,Daylight,Yes,NoIntersection,Normal,Other,2,Wednesday,12,False,False
201800055790,NonLethal,NightStreelightsOn,Yes,NoIntersection,Normal,2Vehicles-BehindVehicles-Frontal,10,Sunday,20,True,False
201800053275,NonLethal,Daylight,Yes,T-type,SnowOrHail,Other,2,Tuesday,11,False,False
201800011298,NonLethal,Daylight,No,T-type,Normal,2Vehicles-BehindVehicles-Frontal,1,Thursday,17,False,False
201800014484,NonLethal,NightNoStreetLight,Yes,Roundabout,Normal,Other,12,Tuesday,18,False,False
201800006646,Lethal,Daylight,No,NoIntersection,Normal,3+Vehicles-Chain,4,Saturday,9,True,False
201800042244,NonLethal,NightStreelightsOn,No,NoIntersection,Normal,2Vehicles-Side,3,Saturday,19,True,False
201800010385,NonLethal,Daylight,Yes,NoIntersection,Normal,NoCollision,11,Monday,15,False,False
201800016347,NonLethal,Daylight,No,NoIntersection,Normal,Other,2,Monday,9,False,False
201800017493,NonLethal,NightNoStreetLight,No,X-type,Normal,2Vehicles-Side,2,Saturday,19,True,False
201800027916,NonLethal,Daylight,Yes,NoIntersection,Normal,Other,5,Saturday,16,True,False
201800041241,NonLethal,Daylight,Yes,NoIntersection,Normal,2Vehicles-Behind,6,Friday,16,False,False
201800031090,Lethal,NightStreelightsOn,Yes,NoIntersection,Normal,2Vehicles-BehindVehicles-Frontal,12,Thursday,1,False,True
201800011109,NonLethal,Daylight,No,Other,Normal,NoCollision,1,Thursday,16,False,False
201800023609,NonLethal,TwilightOrDawn,No,X-type,Normal,Other,9,Tuesday,8,False,False
201800009907,NonLethal,NightStreelightsOn,Yes,X-type,Normal,2Vehicles-Side,10,Sunday,19,True,False
201800057599,NonLethal,Daylight,No,NoIntersection,Normal,Other,4,Sunday,15,True,False
201800056628,Lethal,NightStreelightsOn,No,NoIntersection,Normal,2Vehicles-Side,6,Tuesday,19,False,False
201800037553,NonLethal,Daylight,Yes,NoIntersection,VeryGood,2Vehicles-Side,6,Saturday,10,True,False
201800020464,NonLethal,Daylight,Yes,T-type,Normal,3+Vehicles-Chain,6,Wednesday,12,False,False
201800024544,NonLethal,Daylight,Yes,NoIntersection,Normal,Other,12,Sunday,16,True,False
201800015495,NonLethal,Daylight,Yes,NoIntersection,Normal,NoCollision,8,Wednesday,14,False,False
201800027630,NonLethal,Daylight,Yes,NoIntersection,Normal,2Vehicles-Behind,6,Monday,15,False,False
201800007756,NonLethal,NightStreelightsOn,Yes,NoIntersection,Normal,2Vehicles-Behind,5,Tuesday,22,False,False
201800031335,NonLethal,TwilightOrDawn,Yes,NoIntersection,Normal,Other,10,Sunday,18,True,False
201800012803,NonLethal,Daylight,No,NoIntersection,Normal,2Vehicles-BehindVehicles-Frontal,6,Wednesday,19,False,False
201800031686,NonLethal,NightStreelightsOn,Yes,NoIntersection,Normal,2Vehicles-Side,3,Friday,20,False,False
201800014042,NonLethal,TwilightOrDawn,Yes,T-type,Normal,2Vehicles-Side,10,Monday,7,False,False
201800009014,NonLethal,Daylight,Yes,NoIntersection,Normal,2Vehicles-Side,5,Thursday,13,False,False
201800040554,NonLethal,Daylight,Yes,MoreThan4Branches,Normal,2Vehicles-Side,10,Saturday,12,True,False
201800033995,NonLethal,Daylight,Yes,Other,Normal,2Vehicles-Side,5,Wednesday,15,False,False
201800042498,NonLethal,Daylight,Yes,NoIntersection,Normal,2Vehicles-Side,8,Tuesday,18,False,False
201800017745,NonLethal,Daylight,No,NoIntersection,Normal,Other,7,Sunday,8,True,False
201800046835,NonLethal,Daylight,No,NoIntersection,Normal,2Vehicles-Behind,9,Sunday,15,True,False
201800054470,NonLethal,Daylight,Yes,Y-type,Normal,2Vehicles-Side,3,Wednesday,20,False,False
201800023134,NonLethal,Daylight,Yes,NoIntersection,Normal,2Vehicles-Behind,6,Wednesday,10,False,False
201800032386,NonLethal,NightStreelightsOn,Yes,T-type,LightRain,2Vehicles-Side,3,Sunday,21,True,False
201800024564,NonLethal,Daylight,No,NoIntersection,Normal,3+Vehicles-Multiple,4,Saturday,9,True,False
201800053229,NonLethal,Daylight,Yes,NoIntersection,LightRain,2Vehicles-Side,2,Thursday,15,False,False
201800018745,NonLethal,Daylight,No,T-type,Normal,2Vehicles-Side,9,Monday,17,False,False
201800055622,NonLethal,Daylight,Yes,NoIntersection,Normal,3+Vehicles-Chain,10,Monday,13,False,False
201800002244,NonLethal,TwilightOrDawn,No,X-type,HeavyRain,NoCollision,9,Wednesday,16,False,False
201800008929,NonLethal,NightStreelightsOn,Yes,NoIntersection,Normal,Other,4,Saturday,5,True,True
201800016519,NonLethal,NightNoStreetLight,No,NoIntersection,Normal,NoCollision,10,Saturday,23,True,False
201800038249,NonLethal,Daylight,Yes,NoIntersection,Normal,2Vehicles-Behind,12,Friday,14,False,False
201800000222,NonLethal,Daylight,Yes,NoIntersection,Normal,2Vehicles-Behind,4,Wednesday,15,False,False
201800046163,NonLethal,TwilightOrDawn,No,NoIntersection,Normal,2Vehicles-Behind,10,Tuesday,18,False,False
201800054121,NonLethal,Daylight,Yes,Square,Overcast,Other,6,Wednesday,17,False,False
201800037181,NonLethal,NightStreelightsOn,No,T-type,Normal,2Vehicles-Side,10,Wednesday,21,False,False
201800027187,NonLethal,Daylight,Yes,NoIntersection,Normal,2Vehicles-Side,3,Tuesday,10,False,False
201800034379,Lethal,NightNoStreetLight,No,NoIntersection,LightRain,Other,10,Wednesday,18,False,False
201800043557,NonLethal,Daylight,Yes,NoIntersection,HeavyRain,Other,6,Monday,14,False,False
201800029204,NonLethal,NightStreelightsOn,Yes,NoIntersection,Normal,2Vehicles-Side,4,Sunday,2,True,True