AccidentId,Gravity,Light,InAgglomeration,IntersectionType,Weather,CollisionType,Month,DayOfWeek,HourOfDay,IsWeekend,IsNight
201800030949,NonLethal,NightStreelightsOn,Yes,NoIntersection,Normal,2Vehicles-Side,11,Friday,21,False,False
201800055845,NonLethal,NightStreelightsOn,Yes,NoIntersection,Normal,Other,2,Sunday,21,True,False
201800011026,NonLethal,Daylight,No,X-type,Normal,3+Vehicles-Multiple,2,Friday,8,False,False
201800008676,NonLethal,NightStreelightsOn,Yes,NoIntersection,Normal,Other,3,Friday,0,False,True
201800003818,NonLethal,Daylight,No,T-type,Normal,2Vehicles-Side,7,Saturday,20,True,False
201800041306,NonLethal,Daylight,Yes,X-type,Normal,2Vehicles-Side,11,Thursday,10,False,False
201800023321,NonLethal,NightStreelightsOn,Yes,NoIntersection,Normal,2Vehicles-Behind,10,Tuesday,19,False,False
201800045976,NonLethal,Daylight,No,NoIntersection,Normal,3+Vehicles-Multiple,7,Thursday,17,False,False
201800025236,NonLethal,Daylight,Yes,NoIntersection,Normal,2Vehicles-Side,2,Friday,9,False,False
201800055289,NonLethal,Daylight,Yes,NoIntersection,Normal,2Vehicles-Behind,3,Tuesday,16,False,False
201800024834,NonLethal,Daylight,Yes,X-type,Normal,2Vehicles-Side,6,Sunday,7,True,False
201800035388,NonLethal,Daylight,Yes,NoIntersection,Normal,Other,6,Saturday,11,True,False
201800022875,NonLethal,Daylight,Yes,NoIntersection,Normal,Other,1,Wednesday,13,False,False
201800010034,NonLethal,NightStreelightsOn,Yes,NoIntersection,Normal,NoCollision,4,Wednesday,23,False,False
201800002209,NonLethal,Daylight,No,NoIntersection,Normal,Other,8,Sunday,17,True,False
201800044815,NonLethal,Daylight,No,NoIntersection,Normal,2Vehicles-Behind,4,Wednesday,8,False,False
201800034985,NonLethal,Daylight,Yes,NoIntersection,Normal,2Vehicles-Behind,2,Friday,13,False,False
201800035020,NonLethal,Daylight,Yes,NoIntersection,Normal,2Vehicles-Behind,4,Wednesday,12,False,False
201800041083,NonLethal,NightStreelightsOn,Yes,NoIntersection,LightRain,Other,1,Thursday,7,False,False
201800039294,NonLethal,Daylight,Yes,T-type,Normal,2Vehicles-Side,8,Monday,17,False,False
201800054503,NonLethal,NightStreelightsOn,Yes,NoIntersection,Normal,Other,5,Tuesday,21,False,False
201800010466,NonLethal,Daylight,Yes,T-type,Normal,2Vehicles-Side,4,Tuesday,8,False,False
201800056752,NonLethal,Daylight,Yes,NoIntersection,Normal,Other,11,Monday,9,False,False
201800036090,NonLethal,Daylight,Yes,NoIntersection,Normal,Other,1,Saturday,17,True,False
201800054144,NonLethal,Daylight,Yes,X-type,Normal,3+Vehicles-Multiple,2,Wednesday,20,False,False
201800015075,NonLethal,Daylight,No,Y-type,Normal,NoCollision,7,Sunday,12,True,False
201800020901,NonLethal,NightStreelightsOn,Yes,NoIntersection,Normal,2Vehicles-Side,11,Saturday,18,True,False
201800027400,NonLethal,Daylight,Yes,NoIntersection,Normal,Other,8,Wednesday,11,False,False
201800002144,NonLethal,TwilightOrDawn,Yes,Roundabout,Normal,2Vehicles-Behind,6,Thursday,19,False,False
201800044088,NonLethal,Daylight,No,NoIntersection,Normal,2Vehicles-Behind,6,Saturday,10,True,False
201800019753,NonLethal,Daylight,Yes,NoIntersection,Normal,Other,10,Wednesday,16,False,False
201800007429,NonLethal,Daylight,Yes,NoIntersection,Normal,2Vehicles-Side,9,Wednesday,8,False,False
201800045154,NonLethal,NightStreelightsOn,No,NoIntersection,Normal,3+Vehicles-Multiple,8,Sunday,0,True,True
201800047640,NonLethal,NightNoStreetLight,Yes,X-type,Normal,2Vehicles-Side,1,Monday,0,False,True
201800051687,NonLethal,NightStreelightsOn,Yes,X-type,Normal,2Vehicles-Side,3,Friday,23,False,False
201800007408,NonLethal,Daylight,Yes,NoIntersection,Normal,Other,9,Tuesday,14,False,False
201800022765,NonLethal,NightNoStreetLight,No,NoIntersection,Normal,2Vehicles-Side,2,Friday,5,False,True
201800030835,NonLethal,Daylight,Yes,NoIntersection,Normal,Other,7,Saturday,13,True,False
201800047912,NonLethal,Daylight,No,NoIntersection,Normal,2Vehicles-Behind,3,Sunday,10,True,False
201800011637,NonLethal,Daylight,No,NoIntersection,Normal,2Vehicles-BehindVehicles-Frontal,9,Saturday,11,True,False
201800056336,Lethal,Daylight,No,NoIntersection,LightRain,2Vehicles-BehindVehicles-Frontal,1,Thursday,8,False,False
201800034064,NonLethal,Daylight,Yes,NoIntersection,Normal,2Vehicles-Side,9,Sunday,14,True,False
201800017491,NonLethal,Daylight,Yes,NoIntersection,Normal,2Vehicles-BehindVehicles-Frontal,9,Thursday,13,False,False
201800023448,NonLethal,NightStreelightsOff,No,NoIntersection,Overcast,2Vehicles-BehindVehicles-Frontal,2,Monday,19,False,False
201800049885,NonLethal,Daylight,No,NoIntersection,Normal,3+Vehicles-Chain,6,Wednesday,17,False,False
201800000413,NonLethal,Daylight,No,NoIntersection,Normal,Other,5,Thursday,21,False,False
201800027677,NonLethal,Daylight,Yes,Roundabout,Normal,2Vehicles-Side,1,Sunday,8,True,False
201800027920,NonLethal,NightStreelightsOn,Yes,T-type,Normal,2Vehicles-BehindVehicles-Frontal,8,Thursday,20,False,False
201800015632,Lethal,NightNoStreetLight,Yes,NoIntersection,Normal,Other,12,Sunday,20,True,False
201800000888,NonLethal,NightStreelightsOn,Yes,NoIntersection,LightRain,Other,11,Saturday,18,True,False
201800034962,NonLethal,NightStreelightsOn,Yes,NoIntersection,LightRain,2Vehicles-Side,1,Saturday,22,True,False
201800030805,NonLethal,Daylight,Yes,NoIntersection,HeavyRain,Other,5,Wednesday,16,False,False
201800022279,NonLethal,Daylight,Yes,NoIntersection,LightRain,NoCollision,1,Saturday,17,True,False
201800049411,NonLethal,Daylight,No,NoIntersection,Normal,2Vehicles-Side,7,Thursday,14,False,False
201800027680,NonLethal,NightStreelightsOn,Yes,Y-type,Normal,2Vehicles-Side,2,Friday,19,False,False
201800007470,NonLethal,Daylight,No,NoIntersection,LightRain,NoCollision,11,Saturday,10,True,False
201800022012,NonLethal,Daylight,Yes,T-type,Normal,Other,2,Friday,8,False,False
201800052414,NonLethal,Daylight,Yes,NoIntersection,Normal,Other,4,Thursday,19,False,False
201800001397,NonLethal,NightNoStreetLight,No,NoIntersection,Normal,3+Vehicles-Multiple,8,Saturday,23,True,False
201800042205,NonLethal,Daylight,Yes,NoIntersection,Normal,Other,4,Saturday,21,True,False
201800055133,NonLethal,Daylight,Yes,X-type,Normal,2Vehicles-Side,9,Monday,7,False,False
201800038177,NonLethal,TwilightOrDawn,Yes,X-type,LightRain,3+Vehicles-Multiple,1,Thursday,6,False,True
201800011982,NonLethal,Daylight,No,T-type,Normal,2Vehicles-Side,11,Thursday,16,False,False
201800027281,NonLethal,Daylight,Yes,NoIntersection,Normal,Other,9,Wednesday,13,False,False
201800022480,NonLethal,Daylight,Yes,T-type,Normal,2Vehicles-BehindVehicles-Frontal,1,Sunday,8,True,False
201800048519,NonLethal,Daylight,Yes,NoIntersection,Normal,Other,9,Saturday,14,True,False
201800020494,NonLethal,Daylight,No,Other,Normal,2Vehicles-BehindVehicles-Frontal,4,Thursday,9,False,False
201800040860,NonLethal,Daylight,Yes,NoIntersection,Normal,2Vehicles-Behind,4,Thursday,16,False,False
201800026692,NonLethal,Daylight,Yes,NoIntersection,Normal,2Vehicles-Side,10,Monday,9,False,False
201800009993,NonLethal,NightStreelightsOn,Yes,T-type,LightRain,2Vehicles-BehindVehicles-Frontal,10,Saturday,20,True,False
201800017777,NonLethal,NightNoStreetLight,No,NoIntersection,Normal,Other,2,Sunday,4,True,True
201800048054,NonLethal,NightStreelightsOn,Yes,NoIntersection,LightRain,2Vehicles-Behind,1,Friday,18,False,False
201800047741,NonLethal,Daylight,Yes,NoIntersection,Normal,2Vehicles-Behind,10,Thursday,16,False,False
201800008175,NonLethal,Daylight,Yes,NoIntersection,Normal,Other,1,Monday,12,False,False
201800009970,NonLethal,Daylight,Yes,NoIntersection,Normal,2Vehicles-Behind,10,Tuesday,8,False,False
201800032858,NonLethal,NightStreelightsOn,Yes,NoIntersection,Normal,2Vehicles-Side,8,Friday,20,False,False
201800001996,NonLethal,TwilightOrDawn,No,NoIntersection,LightRain,2Vehicles-BehindVehicles-Frontal,10,Tuesday,7,False,False
201800044578,NonLethal,TwilightOrDawn,No,NoIntersection,LightRain,2Vehicles-Behind,1,Monday,8,False,False
201800031952,NonLethal,Daylight,Yes,NoIntersection,Normal,Other,1,Wednesday,12,False,False
201800014399,NonLethal,Daylight,Yes,NoIntersection,Normal,NoCollision,3,Wednesday,16,False,False
201800027142,NonLethal,Daylight,Yes,NoIntersection,Normal,Other,1,Saturday,10,True,False
201800015293,NonLethal,Daylight,Yes,NoIntersection,Normal,Other,9,Friday,17,False,False
201800039107,NonLethal,Daylight,Yes,NoIntersection,Normal,2Vehicles-Behind,12,Friday,12,False,False
201800015555,NonLethal,Daylight,No,NoIntersection,Normal,Other,6,Thursday,15,False,False
201800052388,NonLethal,Daylight,Yes,NoIntersection,Normal,Other,11,Sunday,19,True,False
201800032293,NonLethal,Daylight,Yes,NoIntersection,Normal,2Vehicles-BehindVehicles-Frontal,9,Friday,19,False,False
201800003052,NonLethal,Daylight,Yes,NoIntersection,Normal,2Vehicles-Side,1,Saturday,13,True,False
201800045935,NonLethal,Daylight,No,NoIntersection,Normal,2Vehicles-Behind,6,Tuesday,8,False,False
201800038473,NonLethal,Daylight,Yes,NoIntersection,HeavyRain,2Vehicles-Behind,8,Wednesday,13,False,False
201800020859,NonLethal,Daylight,Yes,NoIntersection,Normal,2Vehicles-Behind,7,Tuesday,18,False,False
201800032946,NonLethal,Daylight,Yes,NoIntersection,Normal,2Vehicles-Side,10,Wednesday,12,False,False
201800022136,NonLethal,Daylight,Yes,Other,Normal,3+Vehicles-Chain,10,Tuesday,17,False,False
201800030525,NonLethal,NightStreelightsOn,Yes,NoIntersection,Normal,NoCollision,1,Wednesday,7,False,False
201800049689,NonLethal,NightNoStreetLight,No,NoIntersection,Normal,2Vehicles-Behind,2,Thursday,20,False,False
201800007014,NonLethal,Daylight,No,NoIntersection,Normal,2Vehicles-Behind,8,Sunday,7,True,False
201800044404,NonLethal,Daylight,No,NoIntersection,LightRain,Other,11,Sunday,16,True,False
201800035648,NonLethal,Daylight,Yes,T-type,Normal,2Vehicles-Side,12,Saturday,16,True,False
201800036020,NonLethal,Daylight,Yes,NoIntersection,Normal,Other,3,Wednesday,10,False,False
201800006553,NonLethal,TwilightOrDawn,No,NoIntersection,Normal,Other,1,Friday,19,False,False
201800038528,NonLethal,Daylight,Yes,X-type,Overcast,Other,10,Monday,16,False,False
201800013766,NonLethal,Daylight,No,NoIntersection,Normal,Other,9,Sunday,16,True,False
201800057091,NonLethal,Daylight,Yes,X-type,Normal,3+Vehicles-Multiple,10,Wednesday,15,False,False
201800041801,NonLethal,NightStreelightsOn,Yes,X-type,Normal,2Vehicles-Side,10,Monday,21,False,False
201800054748,NonLethal,NightStreelightsOn,Yes,T-type,Normal,2Vehicles-Side,6,Wednesday,21,False,False
201800033192,NonLethal,Daylight,Yes,T-type,LightRain,2Vehicles-Side,11,Saturday,15,True,False
201800026689,NonLethal,Daylight,Yes,T-type,Normal,2Vehicles-Side,10,Saturday,14,True,False
201800018143,NonLethal,NightStreelightsOn,Yes,NoIntersection,Normal,Other,4,Wednesday,21,False,False
201800026230,NonLethal,Daylight,Yes,Roundabout,Normal,Other,9,Friday,11,False,False
201800009961,NonLethal,Daylight,Yes,T-type,Normal,2Vehicles-BehindVehicles-Frontal,10,Monday,12,False,False
201800028988,NonLethal,Daylight,No,NoIntersection,Normal,Other,8,Saturday,18,True,False
201800000661,Lethal,NightNoStreetLight,No,X-type,Normal,2Vehicles-Behind,7,Tuesday,22,False,False
201800032591,NonLethal,TwilightOrDawn,Yes,NoIntersection,Normal,Other,11,Saturday,18,True,False
201800025897,NonLethal,Daylight,Yes,NoIntersection,HeavyRain,Other,5,Friday,17,False,False
201800029166,Lethal,NightNoStreetLight,Yes,NoIntersection,FogOrSmoke,Other,1,Sunday,1,True,True
201800047951,NonLethal,Daylight,No,NoIntersection,Normal,2Vehicles-Behind,6,Friday,6,False,True
201800026170,NonLethal,Daylight,No,NoIntersection,VeryGood,2Vehicles-BehindVehicles-Frontal,1,Saturday,14,True,False
201800044257,NonLethal,Daylight,No,NoIntersection,Normal,2Vehicles-Side,9,Monday,8,False,False
201800020535,NonLethal,Daylight,Yes,NoIntersection,Normal,NoCollision,7,Saturday,14,True,False
201800050201,NonLethal,TwilightOrDawn,No,NoIntersection,Normal,3+Vehicles-Multiple,12,Tuesday,18,False,False
201800017594,Lethal,TwilightOrDawn,No,NoIntersection,LightRain,2Vehicles-Side,12,Friday,16,False,False
201800003777,NonLethal,Daylight,No,NoIntersection,Normal,2Vehicles-Side,8,Friday,15,False,False
201800032330,NonLethal,NightNoStreetLight,Yes,NoIntersection,Normal,2Vehicles-BehindVehicles-Frontal,1,Friday,18,False,False
201800035864,NonLethal,NightStreelightsOn,Yes,X-type,Normal,2Vehicles-Side,9,Monday,19,False,False
201800034007,NonLethal,Daylight,Yes,NoIntersection,Normal,Other,6,Friday,10,False,False
201800023504,NonLethal,Daylight,No,NoIntersection,LightRain,Other,12,Tuesday,14,False,False
201800025922,NonLethal,Daylight,Yes,T-type,Normal,2Vehicles-Behind,10,Tuesday,18,False,False
201800000770,NonLethal,Daylight,No,T-type,Normal,2Vehicles-Behind,5,Wednesday,14,False,False
201800012802,NonLethal,Daylight,Yes,T-type,Normal,2Vehicles-BehindVehicles-Frontal,6,Friday,8,False,False
201800009008,NonLethal,Daylight,Yes,NoIntersection,Normal,2Vehicles-BehindVehicles-Frontal,5,Wednesday,18,False,False
201800020035,NonLethal,Daylight,No,NoIntersection,Normal,NoCollision,6,Sunday,10,True,False
201800009454,NonLethal,NightStreelightsOn,Yes,NoIntersection,Normal,Other,7,Tuesday,0,False,True
201800002373,NonLethal,Daylight,No,NoIntersection,Normal,Other,7,Wednesday,10,False,False
201800030269,NonLethal,NightStreelightsOn,Yes,Roundabout,Normal,Other,11,Sunday,6,True,True
201800051223,NonLethal,NightStreelightsOn,Yes,X-type,Normal,2Vehicles-Side,10,Saturday,22,True,False
201800003398,NonLethal,TwilightOrDawn,No,NoIntersection,Normal,3+Vehicles-Chain,8,Saturday,6,True,True
201800021351,NonLethal,TwilightOrDawn,No,NoIntersection,SnowOrHail,Other,2,Sunday,7,True,False
201800008403,NonLethal,Daylight,Yes,T-type,HeavyRain,Other,1,Friday,10,False,False
201800031648,NonLethal,NightStreelightsOn,Yes,X-type,LightRain,2Vehicles-Side,1,Wednesday,17,False,False
201800018587,NonLethal,NightStreelightsOn,No,NoIntersection,Normal,2Vehicles-BehindVehicles-Frontal,5,Tuesday,22,False,False
201800025408,NonLethal,Daylight,Yes,NoIntersection,Normal,2Vehicles-Behind,6,Friday,18,False,False
201800017174,Lethal,Daylight,No,NoIntersection,Normal,NoCollision,3,Tuesday,16,False,False
201800039834,NonLethal,Daylight,Yes,MoreThan4Branches,Normal,Other,9,Friday,10,False,False
201800049093,NonLethal,NightStreelightsOff,No,NoIntersection,Normal,2Vehicles-Behind,12,Wednesday,21,False,False
201800044945,NonLethal,Daylight,No,NoIntersection,Normal,3+Vehicles-Chain,4,Friday,14,False,False
201800042358,NonLethal,Daylight,Yes,NoIntersection,Normal,Other,9,Friday,8,False,False
201800025159,NonLethal,Daylight,Yes,NoIntersection,Normal,Other,9,Tuesday,8,False,False
201800010262,NonLethal,Daylight,Yes,T-type,Normal,2Vehicles-Side,12,Monday,15,False,False
201800047860,NonLethal,Daylight,Yes,X-type,FogOrSmoke,Other,12,Tuesday,9,False,False
201800055927,NonLethal,TwilightOrDawn,No,NoIntersection,VeryGood,Other,2,Saturday,18,True,False
201800019408,NonLethal,Daylight,No,NoIntersection,Normal,2Vehicles-BehindVehicles-Frontal,2,Tuesday,13,False,False
201800046375,NonLethal,Daylight,No,NoIntersection,Normal,2Vehicles-Behind,1,Monday,17,False,False
201800042916,NonLethal,NightStreelightsOn,Yes,X-type,Normal,2Vehicles-Side,10,Monday,1,False,True
201800033183,NonLethal,Daylight,Yes,NoIntersection,Normal,2Vehicles-BehindVehicles-Frontal,11,Saturday,10,True,False
201800039796,NonLethal,NightStreelightsOn,Yes,NoIntersection,Normal,2Vehicles-Side,5,Friday,0,False,True
201800013582,NonLethal,Daylight,Yes,NoIntersection,VeryGood,NoCollision,4,Friday,16,False,False
201800056082,NonLethal,Daylight,No,NoIntersection,Normal,2Vehicles-Side,11,Friday,16,False,False
201800047578,NonLethal,Daylight,Yes,NoIntersection,Normal,Other,6,Tuesday,16,False,False
201800042137,NonLethal,Daylight,Yes,T-type,Normal,3+Vehicles-Multiple,2,Friday,14,False,False
201800056257,NonLethal,NightStreelightsOn,Yes,MoreThan4Branches,Normal,2Vehicles-BehindVehicles-Frontal,8,Saturday,20,True,False
201800031396,NonLethal,TwilightOrDawn,Yes,Y-type,Normal,Other,7,Sunday,5,True,True
201800028293,NonLethal,NightStreelightsOn,Yes,X-type,Normal,2Vehicles-Side,1,Thursday,17,False,False
201800041125,NonLethal,Daylight,Yes,NoIntersection,Normal,2Vehicles-Behind,2,Thursday,9,False,False
201800025396,NonLethal,Daylight,Yes,T-type,Normal,Other,6,Thursday,16,False,False
201800048102,NonLethal,Daylight,Yes,NoIntersection,Normal,2Vehicles-Behind,1,Wednesday,14,False,False
201800000392,NonLethal,NightStreelightsOn,No,NoIntersection,Other,Other,12,Sunday,2,True,True
201800017591,NonLethal,NightNoStreetLight,No,NoIntersection,LightRain,NoCollision,7,Tuesday,23,False,False
201800024996,NonLethal,NightStreelightsOff,Yes,X-type,Normal,2Vehicles-Side,11,Sunday,6,True,True
201800043750,NonLethal,Daylight,Yes,NoIntersection,Normal,2Vehicles-Side,11,Thursday,8,False,False
201800021954,NonLethal,Daylight,No,Y-type,Normal,2Vehicles-Behind,11,Monday,11,False,False
201800037741,NonLethal,Daylight,Yes,NoIntersection,Normal,Other,11,Wednesday,15,False,False
201800002387,NonLethal,NightStreelightsOn,Yes,NoIntersection,Normal,Other,5,Friday,20,False,False
201800011147,Lethal,Daylight,No,NoIntersection,Normal,2Vehicles-BehindVehicles-Frontal,10,Wednesday,17,False,False
201800006270,NonLethal,NightNoStreetLight,No,NoIntersection,Normal,2Vehicles-Behind,11,Wednesday,3,False,True
201800035687,Lethal,Daylight,No,Other,Other,Other,10,Monday,12,False,False
201800057138,NonLethal,Daylight,Yes,NoIntersection,Normal,Other,12,Monday,11,False,False
201800010419,NonLethal,NightNoStreetLight,No,Other,Normal,Other,6,Sunday,4,True,True
201800042666,NonLethal,Daylight,Yes,X-type,Normal,2Vehicles-Side,4,Thursday,15,False,False
201800019502,NonLethal,Daylight,Yes,Other,Normal,Other,6,Saturday,9,True,False
201800049639,NonLethal,Daylight,No,NoIntersection,Overcast,2Vehicles-Behind,1,Monday,7,False,False
201800005264,Lethal,Daylight,Yes,NoIntersection,Normal,2Vehicles-Side,7,Monday,13,False,False
201800003550,NonLethal,NightNoStreetLight,No,NoIntersection,Normal,Other,3,Monday,22,False,False
201800028285,NonLethal,NightStreelightsOn,Yes,NoIntersection,Normal,Other,12,Friday,22,False,False
201800023447,Lethal,NightStreelightsOn,No,NoIntersection,LightRain,Other,1,Wednesday,0,False,True
201800020180,NonLethal,Daylight,No,NoIntersection,Normal,NoCollision,11,Wednesday,7,False,False
201800023261,NonLethal,NightStreelightsOn,No,NoIntersection,Normal,2Vehicles-Side,9,Wednesday,20,False,False
201800044631,NonLethal,Daylight,No,NoIntersection,Normal,2Vehicles-Behind,2,Thursday,16,False,False
201800029499,NonLethal,Daylight,Yes,NoIntersection,Normal,NoCollision,5,Tuesday,20,False,False
201800022580,NonLethal,Daylight,No,NoIntersection,Normal,2Vehicles-Behind,6,Wednesday,16,False,False
201800002007,NonLethal,Daylight,Yes,NoIntersection,Normal,Other,6,Saturday,10,True,False
201800014090,NonLethal,Daylight,No,NoIntersection,Normal,2Vehicles-Side,2,Tuesday,11,False,False
201800051954,NonLethal,Daylight,Yes,X-type,LightRain,Other,3,Friday,9,False,False
201800005358,NonLethal,Daylight,Yes,Roundabout,Normal,2Vehicles-Behind,3,Wednesday,16,False,False
201800039092,NonLethal,Daylight,Yes,NoIntersection,Normal,Other,10,Tuesday,15,False,False
201800028168,NonLethal,NightStreelightsOn,Yes,NoIntersection,LightRain,Other,11,Sunday,17,True,False
201800036620,NonLethal,Daylight,Yes,NoIntersection,Normal,2Vehicles-Side,8,Friday,18,False,False
201800049498,NonLethal,NightNoStreetLight,No,NoIntersection,Normal,2Vehicles-Behind,11,Tuesday,19,False,False
201800044187,NonLethal,NightStreelightsOn,No,NoIntersection,Normal,Other,8,Monday,23,False,False
201800005606,NonLethal,NightStreelightsOn,Yes,NoIntersection,HeavyRain,NoCollision,2,Saturday,5,True,True
201800041677,NonLethal,Daylight,Yes,NoIntersection,LightRain,2Vehicles-Behind,7,Friday,16,False,False
201800024480,NonLethal,Daylight,Yes,T-type,VeryGood,3+Vehicles-Multiple,10,Friday,10,False,False
201800031563,NonLethal,TwilightOrDawn,No,NoIntersection,Other,NoCollision,12,Monday,8,False,False
201800025417,NonLethal,NightStreelightsOn,Yes,Roundabout,Normal,2Vehicles-Behind,7,Sunday,0,True,True
201800041729,NonLethal,Daylight,Yes,NoIntersection,Normal,2Vehicles-Side,3,Monday,9,False,False
201800026187,NonLethal,Daylight,Yes,NoIntersection,Normal,2Vehicles-Side,5,Saturday,8,True,False
201800047492,NonLethal,NightStreelightsOn,Yes,NoIntersection,Normal,Other,10,Friday,23,False,False
201800017587,NonLethal,TwilightOrDawn,No,NoIntersection,FogOrSmoke,Other,12,Saturday,6,True,True
201800037850,Lethal,NightStreelightsOn,Yes,NoIntersection,Normal,Other,9,Friday,7,False,False
201800007722,NonLethal,NightNoStreetLight,No,NoIntersection,Normal,Other,1,Thursday,22,False,False
201800000465,NonLethal,Daylight,No,X-type,Normal,Other,8,Friday,10,False,False
201800055343,NonLethal,Daylight,Yes,NoIntersection,Normal,2Vehicles-Behind,4,Wednesday,19,False,False
201800042188,NonLethal,Daylight,Yes,T-type,HeavyRain,2Vehicles-Side,11,Tuesday,19,False,False
201800005040,NonLethal,NightNoStreetLight,No,NoIntersection,Normal,2Vehicles-BehindVehicles-Frontal,11,Saturday,3,True,True
201800006326,NonLethal,Daylight,No,NoIntersection,Normal,3+Vehicles-Chain,7,Saturday,13,True,False
201800042642,NonLethal,Daylight,Yes,T-type,Normal,NoCollision,5,Tuesday,11,False,False
201800055383,NonLethal,Daylight,Yes,NoIntersection,Normal,3+Vehicles-Chain,5,Wednesday,8,False,False
201800046605,NonLethal,Daylight,No,NoIntersection,Normal,NoCollision,5,Monday,19,False,False
201800024335,NonLethal,Daylight,Yes,NoIntersection,Normal,2Vehicles-Behind,4,Friday,18,False,False
201800024073,NonLethal,NightStreelightsOn,Yes,T-type,Normal,Other,12,Tuesday,3,False,True
201800053942,NonLethal,NightStreelightsOn,Yes,X-type,Normal,NoCollision,11,Thursday,23,False,False
201800030500,Lethal,NightNoStreetLight,No,NoIntersection,Normal,2Vehicles-Behind,8,Saturday,21,True,False
201800009851,NonLethal,NightStreelightsOn,Yes,T-type,Normal,2Vehicles-Side,10,Friday,0,False,True
201800034510,Lethal,NightNoStreetLight,No,Other,Normal,NoCollision,7,Wednesday,23,False,False
201800039402,NonLethal,NightStreelightsOn,Yes,X-type,Normal,2Vehicles-Side,7,Friday,22,False,False
201800023494,NonLethal,NightNoStreetLight,No,NoIntersection,Normal,Other,9,Sunday,0,True,True
201800048844,NonLethal,Daylight,No,NoIntersection,Normal,2Vehicles-Side,3,Tuesday,8,False,False
201800052943,NonLethal,NightStreelightsOn,Yes,Square,LightRain,2Vehicles-Side,2,Tuesday,22,False,False
201800031300,NonLethal,Daylight,No,NoIntersection,Normal,2Vehicles-Behind,8,Friday,15,False,False
201800043992,NonLethal,Daylight,No,NoIntersection,Normal,3+Vehicles-Chain,5,Friday,15,False,False
201800043566,NonLethal,Daylight,Yes,NoIntersection,Normal,3+Vehicles-Chain,7,Saturday,15,True,False
201800044144,NonLethal,Daylight,No,NoIntersection,Normal,Other,7,Friday,16,False,False
201800052902,NonLethal,NightStreelightsOn,Yes,MoreThan4Branches,Normal,2Vehicles-Side,12,Tuesday,17,False,False
201800048620,NonLethal,TwilightOrDawn,Yes,NoIntersection,Normal,Other,10,Friday,7,False,False
201800056880,NonLethal,NightNoStreetLight,Yes,NoIntersection,Normal,2Vehicles-Side,3,Monday,19,False,False
201800027869,NonLethal,NightStreelightsOn,Yes,Roundabout,HeavyRain,2Vehicles-Behind,1,Wednesday,20,False,False
201800026673,NonLethal,Daylight,Yes,NoIntersection,Overcast,2Vehicles-Behind,8,Monday,13,False,False
201800041322,NonLethal,NightNoStreetLight,No,NoIntersection,Normal,2Vehicles-Side,12,Thursday,18,False,False
201800021283,NonLethal,Daylight,No,T-type,Normal,Other,4,Thursday,8,False,False
201800016159,NonLethal,NightStreelightsOn,Yes,NoIntersection,Normal,Other,5,Saturday,22,True,False
201800056465,NonLethal,Daylight,Yes,NoIntersection,Normal,2Vehicles-Side,11,Tuesday,9,False,False
201800036450,NonLethal,Daylight,Yes,NoIntersection,Normal,2Vehicles-Behind,7,Monday,11,False,False
201800008058,NonLethal,Daylight,No,NoIntersection,Normal,2Vehicles-Behind,8,Wednesday,18,False,False
201800044441,NonLethal,NightStreelightsOn,No,Other,LightRain,Other,12,Sunday,18,True,False
201800052342,NonLethal,Daylight,Yes,X-type,Normal,Other,2,Wednesday,9,False,False
201800035741,Lethal,Daylight,No,NoIntersection,Normal,2Vehicles-BehindVehicles-Frontal,5,Monday,9,False,False
201800002768,NonLethal,Daylight,Yes,NoIntersection,Normal,Other,7,Thursday,20,False,False
201800043718,NonLethal,Daylight,Yes,NoIntersection,Normal,Other,9,Thursday,7,False,False
201800017093,NonLethal,Daylight,No,NoIntersection,LightRain,Other,12,Monday,10,False,False
201800003575,NonLethal,Daylight,No,T-type,Normal,2Vehicles-Behind,5,Tuesday,16,False,False
201800038161,NonLethal,Daylight,Yes,NoIntersection,LightRain,Other,11,Tuesday,14,False,False
201800000643,NonLethal,Daylight,No,NoIntersection,Normal,Other,8,Thursday,8,False,False
201800038923,NonLethal,TwilightOrDawn,Yes,NoIntersection,Normal,2Vehicles-BehindVehicles-Frontal,6,Wednesday,6,False,True
201800017735,Lethal,NightNoStreetLight,No,NoIntersection,Normal,Other,7,Sunday,1,True,True
201800033427,NonLethal,Daylight,Yes,Y-type,SnowOrHail,2Vehicles-Side,5,Wednesday,9,False,False
201800008219,NonLethal,TwilightOrDawn,Yes,Roundabout,Normal,2Vehicles-Side,2,Tuesday,19,False,False
201800020523,NonLethal,Daylight,No,NoIntersection,Normal,NoCollision,3,Friday,13,False,False
201800017362,Lethal,Daylight,No,X-type,Normal,2Vehicles-Side,2,Friday,13,False,False
201800042678,NonLethal,Daylight,Yes,NoIntersection,Normal,Other,6,Friday,18,False,False
201800009272,NonLethal,NightStreelightsOn,Yes,NoIntersection,Normal,Other,2,Wednesday,3,False,True
201800045332,NonLethal,Daylight,No,NoIntersection,Normal,2Vehicles-Behind,10,Tuesday,12,False,False
201800055660,NonLethal,NightStreelightsOn,Yes,NoIntersection,Normal,2Vehicles-Behind,10,Friday,5,False,True
201800004544,NonLethal,Daylight,Yes,NoIntersection,Normal,2Vehicles-Side,12,Wednesday,13,False,False
201800023472,NonLethal,Daylight,No,Y-type,Normal,2Vehicles-Side,7,Tuesday,7,False,False