AccidentId,Gravity,Light,InAgglomeration,IntersectionType,Weather,CollisionType,Month,DayOfWeek,HourOfDay,IsWeekend,IsNight
201800030939,NonLethal,TwilightOrDawn,Yes,NoIntersection,FogOrSmoke,2Vehicles-Behind,11,Monday,8,False,False
201800021783,NonLethal,Daylight,No,NoIntersection,LightRain,Other,7,Monday,7,False,False
201800012013,NonLethal,NightStreelightsOn,Yes,NoIntersection,HeavyRain,Other,7,Tuesday,4,False,True
201800034788,Lethal,Daylight,Yes,NoIntersection,Normal,Other,11,Monday,9,False,False
201800039815,NonLethal,Daylight,Yes,NoIntersection,Normal,Other,7,Tuesday,19,False,False
201800008515,NonLethal,Daylight,Yes,NoIntersection,Normal,Other,2,Tuesday,8,False,False
201800029532,NonLethal,NightStreelightsOn,Yes,Y-type,Normal,2Vehicles-Side,6,Friday,23,False,False
201800002436,NonLethal,Daylight,Yes,NoIntersection,Normal,2Vehicles-Side,5,Wednesday,11,False,False
201800051111,NonLethal,Daylight,Yes,Roundabout,Normal,2Vehicles-Side,6,Tuesday,19,False,False
201800041263,NonLethal,Daylight,No,NoIntersection,Normal,NoCollision,7,Saturday,6,True,True
201800042420,NonLethal,Daylight,Yes,NoIntersection,Normal,NoCollision,12,Tuesday,7,False,False
201800021093,NonLethal,NightStreelightsOn,Yes,NoIntersection,LightRain,Other,3,Friday,23,False,False
201800046183,NonLethal,Daylight,No,NoIntersection,Normal,2Vehicles-Behind,10,Thursday,10,False,False
201800024328,NonLethal,NightStreelightsOn,Yes,NoIntersection,Normal,NoCollision,5,Saturday,23,True,False
201800018497,NonLethal,Daylight,No,T-type,Normal,2Vehicles-Side,8,Friday,19,False,False
201800009340,NonLethal,NightStreelightsOn,Yes,X-type,Normal,2Vehicles-Side,7,Tuesday,22,False,False
201800027657,NonLethal,NightStreelightsOn,Yes,NoIntersection,Overcast,2Vehicles-Behind,5,Friday,18,False,False
201800023574,Lethal,Daylight,No,NoIntersection,Normal,2Vehicles-BehindVehicles-Frontal,8,Friday,10,False,False
201800043915,NonLethal,Daylight,No,NoIntersection,Normal,2Vehicles-Behind,4,Friday,9,False,False
201800030905,NonLethal,Daylight,Yes,T-type,VeryGood,2Vehicles-Side,3,Saturday,8,True,False
201800057152,NonLethal,NightStreelightsOn,Yes,NoIntersection,Normal,2Vehicles-Side,12,Thursday,21,False,False
201800049684,NonLethal,NightNoStreetLight,No,NoIntersection,Normal,Other,4,Monday,5,False,True
201800022557,NonLethal,Daylight,Yes,X-type,Normal,3+Vehicles-Multiple,4,Wednesday,7,False,False
201800053574,NonLethal,Daylight,Yes,Square,Normal,2Vehicles-Side,10,Thursday,12,False,False
201800041655,NonLethal,NightStreelightsOn,No,X-type,Normal,Other,3,Tuesday,2,False,True
201800013744,NonLethal,Daylight,Yes,Other,Normal,2Vehicles-Behind,6,Saturday,11,True,False
201800009417,NonLethal,Daylight,Yes,NoIntersection,Normal,2Vehicles-Side,7,Monday,11,False,False
201800040118,NonLethal,Daylight,Yes,NoIntersection,Normal,2Vehicles-Side,12,Friday,20,False,False
201800033970,NonLethal,Daylight,Yes,X-type,Normal,2Vehicles-Side,4,Wednesday,11,False,False
201800001596,NonLethal,NightStreelightsOn,Yes,Roundabout,Normal,Other,1,Tuesday,21,False,False
201800035856,NonLethal,Daylight,Yes,X-type,LightRain,2Vehicles-BehindVehicles-Frontal,2,Saturday,11,True,False
201800000945,NonLethal,NightStreelightsOff,Yes,Y-type,Normal,Other,5,Saturday,22,True,False
201800007258,NonLethal,NightNoStreetLight,No,NoIntersection,Normal,2Vehicles-Behind,6,Tuesday,23,False,False
201800013708,NonLethal,Daylight,No,NoIntersection,Normal,NoCollision,5,Friday,14,False,False
201800057025,NonLethal,NightNoStreetLight,Yes,NoIntersection,Normal,2Vehicles-Side,8,Wednesday,19,False,False
201800031443,NonLethal,NightNoStreetLight,No,NoIntersection,LightRain,Other,1,Wednesday,19,False,False
201800039648,NonLethal,NightStreelightsOn,Yes,T-type,Normal,2Vehicles-Side,8,Tuesday,22,False,False
201800045474,NonLethal,NightNoStreetLight,No,NoIntersection,Normal,2Vehicles-Side,11,Monday,19,False,False
201800010261,NonLethal,Daylight,Yes,NoIntersection,Normal,NoCollision,12,Monday,11,False,False
201800051977,NonLethal,Daylight,Yes,MoreThan4Branches,Normal,2Vehicles-Behind,3,Saturday,13,True,False
201800009887,NonLethal,TwilightOrDawn,Yes,NoIntersection,Other,Other,10,Wednesday,19,False,False
201800026816,NonLethal,Daylight,Yes,T-type,Normal,2Vehicles-Side,5,Thursday,18,False,False
201800012163,NonLethal,Daylight,No,NoIntersection,Normal,2Vehicles-BehindVehicles-Frontal,12,Saturday,20,True,False
201800027918,NonLethal,Daylight,Yes,Roundabout,Normal,Other,5,Friday,13,False,False
201800047002,NonLethal,NightNoStreetLight,No,NoIntersection,LightRain,2Vehicles-Side,10,Sunday,23,True,False
201800036511,NonLethal,TwilightOrDawn,Yes,NoIntersection,Normal,2Vehicles-BehindVehicles-Frontal,11,Friday,8,False,False
201800036103,NonLethal,Daylight,Yes,X-type,Normal,2Vehicles-Side,6,Thursday,8,False,False
201800016256,Lethal,TwilightOrDawn,Yes,NoIntersection,LightRain,2Vehicles-BehindVehicles-Frontal,1,Monday,16,False,False
201800051438,NonLethal,Daylight,Yes,NoIntersection,SnowOrHail,NoCollision,2,Tuesday,15,False,False
201800053703,NonLethal,NightStreelightsOn,Yes,X-type,Normal,2Vehicles-Behind,2,Tuesday,21,False,False
201800051668,NonLethal,Daylight,Yes,X-type,StrongWindOrStorm,Other,2,Friday,15,False,False
201800005482,NonLethal,NightStreelightsOn,Yes,NoIntersection,LightRain,Other,10,Sunday,3,True,True
201800014758,NonLethal,Daylight,No,NoIntersection,Normal,Other,10,Monday,13,False,False
201800047776,NonLethal,NightStreelightsOn,Yes,T-type,LightRain,Other,1,Thursday,6,False,True
201800029118,NonLethal,Daylight,Yes,NoIntersection,Normal,Other,7,Tuesday,13,False,False
201800014323,NonLethal,Daylight,No,NoIntersection,VeryGood,2Vehicles-BehindVehicles-Frontal,6,Wednesday,7,False,False
201800028215,NonLethal,Daylight,Yes,NoIntersection,LightRain,2Vehicles-Behind,10,Thursday,14,False,False
201800006824,NonLethal,Daylight,No,NoIntersection,Normal,Other,5,Tuesday,17,False,False
201800027457,NonLethal,Daylight,No,X-type,Normal,2Vehicles-Behind,10,Monday,11,False,False
201800021973,NonLethal,Daylight,No,T-type,Normal,2Vehicles-Behind,5,Sunday,17,True,False
201800022095,NonLethal,Daylight,Yes,Roundabout,Normal,2Vehicles-Behind,11,Thursday,20,False,False
201800029316,NonLethal,Daylight,No,NoIntersection,Normal,2Vehicles-Behind,7,Saturday,11,True,False
201800021661,Lethal,Daylight,No,NoIntersection,Normal,Other,7,Friday,14,False,False
201800012106,NonLethal,Daylight,No,X-type,Normal,2Vehicles-Side,2,Tuesday,10,False,False
201800049561,NonLethal,Daylight,No,NoIntersection,Normal,2Vehicles-Behind,4,Wednesday,14,False,False
201800015116,NonLethal,Daylight,Yes,Roundabout,Normal,Other,11,Saturday,14,True,False
201800024926,NonLethal,Daylight,Yes,T-type,Normal,2Vehicles-Side,9,Tuesday,10,False,False
201800028486,NonLethal,Daylight,Yes,NoIntersection,Normal,2Vehicles-Behind,7,Tuesday,20,False,False
201800001456,NonLethal,NightNoStreetLight,No,NoIntersection,Normal,2Vehicles-Side,3,Saturday,22,True,False
201800010297,NonLethal,Daylight,No,NoIntersection,Normal,2Vehicles-BehindVehicles-Frontal,7,Thursday,15,False,False
201800024463,NonLethal,Daylight,Yes,NoIntersection,Overcast,Other,10,Tuesday,17,False,False
201800044189,NonLethal,Daylight,No,Other,Normal,3+Vehicles-Chain,8,Tuesday,16,False,False
201800018148,NonLethal,Daylight,No,NoIntersection,VeryGood,2Vehicles-Behind,9,Monday,11,False,False
201800020612,NonLethal,Daylight,Yes,T-type,Normal,2Vehicles-Side,3,Thursday,8,False,False
201800054444,NonLethal,NightStreelightsOn,Yes,NoIntersection,Normal,2Vehicles-BehindVehicles-Frontal,9,Thursday,0,False,True
201800047374,NonLethal,Daylight,Yes,NoIntersection,Normal,Other,2,Monday,14,False,False
201800021746,NonLethal,Daylight,No,NoIntersection,Normal,3+Vehicles-Chain,9,Saturday,16,True,False
201800025070,NonLethal,NightStreelightsOn,Yes,Roundabout,Normal,Other,12,Thursday,7,False,False
201800027673,NonLethal,Daylight,Yes,Y-type,Normal,2Vehicles-Behind,1,Wednesday,12,False,False
201800000181,NonLethal,Daylight,Yes,T-type,Normal,2Vehicles-Side,9,Wednesday,16,False,False
201800019433,NonLethal,Daylight,No,NoIntersection,Normal,2Vehicles-Side,5,Sunday,11,True,False
201800004212,NonLethal,Daylight,Yes,Other,Normal,Other,6,Saturday,11,True,False
201800030315,NonLethal,Daylight,Yes,T-type,Normal,Other,9,Tuesday,12,False,False
201800038241,NonLethal,Daylight,Yes,NoIntersection,Normal,NoCollision,11,Tuesday,9,False,False
201800012400,NonLethal,NightNoStreetLight,No,NoIntersection,HeavyRain,Other,11,Saturday,18,True,False
201800042017,NonLethal,Daylight,Yes,Other,Normal,NoCollision,8,Sunday,7,True,False
201800019441,NonLethal,Daylight,No,NoIntersection,Normal,3+Vehicles-Multiple,9,Wednesday,7,False,False
201800048858,NonLethal,Daylight,No,NoIntersection,LightRain,2Vehicles-Side,3,Wednesday,9,False,False
201800036769,NonLethal,Daylight,Yes,X-type,Normal,2Vehicles-Behind,7,Thursday,17,False,False
201800026903,NonLethal,Daylight,Yes,NoIntersection,Normal,2Vehicles-Side,8,Monday,15,False,False
201800039173,NonLethal,TwilightOrDawn,Yes,X-type,LightRain,2Vehicles-BehindVehicles-Frontal,12,Friday,8,False,False
201800029196,NonLethal,NightNoStreetLight,Yes,NoIntersection,Normal,2Vehicles-Behind,2,Friday,19,False,False
201800037846,NonLethal,TwilightOrDawn,Yes,NoIntersection,Normal,Other,9,Friday,20,False,False
201800038166,NonLethal,Daylight,Yes,NoIntersection,Normal,2Vehicles-Behind,11,Thursday,10,False,False
201800048412,NonLethal,NightStreelightsOn,Yes,T-type,Normal,Other,7,Sunday,22,True,False
201800031779,NonLethal,Daylight,Yes,NoIntersection,Normal,Other,6,Thursday,11,False,False
201800032643,NonLethal,NightStreelightsOn,Yes,NoIntersection,FogOrSmoke,2Vehicles-Behind,11,Saturday,1,True,True
201800003042,NonLethal,Daylight,No,NoIntersection,Normal,NoCollision,7,Monday,12,False,False
201800012636,NonLethal,Daylight,No,NoIntersection,Normal,2Vehicles-BehindVehicles-Frontal,9,Tuesday,12,False,False
201800045480,NonLethal,TwilightOrDawn,No,NoIntersection,Normal,2Vehicles-Side,11,Tuesday,17,False,False
201800005909,NonLethal,TwilightOrDawn,Yes,Y-type,Normal,2Vehicles-BehindVehicles-Frontal,1,Saturday,18,True,False
201800015266,Lethal,Daylight,No,X-type,Normal,2Vehicles-Side,7,Sunday,20,True,False
201800000832,NonLethal,Daylight,No,X-type,Normal,2Vehicles-Side,6,Friday,19,False,False
201800037868,NonLethal,NightStreelightsOn,Yes,X-type,Normal,2Vehicles-BehindVehicles-Frontal,9,Tuesday,20,False,False
201800053997,NonLethal,Daylight,Yes,X-type,Normal,Other,2,Thursday,17,False,False
201800028743,NonLethal,Daylight,Yes,Roundabout,Normal,Other,6,Monday,20,False,False
201800036088,NonLethal,Daylight,Yes,X-type,Normal,2Vehicles-Side,5,Wednesday,7,False,False
201800025857,NonLethal,Daylight,No,NoIntersection,Normal,2Vehicles-BehindVehicles-Frontal,7,Friday,14,False,False
201800016561,NonLethal,Daylight,No,X-type,LightRain,2Vehicles-Side,12,Saturday,11,True,False
201800015210,NonLethal,Daylight,No,NoIntersection,Normal,NoCollision,7,Thursday,19,False,False
201800051192,NonLethal,TwilightOrDawn,Yes,Square,Normal,2Vehicles-Side,9,Friday,22,False,False
201800028382,NonLethal,Daylight,Yes,NoIntersection,Normal,Other,4,Thursday,8,False,False
201800057628,NonLethal,TwilightOrDawn,Yes,Other,Normal,2Vehicles-Side,1,Saturday,16,True,False
201800044319,NonLethal,Daylight,No,NoIntersection,Normal,NoCollision,10,Thursday,17,False,False
201800046941,NonLethal,Daylight,No,NoIntersection,Normal,3+Vehicles-Chain,10,Tuesday,8,False,False
201800048779,NonLethal,NightStreelightsOn,Yes,NoIntersection,LightRain,2Vehicles-Behind,12,Friday,20,False,False
201800055387,NonLethal,Daylight,Yes,NoIntersection,LightRain,NoCollision,5,Monday,8,False,False
201800045725,NonLethal,Daylight,No,NoIntersection,Normal,Other,2,Wednesday,16,False,False
201800039693,NonLethal,NightStreelightsOn,Yes,Roundabout,Normal,Other,1,Friday,18,False,False
201800035700,NonLethal,Daylight,Yes,NoIntersection,Normal,Other,9,Wednesday,8,False,False
201800039172,NonLethal,NightStreelightsOn,Yes,X-type,Normal,Other,12,Sunday,17,True,False
201800053875,NonLethal,Daylight,Yes,X-type,Normal,Other,9,Friday,16,False,False
201800041825,NonLethal,Daylight,Yes,NoIntersection,LightRain,2Vehicles-Behind,12,Friday,15,False,False
201800014397,NonLethal,TwilightOrDawn,No,NoIntersection,LightRain,Other,1,Monday,17,False,False
201800043619,NonLethal,NightStreelightsOn,Yes,NoIntersection,Normal,2Vehicles-Side,5,Tuesday,23,False,False
201800011429,NonLethal,NightNoStreetLight,No,NoIntersection,Normal,NoCollision,1,Wednesday,19,False,False
201800041795,NonLethal,TwilightOrDawn,No,NoIntersection,Normal,3+Vehicles-Multiple,9,Wednesday,19,False,False
201800020722,NonLethal,Daylight,Yes,T-type,Normal,2Vehicles-Side,5,Friday,7,False,False
201800016847,NonLethal,Daylight,No,NoIntersection,Normal,2Vehicles-Behind,9,Saturday,10,True,False
201800001648,NonLethal,NightNoStreetLight,No,NoIntersection,FogOrSmoke,Other,11,Saturday,6,True,True
201800010644,NonLethal,Daylight,No,NoIntersection,SnowOrHail,2Vehicles-Side,1,Saturday,14,True,False
201800000841,Lethal,Daylight,Yes,NoIntersection,Normal,3+Vehicles-Multiple,9,Thursday,8,False,False
201800012133,NonLethal,NightNoStreetLight,No,NoIntersection,Normal,Other,4,Monday,22,False,False
201800023909,NonLethal,Daylight,Yes,X-type,Normal,Other,5,Wednesday,9,False,False
201800026294,NonLethal,Daylight,Yes,NoIntersection,Normal,2Vehicles-Behind,2,Saturday,19,True,False
201800038704,NonLethal,Daylight,Yes,NoIntersection,Normal,2Vehicles-Behind,7,Friday,17,False,False
201800030439,NonLethal,NightNoStreetLight,Yes,NoIntersection,Normal,NoCollision,4,Monday,22,False,False
201800022742,Lethal,NightNoStreetLight,No,NoIntersection,LightRain,3+Vehicles-Multiple,12,Tuesday,18,False,False
201800046994,NonLethal,Daylight,No,NoIntersection,Normal,2Vehicles-Side,10,Friday,8,False,False
201800000440,NonLethal,Daylight,Yes,NoIntersection,Normal,2Vehicles-Side,3,Wednesday,14,False,False
201800028380,NonLethal,Daylight,Yes,T-type,Normal,Other,3,Sunday,10,True,False
201800056478,NonLethal,NightNoStreetLight,Yes,NoIntersection,LightRain,NoCollision,8,Sunday,20,True,False
201800031365,NonLethal,Daylight,Yes,NoIntersection,Normal,2Vehicles-Behind,6,Tuesday,15,False,False
201800040379,NonLethal,Daylight,Yes,X-type,Normal,2Vehicles-Side,12,Saturday,12,True,False
201800027625,NonLethal,Daylight,No,NoIntersection,Normal,NoCollision,3,Wednesday,18,False,False
201800047536,NonLethal,Daylight,Yes,NoIntersection,Normal,2Vehicles-Side,6,Tuesday,10,False,False
201800030013,NonLethal,Daylight,No,NoIntersection,Unknown,2Vehicles-BehindVehicles-Frontal,7,Saturday,17,True,False
201800035077,NonLethal,Daylight,Yes,NoIntersection,Normal,3+Vehicles-Chain,6,Friday,17,False,False
201800027488,NonLethal,Daylight,Yes,NoIntersection,Normal,NoCollision,10,Wednesday,14,False,False
201800042413,NonLethal,Daylight,Yes,NoIntersection,Normal,Other,11,Monday,8,False,False
201800047178,NonLethal,Daylight,Yes,NoIntersection,Overcast,2Vehicles-Behind,2,Monday,9,False,False
201800024421,NonLethal,Daylight,Yes,NoIntersection,Normal,Other,9,Saturday,14,True,False
201800020721,NonLethal,Daylight,Yes,NoIntersection,Normal,Other,5,Thursday,17,False,False
201800052951,NonLethal,NightStreelightsOn,Yes,Y-type,Normal,3+Vehicles-Chain,3,Saturday,19,True,False
201800009640,NonLethal,TwilightOrDawn,Yes,X-type,Normal,2Vehicles-Side,4,Monday,7,False,False
201800030008,NonLethal,NightNoStreetLight,No,NoIntersection,Normal,2Vehicles-BehindVehicles-Frontal,4,Sunday,1,True,True
201800027403,NonLethal,Daylight,Yes,NoIntersection,Normal,NoCollision,8,Monday,11,False,False
201800056771,NonLethal,Daylight,Yes,T-type,Normal,Other,12,Thursday,9,False,False
201800024472,NonLethal,Daylight,Yes,NoIntersection,Normal,Other,10,Monday,16,False,False
201800033478,NonLethal,Daylight,Yes,NoIntersection,Normal,2Vehicles-Side,5,Friday,13,False,False
201800039086,NonLethal,Daylight,Yes,Y-type,Normal,Other,3,Friday,18,False,False
201800025985,NonLethal,Daylight,Yes,NoIntersection,LightRain,Other,3,Monday,16,False,False
201800003382,Lethal,NightNoStreetLight,No,NoIntersection,Normal,Other,4,Sunday,22,True,False
201800045466,NonLethal,NightNoStreetLight,No,NoIntersection,Normal,Other,11,Saturday,3,True,True
201800057719,NonLethal,Daylight,Yes,Other,Normal,2Vehicles-Behind,9,Saturday,12,True,False
201800033912,NonLethal,Daylight,Yes,T-type,Normal,Other,12,Sunday,9,True,False
201800017214,NonLethal,Daylight,No,NoIntersection,Normal,Other,6,Friday,17,False,False
201800028600,NonLethal,NightStreelightsOn,Yes,X-type,Normal,Other,6,Saturday,23,True,False
201800006088,NonLethal,Daylight,No,NoIntersection,Normal,2Vehicles-Side,8,Saturday,18,True,False
201800038395,NonLethal,Daylight,Yes,NoIntersection,LightRain,NoCollision,11,Tuesday,11,False,False
201800019679,NonLethal,NightStreelightsOn,Yes,NoIntersection,Normal,Other,7,Wednesday,0,False,True
201800021193,NonLethal,TwilightOrDawn,Yes,NoIntersection,Normal,NoCollision,6,Friday,18,False,False
201800037491,NonLethal,Daylight,Yes,T-type,Normal,Other,9,Tuesday,15,False,False
201800003077,NonLethal,NightStreelightsOn,Yes,Other,Normal,2Vehicles-Side,6,Sunday,2,True,True
201800003018,NonLethal,TwilightOrDawn,Yes,X-type,LightRain,Other,1,Friday,7,False,False
201800023399,NonLethal,NightStreelightsOn,Yes,Roundabout,LightRain,2Vehicles-Side,12,Wednesday,18,False,False
201800050713,NonLethal,Daylight,Yes,T-type,Normal,2Vehicles-Behind,7,Wednesday,10,False,False
201800055020,NonLethal,Daylight,Yes,NoIntersection,Normal,2Vehicles-Side,5,Thursday,18,False,False
201800052875,NonLethal,Daylight,Yes,NoIntersection,Normal,Other,11,Monday,11,False,False
201800045695,NonLethal,NightStreelightsOn,No,NoIntersection,LightRain,NoCollision,2,Sunday,5,True,True
201800051061,NonLethal,Daylight,Yes,NoIntersection,Normal,Other,7,Thursday,18,False,False
201800042156,NonLethal,Daylight,Yes,NoIntersection,Normal,Other,4,Friday,10,False,False
201800051458,NonLethal,Daylight,Yes,NoIntersection,Normal,2Vehicles-Behind,3,Thursday,8,False,False
201800049800,NonLethal,Daylight,No,NoIntersection,Normal,Other,4,Thursday,13,False,False
201800024870,NonLethal,Daylight,No,Other,LightRain,3+Vehicles-Chain,8,Thursday,18,False,False
201800049490,NonLethal,NightStreelightsOn,No,NoIntersection,Normal,2Vehicles-Behind,11,Friday,3,False,True
201800010864,NonLethal,NightNoStreetLight,No,NoIntersection,HeavyRain,NoCollision,9,Saturday,3,True,True
201800018436,Lethal,Daylight,Yes,Square,Normal,Other,10,Thursday,12,False,False
201800016564,NonLethal,NightNoStreetLight,No,NoIntersection,LightRain,Other,3,Saturday,4,True,True
201800003006,NonLethal,Daylight,No,NoIntersection,Normal,Other,7,Tuesday,16,False,False
201800056216,NonLethal,TwilightOrDawn,No,NoIntersection,Normal,2Vehicles-Side,12,Tuesday,18,False,False
201800018206,NonLethal,NightNoStreetLight,No,NoIntersection,LightRain,Other,12,Tuesday,7,False,False
201800039561,NonLethal,Daylight,Yes,X-type,Normal,2Vehicles-Side,5,Wednesday,13,False,False
201800030230,NonLethal,Daylight,Yes,Roundabout,Normal,Other,5,Friday,17,False,False
201800003869,NonLethal,Daylight,No,NoIntersection,Normal,2Vehicles-BehindVehicles-Frontal,2,Sunday,14,True,False
201800018506,Lethal,Daylight,No,X-type,Normal,3+Vehicles-Multiple,7,Sunday,19,True,False
201800013202,NonLethal,Daylight,No,NoIntersection,LightRain,2Vehicles-BehindVehicles-Frontal,3,Thursday,11,False,False
201800018963,Lethal,NightNoStreetLight,No,NoIntersection,Normal,Other,2,Monday,0,False,True
201800056741,NonLethal,Daylight,Yes,NoIntersection,Normal,Other,10,Tuesday,8,False,False
201800034755,NonLethal,Daylight,No,NoIntersection,Normal,Other,8,Sunday,17,True,False
201800024522,NonLethal,NightStreelightsOn,Yes,NoIntersection,Normal,Other,12,Sunday,20,True,False
201800005825,NonLethal,Daylight,Yes,NoIntersection,Normal,2Vehicles-Side,10,Monday,11,False,False
201800029909,NonLethal,Daylight,No,NoIntersection,Normal,2Vehicles-BehindVehicles-Frontal,3,Wednesday,15,False,False
201800006796,NonLethal,Daylight,Yes,NoIntersection,LightRain,2Vehicles-Side,5,Monday,13,False,False
201800031831,NonLethal,NightStreelightsOn,Yes,X-type,Normal,2Vehicles-Side,7,Friday,23,False,False
201800011771,NonLethal,NightNoStreetLight,No,NoIntersection,Normal,2Vehicles-BehindVehicles-Frontal,12,Friday,17,False,False
201800053957,NonLethal,TwilightOrDawn,Yes,X-type,Normal,Other,11,Tuesday,7,False,False
201800000208,NonLethal,Daylight,Yes,Roundabout,Normal,Other,11,Saturday,14,True,False
201800013512,NonLethal,NightNoStreetLight,Yes,NoIntersection,Normal,Other,6,Sunday,2,True,True
201800048012,NonLethal,NightStreelightsOn,Yes,X-type,LightRain,Other,1,Tuesday,7,False,False
201800020860,NonLethal,Daylight,No,Roundabout,Normal,2Vehicles-Behind,8,Wednesday,13,False,False
201800034506,NonLethal,NightStreelightsOn,Yes,T-type,LightRain,2Vehicles-BehindVehicles-Frontal,12,Saturday,21,True,False
201800018682,NonLethal,Daylight,No,T-type,Normal,2Vehicles-Behind,7,Saturday,15,True,False
201800000140,NonLethal,Daylight,Yes,T-type,Normal,2Vehicles-Side,4,Monday,10,False,False
201800031084,NonLethal,NightStreelightsOn,Yes,NoIntersection,Normal,2Vehicles-Side,2,Monday,18,False,False
201800001056,NonLethal,Daylight,Yes,T-type,Normal,2Vehicles-Side,2,Thursday,15,False,False
201800012431,NonLethal,NightStreelightsOff,Yes,NoIntersection,FogOrSmoke,Other,2,Sunday,3,True,True
201800049141,NonLethal,Daylight,No,NoIntersection,Normal,Other,5,Monday,15,False,False
201800045780,NonLethal,NightNoStreetLight,No,NoIntersection,Normal,2Vehicles-Behind,3,Monday,5,False,True
201800045603,NonLethal,NightNoStreetLight,No,NoIntersection,LightRain,Other,12,Monday,5,False,True
201800041180,NonLethal,NightStreelightsOn,Yes,NoIntersection,Normal,Other,12,Saturday,23,True,False
201800057290,NonLethal,NightStreelightsOn,Yes,NoIntersection,Normal,3+Vehicles-Multiple,2,Friday,21,False,False
201800027387,NonLethal,NightStreelightsOn,Yes,T-type,Overcast,Other,9,Saturday,21,True,False
201800034322,NonLethal,Daylight,Yes,X-type,Normal,2Vehicles-Side,5,Friday,10,False,False
201800047826,NonLethal,Daylight,Yes,X-type,HeavyRain,2Vehicles-Side,11,Friday,13,False,False
201800032399,NonLethal,Daylight,Yes,LevelCrossing,Normal,2Vehicles-Side,3,Monday,16,False,False
201800055073,NonLethal,Daylight,Yes,X-type,Normal,2Vehicles-Side,7,Wednesday,13,False,False
201800056069,Lethal,NightNoStreetLight,No,NoIntersection,Normal,2Vehicles-BehindVehicles-Frontal,12,Friday,20,False,False
201800007763,NonLethal,Daylight,Yes,NoIntersection,Normal,Other,10,Saturday,13,True,False
201800015150,NonLethal,Daylight,Yes,T-type,Normal,2Vehicles-Side,2,Friday,12,False,False
201800048227,NonLethal,Daylight,Yes,X-type,Normal,2Vehicles-Side,5,Sunday,16,True,False
201800012415,NonLethal,NightNoStreetLight,No,NoIntersection,Normal,Other,10,Thursday,21,False,False
201800044405,NonLethal,Daylight,No,NoIntersection,LightRain,2Vehicles-Side,11,Monday,9,False,False
201800034837,NonLethal,Daylight,Yes,NoIntersection,Normal,3+Vehicles-Multiple,7,Thursday,17,False,False
201800023915,NonLethal,Daylight,Yes,X-type,Normal,3+Vehicles-Chain,5,Saturday,6,True,True
201800006954,NonLethal,Daylight,Yes,Roundabout,Normal,Other,5,Friday,13,False,False
201800039700,NonLethal,NightStreelightsOn,Yes,NoIntersection,Normal,2Vehicles-Side,2,Saturday,22,True,False
201800027115,NonLethal,Daylight,Yes,NoIntersection,Normal,2Vehicles-Side,1,Thursday,9,False,False
201800017442,NonLethal,NightStreelightsOn,Yes,NoIntersection,Normal,NoCollision,5,Friday,21,False,False
201800045149,NonLethal,Daylight,No,NoIntersection,Normal,2Vehicles-Behind,8,Tuesday,18,False,False
201800045872,NonLethal,Daylight,No,NoIntersection,Normal,2Vehicles-Behind,5,Thursday,14,False,False
201800028675,NonLethal,TwilightOrDawn,Yes,T-type,Normal,2Vehicles-Behind,2,Tuesday,8,False,False
201800024537,NonLethal,NightStreelightsOn,Yes,T-type,Other,Other,12,Sunday,5,True,True
201800010252,NonLethal,Daylight,Yes,NoIntersection,Normal,2Vehicles-Side,12,Thursday,16,False,False
201800002067,NonLethal,Daylight,No,X-type,Normal,3+Vehicles-Multiple,4,Friday,16,False,False
201800030746,NonLethal,Daylight,Yes,NoIntersection,Normal,Other,2,Tuesday,14,False,False
201800015484,NonLethal,NightNoStreetLight,No,X-type,LightRain,2Vehicles-Side,12,Friday,17,False,False
201800026338,NonLethal,Daylight,Yes,NoIntersection,Normal,2Vehicles-Side,5,Saturday,12,True,False
201800048275,NonLethal,Daylight,Yes,NoIntersection,Normal,3+Vehicles-Chain,5,Saturday,14,True,False
201800011695,NonLethal,Daylight,No,T-type,Normal,2Vehicles-Behind,12,Friday,16,False,False
201800035948,NonLethal,Daylight,Yes,NoIntersection,Normal,2Vehicles-Behind,10,Tuesday,13,False,False
201800047496,NonLethal,Daylight,Yes,NoIntersection,Normal,2Vehicles-Side,11,Monday,18,False,False
201800000942,NonLethal,TwilightOrDawn,Yes,Other,HeavyRain,Other,1,Thursday,8,False,False
201800010581,NonLethal,NightStreelightsOn,Yes,NoIntersection,Normal,2Vehicles-Side,11,Sunday,21,True,False
201800033165,NonLethal,NightStreelightsOn,No,NoIntersection,Normal,2Vehicles-Side,9,Friday,22,False,False
201800052010,NonLethal,Daylight,Yes,NoIntersection,Normal,2Vehicles-Side,4,Tuesday,18,False,False
201800021177,NonLethal,Daylight,Yes,NoIntersection,Normal,Other,1,Thursday,11,False,False
201800019987,NonLethal,Daylight,Yes,NoIntersection,Normal,2Vehicles-BehindVehicles-Frontal,8,Monday,18,False,False
201800001781,NonLethal,Daylight,Yes,NoIntersection,Normal,2Vehicles-Side,8,Tuesday,19,False,False
201800010498,Lethal,Daylight,No,NoIntersection,Overcast,2Vehicles-BehindVehicles-Frontal,6,Tuesday,12,False,False
201800053860,NonLethal,Daylight,Yes,X-type,Normal,2Vehicles-Side,1,Tuesday,15,False,False
201800039493,NonLethal,Daylight,Yes,NoIntersection,Normal,2Vehicles-Side,7,Friday,15,False,False
201800048029,NonLethal,NightStreelightsOn,Yes,NoIntersection,Normal,2Vehicles-BehindVehicles-Frontal,1,Sunday,18,True,False
201800045498,NonLethal,NightNoStreetLight,No,NoIntersection,LightRain,Other,11,Monday,0,False,True