AccidentId,Gravity,Light,InAgglomeration,IntersectionType,Weather,CollisionType,Month,DayOfWeek,HourOfDay,IsWeekend,IsNight
201800008893,NonLethal,Daylight,Yes,NoIntersection,Normal,2Vehicles-Side,4,Sunday,8,True,False
201800033723,NonLethal,TwilightOrDawn,Yes,T-type,Normal,Other,2,Thursday,8,False,False
201800027832,NonLethal,NightStreelightsOn,Yes,T-type,Overcast,Other,12,Friday,17,False,False
201800047423,NonLethal,Daylight,Yes,NoIntersection,Normal,Other,3,Saturday,11,True,False
201800036343,NonLethal,TwilightOrDawn,Yes,X-type,Normal,Other,4,Friday,7,False,False
201800023210,NonLethal,Daylight,Yes,NoIntersection,Normal,Other,9,Saturday,8,True,False
201800014538,NonLethal,Daylight,No,NoIntersection,Normal,2Vehicles-Side,3,Wednesday,11,False,False
201800023309,NonLethal,Daylight,Yes,NoIntersection,Normal,Other,10,Wednesday,18,False,False
201800034792,Lethal,Daylight,Yes,NoIntersection,Normal,3+Vehicles-Multiple,7,Tuesday,21,False,False
201800017952,NonLethal,Daylight,No,NoIntersection,Normal,Other,1,Tuesday,16,False,False
201800042604,NonLethal,NightStreelightsOn,Yes,T-type,Normal,2Vehicles-Side,11,Tuesday,18,False,False
201800010796,NonLethal,Daylight,Yes,NoIntersection,Normal,NoCollision,11,Saturday,15,True,False
201800027447,NonLethal,Daylight,Yes,NoIntersection,Normal,3+Vehicles-Chain,9,Tuesday,13,False,False
201800056571,NonLethal,Daylight,No,NoIntersection,Normal,2Vehicles-BehindVehicles-Frontal,1,Tuesday,15,False,False
201800024875,NonLethal,Daylight,Yes,X-type,Normal,2Vehicles-Side,5,Saturday,12,True,False
201800042111,NonLethal,Daylight,Yes,Roundabout,Normal,2Vehicles-Behind,11,Tuesday,14,False,False
201800013958,NonLethal,TwilightOrDawn,No,X-type,Normal,2Vehicles-Side,3,Sunday,17,True,False
201800038267,NonLethal,Daylight,Yes,Roundabout,Normal,2Vehicles-Side,3,Thursday,16,False,False
201800002999,Lethal,Daylight,Yes,NoIntersection,Normal,Other,10,Saturday,19,True,False
201800030170,Lethal,NightNoStreetLight,No,NoIntersection,Normal,Other,8,Saturday,22,True,False
201800030459,NonLethal,Daylight,Yes,X-type,Normal,2Vehicles-Side,6,Sunday,15,True,False
201800017098,NonLethal,Daylight,No,NoIntersection,Normal,2Vehicles-BehindVehicles-Frontal,5,Tuesday,17,False,False
201800056486,NonLethal,Daylight,Yes,Roundabout,HeavyRain,NoCollision,9,Wednesday,15,False,False
201800039653,NonLethal,Daylight,Yes,NoIntersection,Normal,Other,8,Monday,19,False,False
201800041962,NonLethal,Daylight,Yes,NoIntersection,Normal,2Vehicles-Side,3,Thursday,12,False,False
201800002772,NonLethal,NightStreelightsOn,Yes,Other,HeavyRain,Other,11,Wednesday,17,False,False
201800000320,NonLethal,NightNoStreetLight,No,NoIntersection,Normal,2Vehicles-Side,11,Thursday,6,False,True
201800017633,NonLethal,Daylight,Yes,NoIntersection,LightRain,Other,11,Sunday,11,True,False
201800005846,NonLethal,Daylight,Yes,LevelCrossing,Normal,Other,11,Monday,15,False,False
201800055156,NonLethal,NightStreelightsOff,Yes,NoIntersection,Normal,Other,12,Monday,20,False,False
201800021241,NonLethal,NightStreelightsOn,Yes,T-type,Normal,2Vehicles-Side,12,Sunday,5,True,True
201800054388,NonLethal,Daylight,Yes,NoIntersection,VeryGood,Other,4,Friday,13,False,False
201800051244,NonLethal,Daylight,Yes,T-type,LightRain,2Vehicles-Side,10,Wednesday,16,False,False
201800032749,NonLethal,NightStreelightsOn,Yes,NoIntersection,Normal,2Vehicles-Side,1,Thursday,18,False,False
201800038720,NonLethal,Daylight,Yes,T-type,Normal,2Vehicles-Side,4,Tuesday,12,False,False
201800041300,NonLethal,Daylight,No,Roundabout,Normal,2Vehicles-Side,4,Wednesday,15,False,False
201800003209,NonLethal,Daylight,No,T-type,Normal,2Vehicles-Side,3,Wednesday,16,False,False
201800022680,NonLethal,Daylight,No,NoIntersection,SnowOrHail,Other,2,Thursday,10,False,False
201800055325,NonLethal,Daylight,Yes,Y-type,Normal,2Vehicles-Behind,4,Tuesday,18,False,False
201800019468,NonLethal,Daylight,No,NoIntersection,LightRain,3+Vehicles-Multiple,11,Friday,16,False,False
201800030141,NonLethal,Daylight,No,NoIntersection,Normal,Other,6,Friday,16,False,False
201800041968,NonLethal,Daylight,Yes,NoIntersection,Overcast,Other,4,Tuesday,12,False,False
201800038293,NonLethal,Daylight,Yes,X-type,Normal,Other,6,Wednesday,10,False,False
201800011674,NonLethal,NightNoStreetLight,No,NoIntersection,Normal,Other,8,Sunday,5,True,True
201800057396,NonLethal,Daylight,No,NoIntersection,Normal,NoCollision,12,Sunday,16,True,False
201800017525,NonLethal,Daylight,No,NoIntersection,Normal,Other,10,Wednesday,10,False,False
201800000806,NonLethal,NightNoStreetLight,Yes,NoIntersection,Normal,Other,9,Thursday,23,False,False
201800046395,NonLethal,NightNoStreetLight,No,NoIntersection,LightRain,Other,2,Sunday,6,True,True
201800032700,NonLethal,NightStreelightsOn,Yes,T-type,Normal,Other,5,Monday,3,False,True
201800046695,NonLethal,Daylight,No,NoIntersection,Normal,2Vehicles-Behind,6,Saturday,15,True,False
201800030798,NonLethal,Daylight,Yes,NoIntersection,HeavyRain,2Vehicles-Side,5,Monday,16,False,False
201800018330,NonLethal,Daylight,No,NoIntersection,Normal,2Vehicles-Side,9,Thursday,17,False,False
201800021585,NonLethal,Daylight,No,NoIntersection,Normal,3+Vehicles-Multiple,5,Wednesday,16,False,False
201800038084,NonLethal,Daylight,Yes,NoIntersection,Normal,3+Vehicles-Chain,3,Wednesday,7,False,False
201800029164,NonLethal,NightNoStreetLight,No,NoIntersection,Normal,Other,9,Saturday,5,True,True
201800050953,NonLethal,NightStreelightsOn,Yes,X-type,Normal,2Vehicles-Side,4,Thursday,18,False,False
201800019540,NonLethal,NightStreelightsOn,Yes,T-type,LightRain,2Vehicles-Behind,7,Thursday,0,False,True
201800046872,NonLethal,Daylight,No,NoIntersection,Normal,NoCollision,9,Monday,18,False,False
201800026769,NonLethal,Daylight,Yes,NoIntersection,Normal,2Vehicles-Behind,12,Tuesday,18,False,False
201800034101,NonLethal,Daylight,Yes,NoIntersection,Normal,2Vehicles-Side,11,Tuesday,16,False,False
201800019852,Lethal,Daylight,Yes,NoIntersection,Normal,Other,5,Monday,15,False,False
201800041827,NonLethal,Daylight,Yes,NoIntersection,Normal,Other,12,Monday,17,False,False
201800054236,NonLethal,NightStreelightsOn,Yes,NoIntersection,Normal,2Vehicles-Side,10,Sunday,2,True,True
201800039026,NonLethal,Daylight,Yes,NoIntersection,Normal,2Vehicles-Side,7,Monday,18,False,False
201800023702,NonLethal,Daylight,No,NoIntersection,Normal,Other,7,Wednesday,13,False,False
201800051849,NonLethal,NightStreelightsOn,Yes,T-type,Normal,Other,11,Saturday,21,True,False
201800039180,NonLethal,TwilightOrDawn,Yes,MoreThan4Branches,Overcast,2Vehicles-Side,3,Thursday,7,False,False
201800027547,NonLethal,NightNoStreetLight,No,NoIntersection,LightRain,NoCollision,3,Monday,20,False,False
201800037955,NonLethal,Daylight,Yes,NoIntersection,Normal,2Vehicles-Behind,9,Wednesday,17,False,False
201800043214,NonLethal,Daylight,Yes,NoIntersection,Normal,Other,5,Monday,16,False,False
201800032218,NonLethal,Daylight,No,NoIntersection,Normal,2Vehicles-Behind,11,Sunday,9,True,False
201800009067,NonLethal,Daylight,Yes,Other,Normal,2Vehicles-Side,5,Monday,18,False,False
201800017244,NonLethal,Daylight,No,NoIntersection,Normal,NoCollision,6,Saturday,12,True,False
201800053605,NonLethal,Daylight,Yes,T-type,Normal,2Vehicles-Side,11,Monday,8,False,False
201800049344,NonLethal,TwilightOrDawn,No,NoIntersection,Normal,2Vehicles-Side,2,Tuesday,18,False,False
201800057256,NonLethal,Daylight,Yes,NoIntersection,LightRain,2Vehicles-Behind,6,Wednesday,14,False,False
201800005779,NonLethal,Daylight,Yes,X-type,Normal,2Vehicles-Side,9,Friday,9,False,False
201800035672,NonLethal,Daylight,Yes,X-type,Normal,2Vehicles-Side,9,Thursday,14,False,False
201800012509,NonLethal,Daylight,No,X-type,Normal,2Vehicles-BehindVehicles-Frontal,7,Tuesday,7,False,False
201800005425,NonLethal,TwilightOrDawn,Yes,NoIntersection,Normal,NoCollision,7,Thursday,20,False,False
201800035823,NonLethal,Daylight,Yes,X-type,Normal,2Vehicles-Side,8,Friday,10,False,False
201800007379,NonLethal,Daylight,Yes,Other,Normal,2Vehicles-Behind,9,Saturday,14,True,False
201800036145,NonLethal,Daylight,Yes,T-type,Normal,2Vehicles-Side,8,Monday,19,False,False
201800021270,NonLethal,Daylight,No,NoIntersection,Normal,2Vehicles-Side,1,Wednesday,7,False,False
201800049945,NonLethal,Daylight,No,NoIntersection,Normal,Other,7,Thursday,10,False,False
201800012131,Lethal,Daylight,No,NoIntersection,Normal,Other,10,Thursday,13,False,False
201800025035,NonLethal,NightStreelightsOn,Yes,Roundabout,Normal,2Vehicles-Side,11,Tuesday,7,False,False
201800050756,NonLethal,NightStreelightsOn,Yes,Y-type,Normal,2Vehicles-Behind,1,Wednesday,21,False,False
201800033859,NonLethal,NightStreelightsOn,Yes,X-type,Normal,2Vehicles-Side,10,Friday,21,False,False
201800049705,NonLethal,Daylight,No,NoIntersection,Normal,2Vehicles-Side,2,Wednesday,8,False,False
201800055114,NonLethal,NightStreelightsOn,Yes,T-type,Normal,Other,9,Sunday,1,True,True
201800037052,NonLethal,Daylight,Yes,NoIntersection,Normal,2Vehicles-Side,9,Thursday,8,False,False
201800025662,NonLethal,NightNoStreetLight,Yes,NoIntersection,LightRain,2Vehicles-Side,12,Friday,21,False,False
201800038163,NonLethal,TwilightOrDawn,Yes,NoIntersection,Normal,Other,11,Friday,7,False,False
201800016638,NonLethal,Daylight,Yes,Y-type,Normal,2Vehicles-BehindVehicles-Frontal,3,Wednesday,13,False,False
201800056220,NonLethal,Daylight,No,NoIntersection,Normal,Other,10,Monday,12,False,False
201800012467,NonLethal,Daylight,No,NoIntersection,Normal,2Vehicles-BehindVehicles-Frontal,6,Friday,13,False,False
201800037954,NonLethal,NightStreelightsOn,Yes,NoIntersection,Normal,2Vehicles-BehindVehicles-Frontal,9,Tuesday,22,False,False
201800010971,NonLethal,NightNoStreetLight,No,NoIntersection,Normal,Other,2,Sunday,1,True,True
201800021352,NonLethal,Daylight,No,X-type,VeryGood,2Vehicles-BehindVehicles-Frontal,4,Wednesday,16,False,False
201800054325,NonLethal,Daylight,Yes,X-type,HeavyRain,Other,1,Wednesday,15,False,False
201800030070,NonLethal,Daylight,No,NoIntersection,HeavyRain,2Vehicles-Side,11,Monday,8,False,False
201800057015,NonLethal,NightStreelightsOn,Yes,NoIntersection,Normal,2Vehicles-BehindVehicles-Frontal,8,Sunday,22,True,False
201800051308,NonLethal,Daylight,Yes,T-type,LightRain,Other,1,Tuesday,10,False,False
201800036731,NonLethal,NightStreelightsOn,No,Roundabout,Normal,Other,7,Sunday,3,True,True
201800029059,NonLethal,Daylight,Yes,NoIntersection,Normal,Other,4,Tuesday,17,False,False
201800019292,NonLethal,Daylight,No,X-type,Normal,3+Vehicles-Multiple,2,Tuesday,8,False,False
201800030015,NonLethal,Daylight,No,NoIntersection,Normal,NoCollision,8,Saturday,15,True,False
201800029715,NonLethal,NightStreelightsOn,Yes,X-type,LightRain,2Vehicles-Side,8,Friday,22,False,False
201800005262,NonLethal,Daylight,Yes,X-type,Normal,Other,11,Wednesday,8,False,False
201800044703,NonLethal,TwilightOrDawn,No,NoIntersection,SnowOrHail,Other,3,Monday,7,False,False
201800012558,NonLethal,TwilightOrDawn,No,NoIntersection,Normal,2Vehicles-Behind,6,Monday,21,False,False
201800026328,NonLethal,Daylight,Yes,NoIntersection,Normal,2Vehicles-Behind,4,Monday,17,False,False
201800053542,NonLethal,NightStreelightsOn,Yes,T-type,Normal,2Vehicles-Side,9,Saturday,1,True,True
201800013124,NonLethal,Daylight,Yes,NoIntersection,Normal,Other,4,Sunday,7,True,False
201800028664,NonLethal,TwilightOrDawn,Yes,Y-type,Overcast,2Vehicles-Side,1,Wednesday,17,False,False
201800018693,NonLethal,Daylight,No,NoIntersection,Normal,2Vehicles-BehindVehicles-Frontal,10,Sunday,18,True,False
201800001422,NonLethal,Daylight,No,NoIntersection,Normal,NoCollision,7,Monday,7,False,False
201800013280,Lethal,Daylight,No,X-type,Normal,2Vehicles-BehindVehicles-Frontal,12,Tuesday,16,False,False
201800049388,NonLethal,Daylight,No,NoIntersection,Normal,3+Vehicles-Chain,6,Sunday,15,True,False
201800019068,Lethal,Daylight,No,NoIntersection,Normal,2Vehicles-BehindVehicles-Frontal,6,Sunday,16,True,False
201800020201,NonLethal,Daylight,No,NoIntersection,Normal,Other,9,Friday,15,False,False
201800016037,NonLethal,Daylight,No,NoIntersection,VeryGood,Other,10,Friday,10,False,False
201800015447,NonLethal,Daylight,No,NoIntersection,LightRain,Other,8,Monday,8,False,False
201800045345,NonLethal,NightNoStreetLight,No,NoIntersection,Other,Other,3,Saturday,1,True,True
201800033303,NonLethal,Daylight,Yes,NoIntersection,Normal,2Vehicles-Side,6,Friday,8,False,False
201800045921,NonLethal,Daylight,No,NoIntersection,Normal,2Vehicles-Side,6,Thursday,19,False,False
201800006672,NonLethal,NightNoStreetLight,No,NoIntersection,LightRain,2Vehicles-Behind,11,Saturday,18,True,False
201800037876,NonLethal,TwilightOrDawn,Yes,T-type,Normal,2Vehicles-Side,11,Friday,8,False,False
201800004426,NonLethal,TwilightOrDawn,Yes,Roundabout,Normal,2Vehicles-Behind,1,Saturday,18,True,False
201800024699,NonLethal,Daylight,Yes,NoIntersection,Normal,Other,3,Friday,16,False,False
201800039883,NonLethal,NightStreelightsOn,Yes,NoIntersection,Normal,2Vehicles-Side,5,Friday,22,False,False
201800046923,NonLethal,Daylight,No,NoIntersection,LightRain,3+Vehicles-Multiple,10,Wednesday,8,False,False
201800019133,NonLethal,Daylight,No,NoIntersection,LightRain,Other,10,Monday,9,False,False
201800038150,NonLethal,Daylight,Yes,NoIntersection,Normal,2Vehicles-Side,10,Friday,8,False,False
201800030218,NonLethal,NightStreelightsOn,Yes,X-type,Normal,2Vehicles-Side,4,Sunday,23,True,False
201800024904,NonLethal,Daylight,No,NoIntersection,Normal,3+Vehicles-Chain,9,Sunday,18,True,False
201800037308,NonLethal,Daylight,Yes,NoIntersection,Normal,2Vehicles-Side,9,Saturday,14,True,False
201800012995,Lethal,Daylight,Yes,NoIntersection,Normal,Other,10,Monday,17,False,False
201800038335,NonLethal,NightStreelightsOn,Yes,X-type,Normal,Other,8,Tuesday,2,False,True
201800027474,NonLethal,Daylight,Yes,X-type,Normal,2Vehicles-BehindVehicles-Frontal,8,Friday,12,False,False
201800005904,NonLethal,NightNoStreetLight,No,NoIntersection,Normal,Other,9,Friday,2,False,True
201800032698,NonLethal,NightNoStreetLight,No,T-type,LightRain,2Vehicles-BehindVehicles-Frontal,3,Monday,5,False,True
201800051075,NonLethal,TwilightOrDawn,Yes,Square,Normal,NoCollision,5,Tuesday,6,False,True
201800029716,NonLethal,Daylight,Yes,NoIntersection,Normal,Other,8,Monday,13,False,False
201800048531,NonLethal,NightStreelightsOn,Yes,NoIntersection,Normal,2Vehicles-BehindVehicles-Frontal,9,Wednesday,22,False,False
201800031444,NonLethal,TwilightOrDawn,No,Other,Normal,2Vehicles-Behind,6,Friday,21,False,False
201800019213,NonLethal,Daylight,Yes,X-type,LightRain,2Vehicles-Side,12,Friday,14,False,False
201800009910,NonLethal,Daylight,Yes,Other,LightRain,2Vehicles-Side,10,Monday,13,False,False
201800026782,NonLethal,TwilightOrDawn,Yes,NoIntersection,Normal,Other,4,Monday,7,False,False
201800021747,NonLethal,NightNoStreetLight,No,Other,Normal,2Vehicles-Behind,9,Thursday,0,False,True
201800055074,NonLethal,Daylight,Yes,NoIntersection,Normal,Other,11,Wednesday,16,False,False
201800026194,NonLethal,Daylight,No,Y-type,Normal,2Vehicles-Side,7,Tuesday,12,False,False
201800025470,NonLethal,Daylight,Yes,NoIntersection,Normal,2Vehicles-Side,8,Friday,10,False,False
201800023466,NonLethal,Daylight,Yes,NoIntersection,Normal,Other,2,Saturday,17,True,False
201800051879,NonLethal,Daylight,Yes,X-type,LightRain,2Vehicles-Side,9,Wednesday,13,False,False
201800005428,NonLethal,Daylight,Yes,NoIntersection,Normal,Other,7,Tuesday,17,False,False
201800028521,NonLethal,Daylight,Yes,NoIntersection,Normal,3+Vehicles-Chain,8,Wednesday,18,False,False
201800004328,NonLethal,NightNoStreetLight,No,NoIntersection,LightRain,Other,1,Thursday,3,False,True
201800019407,NonLethal,Daylight,Yes,NoIntersection,Normal,2Vehicles-Side,1,Saturday,16,True,False
201800009455,NonLethal,NightStreelightsOn,Yes,T-type,Normal,2Vehicles-Side,7,Tuesday,1,False,True
201800053280,NonLethal,NightStreelightsOn,Yes,NoIntersection,Normal,Other,4,Tuesday,5,False,True
201800056209,NonLethal,Daylight,Yes,T-type,Normal,Other,8,Friday,13,False,False
201800005410,NonLethal,Daylight,Yes,NoIntersection,Normal,2Vehicles-Side,6,Tuesday,13,False,False
201800010160,NonLethal,Daylight,Yes,NoIntersection,Normal,2Vehicles-Side,8,Sunday,11,True,False
201800046150,NonLethal,Daylight,No,NoIntersection,Normal,2Vehicles-Side,10,Thursday,9,False,False
201800019058,NonLethal,Daylight,No,NoIntersection,Normal,2Vehicles-Side,12,Sunday,10,True,False
201800054391,NonLethal,TwilightOrDawn,Yes,NoIntersection,Normal,Other,4,Monday,20,False,False
201800005684,NonLethal,Daylight,Yes,T-type,Normal,2Vehicles-Side,5,Tuesday,16,False,False
201800048503,NonLethal,Daylight,Yes,NoIntersection,Normal,2Vehicles-Side,7,Monday,8,False,False
201800038447,NonLethal,TwilightOrDawn,Yes,NoIntersection,Normal,2Vehicles-BehindVehicles-Frontal,6,Thursday,21,False,False
201800049973,NonLethal,Daylight,No,NoIntersection,Overcast,2Vehicles-Behind,8,Monday,8,False,False
201800036573,NonLethal,Daylight,Yes,NoIntersection,Overcast,3+Vehicles-Chain,12,Monday,12,False,False
201800011495,NonLethal,Daylight,No,NoIntersection,Normal,2Vehicles-Behind,9,Friday,18,False,False
201800002732,NonLethal,TwilightOrDawn,Yes,NoIntersection,Normal,2Vehicles-Side,11,Tuesday,8,False,False
201800035038,NonLethal,Daylight,Yes,NoIntersection,Normal,2Vehicles-Side,4,Friday,15,False,False
201800026928,NonLethal,TwilightOrDawn,Yes,NoIntersection,LightRain,Other,9,Sunday,8,True,False
201800000815,NonLethal,Daylight,Yes,MoreThan4Branches,Normal,2Vehicles-Side,2,Tuesday,13,False,False
201800014686,NonLethal,Daylight,Yes,Other,Normal,NoCollision,1,Monday,16,False,False
201800034988,NonLethal,Daylight,Yes,NoIntersection,Normal,Other,2,Sunday,17,True,False
201800044655,NonLethal,NightNoStreetLight,No,NoIntersection,Normal,Other,3,Sunday,21,True,False
201800043673,NonLethal,Daylight,Yes,X-type,Normal,2Vehicles-Side,5,Friday,8,False,False
201800004728,NonLethal,Daylight,Yes,NoIntersection,Normal,Other,4,Thursday,11,False,False
201800013001,NonLethal,Daylight,No,X-type,Normal,2Vehicles-Side,11,Friday,10,False,False
201800015395,NonLethal,Daylight,Yes,T-type,Normal,2Vehicles-Side,4,Tuesday,12,False,False
201800047339,NonLethal,TwilightOrDawn,Yes,NoIntersection,Overcast,Other,1,Monday,8,False,False
201800029541,NonLethal,Daylight,Yes,NoIntersection,Normal,2Vehicles-Side,6,Thursday,18,False,False
201800036812,NonLethal,NightStreelightsOn,Yes,NoIntersection,LightRain,3+Vehicles-Chain,3,Saturday,21,True,False
201800019454,NonLethal,Daylight,Yes,NoIntersection,Normal,2Vehicles-Side,4,Thursday,7,False,False
201800045199,NonLethal,Daylight,No,NoIntersection,Normal,2Vehicles-Behind,9,Saturday,15,True,False
201800020678,NonLethal,NightStreelightsOn,Yes,X-type,LightRain,3+Vehicles-Multiple,12,Wednesday,18,False,False
201800047936,Lethal,NightNoStreetLight,No,NoIntersection,Normal,2Vehicles-BehindVehicles-Frontal,6,Friday,23,False,False
201800033952,NonLethal,Daylight,Yes,Roundabout,Normal,2Vehicles-Side,12,Monday,19,False,False
201800022816,NonLethal,Daylight,Yes,X-type,Normal,2Vehicles-Side,4,Monday,20,False,False
201800022264,NonLethal,Daylight,No,NoIntersection,Normal,NoCollision,9,Sunday,15,True,False
201800046071,NonLethal,Daylight,No,NoIntersection,Normal,2Vehicles-Side,9,Friday,7,False,False
201800013579,NonLethal,TwilightOrDawn,No,NoIntersection,Overcast,2Vehicles-BehindVehicles-Frontal,4,Tuesday,7,False,False
201800011584,NonLethal,NightNoStreetLight,No,NoIntersection,Normal,2Vehicles-Behind,6,Saturday,1,True,True
201800024109,NonLethal,Daylight,Yes,X-type,Normal,2Vehicles-Behind,6,Tuesday,20,False,False
201800030549,NonLethal,Daylight,Yes,Other,Normal,2Vehicles-Behind,3,Thursday,14,False,False
201800032016,NonLethal,Daylight,Yes,T-type,Overcast,2Vehicles-BehindVehicles-Frontal,11,Thursday,8,False,False
201800022588,NonLethal,NightStreelightsOn,Yes,T-type,Normal,2Vehicles-BehindVehicles-Frontal,7,Wednesday,23,False,False
201800003275,NonLethal,Daylight,No,NoIntersection,Overcast,2Vehicles-Behind,6,Tuesday,12,False,False
201800024507,NonLethal,Daylight,Yes,NoIntersection,Normal,NoCollision,11,Friday,9,False,False
201800052040,NonLethal,NightStreelightsOn,Yes,T-type,Normal,2Vehicles-Side,5,Sunday,1,True,True
201800034845,NonLethal,Daylight,Yes,NoIntersection,Normal,2Vehicles-Side,9,Thursday,10,False,False
201800020997,NonLethal,Daylight,Yes,NoIntersection,Normal,2Vehicles-Side,8,Monday,16,False,False
201800042224,NonLethal,Daylight,Yes,T-type,Normal,Other,1,Sunday,11,True,False
201800001625,NonLethal,Daylight,Yes,Roundabout,Normal,2Vehicles-Side,12,Wednesday,12,False,False
201800053077,NonLethal,Daylight,Yes,NoIntersection,Normal,Other,7,Tuesday,20,False,False
201800020912,NonLethal,NightNoStreetLight,Yes,T-type,Normal,2Vehicles-Side,12,Thursday,18,False,False
201800024227,NonLethal,Daylight,No,NoIntersection,Normal,2Vehicles-BehindVehicles-Frontal,8,Sunday,13,True,False
201800021176,NonLethal,Daylight,Yes,Roundabout,Normal,2Vehicles-Side,10,Saturday,18,True,False
201800007673,NonLethal,Daylight,No,X-type,Normal,2Vehicles-Side,9,Thursday,18,False,False
201800042396,NonLethal,NightStreelightsOn,Yes,NoIntersection,Normal,Other,11,Thursday,18,False,False
201800053612,NonLethal,Daylight,Yes,X-type,Normal,2Vehicles-Side,11,Thursday,13,False,False
201800019402,Lethal,NightNoStreetLight,No,NoIntersection,LightRain,Other,12,Saturday,1,True,True
201800022797,NonLethal,Daylight,Yes,T-type,Normal,2Vehicles-BehindVehicles-Frontal,6,Friday,15,False,False
201800039620,NonLethal,Daylight,Yes,NoIntersection,Normal,Other,5,Friday,8,False,False
201800054873,NonLethal,NightStreelightsOn,Yes,T-type,LightRain,Other,12,Sunday,20,True,False
201800017885,NonLethal,Daylight,No,X-type,LightRain,2Vehicles-Side,3,Monday,8,False,False
201800051097,NonLethal,NightStreelightsOn,Yes,NoIntersection,Normal,Other,6,Saturday,1,True,True
201800037009,NonLethal,Daylight,Yes,T-type,Normal,2Vehicles-Side,9,Tuesday,10,False,False
201800013792,NonLethal,Daylight,No,NoIntersection,Normal,Other,3,Tuesday,19,False,False
201800032247,NonLethal,Daylight,Yes,NoIntersection,Normal,3+Vehicles-Chain,6,Tuesday,8,False,False
201800033134,NonLethal,Daylight,Yes,NoIntersection,Normal,2Vehicles-Behind,6,Friday,21,False,False
201800051868,NonLethal,Daylight,Yes,NoIntersection,Normal,Other,11,Wednesday,14,False,False
201800018567,NonLethal,TwilightOrDawn,No,T-type,Normal,2Vehicles-Behind,12,Tuesday,17,False,False
201800011262,NonLethal,Daylight,No,NoIntersection,LightRain,NoCollision,2,Friday,15,False,False
201800037878,NonLethal,Daylight,Yes,NoIntersection,Normal,Other,12,Thursday,8,False,False
201800022359,NonLethal,Daylight,Yes,NoIntersection,Normal,Other,6,Wednesday,10,False,False
201800002742,NonLethal,Daylight,No,Other,Normal,2Vehicles-Side,9,Friday,15,False,False
201800011112,Lethal,NightNoStreetLight,No,NoIntersection,Normal,3+Vehicles-Multiple,3,Thursday,20,False,False
201800048493,NonLethal,Daylight,Yes,NoIntersection,Normal,NoCollision,3,Friday,16,False,False
201800037412,NonLethal,Daylight,Yes,T-type,Normal,2Vehicles-Side,2,Monday,14,False,False
201800009883,NonLethal,Daylight,Yes,T-type,Normal,2Vehicles-Side,10,Sunday,16,True,False
201800042135,NonLethal,Daylight,Yes,NoIntersection,Overcast,2Vehicles-Behind,2,Wednesday,10,False,False
201800005651,NonLethal,Daylight,Yes,NoIntersection,Normal,2Vehicles-BehindVehicles-Frontal,4,Wednesday,8,False,False
201800005099,NonLethal,NightStreelightsOn,Yes,NoIntersection,Normal,2Vehicles-Side,5,Tuesday,22,False,False
201800046766,NonLethal,Daylight,No,NoIntersection,Normal,3+Vehicles-Multiple,7,Monday,7,False,False
201800027455,NonLethal,Daylight,Yes,NoIntersection,Normal,NoCollision,9,Sunday,15,True,False
201800037946,NonLethal,Daylight,Yes,X-type,Normal,2Vehicles-Side,8,Friday,9,False,False
201800040470,NonLethal,Daylight,Yes,T-type,SnowOrHail,2Vehicles-Side,3,Monday,9,False,False
201800040477,NonLethal,Daylight,Yes,NoIntersection,Normal,3+Vehicles-Multiple,4,Wednesday,17,False,False
201800027223,NonLethal,Daylight,Yes,NoIntersection,Overcast,2Vehicles-Behind,4,Wednesday,16,False,False
201800012421,NonLethal,Daylight,Yes,NoIntersection,Normal,Other,2,Monday,16,False,False
201800012522,NonLethal,Daylight,Yes,T-type,Normal,3+Vehicles-Multiple,3,Sunday,13,True,False
201800024530,NonLethal,NightStreelightsOn,Yes,X-type,Normal,Other,12,Sunday,2,True,True
201800055307,NonLethal,NightStreelightsOn,No,NoIntersection,Normal,2Vehicles-Side,3,Friday,1,False,True
201800023186,NonLethal,TwilightOrDawn,Yes,Roundabout,Normal,2Vehicles-Side,8,Thursday,6,False,True
201800030030,NonLethal,Daylight,Yes,NoIntersection,Normal,Other,6,Thursday,9,False,False
201800052539,NonLethal,NightStreelightsOn,Yes,T-type,Normal,2Vehicles-Side,9,Sunday,20,True,False
201800009958,NonLethal,TwilightOrDawn,No,NoIntersection,Normal,Other,10,Monday,8,False,False
201800004993,NonLethal,Daylight,No,NoIntersection,Normal,Other,12,Friday,15,False,False
201800003544,NonLethal,Daylight,No,NoIntersection,Normal,2Vehicles-BehindVehicles-Frontal,7,Tuesday,18,False,False
201800030860,NonLethal,NightStreelightsOn,Yes,T-type,Normal,2Vehicles-Side,8,Monday,21,False,False
201800038952,NonLethal,Daylight,Yes,T-type,VeryGood,Other,9,Monday,10,False,False
201800045376,NonLethal,NightNoStreetLight,No,NoIntersection,Normal,Other,10,Sunday,7,True,False
201800016527,NonLethal,Daylight,No,NoIntersection,Normal,2Vehicles-BehindVehicles-Frontal,3,Tuesday,19,False,False
201800038624,NonLethal,Daylight,Yes,X-type,Normal,2Vehicles-BehindVehicles-Frontal,9,Tuesday,13,False,False
201800056444,NonLethal,NightNoStreetLight,No,NoIntersection,Normal,NoCollision,9,Saturday,3,True,True
201800022832,NonLethal,Daylight,Yes,NoIntersection,Normal,2Vehicles-BehindVehicles-Frontal,10,Saturday,11,True,False
201800033826,NonLethal,Daylight,Yes,NoIntersection,Normal,Other,8,Thursday,9,False,False
201800019405,NonLethal,Daylight,No,X-type,Normal,2Vehicles-Side,9,Tuesday,7,False,False