AccidentId,Gravity,Light,InAgglomeration,IntersectionType,Weather,CollisionType,Month,DayOfWeek,HourOfDay,IsWeekend,IsNight
201800021147,NonLethal,Daylight,No,NoIntersection,LightRain,NoCollision,7,Friday,17,False,False
201800053691,NonLethal,Daylight,Yes,Square,Normal,Other,5,Wednesday,7,False,False
201800028650,NonLethal,Daylight,Yes,Y-type,Overcast,2Vehicles-Side,8,Wednesday,16,False,False
201800001429,Lethal,Daylight,No,X-type,Normal,2Vehicles-BehindVehicles-Frontal,2,Tuesday,12,False,False
201800048614,NonLethal,Daylight,Yes,X-type,Normal,2Vehicles-Side,10,Wednesday,14,False,False
201800034070,NonLethal,Daylight,Yes,Roundabout,Normal,2Vehicles-Side,9,Wednesday,18,False,False
201800029054,NonLethal,NightStreelightsOn,Yes,NoIntersection,HeavyRain,Other,3,Monday,20,False,False
201800055821,NonLethal,NightNoStreetLight,No,NoIntersection,LightRain,2Vehicles-BehindVehicles-Frontal,4,Sunday,21,True,False
201800047453,NonLethal,Daylight,Yes,NoIntersection,Normal,2Vehicles-Behind,4,Wednesday,11,False,False
201800033357,NonLethal,NightStreelightsOn,Yes,X-type,Normal,3+Vehicles-Multiple,4,Monday,6,False,True
201800052999,NonLethal,Daylight,Yes,T-type,Normal,2Vehicles-Side,6,Tuesday,17,False,False
201800018913,Lethal,Daylight,No,NoIntersection,HeavyRain,Other,12,Tuesday,11,False,False
201800008142,NonLethal,NightStreelightsOn,Yes,NoIntersection,Normal,2Vehicles-Side,3,Friday,19,False,False
201800027346,NonLethal,Daylight,Yes,NoIntersection,Normal,NoCollision,6,Wednesday,16,False,False
201800005738,NonLethal,Daylight,Yes,NoIntersection,Normal,Other,7,Monday,8,False,False
201800022147,NonLethal,Daylight,Yes,NoIntersection,Normal,NoCollision,11,Saturday,12,True,False
201800016263,NonLethal,Daylight,Yes,NoIntersection,VeryGood,2Vehicles-Behind,7,Sunday,10,True,False
201800004886,NonLethal,NightStreelightsOff,Yes,NoIntersection,Normal,Other,6,Friday,23,False,False
201800032920,NonLethal,Daylight,Yes,X-type,Normal,2Vehicles-Side,5,Friday,19,False,False
201800026890,NonLethal,NightNoStreetLight,Yes,NoIntersection,Normal,NoCollision,8,Thursday,5,False,True
201800047204,NonLethal,TwilightOrDawn,Yes,NoIntersection,Normal,NoCollision,5,Sunday,5,True,True
201800056742,NonLethal,TwilightOrDawn,No,NoIntersection,LightRain,2Vehicles-Behind,10,Tuesday,18,False,False
201800050170,NonLethal,TwilightOrDawn,No,NoIntersection,Normal,NoCollision,12,Friday,8,False,False
201800039765,NonLethal,Daylight,Yes,NoIntersection,Normal,NoCollision,12,Wednesday,16,False,False
201800031574,NonLethal,NightNoStreetLight,No,NoIntersection,Normal,2Vehicles-Side,5,Friday,21,False,False
201800018085,NonLethal,Daylight,No,NoIntersection,Normal,Other,7,Saturday,16,True,False
201800003022,NonLethal,Daylight,No,NoIntersection,Normal,Other,6,Saturday,10,True,False
201800045607,NonLethal,Daylight,No,NoIntersection,LightRain,Other,12,Monday,9,False,False
201800020104,NonLethal,Daylight,No,NoIntersection,Normal,2Vehicles-BehindVehicles-Frontal,8,Sunday,19,True,False
201800001962,NonLethal,TwilightOrDawn,No,NoIntersection,Normal,Other,5,Tuesday,21,False,False
201800011260,NonLethal,TwilightOrDawn,Yes,Roundabout,Normal,NoCollision,3,Thursday,19,False,False
201800010702,NonLethal,NightNoStreetLight,Yes,T-type,Normal,Other,4,Tuesday,23,False,False
201800003879,Lethal,Daylight,No,NoIntersection,Normal,2Vehicles-BehindVehicles-Frontal,5,Saturday,15,True,False
201800036630,NonLethal,Daylight,Yes,NoIntersection,Normal,2Vehicles-Behind,7,Tuesday,18,False,False
201800051496,NonLethal,Daylight,Yes,Y-type,Normal,Other,5,Thursday,19,False,False
201800031186,NonLethal,Daylight,No,NoIntersection,Normal,3+Vehicles-Chain,2,Wednesday,16,False,False
201800054839,NonLethal,Daylight,Yes,NoIntersection,HeavyRain,Other,10,Tuesday,10,False,False
201800038661,NonLethal,NightStreelightsOn,Yes,NoIntersection,LightRain,Other,12,Monday,6,False,True
201800039211,NonLethal,Daylight,Yes,NoIntersection,Overcast,Other,12,Saturday,16,True,False
201800037206,NonLethal,Daylight,Yes,NoIntersection,Normal,2Vehicles-Side,11,Friday,10,False,False
201800017389,Lethal,NightNoStreetLight,Yes,NoIntersection,Normal,Other,7,Saturday,23,True,False
201800019154,NonLethal,NightNoStreetLight,No,NoIntersection,Overcast,Other,5,Saturday,22,True,False
201800023875,NonLethal,NightStreelightsOn,Yes,T-type,Normal,Other,4,Tuesday,21,False,False
201800044390,NonLethal,NightStreelightsOff,No,NoIntersection,LightRain,Other,11,Tuesday,0,False,True
201800008544,NonLethal,NightStreelightsOn,Yes,NoIntersection,Normal,Other,1,Monday,22,False,False
201800042208,NonLethal,Daylight,Yes,NoIntersection,Normal,Other,7,Tuesday,7,False,False
201800039366,NonLethal,Daylight,Yes,Other,Normal,Other,1,Friday,14,False,False
201800024724,NonLethal,Daylight,Yes,X-type,LightRain,2Vehicles-Side,4,Wednesday,11,False,False
201800017433,NonLethal,NightNoStreetLight,No,NoIntersection,Normal,NoCollision,1,Monday,3,False,True
201800026610,NonLethal,Daylight,Yes,Roundabout,HeavyRain,2Vehicles-Side,12,Sunday,14,True,False
201800026143,NonLethal,NightStreelightsOff,Yes,NoIntersection,Normal,2Vehicles-Side,8,Tuesday,21,False,False
201800048790,NonLethal,Daylight,No,NoIntersection,LightRain,Other,2,Thursday,8,False,False
201800011843,NonLethal,Daylight,No,NoIntersection,Overcast,2Vehicles-BehindVehicles-Frontal,2,Tuesday,13,False,False
201800010223,NonLethal,Daylight,Yes,NoIntersection,Normal,Other,12,Friday,12,False,False
201800054811,NonLethal,Daylight,Yes,NoIntersection,VeryGood,Other,9,Thursday,8,False,False
201800025641,NonLethal,NightStreelightsOn,Yes,NoIntersection,Normal,Other,12,Friday,2,False,True
201800056980,NonLethal,Daylight,Yes,X-type,Normal,2Vehicles-Side,6,Tuesday,7,False,False
201800035215,NonLethal,Daylight,Yes,NoIntersection,LightRain,Other,10,Friday,9,False,False
201800036108,NonLethal,Daylight,Yes,NoIntersection,Normal,Other,6,Wednesday,12,False,False
201800051754,NonLethal,Daylight,Yes,T-type,LightRain,NoCollision,6,Monday,9,False,False
201800047579,NonLethal,Daylight,Yes,NoIntersection,Normal,Other,6,Tuesday,15,False,False
201800006086,NonLethal,Daylight,No,NoIntersection,Normal,NoCollision,7,Sunday,10,True,False
201800013553,NonLethal,Daylight,No,NoIntersection,Normal,NoCollision,7,Thursday,21,False,False
201800048660,NonLethal,Daylight,Yes,NoIntersection,Normal,2Vehicles-BehindVehicles-Frontal,2,Sunday,12,True,False
201800022322,NonLethal,Daylight,Yes,Other,Normal,2Vehicles-Side,4,Thursday,17,False,False
201800034032,NonLethal,Daylight,Yes,NoIntersection,Normal,Other,7,Friday,11,False,False
201800002170,NonLethal,Daylight,Yes,NoIntersection,Normal,Other,7,Sunday,19,True,False
201800006832,NonLethal,Daylight,Yes,T-type,Normal,2Vehicles-Side,7,Tuesday,8,False,False
201800015861,NonLethal,Daylight,Yes,X-type,Normal,Other,5,Saturday,19,True,False
201800057634,NonLethal,Daylight,Yes,NoIntersection,Normal,2Vehicles-Side,6,Monday,10,False,False
201800005393,NonLethal,NightStreelightsOn,Yes,NoIntersection,Normal,2Vehicles-Behind,5,Wednesday,0,False,True
201800050165,NonLethal,Daylight,No,NoIntersection,Normal,2Vehicles-Side,12,Wednesday,14,False,False
201800001647,Lethal,Daylight,No,T-type,Overcast,2Vehicles-Side,2,Sunday,11,True,False
201800003234,NonLethal,Daylight,No,NoIntersection,VeryGood,Other,4,Thursday,11,False,False
201800010281,NonLethal,Daylight,Yes,NoIntersection,Normal,3+Vehicles-Multiple,5,Friday,19,False,False
201800047692,NonLethal,Daylight,Yes,NoIntersection,Normal,Other,9,Monday,19,False,False
201800025157,NonLethal,NightNoStreetLight,No,NoIntersection,Normal,NoCollision,9,Monday,6,False,True
201800015385,NonLethal,Daylight,Yes,NoIntersection,Normal,Other,9,Sunday,15,True,False
201800048358,NonLethal,TwilightOrDawn,Yes,Other,Normal,Other,6,Sunday,5,True,True
201800025932,NonLethal,NightNoStreetLight,Yes,NoIntersection,Normal,3+Vehicles-Chain,12,Saturday,19,True,False
201800053493,NonLethal,Daylight,Yes,Square,Normal,2Vehicles-Side,8,Tuesday,8,False,False
201800011499,NonLethal,TwilightOrDawn,Yes,NoIntersection,LightRain,NoCollision,12,Saturday,17,True,False
201800035596,NonLethal,Daylight,Yes,Y-type,Normal,2Vehicles-Side,9,Monday,17,False,False
201800043846,NonLethal,Daylight,No,NoIntersection,Normal,NoCollision,2,Wednesday,17,False,False
201800040301,NonLethal,Daylight,Yes,MoreThan4Branches,Normal,2Vehicles-Side,5,Monday,18,False,False
201800037125,NonLethal,Daylight,Yes,Roundabout,LightRain,2Vehicles-Side,10,Wednesday,14,False,False
201800015165,NonLethal,NightNoStreetLight,No,NoIntersection,Normal,2Vehicles-Side,2,Sunday,18,True,False
201800032050,NonLethal,NightStreelightsOn,Yes,NoIntersection,LightRain,Other,12,Monday,18,False,False
201800040443,NonLethal,Daylight,Yes,NoIntersection,Normal,Other,9,Thursday,10,False,False
201800012396,NonLethal,Daylight,No,Roundabout,Normal,2Vehicles-Behind,2,Wednesday,15,False,False
201800051669,NonLethal,Daylight,Yes,T-type,Normal,2Vehicles-Behind,2,Sunday,16,True,False
201800042858,NonLethal,Daylight,Yes,NoIntersection,Normal,Other,5,Friday,17,False,False
201800010984,NonLethal,NightNoStreetLight,No,NoIntersection,Normal,3+Vehicles-Multiple,3,Sunday,2,True,True
201800048583,NonLethal,Daylight,Yes,NoIntersection,LightRain,Other,10,Sunday,18,True,False
201800028238,Lethal,Daylight,No,NoIntersection,Normal,2Vehicles-BehindVehicles-Frontal,7,Friday,9,False,False
201800004421,NonLethal,NightStreelightsOn,Yes,NoIntersection,Overcast,Other,11,Tuesday,18,False,False
201800054641,NonLethal,Daylight,Yes,T-type,Normal,2Vehicles-Side,1,Sunday,10,True,False
201800033680,NonLethal,Daylight,Yes,NoIntersection,Normal,2Vehicles-BehindVehicles-Frontal,10,Friday,18,False,False
201800042639,NonLethal,Daylight,Yes,NoIntersection,Normal,NoCollision,12,Tuesday,12,False,False
201800002621,NonLethal,TwilightOrDawn,No,NoIntersection,Normal,2Vehicles-BehindVehicles-Frontal,2,Monday,17,False,False
201800008345,NonLethal,Daylight,Yes,Roundabout,Normal,2Vehicles-Behind,1,Saturday,11,True,False
201800043324,NonLethal,NightStreelightsOn,Yes,NoIntersection,Normal,2Vehicles-Behind,5,Friday,0,False,True
201800031411,NonLethal,Daylight,Yes,NoIntersection,Normal,Other,7,Thursday,10,False,False
201800045982,NonLethal,Daylight,No,NoIntersection,Normal,Other,9,Friday,13,False,False
201800052768,NonLethal,Daylight,Yes,Square,Normal,2Vehicles-Side,6,Friday,15,False,False
201800038148,NonLethal,Daylight,Yes,X-type,Normal,2Vehicles-Side,10,Monday,15,False,False
201800012776,NonLethal,Daylight,No,MoreThan4Branches,Normal,2Vehicles-Side,4,Sunday,8,True,False
201800021244,NonLethal,NightStreelightsOn,Yes,NoIntersection,LightRain,Other,11,Monday,18,False,False
201800055022,NonLethal,TwilightOrDawn,Yes,X-type,LightRain,2Vehicles-Side,5,Friday,19,False,False
201800033263,NonLethal,Daylight,Yes,Y-type,LightRain,2Vehicles-Side,12,Friday,11,False,False
201800015673,NonLethal,Daylight,Yes,Roundabout,Normal,2Vehicles-Side,8,Sunday,11,True,False
201800009449,NonLethal,Daylight,Yes,NoIntersection,Normal,2Vehicles-Side,7,Monday,9,False,False
201800018031,NonLethal,Daylight,No,X-type,Normal,2Vehicles-Side,6,Monday,15,False,False
201800034725,NonLethal,Daylight,Yes,T-type,Normal,Other,12,Tuesday,13,False,False
201800042593,NonLethal,NightStreelightsOn,Yes,X-type,Normal,2Vehicles-Side,10,Sunday,22,True,False
201800041700,NonLethal,NightStreelightsOn,Yes,X-type,LightRain,3+Vehicles-Multiple,10,Thursday,21,False,False
201800007664,Lethal,NightNoStreetLight,No,NoIntersection,Normal,NoCollision,9,Monday,0,False,True
201800016217,NonLethal,Daylight,Yes,NoIntersection,LightRain,Other,1,Wednesday,13,False,False
201800048098,NonLethal,Daylight,Yes,NoIntersection,Normal,2Vehicles-Side,2,Wednesday,17,False,False
201800011059,NonLethal,NightStreelightsOn,No,Roundabout,Normal,Other,12,Sunday,20,True,False
201800035935,NonLethal,Daylight,Yes,NoIntersection,Normal,Other,9,Friday,17,False,False
201800005450,NonLethal,Daylight,Yes,NoIntersection,Overcast,2Vehicles-Side,3,Friday,15,False,False
201800050288,NonLethal,Daylight,Yes,X-type,Normal,Other,4,Saturday,14,True,False
201800012303,NonLethal,Daylight,No,NoIntersection,Normal,NoCollision,7,Saturday,18,True,False
201800018062,Lethal,NightNoStreetLight,No,NoIntersection,Normal,Other,3,Monday,22,False,False
201800016336,NonLethal,NightNoStreetLight,No,NoIntersection,Normal,Other,12,Tuesday,20,False,False
201800009652,NonLethal,Daylight,Yes,NoIntersection,Normal,2Vehicles-Side,6,Saturday,9,True,False
201800006252,NonLethal,Daylight,No,NoIntersection,Normal,3+Vehicles-Chain,8,Friday,12,False,False
201800054922,NonLethal,NightStreelightsOn,Yes,X-type,Normal,Other,2,Saturday,3,True,True
201800042063,NonLethal,NightStreelightsOn,Yes,T-type,Normal,2Vehicles-Side,12,Friday,19,False,False
201800050809,NonLethal,Daylight,Yes,Square,Normal,2Vehicles-Side,10,Friday,16,False,False
201800020270,Lethal,NightNoStreetLight,No,NoIntersection,Normal,Other,4,Friday,6,False,True
201800037132,NonLethal,NightStreelightsOn,Yes,T-type,LightRain,Other,2,Monday,17,False,False
201800041314,NonLethal,Daylight,No,NoIntersection,LightRain,Other,11,Sunday,12,True,False
201800043253,NonLethal,Daylight,Yes,T-type,Normal,2Vehicles-BehindVehicles-Frontal,2,Friday,17,False,False
201800033333,NonLethal,Daylight,Yes,Y-type,Normal,Other,10,Friday,18,False,False
201800007083,NonLethal,Daylight,No,NoIntersection,Normal,2Vehicles-Side,7,Monday,9,False,False
201800021955,NonLethal,NightStreelightsOn,Yes,NoIntersection,FogOrSmoke,Other,1,Sunday,2,True,True
201800051072,NonLethal,Daylight,Yes,T-type,Normal,Other,5,Tuesday,9,False,False
201800038204,NonLethal,NightStreelightsOn,Yes,NoIntersection,Normal,2Vehicles-BehindVehicles-Frontal,2,Friday,19,False,False
201800028557,NonLethal,Daylight,Yes,NoIntersection,Normal,2Vehicles-Behind,9,Friday,6,False,True
201800004122,NonLethal,Daylight,No,Other,Normal,2Vehicles-Side,1,Tuesday,12,False,False
201800010664,NonLethal,Daylight,Yes,T-type,Normal,2Vehicles-Side,6,Saturday,15,True,False
201800024194,NonLethal,Daylight,Yes,NoIntersection,Normal,NoCollision,2,Wednesday,16,False,False
201800034567,NonLethal,NightNoStreetLight,No,NoIntersection,Normal,2Vehicles-Behind,5,Friday,5,False,True
201800036959,NonLethal,Daylight,Yes,NoIntersection,LightRain,Other,1,Saturday,16,True,False
201800046529,NonLethal,Daylight,No,NoIntersection,Normal,2Vehicles-Behind,4,Tuesday,12,False,False
201800028733,NonLethal,Daylight,Yes,T-type,Normal,2Vehicles-Side,5,Sunday,15,True,False
201800035234,NonLethal,Daylight,Yes,NoIntersection,Normal,2Vehicles-Side,6,Wednesday,19,False,False
201800018380,NonLethal,Daylight,No,NoIntersection,Normal,Other,10,Thursday,13,False,False
201800007442,NonLethal,Daylight,Yes,NoIntersection,Normal,2Vehicles-BehindVehicles-Frontal,10,Saturday,13,True,False
201800007432,NonLethal,Daylight,Yes,X-type,Normal,2Vehicles-Side,9,Friday,8,False,False
201800024679,NonLethal,Daylight,Yes,NoIntersection,LightRain,Other,5,Thursday,17,False,False
201800031658,NonLethal,NightStreelightsOn,Yes,X-type,Normal,2Vehicles-Side,2,Monday,1,False,True
201800021766,NonLethal,NightNoStreetLight,No,NoIntersection,LightRain,NoCollision,7,Sunday,2,True,True
201800015882,NonLethal,Daylight,Yes,NoIntersection,Normal,2Vehicles-Side,4,Sunday,16,True,False
201800013513,NonLethal,Daylight,No,NoIntersection,Normal,NoCollision,6,Saturday,19,True,False
201800053214,NonLethal,NightStreelightsOn,Yes,X-type,Overcast,Other,12,Wednesday,20,False,False
201800010106,NonLethal,Daylight,Yes,T-type,LightRain,Other,11,Friday,8,False,False
201800009382,NonLethal,Daylight,Yes,NoIntersection,HeavyRain,Other,7,Monday,12,False,False
201800055099,NonLethal,NightStreelightsOn,Yes,T-type,Normal,Other,8,Monday,22,False,False
201800032874,NonLethal,Daylight,Yes,NoIntersection,Normal,NoCollision,4,Saturday,17,True,False
201800026036,NonLethal,TwilightOrDawn,No,NoIntersection,Normal,Other,9,Monday,19,False,False
201800037275,NonLethal,Daylight,Yes,NoIntersection,Normal,2Vehicles-Behind,6,Monday,16,False,False
201800050661,NonLethal,Daylight,Yes,Y-type,Normal,2Vehicles-Behind,2,Friday,14,False,False
201800050063,NonLethal,NightNoStreetLight,Yes,NoIntersection,Overcast,Other,10,Thursday,0,False,True
201800017340,NonLethal,TwilightOrDawn,No,NoIntersection,FogOrSmoke,NoCollision,10,Saturday,8,True,False
201800027464,NonLethal,Daylight,Yes,X-type,Normal,2Vehicles-Side,10,Wednesday,17,False,False
201800001340,NonLethal,Daylight,No,NoIntersection,Normal,NoCollision,9,Saturday,15,True,False
201800022251,NonLethal,Daylight,Yes,NoIntersection,VeryGood,Other,4,Monday,7,False,False
201800009338,NonLethal,Daylight,Yes,NoIntersection,Normal,2Vehicles-Behind,7,Tuesday,13,False,False
201800004342,NonLethal,Daylight,No,NoIntersection,Overcast,2Vehicles-BehindVehicles-Frontal,6,Wednesday,6,False,True
201800009045,NonLethal,Daylight,Yes,T-type,Normal,2Vehicles-Side,5,Wednesday,11,False,False
201800045287,NonLethal,NightNoStreetLight,No,NoIntersection,LightRain,Other,10,Sunday,7,True,False
201800050540,NonLethal,NightStreelightsOn,Yes,NoIntersection,LightRain,Other,4,Monday,21,False,False
201800008993,NonLethal,TwilightOrDawn,Yes,X-type,HeavyRain,2Vehicles-Side,5,Monday,5,False,True
201800051881,NonLethal,Daylight,Yes,X-type,Normal,2Vehicles-Side,12,Wednesday,12,False,False
201800013723,Lethal,Daylight,No,NoIntersection,Normal,Other,4,Sunday,18,True,False
201800056034,NonLethal,NightNoStreetLight,No,NoIntersection,Normal,2Vehicles-BehindVehicles-Frontal,8,Monday,2,False,True
201800038835,NonLethal,Daylight,Yes,X-type,Normal,2Vehicles-Side,7,Monday,17,False,False
201800037039,NonLethal,Daylight,Yes,NoIntersection,VeryGood,Other,6,Monday,8,False,False
201800044565,NonLethal,Daylight,No,NoIntersection,Normal,2Vehicles-Side,1,Tuesday,15,False,False
201800041826,NonLethal,NightNoStreetLight,No,NoIntersection,HeavyRain,Other,12,Friday,21,False,False
201800029489,NonLethal,Daylight,Yes,T-type,Normal,Other,3,Saturday,18,True,False
201800001578,NonLethal,Daylight,No,T-type,Normal,2Vehicles-Side,9,Monday,9,False,False
201800017256,Lethal,Daylight,No,X-type,Normal,2Vehicles-Side,4,Thursday,7,False,False
201800004784,NonLethal,Daylight,Yes,Other,Normal,Other,6,Sunday,10,True,False
201800042959,NonLethal,Daylight,Yes,T-type,LightRain,2Vehicles-Side,1,Friday,11,False,False
201800029856,NonLethal,Daylight,Yes,Roundabout,Normal,2Vehicles-Side,9,Friday,12,False,False
201800044897,NonLethal,Daylight,No,NoIntersection,Normal,2Vehicles-Side,5,Saturday,14,True,False
201800012903,NonLethal,Daylight,Yes,T-type,LightRain,2Vehicles-BehindVehicles-Frontal,1,Monday,7,False,False
201800028638,NonLethal,Daylight,Yes,NoIntersection,Normal,NoCollision,10,Monday,18,False,False
201800035797,NonLethal,Daylight,Yes,NoIntersection,Normal,Other,7,Saturday,9,True,False
201800052432,NonLethal,Daylight,Yes,X-type,Normal,2Vehicles-Side,5,Saturday,12,True,False
201800010823,NonLethal,TwilightOrDawn,No,NoIntersection,Normal,NoCollision,12,Wednesday,17,False,False
201800009557,NonLethal,Daylight,Yes,X-type,Normal,2Vehicles-Side,8,Monday,16,False,False
201800018169,NonLethal,Daylight,Yes,X-type,Normal,2Vehicles-Side,1,Friday,15,False,False
201800016062,NonLethal,Daylight,Yes,Y-type,Normal,2Vehicles-BehindVehicles-Frontal,6,Thursday,13,False,False
201800029161,NonLethal,TwilightOrDawn,Yes,NoIntersection,Normal,2Vehicles-Behind,5,Wednesday,20,False,False
201800026174,NonLethal,Daylight,Yes,Square,Normal,Other,2,Monday,15,False,False
201800055032,NonLethal,Daylight,Yes,T-type,LightRain,Other,6,Wednesday,16,False,False
201800002284,NonLethal,Daylight,No,T-type,Normal,2Vehicles-BehindVehicles-Frontal,6,Saturday,16,True,False
201800028220,NonLethal,Daylight,Yes,T-type,Normal,NoCollision,12,Tuesday,10,False,False
201800042758,NonLethal,Daylight,Yes,NoIntersection,Normal,2Vehicles-BehindVehicles-Frontal,6,Friday,17,False,False
201800025046,NonLethal,Daylight,Yes,NoIntersection,Normal,Other,11,Friday,8,False,False
201800054775,NonLethal,Daylight,Yes,X-type,VeryGood,NoCollision,7,Tuesday,19,False,False
201800031953,NonLethal,Daylight,Yes,NoIntersection,Overcast,Other,10,Wednesday,8,False,False
201800017043,Lethal,Daylight,No,NoIntersection,Normal,NoCollision,8,Friday,9,False,False
201800020289,NonLethal,Daylight,No,NoIntersection,Normal,NoCollision,4,Saturday,17,True,False
201800049761,NonLethal,Daylight,No,NoIntersection,Normal,2Vehicles-Behind,3,Saturday,16,True,False
201800036096,NonLethal,Daylight,Yes,T-type,Normal,2Vehicles-Behind,6,Saturday,12,True,False
201800032059,NonLethal,Daylight,No,NoIntersection,Normal,2Vehicles-BehindVehicles-Frontal,2,Thursday,17,False,False
201800003527,NonLethal,Daylight,Yes,NoIntersection,Normal,2Vehicles-BehindVehicles-Frontal,8,Thursday,15,False,False
201800015796,NonLethal,Daylight,Yes,Roundabout,Normal,2Vehicles-Side,3,Sunday,10,True,False
201800054673,NonLethal,NightStreelightsOn,Yes,T-type,Normal,2Vehicles-Behind,3,Monday,0,False,True
201800038074,NonLethal,NightNoStreetLight,No,NoIntersection,Normal,Other,1,Saturday,22,True,False
201800022665,NonLethal,Daylight,No,Y-type,Normal,2Vehicles-BehindVehicles-Frontal,5,Thursday,12,False,False
201800036824,NonLethal,Daylight,Yes,Roundabout,LightRain,2Vehicles-Behind,5,Monday,16,False,False
201800046546,NonLethal,Daylight,No,NoIntersection,Normal,2Vehicles-Behind,4,Saturday,18,True,False
201800045656,NonLethal,NightStreelightsOn,No,NoIntersection,Normal,Other,1,Friday,21,False,False
201800047300,NonLethal,Daylight,Yes,NoIntersection,Normal,Other,11,Monday,10,False,False
201800029186,NonLethal,Daylight,Yes,NoIntersection,Normal,2Vehicles-BehindVehicles-Frontal,4,Thursday,18,False,False
201800052985,NonLethal,Daylight,Yes,NoIntersection,Normal,2Vehicles-Side,4,Thursday,11,False,False
201800010911,NonLethal,Daylight,No,NoIntersection,Normal,2Vehicles-BehindVehicles-Frontal,9,Thursday,12,False,False
201800033041,NonLethal,NightNoStreetLight,No,NoIntersection,Normal,3+Vehicles-Multiple,4,Thursday,17,False,False
201800013009,NonLethal,NightNoStreetLight,No,NoIntersection,LightRain,2Vehicles-BehindVehicles-Frontal,1,Wednesday,18,False,False
201800052801,NonLethal,Daylight,Yes,T-type,Normal,Other,8,Monday,18,False,False
201800052191,NonLethal,Daylight,Yes,NoIntersection,LightRain,2Vehicles-Side,2,Saturday,18,True,False
201800050775,NonLethal,Daylight,Yes,NoIntersection,Normal,2Vehicles-Behind,4,Saturday,17,True,False
201800013236,Lethal,Daylight,No,NoIntersection,Normal,Other,7,Wednesday,7,False,False
201800052616,NonLethal,NightStreelightsOn,Yes,Square,LightRain,2Vehicles-Side,4,Thursday,7,False,False
201800011494,NonLethal,Daylight,Yes,T-type,VeryGood,NoCollision,10,Sunday,16,True,False
201800001188,NonLethal,Daylight,Yes,NoIntersection,Normal,2Vehicles-BehindVehicles-Frontal,8,Friday,13,False,False
201800011587,NonLethal,Daylight,No,NoIntersection,Normal,Other,7,Saturday,18,True,False
201800046756,NonLethal,Daylight,No,NoIntersection,Normal,Other,11,Wednesday,15,False,False
201800047906,NonLethal,Daylight,No,NoIntersection,Normal,3+Vehicles-Chain,3,Wednesday,15,False,False
201800031091,NonLethal,NightStreelightsOn,Yes,NoIntersection,Normal,2Vehicles-Behind,12,Thursday,21,False,False
201800003066,NonLethal,NightStreelightsOn,Yes,NoIntersection,Normal,Other,9,Wednesday,22,False,False
201800003318,NonLethal,Daylight,No,T-type,Normal,2Vehicles-Side,9,Thursday,13,False,False
201800000951,NonLethal,Daylight,Yes,T-type,Normal,2Vehicles-Side,1,Tuesday,6,False,True
201800049112,NonLethal,Daylight,No,NoIntersection,Normal,2Vehicles-Side,12,Friday,15,False,False
201800016030,NonLethal,Daylight,Yes,NoIntersection,Normal,2Vehicles-BehindVehicles-Frontal,5,Monday,14,False,False
201800003824,NonLethal,Daylight,No,NoIntersection,Normal,2Vehicles-Behind,1,Saturday,15,True,False
201800057614,NonLethal,Daylight,Yes,Square,Normal,Other,5,Sunday,10,True,False
201800016710,NonLethal,Daylight,Yes,Other,Normal,2Vehicles-Side,7,Wednesday,11,False,False
201800000108,NonLethal,NightNoStreetLight,No,NoIntersection,Normal,2Vehicles-BehindVehicles-Frontal,6,Friday,0,False,True
201800026081,NonLethal,Daylight,Yes,NoIntersection,Normal,Other,1,Wednesday,9,False,False
201800052226,NonLethal,Daylight,Yes,X-type,Normal,Other,10,Saturday,14,True,False
201800048197,NonLethal,TwilightOrDawn,Yes,T-type,Normal,2Vehicles-Side,4,Tuesday,20,False,False
201800008287,NonLethal,Daylight,Yes,Roundabout,Normal,2Vehicles-Behind,3,Thursday,15,False,False
201800048425,NonLethal,NightStreelightsOn,Yes,NoIntersection,Normal,2Vehicles-Side,7,Wednesday,23,False,False
201800010828,NonLethal,Daylight,No,NoIntersection,Overcast,2Vehicles-BehindVehicles-Frontal,11,Tuesday,13,False,False
201800024002,NonLethal,Daylight,Yes,T-type,Normal,2Vehicles-Behind,9,Saturday,18,True,False
201800030912,NonLethal,Daylight,Yes,NoIntersection,Normal,Other,9,Monday,18,False,False
201800035499,NonLethal,Daylight,Yes,NoIntersection,Normal,Other,7,Monday,16,False,False
201800055878,NonLethal,NightNoStreetLight,No,NoIntersection,Normal,3+Vehicles-Multiple,5,Friday,21,False,False
201800031271,NonLethal,Daylight,No,NoIntersection,Normal,Other,6,Wednesday,9,False,False
201800011504,NonLethal,Daylight,Yes,NoIntersection,HeavyRain,Other,3,Saturday,9,True,False
201800002394,NonLethal,Daylight,Yes,NoIntersection,Normal,Other,5,Monday,11,False,False
201800014184,NonLethal,Daylight,No,NoIntersection,Normal,NoCollision,11,Saturday,14,True,False
201800034975,NonLethal,Daylight,Yes,NoIntersection,Normal,Other,1,Wednesday,17,False,False
201800031081,Lethal,Daylight,No,NoIntersection,Normal,NoCollision,11,Saturday,11,True,False
201800028752,NonLethal,TwilightOrDawn,Yes,NoIntersection,Normal,NoCollision,6,Friday,22,False,False
201800028430,NonLethal,Daylight,Yes,T-type,Normal,2Vehicles-Side,5,Monday,17,False,False
201800003501,NonLethal,Daylight,No,Roundabout,Normal,2Vehicles-Side,3,Tuesday,11,False,False
201800056921,NonLethal,Daylight,Yes,X-type,LightRain,2Vehicles-Side,4,Sunday,13,True,False