AccidentId,Gravity,Light,InAgglomeration,IntersectionType,Weather,CollisionType,Month,DayOfWeek,HourOfDay,IsWeekend,IsNight
201800029712,Lethal,Daylight,Yes,NoIntersection,Normal,Other,7,Monday,13,False,False
201800051784,NonLethal,Daylight,Yes,X-type,Normal,2Vehicles-Side,7,Thursday,7,False,False
201800020996,NonLethal,Daylight,Yes,NoIntersection,Normal,2Vehicles-Behind,5,Friday,8,False,False
201800026770,NonLethal,Daylight,Yes,X-type,Overcast,2Vehicles-Side,4,Saturday,7,True,False
201800017808,NonLethal,Daylight,No,NoIntersection,Normal,2Vehicles-Side,4,Sunday,14,True,False
201800031013,NonLethal,Daylight,Yes,NoIntersection,Normal,2Vehicles-Side,6,Saturday,20,True,False
201800007020,NonLethal,Daylight,No,NoIntersection,HeavyRain,2Vehicles-BehindVehicles-Frontal,8,Wednesday,17,False,False
201800034022,NonLethal,Daylight,Yes,NoIntersection,Normal,2Vehicles-Behind,11,Wednesday,21,False,False
201800014545,NonLethal,NightStreelightsOn,Yes,NoIntersection,Normal,Other,8,Thursday,4,False,True
201800003692,NonLethal,Daylight,Yes,Y-type,LightRain,2Vehicles-BehindVehicles-Frontal,5,Wednesday,17,False,False
201800020126,NonLethal,NightNoStreetLight,No,NoIntersection,Normal,2Vehicles-Behind,2,Thursday,5,False,True
201800017845,NonLethal,Daylight,Yes,NoIntersection,Normal,2Vehicles-Behind,2,Saturday,16,True,False
201800019165,NonLethal,Daylight,No,NoIntersection,Normal,NoCollision,6,Wednesday,14,False,False
201800018195,NonLethal,Daylight,Yes,X-type,Normal,Other,9,Friday,11,False,False
201800016273,NonLethal,NightNoStreetLight,No,NoIntersection,Other,Other,5,Thursday,21,False,False
201800055827,NonLethal,Daylight,No,NoIntersection,Normal,2Vehicles-BehindVehicles-Frontal,8,Thursday,7,False,False
201800020125,Lethal,NightNoStreetLight,No,NoIntersection,HeavyRain,Other,12,Friday,0,False,True
201800023113,NonLethal,Daylight,Yes,NoIntersection,Normal,2Vehicles-Side,6,Wednesday,13,False,False
201800023659,NonLethal,NightStreelightsOn,Yes,NoIntersection,LightRain,NoCollision,1,Friday,21,False,False
201800048623,NonLethal,Daylight,Yes,NoIntersection,Normal,Other,10,Friday,17,False,False
201800006647,NonLethal,Daylight,No,NoIntersection,Normal,2Vehicles-Behind,6,Friday,11,False,False
201800013126,Lethal,TwilightOrDawn,Yes,NoIntersection,Normal,NoCollision,5,Tuesday,21,False,False
201800041626,NonLethal,Daylight,Yes,NoIntersection,Normal,2Vehicles-Behind,11,Friday,13,False,False
201800030371,NonLethal,NightNoStreetLight,Yes,Roundabout,Normal,2Vehicles-Side,3,Monday,7,False,False
201800036106,NonLethal,Daylight,No,T-type,Normal,NoCollision,6,Sunday,17,True,False
201800019311,NonLethal,Daylight,Yes,NoIntersection,Overcast,2Vehicles-BehindVehicles-Frontal,5,Saturday,12,True,False
201800033063,NonLethal,Daylight,Yes,T-type,Normal,2Vehicles-Side,12,Thursday,15,False,False
201800038827,NonLethal,Daylight,Yes,NoIntersection,Normal,Other,12,Thursday,17,False,False
201800042893,NonLethal,Daylight,Yes,NoIntersection,VeryGood,2Vehicles-Behind,7,Wednesday,12,False,False
201800049238,NonLethal,NightNoStreetLight,No,NoIntersection,Normal,2Vehicles-Behind,4,Saturday,22,True,False
201800021160,Lethal,Daylight,No,NoIntersection,Normal,Other,8,Friday,12,False,False
201800036087,NonLethal,Daylight,Yes,NoIntersection,LightRain,2Vehicles-Behind,5,Tuesday,16,False,False
201800011945,NonLethal,Daylight,Yes,NoIntersection,Normal,3+Vehicles-Multiple,4,Saturday,17,True,False
201800012999,Lethal,Daylight,Yes,NoIntersection,Normal,NoCollision,11,Monday,8,False,False
201800006080,NonLethal,NightStreelightsOff,No,NoIntersection,Normal,2Vehicles-Behind,7,Saturday,5,True,True
201800030543,NonLethal,Daylight,Yes,NoIntersection,Overcast,2Vehicles-Side,3,Tuesday,14,False,False
201800025392,NonLethal,Daylight,Yes,NoIntersection,Normal,2Vehicles-Side,6,Wednesday,9,False,False
201800016006,NonLethal,NightNoStreetLight,No,NoIntersection,Normal,2Vehicles-BehindVehicles-Frontal,11,Friday,5,False,True
201800006594,NonLethal,Daylight,No,Y-type,Normal,Other,5,Tuesday,14,False,False
201800007106,NonLethal,NightStreelightsOn,Yes,NoIntersection,Overcast,2Vehicles-Side,7,Thursday,22,False,False
201800045638,NonLethal,NightStreelightsOn,No,NoIntersection,Normal,3+Vehicles-Chain,9,Saturday,7,True,False
201800005022,NonLethal,Daylight,Yes,X-type,Normal,NoCollision,11,Sunday,16,True,False
201800050202,NonLethal,NightNoStreetLight,No,NoIntersection,Normal,Other,12,Wednesday,19,False,False
201800036520,NonLethal,Daylight,Yes,NoIntersection,LightRain,2Vehicles-Side,12,Saturday,12,True,False
201800002790,NonLethal,NightNoStreetLight,Yes,NoIntersection,Normal,2Vehicles-Behind,3,Saturday,23,True,False
201800010051,NonLethal,Daylight,Yes,NoIntersection,LightRain,2Vehicles-Behind,11,Sunday,8,True,False
201800044640,NonLethal,Daylight,No,NoIntersection,Normal,2Vehicles-Behind,2,Wednesday,15,False,False
201800038521,NonLethal,Daylight,Yes,X-type,Overcast,Other,12,Wednesday,14,False,False
201800056021,NonLethal,NightStreelightsOn,Yes,NoIntersection,Normal,Other,3,Tuesday,19,False,False
201800031353,NonLethal,Daylight,Yes,NoIntersection,Normal,Other,11,Thursday,17,False,False
201800022786,NonLethal,NightNoStreetLight,No,NoIntersection,Normal,2Vehicles-Behind,5,Tuesday,22,False,False
201800029874,NonLethal,Daylight,Yes,NoIntersection,Normal,Other,11,Saturday,15,True,False
201800016246,NonLethal,Daylight,No,NoIntersection,Normal,2Vehicles-BehindVehicles-Frontal,8,Wednesday,15,False,False
201800039703,NonLethal,NightStreelightsOn,Yes,X-type,Normal,2Vehicles-Side,12,Monday,20,False,False
201800027868,NonLethal,NightStreelightsOn,Yes,NoIntersection,LightRain,Other,12,Tuesday,17,False,False
201800050430,NonLethal,Daylight,Yes,X-type,LightRain,2Vehicles-Side,7,Tuesday,8,False,False
201800005633,NonLethal,NightStreelightsOn,Yes,NoIntersection,Normal,3+Vehicles-Multiple,4,Friday,0,False,True
201800042856,NonLethal,Daylight,Yes,NoIntersection,LightRain,2Vehicles-Side,12,Wednesday,16,False,False
201800033886,NonLethal,NightStreelightsOn,Yes,T-type,LightRain,Other,11,Tuesday,18,False,False
201800001934,NonLethal,NightNoStreetLight,Yes,X-type,Normal,2Vehicles-BehindVehicles-Frontal,1,Sunday,4,True,True
201800010387,NonLethal,NightStreelightsOn,Yes,X-type,Normal,2Vehicles-Side,5,Wednesday,22,False,False
201800015091,Lethal,Daylight,No,X-type,Normal,2Vehicles-Side,3,Sunday,7,True,False
201800008823,NonLethal,Daylight,Yes,NoIntersection,Normal,Other,3,Thursday,6,False,True
201800054574,NonLethal,Daylight,Yes,NoIntersection,Normal,2Vehicles-Side,10,Tuesday,10,False,False
201800036329,NonLethal,Daylight,Yes,NoIntersection,Normal,2Vehicles-Side,2,Wednesday,14,False,False
201800044619,NonLethal,Daylight,No,NoIntersection,Normal,Other,2,Sunday,8,True,False
201800003061,NonLethal,Daylight,No,NoIntersection,Normal,NoCollision,8,Sunday,12,True,False
201800027833,NonLethal,Daylight,No,NoIntersection,Overcast,NoCollision,12,Monday,11,False,False
201800020536,NonLethal,Daylight,Yes,NoIntersection,Normal,Other,7,Thursday,8,False,False
201800030148,NonLethal,Daylight,Yes,NoIntersection,Normal,Other,10,Saturday,10,True,False
201800035799,NonLethal,Daylight,Yes,NoIntersection,Normal,2Vehicles-Behind,7,Tuesday,8,False,False
201800030585,NonLethal,Daylight,Yes,NoIntersection,Normal,2Vehicles-Behind,6,Tuesday,18,False,False
201800004407,NonLethal,Daylight,No,NoIntersection,Normal,NoCollision,8,Friday,19,False,False
201800043985,NonLethal,Daylight,No,NoIntersection,HeavyRain,2Vehicles-Behind,5,Monday,8,False,False
201800004729,NonLethal,TwilightOrDawn,No,NoIntersection,Normal,Other,5,Tuesday,20,False,False
201800039203,NonLethal,Daylight,Yes,NoIntersection,Normal,NoCollision,12,Monday,19,False,False
201800021737,NonLethal,TwilightOrDawn,No,NoIntersection,Normal,Other,2,Tuesday,7,False,False
201800048080,NonLethal,NightStreelightsOn,Yes,NoIntersection,LightRain,Other,2,Friday,22,False,False
201800048235,NonLethal,Daylight,Yes,NoIntersection,Normal,Other,9,Wednesday,15,False,False
201800011624,NonLethal,TwilightOrDawn,No,NoIntersection,LightRain,NoCollision,1,Monday,7,False,False
201800039475,NonLethal,Daylight,Yes,NoIntersection,Normal,2Vehicles-Side,7,Wednesday,14,False,False
201800043789,NonLethal,NightStreelightsOn,No,NoIntersection,Normal,2Vehicles-Behind,1,Sunday,20,True,False
201800037653,NonLethal,Daylight,Yes,Y-type,Normal,2Vehicles-BehindVehicles-Frontal,11,Friday,16,False,False
201800047880,NonLethal,Daylight,Yes,NoIntersection,Normal,Other,12,Saturday,14,True,False
201800039752,NonLethal,NightStreelightsOn,Yes,Other,Normal,2Vehicles-Side,10,Tuesday,18,False,False
201800008688,NonLethal,NightStreelightsOn,Yes,NoIntersection,Overcast,2Vehicles-Behind,3,Friday,22,False,False
201800010256,NonLethal,NightStreelightsOn,Yes,NoIntersection,Normal,2Vehicles-Side,12,Friday,17,False,False
201800007601,NonLethal,Daylight,Yes,NoIntersection,Normal,2Vehicles-Behind,4,Friday,18,False,False
201800037492,NonLethal,Daylight,Yes,Other,Normal,2Vehicles-Side,9,Tuesday,16,False,False
201800011120,NonLethal,Daylight,No,NoIntersection,Normal,2Vehicles-Behind,6,Saturday,18,True,False
201800023531,NonLethal,Daylight,No,NoIntersection,LightRain,NoCollision,5,Thursday,17,False,False
201800054334,NonLethal,TwilightOrDawn,Yes,MoreThan4Branches,Overcast,2Vehicles-Side,2,Friday,18,False,False
201800023105,NonLethal,Daylight,No,NoIntersection,Normal,3+Vehicles-Chain,6,Wednesday,18,False,False
201800004408,NonLethal,NightStreelightsOn,Yes,NoIntersection,Normal,2Vehicles-Side,2,Friday,21,False,False
201800053141,NonLethal,Daylight,Yes,X-type,Normal,2Vehicles-Side,10,Tuesday,13,False,False
201800031663,NonLethal,Daylight,Yes,X-type,Normal,2Vehicles-Side,2,Tuesday,16,False,False
201800034856,NonLethal,TwilightOrDawn,Yes,T-type,LightRain,2Vehicles-Side,11,Tuesday,8,False,False
201800029175,Lethal,NightNoStreetLight,No,NoIntersection,StrongWindOrStorm,2Vehicles-BehindVehicles-Frontal,3,Tuesday,22,False,False
201800015129,NonLethal,Daylight,No,NoIntersection,Normal,2Vehicles-Side,9,Wednesday,7,False,False
201800009249,NonLethal,Daylight,Yes,NoIntersection,Normal,3+Vehicles-Chain,6,Thursday,11,False,False
201800057009,NonLethal,Daylight,Yes,NoIntersection,Normal,2Vehicles-Behind,8,Sunday,8,True,False
201800050621,NonLethal,NightStreelightsOn,Yes,X-type,LightRain,NoCollision,7,Wednesday,6,False,True
201800010190,NonLethal,Daylight,No,Other,Overcast,2Vehicles-Side,12,Thursday,7,False,False
201800055214,NonLethal,NightStreelightsOff,Yes,T-type,Normal,Other,12,Thursday,1,False,True
201800046589,NonLethal,Daylight,No,NoIntersection,Overcast,2Vehicles-BehindVehicles-Frontal,5,Monday,19,False,False
201800019579,NonLethal,NightNoStreetLight,No,Roundabout,LightRain,2Vehicles-Side,12,Thursday,17,False,False
201800029011,Lethal,Daylight,No,Other,Normal,2Vehicles-Side,6,Saturday,18,True,False
201800029401,NonLethal,NightNoStreetLight,Yes,Square,Normal,Other,6,Saturday,18,True,False
201800028160,NonLethal,Daylight,Yes,NoIntersection,Normal,Other,11,Friday,16,False,False
201800018174,NonLethal,Daylight,No,NoIntersection,Normal,2Vehicles-BehindVehicles-Frontal,11,Monday,8,False,False
201800023469,NonLethal,NightStreelightsOn,Yes,T-type,LightRain,Other,1,Thursday,17,False,False
201800044718,NonLethal,Daylight,No,NoIntersection,Normal,2Vehicles-Behind,3,Tuesday,17,False,False
201800012555,NonLethal,NightNoStreetLight,Yes,Roundabout,Normal,Other,3,Sunday,19,True,False
201800017300,NonLethal,Daylight,Yes,X-type,Normal,NoCollision,4,Wednesday,15,False,False
201800016017,NonLethal,Daylight,No,NoIntersection,Normal,Other,7,Sunday,16,True,False
201800050306,NonLethal,Daylight,Yes,Y-type,Normal,Other,8,Monday,13,False,False
201800026800,NonLethal,Daylight,Yes,NoIntersection,Normal,Other,5,Friday,18,False,False
201800026221,NonLethal,Daylight,Yes,NoIntersection,Normal,Other,6,Tuesday,15,False,False
201800042989,NonLethal,NightStreelightsOn,Yes,T-type,Normal,2Vehicles-Side,8,Sunday,0,True,True
201800056664,NonLethal,Daylight,No,NoIntersection,Normal,2Vehicles-Behind,12,Monday,16,False,False
201800040757,NonLethal,Daylight,Yes,Y-type,Normal,2Vehicles-Side,5,Friday,12,False,False
201800012519,Lethal,Daylight,No,NoIntersection,Normal,2Vehicles-Side,10,Wednesday,11,False,False
201800038018,NonLethal,Daylight,Yes,Roundabout,Normal,2Vehicles-Side,1,Tuesday,16,False,False
201800031508,Lethal,Daylight,No,NoIntersection,Normal,2Vehicles-BehindVehicles-Frontal,5,Friday,9,False,False
201800000934,NonLethal,NightStreelightsOn,Yes,NoIntersection,Normal,Other,10,Friday,4,False,True
201800013732,NonLethal,Daylight,No,NoIntersection,Normal,NoCollision,10,Saturday,12,True,False
201800016513,NonLethal,Daylight,No,NoIntersection,VeryGood,2Vehicles-Side,7,Sunday,11,True,False
201800003691,NonLethal,NightNoStreetLight,Yes,NoIntersection,HeavyRain,2Vehicles-BehindVehicles-Frontal,11,Saturday,5,True,True
201800003287,NonLethal,Daylight,Yes,X-type,Normal,2Vehicles-Side,11,Saturday,14,True,False
201800014352,NonLethal,Daylight,No,NoIntersection,Normal,2Vehicles-BehindVehicles-Frontal,7,Monday,19,False,False
201800035919,NonLethal,Daylight,No,X-type,Normal,NoCollision,11,Thursday,8,False,False
201800024592,NonLethal,Daylight,Yes,NoIntersection,Normal,Other,5,Tuesday,17,False,False
201800004493,NonLethal,Daylight,Yes,NoIntersection,Normal,Other,2,Thursday,11,False,False
201800055396,NonLethal,Daylight,Yes,NoIntersection,Normal,2Vehicles-Behind,5,Saturday,15,True,False
201800020773,NonLethal,NightStreelightsOn,No,NoIntersection,Normal,NoCollision,9,Thursday,21,False,False
201800024053,NonLethal,Daylight,Yes,MoreThan4Branches,Normal,Other,5,Saturday,14,True,False
201800007370,NonLethal,Daylight,Yes,X-type,Normal,2Vehicles-Side,7,Monday,18,False,False
201800002418,NonLethal,NightStreelightsOn,Yes,Other,Normal,2Vehicles-BehindVehicles-Frontal,12,Friday,22,False,False
201800021776,NonLethal,NightNoStreetLight,No,NoIntersection,LightRain,Other,11,Saturday,19,True,False
201800023607,Lethal,Daylight,No,NoIntersection,Normal,Other,8,Wednesday,18,False,False
201800037643,NonLethal,Daylight,Yes,NoIntersection,Normal,Other,9,Wednesday,13,False,False
201800017905,NonLethal,Daylight,No,NoIntersection,Normal,Other,8,Thursday,15,False,False
201800052173,NonLethal,Daylight,Yes,Y-type,Normal,2Vehicles-Side,9,Wednesday,8,False,False
201800006084,NonLethal,NightNoStreetLight,No,NoIntersection,Normal,2Vehicles-Behind,7,Friday,3,False,True
201800030578,NonLethal,Daylight,Yes,T-type,Normal,2Vehicles-Side,6,Wednesday,16,False,False
201800041283,NonLethal,TwilightOrDawn,Yes,NoIntersection,Normal,Other,4,Tuesday,19,False,False
201800004238,Lethal,NightNoStreetLight,Yes,NoIntersection,Normal,Other,12,Sunday,6,True,True
201800049183,NonLethal,Daylight,No,NoIntersection,Normal,3+Vehicles-Chain,12,Wednesday,15,False,False
201800006800,NonLethal,Daylight,Yes,NoIntersection,Normal,Other,7,Saturday,16,True,False
201800046581,NonLethal,TwilightOrDawn,No,NoIntersection,Normal,NoCollision,5,Thursday,20,False,False
201800013644,NonLethal,Daylight,No,NoIntersection,Normal,NoCollision,5,Friday,14,False,False
201800008068,NonLethal,Daylight,No,Roundabout,Normal,Other,9,Sunday,13,True,False
201800048512,NonLethal,Daylight,Yes,X-type,Normal,2Vehicles-Side,12,Sunday,15,True,False
201800020389,NonLethal,NightNoStreetLight,No,NoIntersection,Normal,NoCollision,10,Monday,2,False,True
201800038897,NonLethal,Daylight,Yes,NoIntersection,Normal,NoCollision,3,Thursday,8,False,False
201800029389,NonLethal,Daylight,Yes,T-type,Normal,Other,5,Friday,16,False,False
201800028394,NonLethal,NightStreelightsOn,Yes,T-type,Normal,2Vehicles-Side,4,Thursday,22,False,False
201800011625,NonLethal,NightStreelightsOn,Yes,Roundabout,Overcast,NoCollision,3,Friday,22,False,False
201800020654,NonLethal,Daylight,Yes,NoIntersection,Normal,2Vehicles-Behind,3,Monday,14,False,False
201800026889,NonLethal,Daylight,Yes,NoIntersection,Normal,3+Vehicles-Chain,8,Tuesday,13,False,False
201800024139,NonLethal,Daylight,No,X-type,Normal,2Vehicles-Side,10,Sunday,14,True,False
201800016551,NonLethal,NightStreelightsOn,Yes,T-type,Normal,2Vehicles-Side,9,Thursday,19,False,False
201800030297,NonLethal,NightStreelightsOn,Yes,Other,LightRain,Other,4,Saturday,21,True,False
201800002171,NonLethal,Daylight,Yes,Roundabout,Normal,3+Vehicles-Multiple,9,Friday,11,False,False
201800014922,Lethal,Daylight,No,NoIntersection,Normal,2Vehicles-BehindVehicles-Frontal,5,Saturday,15,True,False
201800056136,NonLethal,Daylight,No,Y-type,Normal,2Vehicles-Side,9,Saturday,9,True,False
201800014191,NonLethal,NightNoStreetLight,No,NoIntersection,LightRain,Other,12,Saturday,23,True,False
201800037793,NonLethal,Daylight,Yes,NoIntersection,Normal,2Vehicles-BehindVehicles-Frontal,4,Tuesday,9,False,False
201800043645,NonLethal,Daylight,Yes,NoIntersection,Normal,2Vehicles-Side,3,Wednesday,14,False,False
201800027390,NonLethal,Daylight,Yes,NoIntersection,LightRain,2Vehicles-Side,8,Monday,13,False,False
201800029999,NonLethal,Daylight,No,Roundabout,Normal,Other,8,Friday,16,False,False
201800048237,NonLethal,NightStreelightsOff,Yes,NoIntersection,LightRain,2Vehicles-Behind,5,Thursday,3,False,True
201800046420,NonLethal,NightNoStreetLight,No,NoIntersection,Normal,3+Vehicles-Chain,2,Wednesday,22,False,False
201800038727,NonLethal,Daylight,Yes,Other,Normal,2Vehicles-Side,11,Tuesday,11,False,False
201800012050,NonLethal,Daylight,No,NoIntersection,Normal,2Vehicles-BehindVehicles-Frontal,10,Saturday,15,True,False
201800031317,NonLethal,Daylight,Yes,X-type,Normal,2Vehicles-Side,10,Monday,10,False,False
201800000085,NonLethal,Daylight,No,NoIntersection,LightRain,Other,5,Sunday,18,True,False
201800035975,NonLethal,Daylight,No,NoIntersection,Normal,2Vehicles-BehindVehicles-Frontal,1,Saturday,13,True,False
201800022389,NonLethal,NightStreelightsOn,Yes,NoIntersection,Normal,NoCollision,9,Friday,21,False,False
201800014929,NonLethal,Daylight,No,NoIntersection,Normal,2Vehicles-BehindVehicles-Frontal,7,Saturday,20,True,False
201800034265,NonLethal,TwilightOrDawn,Yes,X-type,Normal,Other,11,Thursday,17,False,False
201800000878,Lethal,NightNoStreetLight,No,NoIntersection,Normal,Other,10,Saturday,22,True,False
201800054686,NonLethal,Daylight,Yes,NoIntersection,Normal,Other,4,Sunday,14,True,False
201800042561,NonLethal,Daylight,Yes,NoIntersection,Normal,Other,9,Sunday,12,True,False
201800000209,NonLethal,Daylight,Yes,Roundabout,Normal,2Vehicles-Behind,2,Sunday,17,True,False
201800038534,NonLethal,NightStreelightsOn,Yes,NoIntersection,Normal,2Vehicles-Side,1,Friday,21,False,False
201800004458,NonLethal,NightNoStreetLight,No,NoIntersection,Overcast,Other,5,Tuesday,5,False,True
201800046385,NonLethal,Daylight,No,NoIntersection,Normal,2Vehicles-Side,1,Monday,16,False,False
201800036536,NonLethal,Daylight,No,NoIntersection,Normal,3+Vehicles-Chain,5,Friday,12,False,False
201800054572,NonLethal,Daylight,Yes,X-type,Normal,2Vehicles-Side,10,Wednesday,10,False,False
201800019298,Lethal,NightNoStreetLight,No,NoIntersection,Normal,NoCollision,12,Saturday,4,True,True
201800025804,NonLethal,Daylight,Yes,NoIntersection,Normal,2Vehicles-Side,6,Tuesday,15,False,False
201800031242,NonLethal,Daylight,Yes,NoIntersection,Normal,2Vehicles-Side,5,Wednesday,11,False,False
201800053689,NonLethal,Daylight,Yes,NoIntersection,Normal,2Vehicles-Side,1,Tuesday,17,False,False
201800039916,NonLethal,NightStreelightsOn,Yes,T-type,Normal,2Vehicles-BehindVehicles-Frontal,10,Tuesday,21,False,False
201800020874,NonLethal,Daylight,Yes,T-type,Normal,2Vehicles-Side,9,Tuesday,18,False,False
201800030838,NonLethal,NightStreelightsOn,Yes,Other,Normal,2Vehicles-BehindVehicles-Frontal,7,Friday,22,False,False
201800035339,NonLethal,Daylight,Yes,NoIntersection,Normal,Other,2,Tuesday,13,False,False
201800033486,NonLethal,Daylight,Yes,NoIntersection,Normal,2Vehicles-Side,8,Monday,6,False,True
201800003844,Lethal,Daylight,No,NoIntersection,Normal,2Vehicles-Behind,4,Wednesday,12,False,False
201800056673,NonLethal,Daylight,No,NoIntersection,Normal,Other,1,Monday,6,False,True
201800043976,NonLethal,Daylight,No,NoIntersection,Normal,2Vehicles-Behind,5,Sunday,15,True,False
201800056272,NonLethal,NightStreelightsOn,Yes,NoIntersection,Normal,3+Vehicles-Chain,11,Tuesday,19,False,False
201800008672,NonLethal,Daylight,Yes,NoIntersection,Overcast,2Vehicles-Behind,2,Thursday,13,False,False
201800057286,NonLethal,NightStreelightsOff,Yes,T-type,Normal,Other,5,Wednesday,20,False,False
201800039673,NonLethal,Daylight,No,NoIntersection,LightRain,2Vehicles-Side,11,Tuesday,9,False,False
201800024170,NonLethal,Daylight,Yes,NoIntersection,Normal,Other,2,Monday,12,False,False
201800057411,NonLethal,Daylight,No,NoIntersection,Normal,2Vehicles-Behind,2,Wednesday,11,False,False
201800010563,NonLethal,Daylight,Yes,Roundabout,Normal,2Vehicles-BehindVehicles-Frontal,9,Saturday,15,True,False
201800005382,NonLethal,Daylight,No,NoIntersection,Normal,2Vehicles-Side,5,Sunday,10,True,False
201800003713,NonLethal,NightStreelightsOn,No,NoIntersection,HeavyRain,Other,4,Friday,3,False,True
201800029083,NonLethal,Daylight,No,NoIntersection,Overcast,Other,1,Wednesday,11,False,False
201800045107,NonLethal,Daylight,No,NoIntersection,Normal,2Vehicles-Behind,7,Saturday,18,True,False
201800010142,NonLethal,NightStreelightsOn,Yes,T-type,Normal,2Vehicles-Side,4,Thursday,17,False,False
201800032773,NonLethal,Daylight,No,NoIntersection,Normal,Other,5,Tuesday,16,False,False
201800011971,NonLethal,NightNoStreetLight,No,NoIntersection,Normal,Other,9,Thursday,7,False,False
201800031026,NonLethal,Daylight,Yes,NoIntersection,Normal,Other,7,Saturday,11,True,False
201800056787,NonLethal,Daylight,No,NoIntersection,LightRain,2Vehicles-Side,12,Monday,7,False,False
201800055165,NonLethal,Daylight,Yes,T-type,Normal,Other,10,Saturday,17,True,False
201800032421,NonLethal,Daylight,Yes,Other,Normal,Other,10,Thursday,16,False,False
201800057581,NonLethal,Daylight,Yes,NoIntersection,Normal,2Vehicles-BehindVehicles-Frontal,2,Saturday,13,True,False
201800029979,Lethal,NightNoStreetLight,No,NoIntersection,Normal,Other,1,Friday,2,False,True
201800033418,NonLethal,Daylight,Yes,NoIntersection,VeryGood,Other,1,Wednesday,9,False,False
201800046671,NonLethal,Daylight,No,NoIntersection,Normal,2Vehicles-Behind,6,Wednesday,8,False,False
201800005718,NonLethal,Daylight,Yes,NoIntersection,VeryGood,2Vehicles-Side,7,Friday,13,False,False
201800051974,NonLethal,NightStreelightsOn,Yes,Y-type,Normal,2Vehicles-Side,3,Tuesday,23,False,False
201800033253,NonLethal,Daylight,Yes,X-type,Normal,2Vehicles-Side,3,Sunday,10,True,False
201800020835,NonLethal,Daylight,Yes,NoIntersection,Normal,Other,5,Tuesday,17,False,False
201800047250,NonLethal,Daylight,Yes,NoIntersection,Normal,3+Vehicles-Chain,8,Wednesday,13,False,False
201800024844,NonLethal,Daylight,Yes,NoIntersection,Normal,Other,7,Monday,11,False,False
201800011882,NonLethal,Daylight,No,NoIntersection,HeavyRain,Other,1,Monday,10,False,False
201800029913,NonLethal,Daylight,No,NoIntersection,HeavyRain,2Vehicles-BehindVehicles-Frontal,11,Tuesday,8,False,False
201800040700,NonLethal,Daylight,Yes,X-type,Normal,2Vehicles-Side,8,Saturday,16,True,False
201800022919,NonLethal,Daylight,Yes,NoIntersection,LightRain,Other,5,Wednesday,11,False,False
201800019593,NonLethal,Daylight,Yes,NoIntersection,Normal,2Vehicles-Behind,1,Friday,12,False,False
201800033907,NonLethal,NightStreelightsOn,Yes,X-type,Normal,Other,12,Thursday,17,False,False
201800015566,NonLethal,Daylight,No,NoIntersection,Normal,Other,11,Saturday,11,True,False
201800021084,NonLethal,NightStreelightsOn,Yes,X-type,Normal,Other,8,Friday,21,False,False
201800023754,NonLethal,Daylight,Yes,Roundabout,Normal,NoCollision,7,Friday,7,False,False
201800001199,NonLethal,NightNoStreetLight,No,NoIntersection,Normal,Other,6,Sunday,1,True,True
201800039704,NonLethal,NightStreelightsOn,Yes,NoIntersection,Overcast,2Vehicles-BehindVehicles-Frontal,3,Friday,19,False,False
201800028174,NonLethal,NightStreelightsOn,Yes,Other,Normal,2Vehicles-Side,11,Thursday,7,False,False
201800050521,NonLethal,Daylight,Yes,NoIntersection,LightRain,2Vehicles-Side,1,Thursday,10,False,False
201800036243,NonLethal,TwilightOrDawn,No,NoIntersection,Normal,3+Vehicles-Multiple,11,Friday,8,False,False
201800049977,NonLethal,NightNoStreetLight,No,NoIntersection,Normal,3+Vehicles-Chain,8,Wednesday,20,False,False
201800026983,NonLethal,Daylight,Yes,X-type,Normal,2Vehicles-Side,5,Friday,7,False,False
201800009113,Lethal,Daylight,Yes,NoIntersection,Normal,Other,6,Monday,14,False,False
201800008946,NonLethal,Daylight,Yes,NoIntersection,Normal,2Vehicles-Side,2,Monday,12,False,False
201800008426,NonLethal,Daylight,Yes,Other,Normal,2Vehicles-Behind,1,Monday,15,False,False
201800020847,NonLethal,Daylight,No,NoIntersection,Normal,3+Vehicles-Chain,6,Tuesday,9,False,False
201800034249,NonLethal,Daylight,Yes,Roundabout,Normal,2Vehicles-Side,10,Thursday,9,False,False
201800018202,NonLethal,Daylight,No,NoIntersection,Normal,2Vehicles-Side,1,Friday,14,False,False
201800047685,NonLethal,Daylight,Yes,NoIntersection,Normal,Other,9,Thursday,11,False,False
201800021598,NonLethal,Daylight,Yes,NoIntersection,HeavyRain,2Vehicles-Side,5,Tuesday,18,False,False
201800032806,NonLethal,Daylight,No,T-type,Normal,2Vehicles-BehindVehicles-Frontal,6,Monday,8,False,False
201800003399,NonLethal,NightNoStreetLight,No,NoIntersection,Normal,2Vehicles-Behind,8,Saturday,4,True,True
201800038035,NonLethal,NightStreelightsOn,Yes,NoIntersection,Normal,Other,6,Friday,0,False,True
201800015368,NonLethal,TwilightOrDawn,No,NoIntersection,LightRain,2Vehicles-BehindVehicles-Frontal,5,Friday,17,False,False
201800039241,NonLethal,Daylight,Yes,NoIntersection,Overcast,Other,4,Thursday,13,False,False
201800052880,NonLethal,NightStreelightsOn,Yes,X-type,Overcast,2Vehicles-Side,11,Saturday,7,True,False
201800048759,NonLethal,NightStreelightsOn,Yes,T-type,Overcast,2Vehicles-Side,12,Monday,23,False,False