AccidentId,Gravity,Light,InAgglomeration,IntersectionType,Weather,CollisionType,Month,DayOfWeek,HourOfDay,IsWeekend,IsNight
201800023614,NonLethal,Daylight,Yes,NoIntersection,Normal,2Vehicles-BehindVehicles-Frontal,8,Wednesday,12,False,False
201800031501,NonLethal,Daylight,No,NoIntersection,Normal,2Vehicles-Behind,4,Tuesday,15,False,False
201800045250,NonLethal,Daylight,No,NoIntersection,Normal,2Vehicles-Behind,9,Friday,9,False,False
201800014715,NonLethal,TwilightOrDawn,Yes,Roundabout,Normal,NoCollision,10,Monday,8,False,False
201800006684,NonLethal,Daylight,No,NoIntersection,Normal,3+Vehicles-Chain,5,Monday,16,False,False
201800057130,NonLethal,Daylight,Yes,NoIntersection,Normal,2Vehicles-Side,12,Monday,7,False,False
201800037576,NonLethal,Daylight,Yes,NoIntersection,Normal,2Vehicles-Side,2,Friday,9,False,False
201800016734,NonLethal,NightNoStreetLight,No,NoIntersection,LightRain,Other,9,Wednesday,17,False,False
201800012852,NonLethal,Daylight,Yes,X-type,Normal,2Vehicles-Side,7,Friday,11,False,False
201800023053,NonLethal,Daylight,No,NoIntersection,Normal,2Vehicles-Side,2,Monday,9,False,False
201800015694,Lethal,Daylight,No,NoIntersection,VeryGood,2Vehicles-BehindVehicles-Frontal,8,Wednesday,19,False,False
201800009570,NonLethal,NightStreelightsOn,Yes,NoIntersection,Normal,Other,8,Thursday,1,False,True
201800032451,NonLethal,TwilightOrDawn,No,NoIntersection,Normal,NoCollision,5,Thursday,20,False,False
201800050328,NonLethal,Daylight,Yes,X-type,Normal,Other,10,Saturday,16,True,False
201800019246,Lethal,Daylight,Yes,Other,Normal,2Vehicles-BehindVehicles-Frontal,6,Sunday,18,True,False
201800016206,NonLethal,Daylight,Yes,Roundabout,Normal,2Vehicles-BehindVehicles-Frontal,5,Tuesday,17,False,False
201800002041,NonLethal,Daylight,Yes,NoIntersection,Normal,2Vehicles-BehindVehicles-Frontal,9,Friday,16,False,False
201800046577,NonLethal,Daylight,No,NoIntersection,Normal,2Vehicles-Behind,5,Tuesday,12,False,False
201800012044,NonLethal,Daylight,No,NoIntersection,Normal,NoCollision,9,Thursday,19,False,False
201800019709,NonLethal,Daylight,Yes,T-type,Normal,NoCollision,8,Sunday,14,True,False
201800049287,NonLethal,Daylight,No,NoIntersection,Normal,2Vehicles-Behind,6,Sunday,13,True,False
201800020449,NonLethal,Daylight,No,NoIntersection,Normal,Other,7,Tuesday,7,False,False
201800056283,NonLethal,NightStreelightsOn,Yes,NoIntersection,LightRain,Other,1,Sunday,4,True,True
201800008815,NonLethal,NightStreelightsOn,Yes,T-type,Normal,2Vehicles-Behind,6,Monday,22,False,False
201800001586,NonLethal,Daylight,Yes,Roundabout,Normal,Other,8,Friday,9,False,False
201800023139,NonLethal,NightNoStreetLight,Yes,NoIntersection,Normal,Other,1,Sunday,3,True,True
201800006691,Lethal,Daylight,No,NoIntersection,Normal,2Vehicles-BehindVehicles-Frontal,3,Monday,12,False,False
201800039591,NonLethal,Daylight,Yes,Roundabout,LightRain,Other,11,Saturday,8,True,False
201800026393,NonLethal,Daylight,Yes,NoIntersection,Normal,Other,7,Thursday,10,False,False
201800025560,NonLethal,NightStreelightsOn,Yes,T-type,Normal,2Vehicles-Side,10,Friday,22,False,False
201800017629,NonLethal,NightStreelightsOn,Yes,T-type,Normal,2Vehicles-Side,4,Friday,21,False,False
201800024174,NonLethal,Daylight,No,NoIntersection,Normal,3+Vehicles-Multiple,7,Monday,14,False,False
201800001043,NonLethal,Daylight,No,NoIntersection,Normal,Other,5,Friday,13,False,False
201800048584,NonLethal,NightStreelightsOn,Yes,X-type,LightRain,2Vehicles-Side,7,Tuesday,3,False,True
201800052726,NonLethal,Daylight,Yes,NoIntersection,Normal,2Vehicles-Side,5,Friday,21,False,False
201800025735,NonLethal,Daylight,Yes,X-type,Normal,2Vehicles-Side,8,Wednesday,8,False,False
201800038689,NonLethal,Daylight,Yes,NoIntersection,Normal,2Vehicles-Side,4,Saturday,12,True,False
201800019344,NonLethal,NightStreelightsOn,Yes,NoIntersection,Overcast,2Vehicles-Side,5,Saturday,18,True,False
201800043964,NonLethal,Daylight,No,NoIntersection,Normal,2Vehicles-Side,5,Wednesday,13,False,False
201800002571,Lethal,Daylight,No,NoIntersection,Normal,2Vehicles-Side,8,Monday,15,False,False
201800038032,NonLethal,NightStreelightsOn,Yes,NoIntersection,LightRain,2Vehicles-Behind,1,Saturday,21,True,False
201800024148,NonLethal,Daylight,No,NoIntersection,Normal,2Vehicles-BehindVehicles-Frontal,2,Thursday,13,False,False
201800005411,NonLethal,Daylight,Yes,Other,Normal,2Vehicles-BehindVehicles-Frontal,6,Wednesday,16,False,False
201800034213,NonLethal,Daylight,Yes,Roundabout,LightRain,2Vehicles-Side,3,Tuesday,17,False,False
201800018688,NonLethal,Daylight,No,NoIntersection,LightRain,2Vehicles-BehindVehicles-Frontal,3,Thursday,7,False,False
201800014340,NonLethal,Daylight,No,NoIntersection,Normal,2Vehicles-Behind,3,Friday,14,False,False
201800004518,NonLethal,Daylight,Yes,Roundabout,LightRain,2Vehicles-Side,10,Sunday,13,True,False
201800028104,NonLethal,Daylight,Yes,T-type,VeryGood,Other,9,Wednesday,9,False,False
201800013750,NonLethal,Daylight,Yes,T-type,Normal,2Vehicles-Side,9,Wednesday,18,False,False
201800051704,NonLethal,Daylight,Yes,NoIntersection,Normal,2Vehicles-Side,4,Friday,14,False,False
201800014537,Lethal,TwilightOrDawn,No,NoIntersection,Normal,Other,11,Tuesday,17,False,False
201800039741,NonLethal,Daylight,Yes,NoIntersection,VeryGood,Other,9,Tuesday,17,False,False
201800013793,NonLethal,Daylight,No,NoIntersection,Normal,3+Vehicles-Multiple,6,Wednesday,16,False,False
201800000169,NonLethal,Daylight,No,NoIntersection,Normal,2Vehicles-Behind,2,Friday,16,False,False
201800012875,NonLethal,Daylight,No,NoIntersection,LightRain,2Vehicles-BehindVehicles-Frontal,3,Monday,18,False,False
201800011069,NonLethal,NightStreelightsOn,Yes,Other,Normal,Other,6,Sunday,4,True,True
201800016615,NonLethal,Daylight,Yes,NoIntersection,Normal,NoCollision,8,Thursday,9,False,False
201800018231,NonLethal,Daylight,No,NoIntersection,Normal,Other,7,Thursday,14,False,False
201800053558,NonLethal,Daylight,Yes,X-type,Normal,Other,10,Saturday,16,True,False
201800016325,NonLethal,NightNoStreetLight,No,NoIntersection,Normal,2Vehicles-BehindVehicles-Frontal,1,Monday,17,False,False
201800032040,NonLethal,NightStreelightsOn,Yes,NoIntersection,Normal,2Vehicles-Side,12,Saturday,20,True,False
201800009448,NonLethal,TwilightOrDawn,Yes,X-type,Normal,2Vehicles-Side,7,Monday,7,False,False
201800051662,NonLethal,NightStreelightsOn,Yes,X-type,Normal,Other,2,Friday,21,False,False
201800029507,NonLethal,Daylight,Yes,NoIntersection,Normal,Other,5,Monday,17,False,False
201800007875,NonLethal,Daylight,No,NoIntersection,Normal,NoCollision,12,Tuesday,17,False,False
201800049597,NonLethal,NightNoStreetLight,No,NoIntersection,Normal,3+Vehicles-Multiple,9,Friday,21,False,False
201800010166,NonLethal,TwilightOrDawn,Yes,Other,Normal,2Vehicles-Side,11,Monday,7,False,False
201800048728,NonLethal,NightStreelightsOn,Yes,T-type,Normal,2Vehicles-Side,12,Saturday,21,True,False
201800001894,NonLethal,NightNoStreetLight,No,NoIntersection,LightRain,2Vehicles-BehindVehicles-Frontal,12,Saturday,19,True,False
201800003233,Lethal,NightStreelightsOff,No,NoIntersection,LightRain,Other,4,Saturday,2,True,True
201800004090,Lethal,NightNoStreetLight,No,NoIntersection,Normal,Other,12,Monday,19,False,False
201800004427,NonLethal,Daylight,Yes,NoIntersection,Overcast,Other,9,Saturday,12,True,False
201800026844,NonLethal,Daylight,Yes,NoIntersection,Normal,2Vehicles-Behind,6,Thursday,17,False,False
201800052324,NonLethal,NightStreelightsOn,Yes,T-type,Normal,Other,1,Saturday,19,True,False
201800029432,NonLethal,NightNoStreetLight,No,NoIntersection,LightRain,Other,10,Monday,5,False,True
201800042199,NonLethal,Daylight,Yes,T-type,Normal,2Vehicles-Side,6,Friday,12,False,False
201800045137,NonLethal,Daylight,No,NoIntersection,Normal,2Vehicles-Behind,8,Tuesday,14,False,False
201800005910,NonLethal,NightNoStreetLight,Yes,NoIntersection,Normal,Other,1,Tuesday,20,False,False
201800041732,NonLethal,Daylight,Yes,NoIntersection,LightRain,Other,3,Friday,17,False,False
201800023406,NonLethal,NightNoStreetLight,Yes,NoIntersection,Normal,2Vehicles-BehindVehicles-Frontal,12,Tuesday,19,False,False
201800019234,NonLethal,Daylight,Yes,Roundabout,Normal,2Vehicles-Behind,2,Friday,16,False,False
201800025364,NonLethal,Daylight,Yes,T-type,Normal,NoCollision,4,Friday,17,False,False
201800020958,NonLethal,NightStreelightsOn,Yes,NoIntersection,Normal,Other,2,Sunday,3,True,True
201800049858,NonLethal,Daylight,No,NoIntersection,Normal,2Vehicles-Behind,5,Monday,18,False,False
201800040692,NonLethal,Daylight,Yes,T-type,Normal,2Vehicles-Behind,7,Friday,9,False,False
201800012782,NonLethal,NightNoStreetLight,Yes,NoIntersection,Normal,2Vehicles-BehindVehicles-Frontal,10,Wednesday,21,False,False
201800002415,NonLethal,Daylight,Yes,Roundabout,Normal,2Vehicles-Side,7,Tuesday,19,False,False
201800038735,NonLethal,NightStreelightsOn,Yes,X-type,Normal,Other,12,Tuesday,18,False,False
201800003428,NonLethal,NightNoStreetLight,No,NoIntersection,FogOrSmoke,Other,12,Sunday,3,True,True
201800007147,NonLethal,NightStreelightsOn,Yes,NoIntersection,Normal,2Vehicles-Behind,1,Tuesday,1,False,True
201800035949,NonLethal,Daylight,Yes,NoIntersection,LightRain,2Vehicles-Side,10,Wednesday,8,False,False
201800005742,NonLethal,Daylight,Yes,NoIntersection,Normal,2Vehicles-BehindVehicles-Frontal,7,Saturday,9,True,False
201800054638,NonLethal,NightStreelightsOn,Yes,T-type,LightRain,Other,5,Tuesday,5,False,True
201800036553,NonLethal,Daylight,Yes,NoIntersection,Normal,Other,9,Sunday,14,True,False
201800023958,NonLethal,Daylight,Yes,NoIntersection,Normal,Other,7,Thursday,19,False,False
201800035760,NonLethal,TwilightOrDawn,Yes,NoIntersection,Normal,2Vehicles-BehindVehicles-Frontal,12,Tuesday,18,False,False
201800025400,NonLethal,TwilightOrDawn,Yes,NoIntersection,Normal,NoCollision,6,Saturday,6,True,True
201800033068,NonLethal,Daylight,No,NoIntersection,Normal,Other,4,Friday,17,False,False
201800047514,NonLethal,Daylight,Yes,X-type,Normal,2Vehicles-BehindVehicles-Frontal,5,Friday,6,False,True
201800039438,NonLethal,TwilightOrDawn,Yes,X-type,Overcast,2Vehicles-Side,7,Wednesday,17,False,False
201800027659,NonLethal,NightStreelightsOn,Yes,NoIntersection,FogOrSmoke,2Vehicles-Side,11,Thursday,7,False,False
201800002025,NonLethal,Daylight,No,X-type,LightRain,3+Vehicles-Chain,11,Friday,8,False,False
201800054034,NonLethal,Daylight,Yes,NoIntersection,Normal,Other,3,Thursday,14,False,False
201800015351,NonLethal,Daylight,Yes,X-type,Normal,2Vehicles-Side,2,Friday,13,False,False
201800006028,NonLethal,NightNoStreetLight,No,NoIntersection,LightRain,2Vehicles-Side,11,Saturday,3,True,True
201800027395,NonLethal,NightStreelightsOn,Yes,NoIntersection,Normal,NoCollision,8,Thursday,22,False,False
201800012329,NonLethal,Daylight,No,NoIntersection,Normal,Other,7,Friday,10,False,False
201800019097,NonLethal,Daylight,No,NoIntersection,Normal,Other,6,Thursday,13,False,False
201800016281,NonLethal,Daylight,Yes,Y-type,Normal,Other,9,Saturday,17,True,False
201800009709,Lethal,NightStreelightsOn,Yes,NoIntersection,Normal,Other,9,Thursday,20,False,False
201800051182,NonLethal,Daylight,Yes,Square,Normal,Other,9,Wednesday,13,False,False
201800048205,NonLethal,Daylight,Yes,T-type,Normal,2Vehicles-Side,4,Thursday,17,False,False
201800005859,NonLethal,NightStreelightsOn,No,NoIntersection,Normal,2Vehicles-Behind,3,Monday,20,False,False
201800028713,NonLethal,Daylight,Yes,NoIntersection,Normal,2Vehicles-Behind,4,Wednesday,14,False,False
201800020410,NonLethal,NightNoStreetLight,No,NoIntersection,Normal,2Vehicles-BehindVehicles-Frontal,3,Saturday,19,True,False
201800032654,NonLethal,TwilightOrDawn,Yes,T-type,Overcast,Other,11,Thursday,16,False,False
201800033571,NonLethal,Daylight,No,NoIntersection,Normal,Other,10,Tuesday,12,False,False
201800014632,NonLethal,NightNoStreetLight,Yes,NoIntersection,Normal,NoCollision,2,Thursday,23,False,False
201800013632,NonLethal,Daylight,No,X-type,Normal,2Vehicles-Side,7,Saturday,11,True,False
201800014942,NonLethal,NightNoStreetLight,Yes,NoIntersection,FogOrSmoke,Other,6,Monday,20,False,False
201800001666,Lethal,NightNoStreetLight,No,NoIntersection,LightRain,Other,1,Sunday,1,True,True
201800030127,NonLethal,Daylight,Yes,NoIntersection,Normal,Other,10,Friday,12,False,False
201800050867,NonLethal,NightStreelightsOn,Yes,T-type,Normal,2Vehicles-Side,4,Tuesday,1,False,True
201800047594,NonLethal,NightNoStreetLight,Yes,T-type,Normal,2Vehicles-Side,7,Wednesday,22,False,False
201800026068,NonLethal,TwilightOrDawn,No,NoIntersection,Normal,3+Vehicles-Multiple,6,Friday,17,False,False
201800027716,NonLethal,Daylight,Yes,NoIntersection,Normal,Other,4,Monday,16,False,False
201800002333,NonLethal,Daylight,Yes,NoIntersection,Normal,Other,4,Thursday,17,False,False
201800010713,NonLethal,Daylight,No,NoIntersection,Normal,2Vehicles-BehindVehicles-Frontal,6,Wednesday,6,False,True
201800003952,NonLethal,Daylight,Yes,NoIntersection,Normal,Other,2,Thursday,11,False,False
201800053987,NonLethal,NightStreelightsOn,Yes,NoIntersection,Normal,Other,1,Friday,1,False,True
201800050824,NonLethal,NightStreelightsOn,Yes,Y-type,LightRain,Other,1,Sunday,18,True,False
201800020647,NonLethal,Daylight,No,X-type,Normal,2Vehicles-BehindVehicles-Frontal,7,Thursday,20,False,False
201800005694,NonLethal,Daylight,Yes,NoIntersection,Normal,2Vehicles-BehindVehicles-Frontal,6,Wednesday,7,False,False
201800016383,NonLethal,Daylight,No,NoIntersection,LightRain,2Vehicles-BehindVehicles-Frontal,2,Sunday,11,True,False
201800022976,NonLethal,Daylight,Yes,NoIntersection,Normal,Other,3,Wednesday,13,False,False
201800039485,NonLethal,Daylight,Yes,NoIntersection,Normal,2Vehicles-Behind,5,Wednesday,16,False,False
201800003084,NonLethal,Daylight,Yes,Y-type,Normal,2Vehicles-Side,6,Saturday,10,True,False
201800031928,NonLethal,Daylight,Yes,T-type,Normal,2Vehicles-Side,9,Thursday,7,False,False
201800013729,NonLethal,Daylight,No,NoIntersection,Normal,NoCollision,8,Monday,12,False,False
201800029288,NonLethal,NightStreelightsOn,Yes,NoIntersection,FogOrSmoke,2Vehicles-BehindVehicles-Frontal,11,Thursday,17,False,False
201800010750,Lethal,Daylight,Yes,T-type,Normal,Other,2,Wednesday,13,False,False
201800044779,NonLethal,Daylight,No,NoIntersection,Normal,2Vehicles-Behind,4,Monday,16,False,False
201800052256,NonLethal,Daylight,Yes,T-type,Normal,2Vehicles-Side,11,Saturday,13,True,False
201800015208,NonLethal,Daylight,No,NoIntersection,HeavyRain,NoCollision,4,Sunday,10,True,False
201800021389,NonLethal,Daylight,Yes,T-type,SnowOrHail,2Vehicles-Side,2,Monday,16,False,False
201800018891,NonLethal,Daylight,No,NoIntersection,Normal,2Vehicles-Behind,4,Friday,17,False,False
201800037734,NonLethal,Daylight,Yes,Roundabout,Normal,2Vehicles-Side,10,Friday,14,False,False
201800013187,NonLethal,NightStreelightsOn,Yes,NoIntersection,Normal,Other,3,Thursday,19,False,False
201800009606,NonLethal,Daylight,Yes,NoIntersection,Normal,2Vehicles-Side,8,Wednesday,8,False,False
201800029618,NonLethal,NightStreelightsOn,Yes,NoIntersection,LightRain,Other,10,Wednesday,18,False,False
201800043488,NonLethal,Daylight,Yes,Roundabout,Normal,Other,7,Sunday,6,True,True
201800041206,NonLethal,Daylight,Yes,X-type,Normal,2Vehicles-Side,3,Thursday,11,False,False
201800022464,NonLethal,Daylight,Yes,NoIntersection,Normal,Other,12,Tuesday,15,False,False
201800049299,NonLethal,NightStreelightsOn,No,NoIntersection,Normal,NoCollision,1,Monday,6,False,True
201800056174,Lethal,NightStreelightsOn,No,NoIntersection,Normal,NoCollision,11,Saturday,4,True,True
201800027258,NonLethal,Daylight,No,NoIntersection,Normal,Other,4,Saturday,10,True,False
201800043040,NonLethal,NightStreelightsOn,Yes,NoIntersection,Normal,2Vehicles-Behind,8,Sunday,0,True,True
201800011795,NonLethal,Daylight,Yes,NoIntersection,Normal,Other,6,Wednesday,10,False,False
201800019278,NonLethal,TwilightOrDawn,No,NoIntersection,Normal,2Vehicles-BehindVehicles-Frontal,9,Friday,7,False,False
201800015232,NonLethal,NightNoStreetLight,Yes,NoIntersection,Normal,Other,1,Saturday,19,True,False
201800047552,NonLethal,Daylight,Yes,Square,Normal,Other,6,Sunday,8,True,False
201800009412,NonLethal,Daylight,Yes,T-type,Normal,2Vehicles-Side,7,Saturday,18,True,False
201800048346,NonLethal,Daylight,Yes,X-type,Normal,2Vehicles-Side,6,Tuesday,12,False,False
201800036902,NonLethal,Daylight,Yes,NoIntersection,Normal,2Vehicles-BehindVehicles-Frontal,4,Friday,15,False,False
201800054019,NonLethal,NightStreelightsOn,Yes,X-type,Normal,Other,2,Monday,18,False,False
201800006742,NonLethal,TwilightOrDawn,No,NoIntersection,Normal,Other,4,Wednesday,7,False,False
201800014187,NonLethal,Daylight,No,NoIntersection,Normal,NoCollision,5,Saturday,15,True,False
201800045568,NonLethal,NightNoStreetLight,No,NoIntersection,Normal,2Vehicles-Behind,12,Wednesday,21,False,False
201800047078,NonLethal,Daylight,No,NoIntersection,Normal,2Vehicles-Side,11,Wednesday,8,False,False
201800041681,NonLethal,TwilightOrDawn,Yes,Other,Normal,Other,8,Thursday,21,False,False
201800045644,NonLethal,NightNoStreetLight,No,NoIntersection,FogOrSmoke,3+Vehicles-Multiple,1,Thursday,17,False,False
201800049293,NonLethal,NightNoStreetLight,No,NoIntersection,Normal,2Vehicles-Side,11,Wednesday,18,False,False
201800040325,NonLethal,Daylight,Yes,X-type,VeryGood,Other,6,Sunday,19,True,False
201800042391,NonLethal,Daylight,Yes,T-type,Normal,2Vehicles-Side,10,Monday,17,False,False
201800034594,NonLethal,Daylight,Yes,NoIntersection,Normal,3+Vehicles-Multiple,3,Saturday,16,True,False
201800019275,NonLethal,Daylight,No,X-type,Normal,2Vehicles-Side,7,Thursday,14,False,False
201800009089,NonLethal,Daylight,Yes,NoIntersection,Normal,Other,5,Thursday,16,False,False
201800000179,NonLethal,TwilightOrDawn,No,X-type,Normal,2Vehicles-Side,8,Sunday,6,True,True
201800009224,NonLethal,NightStreelightsOn,Yes,NoIntersection,Normal,Other,6,Sunday,4,True,True
201800006011,NonLethal,NightNoStreetLight,No,NoIntersection,Overcast,3+Vehicles-Multiple,1,Thursday,21,False,False
201800039417,NonLethal,Daylight,Yes,T-type,Normal,2Vehicles-Side,8,Tuesday,18,False,False
201800054644,NonLethal,Daylight,Yes,X-type,Normal,2Vehicles-Side,1,Tuesday,13,False,False
201800006207,NonLethal,Daylight,Yes,NoIntersection,Normal,2Vehicles-BehindVehicles-Frontal,10,Tuesday,16,False,False
201800025379,NonLethal,Daylight,Yes,NoIntersection,Normal,2Vehicles-Side,12,Thursday,16,False,False
201800050630,NonLethal,Daylight,Yes,T-type,Normal,Other,12,Monday,13,False,False
201800049460,NonLethal,Daylight,No,Other,Normal,2Vehicles-Side,9,Tuesday,8,False,False
201800048239,NonLethal,NightStreelightsOn,Yes,X-type,Overcast,2Vehicles-Behind,5,Sunday,22,True,False
201800029881,NonLethal,Daylight,No,T-type,Normal,2Vehicles-BehindVehicles-Frontal,7,Sunday,11,True,False
201800021931,NonLethal,TwilightOrDawn,No,NoIntersection,Normal,2Vehicles-BehindVehicles-Frontal,5,Thursday,19,False,False
201800041792,NonLethal,Daylight,Yes,NoIntersection,Normal,NoCollision,9,Wednesday,17,False,False
201800055234,NonLethal,Daylight,Yes,NoIntersection,Normal,Other,1,Friday,15,False,False
201800039900,NonLethal,Daylight,Yes,T-type,Normal,2Vehicles-Side,7,Sunday,17,True,False
201800000147,NonLethal,Daylight,No,NoIntersection,Normal,NoCollision,8,Saturday,11,True,False
201800056010,NonLethal,Daylight,Yes,NoIntersection,Normal,2Vehicles-Side,1,Sunday,10,True,False
201800039964,NonLethal,NightStreelightsOn,Yes,T-type,Normal,2Vehicles-Side,5,Thursday,22,False,False
201800012263,NonLethal,Daylight,No,NoIntersection,Normal,Other,11,Wednesday,13,False,False
201800039806,NonLethal,Daylight,Yes,NoIntersection,Normal,Other,6,Saturday,16,True,False
201800041720,NonLethal,NightStreelightsOn,Yes,NoIntersection,SnowOrHail,Other,2,Friday,19,False,False
201800056349,NonLethal,NightNoStreetLight,No,Other,Normal,2Vehicles-Side,5,Friday,18,False,False
201800026670,NonLethal,Daylight,Yes,NoIntersection,Normal,Other,7,Tuesday,9,False,False
201800023291,NonLethal,NightStreelightsOff,No,NoIntersection,Normal,NoCollision,10,Saturday,5,True,True
201800028253,NonLethal,Daylight,No,NoIntersection,Normal,NoCollision,6,Saturday,15,True,False
201800010616,NonLethal,Daylight,Yes,NoIntersection,Normal,2Vehicles-Side,6,Wednesday,13,False,False
201800016015,NonLethal,Daylight,No,NoIntersection,Overcast,2Vehicles-BehindVehicles-Frontal,5,Monday,15,False,False
201800042523,NonLethal,NightStreelightsOn,Yes,X-type,LightRain,Other,11,Monday,20,False,False
201800001431,NonLethal,TwilightOrDawn,No,X-type,Normal,2Vehicles-Side,5,Monday,21,False,False
201800046672,NonLethal,Daylight,No,NoIntersection,Normal,3+Vehicles-Chain,6,Thursday,10,False,False
201800040795,NonLethal,Daylight,Yes,Other,Normal,Other,12,Thursday,11,False,False
201800050708,NonLethal,Daylight,Yes,X-type,Normal,Other,7,Monday,13,False,False
201800019410,NonLethal,NightStreelightsOn,Yes,NoIntersection,Normal,2Vehicles-Side,3,Thursday,19,False,False
201800050741,NonLethal,Daylight,Yes,X-type,Normal,Other,10,Wednesday,14,False,False
201800057023,NonLethal,NightStreelightsOn,Yes,NoIntersection,Normal,2Vehicles-Side,8,Wednesday,22,False,False
201800045203,NonLethal,Daylight,No,NoIntersection,Normal,NoCollision,9,Monday,12,False,False
201800023350,NonLethal,Daylight,Yes,Roundabout,Normal,2Vehicles-Side,11,Thursday,12,False,False
201800020550,NonLethal,Daylight,No,NoIntersection,Normal,Other,7,Thursday,17,False,False
201800041533,NonLethal,NightStreelightsOn,Yes,Y-type,LightRain,2Vehicles-BehindVehicles-Frontal,12,Sunday,21,True,False
201800002705,Lethal,Daylight,Yes,NoIntersection,Normal,2Vehicles-Side,11,Sunday,11,True,False
201800035421,NonLethal,NightStreelightsOn,Yes,Other,Normal,Other,12,Friday,6,False,True
201800013711,NonLethal,Daylight,Yes,NoIntersection,Normal,2Vehicles-Behind,2,Wednesday,12,False,False
201800038957,NonLethal,Daylight,Yes,T-type,Normal,2Vehicles-Side,9,Thursday,12,False,False
201800012745,NonLethal,Daylight,Yes,NoIntersection,VeryGood,Other,4,Tuesday,11,False,False
201800040872,NonLethal,Daylight,Yes,NoIntersection,Normal,Other,5,Wednesday,17,False,False
201800028889,NonLethal,Daylight,No,NoIntersection,Normal,3+Vehicles-Multiple,8,Wednesday,13,False,False
201800032953,NonLethal,NightStreelightsOn,Yes,NoIntersection,LightRain,NoCollision,3,Monday,17,False,False
201800049810,NonLethal,TwilightOrDawn,No,NoIntersection,Normal,3+Vehicles-Multiple,4,Monday,8,False,False
201800035263,NonLethal,NightNoStreetLight,No,X-type,FogOrSmoke,NoCollision,11,Saturday,20,True,False
201800048089,NonLethal,Daylight,Yes,NoIntersection,Normal,2Vehicles-Side,2,Wednesday,12,False,False
201800029020,Lethal,NightStreelightsOn,Yes,T-type,Normal,Other,4,Saturday,21,True,False
201800040844,NonLethal,Daylight,Yes,T-type,VeryGood,Other,4,Friday,8,False,False
201800041696,NonLethal,NightStreelightsOn,Yes,MoreThan4Branches,Normal,2Vehicles-Behind,4,Wednesday,19,False,False
201800022175,NonLethal,Daylight,No,NoIntersection,HeavyRain,NoCollision,6,Tuesday,10,False,False
201800042228,NonLethal,Daylight,Yes,NoIntersection,Normal,2Vehicles-Side,1,Wednesday,16,False,False
201800010891,NonLethal,Daylight,Yes,Y-type,LightRain,3+Vehicles-Multiple,10,Tuesday,17,False,False
201800013403,NonLethal,TwilightOrDawn,No,NoIntersection,LightRain,2Vehicles-BehindVehicles-Frontal,4,Sunday,20,True,False
201800021059,NonLethal,Daylight,No,NoIntersection,LightRain,2Vehicles-Side,12,Thursday,11,False,False
201800005108,NonLethal,Daylight,Yes,NoIntersection,Normal,2Vehicles-Side,2,Sunday,15,True,False
201800028877,NonLethal,Daylight,Yes,NoIntersection,Normal,2Vehicles-Behind,12,Wednesday,15,False,False
201800021197,NonLethal,Daylight,Yes,NoIntersection,Normal,Other,10,Wednesday,12,False,False
201800054431,NonLethal,Daylight,Yes,T-type,Normal,Other,5,Thursday,20,False,False
201800023994,NonLethal,Daylight,Yes,X-type,Normal,Other,9,Thursday,16,False,False
201800019885,NonLethal,Daylight,No,NoIntersection,HeavyRain,NoCollision,1,Monday,9,False,False
201800012539,NonLethal,Daylight,Yes,NoIntersection,Normal,2Vehicles-BehindVehicles-Frontal,7,Sunday,19,True,False
201800024911,NonLethal,Daylight,Yes,NoIntersection,Normal,Other,9,Tuesday,10,False,False
201800038327,NonLethal,Daylight,Yes,NoIntersection,Normal,Other,10,Friday,17,False,False
201800025384,NonLethal,Daylight,Yes,T-type,LightRain,2Vehicles-Side,6,Friday,8,False,False
201800051483,NonLethal,Daylight,Yes,NoIntersection,Normal,Other,4,Thursday,16,False,False
201800046537,NonLethal,Daylight,No,NoIntersection,Normal,2Vehicles-Behind,4,Sunday,17,True,False
201800038171,NonLethal,Daylight,Yes,NoIntersection,Normal,Other,12,Saturday,12,True,False
201800052440,NonLethal,Daylight,Yes,Y-type,Overcast,2Vehicles-Side,6,Wednesday,9,False,False
201800049193,NonLethal,NightNoStreetLight,No,NoIntersection,LightRain,Other,3,Sunday,22,True,False
201800055914,NonLethal,NightStreelightsOn,No,NoIntersection,Normal,2Vehicles-BehindVehicles-Frontal,4,Monday,21,False,False
201800047322,NonLethal,NightStreelightsOn,Yes,NoIntersection,LightRain,2Vehicles-Behind,1,Tuesday,7,False,False
201800041989,NonLethal,NightStreelightsOn,Yes,NoIntersection,Normal,Other,5,Tuesday,5,False,True
201800049376,NonLethal,TwilightOrDawn,No,NoIntersection,Normal,3+Vehicles-Chain,4,Thursday,7,False,False
201800037887,NonLethal,Daylight,Yes,NoIntersection,Normal,2Vehicles-Behind,3,Friday,13,False,False
201800040941,NonLethal,NightStreelightsOn,Yes,T-type,Normal,2Vehicles-Side,9,Friday,20,False,False
201800002063,NonLethal,Daylight,Yes,NoIntersection,Normal,Other,11,Wednesday,13,False,False
201800006899,NonLethal,Daylight,No,NoIntersection,HeavyRain,Other,11,Friday,8,False,False
201800052317,NonLethal,NightStreelightsOn,Yes,NoIntersection,LightRain,NoCollision,1,Saturday,23,True,False
201800022354,NonLethal,Daylight,Yes,T-type,Normal,2Vehicles-Side,6,Tuesday,19,False,False
201800034244,NonLethal,Daylight,Yes,Roundabout,Normal,2Vehicles-Behind,9,Monday,18,False,False
201800029392,NonLethal,Daylight,Yes,X-type,Normal,2Vehicles-Side,11,Friday,15,False,False