AccidentId,Gravity,Light,InAgglomeration,IntersectionType,Weather,CollisionType,Month,DayOfWeek,HourOfDay,IsWeekend,IsNight
201800053641,NonLethal,Daylight,Yes,Y-type,Normal,2Vehicles-Side,12,Tuesday,8,False,False
201800001419,Lethal,Daylight,No,NoIntersection,Normal,3+Vehicles-Multiple,3,Sunday,10,True,False
201800020849,NonLethal,Daylight,Yes,NoIntersection,Normal,Other,7,Monday,15,False,False
201800002269,NonLethal,Daylight,No,Y-type,Normal,2Vehicles-Side,8,Tuesday,19,False,False
201800041874,NonLethal,Daylight,Yes,X-type,Normal,Other,6,Sunday,10,True,False
201800052105,NonLethal,Daylight,Yes,NoIntersection,LightRain,2Vehicles-Side,7,Friday,8,False,False
201800027929,NonLethal,TwilightOrDawn,Yes,NoIntersection,Normal,3+Vehicles-Chain,1,Tuesday,7,False,False
201800019030,NonLethal,Daylight,No,NoIntersection,VeryGood,2Vehicles-Side,11,Monday,11,False,False
201800012563,NonLethal,NightNoStreetLight,No,NoIntersection,Overcast,Other,6,Wednesday,22,False,False
201800013809,NonLethal,NightStreelightsOn,Yes,NoIntersection,LightRain,NoCollision,4,Thursday,0,False,True
201800056476,NonLethal,Daylight,Yes,Roundabout,Normal,NoCollision,12,Thursday,17,False,False
201800044569,NonLethal,Daylight,No,NoIntersection,LightRain,2Vehicles-Side,1,Thursday,17,False,False
201800028917,NonLethal,Daylight,Yes,NoIntersection,Normal,Other,4,Monday,17,False,False
201800002240,NonLethal,Daylight,Yes,Roundabout,Normal,2Vehicles-Side,4,Wednesday,18,False,False
201800025796,NonLethal,Daylight,Yes,T-type,Normal,2Vehicles-BehindVehicles-Frontal,5,Tuesday,16,False,False
201800011691,Lethal,Daylight,No,X-type,Normal,2Vehicles-BehindVehicles-Frontal,5,Tuesday,11,False,False
201800043714,NonLethal,Daylight,Yes,NoIntersection,Normal,2Vehicles-Side,8,Wednesday,8,False,False
201800008799,NonLethal,NightStreelightsOn,Yes,NoIntersection,Normal,2Vehicles-Behind,4,Thursday,23,False,False
201800035376,NonLethal,Daylight,Yes,NoIntersection,Normal,Other,4,Sunday,17,True,False
201800039473,NonLethal,TwilightOrDawn,Yes,T-type,Normal,Other,4,Thursday,6,False,True
201800042300,NonLethal,Daylight,Yes,Roundabout,Normal,2Vehicles-Side,6,Thursday,14,False,False
201800032528,NonLethal,NightStreelightsOn,Yes,NoIntersection,Normal,2Vehicles-Side,8,Monday,22,False,False
201800013647,NonLethal,Daylight,No,X-type,Normal,2Vehicles-Behind,7,Monday,18,False,False
201800042698,NonLethal,NightStreelightsOn,Yes,X-type,Normal,3+Vehicles-Multiple,5,Thursday,20,False,False
201800011874,NonLethal,Daylight,No,X-type,Normal,2Vehicles-Side,8,Monday,16,False,False
201800005841,NonLethal,Daylight,Yes,NoIntersection,Normal,Other,11,Friday,8,False,False
201800055306,NonLethal,TwilightOrDawn,Yes,NoIntersection,LightRain,2Vehicles-Side,3,Thursday,19,False,False
201800042608,NonLethal,TwilightOrDawn,Yes,NoIntersection,LightRain,Other,11,Saturday,6,True,True
201800003562,NonLethal,Daylight,Yes,T-type,Normal,2Vehicles-Side,7,Thursday,9,False,False
201800021523,NonLethal,Daylight,No,NoIntersection,LightRain,Other,1,Saturday,9,True,False
201800041994,NonLethal,Daylight,Yes,NoIntersection,Normal,Other,5,Monday,13,False,False
201800020707,NonLethal,Daylight,Yes,T-type,LightRain,2Vehicles-Side,3,Saturday,11,True,False
201800052809,NonLethal,Daylight,No,NoIntersection,Normal,2Vehicles-Behind,8,Thursday,18,False,False
201800038007,NonLethal,NightStreelightsOn,No,NoIntersection,Normal,NoCollision,8,Wednesday,0,False,True
201800027050,NonLethal,NightNoStreetLight,No,NoIntersection,LightRain,2Vehicles-BehindVehicles-Frontal,3,Friday,6,False,True
201800007296,NonLethal,NightStreelightsOn,Yes,NoIntersection,Normal,NoCollision,4,Sunday,6,True,True
201800030596,NonLethal,Daylight,Yes,Roundabout,Normal,NoCollision,8,Monday,10,False,False
201800028150,NonLethal,Daylight,Yes,NoIntersection,Normal,2Vehicles-Behind,11,Monday,13,False,False
201800037294,NonLethal,NightStreelightsOff,Yes,Other,Normal,2Vehicles-BehindVehicles-Frontal,12,Sunday,7,True,False
201800021771,NonLethal,Daylight,No,NoIntersection,Normal,Other,7,Sunday,9,True,False
201800031103,NonLethal,Daylight,Yes,T-type,Normal,2Vehicles-Behind,8,Tuesday,11,False,False
201800002017,NonLethal,Daylight,Yes,X-type,Normal,2Vehicles-Side,4,Monday,11,False,False
201800020474,NonLethal,TwilightOrDawn,Yes,NoIntersection,Normal,2Vehicles-BehindVehicles-Frontal,11,Wednesday,19,False,False
201800020369,NonLethal,Daylight,No,NoIntersection,Normal,NoCollision,7,Wednesday,6,False,True
201800050885,NonLethal,Daylight,Yes,X-type,Normal,2Vehicles-Side,12,Thursday,14,False,False
201800005293,NonLethal,Daylight,Yes,NoIntersection,LightRain,Other,10,Sunday,9,True,False
201800030889,NonLethal,Daylight,Yes,NoIntersection,Normal,2Vehicles-Behind,9,Tuesday,18,False,False
201800050510,NonLethal,Daylight,Yes,Square,Normal,2Vehicles-Side,12,Wednesday,14,False,False
201800016056,NonLethal,Daylight,No,NoIntersection,Normal,NoCollision,7,Friday,14,False,False
201800050407,NonLethal,NightStreelightsOn,Yes,Y-type,Normal,2Vehicles-Side,11,Friday,19,False,False
201800053821,NonLethal,Daylight,Yes,NoIntersection,Normal,Other,6,Friday,12,False,False
201800007289,NonLethal,NightStreelightsOn,Yes,NoIntersection,Normal,2Vehicles-Behind,1,Tuesday,18,False,False
201800009018,NonLethal,Daylight,Yes,T-type,Normal,2Vehicles-Side,5,Friday,9,False,False
201800046280,NonLethal,NightNoStreetLight,No,NoIntersection,Normal,2Vehicles-Side,10,Friday,7,False,False
201800008186,NonLethal,Daylight,Yes,NoIntersection,Normal,2Vehicles-Side,9,Monday,17,False,False
201800015601,NonLethal,Daylight,No,NoIntersection,Normal,2Vehicles-BehindVehicles-Frontal,11,Friday,8,False,False
201800005776,NonLethal,Daylight,Yes,NoIntersection,Normal,Other,4,Monday,12,False,False
201800008349,NonLethal,Daylight,Yes,T-type,LightRain,2Vehicles-Side,1,Monday,8,False,False
201800040073,NonLethal,NightStreelightsOn,Yes,NoIntersection,Other,Other,1,Thursday,19,False,False
201800012530,Lethal,Daylight,Yes,NoIntersection,Normal,Other,7,Saturday,16,True,False
201800027053,NonLethal,Daylight,No,NoIntersection,Normal,3+Vehicles-Multiple,5,Friday,9,False,False
201800000037,NonLethal,Daylight,No,NoIntersection,Normal,2Vehicles-BehindVehicles-Frontal,1,Sunday,9,True,False
201800022502,NonLethal,Daylight,Yes,T-type,Normal,Other,7,Monday,19,False,False
201800005750,NonLethal,Daylight,Yes,NoIntersection,Overcast,2Vehicles-Side,5,Tuesday,17,False,False
201800021892,NonLethal,Daylight,No,NoIntersection,Normal,NoCollision,5,Wednesday,11,False,False
201800003322,NonLethal,NightNoStreetLight,No,NoIntersection,FogOrSmoke,Other,11,Wednesday,19,False,False
201800011065,NonLethal,NightStreelightsOn,Yes,Other,LightRain,2Vehicles-BehindVehicles-Frontal,11,Friday,0,False,True
201800029587,NonLethal,Daylight,Yes,T-type,Normal,Other,9,Friday,15,False,False
201800031560,NonLethal,Daylight,Yes,NoIntersection,LightRain,2Vehicles-Behind,11,Wednesday,16,False,False
201800014725,NonLethal,Daylight,No,NoIntersection,Normal,2Vehicles-Behind,6,Saturday,15,True,False
201800034640,NonLethal,NightNoStreetLight,No,NoIntersection,Normal,3+Vehicles-Multiple,6,Wednesday,1,False,True
201800011763,NonLethal,NightNoStreetLight,No,NoIntersection,SnowOrHail,Other,10,Monday,22,False,False
201800010995,NonLethal,Daylight,No,NoIntersection,LightRain,2Vehicles-Side,6,Saturday,9,True,False
201800033609,NonLethal,Daylight,Yes,NoIntersection,Overcast,Other,12,Sunday,13,True,False
201800011441,NonLethal,NightNoStreetLight,No,NoIntersection,Overcast,2Vehicles-Behind,12,Monday,18,False,False
201800002082,NonLethal,Daylight,No,NoIntersection,VeryGood,NoCollision,6,Friday,16,False,False
201800012419,NonLethal,NightStreelightsOn,Yes,NoIntersection,Normal,Other,1,Saturday,1,True,True
201800056259,NonLethal,Daylight,Yes,T-type,Normal,2Vehicles-Side,8,Tuesday,12,False,False
201800049961,NonLethal,NightNoStreetLight,No,NoIntersection,Normal,Other,8,Saturday,1,True,True
201800020095,NonLethal,Daylight,No,NoIntersection,Normal,NoCollision,4,Monday,15,False,False
201800032244,NonLethal,Daylight,Yes,NoIntersection,Normal,2Vehicles-Side,2,Monday,9,False,False
201800018516,NonLethal,Daylight,Yes,T-type,Normal,Other,11,Sunday,8,True,False
201800029041,NonLethal,NightNoStreetLight,Yes,NoIntersection,LightRain,2Vehicles-Behind,5,Tuesday,19,False,False
201800019803,NonLethal,NightStreelightsOn,No,NoIntersection,Normal,2Vehicles-Behind,11,Wednesday,18,False,False
201800023783,NonLethal,TwilightOrDawn,No,NoIntersection,Normal,Other,10,Wednesday,7,False,False
201800044696,NonLethal,NightNoStreetLight,No,NoIntersection,SnowOrHail,Other,3,Saturday,23,True,False
201800042628,NonLethal,NightNoStreetLight,Yes,NoIntersection,Normal,NoCollision,12,Wednesday,18,False,False
201800015609,NonLethal,TwilightOrDawn,No,NoIntersection,Normal,2Vehicles-Behind,5,Saturday,5,True,True
201800048476,NonLethal,Daylight,Yes,X-type,Normal,2Vehicles-Side,8,Friday,9,False,False
201800031704,NonLethal,Daylight,Yes,NoIntersection,Normal,2Vehicles-Behind,7,Wednesday,11,False,False
201800040052,NonLethal,Daylight,Yes,NoIntersection,Normal,Other,7,Tuesday,8,False,False
201800031586,NonLethal,Daylight,No,T-type,LightRain,2Vehicles-Side,11,Sunday,10,True,False
201800032355,NonLethal,Daylight,Yes,T-type,Overcast,2Vehicles-Side,1,Thursday,16,False,False
201800010822,NonLethal,Daylight,Yes,NoIntersection,Normal,2Vehicles-Side,12,Saturday,10,True,False
201800004824,Lethal,NightStreelightsOn,Yes,NoIntersection,Normal,2Vehicles-BehindVehicles-Frontal,9,Friday,21,False,False
201800044313,NonLethal,Daylight,No,NoIntersection,Normal,3+Vehicles-Chain,10,Tuesday,17,False,False
201800001687,NonLethal,NightNoStreetLight,No,NoIntersection,LightRain,3+Vehicles-Chain,11,Wednesday,17,False,False
201800011040,NonLethal,NightStreelightsOn,Yes,NoIntersection,Normal,Other,9,Saturday,5,True,True
201800050544,NonLethal,Daylight,Yes,Square,Normal,2Vehicles-Side,4,Saturday,12,True,False
201800053505,NonLethal,NightStreelightsOn,Yes,NoIntersection,Normal,2Vehicles-Side,7,Monday,0,False,True
201800054576,NonLethal,Daylight,Yes,Y-type,VeryGood,Other,10,Saturday,11,True,False
201800018407,NonLethal,TwilightOrDawn,Yes,NoIntersection,Normal,Other,7,Wednesday,22,False,False
201800004660,NonLethal,NightStreelightsOn,Yes,NoIntersection,FogOrSmoke,Other,11,Thursday,18,False,False
201800055428,NonLethal,Daylight,Yes,NoIntersection,Normal,2Vehicles-Side,6,Wednesday,16,False,False
201800050360,NonLethal,Daylight,Yes,T-type,Normal,2Vehicles-Side,2,Saturday,17,True,False
201800037074,NonLethal,Daylight,Yes,NoIntersection,Normal,2Vehicles-BehindVehicles-Frontal,7,Tuesday,18,False,False
201800000983,NonLethal,NightNoStreetLight,No,NoIntersection,Normal,NoCollision,8,Thursday,4,False,True
201800038567,NonLethal,TwilightOrDawn,Yes,NoIntersection,Normal,2Vehicles-Side,10,Friday,20,False,False
201800038516,NonLethal,Daylight,Yes,T-type,Normal,2Vehicles-Side,12,Wednesday,10,False,False
201800031699,NonLethal,Daylight,Yes,T-type,Normal,2Vehicles-BehindVehicles-Frontal,5,Friday,12,False,False
201800052250,NonLethal,NightStreelightsOn,Yes,T-type,Normal,2Vehicles-Side,11,Wednesday,0,False,True
201800021028,NonLethal,NightStreelightsOn,Yes,NoIntersection,Normal,Other,8,Thursday,3,False,True
201800038631,NonLethal,Daylight,Yes,NoIntersection,Normal,Other,10,Monday,17,False,False
201800023830,NonLethal,Daylight,Yes,T-type,Normal,Other,1,Monday,16,False,False
201800054099,NonLethal,Daylight,Yes,NoIntersection,Normal,2Vehicles-Side,5,Friday,8,False,False
201800028479,NonLethal,Daylight,Yes,NoIntersection,Normal,Other,7,Monday,18,False,False
201800017642,NonLethal,Daylight,Yes,NoIntersection,LightRain,2Vehicles-Behind,3,Saturday,11,True,False
201800038418,NonLethal,Daylight,Yes,X-type,LightRain,2Vehicles-Behind,3,Saturday,9,True,False
201800036462,NonLethal,Daylight,Yes,NoIntersection,Normal,NoCollision,8,Monday,8,False,False
201800044488,Lethal,NightNoStreetLight,No,NoIntersection,Normal,Other,1,Monday,5,False,True
201800003486,NonLethal,Daylight,No,NoIntersection,Normal,2Vehicles-BehindVehicles-Frontal,7,Tuesday,14,False,False
201800002907,NonLethal,Daylight,No,NoIntersection,Normal,NoCollision,2,Friday,13,False,False
201800018971,NonLethal,TwilightOrDawn,No,NoIntersection,Normal,NoCollision,9,Thursday,21,False,False
201800019155,NonLethal,TwilightOrDawn,No,NoIntersection,Normal,NoCollision,5,Saturday,21,True,False
201800056691,NonLethal,Daylight,Yes,X-type,Normal,2Vehicles-Side,4,Tuesday,6,False,True
201800037014,NonLethal,Daylight,Yes,NoIntersection,Normal,2Vehicles-Behind,10,Wednesday,8,False,False
201800052621,NonLethal,NightNoStreetLight,Yes,NoIntersection,Normal,Other,12,Wednesday,18,False,False
201800040406,NonLethal,Daylight,Yes,NoIntersection,Normal,NoCollision,4,Saturday,19,True,False
201800029506,NonLethal,Daylight,Yes,X-type,Normal,2Vehicles-Side,5,Sunday,20,True,False
201800032393,NonLethal,NightStreelightsOn,Yes,X-type,LightRain,Other,2,Thursday,3,False,True
201800049154,NonLethal,Daylight,No,NoIntersection,Normal,3+Vehicles-Chain,6,Tuesday,17,False,False
201800023015,NonLethal,Daylight,Yes,NoIntersection,Normal,Other,4,Wednesday,8,False,False
201800016868,NonLethal,Daylight,No,NoIntersection,Normal,2Vehicles-BehindVehicles-Frontal,6,Sunday,11,True,False
201800035816,NonLethal,Daylight,Yes,NoIntersection,LightRain,2Vehicles-BehindVehicles-Frontal,1,Friday,9,False,False
201800045713,NonLethal,Daylight,No,Other,Normal,Other,2,Friday,9,False,False
201800031320,NonLethal,Daylight,Yes,NoIntersection,Normal,Other,1,Wednesday,10,False,False
201800053527,NonLethal,Daylight,Yes,Square,Normal,2Vehicles-Side,9,Thursday,11,False,False
201800054280,NonLethal,Daylight,Yes,Square,Normal,Other,12,Tuesday,16,False,False
201800026014,NonLethal,Daylight,Yes,X-type,Normal,2Vehicles-Side,4,Saturday,14,True,False
201800006054,NonLethal,NightNoStreetLight,No,Other,Normal,Other,1,Monday,20,False,False
201800034649,NonLethal,Daylight,Yes,NoIntersection,Normal,Other,2,Monday,15,False,False
201800001489,NonLethal,NightStreelightsOn,Yes,NoIntersection,HeavyRain,Other,3,Monday,18,False,False
201800004454,NonLethal,Daylight,Yes,T-type,Normal,2Vehicles-Side,4,Wednesday,12,False,False
201800028810,NonLethal,NightStreelightsOn,Yes,NoIntersection,Normal,Other,9,Thursday,21,False,False
201800007540,NonLethal,TwilightOrDawn,No,NoIntersection,Normal,NoCollision,8,Thursday,6,False,True
201800022123,NonLethal,Daylight,Yes,X-type,Normal,Other,10,Tuesday,18,False,False
201800026145,NonLethal,NightStreelightsOn,Yes,X-type,LightRain,Other,9,Thursday,20,False,False
201800030288,NonLethal,Daylight,Yes,NoIntersection,Normal,Other,1,Tuesday,9,False,False
201800027405,NonLethal,NightStreelightsOn,Yes,NoIntersection,Normal,2Vehicles-Side,9,Tuesday,21,False,False
201800019380,NonLethal,NightNoStreetLight,No,NoIntersection,Normal,Other,9,Saturday,20,True,False
201800041011,NonLethal,Daylight,Yes,NoIntersection,HeavyRain,2Vehicles-Behind,3,Wednesday,14,False,False
201800020460,NonLethal,Daylight,Yes,Y-type,LightRain,2Vehicles-BehindVehicles-Frontal,4,Sunday,13,True,False
201800010917,NonLethal,NightNoStreetLight,No,T-type,LightRain,2Vehicles-BehindVehicles-Frontal,1,Tuesday,7,False,False
201800039867,NonLethal,NightStreelightsOn,Yes,Other,Normal,NoCollision,2,Monday,19,False,False
201800031512,NonLethal,Daylight,No,NoIntersection,Normal,2Vehicles-Side,8,Thursday,19,False,False
201800022824,NonLethal,Daylight,Yes,Other,Normal,3+Vehicles-Chain,6,Tuesday,8,False,False
201800045827,NonLethal,Daylight,No,NoIntersection,Normal,2Vehicles-Behind,4,Wednesday,16,False,False
201800033171,NonLethal,Daylight,Yes,T-type,Normal,2Vehicles-Behind,10,Wednesday,11,False,False
201800005516,NonLethal,Daylight,Yes,NoIntersection,Normal,Other,5,Friday,16,False,False
201800044388,NonLethal,NightNoStreetLight,No,NoIntersection,Normal,Other,11,Saturday,22,True,False
201800010803,NonLethal,Daylight,No,NoIntersection,Normal,NoCollision,6,Thursday,14,False,False
201800019493,NonLethal,NightStreelightsOn,Yes,T-type,Normal,2Vehicles-BehindVehicles-Frontal,1,Wednesday,21,False,False
201800037950,NonLethal,Daylight,Yes,NoIntersection,Normal,2Vehicles-Behind,8,Wednesday,18,False,False
201800000930,NonLethal,Daylight,No,Roundabout,LightRain,2Vehicles-Side,10,Wednesday,17,False,False
201800047799,NonLethal,Daylight,Yes,NoIntersection,Normal,2Vehicles-Behind,11,Friday,12,False,False
201800045308,NonLethal,Daylight,No,NoIntersection,Normal,2Vehicles-Side,10,Wednesday,8,False,False
201800006043,Lethal,Daylight,No,NoIntersection,Overcast,2Vehicles-Behind,6,Sunday,7,True,False
201800026865,NonLethal,Daylight,Yes,NoIntersection,Normal,Other,8,Tuesday,6,False,True
201800045042,NonLethal,Daylight,No,NoIntersection,Normal,2Vehicles-Side,3,Wednesday,20,False,False
201800014470,NonLethal,Daylight,No,NoIntersection,Normal,2Vehicles-BehindVehicles-Frontal,9,Sunday,12,True,False
201800049845,NonLethal,Daylight,No,NoIntersection,Normal,2Vehicles-Behind,5,Friday,18,False,False
201800042951,NonLethal,NightStreelightsOn,Yes,T-type,Normal,2Vehicles-Side,8,Wednesday,3,False,True
201800032299,NonLethal,Daylight,Yes,X-type,Normal,Other,8,Tuesday,19,False,False
201800011751,NonLethal,Daylight,No,NoIntersection,Normal,2Vehicles-BehindVehicles-Frontal,10,Friday,11,False,False
201800053729,NonLethal,NightStreelightsOn,Yes,X-type,LightRain,Other,3,Thursday,22,False,False
201800040127,NonLethal,Daylight,Yes,NoIntersection,Normal,Other,9,Wednesday,9,False,False
201800019880,NonLethal,Daylight,Yes,NoIntersection,Overcast,Other,12,Wednesday,16,False,False
201800047641,NonLethal,NightStreelightsOn,Yes,X-type,Normal,NoCollision,8,Thursday,22,False,False
201800008775,NonLethal,NightStreelightsOn,Yes,T-type,Normal,2Vehicles-Side,4,Sunday,20,True,False
201800031198,NonLethal,Daylight,Yes,NoIntersection,Normal,Other,2,Wednesday,16,False,False
201800020969,NonLethal,Daylight,Yes,Other,LightRain,Other,4,Monday,17,False,False
201800027600,NonLethal,Daylight,Yes,NoIntersection,Normal,NoCollision,7,Sunday,17,True,False
201800020750,Lethal,TwilightOrDawn,Yes,NoIntersection,Normal,Other,12,Saturday,18,True,False
201800052285,NonLethal,NightStreelightsOn,Yes,Y-type,Normal,2Vehicles-Side,7,Thursday,23,False,False
201800020003,Lethal,NightNoStreetLight,No,NoIntersection,Normal,Other,10,Saturday,1,True,True
201800044649,NonLethal,Daylight,No,NoIntersection,LightRain,Other,3,Sunday,13,True,False
201800019541,NonLethal,Daylight,Yes,T-type,Normal,2Vehicles-Side,12,Wednesday,16,False,False
201800056922,NonLethal,NightStreelightsOn,Yes,NoIntersection,Normal,2Vehicles-Side,4,Monday,22,False,False
201800033704,NonLethal,NightStreelightsOn,Yes,NoIntersection,HeavyRain,NoCollision,1,Monday,3,False,True
201800028054,NonLethal,Daylight,Yes,NoIntersection,Normal,Other,7,Wednesday,11,False,False
201800007652,NonLethal,Daylight,Yes,Roundabout,Normal,2Vehicles-Behind,8,Tuesday,17,False,False
201800004302,NonLethal,NightStreelightsOff,Yes,T-type,Normal,2Vehicles-Side,12,Wednesday,17,False,False
201800014683,NonLethal,Daylight,Yes,T-type,Overcast,2Vehicles-Side,12,Wednesday,14,False,False
201800057188,NonLethal,Daylight,No,NoIntersection,Normal,2Vehicles-Behind,8,Monday,14,False,False
201800018157,NonLethal,TwilightOrDawn,No,NoIntersection,Overcast,2Vehicles-Side,3,Monday,5,False,True
201800029238,NonLethal,Daylight,Yes,Roundabout,Normal,3+Vehicles-Chain,9,Thursday,12,False,False
201800051394,NonLethal,Daylight,Yes,NoIntersection,Overcast,Other,9,Friday,10,False,False
201800012680,NonLethal,Daylight,No,NoIntersection,Overcast,NoCollision,10,Friday,17,False,False
201800035958,NonLethal,Daylight,No,NoIntersection,Normal,2Vehicles-BehindVehicles-Frontal,11,Tuesday,15,False,False
201800037142,NonLethal,Daylight,Yes,T-type,Overcast,Other,2,Saturday,12,True,False
201800036894,NonLethal,NightNoStreetLight,Yes,NoIntersection,Normal,Other,2,Friday,19,False,False
201800056719,NonLethal,Daylight,No,NoIntersection,Normal,2Vehicles-Behind,9,Saturday,7,True,False
201800049533,NonLethal,NightNoStreetLight,No,NoIntersection,Normal,Other,1,Tuesday,20,False,False
201800035611,NonLethal,Daylight,Yes,NoIntersection,Normal,2Vehicles-Side,10,Wednesday,13,False,False
201800004657,NonLethal,TwilightOrDawn,Yes,NoIntersection,LightRain,Other,11,Wednesday,19,False,False
201800010040,NonLethal,NightStreelightsOn,Yes,NoIntersection,Normal,Other,6,Monday,18,False,False
201800048128,NonLethal,Daylight,Yes,NoIntersection,Normal,Other,3,Tuesday,8,False,False
201800018430,NonLethal,TwilightOrDawn,No,NoIntersection,Normal,Other,7,Friday,7,False,False
201800028627,NonLethal,Daylight,Yes,NoIntersection,Normal,Other,5,Friday,12,False,False
201800021397,NonLethal,TwilightOrDawn,Yes,NoIntersection,LightRain,2Vehicles-Side,12,Monday,18,False,False
201800048193,NonLethal,NightStreelightsOn,Yes,NoIntersection,Normal,2Vehicles-BehindVehicles-Frontal,4,Sunday,21,True,False
201800012465,NonLethal,Daylight,No,NoIntersection,Normal,Other,5,Friday,12,False,False
201800030576,NonLethal,Daylight,Yes,Other,Normal,NoCollision,5,Tuesday,17,False,False
201800045829,NonLethal,Daylight,No,NoIntersection,Normal,Other,4,Friday,13,False,False
201800014120,NonLethal,NightNoStreetLight,No,NoIntersection,Overcast,NoCollision,2,Thursday,6,False,True
201800027863,NonLethal,NightStreelightsOn,Yes,NoIntersection,HeavyRain,NoCollision,11,Friday,17,False,False
201800014429,NonLethal,Daylight,No,NoIntersection,HeavyRain,Other,12,Sunday,8,True,False
201800019093,NonLethal,NightNoStreetLight,No,NoIntersection,Other,2Vehicles-BehindVehicles-Frontal,3,Friday,18,False,False
201800004359,NonLethal,Daylight,No,NoIntersection,LightRain,2Vehicles-BehindVehicles-Frontal,5,Thursday,15,False,False
201800000948,NonLethal,Daylight,No,Other,FogOrSmoke,2Vehicles-BehindVehicles-Frontal,6,Tuesday,8,False,False
201800015554,NonLethal,Daylight,No,NoIntersection,Normal,Other,6,Sunday,16,True,False
201800024047,NonLethal,Daylight,Yes,T-type,Normal,2Vehicles-Behind,11,Tuesday,15,False,False
201800016119,NonLethal,Daylight,No,X-type,VeryGood,2Vehicles-Side,6,Tuesday,19,False,False
201800047861,NonLethal,NightStreelightsOn,Yes,T-type,Normal,2Vehicles-Side,12,Tuesday,17,False,False
201800030639,NonLethal,Daylight,Yes,NoIntersection,LightRain,2Vehicles-Behind,12,Monday,12,False,False
201800056864,NonLethal,NightStreelightsOn,Yes,X-type,Normal,2Vehicles-BehindVehicles-Frontal,10,Wednesday,20,False,False
201800020012,NonLethal,Daylight,Yes,T-type,Normal,2Vehicles-BehindVehicles-Frontal,7,Wednesday,17,False,False
201800051173,NonLethal,Daylight,Yes,X-type,Normal,Other,8,Wednesday,11,False,False
201800005948,NonLethal,Daylight,Yes,NoIntersection,Normal,NoCollision,10,Sunday,10,True,False
201800045767,NonLethal,Daylight,No,NoIntersection,LightRain,2Vehicles-Behind,3,Saturday,15,True,False
201800012374,NonLethal,Daylight,No,NoIntersection,LightRain,Other,3,Thursday,16,False,False
201800015333,NonLethal,Daylight,Yes,NoIntersection,Normal,Other,10,Wednesday,12,False,False
201800028798,NonLethal,Daylight,Yes,T-type,Normal,2Vehicles-Behind,9,Friday,12,False,False
201800040687,NonLethal,Daylight,Yes,NoIntersection,Normal,Other,6,Friday,16,False,False
201800054763,NonLethal,Daylight,Yes,Square,Normal,3+Vehicles-Chain,7,Thursday,21,False,False
201800039926,NonLethal,Daylight,Yes,Other,Normal,Other,9,Tuesday,10,False,False
201800028811,NonLethal,Daylight,Yes,Roundabout,Normal,2Vehicles-Side,9,Friday,9,False,False
201800041961,NonLethal,Daylight,Yes,NoIntersection,HeavyRain,3+Vehicles-Multiple,3,Thursday,17,False,False
201800006296,NonLethal,NightNoStreetLight,No,NoIntersection,Normal,Other,10,Sunday,19,True,False
201800020394,NonLethal,TwilightOrDawn,No,NoIntersection,Normal,3+Vehicles-Chain,6,Thursday,21,False,False
201800056238,NonLethal,NightStreelightsOff,Yes,NoIntersection,Normal,Other,12,Saturday,18,True,False
201800024233,NonLethal,Daylight,Yes,NoIntersection,Normal,2Vehicles-Side,1,Saturday,12,True,False
201800040549,NonLethal,NightStreelightsOn,Yes,Square,Normal,2Vehicles-Side,11,Saturday,0,True,True
201800045093,NonLethal,Daylight,No,NoIntersection,LightRain,2Vehicles-Behind,7,Friday,16,False,False
201800042256,NonLethal,NightStreelightsOn,No,T-type,LightRain,2Vehicles-Side,4,Thursday,0,False,True
201800006460,NonLethal,Daylight,No,NoIntersection,Normal,Other,2,Tuesday,15,False,False
201800009913,NonLethal,Daylight,Yes,NoIntersection,HeavyRain,2Vehicles-Side,10,Monday,17,False,False
201800008845,NonLethal,Daylight,Yes,NoIntersection,HeavyRain,Other,12,Tuesday,8,False,False
201800028727,NonLethal,Daylight,Yes,NoIntersection,Normal,2Vehicles-Behind,5,Tuesday,18,False,False
201800002644,NonLethal,Daylight,Yes,NoIntersection,Normal,Other,6,Thursday,9,False,False
201800030911,NonLethal,Daylight,Yes,Roundabout,Normal,Other,9,Monday,14,False,False
201800019182,NonLethal,Daylight,No,Roundabout,Normal,2Vehicles-Side,5,Friday,14,False,False
201800045385,NonLethal,Daylight,No,NoIntersection,Normal,2Vehicles-Behind,10,Tuesday,14,False,False
201800045084,NonLethal,Daylight,No,NoIntersection,Normal,NoCollision,7,Tuesday,18,False,False
201800015768,NonLethal,Daylight,Yes,T-type,Normal,2Vehicles-Side,7,Tuesday,8,False,False
201800045455,NonLethal,Daylight,No,NoIntersection,Normal,3+Vehicles-Multiple,11,Wednesday,9,False,False
201800041512,NonLethal,NightStreelightsOn,Yes,Other,Normal,Other,6,Monday,19,False,False
201800034351,NonLethal,NightStreelightsOn,Yes,NoIntersection,Normal,Other,3,Friday,22,False,False
201800026264,NonLethal,NightStreelightsOn,Yes,NoIntersection,LightRain,Other,1,Monday,7,False,False
201800053947,NonLethal,NightStreelightsOn,Yes,X-type,Normal,3+Vehicles-Multiple,11,Thursday,6,False,True
201800046288,NonLethal,NightNoStreetLight,No,NoIntersection,Normal,3+Vehicles-Multiple,12,Thursday,17,False,False
201800045216,NonLethal,Daylight,No,NoIntersection,Normal,2Vehicles-Side,9,Thursday,8,False,False
201800003172,NonLethal,Daylight,Yes,Roundabout,Normal,Other,8,Sunday,17,True,False