AccidentId,Gravity,Light,InAgglomeration,IntersectionType,Weather,CollisionType,Month,DayOfWeek,HourOfDay,IsWeekend,IsNight
201800005678,NonLethal,Daylight,Yes,NoIntersection,VeryGood,Other,5,Friday,16,False,False
201800043990,NonLethal,Daylight,No,NoIntersection,Normal,Other,5,Friday,8,False,False
201800016514,NonLethal,Daylight,No,NoIntersection,Normal,2Vehicles-Behind,11,Friday,13,False,False
201800030023,NonLethal,Daylight,Yes,T-type,Normal,2Vehicles-Side,2,Friday,16,False,False
201800024362,NonLethal,NightStreelightsOn,Yes,X-type,Normal,2Vehicles-Side,7,Saturday,3,True,True
201800056990,NonLethal,NightNoStreetLight,Yes,NoIntersection,Normal,2Vehicles-Behind,7,Tuesday,19,False,False
201800025224,NonLethal,NightStreelightsOn,Yes,NoIntersection,Normal,Other,2,Thursday,18,False,False
201800017538,NonLethal,Daylight,No,NoIntersection,Normal,NoCollision,7,Saturday,16,True,False
201800047392,NonLethal,NightStreelightsOn,Yes,X-type,Normal,2Vehicles-Side,2,Friday,2,False,True
201800054490,NonLethal,Daylight,Yes,T-type,Normal,2Vehicles-Side,7,Wednesday,14,False,False
201800042489,NonLethal,Daylight,Yes,T-type,Normal,2Vehicles-Side,7,Monday,8,False,False
201800048480,NonLethal,Daylight,Yes,NoIntersection,Normal,Other,8,Monday,17,False,False
201800024410,NonLethal,Daylight,Yes,X-type,Normal,2Vehicles-Side,9,Friday,18,False,False
201800053916,NonLethal,Daylight,Yes,Square,Normal,2Vehicles-Side,10,Friday,16,False,False
201800009814,NonLethal,Daylight,Yes,NoIntersection,Normal,2Vehicles-Side,9,Monday,17,False,False
201800030625,Lethal,Daylight,Yes,NoIntersection,Overcast,Other,10,Saturday,15,True,False
201800015425,NonLethal,NightNoStreetLight,No,NoIntersection,Normal,Other,6,Tuesday,21,False,False
201800003064,NonLethal,Daylight,No,NoIntersection,Normal,Other,9,Thursday,16,False,False
201800021466,NonLethal,NightStreelightsOn,Yes,NoIntersection,Other,Other,12,Friday,17,False,False
201800001231,NonLethal,Daylight,No,X-type,LightRain,2Vehicles-Side,1,Thursday,11,False,False
201800024481,NonLethal,NightStreelightsOn,Yes,NoIntersection,Normal,Other,10,Friday,18,False,False
201800048828,NonLethal,NightNoStreetLight,No,NoIntersection,Normal,2Vehicles-Behind,2,Thursday,19,False,False
201800006215,NonLethal,Daylight,No,Roundabout,Normal,2Vehicles-Side,11,Tuesday,13,False,False
201800051249,NonLethal,Daylight,Yes,X-type,Normal,Other,11,Thursday,12,False,False
201800010787,Lethal,Daylight,No,NoIntersection,Unknown,NoCollision,8,Friday,12,False,False
201800016326,Lethal,NightNoStreetLight,No,NoIntersection,Normal,2Vehicles-Behind,2,Friday,21,False,False
201800056480,NonLethal,TwilightOrDawn,No,NoIntersection,Normal,2Vehicles-BehindVehicles-Frontal,12,Friday,17,False,False
201800000244,NonLethal,Daylight,No,NoIntersection,LightRain,2Vehicles-BehindVehicles-Frontal,10,Monday,12,False,False
201800055729,NonLethal,Daylight,Yes,Y-type,LightRain,2Vehicles-Side,7,Thursday,15,False,False
201800002223,NonLethal,NightStreelightsOn,Yes,T-type,Normal,Other,12,Wednesday,6,False,True
201800052559,NonLethal,Daylight,Yes,NoIntersection,Normal,Other,10,Thursday,12,False,False
201800026441,NonLethal,Daylight,Yes,NoIntersection,Normal,2Vehicles-Behind,11,Saturday,12,True,False
201800032305,NonLethal,TwilightOrDawn,No,Roundabout,Normal,2Vehicles-Side,9,Tuesday,7,False,False
201800043399,NonLethal,NightStreelightsOn,Yes,X-type,LightRain,Other,11,Tuesday,18,False,False
201800029275,NonLethal,Daylight,Yes,NoIntersection,Normal,2Vehicles-BehindVehicles-Frontal,7,Monday,16,False,False
201800055870,NonLethal,NightStreelightsOn,Yes,NoIntersection,Normal,3+Vehicles-Chain,12,Sunday,17,True,False
201800000949,NonLethal,Daylight,No,NoIntersection,Normal,NoCollision,4,Saturday,7,True,False
201800028597,NonLethal,Daylight,Yes,NoIntersection,LightRain,2Vehicles-Behind,5,Monday,10,False,False
201800022928,NonLethal,Daylight,Yes,NoIntersection,Normal,3+Vehicles-Chain,12,Sunday,7,True,False
201800010947,NonLethal,Daylight,No,NoIntersection,Normal,NoCollision,6,Sunday,19,True,False
201800011091,NonLethal,Daylight,Yes,NoIntersection,Normal,Other,11,Friday,15,False,False
201800038253,NonLethal,TwilightOrDawn,Yes,T-type,LightRain,Other,1,Monday,19,False,False
201800011368,NonLethal,Daylight,No,NoIntersection,Normal,Other,4,Wednesday,9,False,False
201800011506,NonLethal,Daylight,No,NoIntersection,Normal,NoCollision,11,Sunday,18,True,False
201800017350,NonLethal,Daylight,No,X-type,Normal,2Vehicles-Side,7,Saturday,16,True,False
201800000469,NonLethal,Daylight,Yes,X-type,LightRain,Other,11,Wednesday,11,False,False
201800032586,NonLethal,NightStreelightsOn,Yes,X-type,HeavyRain,2Vehicles-Side,7,Tuesday,7,False,False
201800039445,NonLethal,Daylight,Yes,Other,Normal,2Vehicles-Behind,12,Sunday,11,True,False
201800050147,NonLethal,NightNoStreetLight,No,NoIntersection,Normal,Other,3,Monday,21,False,False
201800017230,NonLethal,NightStreelightsOn,Yes,T-type,HeavyRain,Other,1,Tuesday,18,False,False
201800019233,NonLethal,NightNoStreetLight,Yes,T-type,Normal,2Vehicles-Side,2,Friday,7,False,False
201800045928,NonLethal,Daylight,No,NoIntersection,Normal,NoCollision,6,Saturday,11,True,False
201800041338,NonLethal,NightStreelightsOn,Yes,T-type,Normal,NoCollision,3,Thursday,22,False,False
201800055850,NonLethal,Daylight,No,X-type,Normal,2Vehicles-BehindVehicles-Frontal,7,Thursday,6,False,True
201800042724,NonLethal,NightStreelightsOn,Yes,X-type,Normal,2Vehicles-Behind,12,Friday,20,False,False
201800024232,NonLethal,Daylight,Yes,NoIntersection,Normal,2Vehicles-Behind,1,Friday,16,False,False
201800019203,NonLethal,Daylight,No,NoIntersection,Normal,2Vehicles-BehindVehicles-Frontal,5,Wednesday,12,False,False
201800001948,NonLethal,Daylight,No,NoIntersection,Normal,Other,2,Sunday,16,True,False
201800011816,NonLethal,Daylight,No,NoIntersection,Normal,2Vehicles-Side,7,Friday,7,False,False
201800038729,NonLethal,NightStreelightsOn,Yes,X-type,Normal,2Vehicles-Side,11,Friday,17,False,False
201800051675,NonLethal,NightStreelightsOn,Yes,X-type,LightRain,Other,3,Tuesday,18,False,False
201800053572,NonLethal,Daylight,Yes,NoIntersection,Normal,2Vehicles-Side,10,Tuesday,12,False,False
201800049607,NonLethal,NightNoStreetLight,No,NoIntersection,Normal,Other,10,Monday,7,False,False
201800051912,NonLethal,NightStreelightsOn,Yes,T-type,Normal,NoCollision,1,Thursday,17,False,False
201800057764,NonLethal,Daylight,Yes,NoIntersection,Normal,2Vehicles-Side,11,Thursday,8,False,False
201800013560,NonLethal,Daylight,Yes,NoIntersection,Normal,2Vehicles-Side,10,Monday,16,False,False
201800033143,NonLethal,Daylight,Yes,NoIntersection,Normal,NoCollision,2,Thursday,19,False,False
201800006409,NonLethal,NightNoStreetLight,No,NoIntersection,Normal,2Vehicles-Behind,2,Tuesday,6,False,True
201800014342,NonLethal,Daylight,No,T-type,Normal,2Vehicles-Behind,4,Thursday,15,False,False
201800015913,Lethal,Daylight,No,NoIntersection,LightRain,Other,8,Wednesday,17,False,False
201800043167,NonLethal,Daylight,Yes,NoIntersection,Normal,Other,12,Thursday,14,False,False
201800055178,NonLethal,Daylight,Yes,NoIntersection,Normal,2Vehicles-Behind,11,Tuesday,9,False,False
201800033592,NonLethal,NightStreelightsOn,Yes,Roundabout,LightRain,2Vehicles-Side,9,Wednesday,19,False,False
201800052053,NonLethal,Daylight,Yes,X-type,Normal,2Vehicles-Behind,6,Tuesday,14,False,False
201800025729,NonLethal,NightStreelightsOn,No,NoIntersection,LightRain,2Vehicles-Side,7,Saturday,2,True,True
201800018252,NonLethal,Daylight,No,NoIntersection,Normal,NoCollision,11,Monday,16,False,False
201800032778,NonLethal,NightNoStreetLight,No,NoIntersection,Normal,Other,11,Sunday,6,True,True
201800005858,NonLethal,NightStreelightsOn,Yes,NoIntersection,Normal,2Vehicles-BehindVehicles-Frontal,12,Monday,18,False,False
201800011288,NonLethal,NightNoStreetLight,No,NoIntersection,Normal,NoCollision,9,Saturday,22,True,False
201800048175,NonLethal,Daylight,Yes,X-type,Normal,Other,12,Tuesday,15,False,False
201800025438,NonLethal,Daylight,Yes,NoIntersection,Normal,NoCollision,7,Friday,6,False,True
201800045589,NonLethal,NightNoStreetLight,No,NoIntersection,Normal,2Vehicles-Behind,12,Friday,19,False,False
201800022288,NonLethal,Daylight,No,Y-type,Normal,NoCollision,8,Thursday,15,False,False
201800047576,NonLethal,Daylight,Yes,NoIntersection,Normal,Other,6,Monday,13,False,False
201800031989,NonLethal,Daylight,Yes,Other,Normal,2Vehicles-Side,10,Thursday,15,False,False
201800023961,NonLethal,Daylight,Yes,NoIntersection,Normal,2Vehicles-Side,7,Monday,15,False,False
201800028167,NonLethal,Daylight,Yes,X-type,LightRain,2Vehicles-Side,11,Sunday,12,True,False
201800025063,NonLethal,Daylight,Yes,T-type,Normal,2Vehicles-Side,10,Friday,11,False,False
201800022483,NonLethal,NightStreelightsOn,Yes,T-type,LightRain,2Vehicles-Side,3,Sunday,21,True,False
201800021043,NonLethal,Daylight,No,Other,Normal,Other,10,Wednesday,12,False,False
201800010398,NonLethal,Daylight,Yes,NoIntersection,Normal,2Vehicles-BehindVehicles-Frontal,12,Friday,17,False,False
201800055536,NonLethal,Daylight,Yes,NoIntersection,Normal,NoCollision,7,Saturday,8,True,False
201800022664,NonLethal,NightNoStreetLight,No,NoIntersection,Normal,Other,4,Monday,22,False,False
201800016384,Lethal,NightNoStreetLight,No,NoIntersection,Normal,Other,2,Sunday,6,True,True
201800014068,NonLethal,Daylight,No,NoIntersection,Normal,2Vehicles-Side,5,Sunday,9,True,False
201800049318,NonLethal,Daylight,No,NoIntersection,Normal,2Vehicles-Behind,2,Thursday,14,False,False
201800003101,NonLethal,NightNoStreetLight,No,NoIntersection,StrongWindOrStorm,Other,1,Wednesday,5,False,True
201800056397,NonLethal,NightNoStreetLight,Yes,NoIntersection,Normal,NoCollision,12,Friday,21,False,False
201800020620,NonLethal,Daylight,Yes,T-type,Normal,2Vehicles-Side,9,Thursday,19,False,False
201800054542,NonLethal,TwilightOrDawn,Yes,T-type,Normal,Other,9,Monday,7,False,False
201800008303,NonLethal,Daylight,Yes,NoIntersection,Normal,Other,1,Saturday,16,True,False
201800004572,NonLethal,NightStreelightsOn,Yes,NoIntersection,Normal,Other,7,Saturday,3,True,True
201800003457,NonLethal,NightStreelightsOn,Yes,NoIntersection,Normal,NoCollision,12,Monday,20,False,False
201800030365,NonLethal,Daylight,Yes,X-type,Normal,2Vehicles-Side,2,Saturday,16,True,False
201800035314,NonLethal,Daylight,Yes,NoIntersection,Normal,Other,1,Thursday,7,False,False
201800001965,NonLethal,Daylight,No,NoIntersection,Normal,Other,8,Friday,14,False,False
201800014698,NonLethal,Daylight,Yes,NoIntersection,Normal,NoCollision,7,Friday,20,False,False
201800002157,NonLethal,NightStreelightsOn,Yes,Square,LightRain,Other,7,Sunday,6,True,True
201800001715,NonLethal,Daylight,Yes,NoIntersection,Normal,Other,4,Saturday,19,True,False
201800040526,NonLethal,Daylight,Yes,Roundabout,Normal,2Vehicles-Side,12,Friday,11,False,False
201800027434,NonLethal,Daylight,Yes,X-type,Normal,2Vehicles-Behind,9,Wednesday,11,False,False
201800037641,NonLethal,Daylight,Yes,NoIntersection,LightRain,2Vehicles-Side,9,Saturday,14,True,False
201800019694,NonLethal,Daylight,No,NoIntersection,Normal,3+Vehicles-Chain,5,Tuesday,16,False,False
201800028603,NonLethal,Daylight,Yes,T-type,Normal,Other,7,Sunday,18,True,False
201800048469,NonLethal,Daylight,Yes,X-type,Normal,2Vehicles-Side,8,Monday,18,False,False
201800002328,NonLethal,Daylight,No,X-type,Normal,NoCollision,8,Wednesday,17,False,False
201800005389,NonLethal,Daylight,Yes,NoIntersection,Normal,2Vehicles-Side,5,Friday,8,False,False
201800011177,Lethal,TwilightOrDawn,No,NoIntersection,VeryGood,Other,7,Sunday,20,True,False
201800029914,NonLethal,Daylight,No,T-type,LightRain,2Vehicles-Side,11,Friday,14,False,False
201800042669,NonLethal,NightStreelightsOn,Yes,Square,Normal,2Vehicles-BehindVehicles-Frontal,12,Wednesday,1,False,True
201800007751,NonLethal,NightStreelightsOn,Yes,NoIntersection,Normal,2Vehicles-Side,4,Saturday,23,True,False
201800022159,NonLethal,Daylight,Yes,Roundabout,Normal,2Vehicles-Side,12,Monday,17,False,False
201800051651,NonLethal,Daylight,Yes,T-type,Overcast,2Vehicles-Side,1,Tuesday,13,False,False
201800013168,Lethal,NightStreelightsOff,Yes,NoIntersection,Normal,Other,7,Friday,0,False,True
201800051759,NonLethal,TwilightOrDawn,Yes,NoIntersection,Normal,2Vehicles-Side,6,Thursday,21,False,False
201800012222,NonLethal,Daylight,No,NoIntersection,Normal,Other,5,Saturday,17,True,False
201800051453,NonLethal,Daylight,Yes,X-type,Overcast,2Vehicles-Side,3,Friday,13,False,False
201800057685,NonLethal,Daylight,Yes,NoIntersection,Normal,NoCollision,7,Sunday,8,True,False
201800026538,NonLethal,Daylight,Yes,Roundabout,Normal,2Vehicles-Side,10,Friday,10,False,False
201800030935,NonLethal,Daylight,Yes,X-type,Normal,2Vehicles-Side,11,Thursday,15,False,False
201800030987,NonLethal,Daylight,Yes,NoIntersection,Normal,2Vehicles-Side,3,Friday,16,False,False
201800003413,NonLethal,Daylight,No,NoIntersection,HeavyRain,NoCollision,5,Sunday,15,True,False
201800051802,NonLethal,NightStreelightsOn,Yes,Square,Normal,2Vehicles-Side,3,Friday,21,False,False
201800040432,NonLethal,Daylight,Yes,NoIntersection,Normal,Other,7,Tuesday,14,False,False
201800049682,NonLethal,NightStreelightsOn,No,NoIntersection,Normal,2Vehicles-Side,4,Monday,4,False,True
201800015170,NonLethal,Daylight,No,NoIntersection,Normal,3+Vehicles-Multiple,5,Sunday,12,True,False
201800049815,NonLethal,NightNoStreetLight,No,Other,Normal,2Vehicles-Behind,5,Tuesday,0,False,True
201800010844,NonLethal,NightStreelightsOn,Yes,Roundabout,LightRain,Other,3,Thursday,22,False,False
201800009974,NonLethal,Daylight,Yes,NoIntersection,Normal,Other,10,Tuesday,15,False,False
201800037331,NonLethal,NightStreelightsOn,Yes,NoIntersection,Normal,2Vehicles-Side,6,Monday,19,False,False
201800040537,NonLethal,Daylight,Yes,NoIntersection,Normal,NoCollision,8,Friday,14,False,False
201800057704,NonLethal,Daylight,Yes,Other,Normal,Other,8,Monday,15,False,False
201800050736,NonLethal,Daylight,Yes,Y-type,Normal,Other,10,Saturday,16,True,False
201800006836,Lethal,NightNoStreetLight,No,NoIntersection,LightRain,NoCollision,11,Friday,19,False,False
201800013975,Lethal,Daylight,No,NoIntersection,Normal,Other,9,Monday,14,False,False
201800057460,NonLethal,Daylight,No,NoIntersection,Normal,2Vehicles-Side,5,Monday,14,False,False
201800055248,NonLethal,NightStreelightsOn,Yes,NoIntersection,Normal,3+Vehicles-Multiple,1,Sunday,19,True,False
201800056709,NonLethal,NightStreelightsOn,Yes,NoIntersection,Normal,3+Vehicles-Multiple,6,Wednesday,21,False,False
201800005987,NonLethal,Daylight,No,T-type,Normal,2Vehicles-Side,11,Friday,17,False,False
201800054229,NonLethal,NightStreelightsOff,Yes,T-type,LightRain,Other,11,Saturday,19,True,False
201800002137,NonLethal,Daylight,No,NoIntersection,Normal,2Vehicles-BehindVehicles-Frontal,7,Wednesday,8,False,False
201800025485,NonLethal,NightStreelightsOn,Yes,NoIntersection,Normal,2Vehicles-Side,8,Thursday,2,False,True
201800001141,NonLethal,Daylight,No,NoIntersection,Normal,2Vehicles-Side,11,Sunday,16,True,False
201800057551,NonLethal,Daylight,No,NoIntersection,Normal,2Vehicles-Side,12,Tuesday,13,False,False
201800030258,NonLethal,NightStreelightsOn,Yes,X-type,Normal,2Vehicles-Side,4,Sunday,2,True,True
201800055529,NonLethal,Daylight,Yes,NoIntersection,Normal,3+Vehicles-Chain,7,Thursday,10,False,False
201800004057,Lethal,Daylight,No,NoIntersection,Normal,Other,4,Tuesday,16,False,False
201800044505,NonLethal,NightNoStreetLight,No,NoIntersection,Normal,2Vehicles-Behind,1,Friday,18,False,False
201800001303,NonLethal,Daylight,No,X-type,Normal,2Vehicles-Side,7,Friday,10,False,False
201800042619,NonLethal,Daylight,Yes,NoIntersection,Overcast,2Vehicles-Side,11,Thursday,15,False,False
201800008879,NonLethal,Daylight,Yes,T-type,Normal,2Vehicles-Side,4,Thursday,8,False,False
201800028703,NonLethal,Daylight,Yes,Roundabout,Normal,2Vehicles-Side,4,Thursday,8,False,False
201800016449,NonLethal,Daylight,Yes,NoIntersection,LightRain,Other,12,Wednesday,19,False,False
201800022758,NonLethal,Daylight,Yes,NoIntersection,Normal,2Vehicles-Behind,7,Saturday,14,True,False
201800009391,NonLethal,Daylight,Yes,NoIntersection,Normal,Other,7,Tuesday,17,False,False
201800039608,NonLethal,NightStreelightsOn,Yes,NoIntersection,LightRain,2Vehicles-Side,1,Sunday,18,True,False
201800046160,NonLethal,Daylight,No,NoIntersection,Normal,2Vehicles-Behind,10,Tuesday,12,False,False
201800043305,NonLethal,NightNoStreetLight,Yes,X-type,Overcast,2Vehicles-Side,12,Tuesday,5,False,True
201800034754,NonLethal,Daylight,Yes,T-type,Overcast,2Vehicles-Side,7,Sunday,18,True,False
201800056808,NonLethal,Daylight,Yes,X-type,VeryGood,Other,11,Thursday,7,False,False
201800012087,NonLethal,Daylight,No,NoIntersection,Normal,NoCollision,3,Friday,10,False,False
201800010360,NonLethal,Daylight,Yes,NoIntersection,VeryGood,Other,12,Thursday,15,False,False
201800031007,NonLethal,Daylight,No,NoIntersection,Normal,2Vehicles-BehindVehicles-Frontal,6,Thursday,16,False,False
201800053485,NonLethal,NightStreelightsOn,Yes,Square,Normal,2Vehicles-Side,8,Wednesday,23,False,False
201800009973,NonLethal,Daylight,Yes,NoIntersection,Normal,2Vehicles-Side,10,Tuesday,8,False,False
201800017217,NonLethal,Daylight,No,T-type,Normal,3+Vehicles-Multiple,8,Saturday,11,True,False
201800040714,NonLethal,Daylight,Yes,T-type,Normal,Other,2,Saturday,17,True,False
201800052723,NonLethal,Daylight,Yes,NoIntersection,Overcast,2Vehicles-Behind,5,Tuesday,11,False,False
201800026623,NonLethal,Daylight,Yes,X-type,VeryGood,2Vehicles-Side,2,Wednesday,11,False,False
201800031352,NonLethal,NightStreelightsOn,Yes,NoIntersection,Normal,2Vehicles-Side,11,Wednesday,20,False,False
201800031415,NonLethal,Daylight,Yes,NoIntersection,Normal,2Vehicles-BehindVehicles-Frontal,11,Thursday,17,False,False
201800025927,NonLethal,Daylight,Yes,NoIntersection,Normal,Other,11,Sunday,17,True,False
201800031770,NonLethal,Daylight,Yes,T-type,Normal,Other,6,Friday,18,False,False
201800008555,NonLethal,TwilightOrDawn,Yes,NoIntersection,HeavyRain,Other,2,Monday,7,False,False
201800025862,NonLethal,Daylight,Yes,NoIntersection,Normal,2Vehicles-Behind,9,Sunday,16,True,False
201800045878,NonLethal,Daylight,No,NoIntersection,Overcast,2Vehicles-Side,5,Tuesday,9,False,False
201800023698,NonLethal,Daylight,Yes,Other,VeryGood,2Vehicles-Side,6,Monday,11,False,False
201800029156,NonLethal,Daylight,No,NoIntersection,Normal,Other,7,Monday,19,False,False
201800039306,NonLethal,Daylight,Yes,NoIntersection,Normal,2Vehicles-Side,9,Wednesday,8,False,False
201800010382,NonLethal,Daylight,Yes,NoIntersection,Normal,Other,5,Saturday,13,True,False
201800042814,NonLethal,Daylight,Yes,X-type,Normal,2Vehicles-Behind,1,Wednesday,12,False,False
201800008543,NonLethal,NightStreelightsOn,Yes,NoIntersection,Normal,Other,1,Sunday,3,True,True
201800021789,Lethal,Daylight,No,Y-type,Normal,NoCollision,2,Tuesday,14,False,False
201800005409,NonLethal,Daylight,Yes,NoIntersection,Normal,2Vehicles-Behind,6,Sunday,16,True,False
201800020809,NonLethal,Daylight,Yes,Roundabout,Other,2Vehicles-Side,3,Tuesday,8,False,False
201800007491,NonLethal,NightStreelightsOn,Yes,NoIntersection,LightRain,2Vehicles-Behind,12,Friday,7,False,False
201800044020,Lethal,Daylight,No,NoIntersection,Normal,2Vehicles-Side,5,Thursday,17,False,False
201800005593,NonLethal,Daylight,Yes,NoIntersection,LightRain,2Vehicles-Side,2,Saturday,14,True,False
201800006000,NonLethal,NightStreelightsOn,Yes,T-type,Normal,3+Vehicles-Multiple,12,Wednesday,19,False,False
201800014173,NonLethal,Daylight,No,NoIntersection,Normal,NoCollision,2,Thursday,14,False,False
201800033207,NonLethal,Daylight,Yes,T-type,Normal,2Vehicles-Side,11,Friday,11,False,False
201800003848,NonLethal,NightStreelightsOn,Yes,NoIntersection,Normal,Other,10,Sunday,23,True,False
201800000725,NonLethal,NightStreelightsOn,Yes,NoIntersection,Normal,Other,10,Tuesday,3,False,True
201800024024,NonLethal,Daylight,Yes,T-type,Normal,Other,10,Wednesday,19,False,False
201800021288,NonLethal,Daylight,Yes,NoIntersection,Normal,Other,4,Thursday,9,False,False
201800022769,NonLethal,Daylight,No,NoIntersection,VeryGood,2Vehicles-BehindVehicles-Frontal,7,Wednesday,11,False,False
201800024686,NonLethal,Daylight,Yes,NoIntersection,Normal,Other,11,Thursday,15,False,False
201800052718,NonLethal,Daylight,Yes,NoIntersection,Normal,Other,5,Thursday,11,False,False
201800018179,NonLethal,Daylight,Yes,NoIntersection,LightRain,Other,4,Monday,9,False,False
201800057420,NonLethal,TwilightOrDawn,Yes,NoIntersection,Normal,2Vehicles-Side,3,Thursday,19,False,False
201800038703,NonLethal,Daylight,Yes,T-type,Normal,Other,7,Friday,11,False,False
201800004484,NonLethal,NightStreelightsOn,Yes,NoIntersection,Normal,Other,10,Sunday,22,True,False
201800020027,NonLethal,TwilightOrDawn,Yes,NoIntersection,Normal,Other,12,Friday,16,False,False
201800052913,NonLethal,NightStreelightsOn,Yes,NoIntersection,Normal,Other,1,Sunday,20,True,False
201800043359,NonLethal,NightStreelightsOn,Yes,X-type,Overcast,2Vehicles-Side,1,Wednesday,7,False,False
201800001787,NonLethal,NightStreelightsOn,Yes,T-type,Normal,2Vehicles-Side,1,Saturday,19,True,False
201800007214,NonLethal,Daylight,No,NoIntersection,Normal,Other,5,Saturday,13,True,False
201800044558,NonLethal,NightNoStreetLight,No,NoIntersection,HeavyRain,3+Vehicles-Multiple,1,Monday,6,False,True
201800022383,NonLethal,Daylight,Yes,Roundabout,Normal,2Vehicles-Side,8,Sunday,14,True,False
201800046013,NonLethal,Daylight,No,NoIntersection,Normal,2Vehicles-Side,7,Wednesday,8,False,False
201800057540,NonLethal,Daylight,Yes,NoIntersection,Normal,3+Vehicles-Multiple,10,Monday,16,False,False
201800000712,NonLethal,NightNoStreetLight,No,NoIntersection,Normal,2Vehicles-BehindVehicles-Frontal,3,Monday,20,False,False
201800015785,NonLethal,Daylight,No,NoIntersection,Normal,3+Vehicles-Chain,6,Friday,18,False,False
201800037744,NonLethal,NightStreelightsOn,Yes,T-type,Normal,2Vehicles-Behind,11,Friday,17,False,False
201800040703,NonLethal,Daylight,Yes,NoIntersection,Normal,Other,9,Sunday,17,True,False
201800041633,NonLethal,Daylight,Yes,Other,HeavyRain,Other,12,Friday,14,False,False
201800005732,NonLethal,Daylight,Yes,Other,Normal,2Vehicles-Side,7,Wednesday,10,False,False
201800013158,NonLethal,NightNoStreetLight,No,NoIntersection,FogOrSmoke,2Vehicles-BehindVehicles-Frontal,10,Saturday,7,True,False
201800005704,NonLethal,Daylight,Yes,NoIntersection,Normal,2Vehicles-Side,6,Thursday,7,False,False
201800052783,NonLethal,NightStreelightsOn,Yes,X-type,Normal,2Vehicles-Side,7,Wednesday,21,False,False
201800053232,NonLethal,NightStreelightsOn,Yes,Square,LightRain,Other,4,Sunday,16,True,False
201800028289,NonLethal,Daylight,Yes,NoIntersection,Normal,Other,1,Tuesday,14,False,False
201800015926,NonLethal,Daylight,No,NoIntersection,Normal,3+Vehicles-Chain,3,Friday,12,False,False
201800054258,NonLethal,NightStreelightsOn,Yes,NoIntersection,LightRain,2Vehicles-Side,10,Thursday,18,False,False
201800032787,NonLethal,Daylight,No,NoIntersection,Normal,3+Vehicles-Multiple,9,Wednesday,10,False,False
201800035619,NonLethal,Daylight,Yes,NoIntersection,Normal,Other,10,Monday,12,False,False
201800022110,NonLethal,Daylight,Yes,NoIntersection,Normal,2Vehicles-Side,9,Saturday,17,True,False
201800001627,Lethal,Daylight,Yes,T-type,Normal,2Vehicles-Behind,2,Saturday,12,True,False
201800047757,NonLethal,Daylight,Yes,NoIntersection,Normal,Other,10,Friday,17,False,False
201800015300,NonLethal,Daylight,Yes,NoIntersection,Normal,Other,4,Wednesday,17,False,False
201800019957,NonLethal,Daylight,Yes,T-type,Normal,2Vehicles-BehindVehicles-Frontal,5,Tuesday,16,False,False
201800003910,NonLethal,Daylight,Yes,NoIntersection,Normal,2Vehicles-Side,1,Monday,14,False,False
201800032138,NonLethal,Daylight,Yes,NoIntersection,Normal,Other,10,Monday,16,False,False
201800036691,NonLethal,Daylight,No,NoIntersection,Normal,2Vehicles-Behind,1,Saturday,11,True,False
201800016567,NonLethal,Daylight,No,NoIntersection,Normal,NoCollision,8,Thursday,10,False,False
201800030081,NonLethal,NightNoStreetLight,Yes,NoIntersection,Normal,Other,6,Saturday,2,True,True
201800007248,NonLethal,NightNoStreetLight,No,T-type,Normal,2Vehicles-BehindVehicles-Frontal,11,Friday,5,False,True
201800017578,NonLethal,Daylight,Yes,NoIntersection,Normal,2Vehicles-Side,5,Thursday,17,False,False
201800007528,NonLethal,NightNoStreetLight,No,NoIntersection,Normal,NoCollision,12,Wednesday,19,False,False
201800048108,NonLethal,Daylight,Yes,X-type,Overcast,2Vehicles-Side,2,Wednesday,8,False,False
201800006047,Lethal,Daylight,No,NoIntersection,Normal,3+Vehicles-Multiple,6,Thursday,21,False,False
201800022677,NonLethal,NightNoStreetLight,No,NoIntersection,HeavyRain,3+Vehicles-Multiple,12,Friday,18,False,False
201800036649,NonLethal,Daylight,Yes,NoIntersection,Normal,2Vehicles-Behind,4,Sunday,14,True,False
201800051477,NonLethal,Daylight,Yes,X-type,Normal,2Vehicles-Side,4,Friday,12,False,False
201800050464,NonLethal,Daylight,Yes,T-type,Normal,Other,6,Monday,6,False,True
201800036425,NonLethal,Daylight,Yes,NoIntersection,Normal,2Vehicles-Behind,4,Sunday,11,True,False
201800011805,NonLethal,Daylight,No,NoIntersection,Normal,NoCollision,12,Saturday,15,True,False
201800051202,NonLethal,Daylight,Yes,T-type,Normal,2Vehicles-Side,9,Wednesday,16,False,False
201800033457,NonLethal,NightStreelightsOn,Yes,Roundabout,Normal,2Vehicles-Side,3,Saturday,21,True,False
201800026176,NonLethal,NightStreelightsOn,Yes,NoIntersection,Normal,2Vehicles-Side,3,Sunday,18,True,False
201800046488,NonLethal,NightNoStreetLight,No,NoIntersection,LightRain,NoCollision,3,Friday,0,False,True
201800045837,NonLethal,Daylight,No,NoIntersection,Normal,2Vehicles-Behind,4,Thursday,16,False,False
201800019443,NonLethal,Daylight,No,NoIntersection,Normal,2Vehicles-BehindVehicles-Frontal,12,Monday,15,False,False
201800009515,NonLethal,TwilightOrDawn,Yes,NoIntersection,Normal,Other,11,Thursday,20,False,False
201800051207,NonLethal,NightStreelightsOn,Yes,X-type,Normal,Other,9,Tuesday,20,False,False