AccidentId,Gravity,Light,InAgglomeration,IntersectionType,Weather,CollisionType,Month,DayOfWeek,HourOfDay,IsWeekend,IsNight
201800023122,NonLethal,Daylight,Yes,NoIntersection,Normal,2Vehicles-Behind,6,Friday,11,False,False
201800008516,NonLethal,Daylight,Yes,X-type,Normal,2Vehicles-Side,9,Wednesday,15,False,False
201800034518,Lethal,Daylight,No,Y-type,Normal,2Vehicles-Side,5,Friday,16,False,False
201800024777,NonLethal,NightStreelightsOn,Yes,Roundabout,Normal,NoCollision,5,Monday,23,False,False
201800048671,NonLethal,TwilightOrDawn,Yes,NoIntersection,LightRain,2Vehicles-Behind,9,Tuesday,8,False,False
201800031363,NonLethal,NightStreelightsOn,No,NoIntersection,Normal,2Vehicles-BehindVehicles-Frontal,2,Monday,7,False,False
201800005655,NonLethal,Daylight,Yes,T-type,Normal,Other,5,Friday,18,False,False
201800032266,Lethal,NightStreelightsOff,Yes,T-type,Normal,2Vehicles-Side,12,Tuesday,2,False,True
201800032477,NonLethal,Daylight,Yes,X-type,Normal,2Vehicles-Side,6,Wednesday,18,False,False
201800038508,NonLethal,NightStreelightsOn,Yes,NoIntersection,Normal,Other,8,Saturday,17,True,False
201800021695,NonLethal,NightNoStreetLight,No,NoIntersection,Normal,2Vehicles-BehindVehicles-Frontal,11,Wednesday,4,False,True
201800055833,NonLethal,Daylight,No,NoIntersection,Normal,2Vehicles-BehindVehicles-Frontal,12,Wednesday,15,False,False
201800043034,NonLethal,Daylight,Yes,NoIntersection,Normal,Other,3,Thursday,18,False,False
201800005460,NonLethal,Daylight,Yes,NoIntersection,Normal,2Vehicles-Behind,9,Wednesday,15,False,False
201800016320,NonLethal,NightStreelightsOn,Yes,NoIntersection,Normal,Other,5,Thursday,2,False,True
201800048871,NonLethal,Daylight,No,NoIntersection,Normal,2Vehicles-Side,12,Tuesday,10,False,False
201800022746,NonLethal,Daylight,No,X-type,LightRain,2Vehicles-Side,5,Friday,20,False,False
201800042346,NonLethal,Daylight,Yes,Roundabout,Normal,2Vehicles-Side,8,Monday,19,False,False
201800046777,NonLethal,Daylight,No,NoIntersection,Normal,NoCollision,7,Saturday,18,True,False
201800032409,NonLethal,TwilightOrDawn,Yes,NoIntersection,Overcast,2Vehicles-Behind,3,Friday,18,False,False
201800057224,NonLethal,Daylight,Yes,X-type,Overcast,2Vehicles-Behind,10,Saturday,15,True,False
201800033210,NonLethal,NightStreelightsOn,Yes,X-type,Normal,2Vehicles-Side,2,Monday,20,False,False
201800022351,NonLethal,NightStreelightsOn,No,Roundabout,LightRain,Other,6,Sunday,23,True,False
201800017619,NonLethal,Daylight,Yes,NoIntersection,Normal,2Vehicles-BehindVehicles-Frontal,10,Tuesday,17,False,False
201800057388,NonLethal,Daylight,Yes,NoIntersection,Normal,2Vehicles-Side,10,Friday,7,False,False
201800030270,NonLethal,Daylight,Yes,NoIntersection,Other,Other,11,Wednesday,10,False,False
201800007857,NonLethal,NightNoStreetLight,No,NoIntersection,Normal,Other,6,Thursday,3,False,True
201800017979,NonLethal,Daylight,No,NoIntersection,Normal,Other,1,Monday,12,False,False
201800024318,NonLethal,NightStreelightsOn,Yes,NoIntersection,Normal,2Vehicles-Behind,4,Thursday,21,False,False
201800018748,NonLethal,Daylight,No,NoIntersection,Normal,2Vehicles-BehindVehicles-Frontal,5,Saturday,10,True,False
201800017393,Lethal,Daylight,No,NoIntersection,Normal,2Vehicles-BehindVehicles-Frontal,8,Wednesday,13,False,False
201800034019,NonLethal,Daylight,No,NoIntersection,Normal,2Vehicles-BehindVehicles-Frontal,7,Tuesday,12,False,False
201800001731,NonLethal,NightNoStreetLight,Yes,NoIntersection,Normal,3+Vehicles-Multiple,11,Friday,17,False,False
201800037238,NonLethal,NightStreelightsOn,Yes,NoIntersection,Normal,Other,3,Friday,23,False,False
201800053708,NonLethal,Daylight,Yes,X-type,Normal,2Vehicles-Side,2,Saturday,17,True,False
201800033028,NonLethal,Daylight,Yes,NoIntersection,LightRain,2Vehicles-Behind,6,Monday,16,False,False
201800040017,NonLethal,Daylight,Yes,NoIntersection,Normal,2Vehicles-Side,11,Tuesday,15,False,False
201800029696,NonLethal,Daylight,Yes,X-type,Normal,2Vehicles-Side,6,Saturday,8,True,False
201800006287,NonLethal,NightNoStreetLight,No,NoIntersection,Normal,Other,6,Saturday,2,True,True
201800052519,NonLethal,Daylight,Yes,NoIntersection,Normal,2Vehicles-Side,10,Tuesday,12,False,False
201800043134,NonLethal,Daylight,Yes,NoIntersection,Normal,2Vehicles-Behind,11,Tuesday,9,False,False
201800014756,NonLethal,Daylight,No,NoIntersection,Normal,NoCollision,7,Monday,15,False,False
201800001613,NonLethal,Daylight,Yes,NoIntersection,Normal,2Vehicles-BehindVehicles-Frontal,5,Thursday,16,False,False
201800046562,NonLethal,Daylight,No,NoIntersection,Normal,2Vehicles-Side,3,Monday,17,False,False
201800056723,NonLethal,Daylight,Yes,T-type,Normal,2Vehicles-Side,8,Saturday,17,True,False
201800027297,NonLethal,NightNoStreetLight,Yes,NoIntersection,Normal,NoCollision,5,Saturday,2,True,True
201800019686,NonLethal,Daylight,Yes,NoIntersection,Normal,Other,7,Thursday,10,False,False
201800035639,NonLethal,NightStreelightsOn,Yes,NoIntersection,Normal,Other,11,Monday,7,False,False
201800040119,NonLethal,Daylight,Yes,NoIntersection,Normal,Other,8,Wednesday,18,False,False
201800055995,NonLethal,Daylight,No,NoIntersection,Normal,NoCollision,3,Friday,10,False,False
201800008272,NonLethal,NightStreelightsOn,Yes,NoIntersection,Normal,Other,11,Thursday,19,False,False
201800018932,NonLethal,Daylight,Yes,NoIntersection,Normal,NoCollision,7,Wednesday,10,False,False
201800055805,NonLethal,Daylight,No,NoIntersection,Normal,NoCollision,9,Sunday,13,True,False
201800020130,NonLethal,Daylight,No,X-type,Normal,2Vehicles-Side,11,Sunday,11,True,False
201800030515,NonLethal,Daylight,Yes,NoIntersection,Normal,NoCollision,1,Wednesday,11,False,False
201800000979,NonLethal,Daylight,No,NoIntersection,Normal,3+Vehicles-Chain,7,Thursday,18,False,False
201800053704,NonLethal,NightStreelightsOn,Yes,Square,Normal,Other,2,Wednesday,19,False,False
201800043498,NonLethal,Daylight,Yes,Roundabout,Normal,Other,10,Saturday,15,True,False
201800039611,NonLethal,TwilightOrDawn,Yes,X-type,Normal,Other,1,Friday,8,False,False
201800029517,NonLethal,Daylight,Yes,X-type,Normal,2Vehicles-Side,2,Tuesday,15,False,False
201800036085,NonLethal,Daylight,Yes,NoIntersection,Normal,2Vehicles-Behind,5,Monday,10,False,False
201800032202,NonLethal,Daylight,Yes,NoIntersection,Normal,2Vehicles-Behind,10,Wednesday,12,False,False
201800021924,NonLethal,Daylight,No,NoIntersection,Normal,2Vehicles-BehindVehicles-Frontal,10,Friday,8,False,False
201800007813,NonLethal,Daylight,Yes,NoIntersection,LightRain,Other,11,Friday,11,False,False
201800043781,NonLethal,NightStreelightsOn,No,NoIntersection,Normal,2Vehicles-Behind,10,Monday,7,False,False
201800056004,NonLethal,Daylight,No,NoIntersection,Normal,NoCollision,9,Friday,17,False,False
201800026009,NonLethal,Daylight,Yes,NoIntersection,Normal,Other,6,Monday,17,False,False
201800046808,NonLethal,Daylight,No,NoIntersection,Normal,2Vehicles-Side,8,Tuesday,15,False,False
201800053452,NonLethal,Daylight,Yes,X-type,Normal,2Vehicles-Side,7,Wednesday,12,False,False
201800001014,NonLethal,Daylight,No,NoIntersection,LightRain,NoCollision,4,Saturday,13,True,False
201800000900,NonLethal,Daylight,Yes,NoIntersection,Normal,Other,8,Thursday,8,False,False
201800037398,NonLethal,Daylight,Yes,NoIntersection,VeryGood,2Vehicles-Behind,1,Friday,15,False,False
201800018777,NonLethal,NightNoStreetLight,No,NoIntersection,Normal,NoCollision,10,Friday,19,False,False
201800019552,NonLethal,NightStreelightsOn,Yes,T-type,Normal,2Vehicles-Side,10,Saturday,0,True,True
201800047791,NonLethal,NightStreelightsOn,Yes,NoIntersection,Normal,Other,9,Tuesday,18,False,False
201800023868,NonLethal,Daylight,Yes,Y-type,VeryGood,Other,2,Monday,8,False,False
201800014553,NonLethal,Daylight,No,NoIntersection,Normal,NoCollision,4,Sunday,15,True,False
201800042955,NonLethal,NightStreelightsOn,Yes,T-type,Normal,Other,10,Monday,19,False,False
201800023734,Lethal,NightNoStreetLight,No,NoIntersection,Normal,2Vehicles-Behind,12,Thursday,19,False,False
201800004146,NonLethal,NightNoStreetLight,No,NoIntersection,Normal,NoCollision,6,Friday,23,False,False
201800037720,NonLethal,Daylight,Yes,NoIntersection,Normal,2Vehicles-Side,8,Monday,9,False,False
201800023457,NonLethal,NightNoStreetLight,No,NoIntersection,Normal,Other,12,Saturday,23,True,False
201800014172,NonLethal,Daylight,No,NoIntersection,HeavyRain,Other,1,Thursday,11,False,False
201800033012,NonLethal,NightNoStreetLight,No,NoIntersection,Normal,NoCollision,8,Friday,9,False,False
201800014285,NonLethal,Daylight,No,X-type,Normal,2Vehicles-Side,11,Monday,15,False,False
201800023643,NonLethal,Daylight,No,NoIntersection,Normal,NoCollision,8,Sunday,16,True,False
201800032179,NonLethal,Daylight,No,Other,Normal,2Vehicles-Behind,11,Thursday,11,False,False
201800035280,NonLethal,Daylight,No,NoIntersection,LightRain,2Vehicles-BehindVehicles-Frontal,5,Wednesday,13,False,False
201800049860,NonLethal,Daylight,No,NoIntersection,Normal,NoCollision,5,Tuesday,15,False,False
201800055258,NonLethal,NightStreelightsOn,Yes,NoIntersection,Normal,3+Vehicles-Chain,2,Sunday,21,True,False
201800053839,NonLethal,Daylight,Yes,X-type,Normal,2Vehicles-Side,7,Monday,19,False,False
201800046674,NonLethal,Daylight,No,NoIntersection,Normal,NoCollision,6,Thursday,19,False,False
201800015773,NonLethal,NightNoStreetLight,No,NoIntersection,Normal,Other,11,Thursday,21,False,False
201800042388,NonLethal,Daylight,No,Other,Normal,Other,10,Wednesday,7,False,False
201800009327,NonLethal,Daylight,Yes,NoIntersection,Normal,NoCollision,7,Sunday,11,True,False
201800039399,NonLethal,Daylight,Yes,NoIntersection,LightRain,2Vehicles-Side,7,Friday,9,False,False
201800022529,NonLethal,NightStreelightsOn,Yes,T-type,Normal,2Vehicles-BehindVehicles-Frontal,1,Friday,19,False,False
201800023554,NonLethal,TwilightOrDawn,No,NoIntersection,Normal,Other,4,Saturday,6,True,True
201800030952,NonLethal,NightStreelightsOn,Yes,NoIntersection,Normal,2Vehicles-BehindVehicles-Frontal,2,Monday,19,False,False
201800013484,NonLethal,Daylight,Yes,Roundabout,Normal,Other,10,Saturday,9,True,False
201800026481,NonLethal,Daylight,Yes,NoIntersection,Normal,Other,11,Thursday,9,False,False
201800049186,NonLethal,Daylight,No,NoIntersection,Normal,3+Vehicles-Chain,12,Tuesday,14,False,False
201800031803,NonLethal,TwilightOrDawn,Yes,T-type,Normal,2Vehicles-Side,6,Saturday,21,True,False
201800028516,NonLethal,Daylight,Yes,Other,Normal,2Vehicles-Behind,8,Tuesday,16,False,False
201800021014,NonLethal,Daylight,Yes,NoIntersection,Normal,2Vehicles-Side,7,Monday,13,False,False
201800004559,NonLethal,TwilightOrDawn,No,NoIntersection,Normal,2Vehicles-Behind,4,Friday,18,False,False
201800009734,NonLethal,Daylight,Yes,X-type,Normal,2Vehicles-Side,9,Wednesday,8,False,False
201800036319,NonLethal,NightStreelightsOff,Yes,MoreThan4Branches,LightRain,Other,1,Monday,18,False,False
201800054853,NonLethal,NightStreelightsOn,Yes,X-type,Normal,Other,11,Thursday,20,False,False
201800015962,NonLethal,Daylight,No,NoIntersection,Normal,2Vehicles-Behind,4,Sunday,11,True,False
201800007449,NonLethal,Daylight,Yes,NoIntersection,Normal,Other,10,Monday,13,False,False
201800015063,NonLethal,Daylight,Yes,NoIntersection,Normal,Other,4,Saturday,19,True,False
201800044494,NonLethal,NightNoStreetLight,No,NoIntersection,LightRain,2Vehicles-Side,1,Monday,17,False,False
201800000779,NonLethal,Daylight,No,T-type,Normal,3+Vehicles-Chain,10,Friday,14,False,False
201800004137,Lethal,NightNoStreetLight,No,NoIntersection,FogOrSmoke,2Vehicles-BehindVehicles-Frontal,12,Sunday,1,True,True
201800033258,NonLethal,Daylight,Yes,T-type,Normal,3+Vehicles-Multiple,7,Sunday,16,True,False
201800003414,Lethal,NightNoStreetLight,No,NoIntersection,Normal,Other,5,Saturday,22,True,False
201800054067,NonLethal,Daylight,Yes,T-type,LightRain,2Vehicles-Side,4,Thursday,16,False,False
201800025651,NonLethal,NightStreelightsOn,Yes,NoIntersection,LightRain,NoCollision,12,Monday,21,False,False
201800025517,NonLethal,NightStreelightsOn,Yes,NoIntersection,Normal,NoCollision,9,Saturday,3,True,True
201800004865,NonLethal,TwilightOrDawn,No,NoIntersection,Normal,NoCollision,9,Saturday,19,True,False
201800026922,Lethal,Daylight,Yes,T-type,Normal,2Vehicles-Behind,9,Saturday,17,True,False
201800012888,NonLethal,Daylight,No,NoIntersection,Normal,2Vehicles-BehindVehicles-Frontal,7,Sunday,8,True,False
201800047306,NonLethal,NightStreelightsOn,Yes,NoIntersection,Normal,2Vehicles-Behind,3,Thursday,18,False,False
201800004675,NonLethal,NightStreelightsOn,Yes,NoIntersection,LightRain,Other,12,Saturday,17,True,False
201800036891,NonLethal,TwilightOrDawn,Yes,NoIntersection,Normal,3+Vehicles-Multiple,12,Tuesday,17,False,False
201800010792,NonLethal,Daylight,No,Other,Normal,Other,2,Tuesday,15,False,False
201800042609,NonLethal,NightStreelightsOn,Yes,NoIntersection,LightRain,3+Vehicles-Multiple,11,Sunday,0,True,True
201800014371,NonLethal,Daylight,No,NoIntersection,Normal,3+Vehicles-Chain,4,Friday,17,False,False
201800045113,NonLethal,Daylight,No,NoIntersection,Normal,3+Vehicles-Chain,7,Tuesday,8,False,False
201800053543,NonLethal,Daylight,Yes,X-type,VeryGood,2Vehicles-Side,9,Saturday,16,True,False
201800026702,NonLethal,Daylight,No,NoIntersection,LightRain,Other,11,Thursday,13,False,False
201800032867,NonLethal,Daylight,Yes,X-type,Normal,Other,3,Tuesday,12,False,False
201800006114,NonLethal,Daylight,No,NoIntersection,LightRain,Other,12,Tuesday,9,False,False
201800013226,NonLethal,NightNoStreetLight,No,NoIntersection,Normal,2Vehicles-BehindVehicles-Frontal,9,Friday,20,False,False
201800039663,NonLethal,Daylight,Yes,T-type,Normal,2Vehicles-BehindVehicles-Frontal,10,Monday,16,False,False
201800044929,NonLethal,Daylight,No,NoIntersection,Normal,2Vehicles-Behind,5,Thursday,9,False,False
201800003529,NonLethal,Daylight,No,NoIntersection,Normal,2Vehicles-BehindVehicles-Frontal,10,Sunday,14,True,False
201800034003,NonLethal,Daylight,Yes,NoIntersection,Normal,2Vehicles-Side,6,Wednesday,12,False,False
201800050637,NonLethal,Daylight,Yes,NoIntersection,Normal,2Vehicles-Side,12,Monday,14,False,False
201800004222,NonLethal,Daylight,No,NoIntersection,Normal,2Vehicles-BehindVehicles-Frontal,4,Thursday,9,False,False
201800032856,NonLethal,Daylight,Yes,NoIntersection,Normal,2Vehicles-BehindVehicles-Frontal,9,Tuesday,18,False,False
201800024978,NonLethal,Daylight,Yes,Roundabout,Normal,2Vehicles-Behind,10,Saturday,13,True,False
201800006967,Lethal,Daylight,Yes,T-type,Normal,2Vehicles-Side,7,Tuesday,6,False,True
201800027001,NonLethal,Daylight,Yes,X-type,Normal,2Vehicles-Side,11,Wednesday,8,False,False
201800042170,NonLethal,Daylight,Yes,X-type,Normal,3+Vehicles-Multiple,5,Friday,18,False,False
201800021826,NonLethal,Daylight,Yes,Roundabout,Normal,NoCollision,6,Tuesday,15,False,False
201800047005,NonLethal,Daylight,No,NoIntersection,Normal,3+Vehicles-Chain,10,Wednesday,8,False,False
201800050925,NonLethal,Daylight,Yes,X-type,Normal,2Vehicles-Side,7,Monday,17,False,False
201800036935,NonLethal,Daylight,Yes,NoIntersection,Normal,Other,3,Monday,18,False,False
201800012569,Lethal,NightNoStreetLight,No,NoIntersection,Normal,Other,12,Monday,18,False,False
201800043424,NonLethal,Daylight,Yes,NoIntersection,Normal,Other,4,Friday,7,False,False
201800015834,NonLethal,NightNoStreetLight,No,NoIntersection,Normal,Other,8,Sunday,1,True,True
201800034911,NonLethal,Daylight,Yes,NoIntersection,Normal,3+Vehicles-Chain,7,Friday,9,False,False
201800043822,NonLethal,Daylight,No,NoIntersection,LightRain,3+Vehicles-Chain,3,Friday,13,False,False
201800051599,NonLethal,Daylight,Yes,X-type,Normal,Other,2,Sunday,14,True,False
201800021138,NonLethal,NightNoStreetLight,No,NoIntersection,Normal,2Vehicles-BehindVehicles-Frontal,12,Tuesday,17,False,False
201800016627,NonLethal,NightNoStreetLight,No,NoIntersection,LightRain,Other,7,Thursday,23,False,False
201800013278,NonLethal,Daylight,No,X-type,Normal,2Vehicles-Side,10,Tuesday,14,False,False
201800002204,NonLethal,Daylight,No,NoIntersection,Normal,Other,5,Saturday,11,True,False
201800010068,NonLethal,NightStreelightsOn,Yes,NoIntersection,Normal,NoCollision,11,Thursday,21,False,False
201800000625,NonLethal,TwilightOrDawn,Yes,T-type,Normal,2Vehicles-BehindVehicles-Frontal,10,Monday,17,False,False
201800042281,NonLethal,Daylight,Yes,Other,Normal,2Vehicles-BehindVehicles-Frontal,5,Friday,16,False,False
201800028878,NonLethal,TwilightOrDawn,Yes,Roundabout,Overcast,2Vehicles-Side,12,Wednesday,17,False,False
201800031751,NonLethal,Daylight,Yes,NoIntersection,Normal,Other,5,Friday,13,False,False
201800046346,NonLethal,Daylight,No,NoIntersection,Normal,NoCollision,1,Friday,9,False,False
201800008054,NonLethal,NightNoStreetLight,No,NoIntersection,Normal,2Vehicles-Side,7,Friday,3,False,True
201800039355,NonLethal,Daylight,Yes,X-type,Normal,2Vehicles-Side,5,Friday,16,False,False
201800022731,NonLethal,Daylight,Yes,Other,Normal,NoCollision,11,Sunday,16,True,False
201800006508,NonLethal,Daylight,Yes,NoIntersection,Normal,2Vehicles-BehindVehicles-Frontal,4,Sunday,8,True,False
201800018579,NonLethal,NightNoStreetLight,No,NoIntersection,Normal,3+Vehicles-Chain,11,Tuesday,18,False,False
201800046778,NonLethal,Daylight,No,NoIntersection,Normal,Other,7,Sunday,7,True,False
201800055176,NonLethal,NightStreelightsOn,Yes,X-type,Normal,Other,11,Sunday,20,True,False
201800004893,NonLethal,TwilightOrDawn,No,NoIntersection,Normal,2Vehicles-Side,7,Wednesday,20,False,False
201800042935,NonLethal,Daylight,Yes,NoIntersection,Normal,Other,11,Wednesday,8,False,False
201800023197,NonLethal,Daylight,Yes,X-type,Normal,2Vehicles-Side,8,Thursday,7,False,False
201800019492,NonLethal,Daylight,Yes,X-type,Normal,2Vehicles-Side,12,Saturday,13,True,False
201800023111,NonLethal,Daylight,No,NoIntersection,Normal,2Vehicles-Side,8,Monday,19,False,False
201800006738,NonLethal,Daylight,No,NoIntersection,Normal,2Vehicles-Side,10,Tuesday,8,False,False
201800016838,NonLethal,Daylight,Yes,NoIntersection,Overcast,Other,10,Wednesday,11,False,False
201800029262,NonLethal,Daylight,Yes,NoIntersection,Normal,2Vehicles-BehindVehicles-Frontal,4,Saturday,18,True,False
201800045077,NonLethal,Daylight,No,NoIntersection,Normal,Other,7,Sunday,21,True,False
201800016914,Lethal,Daylight,No,NoIntersection,Normal,Other,4,Monday,18,False,False
201800035284,NonLethal,Daylight,Yes,NoIntersection,Normal,Other,11,Wednesday,20,False,False
201800017911,NonLethal,Daylight,Yes,X-type,Normal,3+Vehicles-Multiple,7,Thursday,14,False,False
201800025194,NonLethal,NightStreelightsOn,Yes,NoIntersection,LightRain,2Vehicles-Side,1,Thursday,21,False,False
201800025233,NonLethal,Daylight,No,NoIntersection,SnowOrHail,NoCollision,2,Tuesday,13,False,False
201800017353,NonLethal,Daylight,No,NoIntersection,Normal,2Vehicles-BehindVehicles-Frontal,7,Tuesday,16,False,False
201800031889,NonLethal,NightStreelightsOn,Yes,T-type,Normal,2Vehicles-Side,8,Tuesday,5,False,True
201800049200,NonLethal,Daylight,No,NoIntersection,Normal,2Vehicles-Behind,8,Monday,19,False,False
201800006863,NonLethal,Daylight,No,NoIntersection,Normal,Other,9,Saturday,16,True,False
201800019274,NonLethal,Daylight,No,NoIntersection,Normal,NoCollision,5,Sunday,19,True,False
201800043065,NonLethal,Daylight,Yes,NoIntersection,Normal,2Vehicles-BehindVehicles-Frontal,10,Wednesday,17,False,False
201800019526,NonLethal,Daylight,No,Roundabout,Normal,2Vehicles-Behind,8,Friday,12,False,False
201800004153,NonLethal,NightStreelightsOn,Yes,NoIntersection,LightRain,Other,10,Sunday,3,True,True
201800041921,NonLethal,NightStreelightsOn,No,NoIntersection,Normal,3+Vehicles-Chain,11,Friday,22,False,False
201800009357,NonLethal,NightStreelightsOn,Yes,Roundabout,Normal,NoCollision,7,Friday,0,False,True
201800018459,NonLethal,Daylight,Yes,X-type,Normal,2Vehicles-Side,9,Saturday,11,True,False
201800046692,NonLethal,Daylight,No,NoIntersection,Normal,2Vehicles-Side,6,Friday,18,False,False
201800001980,NonLethal,Daylight,No,NoIntersection,Normal,3+Vehicles-Chain,6,Monday,15,False,False
201800024230,NonLethal,Daylight,Yes,T-type,Normal,2Vehicles-Behind,5,Tuesday,9,False,False
201800014849,Lethal,NightNoStreetLight,No,NoIntersection,Normal,NoCollision,1,Friday,0,False,True
201800011377,NonLethal,Daylight,No,NoIntersection,LightRain,NoCollision,10,Wednesday,12,False,False
201800020769,NonLethal,Daylight,Yes,NoIntersection,Normal,Other,7,Monday,8,False,False
201800026122,NonLethal,Daylight,Yes,Roundabout,LightRain,NoCollision,6,Thursday,18,False,False
201800030294,Lethal,Daylight,No,NoIntersection,Normal,NoCollision,3,Friday,16,False,False
201800046706,NonLethal,Daylight,No,NoIntersection,Normal,3+Vehicles-Multiple,6,Wednesday,19,False,False
201800010607,NonLethal,Daylight,Yes,NoIntersection,Normal,2Vehicles-BehindVehicles-Frontal,12,Tuesday,14,False,False
201800041904,NonLethal,Daylight,Yes,NoIntersection,Normal,Other,10,Friday,18,False,False
201800039872,NonLethal,NightStreelightsOn,Yes,NoIntersection,Normal,Other,3,Wednesday,5,False,True
201800024771,NonLethal,Daylight,Yes,NoIntersection,Normal,2Vehicles-Side,5,Thursday,16,False,False
201800049076,NonLethal,NightStreelightsOn,No,NoIntersection,LightRain,3+Vehicles-Chain,1,Friday,20,False,False
201800017948,NonLethal,Daylight,No,NoIntersection,Normal,2Vehicles-BehindVehicles-Frontal,10,Friday,17,False,False
201800038451,NonLethal,Daylight,Yes,X-type,LightRain,NoCollision,6,Tuesday,9,False,False
201800057471,NonLethal,NightNoStreetLight,No,NoIntersection,LightRain,NoCollision,6,Thursday,2,False,True
201800042376,NonLethal,Daylight,Yes,NoIntersection,Normal,Other,3,Saturday,14,True,False
201800038878,NonLethal,TwilightOrDawn,Yes,NoIntersection,Normal,2Vehicles-Side,1,Thursday,8,False,False
201800028216,NonLethal,TwilightOrDawn,Yes,NoIntersection,Normal,2Vehicles-Side,11,Tuesday,17,False,False
201800053171,NonLethal,NightStreelightsOn,Yes,X-type,LightRain,Other,10,Wednesday,18,False,False
201800055527,NonLethal,Daylight,Yes,NoIntersection,Normal,3+Vehicles-Multiple,7,Wednesday,17,False,False
201800003324,NonLethal,Daylight,Yes,NoIntersection,Normal,Other,11,Thursday,10,False,False
201800053033,NonLethal,Daylight,Yes,X-type,Normal,Other,6,Saturday,20,True,False
201800038199,NonLethal,Daylight,Yes,T-type,Normal,Other,4,Saturday,12,True,False
201800020992,NonLethal,Daylight,Yes,T-type,Normal,2Vehicles-Side,5,Monday,9,False,False
201800018616,NonLethal,TwilightOrDawn,No,Roundabout,FogOrSmoke,Other,12,Sunday,8,True,False
201800003283,NonLethal,NightNoStreetLight,No,NoIntersection,Normal,3+Vehicles-Multiple,3,Sunday,0,True,True
201800037476,NonLethal,NightStreelightsOn,Yes,X-type,Normal,2Vehicles-Side,8,Sunday,22,True,False
201800024578,NonLethal,Daylight,Yes,X-type,Normal,2Vehicles-Side,6,Friday,16,False,False
201800001964,NonLethal,Daylight,No,NoIntersection,Normal,2Vehicles-BehindVehicles-Frontal,8,Sunday,16,True,False
201800027351,NonLethal,Daylight,Yes,NoIntersection,Normal,NoCollision,6,Monday,8,False,False
201800032794,NonLethal,Daylight,No,NoIntersection,Normal,3+Vehicles-Multiple,6,Monday,19,False,False
201800049127,NonLethal,NightNoStreetLight,No,NoIntersection,Normal,NoCollision,3,Saturday,22,True,False
201800033094,NonLethal,Daylight,Yes,NoIntersection,Normal,3+Vehicles-Chain,2,Saturday,15,True,False
201800026115,NonLethal,Daylight,Yes,Roundabout,Normal,3+Vehicles-Multiple,5,Thursday,14,False,False
201800051257,NonLethal,Daylight,Yes,X-type,LightRain,2Vehicles-Behind,11,Tuesday,11,False,False
201800008494,NonLethal,Daylight,Yes,X-type,Normal,2Vehicles-Side,2,Friday,10,False,False
201800022218,NonLethal,NightNoStreetLight,No,NoIntersection,Normal,2Vehicles-Behind,11,Tuesday,7,False,False
201800000932,NonLethal,NightNoStreetLight,No,NoIntersection,Normal,2Vehicles-Side,3,Thursday,20,False,False
201800007622,NonLethal,Daylight,Yes,T-type,Normal,2Vehicles-Behind,5,Saturday,13,True,False
201800045408,NonLethal,NightNoStreetLight,No,NoIntersection,Normal,2Vehicles-Behind,11,Friday,18,False,False
201800012026,Lethal,Daylight,No,X-type,Overcast,2Vehicles-Side,10,Friday,8,False,False
201800049566,NonLethal,Daylight,No,NoIntersection,Normal,3+Vehicles-Multiple,5,Monday,18,False,False
201800056815,NonLethal,Daylight,Yes,NoIntersection,HeavyRain,3+Vehicles-Chain,12,Sunday,12,True,False
201800040133,NonLethal,Daylight,Yes,NoIntersection,Normal,2Vehicles-Side,10,Saturday,12,True,False
201800039244,NonLethal,Daylight,Yes,X-type,Normal,Other,4,Thursday,17,False,False
201800039574,NonLethal,TwilightOrDawn,Yes,Other,Normal,2Vehicles-Side,8,Thursday,5,False,True
201800036160,NonLethal,Daylight,Yes,NoIntersection,LightRain,Other,8,Sunday,9,True,False
201800039229,NonLethal,Daylight,Yes,NoIntersection,Normal,2Vehicles-Side,2,Thursday,13,False,False
201800013203,Lethal,Daylight,No,NoIntersection,Normal,Other,2,Sunday,16,True,False
201800009754,NonLethal,Daylight,Yes,NoIntersection,Normal,2Vehicles-Side,9,Friday,7,False,False
201800050484,NonLethal,NightStreelightsOn,Yes,T-type,Normal,Other,4,Tuesday,23,False,False
201800030929,NonLethal,Daylight,Yes,NoIntersection,Normal,2Vehicles-Side,5,Friday,16,False,False
201800020056,NonLethal,NightNoStreetLight,No,X-type,LightRain,2Vehicles-BehindVehicles-Frontal,1,Monday,18,False,False
201800020630,NonLethal,Daylight,Yes,T-type,Normal,3+Vehicles-Chain,10,Friday,16,False,False
201800013623,NonLethal,Daylight,No,NoIntersection,LightRain,2Vehicles-BehindVehicles-Frontal,2,Thursday,15,False,False
201800053449,NonLethal,Daylight,Yes,NoIntersection,Normal,Other,7,Monday,17,False,False
201800040711,NonLethal,NightStreelightsOn,Yes,NoIntersection,Normal,2Vehicles-Behind,9,Tuesday,21,False,False
201800023468,NonLethal,NightNoStreetLight,No,NoIntersection,Normal,NoCollision,8,Friday,22,False,False
201800037098,NonLethal,TwilightOrDawn,Yes,X-type,Normal,2Vehicles-Side,8,Sunday,21,True,False
201800040140,NonLethal,Daylight,Yes,X-type,Normal,Other,11,Tuesday,14,False,False
201800056006,NonLethal,NightStreelightsOn,Yes,NoIntersection,Normal,Other,11,Tuesday,22,False,False