AccidentId,Gravity,Light,InAgglomeration,IntersectionType,Weather,CollisionType,Month,DayOfWeek,HourOfDay,IsWeekend,IsNight
201800023106,NonLethal,Daylight,Yes,NoIntersection,Normal,2Vehicles-Side,6,Wednesday,20,False,False
201800014774,NonLethal,NightNoStreetLight,Yes,X-type,Normal,2Vehicles-Side,6,Sunday,2,True,True
201800022196,NonLethal,Daylight,Yes,Roundabout,Normal,2Vehicles-Behind,6,Tuesday,17,False,False
201800003572,Lethal,NightNoStreetLight,No,NoIntersection,Overcast,Other,2,Monday,22,False,False
201800007532,NonLethal,Daylight,Yes,NoIntersection,LightRain,Other,11,Monday,8,False,False
201800003122,NonLethal,Daylight,No,NoIntersection,LightRain,2Vehicles-BehindVehicles-Frontal,11,Tuesday,15,False,False
201800000903,NonLethal,Daylight,No,NoIntersection,Normal,3+Vehicles-Multiple,7,Friday,14,False,False
201800007811,NonLethal,Daylight,Yes,Roundabout,Overcast,Other,11,Monday,13,False,False
201800012851,NonLethal,Daylight,No,NoIntersection,Normal,2Vehicles-BehindVehicles-Frontal,3,Wednesday,13,False,False
201800052802,NonLethal,NightStreelightsOn,Yes,X-type,Overcast,2Vehicles-Side,8,Saturday,23,True,False
201800013932,NonLethal,Daylight,Yes,NoIntersection,Normal,Other,5,Saturday,15,True,False
201800037651,NonLethal,NightStreelightsOn,Yes,Roundabout,Normal,2Vehicles-Side,8,Saturday,20,True,False
201800027193,NonLethal,Daylight,Yes,NoIntersection,Normal,NoCollision,3,Sunday,14,True,False
201800011323,NonLethal,Daylight,Yes,NoIntersection,Normal,Other,6,Saturday,9,True,False
201800012235,NonLethal,Daylight,No,NoIntersection,LightRain,Other,12,Tuesday,8,False,False
201800040582,NonLethal,NightStreelightsOn,Yes,T-type,LightRain,NoCollision,3,Wednesday,3,False,True
201800040838,NonLethal,TwilightOrDawn,Yes,NoIntersection,LightRain,Other,3,Tuesday,7,False,False
201800012631,NonLethal,TwilightOrDawn,Yes,NoIntersection,Normal,Other,11,Monday,20,False,False
201800045771,Lethal,NightNoStreetLight,No,NoIntersection,Normal,NoCollision,3,Tuesday,4,False,True
201800016234,NonLethal,Daylight,No,Y-type,LightRain,2Vehicles-Side,11,Friday,15,False,False
201800027688,NonLethal,Daylight,Yes,X-type,LightRain,3+Vehicles-Multiple,2,Tuesday,10,False,False
201800042713,NonLethal,Daylight,Yes,X-type,Normal,2Vehicles-Side,11,Thursday,15,False,False
201800011238,NonLethal,Daylight,Yes,Other,Normal,Other,7,Sunday,17,True,False
201800001519,NonLethal,Daylight,Yes,NoIntersection,Normal,2Vehicles-BehindVehicles-Frontal,3,Sunday,17,True,False
201800040016,NonLethal,NightStreelightsOn,Yes,X-type,Normal,2Vehicles-Behind,3,Sunday,0,True,True
201800048642,NonLethal,Daylight,Yes,NoIntersection,Normal,2Vehicles-BehindVehicles-Frontal,10,Thursday,14,False,False
201800012586,NonLethal,Daylight,No,NoIntersection,Normal,Other,5,Sunday,17,True,False
201800025014,NonLethal,NightStreelightsOn,Yes,Roundabout,Normal,2Vehicles-Behind,11,Thursday,18,False,False
201800009398,NonLethal,NightStreelightsOn,Yes,NoIntersection,Normal,Other,7,Thursday,1,False,True
201800034636,Lethal,Daylight,No,NoIntersection,Normal,2Vehicles-BehindVehicles-Frontal,5,Thursday,15,False,False
201800019062,NonLethal,Daylight,Yes,NoIntersection,LightRain,2Vehicles-Behind,1,Wednesday,11,False,False
201800044627,NonLethal,Daylight,No,NoIntersection,Normal,2Vehicles-Behind,2,Tuesday,16,False,False
201800007824,NonLethal,NightNoStreetLight,Yes,NoIntersection,Normal,NoCollision,3,Thursday,1,False,True
201800014238,NonLethal,Daylight,No,X-type,Normal,2Vehicles-Side,3,Thursday,16,False,False
201800029575,NonLethal,NightStreelightsOn,Yes,NoIntersection,Normal,2Vehicles-Side,8,Friday,22,False,False
201800029400,NonLethal,TwilightOrDawn,Yes,NoIntersection,LightRain,Other,10,Monday,7,False,False
201800017310,Lethal,Daylight,No,NoIntersection,Normal,NoCollision,8,Tuesday,19,False,False
201800031432,NonLethal,TwilightOrDawn,Yes,NoIntersection,Normal,2Vehicles-BehindVehicles-Frontal,2,Friday,17,False,False
201800015637,NonLethal,NightNoStreetLight,No,NoIntersection,Normal,Other,6,Wednesday,4,False,True
201800018781,NonLethal,Daylight,No,NoIntersection,Normal,2Vehicles-BehindVehicles-Frontal,12,Tuesday,14,False,False
201800009444,NonLethal,Daylight,Yes,T-type,Normal,2Vehicles-Side,7,Sunday,17,True,False
201800040408,NonLethal,TwilightOrDawn,Yes,Other,Normal,2Vehicles-Side,12,Tuesday,7,False,False
201800054553,NonLethal,Daylight,Yes,T-type,Normal,2Vehicles-Side,1,Wednesday,11,False,False
201800031144,Lethal,NightNoStreetLight,No,NoIntersection,Normal,Other,12,Wednesday,0,False,True
201800010926,NonLethal,Daylight,No,NoIntersection,Normal,2Vehicles-BehindVehicles-Frontal,6,Friday,15,False,False
201800037749,NonLethal,NightStreelightsOn,Yes,T-type,Normal,2Vehicles-Side,11,Friday,21,False,False
201800053976,NonLethal,Daylight,Yes,T-type,Normal,Other,12,Wednesday,12,False,False
201800049515,NonLethal,Daylight,No,NoIntersection,Normal,3+Vehicles-Chain,12,Saturday,15,True,False
201800028711,NonLethal,NightStreelightsOn,Yes,NoIntersection,Normal,Other,4,Wednesday,1,False,True
201800007769,NonLethal,Daylight,Yes,NoIntersection,Normal,2Vehicles-Behind,7,Thursday,14,False,False
201800050087,NonLethal,NightNoStreetLight,No,NoIntersection,Normal,3+Vehicles-Multiple,10,Wednesday,17,False,False
201800050064,NonLethal,NightNoStreetLight,No,NoIntersection,Normal,3+Vehicles-Multiple,10,Sunday,19,True,False
201800036468,NonLethal,Daylight,Yes,NoIntersection,Normal,2Vehicles-Side,8,Tuesday,19,False,False
201800007012,NonLethal,NightNoStreetLight,No,Other,Overcast,2Vehicles-Side,5,Tuesday,20,False,False
201800051285,NonLethal,Daylight,Yes,Square,Normal,2Vehicles-Side,12,Wednesday,15,False,False
201800005155,NonLethal,Daylight,Yes,NoIntersection,Normal,2Vehicles-Side,8,Saturday,13,True,False
201800008517,NonLethal,TwilightOrDawn,No,NoIntersection,Normal,Other,2,Tuesday,7,False,False
201800003441,NonLethal,Daylight,No,NoIntersection,Normal,Other,4,Tuesday,19,False,False
201800028227,NonLethal,Daylight,Yes,NoIntersection,Normal,Other,2,Saturday,17,True,False
201800056570,NonLethal,Daylight,No,NoIntersection,Normal,2Vehicles-Side,1,Friday,14,False,False
201800057122,NonLethal,Daylight,Yes,NoIntersection,Normal,2Vehicles-BehindVehicles-Frontal,11,Thursday,12,False,False
201800006677,NonLethal,Daylight,No,NoIntersection,Normal,NoCollision,4,Thursday,9,False,False
201800047290,NonLethal,NightStreelightsOn,Yes,NoIntersection,Normal,Other,11,Friday,18,False,False
201800025459,NonLethal,NightStreelightsOn,Yes,T-type,Overcast,2Vehicles-Behind,8,Thursday,21,False,False
201800008129,NonLethal,NightStreelightsOn,Yes,NoIntersection,Normal,2Vehicles-Behind,11,Sunday,18,True,False
201800006042,NonLethal,NightNoStreetLight,No,NoIntersection,Normal,3+Vehicles-Chain,5,Sunday,23,True,False
201800039793,NonLethal,Daylight,Yes,X-type,Normal,2Vehicles-Side,4,Thursday,16,False,False
201800030948,NonLethal,TwilightOrDawn,Yes,NoIntersection,Normal,2Vehicles-Behind,11,Thursday,17,False,False
201800036421,NonLethal,Daylight,Yes,Roundabout,Normal,3+Vehicles-Chain,4,Monday,11,False,False
201800054762,NonLethal,NightStreelightsOn,Yes,NoIntersection,Normal,Other,7,Thursday,0,False,True
201800057700,NonLethal,Daylight,Yes,NoIntersection,Normal,2Vehicles-Behind,8,Saturday,15,True,False
201800047399,NonLethal,TwilightOrDawn,Yes,NoIntersection,Normal,NoCollision,5,Thursday,6,False,True
201800055710,NonLethal,Daylight,Yes,Y-type,LightRain,3+Vehicles-Chain,11,Wednesday,9,False,False
201800025785,NonLethal,Daylight,Yes,NoIntersection,Normal,Other,6,Saturday,14,True,False
201800011582,NonLethal,Daylight,No,NoIntersection,LightRain,Other,4,Saturday,13,True,False
201800027077,NonLethal,NightStreelightsOn,Yes,T-type,Normal,2Vehicles-Side,2,Monday,19,False,False
201800008919,NonLethal,Daylight,Yes,NoIntersection,Normal,2Vehicles-Behind,4,Thursday,8,False,False
201800004452,NonLethal,Daylight,Yes,NoIntersection,Normal,2Vehicles-Behind,3,Wednesday,14,False,False
201800050761,NonLethal,NightStreelightsOn,Yes,MoreThan4Branches,Normal,2Vehicles-Side,2,Saturday,19,True,False
201800019555,NonLethal,Daylight,Yes,NoIntersection,Normal,2Vehicles-BehindVehicles-Frontal,7,Wednesday,7,False,False
201800006190,NonLethal,NightNoStreetLight,No,NoIntersection,Normal,3+Vehicles-Chain,7,Tuesday,23,False,False
201800006678,Lethal,Daylight,No,NoIntersection,Normal,2Vehicles-BehindVehicles-Frontal,3,Tuesday,15,False,False
201800007863,NonLethal,Daylight,No,NoIntersection,Normal,3+Vehicles-Chain,8,Saturday,9,True,False
201800008209,NonLethal,Daylight,Yes,T-type,Normal,2Vehicles-Side,2,Friday,11,False,False
201800015665,NonLethal,Daylight,No,Roundabout,LightRain,2Vehicles-Behind,11,Friday,16,False,False
201800006732,NonLethal,TwilightOrDawn,No,NoIntersection,Normal,Other,9,Monday,19,False,False
201800033662,NonLethal,Daylight,Yes,Square,Normal,Other,6,Sunday,15,True,False
201800055719,NonLethal,Daylight,Yes,Y-type,Normal,3+Vehicles-Chain,3,Monday,11,False,False
201800015220,NonLethal,TwilightOrDawn,No,NoIntersection,Normal,2Vehicles-Side,10,Monday,7,False,False
201800023140,Lethal,Daylight,Yes,NoIntersection,Normal,2Vehicles-BehindVehicles-Frontal,2,Wednesday,9,False,False
201800001210,NonLethal,Daylight,Yes,NoIntersection,Normal,2Vehicles-Side,6,Friday,16,False,False
201800039390,NonLethal,Daylight,Yes,NoIntersection,Normal,2Vehicles-Behind,6,Thursday,16,False,False
201800004468,NonLethal,Daylight,Yes,T-type,Normal,2Vehicles-Behind,5,Thursday,18,False,False
201800030514,NonLethal,Daylight,Yes,Roundabout,Normal,2Vehicles-Behind,1,Thursday,14,False,False
201800007132,NonLethal,NightNoStreetLight,No,X-type,Normal,2Vehicles-Side,2,Sunday,19,True,False
201800018721,NonLethal,Daylight,Yes,T-type,Normal,2Vehicles-Behind,8,Thursday,17,False,False
201800024023,NonLethal,TwilightOrDawn,Yes,T-type,Normal,2Vehicles-Side,10,Saturday,19,True,False
201800050874,NonLethal,Daylight,Yes,NoIntersection,Normal,Other,3,Monday,9,False,False
201800030279,NonLethal,Daylight,Yes,NoIntersection,Normal,2Vehicles-Side,6,Wednesday,14,False,False
201800032043,NonLethal,NightStreelightsOn,Yes,NoIntersection,Normal,Other,12,Monday,17,False,False
201800012961,Lethal,Daylight,No,NoIntersection,Normal,NoCollision,11,Tuesday,15,False,False
201800018167,NonLethal,NightNoStreetLight,No,NoIntersection,Normal,2Vehicles-Behind,12,Wednesday,18,False,False
201800032259,NonLethal,Daylight,Yes,NoIntersection,Normal,2Vehicles-Side,10,Tuesday,15,False,False
201800039534,NonLethal,NightStreelightsOn,Yes,Other,Overcast,2Vehicles-Side,11,Tuesday,5,False,True
201800008826,NonLethal,Daylight,Yes,NoIntersection,LightRain,2Vehicles-Side,9,Tuesday,8,False,False
201800050514,NonLethal,Daylight,Yes,T-type,Normal,Other,12,Friday,11,False,False
201800007098,NonLethal,NightStreelightsOn,Yes,T-type,Normal,2Vehicles-Side,4,Thursday,18,False,False
201800021402,NonLethal,NightStreelightsOn,Yes,NoIntersection,Overcast,2Vehicles-BehindVehicles-Frontal,7,Wednesday,22,False,False
201800033221,NonLethal,Daylight,No,NoIntersection,Normal,Other,4,Saturday,17,True,False
201800024841,NonLethal,Daylight,Yes,X-type,Normal,2Vehicles-Side,7,Saturday,16,True,False
201800027739,NonLethal,Daylight,Yes,X-type,Normal,2Vehicles-Side,5,Tuesday,7,False,False
201800034505,NonLethal,TwilightOrDawn,Yes,NoIntersection,Normal,Other,12,Tuesday,8,False,False
201800050552,NonLethal,Daylight,Yes,T-type,Normal,Other,5,Thursday,16,False,False
201800045511,NonLethal,Daylight,No,NoIntersection,Normal,2Vehicles-Behind,11,Thursday,13,False,False
201800040986,NonLethal,NightNoStreetLight,Yes,NoIntersection,Normal,3+Vehicles-Multiple,1,Friday,4,False,True
201800052676,NonLethal,Daylight,Yes,Square,Overcast,Other,3,Thursday,11,False,False
201800016486,Lethal,Daylight,No,NoIntersection,Normal,Other,4,Monday,16,False,False
201800017387,NonLethal,Daylight,Yes,NoIntersection,Normal,2Vehicles-Behind,5,Wednesday,17,False,False
201800007556,NonLethal,Daylight,No,NoIntersection,Normal,2Vehicles-Side,4,Thursday,8,False,False
201800032781,Lethal,TwilightOrDawn,Yes,NoIntersection,Normal,NoCollision,7,Sunday,22,True,False
201800049441,NonLethal,NightNoStreetLight,No,NoIntersection,LightRain,2Vehicles-Behind,7,Friday,22,False,False
201800027122,NonLethal,NightStreelightsOn,Yes,NoIntersection,Normal,Other,1,Monday,22,False,False
201800038904,NonLethal,Daylight,Yes,NoIntersection,Overcast,NoCollision,12,Tuesday,9,False,False
201800024051,NonLethal,NightStreelightsOff,Yes,Y-type,Normal,Other,11,Thursday,18,False,False
201800040401,NonLethal,Daylight,Yes,Square,Normal,Other,3,Monday,18,False,False
201800016294,NonLethal,Daylight,No,NoIntersection,Normal,NoCollision,9,Thursday,11,False,False
201800030925,NonLethal,Daylight,Yes,NoIntersection,Normal,2Vehicles-Behind,10,Saturday,18,True,False
201800054845,NonLethal,Daylight,Yes,Square,Normal,Other,4,Wednesday,11,False,False
201800044308,NonLethal,TwilightOrDawn,No,NoIntersection,Normal,3+Vehicles-Chain,10,Sunday,17,True,False
201800009569,NonLethal,Daylight,Yes,NoIntersection,Normal,Other,8,Wednesday,13,False,False
201800030179,NonLethal,TwilightOrDawn,Yes,NoIntersection,Normal,2Vehicles-Behind,2,Friday,7,False,False
201800023818,NonLethal,NightNoStreetLight,Yes,NoIntersection,HeavyRain,NoCollision,4,Monday,23,False,False
201800050047,NonLethal,Daylight,No,NoIntersection,Normal,2Vehicles-Side,8,Friday,7,False,False
201800019347,NonLethal,Daylight,No,NoIntersection,Normal,2Vehicles-Side,4,Thursday,16,False,False
201800025774,NonLethal,NightStreelightsOn,Yes,NoIntersection,LightRain,2Vehicles-Side,12,Monday,19,False,False
201800026589,NonLethal,NightNoStreetLight,No,NoIntersection,Normal,2Vehicles-Behind,5,Thursday,21,False,False
201800039556,NonLethal,NightStreelightsOn,No,NoIntersection,LightRain,2Vehicles-Side,4,Wednesday,23,False,False
201800054969,NonLethal,NightStreelightsOn,Yes,X-type,Normal,2Vehicles-Side,3,Sunday,23,True,False
201800016927,Lethal,NightNoStreetLight,Yes,NoIntersection,Normal,Other,1,Saturday,20,True,False
201800023795,NonLethal,Daylight,Yes,NoIntersection,Normal,2Vehicles-BehindVehicles-Frontal,4,Sunday,15,True,False
201800029223,NonLethal,Daylight,Yes,NoIntersection,Normal,2Vehicles-Behind,7,Tuesday,19,False,False
201800046017,NonLethal,Daylight,No,NoIntersection,Normal,2Vehicles-Behind,7,Thursday,18,False,False
201800044435,NonLethal,Daylight,No,NoIntersection,LightRain,2Vehicles-Behind,12,Thursday,8,False,False
201800051303,NonLethal,Daylight,Yes,NoIntersection,Normal,2Vehicles-Side,12,Saturday,11,True,False
201800001002,NonLethal,Daylight,No,NoIntersection,Normal,NoCollision,8,Wednesday,18,False,False
201800019965,NonLethal,NightNoStreetLight,Yes,NoIntersection,Normal,2Vehicles-Behind,1,Friday,20,False,False
201800009336,NonLethal,Daylight,Yes,X-type,Normal,2Vehicles-Side,7,Tuesday,11,False,False
201800041596,NonLethal,Daylight,Yes,Other,Normal,Other,9,Wednesday,15,False,False
201800018920,NonLethal,NightStreelightsOn,Yes,Roundabout,Normal,NoCollision,7,Wednesday,2,False,True
201800000364,NonLethal,Daylight,Yes,NoIntersection,Normal,NoCollision,9,Tuesday,9,False,False
201800038440,NonLethal,NightStreelightsOn,Yes,NoIntersection,HeavyRain,Other,5,Tuesday,22,False,False
201800049086,NonLethal,TwilightOrDawn,No,NoIntersection,Normal,3+Vehicles-Chain,12,Friday,8,False,False
201800052207,NonLethal,NightStreelightsOn,Yes,X-type,Normal,NoCollision,10,Saturday,7,True,False
201800007976,NonLethal,NightNoStreetLight,No,Other,Normal,Other,11,Friday,19,False,False
201800032351,NonLethal,TwilightOrDawn,Yes,X-type,Overcast,2Vehicles-Side,1,Tuesday,7,False,False
201800055140,NonLethal,NightStreelightsOn,Yes,NoIntersection,Normal,3+Vehicles-Chain,9,Friday,5,False,True
201800057427,NonLethal,NightStreelightsOff,No,T-type,Normal,Other,3,Wednesday,20,False,False
201800045794,NonLethal,NightNoStreetLight,No,NoIntersection,Normal,Other,3,Saturday,20,True,False
201800005626,NonLethal,Daylight,No,NoIntersection,Normal,2Vehicles-Behind,3,Saturday,15,True,False
201800034394,NonLethal,Daylight,Yes,NoIntersection,Normal,Other,6,Wednesday,12,False,False
201800042375,NonLethal,Daylight,Yes,NoIntersection,Normal,Other,3,Saturday,17,True,False
201800031050,NonLethal,TwilightOrDawn,Yes,NoIntersection,Normal,Other,9,Saturday,6,True,True
201800023685,NonLethal,Daylight,No,Other,Normal,2Vehicles-Behind,5,Wednesday,7,False,False
201800035805,NonLethal,Daylight,Yes,NoIntersection,Normal,2Vehicles-Behind,4,Monday,15,False,False
201800013714,NonLethal,Daylight,Yes,NoIntersection,Normal,2Vehicles-BehindVehicles-Frontal,8,Monday,17,False,False
201800014631,NonLethal,NightNoStreetLight,No,Y-type,Normal,Other,7,Friday,0,False,True
201800006751,NonLethal,NightNoStreetLight,No,NoIntersection,Normal,Other,1,Thursday,22,False,False
201800042630,NonLethal,NightStreelightsOn,Yes,X-type,LightRain,NoCollision,12,Saturday,20,True,False
201800009698,NonLethal,Daylight,Yes,NoIntersection,Normal,Other,12,Sunday,11,True,False
201800002251,NonLethal,Daylight,Yes,Roundabout,Normal,2Vehicles-Side,6,Thursday,20,False,False
201800038980,NonLethal,Daylight,Yes,X-type,Normal,Other,12,Thursday,10,False,False
201800002231,NonLethal,Daylight,No,NoIntersection,Normal,3+Vehicles-Multiple,1,Tuesday,13,False,False
201800032725,NonLethal,Daylight,No,NoIntersection,Normal,NoCollision,5,Sunday,17,True,False
201800024925,NonLethal,Daylight,Yes,Other,Normal,2Vehicles-Side,9,Monday,19,False,False
201800052816,NonLethal,Daylight,Yes,NoIntersection,Normal,Other,9,Friday,12,False,False
201800038309,NonLethal,NightStreelightsOn,Yes,NoIntersection,Normal,NoCollision,1,Sunday,0,True,True
201800002291,NonLethal,Daylight,No,NoIntersection,Normal,3+Vehicles-Multiple,4,Sunday,11,True,False
201800026900,NonLethal,NightStreelightsOn,Yes,X-type,Normal,Other,8,Thursday,22,False,False
201800015071,NonLethal,Daylight,No,X-type,Normal,2Vehicles-Side,6,Saturday,19,True,False
201800028547,NonLethal,Daylight,Yes,NoIntersection,Normal,Other,9,Thursday,14,False,False
201800035793,NonLethal,NightNoStreetLight,Yes,NoIntersection,Normal,Other,7,Sunday,2,True,True
201800011235,NonLethal,Daylight,Yes,NoIntersection,Normal,2Vehicles-Side,5,Monday,6,False,True
201800048130,NonLethal,Daylight,Yes,NoIntersection,HeavyRain,Other,3,Thursday,11,False,False
201800002572,NonLethal,Daylight,No,T-type,Normal,3+Vehicles-Multiple,8,Friday,11,False,False
201800033381,NonLethal,Daylight,Yes,NoIntersection,LightRain,Other,12,Thursday,19,False,False
201800019205,NonLethal,Daylight,No,X-type,Normal,2Vehicles-BehindVehicles-Frontal,9,Tuesday,11,False,False
201800057079,NonLethal,NightStreelightsOn,Yes,T-type,Normal,Other,10,Friday,19,False,False
201800027255,NonLethal,Daylight,Yes,NoIntersection,Normal,Other,4,Sunday,18,True,False
201800000961,NonLethal,NightStreelightsOn,Yes,X-type,Overcast,2Vehicles-Side,1,Wednesday,19,False,False
201800056098,NonLethal,Daylight,No,NoIntersection,Normal,NoCollision,12,Monday,15,False,False
201800024282,NonLethal,NightStreelightsOn,Yes,X-type,Normal,3+Vehicles-Multiple,3,Tuesday,19,False,False
201800011877,NonLethal,Daylight,No,NoIntersection,Normal,Other,5,Thursday,19,False,False
201800033264,NonLethal,Daylight,Yes,T-type,Normal,2Vehicles-BehindVehicles-Frontal,12,Wednesday,10,False,False
201800056303,NonLethal,Daylight,Yes,X-type,Normal,2Vehicles-Side,5,Friday,8,False,False
201800031293,NonLethal,Daylight,Yes,NoIntersection,Normal,2Vehicles-Behind,8,Wednesday,18,False,False
201800011155,NonLethal,Daylight,Yes,Roundabout,Normal,2Vehicles-Side,5,Tuesday,12,False,False
201800005084,NonLethal,NightStreelightsOn,Yes,NoIntersection,Normal,2Vehicles-Side,9,Saturday,5,True,True
201800044132,NonLethal,Daylight,No,NoIntersection,Normal,3+Vehicles-Chain,7,Tuesday,13,False,False
201800024019,NonLethal,NightStreelightsOn,Yes,T-type,Overcast,2Vehicles-Side,10,Saturday,22,True,False
201800005788,NonLethal,Daylight,Yes,X-type,Normal,Other,9,Friday,17,False,False
201800030983,NonLethal,Daylight,Yes,X-type,Normal,2Vehicles-Side,2,Saturday,18,True,False
201800032096,NonLethal,NightNoStreetLight,Yes,NoIntersection,Normal,Other,12,Saturday,1,True,True
201800050260,NonLethal,Daylight,Yes,Y-type,Normal,2Vehicles-Side,5,Wednesday,12,False,False
201800033617,Lethal,NightStreelightsOff,No,NoIntersection,Normal,Other,6,Tuesday,0,False,True
201800023539,NonLethal,Daylight,No,NoIntersection,Normal,2Vehicles-Side,8,Thursday,7,False,False
201800042481,NonLethal,Daylight,Yes,NoIntersection,Normal,2Vehicles-Side,7,Sunday,18,True,False
201800052592,NonLethal,Daylight,Yes,X-type,LightRain,Other,12,Tuesday,7,False,False
201800002381,NonLethal,Daylight,No,X-type,Normal,2Vehicles-BehindVehicles-Frontal,9,Monday,18,False,False
201800056123,NonLethal,Daylight,Yes,NoIntersection,Normal,NoCollision,7,Thursday,5,False,True
201800016933,NonLethal,Daylight,Yes,Other,Normal,2Vehicles-Side,4,Friday,17,False,False
201800020553,NonLethal,NightStreelightsOn,Yes,NoIntersection,LightRain,Other,11,Monday,18,False,False
201800002232,NonLethal,TwilightOrDawn,Yes,NoIntersection,Normal,Other,2,Friday,17,False,False
201800004792,NonLethal,TwilightOrDawn,Yes,X-type,LightRain,2Vehicles-Side,12,Tuesday,7,False,False
201800014141,Lethal,NightNoStreetLight,No,NoIntersection,HeavyRain,Other,12,Friday,7,False,False
201800034644,NonLethal,NightStreelightsOn,Yes,NoIntersection,Normal,Other,11,Friday,18,False,False
201800006911,NonLethal,Daylight,No,NoIntersection,SnowOrHail,3+Vehicles-Chain,3,Friday,18,False,False
201800029986,NonLethal,NightStreelightsOn,No,X-type,Normal,2Vehicles-Side,2,Friday,19,False,False
201800038609,NonLethal,Daylight,Yes,NoIntersection,Normal,2Vehicles-Behind,7,Sunday,11,True,False
201800008009,NonLethal,Daylight,No,NoIntersection,Normal,3+Vehicles-Chain,9,Monday,9,False,False
201800021981,NonLethal,Daylight,No,NoIntersection,Normal,3+Vehicles-Multiple,10,Wednesday,16,False,False
201800012366,NonLethal,NightNoStreetLight,No,NoIntersection,Normal,Other,12,Monday,18,False,False
201800034904,NonLethal,NightNoStreetLight,No,X-type,Normal,2Vehicles-Side,4,Thursday,4,False,True
201800049453,NonLethal,Daylight,Yes,Other,Normal,2Vehicles-Behind,7,Sunday,18,True,False
201800022291,NonLethal,TwilightOrDawn,No,NoIntersection,Normal,Other,2,Saturday,19,True,False
201800010505,Lethal,Daylight,No,NoIntersection,Normal,2Vehicles-BehindVehicles-Frontal,6,Sunday,11,True,False
201800014145,Lethal,Daylight,No,Roundabout,Normal,Other,6,Thursday,18,False,False
201800037922,NonLethal,Daylight,Yes,Other,Normal,2Vehicles-Side,7,Friday,19,False,False
201800030308,NonLethal,NightStreelightsOn,Yes,Other,Overcast,2Vehicles-Behind,11,Thursday,2,False,True
201800011684,NonLethal,Daylight,No,X-type,Normal,2Vehicles-Side,4,Thursday,19,False,False
201800021441,NonLethal,Daylight,Yes,Other,Normal,2Vehicles-Side,10,Thursday,15,False,False
201800006180,NonLethal,Daylight,No,NoIntersection,Normal,2Vehicles-Behind,3,Monday,16,False,False
201800026313,NonLethal,Daylight,Yes,NoIntersection,Normal,Other,12,Monday,14,False,False
201800021406,NonLethal,Daylight,Yes,Other,Normal,2Vehicles-Side,4,Thursday,16,False,False
201800056192,NonLethal,NightStreelightsOn,Yes,NoIntersection,Normal,2Vehicles-BehindVehicles-Frontal,10,Friday,21,False,False
201800016762,NonLethal,Daylight,No,NoIntersection,Normal,Other,7,Monday,12,False,False
201800029207,NonLethal,NightStreelightsOn,Yes,Y-type,Normal,2Vehicles-BehindVehicles-Frontal,4,Saturday,4,True,True
201800046659,NonLethal,Daylight,No,NoIntersection,Normal,Other,8,Monday,19,False,False
201800012293,NonLethal,Daylight,No,NoIntersection,Normal,NoCollision,8,Tuesday,16,False,False
201800022449,NonLethal,Daylight,No,NoIntersection,Normal,Other,3,Tuesday,17,False,False
201800013853,NonLethal,NightNoStreetLight,No,NoIntersection,Normal,Other,7,Wednesday,5,False,True
201800024557,NonLethal,Daylight,Yes,Y-type,Normal,3+Vehicles-Multiple,4,Sunday,18,True,False
201800047991,NonLethal,TwilightOrDawn,No,NoIntersection,Normal,Other,11,Friday,18,False,False
201800016257,Lethal,TwilightOrDawn,Yes,NoIntersection,Normal,Other,2,Monday,17,False,False
201800050158,NonLethal,Daylight,No,NoIntersection,Normal,2Vehicles-Behind,8,Sunday,10,True,False
201800031553,NonLethal,Daylight,No,NoIntersection,Normal,NoCollision,8,Thursday,14,False,False
201800045903,NonLethal,Daylight,No,NoIntersection,Normal,3+Vehicles-Multiple,7,Friday,19,False,False
201800042679,NonLethal,Daylight,Yes,NoIntersection,Normal,3+Vehicles-Multiple,6,Monday,19,False,False
201800006981,NonLethal,NightNoStreetLight,No,Roundabout,Normal,Other,4,Sunday,2,True,True
201800046928,NonLethal,Daylight,No,NoIntersection,Normal,3+Vehicles-Multiple,3,Saturday,17,True,False
201800055950,NonLethal,NightStreelightsOn,No,NoIntersection,Normal,2Vehicles-Side,8,Tuesday,5,False,True
201800007766,NonLethal,Daylight,Yes,X-type,Normal,2Vehicles-Side,6,Sunday,10,True,False
201800015790,NonLethal,Daylight,Yes,NoIntersection,Normal,NoCollision,8,Friday,11,False,False
201800032481,NonLethal,Daylight,Yes,NoIntersection,Normal,Other,6,Wednesday,7,False,False
201800036451,NonLethal,Daylight,Yes,NoIntersection,Normal,NoCollision,7,Friday,17,False,False
201800010863,NonLethal,Daylight,Yes,NoIntersection,Normal,Other,8,Saturday,10,True,False
201800047168,NonLethal,NightNoStreetLight,Yes,Other,Normal,Other,1,Friday,17,False,False
201800010840,NonLethal,Daylight,No,NoIntersection,Normal,Other,8,Wednesday,18,False,False
201800032716,NonLethal,Daylight,No,T-type,Normal,2Vehicles-Side,4,Monday,16,False,False
201800002720,NonLethal,Daylight,Yes,NoIntersection,Normal,3+Vehicles-Multiple,5,Wednesday,11,False,False
201800020226,NonLethal,NightNoStreetLight,No,Roundabout,Normal,Other,9,Monday,20,False,False
201800021051,NonLethal,NightNoStreetLight,Yes,NoIntersection,Normal,3+Vehicles-Chain,10,Wednesday,18,False,False
201800005243,NonLethal,Daylight,Yes,NoIntersection,HeavyRain,2Vehicles-Side,6,Wednesday,17,False,False
201800023637,NonLethal,Daylight,Yes,NoIntersection,Overcast,2Vehicles-Side,7,Monday,11,False,False