AccidentId,Gravity,Light,InAgglomeration,IntersectionType,Weather,CollisionType,Month,DayOfWeek,HourOfDay,IsWeekend,IsNight
201800014719,NonLethal,Daylight,No,T-type,Normal,2Vehicles-Side,1,Sunday,14,True,False
201800041924,NonLethal,NightStreelightsOn,Yes,T-type,Normal,2Vehicles-Side,12,Friday,23,False,False
201800029907,NonLethal,NightNoStreetLight,No,NoIntersection,Normal,Other,11,Thursday,1,False,True
201800037431,NonLethal,Daylight,Yes,NoIntersection,Normal,Other,4,Thursday,8,False,False
201800037231,NonLethal,NightStreelightsOn,Yes,NoIntersection,Normal,Other,3,Saturday,21,True,False
201800054947,NonLethal,Daylight,Yes,T-type,Normal,Other,3,Friday,12,False,False
201800002708,NonLethal,Daylight,Yes,NoIntersection,Normal,2Vehicles-Side,12,Saturday,16,True,False
201800021173,NonLethal,NightNoStreetLight,Yes,NoIntersection,Normal,NoCollision,8,Sunday,0,True,True
201800038085,NonLethal,Daylight,Yes,NoIntersection,Normal,Other,3,Thursday,6,False,True
201800032150,NonLethal,TwilightOrDawn,No,NoIntersection,HeavyRain,2Vehicles-Behind,1,Monday,16,False,False
201800021098,NonLethal,Daylight,Yes,T-type,Normal,2Vehicles-Side,4,Saturday,15,True,False
201800038416,NonLethal,Daylight,Yes,T-type,Normal,2Vehicles-Side,7,Tuesday,12,False,False
201800034806,NonLethal,NightStreelightsOn,Yes,NoIntersection,Normal,Other,1,Friday,17,False,False
201800032378,NonLethal,Daylight,Yes,NoIntersection,Normal,Other,2,Monday,13,False,False
201800040819,NonLethal,Daylight,Yes,NoIntersection,Normal,Other,8,Thursday,16,False,False
201800048085,Lethal,Daylight,Yes,X-type,VeryGood,Other,2,Tuesday,9,False,False
201800013949,NonLethal,Daylight,Yes,X-type,Normal,2Vehicles-Side,9,Friday,11,False,False
201800000812,NonLethal,Daylight,Yes,NoIntersection,Normal,2Vehicles-Side,1,Tuesday,16,False,False
201800007372,NonLethal,Daylight,Yes,NoIntersection,Normal,2Vehicles-Side,7,Tuesday,13,False,False
201800046628,NonLethal,Daylight,No,NoIntersection,Normal,2Vehicles-Behind,5,Monday,15,False,False
201800056408,Lethal,NightNoStreetLight,No,NoIntersection,Normal,NoCollision,3,Sunday,6,True,True
201800051425,NonLethal,NightStreelightsOn,Yes,Square,LightRain,2Vehicles-Side,12,Friday,1,False,True
201800013243,NonLethal,Daylight,No,NoIntersection,Normal,2Vehicles-Behind,7,Saturday,16,True,False
201800043687,NonLethal,Daylight,Yes,NoIntersection,Normal,Other,6,Saturday,16,True,False
201800004455,NonLethal,Daylight,Yes,NoIntersection,Normal,2Vehicles-BehindVehicles-Frontal,4,Thursday,11,False,False
201800023628,NonLethal,NightStreelightsOn,Yes,NoIntersection,LightRain,2Vehicles-BehindVehicles-Frontal,5,Wednesday,22,False,False
201800043774,NonLethal,NightNoStreetLight,No,NoIntersection,HeavyRain,Other,3,Thursday,5,False,True
201800021878,Lethal,Daylight,No,NoIntersection,Normal,Other,4,Sunday,16,True,False
201800030711,NonLethal,NightStreelightsOn,Yes,Roundabout,LightRain,2Vehicles-Side,2,Thursday,4,False,True
201800034678,NonLethal,Daylight,No,NoIntersection,Normal,Other,4,Wednesday,7,False,False
201800057740,NonLethal,Daylight,Yes,NoIntersection,Normal,Other,10,Tuesday,14,False,False
201800013760,NonLethal,Daylight,Yes,T-type,Normal,Other,12,Wednesday,9,False,False
201800057030,NonLethal,NightStreelightsOn,Yes,NoIntersection,Normal,2Vehicles-Behind,8,Monday,1,False,True
201800021777,NonLethal,NightNoStreetLight,No,NoIntersection,LightRain,2Vehicles-Side,2,Monday,19,False,False
201800003809,NonLethal,Daylight,No,NoIntersection,Normal,2Vehicles-BehindVehicles-Frontal,4,Tuesday,16,False,False
201800022644,NonLethal,Daylight,No,NoIntersection,Normal,Other,2,Tuesday,13,False,False
201800024286,NonLethal,Daylight,Yes,T-type,Normal,2Vehicles-Side,3,Saturday,13,True,False
201800034490,NonLethal,Daylight,Yes,T-type,Normal,Other,9,Sunday,12,True,False
201800042086,NonLethal,NightStreelightsOn,Yes,X-type,Normal,Other,3,Monday,21,False,False
201800003288,NonLethal,Daylight,Yes,T-type,Normal,2Vehicles-Side,4,Friday,17,False,False
201800024055,NonLethal,NightStreelightsOn,Yes,Y-type,LightRain,2Vehicles-Behind,12,Monday,19,False,False
201800029960,NonLethal,NightStreelightsOn,Yes,T-type,Normal,2Vehicles-BehindVehicles-Frontal,6,Saturday,23,True,False
201800055568,NonLethal,Daylight,Yes,Y-type,Normal,2Vehicles-Side,8,Friday,14,False,False
201800026141,NonLethal,Daylight,Yes,T-type,Normal,2Vehicles-Side,8,Thursday,10,False,False
201800007867,NonLethal,Daylight,No,Roundabout,Normal,2Vehicles-Side,1,Friday,10,False,False
201800025146,Lethal,Daylight,No,NoIntersection,Normal,NoCollision,6,Sunday,19,True,False
201800052749,NonLethal,Daylight,Yes,Square,Normal,2Vehicles-Behind,6,Tuesday,13,False,False
201800039601,NonLethal,NightStreelightsOn,Yes,T-type,LightRain,2Vehicles-BehindVehicles-Frontal,12,Friday,1,False,True
201800001486,NonLethal,TwilightOrDawn,No,NoIntersection,FogOrSmoke,Other,11,Saturday,6,True,True
201800052098,NonLethal,Daylight,Yes,NoIntersection,Normal,Other,9,Friday,18,False,False
201800034334,NonLethal,Daylight,Yes,X-type,Normal,Other,9,Friday,19,False,False
201800038673,NonLethal,Daylight,Yes,NoIntersection,Normal,Other,3,Tuesday,10,False,False
201800014601,Lethal,Daylight,No,NoIntersection,Normal,2Vehicles-BehindVehicles-Frontal,7,Wednesday,16,False,False
201800036481,NonLethal,Daylight,Yes,NoIntersection,Normal,2Vehicles-Side,9,Monday,12,False,False
201800003060,NonLethal,Daylight,No,NoIntersection,Normal,2Vehicles-BehindVehicles-Frontal,7,Wednesday,13,False,False
201800037486,NonLethal,Daylight,Yes,NoIntersection,Normal,2Vehicles-Side,11,Friday,14,False,False
201800021807,NonLethal,TwilightOrDawn,No,Other,Normal,Other,10,Monday,17,False,False
201800021845,NonLethal,Daylight,No,T-type,Normal,2Vehicles-Side,4,Tuesday,15,False,False
201800004247,NonLethal,Daylight,No,NoIntersection,Normal,2Vehicles-Behind,2,Wednesday,9,False,False
201800014689,NonLethal,Daylight,No,NoIntersection,Normal,2Vehicles-BehindVehicles-Frontal,3,Saturday,17,True,False
201800045021,NonLethal,NightNoStreetLight,No,NoIntersection,Normal,Other,6,Thursday,2,False,True
201800004706,NonLethal,Daylight,No,NoIntersection,Normal,Other,11,Friday,16,False,False
201800023756,NonLethal,Daylight,Yes,NoIntersection,Normal,Other,9,Thursday,12,False,False
201800011724,NonLethal,Daylight,No,Roundabout,Normal,2Vehicles-Side,12,Wednesday,16,False,False
201800046514,NonLethal,Daylight,No,NoIntersection,Normal,2Vehicles-Side,11,Sunday,9,True,False
201800025374,NonLethal,Daylight,Yes,NoIntersection,LightRain,NoCollision,6,Saturday,19,True,False
201800028734,NonLethal,Daylight,No,NoIntersection,Normal,2Vehicles-BehindVehicles-Frontal,5,Sunday,16,True,False
201800024940,NonLethal,Daylight,Yes,Other,Normal,2Vehicles-Behind,10,Friday,8,False,False
201800024003,NonLethal,NightStreelightsOn,Yes,NoIntersection,Normal,Other,9,Friday,2,False,True
201800040747,NonLethal,Daylight,Yes,NoIntersection,Normal,2Vehicles-Side,4,Friday,15,False,False
201800001223,NonLethal,Daylight,Yes,X-type,Normal,Other,1,Tuesday,8,False,False
201800022103,NonLethal,Daylight,Yes,NoIntersection,Normal,3+Vehicles-Chain,8,Thursday,14,False,False
201800000098,Lethal,NightNoStreetLight,No,NoIntersection,Normal,3+Vehicles-Chain,11,Wednesday,18,False,False
201800016997,NonLethal,Daylight,No,X-type,Normal,2Vehicles-Side,8,Thursday,16,False,False
201800057090,NonLethal,Daylight,Yes,X-type,Normal,2Vehicles-Side,10,Saturday,12,True,False
201800046822,NonLethal,Daylight,No,NoIntersection,Normal,3+Vehicles-Multiple,8,Friday,16,False,False
201800056811,NonLethal,Daylight,No,NoIntersection,Normal,3+Vehicles-Multiple,10,Friday,10,False,False
201800048380,NonLethal,Daylight,Yes,NoIntersection,Normal,2Vehicles-Behind,3,Wednesday,10,False,False
201800044981,NonLethal,Daylight,No,NoIntersection,Normal,2Vehicles-Side,6,Thursday,8,False,False
201800016813,NonLethal,Daylight,No,NoIntersection,Normal,2Vehicles-BehindVehicles-Frontal,4,Wednesday,9,False,False
201800027495,NonLethal,Daylight,Yes,NoIntersection,Normal,Other,10,Tuesday,11,False,False
201800053660,NonLethal,Daylight,Yes,NoIntersection,LightRain,2Vehicles-Side,10,Monday,8,False,False
201800045292,NonLethal,Daylight,No,Other,Overcast,Other,7,Tuesday,13,False,False
201800031950,NonLethal,Daylight,Yes,T-type,Normal,2Vehicles-Side,1,Wednesday,7,False,False
201800042574,NonLethal,Daylight,Yes,NoIntersection,Normal,Other,10,Wednesday,12,False,False
201800050404,NonLethal,TwilightOrDawn,Yes,NoIntersection,Normal,2Vehicles-Side,11,Friday,19,False,False
201800008802,NonLethal,NightStreelightsOn,Yes,NoIntersection,Normal,Other,4,Friday,1,False,True
201800018343,NonLethal,Daylight,No,Y-type,Normal,NoCollision,11,Friday,16,False,False
201800045858,NonLethal,Daylight,Yes,NoIntersection,Normal,Other,5,Tuesday,19,False,False
201800014857,NonLethal,NightNoStreetLight,No,NoIntersection,LightRain,2Vehicles-BehindVehicles-Frontal,1,Sunday,1,True,True
201800029851,NonLethal,Daylight,Yes,NoIntersection,Normal,Other,10,Tuesday,16,False,False
201800034273,NonLethal,Daylight,Yes,NoIntersection,Normal,Other,12,Friday,11,False,False
201800022112,NonLethal,Daylight,Yes,T-type,Normal,2Vehicles-Behind,9,Thursday,15,False,False
201800036621,NonLethal,Daylight,Yes,Roundabout,Other,2Vehicles-Behind,3,Friday,12,False,False
201800056530,NonLethal,Daylight,Yes,T-type,Normal,Other,8,Tuesday,13,False,False
201800040826,NonLethal,Daylight,Yes,NoIntersection,Normal,Other,2,Wednesday,15,False,False
201800054734,NonLethal,Daylight,Yes,X-type,Normal,Other,5,Wednesday,11,False,False
201800025792,NonLethal,TwilightOrDawn,Yes,NoIntersection,Normal,Other,4,Sunday,20,True,False
201800038524,NonLethal,Daylight,Yes,T-type,Normal,2Vehicles-Side,12,Saturday,16,True,False
201800018675,NonLethal,Daylight,Yes,NoIntersection,Normal,Other,2,Saturday,10,True,False
201800055183,NonLethal,Daylight,Yes,NoIntersection,Normal,Other,11,Wednesday,9,False,False
201800009348,NonLethal,NightStreelightsOn,Yes,T-type,Normal,2Vehicles-Side,7,Thursday,0,False,True
201800050452,NonLethal,Daylight,Yes,Square,Normal,2Vehicles-Side,9,Wednesday,15,False,False
201800000909,NonLethal,NightNoStreetLight,No,NoIntersection,Normal,Other,6,Saturday,0,True,True
201800007348,NonLethal,Daylight,Yes,NoIntersection,Normal,Other,6,Thursday,18,False,False
201800017006,NonLethal,NightNoStreetLight,No,X-type,Normal,3+Vehicles-Multiple,11,Thursday,18,False,False
201800014569,NonLethal,NightNoStreetLight,Yes,NoIntersection,Other,NoCollision,5,Thursday,6,False,True
201800021167,NonLethal,Daylight,No,NoIntersection,Normal,2Vehicles-Behind,4,Saturday,15,True,False
201800002760,Lethal,Daylight,No,NoIntersection,Normal,2Vehicles-BehindVehicles-Frontal,9,Sunday,18,True,False
201800009450,NonLethal,Daylight,Yes,T-type,Normal,2Vehicles-Behind,7,Monday,16,False,False
201800011232,NonLethal,NightNoStreetLight,No,NoIntersection,LightRain,2Vehicles-Behind,3,Saturday,20,True,False
201800057161,NonLethal,NightNoStreetLight,Yes,NoIntersection,Normal,Other,2,Saturday,20,True,False
201800030267,NonLethal,NightStreelightsOn,Yes,X-type,LightRain,2Vehicles-BehindVehicles-Frontal,10,Thursday,6,False,True
201800009350,NonLethal,Daylight,Yes,NoIntersection,Normal,NoCollision,12,Friday,10,False,False
201800029826,NonLethal,Daylight,Yes,T-type,Normal,2Vehicles-Side,3,Friday,13,False,False
201800015329,NonLethal,Daylight,No,NoIntersection,Normal,Other,8,Thursday,19,False,False
201800053218,NonLethal,Daylight,Yes,NoIntersection,Normal,Other,12,Tuesday,10,False,False
201800048284,NonLethal,Daylight,Yes,NoIntersection,Normal,Other,5,Wednesday,9,False,False
201800051999,NonLethal,Daylight,Yes,MoreThan4Branches,Normal,2Vehicles-Side,4,Thursday,17,False,False
201800004324,Lethal,NightNoStreetLight,No,NoIntersection,Normal,Other,8,Friday,5,False,True
201800018575,NonLethal,Daylight,No,NoIntersection,Normal,2Vehicles-Side,8,Thursday,17,False,False
201800023333,NonLethal,Daylight,Yes,NoIntersection,Normal,Other,8,Saturday,12,True,False
201800044638,NonLethal,Daylight,No,NoIntersection,Normal,Other,2,Tuesday,17,False,False
201800008776,NonLethal,NightStreelightsOn,Yes,NoIntersection,Normal,Other,2,Sunday,2,True,True
201800013837,NonLethal,Daylight,Yes,NoIntersection,Normal,Other,7,Saturday,12,True,False
201800009983,NonLethal,Daylight,Yes,Other,Normal,Other,10,Thursday,9,False,False
201800029930,NonLethal,Daylight,Yes,T-type,Overcast,2Vehicles-Side,7,Friday,18,False,False
201800010220,NonLethal,Daylight,Yes,NoIntersection,Normal,2Vehicles-BehindVehicles-Frontal,12,Thursday,15,False,False
201800040987,NonLethal,NightStreelightsOn,Yes,NoIntersection,LightRain,2Vehicles-Behind,4,Thursday,7,False,False
201800011604,NonLethal,Daylight,No,NoIntersection,Normal,NoCollision,6,Sunday,12,True,False
201800007544,NonLethal,Daylight,No,NoIntersection,Normal,2Vehicles-Behind,4,Saturday,15,True,False
201800004662,NonLethal,NightNoStreetLight,No,NoIntersection,Normal,Other,3,Wednesday,19,False,False
201800044255,NonLethal,NightNoStreetLight,No,NoIntersection,Normal,3+Vehicles-Multiple,9,Sunday,20,True,False
201800030337,NonLethal,NightStreelightsOn,No,T-type,Normal,NoCollision,10,Saturday,20,True,False
201800007621,NonLethal,Daylight,No,NoIntersection,Normal,2Vehicles-Behind,5,Thursday,14,False,False
201800047329,NonLethal,Daylight,Yes,T-type,Normal,2Vehicles-Side,1,Thursday,10,False,False
201800009668,Lethal,Daylight,Yes,NoIntersection,Normal,2Vehicles-Side,7,Monday,14,False,False
201800026034,NonLethal,Daylight,Yes,NoIntersection,Normal,Other,9,Tuesday,11,False,False
201800004735,NonLethal,NightNoStreetLight,No,NoIntersection,Normal,Other,2,Sunday,22,True,False
201800020096,NonLethal,NightStreelightsOn,No,NoIntersection,Normal,2Vehicles-Side,2,Wednesday,18,False,False
201800033312,NonLethal,Daylight,Yes,NoIntersection,Normal,3+Vehicles-Chain,7,Wednesday,12,False,False
201800042826,NonLethal,NightStreelightsOn,Yes,X-type,Normal,2Vehicles-Side,2,Thursday,20,False,False
201800051567,NonLethal,Daylight,Yes,X-type,Normal,2Vehicles-Side,9,Monday,15,False,False
201800030979,NonLethal,NightStreelightsOn,Yes,NoIntersection,HeavyRain,2Vehicles-Side,1,Friday,17,False,False
201800044800,NonLethal,Daylight,No,NoIntersection,Normal,Other,4,Saturday,16,True,False
201800043177,NonLethal,Daylight,Yes,X-type,LightRain,Other,1,Thursday,8,False,False
201800032851,NonLethal,Daylight,No,NoIntersection,Normal,Other,1,Monday,12,False,False
201800035269,NonLethal,Daylight,Yes,X-type,VeryGood,2Vehicles-Side,2,Monday,9,False,False
201800015540,NonLethal,Daylight,No,X-type,Normal,2Vehicles-Side,1,Saturday,13,True,False
201800037776,NonLethal,NightStreelightsOn,Yes,X-type,Normal,2Vehicles-BehindVehicles-Frontal,2,Wednesday,22,False,False
201800045926,NonLethal,TwilightOrDawn,No,NoIntersection,VeryGood,2Vehicles-Side,6,Friday,21,False,False
201800012301,NonLethal,Daylight,Yes,NoIntersection,Normal,Other,7,Saturday,17,True,False
201800033510,NonLethal,Daylight,Yes,NoIntersection,Normal,2Vehicles-Side,2,Thursday,18,False,False
201800001674,NonLethal,NightStreelightsOn,Yes,NoIntersection,LightRain,NoCollision,8,Wednesday,21,False,False
201800033530,NonLethal,Daylight,Yes,NoIntersection,Normal,2Vehicles-Side,9,Wednesday,11,False,False
201800035223,NonLethal,Daylight,Yes,NoIntersection,Normal,Other,8,Tuesday,9,False,False
201800034950,NonLethal,TwilightOrDawn,No,X-type,LightRain,2Vehicles-Side,1,Thursday,9,False,False
201800033764,NonLethal,Daylight,Yes,T-type,Normal,3+Vehicles-Chain,4,Tuesday,9,False,False
201800020070,NonLethal,Daylight,No,X-type,HeavyRain,2Vehicles-Side,9,Saturday,14,True,False
201800006283,NonLethal,NightNoStreetLight,No,NoIntersection,Normal,NoCollision,4,Wednesday,21,False,False
201800022995,NonLethal,Daylight,Yes,NoIntersection,VeryGood,Other,3,Friday,16,False,False
201800052376,NonLethal,Daylight,Yes,NoIntersection,Normal,2Vehicles-Side,1,Thursday,15,False,False
201800052241,NonLethal,Daylight,Yes,X-type,Normal,Other,11,Thursday,16,False,False
201800055279,NonLethal,Daylight,Yes,NoIntersection,LightRain,3+Vehicles-Chain,3,Thursday,17,False,False
201800017207,Lethal,Daylight,No,NoIntersection,Normal,Other,11,Saturday,10,True,False
201800048787,NonLethal,NightStreelightsOn,Yes,X-type,Normal,Other,12,Monday,7,False,False
201800036581,NonLethal,TwilightOrDawn,Yes,NoIntersection,Normal,2Vehicles-Side,3,Friday,7,False,False
201800041245,NonLethal,Daylight,Yes,X-type,Normal,2Vehicles-Side,6,Wednesday,13,False,False
201800052762,NonLethal,Daylight,Yes,Square,Normal,Other,6,Wednesday,19,False,False
201800050079,NonLethal,Daylight,No,NoIntersection,Normal,2Vehicles-Side,10,Friday,15,False,False
201800030631,NonLethal,NightStreelightsOn,Yes,NoIntersection,LightRain,Other,11,Monday,18,False,False
201800046757,NonLethal,Daylight,No,NoIntersection,Normal,NoCollision,12,Friday,17,False,False
201800011891,NonLethal,NightNoStreetLight,No,NoIntersection,Normal,Other,5,Saturday,17,True,False
201800042018,NonLethal,Daylight,Yes,NoIntersection,Normal,Other,7,Monday,13,False,False
201800054502,NonLethal,Daylight,Yes,NoIntersection,Normal,Other,5,Tuesday,16,False,False
201800012064,NonLethal,NightNoStreetLight,No,NoIntersection,Normal,NoCollision,9,Friday,1,False,True
201800054131,NonLethal,Daylight,Yes,X-type,Normal,2Vehicles-Side,6,Friday,14,False,False
201800046200,NonLethal,NightNoStreetLight,No,NoIntersection,Normal,2Vehicles-Behind,11,Friday,1,False,True
201800057591,NonLethal,NightNoStreetLight,No,NoIntersection,Normal,2Vehicles-Side,3,Tuesday,19,False,False
201800008895,NonLethal,Daylight,Yes,Roundabout,Normal,2Vehicles-Side,4,Monday,8,False,False
201800025420,NonLethal,Daylight,Yes,NoIntersection,Normal,3+Vehicles-Chain,9,Friday,19,False,False
201800019229,NonLethal,Daylight,Yes,T-type,Normal,2Vehicles-Side,7,Sunday,10,True,False
201800029023,Lethal,Daylight,No,X-type,VeryGood,2Vehicles-Side,5,Thursday,16,False,False
201800049510,NonLethal,NightStreelightsOn,No,NoIntersection,Normal,2Vehicles-Behind,12,Thursday,5,False,True
201800021168,NonLethal,Daylight,Yes,X-type,VeryGood,2Vehicles-Side,4,Sunday,16,True,False
201800011533,NonLethal,Daylight,Yes,Y-type,Normal,2Vehicles-Behind,8,Saturday,18,True,False
201800003892,NonLethal,TwilightOrDawn,No,NoIntersection,Normal,NoCollision,8,Sunday,6,True,True
201800026780,NonLethal,Daylight,Yes,T-type,Normal,Other,4,Friday,13,False,False
201800030696,NonLethal,NightStreelightsOn,Yes,NoIntersection,Normal,3+Vehicles-Multiple,9,Sunday,0,True,True
201800011896,NonLethal,Daylight,No,NoIntersection,Normal,Other,5,Wednesday,13,False,False
201800053879,NonLethal,NightStreelightsOff,Yes,Y-type,LightRain,Other,9,Saturday,20,True,False
201800056756,NonLethal,NightStreelightsOn,Yes,NoIntersection,Normal,2Vehicles-BehindVehicles-Frontal,11,Friday,20,False,False
201800035261,NonLethal,Daylight,No,NoIntersection,LightRain,NoCollision,8,Friday,10,False,False
201800014071,NonLethal,NightStreelightsOn,Yes,Other,LightRain,2Vehicles-BehindVehicles-Frontal,6,Friday,19,False,False
201800014270,NonLethal,Daylight,No,NoIntersection,LightRain,Other,1,Monday,14,False,False
201800037615,NonLethal,NightStreelightsOn,Yes,X-type,Normal,2Vehicles-Side,7,Friday,1,False,True
201800025093,NonLethal,TwilightOrDawn,Yes,NoIntersection,Normal,2Vehicles-Side,12,Tuesday,16,False,False
201800012833,NonLethal,Daylight,No,Other,Normal,Other,4,Tuesday,17,False,False
201800006600,NonLethal,Daylight,No,NoIntersection,Normal,NoCollision,10,Monday,18,False,False
201800034735,NonLethal,NightStreelightsOn,Yes,NoIntersection,Normal,Other,1,Friday,20,False,False
201800054554,NonLethal,NightStreelightsOn,Yes,NoIntersection,Normal,3+Vehicles-Chain,10,Monday,20,False,False
201800006919,NonLethal,Daylight,No,NoIntersection,Normal,Other,7,Tuesday,12,False,False
201800003569,NonLethal,Daylight,Yes,NoIntersection,Normal,Other,4,Tuesday,9,False,False
201800048043,NonLethal,TwilightOrDawn,No,NoIntersection,LightRain,Other,1,Monday,8,False,False
201800054169,NonLethal,TwilightOrDawn,Yes,NoIntersection,Normal,3+Vehicles-Chain,7,Sunday,5,True,True
201800021302,NonLethal,Daylight,No,Roundabout,Normal,2Vehicles-Side,8,Thursday,15,False,False
201800027543,NonLethal,Daylight,Yes,NoIntersection,Overcast,Other,11,Friday,11,False,False
201800054679,NonLethal,TwilightOrDawn,Yes,X-type,Normal,2Vehicles-Side,12,Monday,6,False,True
201800007213,NonLethal,Daylight,No,NoIntersection,Overcast,Other,1,Friday,11,False,False
201800020713,NonLethal,Daylight,No,Roundabout,Overcast,2Vehicles-Side,5,Friday,9,False,False
201800036588,NonLethal,Daylight,Yes,NoIntersection,Other,Other,10,Thursday,10,False,False
201800002904,NonLethal,Daylight,Yes,X-type,Normal,2Vehicles-Side,7,Friday,7,False,False
201800039932,NonLethal,TwilightOrDawn,Yes,NoIntersection,LightRain,Other,11,Tuesday,16,False,False
201800039392,NonLethal,Daylight,Yes,NoIntersection,Normal,NoCollision,7,Monday,9,False,False
201800017645,Lethal,Daylight,No,NoIntersection,Overcast,2Vehicles-BehindVehicles-Frontal,5,Wednesday,17,False,False
201800056168,NonLethal,NightStreelightsOn,Yes,NoIntersection,Normal,Other,11,Saturday,21,True,False
201800014860,NonLethal,Daylight,No,NoIntersection,Normal,Other,3,Tuesday,16,False,False
201800042472,NonLethal,NightStreelightsOn,Yes,NoIntersection,Normal,2Vehicles-Behind,6,Sunday,22,True,False
201800033661,Lethal,Daylight,No,Roundabout,Normal,Other,8,Tuesday,18,False,False
201800053602,NonLethal,NightStreelightsOn,Yes,Square,FogOrSmoke,NoCollision,11,Friday,20,False,False
201800009056,NonLethal,Daylight,Yes,NoIntersection,Normal,Other,5,Friday,12,False,False
201800036590,Lethal,Daylight,Yes,NoIntersection,Normal,Other,4,Friday,13,False,False
201800027382,NonLethal,Daylight,Yes,NoIntersection,Normal,2Vehicles-Behind,7,Tuesday,19,False,False
201800002200,NonLethal,NightNoStreetLight,No,NoIntersection,SnowOrHail,NoCollision,3,Saturday,0,True,True
201800043984,NonLethal,Daylight,No,NoIntersection,Normal,2Vehicles-Side,12,Wednesday,11,False,False
201800039499,NonLethal,Daylight,Yes,NoIntersection,Normal,2Vehicles-Side,6,Wednesday,9,False,False
201800044706,NonLethal,NightNoStreetLight,No,NoIntersection,Normal,2Vehicles-Behind,3,Tuesday,23,False,False
201800056736,NonLethal,NightNoStreetLight,No,NoIntersection,Normal,Other,5,Saturday,22,True,False
201800034647,Lethal,NightNoStreetLight,No,NoIntersection,Normal,NoCollision,4,Wednesday,22,False,False
201800052082,NonLethal,Daylight,Yes,NoIntersection,Normal,NoCollision,6,Friday,16,False,False
201800000929,Lethal,NightNoStreetLight,No,NoIntersection,Normal,2Vehicles-BehindVehicles-Frontal,8,Saturday,3,True,True
201800050032,NonLethal,NightNoStreetLight,No,NoIntersection,Normal,3+Vehicles-Chain,12,Sunday,23,True,False
201800048608,NonLethal,Daylight,Yes,Other,Normal,Other,10,Tuesday,12,False,False
201800015561,NonLethal,Daylight,No,NoIntersection,VeryGood,2Vehicles-Side,12,Friday,16,False,False
201800045968,NonLethal,Daylight,No,NoIntersection,Normal,2Vehicles-Side,7,Monday,20,False,False
201800016121,NonLethal,Daylight,Yes,X-type,LightRain,3+Vehicles-Multiple,11,Sunday,9,True,False
201800029073,NonLethal,NightStreelightsOn,Yes,NoIntersection,LightRain,2Vehicles-Side,12,Monday,17,False,False
201800021829,NonLethal,NightStreelightsOn,No,NoIntersection,Normal,2Vehicles-BehindVehicles-Frontal,8,Saturday,21,True,False
201800010867,NonLethal,NightNoStreetLight,No,NoIntersection,Normal,Other,4,Sunday,4,True,True
201800040904,NonLethal,Daylight,Yes,NoIntersection,VeryGood,2Vehicles-Side,6,Thursday,11,False,False
201800054262,NonLethal,Daylight,Yes,NoIntersection,Normal,2Vehicles-Behind,11,Wednesday,14,False,False
201800042012,NonLethal,Daylight,Yes,T-type,Normal,2Vehicles-Side,6,Tuesday,15,False,False
201800013684,NonLethal,TwilightOrDawn,Yes,NoIntersection,Normal,3+Vehicles-Chain,7,Sunday,21,True,False
201800000728,NonLethal,Daylight,No,X-type,Normal,2Vehicles-Side,4,Saturday,11,True,False
201800042910,NonLethal,TwilightOrDawn,Yes,NoIntersection,Normal,Other,9,Monday,20,False,False
201800034882,NonLethal,Daylight,Yes,Square,Normal,2Vehicles-Behind,8,Tuesday,8,False,False
201800053379,NonLethal,Daylight,Yes,NoIntersection,Normal,2Vehicles-Side,5,Sunday,17,True,False
201800054134,NonLethal,Daylight,Yes,NoIntersection,Normal,Other,6,Tuesday,13,False,False
201800025218,NonLethal,Daylight,Yes,NoIntersection,Overcast,2Vehicles-Side,1,Saturday,12,True,False
201800001213,NonLethal,Daylight,No,NoIntersection,Normal,2Vehicles-Side,4,Monday,18,False,False
201800045193,NonLethal,Daylight,No,NoIntersection,Normal,NoCollision,12,Sunday,19,True,False
201800022023,NonLethal,Daylight,Yes,X-type,Normal,2Vehicles-Side,3,Wednesday,12,False,False
201800019423,NonLethal,NightNoStreetLight,No,NoIntersection,LightRain,NoCollision,10,Sunday,6,True,True
201800043140,NonLethal,Daylight,Yes,NoIntersection,Normal,Other,7,Wednesday,10,False,False
201800027285,NonLethal,Daylight,Yes,Roundabout,Normal,Other,11,Monday,14,False,False
201800005495,NonLethal,Daylight,Yes,NoIntersection,Normal,Other,11,Thursday,8,False,False
201800041622,NonLethal,NightStreelightsOn,Yes,NoIntersection,Normal,Other,11,Friday,18,False,False
201800030414,Lethal,Daylight,No,Roundabout,Normal,Other,8,Monday,11,False,False
201800010260,NonLethal,NightStreelightsOn,Yes,NoIntersection,Normal,NoCollision,12,Sunday,22,True,False
201800015153,Lethal,NightNoStreetLight,No,NoIntersection,FogOrSmoke,Other,10,Sunday,6,True,True
201800045310,NonLethal,Daylight,No,NoIntersection,Normal,2Vehicles-Behind,10,Wednesday,18,False,False
201800030572,NonLethal,Daylight,Yes,NoIntersection,Normal,Other,5,Thursday,18,False,False
201800003681,Lethal,Daylight,No,NoIntersection,Normal,Other,8,Tuesday,13,False,False
201800036023,NonLethal,NightNoStreetLight,No,NoIntersection,LightRain,2Vehicles-BehindVehicles-Frontal,3,Monday,1,False,True
201800032628,NonLethal,Daylight,Yes,NoIntersection,HeavyRain,Other,10,Monday,16,False,False
201800056674,NonLethal,NightStreelightsOn,No,NoIntersection,Normal,2Vehicles-Side,1,Friday,21,False,False