AccidentId,Gravity,Light,InAgglomeration,IntersectionType,Weather,CollisionType,Month,DayOfWeek,HourOfDay,IsWeekend,IsNight
201800039997,NonLethal,Daylight,Yes,NoIntersection,Normal,2Vehicles-BehindVehicles-Frontal,12,Sunday,19,True,False
201800022297,NonLethal,Daylight,No,NoIntersection,Normal,NoCollision,8,Friday,17,False,False
201800032556,NonLethal,Daylight,Yes,X-type,LightRain,2Vehicles-Side,9,Thursday,17,False,False
201800044605,NonLethal,NightStreelightsOff,No,NoIntersection,Normal,Other,2,Sunday,20,True,False
201800032555,NonLethal,Daylight,Yes,NoIntersection,Normal,3+Vehicles-Chain,9,Wednesday,12,False,False
201800000439,NonLethal,TwilightOrDawn,No,NoIntersection,LightRain,Other,3,Sunday,19,True,False
201800017903,NonLethal,Daylight,No,NoIntersection,Normal,Other,5,Saturday,16,True,False
201800028708,NonLethal,Daylight,Yes,NoIntersection,Normal,Other,10,Thursday,10,False,False
201800047323,NonLethal,NightStreelightsOn,Yes,T-type,LightRain,2Vehicles-Side,1,Tuesday,18,False,False
201800037235,NonLethal,Daylight,Yes,NoIntersection,Normal,2Vehicles-Behind,6,Saturday,19,True,False
201800029796,NonLethal,NightStreelightsOn,No,NoIntersection,Normal,Other,12,Wednesday,1,False,True
201800025324,NonLethal,Daylight,Yes,NoIntersection,Normal,2Vehicles-Side,5,Monday,17,False,False
201800054357,NonLethal,Daylight,Yes,NoIntersection,Normal,3+Vehicles-Chain,3,Monday,9,False,False
201800044632,NonLethal,NightNoStreetLight,No,NoIntersection,Normal,2Vehicles-Side,2,Thursday,19,False,False
201800003372,NonLethal,Daylight,Yes,NoIntersection,Normal,Other,12,Saturday,10,True,False
201800003648,NonLethal,NightNoStreetLight,No,NoIntersection,Other,Other,12,Friday,19,False,False
201800032044,NonLethal,NightStreelightsOn,Yes,NoIntersection,Normal,2Vehicles-Behind,11,Monday,19,False,False
201800028562,NonLethal,NightStreelightsOn,Yes,NoIntersection,Normal,2Vehicles-Side,10,Sunday,19,True,False
201800011181,NonLethal,Daylight,Yes,Other,Normal,2Vehicles-Side,4,Monday,16,False,False
201800039613,NonLethal,NightStreelightsOn,Yes,NoIntersection,Normal,2Vehicles-Side,1,Saturday,22,True,False
201800016693,NonLethal,Daylight,No,X-type,Normal,2Vehicles-BehindVehicles-Frontal,11,Wednesday,11,False,False
201800053807,NonLethal,Daylight,Yes,T-type,Normal,Other,6,Thursday,21,False,False
201800004910,NonLethal,Daylight,No,X-type,Normal,3+Vehicles-Chain,12,Monday,15,False,False
201800031078,NonLethal,Daylight,Yes,NoIntersection,Normal,2Vehicles-Side,11,Saturday,14,True,False
201800037626,NonLethal,NightStreelightsOn,Yes,X-type,Normal,2Vehicles-Side,8,Friday,21,False,False
201800023682,NonLethal,Daylight,No,NoIntersection,Normal,2Vehicles-Behind,8,Tuesday,13,False,False
201800026668,NonLethal,Daylight,Yes,X-type,Normal,2Vehicles-Side,7,Monday,8,False,False
201800049107,NonLethal,NightNoStreetLight,No,NoIntersection,LightRain,3+Vehicles-Chain,12,Wednesday,19,False,False
201800012055,NonLethal,Daylight,No,NoIntersection,SnowOrHail,NoCollision,7,Monday,10,False,False
201800037241,NonLethal,Daylight,Yes,NoIntersection,Normal,Other,4,Wednesday,8,False,False
201800038282,NonLethal,Daylight,Yes,NoIntersection,Normal,Other,4,Monday,16,False,False
201800012420,NonLethal,TwilightOrDawn,No,NoIntersection,Normal,2Vehicles-BehindVehicles-Frontal,2,Sunday,17,True,False
201800029479,NonLethal,Daylight,Yes,Other,Normal,2Vehicles-Side,7,Wednesday,11,False,False
201800010805,NonLethal,Daylight,No,NoIntersection,Normal,Other,8,Thursday,20,False,False
201800053128,NonLethal,Daylight,Yes,NoIntersection,Normal,Other,9,Wednesday,8,False,False
201800041362,NonLethal,NightStreelightsOn,Yes,NoIntersection,Normal,2Vehicles-Side,11,Monday,18,False,False
201800012573,NonLethal,NightStreelightsOn,Yes,NoIntersection,Normal,Other,4,Tuesday,23,False,False
201800021717,NonLethal,Daylight,No,NoIntersection,Normal,Other,10,Saturday,13,True,False
201800000727,Lethal,Daylight,No,NoIntersection,Normal,Other,3,Monday,18,False,False
201800015916,Lethal,TwilightOrDawn,No,NoIntersection,VeryGood,Other,10,Sunday,17,True,False
201800036839,NonLethal,Daylight,Yes,NoIntersection,Normal,3+Vehicles-Chain,7,Tuesday,12,False,False
201800019886,NonLethal,Daylight,No,NoIntersection,Overcast,NoCollision,2,Monday,8,False,False
201800019824,NonLethal,NightStreelightsOn,Yes,NoIntersection,LightRain,2Vehicles-Behind,12,Friday,17,False,False
201800010701,NonLethal,Daylight,No,NoIntersection,Normal,Other,9,Sunday,18,True,False
201800007232,NonLethal,Daylight,No,NoIntersection,Normal,2Vehicles-Side,4,Monday,17,False,False
201800046178,NonLethal,NightNoStreetLight,No,NoIntersection,Normal,2Vehicles-BehindVehicles-Frontal,10,Monday,7,False,False
201800010619,NonLethal,Daylight,No,T-type,Normal,2Vehicles-Behind,8,Saturday,12,True,False
201800037872,NonLethal,Daylight,Yes,NoIntersection,LightRain,Other,11,Sunday,10,True,False
201800002612,NonLethal,NightNoStreetLight,No,T-type,Overcast,Other,12,Sunday,3,True,True
201800045254,NonLethal,Daylight,No,NoIntersection,Normal,2Vehicles-Behind,9,Sunday,13,True,False
201800016698,NonLethal,Daylight,No,T-type,Normal,2Vehicles-Side,9,Saturday,16,True,False
201800012307,Lethal,Daylight,No,NoIntersection,LightRain,NoCollision,12,Thursday,16,False,False
201800023218,NonLethal,Daylight,Yes,NoIntersection,Normal,Other,5,Wednesday,15,False,False
201800020757,NonLethal,TwilightOrDawn,Yes,NoIntersection,Overcast,NoCollision,1,Tuesday,8,False,False
201800042331,NonLethal,NightStreelightsOn,Yes,NoIntersection,Normal,Other,7,Wednesday,23,False,False
201800012358,NonLethal,Daylight,Yes,NoIntersection,Normal,Other,7,Wednesday,14,False,False
201800051451,NonLethal,Daylight,Yes,X-type,StrongWindOrStorm,NoCollision,3,Thursday,9,False,False
201800007542,Lethal,Daylight,Yes,NoIntersection,Normal,Other,2,Monday,16,False,False
201800019826,NonLethal,NightStreelightsOn,Yes,Roundabout,Normal,2Vehicles-Behind,12,Wednesday,18,False,False
201800030649,NonLethal,Daylight,Yes,NoIntersection,Overcast,2Vehicles-Behind,1,Monday,12,False,False
201800029763,NonLethal,NightStreelightsOn,Yes,NoIntersection,Normal,Other,4,Thursday,1,False,True
201800050253,NonLethal,Daylight,Yes,T-type,Normal,2Vehicles-Behind,5,Wednesday,13,False,False
201800046190,NonLethal,NightNoStreetLight,No,NoIntersection,Normal,Other,10,Monday,1,False,True
201800028256,Lethal,Daylight,No,NoIntersection,Normal,NoCollision,12,Friday,16,False,False
201800008321,NonLethal,Daylight,Yes,Other,Normal,2Vehicles-Side,1,Tuesday,15,False,False
201800053988,NonLethal,Daylight,Yes,X-type,LightRain,Other,1,Wednesday,13,False,False
201800047876,NonLethal,TwilightOrDawn,Yes,NoIntersection,Normal,2Vehicles-BehindVehicles-Frontal,12,Tuesday,16,False,False
201800008641,NonLethal,Daylight,Yes,NoIntersection,Normal,3+Vehicles-Chain,7,Tuesday,12,False,False
201800015942,NonLethal,NightStreelightsOn,Yes,T-type,Normal,2Vehicles-Side,12,Saturday,18,True,False
201800008743,NonLethal,Daylight,Yes,Roundabout,Normal,2Vehicles-Side,3,Tuesday,15,False,False
201800048916,NonLethal,TwilightOrDawn,No,NoIntersection,Normal,2Vehicles-Behind,8,Monday,20,False,False
201800041243,NonLethal,Daylight,No,NoIntersection,Normal,2Vehicles-Behind,6,Monday,18,False,False
201800026238,NonLethal,Daylight,Yes,NoIntersection,Normal,Other,12,Wednesday,9,False,False
201800025455,NonLethal,Daylight,Yes,NoIntersection,Normal,3+Vehicles-Chain,8,Friday,17,False,False
201800043840,NonLethal,Daylight,No,Other,Normal,NoCollision,2,Sunday,15,True,False
201800029663,NonLethal,TwilightOrDawn,Yes,NoIntersection,Normal,Other,1,Wednesday,17,False,False
201800052626,NonLethal,NightStreelightsOff,Yes,X-type,LightRain,Other,12,Sunday,1,True,True
201800056466,NonLethal,NightNoStreetLight,No,NoIntersection,Overcast,2Vehicles-BehindVehicles-Frontal,12,Friday,23,False,False
201800018048,Lethal,Daylight,No,NoIntersection,Normal,3+Vehicles-Multiple,4,Sunday,16,True,False
201800016877,NonLethal,Daylight,No,X-type,FogOrSmoke,2Vehicles-Side,10,Tuesday,8,False,False
201800000077,NonLethal,Daylight,No,X-type,Normal,2Vehicles-Side,8,Saturday,13,True,False
201800005187,NonLethal,NightStreelightsOn,Yes,T-type,Normal,Other,12,Wednesday,18,False,False
201800007503,NonLethal,Daylight,Yes,NoIntersection,Normal,2Vehicles-Behind,8,Saturday,9,True,False
201800015248,NonLethal,Daylight,No,NoIntersection,Normal,Other,5,Monday,7,False,False
201800027144,NonLethal,NightNoStreetLight,Yes,NoIntersection,Normal,NoCollision,2,Friday,19,False,False
201800044152,NonLethal,Daylight,No,NoIntersection,Normal,2Vehicles-Side,7,Tuesday,17,False,False
201800050088,NonLethal,Daylight,No,NoIntersection,Overcast,2Vehicles-Behind,10,Tuesday,14,False,False
201800037823,NonLethal,Daylight,Yes,NoIntersection,Normal,3+Vehicles-Chain,6,Saturday,21,True,False
201800041475,NonLethal,Daylight,Yes,NoIntersection,Normal,Other,8,Sunday,19,True,False
201800019101,NonLethal,Daylight,No,NoIntersection,Normal,NoCollision,9,Monday,18,False,False
201800019010,NonLethal,Daylight,Yes,Y-type,LightRain,2Vehicles-Behind,10,Thursday,14,False,False
201800045046,NonLethal,Daylight,No,NoIntersection,Normal,3+Vehicles-Multiple,5,Monday,17,False,False
201800036280,NonLethal,Daylight,Yes,NoIntersection,Normal,Other,7,Wednesday,19,False,False
201800041188,NonLethal,Daylight,Yes,X-type,Normal,2Vehicles-Side,1,Wednesday,11,False,False
201800029241,NonLethal,Daylight,Yes,NoIntersection,Normal,Other,9,Tuesday,10,False,False
201800012662,NonLethal,Daylight,Yes,NoIntersection,Normal,Other,5,Tuesday,7,False,False
201800053352,NonLethal,NightStreelightsOn,Yes,T-type,LightRain,Other,4,Monday,0,False,True
201800015522,NonLethal,Daylight,No,NoIntersection,Normal,Other,1,Monday,14,False,False
201800002060,NonLethal,TwilightOrDawn,No,Other,Normal,Other,8,Wednesday,20,False,False
201800015065,NonLethal,Daylight,No,X-type,Normal,2Vehicles-Side,1,Saturday,8,True,False
201800020939,NonLethal,Daylight,No,NoIntersection,Normal,2Vehicles-Side,9,Thursday,15,False,False
201800056963,NonLethal,NightStreelightsOn,Yes,NoIntersection,Normal,2Vehicles-Side,5,Sunday,20,True,False
201800026119,NonLethal,Daylight,Yes,NoIntersection,Normal,Other,5,Monday,11,False,False
201800001184,NonLethal,NightNoStreetLight,No,T-type,Normal,Other,4,Sunday,23,True,False
201800022880,NonLethal,Daylight,Yes,NoIntersection,Normal,Other,11,Thursday,16,False,False
201800018030,NonLethal,TwilightOrDawn,No,X-type,Normal,Other,4,Friday,21,False,False
201800045654,NonLethal,TwilightOrDawn,No,NoIntersection,LightRain,2Vehicles-Behind,1,Thursday,19,False,False
201800004462,NonLethal,Daylight,Yes,NoIntersection,Normal,3+Vehicles-Chain,5,Saturday,11,True,False
201800026254,NonLethal,Daylight,Yes,NoIntersection,Normal,Other,11,Friday,17,False,False
201800047637,NonLethal,Daylight,Yes,NoIntersection,Normal,Other,6,Friday,9,False,False
201800033805,NonLethal,NightStreelightsOn,Yes,NoIntersection,Normal,Other,6,Saturday,0,True,True
201800015183,NonLethal,Daylight,No,T-type,Normal,2Vehicles-Side,11,Saturday,15,True,False
201800043959,NonLethal,Daylight,No,NoIntersection,LightRain,Other,4,Sunday,13,True,False
201800054025,NonLethal,Daylight,Yes,T-type,LightRain,2Vehicles-Side,3,Sunday,10,True,False
201800021165,NonLethal,NightNoStreetLight,No,NoIntersection,Other,NoCollision,3,Saturday,5,True,True
201800055076,NonLethal,Daylight,Yes,X-type,Normal,Other,7,Saturday,8,True,False
201800017565,NonLethal,Daylight,No,NoIntersection,Normal,NoCollision,2,Sunday,11,True,False
201800051326,NonLethal,Daylight,Yes,X-type,LightRain,Other,3,Tuesday,9,False,False
201800004286,NonLethal,Daylight,Yes,NoIntersection,Normal,Other,8,Thursday,15,False,False
201800019664,NonLethal,Daylight,Yes,NoIntersection,Normal,2Vehicles-Behind,6,Monday,17,False,False
201800051588,NonLethal,Daylight,Yes,T-type,Normal,2Vehicles-BehindVehicles-Frontal,10,Wednesday,8,False,False
201800021036,NonLethal,NightStreelightsOn,Yes,T-type,Normal,2Vehicles-Side,9,Sunday,22,True,False
201800022979,NonLethal,NightStreelightsOn,Yes,NoIntersection,Normal,2Vehicles-BehindVehicles-Frontal,3,Thursday,20,False,False
201800035012,NonLethal,Daylight,Yes,X-type,Normal,2Vehicles-Side,3,Wednesday,10,False,False
201800045990,NonLethal,Daylight,No,NoIntersection,Normal,NoCollision,12,Friday,9,False,False
201800008178,NonLethal,Daylight,No,NoIntersection,Normal,2Vehicles-BehindVehicles-Frontal,8,Monday,12,False,False
201800044154,NonLethal,Daylight,No,NoIntersection,Normal,2Vehicles-Behind,8,Wednesday,9,False,False
201800023182,NonLethal,Daylight,Yes,NoIntersection,Normal,Other,8,Tuesday,19,False,False
201800021574,NonLethal,NightStreelightsOn,Yes,NoIntersection,Overcast,Other,12,Sunday,17,True,False
201800013437,NonLethal,TwilightOrDawn,No,NoIntersection,Normal,Other,5,Saturday,5,True,True
201800049108,NonLethal,NightStreelightsOn,No,NoIntersection,Normal,2Vehicles-Behind,12,Thursday,18,False,False
201800048632,NonLethal,Daylight,Yes,T-type,Normal,2Vehicles-Side,10,Monday,10,False,False
201800043420,NonLethal,Daylight,Yes,NoIntersection,Normal,Other,3,Saturday,10,True,False
201800004890,NonLethal,Daylight,Yes,NoIntersection,Normal,Other,8,Sunday,15,True,False
201800049696,NonLethal,NightNoStreetLight,No,NoIntersection,Normal,2Vehicles-Behind,2,Thursday,19,False,False
201800026304,NonLethal,NightNoStreetLight,No,NoIntersection,Normal,Other,3,Tuesday,21,False,False
201800018982,NonLethal,Daylight,No,NoIntersection,Normal,Other,3,Tuesday,19,False,False
201800040096,NonLethal,Daylight,Yes,T-type,Normal,2Vehicles-Side,4,Friday,13,False,False
201800024299,Lethal,Daylight,Yes,NoIntersection,LightRain,Other,4,Thursday,9,False,False
201800056737,NonLethal,Daylight,Yes,NoIntersection,Normal,Other,5,Tuesday,10,False,False
201800016415,NonLethal,NightStreelightsOn,Yes,Roundabout,LightRain,Other,11,Monday,18,False,False
201800055540,NonLethal,NightStreelightsOn,Yes,NoIntersection,Normal,2Vehicles-Behind,7,Tuesday,0,False,True
201800036222,NonLethal,Daylight,Yes,T-type,LightRain,2Vehicles-Behind,10,Wednesday,11,False,False
201800019196,NonLethal,Daylight,Yes,NoIntersection,Normal,2Vehicles-Side,4,Sunday,14,True,False
201800048615,NonLethal,Daylight,Yes,Other,Normal,2Vehicles-Side,10,Thursday,13,False,False
201800015647,Lethal,NightNoStreetLight,No,NoIntersection,Normal,2Vehicles-BehindVehicles-Frontal,1,Saturday,18,True,False
201800031351,NonLethal,Daylight,No,NoIntersection,Normal,3+Vehicles-Chain,11,Wednesday,8,False,False
201800013806,NonLethal,Daylight,No,NoIntersection,LightRain,NoCollision,7,Wednesday,11,False,False
201800005376,NonLethal,Daylight,Yes,NoIntersection,LightRain,NoCollision,4,Thursday,8,False,False
201800053806,NonLethal,NightStreelightsOn,Yes,T-type,Normal,2Vehicles-Side,6,Thursday,0,False,True
201800006951,NonLethal,Daylight,No,NoIntersection,Normal,3+Vehicles-Multiple,9,Wednesday,12,False,False
201800046681,NonLethal,Daylight,No,NoIntersection,Normal,3+Vehicles-Chain,6,Monday,14,False,False
201800027560,NonLethal,NightStreelightsOn,Yes,NoIntersection,Overcast,Other,12,Sunday,21,True,False
201800026267,NonLethal,Daylight,Yes,NoIntersection,Overcast,Other,1,Saturday,16,True,False
201800006792,NonLethal,Daylight,No,NoIntersection,Normal,3+Vehicles-Multiple,3,Wednesday,17,False,False
201800044848,NonLethal,Daylight,No,NoIntersection,Normal,2Vehicles-Side,5,Tuesday,17,False,False
201800054652,NonLethal,TwilightOrDawn,Yes,T-type,Normal,2Vehicles-Side,1,Wednesday,18,False,False
201800033542,NonLethal,NightStreelightsOn,Yes,NoIntersection,Normal,NoCollision,9,Saturday,19,True,False
201800041041,NonLethal,Daylight,Yes,NoIntersection,Normal,2Vehicles-Side,7,Friday,15,False,False
201800036133,NonLethal,Daylight,Yes,NoIntersection,Normal,2Vehicles-Behind,7,Friday,14,False,False
201800033754,NonLethal,Daylight,No,NoIntersection,Normal,2Vehicles-Behind,4,Friday,15,False,False
201800005200,NonLethal,Daylight,Yes,NoIntersection,Normal,Other,2,Friday,16,False,False
201800003461,NonLethal,NightNoStreetLight,No,NoIntersection,Normal,Other,9,Thursday,21,False,False
201800034918,Lethal,Daylight,Yes,X-type,VeryGood,2Vehicles-BehindVehicles-Frontal,10,Wednesday,9,False,False
201800023016,NonLethal,Daylight,Yes,NoIntersection,Normal,Other,4,Wednesday,9,False,False
201800018714,NonLethal,Daylight,Yes,NoIntersection,LightRain,Other,4,Monday,14,False,False
201800000573,NonLethal,Daylight,Yes,X-type,Normal,2Vehicles-Side,2,Tuesday,16,False,False
201800019946,NonLethal,NightNoStreetLight,No,NoIntersection,Normal,2Vehicles-BehindVehicles-Frontal,9,Wednesday,20,False,False
201800010945,NonLethal,Daylight,No,NoIntersection,Normal,NoCollision,5,Thursday,9,False,False
201800033628,NonLethal,TwilightOrDawn,Yes,X-type,Normal,2Vehicles-Side,3,Friday,18,False,False
201800030965,NonLethal,NightStreelightsOn,Yes,NoIntersection,Normal,3+Vehicles-Chain,12,Tuesday,19,False,False
201800013105,NonLethal,Daylight,Yes,NoIntersection,Normal,2Vehicles-BehindVehicles-Frontal,3,Sunday,17,True,False
201800049248,NonLethal,Daylight,No,NoIntersection,Normal,2Vehicles-Side,9,Wednesday,8,False,False
201800018582,NonLethal,Daylight,Yes,NoIntersection,Normal,2Vehicles-Side,10,Thursday,11,False,False
201800019864,NonLethal,Daylight,Yes,T-type,Normal,2Vehicles-Side,8,Tuesday,11,False,False
201800031305,NonLethal,Daylight,No,T-type,Normal,2Vehicles-Side,8,Wednesday,18,False,False
201800051609,NonLethal,NightStreelightsOn,Yes,X-type,Normal,Other,11,Wednesday,18,False,False
201800017502,Lethal,Daylight,No,NoIntersection,Normal,Other,5,Wednesday,20,False,False
201800027952,NonLethal,Daylight,Yes,NoIntersection,VeryGood,Other,2,Tuesday,11,False,False
201800056959,NonLethal,Daylight,Yes,X-type,LightRain,2Vehicles-Side,5,Friday,10,False,False
201800037051,NonLethal,Daylight,No,NoIntersection,Normal,2Vehicles-Side,8,Monday,7,False,False
201800042865,NonLethal,Daylight,Yes,X-type,Normal,2Vehicles-Side,5,Thursday,17,False,False
201800031131,NonLethal,Daylight,Yes,NoIntersection,Normal,Other,10,Wednesday,10,False,False
201800019893,NonLethal,NightNoStreetLight,No,X-type,FogOrSmoke,Other,11,Saturday,8,True,False
201800046632,NonLethal,Daylight,No,NoIntersection,Normal,2Vehicles-Behind,5,Tuesday,16,False,False
201800032053,NonLethal,NightStreelightsOn,Yes,NoIntersection,LightRain,Other,12,Wednesday,16,False,False
201800051481,NonLethal,TwilightOrDawn,Yes,X-type,LightRain,2Vehicles-Behind,4,Monday,23,False,False
201800020272,NonLethal,NightStreelightsOff,Yes,NoIntersection,Overcast,NoCollision,5,Friday,23,False,False
201800051004,NonLethal,Daylight,Yes,NoIntersection,Normal,Other,2,Tuesday,11,False,False
201800004633,NonLethal,TwilightOrDawn,Yes,NoIntersection,Normal,2Vehicles-Side,11,Thursday,17,False,False
201800057380,NonLethal,Daylight,Yes,X-type,Normal,2Vehicles-Side,4,Wednesday,10,False,False
201800050513,NonLethal,NightStreelightsOn,Yes,X-type,Normal,Other,12,Thursday,0,False,True
201800044773,NonLethal,Daylight,No,NoIntersection,LightRain,Other,4,Saturday,11,True,False
201800031092,NonLethal,Daylight,Yes,NoIntersection,Normal,2Vehicles-Behind,12,Friday,17,False,False
201800045280,NonLethal,NightStreelightsOn,No,NoIntersection,Normal,3+Vehicles-Chain,5,Thursday,20,False,False
201800025200,NonLethal,NightNoStreetLight,Yes,NoIntersection,LightRain,3+Vehicles-Chain,1,Saturday,20,True,False
201800034685,NonLethal,Daylight,Yes,NoIntersection,Normal,2Vehicles-Side,5,Thursday,18,False,False
201800055795,NonLethal,Daylight,No,X-type,Normal,2Vehicles-Side,6,Friday,14,False,False
201800005615,NonLethal,Daylight,No,X-type,LightRain,Other,3,Thursday,17,False,False
201800024921,NonLethal,Daylight,Yes,NoIntersection,Normal,Other,9,Sunday,18,True,False
201800001951,NonLethal,Daylight,Yes,NoIntersection,Normal,Other,4,Wednesday,8,False,False
201800054422,NonLethal,NightStreelightsOn,Yes,Y-type,Normal,2Vehicles-Side,5,Thursday,23,False,False
201800051099,NonLethal,Daylight,Yes,Square,Normal,2Vehicles-Side,6,Sunday,16,True,False
201800056892,NonLethal,NightStreelightsOn,Yes,Roundabout,Normal,2Vehicles-Behind,5,Friday,18,False,False
201800039915,NonLethal,TwilightOrDawn,Yes,NoIntersection,Normal,2Vehicles-BehindVehicles-Frontal,9,Monday,19,False,False
201800001108,Lethal,Daylight,Yes,NoIntersection,Normal,Other,2,Friday,13,False,False
201800053854,NonLethal,NightStreelightsOn,Yes,T-type,LightRain,Other,8,Friday,0,False,True
201800057154,NonLethal,Daylight,Yes,NoIntersection,Normal,2Vehicles-BehindVehicles-Frontal,1,Monday,18,False,False
201800003186,NonLethal,Daylight,No,NoIntersection,Normal,3+Vehicles-Multiple,8,Saturday,14,True,False
201800008325,NonLethal,Daylight,Yes,NoIntersection,LightRain,2Vehicles-Side,1,Wednesday,8,False,False
201800040615,NonLethal,Daylight,Yes,X-type,LightRain,NoCollision,8,Wednesday,14,False,False
201800002899,NonLethal,NightStreelightsOn,Yes,NoIntersection,Normal,Other,12,Tuesday,18,False,False
201800037822,NonLethal,Daylight,Yes,NoIntersection,Normal,2Vehicles-BehindVehicles-Frontal,6,Friday,18,False,False
201800014326,NonLethal,Daylight,No,NoIntersection,Normal,2Vehicles-Behind,8,Monday,18,False,False
201800015261,NonLethal,Daylight,No,NoIntersection,Normal,Other,4,Sunday,12,True,False
201800048888,NonLethal,NightStreelightsOn,No,NoIntersection,LightRain,Other,4,Saturday,22,True,False
201800028542,NonLethal,Daylight,Yes,NoIntersection,Normal,3+Vehicles-Multiple,9,Tuesday,13,False,False
201800054180,NonLethal,Daylight,Yes,X-type,Normal,2Vehicles-Side,8,Tuesday,9,False,False
201800023128,NonLethal,Daylight,No,NoIntersection,Normal,3+Vehicles-Chain,6,Friday,16,False,False
201800001860,NonLethal,NightNoStreetLight,No,NoIntersection,LightRain,2Vehicles-BehindVehicles-Frontal,5,Sunday,23,True,False
201800057059,NonLethal,Daylight,Yes,NoIntersection,Normal,2Vehicles-Side,5,Thursday,12,False,False
201800026945,NonLethal,Daylight,Yes,NoIntersection,Normal,2Vehicles-Side,5,Thursday,16,False,False
201800047521,NonLethal,NightStreelightsOn,Yes,Other,LightRain,Other,5,Sunday,22,True,False
201800019301,NonLethal,Daylight,Yes,NoIntersection,Normal,Other,5,Monday,15,False,False
201800019094,NonLethal,NightNoStreetLight,No,NoIntersection,Normal,Other,3,Thursday,0,False,True
201800024015,NonLethal,Daylight,Yes,Roundabout,Normal,Other,10,Wednesday,19,False,False
201800001436,NonLethal,NightStreelightsOn,Yes,NoIntersection,Normal,NoCollision,10,Friday,22,False,False
201800010015,NonLethal,NightStreelightsOn,Yes,NoIntersection,LightRain,Other,10,Wednesday,7,False,False
201800014783,NonLethal,Daylight,No,NoIntersection,Normal,2Vehicles-Behind,3,Monday,14,False,False
201800050264,NonLethal,Daylight,Yes,X-type,Normal,2Vehicles-Side,5,Friday,12,False,False
201800029007,NonLethal,Daylight,Yes,Other,Normal,2Vehicles-Side,8,Tuesday,16,False,False
201800039925,NonLethal,Daylight,Yes,NoIntersection,Normal,2Vehicles-Behind,6,Monday,9,False,False
201800013943,NonLethal,Daylight,Yes,NoIntersection,Normal,Other,1,Sunday,15,True,False
201800008953,NonLethal,Daylight,Yes,T-type,Normal,2Vehicles-BehindVehicles-Frontal,5,Friday,9,False,False
201800037828,NonLethal,Daylight,Yes,NoIntersection,Normal,Other,7,Monday,17,False,False
201800056607,NonLethal,Daylight,Yes,NoIntersection,Normal,2Vehicles-BehindVehicles-Frontal,5,Friday,12,False,False
201800001669,NonLethal,Daylight,No,NoIntersection,Normal,3+Vehicles-Chain,5,Monday,11,False,False
201800026346,NonLethal,Daylight,Yes,NoIntersection,Normal,Other,4,Monday,7,False,False
201800056157,NonLethal,Daylight,No,NoIntersection,Normal,NoCollision,1,Saturday,14,True,False
201800001262,NonLethal,NightStreelightsOn,Yes,Roundabout,Normal,Other,11,Saturday,23,True,False
201800048825,NonLethal,Daylight,No,NoIntersection,Normal,2Vehicles-Behind,2,Friday,15,False,False
201800053601,NonLethal,TwilightOrDawn,Yes,NoIntersection,Normal,2Vehicles-Side,11,Friday,17,False,False
201800048095,NonLethal,NightStreelightsOn,Yes,T-type,Normal,Other,2,Wednesday,5,False,True
201800047355,NonLethal,Daylight,Yes,NoIntersection,Normal,2Vehicles-Side,1,Wednesday,11,False,False
201800037700,NonLethal,Daylight,Yes,NoIntersection,Normal,2Vehicles-Side,5,Thursday,17,False,False
201800030964,NonLethal,Daylight,Yes,X-type,Normal,Other,12,Monday,17,False,False
201800033880,NonLethal,Daylight,Yes,NoIntersection,Normal,Other,11,Friday,17,False,False
201800035393,NonLethal,Daylight,No,NoIntersection,Normal,3+Vehicles-Multiple,6,Friday,16,False,False
201800014731,NonLethal,Daylight,No,NoIntersection,Normal,Other,4,Tuesday,15,False,False
201800051779,NonLethal,NightStreelightsOn,Yes,NoIntersection,Normal,2Vehicles-Behind,7,Wednesday,22,False,False
201800003819,Lethal,NightNoStreetLight,No,NoIntersection,Normal,Other,7,Wednesday,20,False,False
201800021540,NonLethal,NightStreelightsOn,Yes,NoIntersection,Normal,2Vehicles-BehindVehicles-Frontal,1,Thursday,19,False,False
201800011370,NonLethal,Daylight,No,X-type,LightRain,2Vehicles-Behind,3,Saturday,15,True,False
201800055629,NonLethal,Daylight,Yes,NoIntersection,Normal,2Vehicles-Side,4,Tuesday,10,False,False
201800005183,NonLethal,NightStreelightsOn,Yes,NoIntersection,Normal,Other,12,Sunday,19,True,False
201800030097,NonLethal,Daylight,No,NoIntersection,Normal,2Vehicles-Side,8,Tuesday,15,False,False
201800022931,NonLethal,Daylight,Yes,T-type,Normal,2Vehicles-Side,2,Tuesday,13,False,False
201800006878,NonLethal,Daylight,No,NoIntersection,Normal,NoCollision,5,Thursday,12,False,False
201800023912,NonLethal,NightStreelightsOn,Yes,X-type,Normal,2Vehicles-Side,5,Saturday,4,True,True
201800023649,NonLethal,Daylight,Yes,NoIntersection,Normal,Other,1,Wednesday,17,False,False
201800040474,NonLethal,Daylight,Yes,NoIntersection,Normal,2Vehicles-Behind,4,Friday,16,False,False
201800025472,NonLethal,Daylight,Yes,NoIntersection,Normal,Other,8,Thursday,10,False,False
201800033676,NonLethal,NightNoStreetLight,Yes,NoIntersection,Normal,Other,1,Saturday,0,True,True
201800050436,NonLethal,NightStreelightsOn,Yes,X-type,Normal,2Vehicles-Side,3,Thursday,6,False,True