AccidentId,Gravity,Light,InAgglomeration,IntersectionType,Weather,CollisionType,Month,DayOfWeek,HourOfDay,IsWeekend,IsNight
201800023799,NonLethal,Daylight,No,T-type,Normal,2Vehicles-Side,6,Tuesday,16,False,False
201800008923,NonLethal,Daylight,Yes,X-type,Normal,Other,4,Friday,16,False,False
201800019054,NonLethal,NightStreelightsOn,Yes,NoIntersection,Normal,Other,11,Saturday,19,True,False
201800025160,NonLethal,Daylight,Yes,X-type,Normal,2Vehicles-Side,9,Friday,13,False,False
201800033401,NonLethal,NightStreelightsOn,Yes,NoIntersection,LightRain,3+Vehicles-Chain,11,Wednesday,17,False,False
201800052471,NonLethal,Daylight,Yes,Square,Normal,Other,7,Saturday,12,True,False
201800019296,NonLethal,Daylight,Yes,NoIntersection,LightRain,2Vehicles-Side,7,Sunday,20,True,False
201800051797,NonLethal,Daylight,Yes,NoIntersection,Normal,2Vehicles-Behind,8,Friday,15,False,False
201800056545,NonLethal,Daylight,Yes,Other,Normal,2Vehicles-BehindVehicles-Frontal,8,Thursday,13,False,False
201800041141,NonLethal,Daylight,Yes,NoIntersection,LightRain,2Vehicles-BehindVehicles-Frontal,4,Monday,14,False,False
201800023930,NonLethal,NightStreelightsOn,Yes,T-type,Normal,Other,8,Monday,23,False,False
201800023171,NonLethal,NightStreelightsOn,Yes,NoIntersection,Normal,2Vehicles-Side,7,Saturday,22,True,False
201800053509,NonLethal,Daylight,Yes,Square,Normal,Other,9,Tuesday,17,False,False
201800017390,NonLethal,TwilightOrDawn,Yes,NoIntersection,Normal,Other,7,Sunday,5,True,True
201800038826,NonLethal,Daylight,Yes,T-type,Normal,2Vehicles-Side,6,Friday,7,False,False
201800013266,NonLethal,Daylight,No,X-type,LightRain,2Vehicles-Side,2,Monday,11,False,False
201800034902,NonLethal,NightStreelightsOn,Yes,X-type,LightRain,2Vehicles-Side,3,Saturday,19,True,False
201800025462,NonLethal,Daylight,Yes,T-type,Normal,2Vehicles-Side,8,Saturday,10,True,False
201800047320,NonLethal,NightStreelightsOn,Yes,NoIntersection,Normal,Other,1,Monday,1,False,True
201800024993,NonLethal,NightStreelightsOn,Yes,X-type,Normal,2Vehicles-Side,11,Thursday,1,False,True
201800047243,NonLethal,Daylight,Yes,NoIntersection,Normal,2Vehicles-BehindVehicles-Frontal,7,Thursday,18,False,False
201800003219,NonLethal,Daylight,Yes,NoIntersection,Normal,2Vehicles-Behind,12,Monday,10,False,False
201800008810,NonLethal,Daylight,Yes,NoIntersection,Normal,Other,4,Friday,13,False,False
201800032352,NonLethal,TwilightOrDawn,Yes,Roundabout,LightRain,2Vehicles-Side,1,Monday,17,False,False
201800015249,NonLethal,Daylight,Yes,NoIntersection,Normal,Other,9,Thursday,14,False,False
201800052310,NonLethal,Daylight,Yes,X-type,Normal,Other,1,Saturday,12,True,False
201800034562,NonLethal,NightStreelightsOn,Yes,Y-type,Normal,Other,10,Wednesday,7,False,False
201800052329,NonLethal,Daylight,Yes,NoIntersection,Normal,Other,9,Sunday,8,True,False
201800010314,NonLethal,Daylight,No,NoIntersection,Normal,2Vehicles-Behind,9,Monday,15,False,False
201800026453,NonLethal,Daylight,Yes,NoIntersection,Normal,2Vehicles-Side,10,Wednesday,8,False,False
201800024281,NonLethal,Daylight,Yes,X-type,Normal,2Vehicles-Side,3,Tuesday,7,False,False
201800042765,NonLethal,Daylight,Yes,Other,Normal,2Vehicles-Behind,7,Monday,16,False,False
201800051359,NonLethal,Daylight,Yes,Square,Overcast,2Vehicles-Side,12,Thursday,21,False,False
201800037089,NonLethal,Daylight,Yes,NoIntersection,LightRain,Other,1,Tuesday,16,False,False
201800008070,NonLethal,NightStreelightsOn,Yes,T-type,Normal,2Vehicles-BehindVehicles-Frontal,10,Sunday,1,True,True
201800040060,NonLethal,NightStreelightsOn,Yes,NoIntersection,Normal,2Vehicles-Behind,9,Thursday,21,False,False
201800020628,NonLethal,Daylight,Yes,NoIntersection,Normal,2Vehicles-Behind,10,Sunday,18,True,False
201800056118,NonLethal,Daylight,No,NoIntersection,HeavyRain,NoCollision,2,Tuesday,15,False,False
201800002050,NonLethal,NightNoStreetLight,Yes,NoIntersection,HeavyRain,Other,1,Tuesday,7,False,False
201800010880,NonLethal,NightNoStreetLight,No,NoIntersection,Normal,NoCollision,10,Sunday,21,True,False
201800052029,NonLethal,NightStreelightsOn,Yes,X-type,Normal,Other,5,Tuesday,0,False,True
201800013904,Lethal,TwilightOrDawn,No,NoIntersection,Normal,NoCollision,2,Thursday,18,False,False
201800045106,NonLethal,TwilightOrDawn,No,NoIntersection,Normal,Other,7,Saturday,6,True,True
201800023671,NonLethal,NightNoStreetLight,No,NoIntersection,Other,2Vehicles-BehindVehicles-Frontal,2,Saturday,20,True,False
201800018469,NonLethal,Daylight,No,X-type,Normal,2Vehicles-Side,5,Saturday,8,True,False
201800016309,NonLethal,Daylight,No,T-type,Normal,2Vehicles-Side,12,Monday,16,False,False
201800013428,NonLethal,Daylight,No,NoIntersection,Normal,2Vehicles-Side,8,Wednesday,8,False,False
201800044407,NonLethal,NightStreelightsOn,No,NoIntersection,LightRain,2Vehicles-Behind,11,Tuesday,17,False,False
201800013896,NonLethal,Daylight,No,NoIntersection,Normal,Other,9,Friday,15,False,False
201800047388,NonLethal,NightStreelightsOn,Yes,X-type,Normal,2Vehicles-Side,2,Saturday,20,True,False
201800026856,NonLethal,NightStreelightsOff,Yes,X-type,Normal,2Vehicles-BehindVehicles-Frontal,1,Sunday,22,True,False
201800042562,NonLethal,Daylight,Yes,Other,Normal,Other,9,Tuesday,14,False,False
201800028809,NonLethal,Daylight,No,NoIntersection,Normal,Other,9,Tuesday,17,False,False
201800003733,NonLethal,Daylight,No,T-type,Normal,2Vehicles-BehindVehicles-Frontal,6,Sunday,11,True,False
201800044622,NonLethal,Daylight,No,NoIntersection,LightRain,2Vehicles-Side,2,Monday,17,False,False
201800014796,NonLethal,Daylight,Yes,NoIntersection,Normal,Other,5,Sunday,16,True,False
201800049625,NonLethal,Daylight,No,NoIntersection,Normal,2Vehicles-Side,1,Thursday,12,False,False
201800028595,NonLethal,Daylight,Yes,NoIntersection,Normal,Other,4,Tuesday,17,False,False
201800011725,NonLethal,NightNoStreetLight,No,NoIntersection,LightRain,2Vehicles-BehindVehicles-Frontal,12,Tuesday,18,False,False
201800053824,NonLethal,NightStreelightsOn,Yes,T-type,Normal,Other,7,Sunday,22,True,False
201800001890,NonLethal,Daylight,No,NoIntersection,Normal,Other,12,Friday,11,False,False
201800044899,NonLethal,Daylight,No,NoIntersection,Normal,2Vehicles-Behind,5,Monday,17,False,False
201800032636,NonLethal,NightStreelightsOn,Yes,Other,HeavyRain,Other,11,Wednesday,18,False,False
201800032159,NonLethal,Daylight,Yes,NoIntersection,Normal,Other,5,Wednesday,19,False,False
201800037884,NonLethal,NightStreelightsOn,Yes,NoIntersection,Normal,2Vehicles-Behind,3,Thursday,19,False,False
201800044862,NonLethal,Daylight,No,NoIntersection,Normal,2Vehicles-Side,5,Monday,17,False,False
201800054598,NonLethal,NightStreelightsOn,Yes,X-type,Normal,2Vehicles-Side,11,Saturday,6,True,True
201800035360,NonLethal,NightStreelightsOn,Yes,NoIntersection,Normal,Other,12,Sunday,2,True,True
201800027667,NonLethal,NightStreelightsOn,Yes,X-type,Normal,2Vehicles-BehindVehicles-Frontal,8,Wednesday,19,False,False
201800034579,NonLethal,Daylight,No,NoIntersection,Normal,3+Vehicles-Chain,12,Tuesday,11,False,False
201800023505,NonLethal,Daylight,No,NoIntersection,HeavyRain,Other,12,Saturday,14,True,False
201800057413,NonLethal,Daylight,Yes,NoIntersection,Normal,2Vehicles-Behind,2,Friday,8,False,False
201800002033,NonLethal,NightStreelightsOn,No,NoIntersection,Normal,Other,11,Saturday,4,True,True
201800006552,NonLethal,Daylight,No,NoIntersection,Normal,Other,11,Monday,8,False,False
201800050446,NonLethal,Daylight,Yes,NoIntersection,Normal,2Vehicles-Side,4,Monday,9,False,False
201800034812,NonLethal,Daylight,No,X-type,Normal,2Vehicles-Behind,2,Wednesday,12,False,False
201800014654,NonLethal,NightNoStreetLight,No,NoIntersection,Normal,Other,12,Tuesday,20,False,False
201800000398,NonLethal,Daylight,No,T-type,Normal,2Vehicles-BehindVehicles-Frontal,10,Monday,12,False,False
201800023713,NonLethal,Daylight,Yes,Roundabout,Normal,2Vehicles-Side,11,Saturday,8,True,False
201800006635,Lethal,Daylight,No,NoIntersection,Normal,3+Vehicles-Multiple,1,Monday,14,False,False
201800018534,NonLethal,Daylight,Yes,X-type,FogOrSmoke,2Vehicles-Side,8,Monday,7,False,False
201800031820,NonLethal,Daylight,Yes,NoIntersection,Normal,2Vehicles-Behind,7,Thursday,12,False,False
201800007043,NonLethal,NightNoStreetLight,No,NoIntersection,Normal,2Vehicles-Behind,12,Saturday,18,True,False
201800000986,NonLethal,Daylight,Yes,NoIntersection,Normal,Other,10,Friday,16,False,False
201800003451,Lethal,Daylight,No,NoIntersection,Normal,2Vehicles-Side,12,Wednesday,10,False,False
201800045425,NonLethal,NightNoStreetLight,No,NoIntersection,Normal,2Vehicles-Side,11,Wednesday,18,False,False
201800046428,NonLethal,Daylight,No,NoIntersection,Normal,2Vehicles-Behind,2,Saturday,17,True,False
201800031737,NonLethal,Daylight,Yes,T-type,Normal,2Vehicles-Side,5,Monday,17,False,False
201800019391,NonLethal,Daylight,Yes,X-type,Normal,2Vehicles-Side,6,Monday,17,False,False
201800021473,NonLethal,Daylight,No,Other,Normal,NoCollision,9,Sunday,16,True,False
201800008418,NonLethal,NightStreelightsOn,Yes,NoIntersection,Normal,Other,1,Saturday,22,True,False
201800017046,NonLethal,Daylight,No,X-type,Normal,2Vehicles-Side,10,Tuesday,14,False,False
201800054718,NonLethal,Daylight,Yes,Square,Normal,2Vehicles-Behind,10,Friday,8,False,False
201800051493,NonLethal,Daylight,Yes,T-type,Normal,2Vehicles-Side,5,Sunday,11,True,False
201800036475,NonLethal,NightStreelightsOn,Yes,Roundabout,Normal,NoCollision,9,Saturday,2,True,True
201800021417,NonLethal,Daylight,Yes,NoIntersection,Normal,Other,6,Sunday,18,True,False
201800008779,NonLethal,Daylight,Yes,NoIntersection,Normal,2Vehicles-Behind,4,Monday,15,False,False
201800053084,NonLethal,NightStreelightsOn,Yes,NoIntersection,Normal,2Vehicles-Behind,3,Thursday,0,False,True
201800025837,NonLethal,NightStreelightsOff,Yes,X-type,Normal,2Vehicles-Behind,4,Thursday,4,False,True
201800024773,NonLethal,Daylight,Yes,Other,Normal,Other,5,Wednesday,7,False,False
201800016014,NonLethal,Daylight,No,NoIntersection,Normal,2Vehicles-BehindVehicles-Frontal,6,Friday,15,False,False
201800053249,NonLethal,NightStreelightsOn,Yes,X-type,Normal,Other,1,Thursday,20,False,False
201800056698,NonLethal,Daylight,No,NoIntersection,Normal,Other,3,Wednesday,12,False,False
201800032623,NonLethal,NightNoStreetLight,Yes,NoIntersection,LightRain,2Vehicles-BehindVehicles-Frontal,10,Saturday,19,True,False
201800028432,NonLethal,Daylight,Yes,NoIntersection,Normal,Other,5,Tuesday,14,False,False
201800042781,NonLethal,Daylight,Yes,X-type,Normal,2Vehicles-Side,9,Monday,16,False,False
201800045517,NonLethal,Daylight,No,NoIntersection,LightRain,3+Vehicles-Multiple,1,Friday,13,False,False
201800015472,NonLethal,Daylight,No,NoIntersection,Normal,2Vehicles-BehindVehicles-Frontal,7,Monday,18,False,False
201800048865,NonLethal,Daylight,No,NoIntersection,Normal,2Vehicles-Behind,4,Tuesday,11,False,False
201800030942,NonLethal,NightStreelightsOn,Yes,NoIntersection,Normal,Other,11,Sunday,21,True,False
201800023796,Lethal,Daylight,No,Other,Normal,2Vehicles-Side,5,Friday,15,False,False
201800039665,NonLethal,Daylight,Yes,Other,Normal,Other,10,Wednesday,16,False,False
201800023870,NonLethal,Daylight,Yes,NoIntersection,LightRain,2Vehicles-BehindVehicles-Frontal,3,Sunday,8,True,False
201800042359,NonLethal,Daylight,Yes,X-type,Normal,2Vehicles-Side,9,Friday,16,False,False
201800007329,NonLethal,Daylight,Yes,NoIntersection,Normal,2Vehicles-Side,5,Wednesday,12,False,False
201800051919,NonLethal,NightStreelightsOn,Yes,X-type,LightRain,Other,1,Thursday,6,False,True
201800048537,NonLethal,NightStreelightsOn,Yes,NoIntersection,LightRain,NoCollision,9,Friday,21,False,False
201800056973,NonLethal,NightStreelightsOn,Yes,NoIntersection,Normal,2Vehicles-Side,8,Monday,21,False,False
201800053315,NonLethal,Daylight,Yes,X-type,Normal,2Vehicles-Side,3,Monday,13,False,False
201800017618,NonLethal,TwilightOrDawn,No,NoIntersection,Normal,2Vehicles-BehindVehicles-Frontal,4,Monday,8,False,False
201800004354,NonLethal,NightNoStreetLight,No,NoIntersection,Normal,3+Vehicles-Multiple,12,Friday,6,False,True
201800043731,NonLethal,Daylight,Yes,T-type,Normal,2Vehicles-Side,1,Wednesday,11,False,False
201800026734,NonLethal,Daylight,Yes,X-type,Normal,2Vehicles-Side,8,Thursday,16,False,False
201800018297,NonLethal,Daylight,No,NoIntersection,Normal,2Vehicles-Side,2,Saturday,13,True,False
201800008379,NonLethal,Daylight,Yes,T-type,Normal,2Vehicles-Side,1,Sunday,14,True,False
201800000084,NonLethal,TwilightOrDawn,Yes,NoIntersection,Normal,2Vehicles-BehindVehicles-Frontal,4,Sunday,6,True,True
201800028335,NonLethal,NightStreelightsOn,Yes,NoIntersection,Normal,Other,1,Thursday,7,False,False
201800050123,NonLethal,NightNoStreetLight,No,NoIntersection,Normal,2Vehicles-Behind,11,Monday,20,False,False
201800027531,NonLethal,Daylight,No,NoIntersection,Normal,3+Vehicles-Chain,11,Friday,17,False,False
201800042204,NonLethal,Daylight,Yes,NoIntersection,Normal,2Vehicles-Behind,6,Friday,15,False,False
201800057488,NonLethal,Daylight,No,NoIntersection,HeavyRain,3+Vehicles-Chain,9,Friday,11,False,False
201800022860,NonLethal,NightStreelightsOn,Yes,NoIntersection,Normal,2Vehicles-Side,1,Friday,18,False,False
201800003995,NonLethal,NightNoStreetLight,No,NoIntersection,Normal,Other,11,Thursday,18,False,False
201800019939,NonLethal,Daylight,No,NoIntersection,Normal,3+Vehicles-Multiple,11,Monday,14,False,False
201800037054,NonLethal,Daylight,Yes,NoIntersection,Normal,2Vehicles-Side,8,Thursday,13,False,False
201800039153,NonLethal,Daylight,Yes,NoIntersection,Normal,2Vehicles-Side,7,Monday,9,False,False
201800041835,NonLethal,Daylight,Yes,T-type,Normal,2Vehicles-Side,1,Thursday,8,False,False
201800000681,NonLethal,Daylight,No,T-type,LightRain,3+Vehicles-Multiple,5,Saturday,16,True,False
201800004351,NonLethal,Daylight,Yes,T-type,StrongWindOrStorm,2Vehicles-Side,9,Wednesday,14,False,False
201800026482,NonLethal,NightNoStreetLight,No,NoIntersection,Normal,2Vehicles-Behind,11,Thursday,19,False,False
201800010610,NonLethal,Daylight,No,X-type,Normal,2Vehicles-Side,8,Sunday,9,True,False
201800008765,NonLethal,TwilightOrDawn,No,NoIntersection,Normal,2Vehicles-Side,3,Friday,19,False,False
201800044976,NonLethal,Daylight,No,NoIntersection,Normal,2Vehicles-Side,6,Thursday,8,False,False
201800017671,NonLethal,Daylight,No,NoIntersection,Normal,2Vehicles-BehindVehicles-Frontal,5,Monday,18,False,False
201800044164,NonLethal,Daylight,No,NoIntersection,Normal,2Vehicles-Side,7,Sunday,8,True,False
201800013407,NonLethal,Daylight,No,NoIntersection,Normal,2Vehicles-BehindVehicles-Frontal,7,Tuesday,15,False,False
201800025292,NonLethal,Daylight,Yes,NoIntersection,Normal,Other,4,Friday,17,False,False
201800015532,NonLethal,Daylight,No,NoIntersection,Normal,2Vehicles-Side,8,Wednesday,18,False,False
201800018357,Lethal,Daylight,No,NoIntersection,Normal,Other,7,Tuesday,16,False,False
201800036822,NonLethal,Daylight,Yes,NoIntersection,Normal,2Vehicles-Side,5,Wednesday,20,False,False
201800046604,NonLethal,Daylight,No,NoIntersection,Normal,Other,5,Monday,7,False,False
201800006939,NonLethal,NightNoStreetLight,No,Other,LightRain,Other,1,Sunday,17,True,False
201800021338,NonLethal,Daylight,Yes,NoIntersection,LightRain,2Vehicles-BehindVehicles-Frontal,2,Friday,8,False,False
201800022055,NonLethal,Daylight,Yes,NoIntersection,Normal,Other,5,Thursday,18,False,False
201800028902,NonLethal,NightStreelightsOn,Yes,X-type,Normal,NoCollision,5,Thursday,22,False,False
201800044370,NonLethal,NightNoStreetLight,No,NoIntersection,LightRain,Other,12,Tuesday,3,False,True
201800040339,NonLethal,Daylight,Yes,NoIntersection,Normal,Other,8,Tuesday,13,False,False
201800033548,NonLethal,Daylight,Yes,Other,Normal,2Vehicles-Side,10,Monday,13,False,False
201800015915,Lethal,Daylight,No,NoIntersection,Normal,2Vehicles-BehindVehicles-Frontal,12,Monday,15,False,False
201800049823,NonLethal,Daylight,No,NoIntersection,Normal,2Vehicles-Behind,5,Tuesday,20,False,False
201800042500,NonLethal,Daylight,Yes,NoIntersection,Normal,2Vehicles-Behind,8,Tuesday,18,False,False
201800053649,NonLethal,NightStreelightsOn,Yes,Y-type,Normal,NoCollision,12,Tuesday,17,False,False
201800007546,NonLethal,Daylight,Yes,NoIntersection,Normal,Other,9,Tuesday,18,False,False
201800007274,NonLethal,NightNoStreetLight,No,NoIntersection,Normal,NoCollision,8,Wednesday,3,False,True
201800010633,NonLethal,NightStreelightsOn,Yes,NoIntersection,Normal,2Vehicles-Side,5,Saturday,18,True,False
201800013343,NonLethal,NightStreelightsOn,Yes,NoIntersection,Normal,Other,10,Friday,21,False,False
201800046326,NonLethal,Daylight,No,NoIntersection,HeavyRain,2Vehicles-Behind,1,Monday,16,False,False
201800034078,NonLethal,Daylight,Yes,NoIntersection,Normal,Other,10,Sunday,12,True,False
201800037935,NonLethal,Daylight,Yes,NoIntersection,Normal,2Vehicles-BehindVehicles-Frontal,7,Thursday,18,False,False
201800003337,Lethal,NightNoStreetLight,Yes,NoIntersection,Normal,Other,10,Friday,22,False,False
201800039636,NonLethal,Daylight,Yes,T-type,Normal,2Vehicles-Side,5,Monday,14,False,False
201800050076,NonLethal,Daylight,No,NoIntersection,Normal,2Vehicles-Behind,10,Thursday,16,False,False
201800039868,NonLethal,Daylight,Yes,X-type,Normal,2Vehicles-BehindVehicles-Frontal,12,Sunday,15,True,False
201800000736,NonLethal,NightStreelightsOn,Yes,NoIntersection,LightRain,2Vehicles-Side,1,Tuesday,18,False,False
201800049608,NonLethal,Daylight,No,NoIntersection,LightRain,2Vehicles-Behind,10,Wednesday,17,False,False
201800016913,Lethal,Daylight,Yes,X-type,VeryGood,2Vehicles-Side,4,Saturday,9,True,False
201800018964,NonLethal,NightNoStreetLight,No,NoIntersection,Normal,Other,2,Monday,20,False,False
201800023892,NonLethal,NightStreelightsOn,Yes,NoIntersection,Normal,2Vehicles-Behind,4,Sunday,2,True,True
201800045526,NonLethal,NightNoStreetLight,No,NoIntersection,LightRain,Other,2,Monday,7,False,False
201800030782,NonLethal,Daylight,Yes,Other,Normal,2Vehicles-Side,11,Sunday,9,True,False
201800029096,NonLethal,NightStreelightsOn,Yes,NoIntersection,Normal,Other,3,Thursday,19,False,False
201800015848,NonLethal,Daylight,No,NoIntersection,Normal,2Vehicles-Side,1,Saturday,15,True,False
201800029439,NonLethal,NightNoStreetLight,No,Roundabout,Normal,Other,12,Wednesday,19,False,False
201800011844,NonLethal,NightNoStreetLight,No,NoIntersection,Other,2Vehicles-BehindVehicles-Frontal,2,Saturday,2,True,True
201800025380,NonLethal,Daylight,Yes,NoIntersection,Normal,2Vehicles-Behind,6,Wednesday,8,False,False
201800036126,NonLethal,TwilightOrDawn,Yes,T-type,Normal,2Vehicles-Side,7,Monday,21,False,False
201800056395,Lethal,NightNoStreetLight,No,NoIntersection,Normal,Other,12,Thursday,2,False,True
201800026272,NonLethal,Daylight,Yes,X-type,Normal,Other,1,Friday,15,False,False
201800053372,NonLethal,Daylight,Yes,T-type,Normal,2Vehicles-Side,5,Wednesday,17,False,False
201800047873,NonLethal,NightStreelightsOn,No,Other,Normal,NoCollision,12,Monday,19,False,False
201800047778,NonLethal,Daylight,Yes,Other,LightRain,2Vehicles-Side,11,Thursday,15,False,False
201800019734,NonLethal,NightNoStreetLight,No,NoIntersection,Normal,Other,9,Friday,21,False,False
201800031932,NonLethal,NightStreelightsOn,Yes,NoIntersection,Normal,NoCollision,9,Thursday,22,False,False
201800000103,NonLethal,Daylight,No,X-type,Normal,2Vehicles-Side,3,Monday,18,False,False
201800030501,NonLethal,Daylight,Yes,X-type,Normal,Other,4,Wednesday,17,False,False
201800040307,NonLethal,Daylight,Yes,Other,Normal,2Vehicles-Side,5,Wednesday,8,False,False
201800005905,NonLethal,Daylight,Yes,X-type,VeryGood,2Vehicles-BehindVehicles-Frontal,9,Friday,9,False,False
201800004154,NonLethal,NightNoStreetLight,Yes,NoIntersection,Normal,NoCollision,10,Saturday,21,True,False
201800027061,NonLethal,Daylight,No,NoIntersection,Normal,2Vehicles-BehindVehicles-Frontal,8,Tuesday,19,False,False
201800022614,NonLethal,NightNoStreetLight,No,NoIntersection,Normal,Other,9,Monday,6,False,True
201800026839,NonLethal,Daylight,Yes,X-type,Normal,Other,6,Thursday,12,False,False
201800057546,NonLethal,Daylight,No,NoIntersection,Normal,Other,11,Wednesday,9,False,False
201800008065,NonLethal,Daylight,No,NoIntersection,Normal,Other,9,Monday,17,False,False
201800006003,NonLethal,Daylight,No,NoIntersection,Normal,Other,7,Thursday,9,False,False
201800040888,NonLethal,Daylight,Yes,NoIntersection,LightRain,Other,6,Monday,18,False,False
201800006381,NonLethal,NightStreelightsOn,Yes,NoIntersection,Normal,Other,3,Sunday,0,True,True
201800019456,NonLethal,Daylight,Yes,NoIntersection,Normal,2Vehicles-Side,4,Tuesday,17,False,False
201800007855,Lethal,Daylight,Yes,NoIntersection,Normal,2Vehicles-BehindVehicles-Frontal,7,Thursday,7,False,False
201800011732,NonLethal,Daylight,No,T-type,Normal,2Vehicles-Side,8,Wednesday,12,False,False
201800038338,NonLethal,Daylight,Yes,X-type,Normal,Other,11,Thursday,11,False,False
201800052771,NonLethal,Daylight,Yes,T-type,Normal,2Vehicles-Side,4,Saturday,18,True,False
201800054586,NonLethal,Daylight,Yes,Square,Normal,2Vehicles-Side,3,Sunday,11,True,False
201800028618,Lethal,Daylight,Yes,T-type,Normal,2Vehicles-Side,4,Monday,17,False,False
201800004094,NonLethal,Daylight,No,NoIntersection,Normal,2Vehicles-BehindVehicles-Frontal,6,Wednesday,19,False,False
201800051170,NonLethal,Daylight,Yes,NoIntersection,Normal,Other,8,Sunday,19,True,False
201800046218,NonLethal,Daylight,No,NoIntersection,Normal,2Vehicles-Side,11,Friday,12,False,False
201800024733,NonLethal,TwilightOrDawn,Yes,X-type,Normal,2Vehicles-Side,10,Thursday,20,False,False
201800021531,NonLethal,Daylight,No,NoIntersection,Normal,2Vehicles-Side,6,Saturday,15,True,False
201800002414,NonLethal,Daylight,Yes,NoIntersection,Normal,2Vehicles-Side,7,Sunday,18,True,False
201800005659,NonLethal,Daylight,Yes,X-type,Normal,2Vehicles-Side,11,Monday,12,False,False
201800048422,NonLethal,Daylight,Yes,NoIntersection,Normal,Other,7,Monday,8,False,False
201800040005,NonLethal,NightStreelightsOn,Yes,NoIntersection,LightRain,2Vehicles-Behind,10,Wednesday,6,False,True
201800048525,NonLethal,Daylight,Yes,X-type,Normal,Other,9,Tuesday,18,False,False
201800039423,NonLethal,Daylight,Yes,NoIntersection,Normal,2Vehicles-Behind,9,Friday,18,False,False
201800053626,NonLethal,Daylight,Yes,NoIntersection,LightRain,Other,1,Friday,8,False,False
201800031152,NonLethal,Daylight,No,NoIntersection,Normal,2Vehicles-Side,7,Friday,17,False,False
201800017691,NonLethal,Daylight,No,NoIntersection,Normal,2Vehicles-Side,9,Thursday,9,False,False
201800011168,NonLethal,Daylight,Yes,Other,Normal,Other,5,Tuesday,10,False,False
201800034388,NonLethal,Daylight,No,NoIntersection,Overcast,2Vehicles-Behind,1,Monday,13,False,False
201800011081,NonLethal,NightStreelightsOn,Yes,NoIntersection,Normal,Other,5,Saturday,4,True,True
201800004320,NonLethal,Daylight,Yes,T-type,Normal,Other,6,Friday,11,False,False
201800013405,NonLethal,Daylight,No,T-type,Normal,2Vehicles-BehindVehicles-Frontal,4,Wednesday,11,False,False
201800056141,NonLethal,Daylight,No,NoIntersection,Normal,Other,4,Sunday,15,True,False
201800026667,NonLethal,Daylight,No,NoIntersection,Normal,2Vehicles-Behind,11,Wednesday,21,False,False
201800041040,NonLethal,Daylight,Yes,X-type,Normal,Other,6,Thursday,18,False,False
201800029415,NonLethal,Daylight,Yes,X-type,Normal,2Vehicles-BehindVehicles-Frontal,6,Thursday,7,False,False
201800057241,NonLethal,NightNoStreetLight,Yes,NoIntersection,Normal,2Vehicles-Side,12,Wednesday,22,False,False
201800006615,NonLethal,Daylight,No,NoIntersection,LightRain,2Vehicles-Behind,5,Wednesday,17,False,False
201800046680,NonLethal,Daylight,No,NoIntersection,Normal,2Vehicles-Behind,6,Sunday,17,True,False
201800044443,NonLethal,NightNoStreetLight,No,Other,LightRain,Other,10,Friday,1,False,True
201800006946,NonLethal,Daylight,No,NoIntersection,Normal,2Vehicles-Behind,10,Wednesday,17,False,False
201800019704,NonLethal,Daylight,No,NoIntersection,Normal,2Vehicles-Behind,8,Thursday,18,False,False
201800003393,NonLethal,Daylight,No,NoIntersection,Normal,Other,6,Wednesday,8,False,False
201800044346,NonLethal,NightNoStreetLight,No,NoIntersection,FogOrSmoke,3+Vehicles-Chain,11,Friday,6,False,True
201800036751,NonLethal,NightStreelightsOn,Yes,NoIntersection,LightRain,Other,1,Thursday,19,False,False
201800023424,NonLethal,Daylight,No,NoIntersection,Normal,NoCollision,5,Thursday,14,False,False
201800055588,NonLethal,NightStreelightsOn,Yes,NoIntersection,Normal,Other,9,Sunday,6,True,True
201800043901,NonLethal,NightNoStreetLight,No,Other,LightRain,Other,4,Sunday,5,True,True
201800034858,NonLethal,Daylight,Yes,X-type,LightRain,Other,12,Monday,12,False,False
201800045961,NonLethal,TwilightOrDawn,No,NoIntersection,Normal,Other,6,Saturday,6,True,True
201800034799,NonLethal,Daylight,Yes,NoIntersection,Normal,Other,11,Saturday,16,True,False
201800039443,NonLethal,NightNoStreetLight,Yes,X-type,Normal,2Vehicles-Side,12,Monday,19,False,False
201800014570,NonLethal,Daylight,No,NoIntersection,Normal,2Vehicles-Side,7,Saturday,20,True,False
201800016925,NonLethal,NightStreelightsOn,Yes,Other,Overcast,Other,12,Tuesday,7,False,False
201800035140,NonLethal,Daylight,No,NoIntersection,Normal,2Vehicles-Behind,10,Saturday,10,True,False
201800055952,NonLethal,NightNoStreetLight,No,NoIntersection,Normal,2Vehicles-BehindVehicles-Frontal,10,Thursday,20,False,False
201800006191,NonLethal,NightNoStreetLight,No,Other,Normal,2Vehicles-Behind,8,Friday,3,False,True
201800053346,NonLethal,Daylight,Yes,NoIntersection,Normal,2Vehicles-Behind,4,Tuesday,10,False,False
201800038861,NonLethal,Daylight,Yes,NoIntersection,Normal,3+Vehicles-Chain,10,Tuesday,12,False,False
201800033707,NonLethal,Daylight,Yes,T-type,Normal,2Vehicles-Behind,10,Monday,15,False,False
201800049177,NonLethal,NightNoStreetLight,No,NoIntersection,Normal,3+Vehicles-Chain,11,Saturday,18,True,False
201800035171,NonLethal,Daylight,Yes,NoIntersection,Normal,Other,11,Thursday,12,False,False
201800014948,NonLethal,TwilightOrDawn,Yes,MoreThan4Branches,Normal,NoCollision,5,Saturday,20,True,False