AccidentId,Gravity,Light,InAgglomeration,IntersectionType,Weather,CollisionType,Month,DayOfWeek,HourOfDay,IsWeekend,IsNight
201800030990,NonLethal,Daylight,Yes,NoIntersection,Normal,3+Vehicles-Multiple,4,Saturday,13,True,False
201800012211,Lethal,Daylight,No,NoIntersection,Normal,2Vehicles-BehindVehicles-Frontal,9,Friday,16,False,False
201800041439,NonLethal,NightStreelightsOn,Yes,T-type,Normal,2Vehicles-Behind,5,Thursday,3,False,True
201800006781,Lethal,NightNoStreetLight,No,NoIntersection,Normal,2Vehicles-Behind,3,Monday,23,False,False
201800000206,NonLethal,Daylight,No,NoIntersection,Normal,Other,8,Saturday,11,True,False
201800022206,NonLethal,Daylight,No,NoIntersection,Normal,3+Vehicles-Multiple,7,Tuesday,11,False,False
201800038738,NonLethal,NightStreelightsOn,Yes,X-type,LightRain,Other,1,Thursday,7,False,False
201800013775,NonLethal,Daylight,No,NoIntersection,Normal,2Vehicles-BehindVehicles-Frontal,7,Monday,11,False,False
201800033269,NonLethal,Daylight,Yes,NoIntersection,Normal,Other,6,Friday,15,False,False
201800025580,NonLethal,Daylight,Yes,NoIntersection,Normal,NoCollision,1,Thursday,12,False,False
201800035037,NonLethal,Daylight,Yes,Other,Normal,Other,4,Thursday,14,False,False
201800002951,NonLethal,NightStreelightsOn,Yes,X-type,Normal,2Vehicles-BehindVehicles-Frontal,7,Wednesday,19,False,False
201800036688,NonLethal,NightStreelightsOn,No,NoIntersection,Normal,2Vehicles-Behind,1,Tuesday,8,False,False
201800008306,NonLethal,NightStreelightsOn,Yes,NoIntersection,Normal,2Vehicles-BehindVehicles-Frontal,1,Sunday,3,True,True
201800047657,NonLethal,Daylight,Yes,NoIntersection,Normal,2Vehicles-Behind,8,Tuesday,17,False,False
201800034660,NonLethal,Daylight,Yes,X-type,Normal,2Vehicles-Side,9,Sunday,13,True,False
201800021011,NonLethal,Daylight,Yes,NoIntersection,Normal,2Vehicles-Side,6,Tuesday,10,False,False
201800030527,NonLethal,TwilightOrDawn,Yes,X-type,LightRain,2Vehicles-Side,2,Friday,18,False,False
201800024636,NonLethal,Daylight,No,NoIntersection,Normal,3+Vehicles-Chain,5,Wednesday,11,False,False
201800044368,NonLethal,Daylight,No,Other,LightRain,Other,11,Sunday,13,True,False
201800029444,NonLethal,NightNoStreetLight,No,Other,Normal,2Vehicles-BehindVehicles-Frontal,7,Monday,1,False,True
201800003323,NonLethal,NightNoStreetLight,No,NoIntersection,LightRain,2Vehicles-Behind,12,Friday,21,False,False
201800010062,NonLethal,Daylight,Yes,Square,Normal,Other,11,Wednesday,15,False,False
201800048072,NonLethal,Daylight,Yes,X-type,Normal,Other,2,Tuesday,14,False,False
201800027923,NonLethal,Daylight,Yes,NoIntersection,Normal,2Vehicles-Behind,11,Friday,14,False,False
201800003657,NonLethal,TwilightOrDawn,Yes,T-type,Normal,2Vehicles-Side,11,Friday,17,False,False
201800045313,NonLethal,Daylight,No,NoIntersection,Normal,3+Vehicles-Chain,11,Saturday,17,True,False
201800055677,NonLethal,Daylight,Yes,NoIntersection,Normal,2Vehicles-Side,10,Wednesday,13,False,False
201800024963,NonLethal,Daylight,Yes,X-type,LightRain,2Vehicles-Side,10,Sunday,11,True,False
201800019326,NonLethal,Daylight,No,NoIntersection,LightRain,3+Vehicles-Multiple,12,Monday,15,False,False
201800056170,NonLethal,Daylight,No,NoIntersection,Normal,Other,11,Thursday,13,False,False
201800030207,NonLethal,Daylight,Yes,X-type,HeavyRain,2Vehicles-Side,9,Saturday,17,True,False
201800001476,NonLethal,Daylight,Yes,Other,VeryGood,Other,9,Thursday,10,False,False
201800020227,NonLethal,Daylight,No,NoIntersection,Overcast,NoCollision,4,Wednesday,15,False,False
201800017375,NonLethal,Daylight,No,NoIntersection,Normal,Other,5,Monday,17,False,False
201800029594,NonLethal,NightStreelightsOn,Yes,NoIntersection,Normal,2Vehicles-Behind,9,Sunday,22,True,False
201800019714,NonLethal,Daylight,Yes,NoIntersection,Normal,2Vehicles-Side,8,Monday,19,False,False
201800018520,NonLethal,Daylight,Yes,X-type,Normal,2Vehicles-Side,8,Tuesday,8,False,False
201800040701,NonLethal,Daylight,Yes,T-type,Normal,2Vehicles-Side,8,Sunday,19,True,False
201800056073,NonLethal,NightNoStreetLight,No,NoIntersection,Normal,NoCollision,4,Saturday,0,True,True
201800033470,NonLethal,TwilightOrDawn,Yes,NoIntersection,Overcast,2Vehicles-Behind,2,Monday,8,False,False
201800032777,NonLethal,NightNoStreetLight,No,NoIntersection,Normal,3+Vehicles-Multiple,9,Tuesday,20,False,False
201800032758,NonLethal,NightNoStreetLight,No,NoIntersection,LightRain,3+Vehicles-Multiple,10,Monday,6,False,True
201800014946,NonLethal,Daylight,Yes,NoIntersection,Normal,Other,6,Monday,11,False,False
201800026502,NonLethal,Daylight,Yes,NoIntersection,Normal,Other,3,Friday,12,False,False
201800047256,NonLethal,Daylight,Yes,NoIntersection,Normal,2Vehicles-BehindVehicles-Frontal,8,Saturday,17,True,False
201800001214,Lethal,Daylight,No,NoIntersection,Normal,Other,9,Tuesday,9,False,False
201800032830,NonLethal,NightNoStreetLight,No,NoIntersection,Other,Other,12,Thursday,3,False,True
201800008338,NonLethal,Daylight,Yes,X-type,Normal,2Vehicles-Side,1,Thursday,16,False,False
201800025533,NonLethal,Daylight,Yes,T-type,Normal,2Vehicles-Side,10,Wednesday,12,False,False
201800030947,NonLethal,Daylight,Yes,X-type,Normal,2Vehicles-Side,11,Thursday,13,False,False
201800001538,NonLethal,Daylight,No,X-type,Normal,2Vehicles-Side,7,Thursday,10,False,False
201800020513,NonLethal,Daylight,Yes,NoIntersection,Normal,2Vehicles-BehindVehicles-Frontal,8,Saturday,13,True,False
201800038071,NonLethal,Daylight,Yes,T-type,LightRain,2Vehicles-Side,1,Monday,12,False,False
201800051144,NonLethal,Daylight,Yes,NoIntersection,Normal,2Vehicles-Behind,7,Saturday,16,True,False
201800000294,NonLethal,Daylight,Yes,NoIntersection,Normal,2Vehicles-BehindVehicles-Frontal,10,Saturday,15,True,False
201800026990,NonLethal,Daylight,No,NoIntersection,LightRain,Other,11,Saturday,14,True,False
201800028748,NonLethal,Daylight,Yes,Y-type,Normal,3+Vehicles-Chain,6,Saturday,12,True,False
201800000789,NonLethal,Daylight,No,NoIntersection,HeavyRain,Other,9,Thursday,7,False,False
201800056493,NonLethal,Daylight,Yes,NoIntersection,Normal,2Vehicles-BehindVehicles-Frontal,7,Friday,8,False,False
201800024017,NonLethal,NightStreelightsOn,Yes,T-type,Normal,Other,10,Sunday,2,True,True
201800007614,NonLethal,NightStreelightsOn,Yes,X-type,Normal,2Vehicles-Side,5,Friday,4,False,True
201800014510,NonLethal,NightNoStreetLight,No,NoIntersection,Normal,Other,4,Wednesday,19,False,False
201800045620,NonLethal,NightNoStreetLight,No,NoIntersection,LightRain,3+Vehicles-Chain,12,Sunday,18,True,False
201800004593,NonLethal,NightStreelightsOn,Yes,NoIntersection,Normal,Other,9,Sunday,3,True,True
201800036903,NonLethal,Daylight,Yes,NoIntersection,Normal,2Vehicles-Side,5,Thursday,11,False,False
201800023600,NonLethal,NightNoStreetLight,No,NoIntersection,Normal,NoCollision,4,Sunday,0,True,True
201800012809,NonLethal,Daylight,No,NoIntersection,Normal,2Vehicles-Side,8,Thursday,12,False,False
201800052649,NonLethal,Daylight,Yes,X-type,Overcast,Other,1,Thursday,13,False,False
201800017287,NonLethal,TwilightOrDawn,No,NoIntersection,SnowOrHail,3+Vehicles-Chain,1,Wednesday,7,False,False
201800008891,NonLethal,TwilightOrDawn,Yes,X-type,Normal,2Vehicles-Side,4,Sunday,6,True,True
201800026720,NonLethal,NightStreelightsOn,Yes,NoIntersection,LightRain,Other,1,Thursday,20,False,False
201800047519,NonLethal,TwilightOrDawn,Yes,NoIntersection,Normal,2Vehicles-Behind,5,Saturday,20,True,False
201800056839,NonLethal,Daylight,Yes,NoIntersection,Normal,2Vehicles-Side,1,Saturday,11,True,False
201800011319,NonLethal,Daylight,Yes,NoIntersection,Normal,Other,2,Wednesday,8,False,False
201800008299,NonLethal,Daylight,Yes,Y-type,Normal,2Vehicles-Behind,5,Tuesday,15,False,False
201800004446,NonLethal,Daylight,Yes,T-type,Normal,2Vehicles-Behind,3,Saturday,17,True,False
201800032302,NonLethal,Daylight,Yes,NoIntersection,Normal,Other,9,Monday,18,False,False
201800051391,NonLethal,Daylight,Yes,T-type,Normal,Other,9,Sunday,14,True,False
201800036655,NonLethal,NightStreelightsOn,Yes,NoIntersection,LightRain,Other,5,Monday,2,False,True
201800009928,NonLethal,NightNoStreetLight,Yes,NoIntersection,LightRain,Other,10,Thursday,21,False,False
201800016225,NonLethal,Daylight,Yes,NoIntersection,Normal,2Vehicles-BehindVehicles-Frontal,5,Wednesday,13,False,False
201800038954,NonLethal,NightStreelightsOn,Yes,T-type,Normal,2Vehicles-Behind,9,Tuesday,20,False,False
201800043889,NonLethal,Daylight,No,NoIntersection,Normal,2Vehicles-Side,3,Thursday,17,False,False
201800003012,Lethal,NightStreelightsOff,No,NoIntersection,Overcast,2Vehicles-BehindVehicles-Frontal,1,Tuesday,6,False,True
201800023157,NonLethal,Daylight,No,NoIntersection,LightRain,2Vehicles-Side,7,Monday,16,False,False
201800044850,NonLethal,Daylight,No,NoIntersection,Normal,Other,3,Monday,14,False,False
201800040174,NonLethal,NightStreelightsOn,Yes,NoIntersection,Normal,Other,3,Saturday,1,True,True
201800029376,NonLethal,Daylight,Yes,X-type,Normal,3+Vehicles-Multiple,1,Tuesday,10,False,False
201800033589,NonLethal,NightStreelightsOn,No,T-type,HeavyRain,2Vehicles-Side,2,Monday,18,False,False
201800057657,NonLethal,Daylight,Yes,NoIntersection,Normal,Other,6,Monday,10,False,False
201800045112,NonLethal,Daylight,No,NoIntersection,Normal,NoCollision,7,Tuesday,8,False,False
201800021752,NonLethal,Daylight,No,NoIntersection,Normal,3+Vehicles-Multiple,10,Thursday,8,False,False
201800035275,NonLethal,Daylight,Yes,T-type,Normal,2Vehicles-BehindVehicles-Frontal,4,Monday,11,False,False
201800044386,NonLethal,TwilightOrDawn,No,NoIntersection,Normal,2Vehicles-Side,11,Friday,8,False,False
201800026535,NonLethal,NightStreelightsOn,Yes,X-type,Normal,2Vehicles-Side,4,Wednesday,6,False,True
201800002735,NonLethal,NightNoStreetLight,No,NoIntersection,SnowOrHail,2Vehicles-BehindVehicles-Frontal,3,Saturday,21,True,False
201800021334,NonLethal,TwilightOrDawn,No,T-type,Normal,2Vehicles-Side,11,Tuesday,6,False,True
201800023988,NonLethal,Daylight,Yes,X-type,Normal,2Vehicles-Side,9,Tuesday,8,False,False
201800050494,NonLethal,NightStreelightsOn,Yes,X-type,Normal,2Vehicles-Side,10,Sunday,19,True,False
201800022152,NonLethal,Daylight,Yes,NoIntersection,LightRain,2Vehicles-Behind,11,Thursday,16,False,False
201800008508,NonLethal,Daylight,Yes,Roundabout,Normal,Other,11,Friday,9,False,False
201800052893,NonLethal,NightStreelightsOn,Yes,T-type,Overcast,2Vehicles-BehindVehicles-Frontal,9,Wednesday,19,False,False
201800054063,NonLethal,Daylight,Yes,NoIntersection,Normal,2Vehicles-Side,11,Sunday,12,True,False
201800002180,NonLethal,Daylight,Yes,Other,Normal,Other,9,Monday,9,False,False
201800055565,NonLethal,Daylight,Yes,NoIntersection,Normal,3+Vehicles-Chain,8,Tuesday,9,False,False
201800002804,NonLethal,Daylight,Yes,NoIntersection,HeavyRain,Other,4,Saturday,16,True,False
201800018038,NonLethal,TwilightOrDawn,No,T-type,Normal,2Vehicles-BehindVehicles-Frontal,11,Wednesday,17,False,False
201800051708,NonLethal,NightStreelightsOn,Yes,MoreThan4Branches,Normal,Other,4,Monday,22,False,False
201800033015,NonLethal,Daylight,Yes,NoIntersection,Normal,2Vehicles-Side,8,Friday,20,False,False
201800034561,NonLethal,TwilightOrDawn,Yes,Other,Normal,Other,10,Saturday,7,True,False
201800014785,Lethal,Daylight,No,NoIntersection,Normal,2Vehicles-BehindVehicles-Frontal,11,Sunday,11,True,False
201800047084,NonLethal,NightNoStreetLight,No,NoIntersection,LightRain,2Vehicles-Behind,11,Wednesday,19,False,False
201800015172,NonLethal,Daylight,Yes,X-type,Normal,2Vehicles-Side,9,Thursday,6,False,True
201800048846,NonLethal,Daylight,No,NoIntersection,Normal,3+Vehicles-Chain,3,Tuesday,14,False,False
201800016684,NonLethal,NightStreelightsOn,Yes,T-type,Normal,2Vehicles-Side,4,Monday,18,False,False
201800020169,NonLethal,Daylight,No,T-type,HeavyRain,Other,11,Tuesday,15,False,False
201800049235,NonLethal,NightNoStreetLight,No,NoIntersection,Normal,Other,5,Saturday,0,True,True
201800034097,NonLethal,NightStreelightsOn,Yes,NoIntersection,Normal,Other,11,Tuesday,18,False,False
201800022362,NonLethal,Daylight,Yes,NoIntersection,Normal,2Vehicles-Behind,6,Thursday,19,False,False
201800018094,NonLethal,NightStreelightsOn,No,NoIntersection,Normal,Other,8,Saturday,21,True,False
201800053934,NonLethal,Daylight,Yes,X-type,Normal,2Vehicles-Behind,6,Monday,11,False,False
201800013841,NonLethal,NightStreelightsOn,Yes,NoIntersection,LightRain,NoCollision,12,Wednesday,21,False,False
201800041617,NonLethal,Daylight,Yes,NoIntersection,Normal,Other,10,Sunday,12,True,False
201800027710,NonLethal,Daylight,Yes,T-type,Normal,Other,3,Wednesday,17,False,False
201800025567,NonLethal,Daylight,Yes,NoIntersection,Normal,2Vehicles-Behind,10,Monday,13,False,False
201800043640,NonLethal,Daylight,Yes,T-type,LightRain,2Vehicles-BehindVehicles-Frontal,2,Sunday,8,True,False
201800019527,NonLethal,Daylight,Yes,T-type,Normal,2Vehicles-BehindVehicles-Frontal,8,Wednesday,11,False,False
201800013626,NonLethal,Daylight,Yes,NoIntersection,LightRain,Other,2,Friday,11,False,False
201800000865,NonLethal,Daylight,Yes,Roundabout,Normal,Other,3,Wednesday,8,False,False
201800014035,NonLethal,Daylight,Yes,NoIntersection,Normal,Other,7,Monday,12,False,False
201800007999,Lethal,Daylight,Yes,NoIntersection,Normal,2Vehicles-Behind,2,Monday,14,False,False
201800024671,NonLethal,Daylight,Yes,NoIntersection,Normal,Other,2,Tuesday,11,False,False
201800023650,Lethal,TwilightOrDawn,Yes,NoIntersection,Normal,Other,4,Tuesday,8,False,False
201800056479,NonLethal,NightNoStreetLight,No,NoIntersection,LightRain,Other,9,Friday,5,False,True
201800056600,NonLethal,Daylight,Yes,X-type,Normal,2Vehicles-Side,4,Tuesday,15,False,False
201800016303,NonLethal,Daylight,No,NoIntersection,Normal,2Vehicles-BehindVehicles-Frontal,5,Monday,13,False,False
201800033006,NonLethal,Daylight,No,NoIntersection,Normal,NoCollision,8,Saturday,10,True,False
201800048471,NonLethal,TwilightOrDawn,Yes,NoIntersection,Normal,2Vehicles-Side,8,Monday,20,False,False
201800040039,NonLethal,Daylight,Yes,NoIntersection,VeryGood,Other,5,Monday,8,False,False
201800023621,NonLethal,NightStreelightsOn,Yes,MoreThan4Branches,Normal,3+Vehicles-Multiple,4,Monday,18,False,False
201800040268,NonLethal,Daylight,Yes,Other,LightRain,2Vehicles-Side,3,Thursday,16,False,False
201800035882,NonLethal,TwilightOrDawn,No,Roundabout,Normal,2Vehicles-Side,4,Thursday,6,False,True
201800018741,NonLethal,Daylight,Yes,X-type,LightRain,2Vehicles-Side,8,Monday,18,False,False
201800042760,NonLethal,NightStreelightsOn,Yes,T-type,Normal,2Vehicles-Side,6,Sunday,22,True,False
201800003111,NonLethal,Daylight,Yes,NoIntersection,Normal,2Vehicles-BehindVehicles-Frontal,3,Thursday,14,False,False
201800049536,NonLethal,Daylight,No,NoIntersection,Normal,3+Vehicles-Chain,2,Friday,17,False,False
201800050639,NonLethal,TwilightOrDawn,Yes,X-type,Normal,2Vehicles-Side,12,Thursday,7,False,False
201800047600,NonLethal,Daylight,No,NoIntersection,Normal,Other,7,Saturday,20,True,False
201800055413,NonLethal,Daylight,Yes,NoIntersection,Normal,Other,5,Monday,10,False,False
201800007956,NonLethal,Daylight,Yes,NoIntersection,Normal,2Vehicles-Behind,10,Tuesday,9,False,False
201800057412,NonLethal,Daylight,No,NoIntersection,Normal,2Vehicles-BehindVehicles-Frontal,1,Monday,16,False,False
201800031023,NonLethal,Daylight,Yes,NoIntersection,Normal,2Vehicles-Behind,7,Saturday,10,True,False
201800024881,NonLethal,Daylight,Yes,NoIntersection,Normal,2Vehicles-Side,8,Friday,7,False,False
201800026958,NonLethal,Daylight,Yes,Roundabout,Normal,2Vehicles-Side,10,Tuesday,9,False,False
201800009627,NonLethal,NightStreelightsOn,Yes,NoIntersection,Normal,2Vehicles-Side,9,Sunday,0,True,True
201800023443,NonLethal,Daylight,No,NoIntersection,Normal,2Vehicles-BehindVehicles-Frontal,6,Friday,17,False,False
201800026402,NonLethal,Daylight,Yes,NoIntersection,Normal,2Vehicles-Side,6,Thursday,9,False,False
201800008411,NonLethal,TwilightOrDawn,Yes,NoIntersection,HeavyRain,Other,1,Friday,17,False,False
201800020182,NonLethal,Daylight,Yes,NoIntersection,Normal,Other,7,Friday,12,False,False
201800007455,NonLethal,NightStreelightsOn,Yes,X-type,Normal,2Vehicles-BehindVehicles-Frontal,10,Tuesday,22,False,False
201800052476,NonLethal,NightStreelightsOn,Yes,NoIntersection,Normal,2Vehicles-Behind,7,Tuesday,22,False,False
201800047738,NonLethal,Daylight,Yes,NoIntersection,Normal,NoCollision,10,Thursday,8,False,False
201800027838,NonLethal,Daylight,No,NoIntersection,Normal,2Vehicles-Side,8,Friday,17,False,False
201800005080,NonLethal,NightStreelightsOn,Yes,NoIntersection,Normal,Other,7,Sunday,0,True,True
201800041409,NonLethal,Daylight,Yes,X-type,LightRain,Other,3,Tuesday,16,False,False
201800036248,NonLethal,Daylight,No,X-type,LightRain,Other,3,Monday,13,False,False
201800002264,NonLethal,Daylight,Yes,NoIntersection,Normal,2Vehicles-Side,1,Saturday,12,True,False
201800012009,NonLethal,Daylight,Yes,NoIntersection,Normal,Other,3,Tuesday,20,False,False
201800038349,NonLethal,Daylight,Yes,NoIntersection,Normal,Other,12,Friday,13,False,False
201800019554,NonLethal,Daylight,No,NoIntersection,Normal,2Vehicles-BehindVehicles-Frontal,2,Saturday,17,True,False
201800039581,NonLethal,Daylight,Yes,NoIntersection,Normal,2Vehicles-Behind,9,Thursday,18,False,False
201800047589,NonLethal,Daylight,Yes,NoIntersection,Normal,2Vehicles-BehindVehicles-Frontal,7,Monday,15,False,False
201800035206,Lethal,NightNoStreetLight,Yes,NoIntersection,Normal,NoCollision,7,Monday,5,False,True
201800021850,Lethal,Daylight,No,X-type,Normal,2Vehicles-Side,8,Wednesday,18,False,False
201800016393,NonLethal,TwilightOrDawn,No,NoIntersection,Overcast,Other,5,Monday,20,False,False
201800040499,NonLethal,Daylight,Yes,NoIntersection,Normal,Other,9,Thursday,18,False,False
201800024355,NonLethal,Daylight,Yes,NoIntersection,Normal,2Vehicles-Side,6,Thursday,10,False,False
201800055561,NonLethal,Daylight,Yes,NoIntersection,Normal,2Vehicles-Side,8,Saturday,15,True,False
201800005662,NonLethal,Daylight,Yes,NoIntersection,Normal,3+Vehicles-Chain,12,Wednesday,18,False,False
201800057205,NonLethal,Daylight,Yes,NoIntersection,Normal,2Vehicles-Side,8,Tuesday,11,False,False
201800034608,NonLethal,Daylight,Yes,NoIntersection,Normal,2Vehicles-Side,6,Tuesday,17,False,False
201800013694,NonLethal,Daylight,Yes,T-type,Normal,2Vehicles-Side,10,Friday,8,False,False
201800033311,NonLethal,Daylight,Yes,T-type,Normal,2Vehicles-Side,6,Thursday,18,False,False
201800054035,NonLethal,Daylight,Yes,NoIntersection,Normal,2Vehicles-Behind,3,Friday,7,False,False
201800044606,NonLethal,Daylight,No,NoIntersection,Normal,3+Vehicles-Chain,2,Tuesday,9,False,False
201800035777,Lethal,Daylight,Yes,NoIntersection,Normal,Other,3,Friday,11,False,False
201800035922,NonLethal,NightStreelightsOn,Yes,Other,Normal,2Vehicles-Side,8,Friday,21,False,False
201800054297,NonLethal,Daylight,Yes,X-type,LightRain,2Vehicles-Side,12,Friday,8,False,False
201800043536,NonLethal,Daylight,Yes,NoIntersection,LightRain,Other,4,Wednesday,9,False,False
201800030627,NonLethal,Daylight,Yes,NoIntersection,Normal,2Vehicles-Behind,10,Thursday,17,False,False
201800056716,NonLethal,Daylight,No,NoIntersection,Normal,2Vehicles-BehindVehicles-Frontal,7,Friday,9,False,False
201800051187,NonLethal,Daylight,Yes,X-type,VeryGood,2Vehicles-Side,9,Tuesday,19,False,False
201800017846,NonLethal,Daylight,No,T-type,HeavyRain,2Vehicles-Side,10,Thursday,16,False,False
201800023131,NonLethal,Daylight,Yes,NoIntersection,Normal,Other,6,Monday,15,False,False
201800057715,NonLethal,NightStreelightsOn,Yes,NoIntersection,Normal,Other,9,Wednesday,21,False,False
201800040897,NonLethal,Daylight,Yes,NoIntersection,Normal,Other,6,Saturday,15,True,False
201800034652,NonLethal,NightStreelightsOn,Yes,T-type,Normal,Other,4,Thursday,2,False,True
201800040274,NonLethal,Daylight,Yes,NoIntersection,Normal,2Vehicles-Behind,2,Friday,15,False,False
201800050822,NonLethal,Daylight,Yes,T-type,Normal,Other,1,Wednesday,15,False,False
201800012550,NonLethal,NightNoStreetLight,No,NoIntersection,Normal,Other,3,Thursday,5,False,True
201800035753,NonLethal,Daylight,Yes,Other,Normal,2Vehicles-Side,9,Monday,13,False,False
201800001379,Lethal,TwilightOrDawn,No,NoIntersection,Normal,2Vehicles-Behind,2,Thursday,20,False,False
201800027150,NonLethal,TwilightOrDawn,Yes,NoIntersection,Normal,Other,8,Thursday,19,False,False
201800005996,NonLethal,Daylight,Yes,X-type,Normal,2Vehicles-Side,9,Sunday,19,True,False
201800023716,NonLethal,Daylight,Yes,NoIntersection,Normal,2Vehicles-Side,6,Saturday,16,True,False
201800017590,NonLethal,Daylight,No,NoIntersection,Normal,2Vehicles-BehindVehicles-Frontal,9,Monday,14,False,False
201800051572,NonLethal,Daylight,Yes,X-type,LightRain,Other,9,Saturday,15,True,False
201800003146,Lethal,TwilightOrDawn,No,NoIntersection,Normal,NoCollision,12,Thursday,8,False,False
201800013920,NonLethal,Daylight,Yes,X-type,Normal,2Vehicles-Side,5,Thursday,11,False,False
201800050006,NonLethal,Daylight,No,NoIntersection,Normal,2Vehicles-Side,9,Wednesday,8,False,False
201800011968,NonLethal,TwilightOrDawn,No,NoIntersection,Normal,Other,8,Thursday,6,False,True
201800054380,NonLethal,NightStreelightsOn,Yes,Square,Normal,Other,4,Monday,4,False,True
201800030994,NonLethal,Daylight,Yes,NoIntersection,Normal,2Vehicles-Side,4,Wednesday,14,False,False
201800012277,NonLethal,NightStreelightsOn,Yes,NoIntersection,Normal,2Vehicles-BehindVehicles-Frontal,4,Saturday,23,True,False
201800046635,NonLethal,Daylight,No,NoIntersection,Normal,2Vehicles-Behind,5,Thursday,19,False,False
201800038677,NonLethal,NightStreelightsOn,Yes,NoIntersection,Normal,2Vehicles-Side,3,Friday,19,False,False
201800013618,NonLethal,Daylight,Yes,T-type,Normal,Other,10,Friday,17,False,False
201800036446,NonLethal,Daylight,Yes,NoIntersection,Normal,Other,6,Thursday,13,False,False
201800001805,Lethal,Daylight,No,NoIntersection,Overcast,2Vehicles-BehindVehicles-Frontal,11,Saturday,12,True,False
201800007049,NonLethal,Daylight,No,NoIntersection,Normal,2Vehicles-BehindVehicles-Frontal,10,Sunday,7,True,False
201800022404,NonLethal,Daylight,Yes,X-type,Normal,2Vehicles-Side,9,Saturday,18,True,False
201800043953,NonLethal,Daylight,No,NoIntersection,Normal,Other,4,Thursday,10,False,False
201800027279,NonLethal,Daylight,Yes,NoIntersection,Normal,Other,8,Sunday,19,True,False
201800009947,NonLethal,Daylight,Yes,NoIntersection,Normal,3+Vehicles-Chain,10,Friday,16,False,False
201800021522,NonLethal,Daylight,Yes,Roundabout,HeavyRain,Other,11,Friday,13,False,False
201800047138,NonLethal,Daylight,No,NoIntersection,Normal,2Vehicles-Side,12,Thursday,17,False,False
201800050612,NonLethal,Daylight,Yes,NoIntersection,Normal,Other,10,Wednesday,12,False,False
201800027627,NonLethal,Daylight,Yes,Roundabout,Normal,2Vehicles-Side,3,Tuesday,12,False,False
201800016461,NonLethal,NightNoStreetLight,Yes,NoIntersection,Normal,Other,8,Friday,4,False,True
201800019614,NonLethal,Daylight,Yes,NoIntersection,Normal,2Vehicles-Behind,9,Monday,8,False,False
201800053686,NonLethal,Daylight,Yes,X-type,Normal,Other,1,Monday,13,False,False
201800031046,NonLethal,Daylight,Yes,NoIntersection,Normal,NoCollision,8,Saturday,14,True,False
201800001961,NonLethal,NightStreelightsOn,Yes,NoIntersection,Normal,Other,8,Wednesday,22,False,False
201800003756,NonLethal,NightNoStreetLight,No,NoIntersection,Normal,NoCollision,7,Friday,22,False,False
201800020403,NonLethal,Daylight,Yes,X-type,Normal,2Vehicles-BehindVehicles-Frontal,12,Monday,18,False,False
201800020666,NonLethal,Daylight,No,NoIntersection,HeavyRain,2Vehicles-Behind,7,Tuesday,16,False,False
201800034421,NonLethal,NightStreelightsOn,Yes,T-type,Normal,NoCollision,1,Wednesday,17,False,False
201800014829,Lethal,Daylight,No,NoIntersection,Normal,2Vehicles-Behind,9,Monday,18,False,False
201800018130,NonLethal,Daylight,Yes,NoIntersection,Normal,2Vehicles-BehindVehicles-Frontal,10,Tuesday,12,False,False
201800055112,NonLethal,Daylight,Yes,X-type,Normal,Other,6,Saturday,17,True,False
201800050721,NonLethal,NightNoStreetLight,Yes,X-type,Normal,3+Vehicles-Multiple,3,Friday,20,False,False
201800026605,NonLethal,NightStreelightsOn,Yes,X-type,Normal,2Vehicles-BehindVehicles-Frontal,11,Saturday,17,True,False
201800026500,NonLethal,NightStreelightsOn,Yes,NoIntersection,Normal,NoCollision,12,Tuesday,18,False,False
201800021174,NonLethal,NightNoStreetLight,Yes,NoIntersection,LightRain,2Vehicles-BehindVehicles-Frontal,9,Saturday,20,True,False
201800036554,NonLethal,NightStreelightsOn,Yes,NoIntersection,Normal,3+Vehicles-Chain,2,Saturday,2,True,True
201800040736,NonLethal,NightStreelightsOn,Yes,NoIntersection,LightRain,2Vehicles-Behind,1,Saturday,22,True,False
201800023497,NonLethal,Daylight,Yes,NoIntersection,Normal,Other,9,Saturday,14,True,False
201800004461,NonLethal,Daylight,No,NoIntersection,Normal,NoCollision,5,Wednesday,13,False,False
201800001275,NonLethal,NightNoStreetLight,No,NoIntersection,Normal,Other,9,Friday,0,False,True
201800014136,NonLethal,Daylight,Yes,NoIntersection,Normal,2Vehicles-Side,6,Friday,12,False,False
201800001717,NonLethal,Daylight,Yes,LevelCrossing,Normal,2Vehicles-Behind,6,Friday,8,False,False
201800027293,NonLethal,Daylight,Yes,NoIntersection,Normal,2Vehicles-Side,5,Friday,11,False,False
201800038626,NonLethal,Daylight,Yes,NoIntersection,Overcast,2Vehicles-Side,10,Wednesday,10,False,False
201800038343,NonLethal,Daylight,Yes,NoIntersection,HeavyRain,2Vehicles-Side,12,Friday,14,False,False
201800016357,NonLethal,TwilightOrDawn,Yes,NoIntersection,Normal,Other,11,Friday,8,False,False
201800006973,NonLethal,Daylight,Yes,NoIntersection,Normal,Other,11,Sunday,12,True,False
201800024201,NonLethal,Daylight,Yes,NoIntersection,Normal,Other,5,Friday,16,False,False
201800025458,NonLethal,Daylight,Yes,NoIntersection,Normal,NoCollision,8,Thursday,8,False,False
201800054264,NonLethal,NightStreelightsOn,Yes,NoIntersection,Normal,Other,11,Wednesday,20,False,False
201800005864,NonLethal,TwilightOrDawn,Yes,Other,Normal,2Vehicles-Behind,12,Saturday,6,True,True
201800020786,NonLethal,Daylight,Yes,NoIntersection,LightRain,2Vehicles-Side,1,Friday,9,False,False