AccidentId,Gravity,Light,InAgglomeration,IntersectionType,Weather,CollisionType,Month,DayOfWeek,HourOfDay,IsWeekend,IsNight
201800033151,NonLethal,Daylight,Yes,NoIntersection,LightRain,Other,8,Monday,10,False,False
201800034365,NonLethal,Daylight,Yes,NoIntersection,Normal,2Vehicles-BehindVehicles-Frontal,6,Sunday,16,True,False
201800020503,NonLethal,Daylight,Yes,Roundabout,Normal,2Vehicles-Behind,6,Friday,11,False,False
201800050198,NonLethal,NightNoStreetLight,No,NoIntersection,Normal,NoCollision,12,Wednesday,18,False,False
201800007120,NonLethal,Daylight,No,Roundabout,Normal,Other,11,Saturday,16,True,False
201800016492,Lethal,Daylight,No,NoIntersection,Normal,Other,9,Sunday,15,True,False
201800005807,NonLethal,Daylight,Yes,NoIntersection,Normal,2Vehicles-Side,9,Friday,18,False,False
201800048661,NonLethal,Daylight,Yes,X-type,Normal,2Vehicles-Side,2,Sunday,12,True,False
201800033626,NonLethal,Daylight,Yes,T-type,Normal,2Vehicles-Side,1,Monday,14,False,False
201800053326,NonLethal,Daylight,Yes,NoIntersection,LightRain,2Vehicles-Side,9,Tuesday,18,False,False
201800028591,NonLethal,Daylight,Yes,NoIntersection,Normal,Other,2,Tuesday,9,False,False
201800025895,NonLethal,Daylight,Yes,NoIntersection,Normal,Other,5,Wednesday,16,False,False
201800019837,NonLethal,Daylight,Yes,NoIntersection,Normal,2Vehicles-Behind,2,Tuesday,16,False,False
201800051654,NonLethal,Daylight,Yes,X-type,Normal,2Vehicles-Side,2,Friday,16,False,False
201800031966,NonLethal,Daylight,Yes,T-type,Normal,2Vehicles-Behind,8,Friday,11,False,False
201800050717,NonLethal,Daylight,Yes,X-type,Normal,2Vehicles-Side,8,Saturday,12,True,False
201800029803,NonLethal,NightStreelightsOn,Yes,T-type,LightRain,Other,12,Sunday,21,True,False
201800029188,NonLethal,NightNoStreetLight,No,X-type,Normal,2Vehicles-Side,7,Friday,20,False,False
201800000399,Lethal,Daylight,No,NoIntersection,LightRain,2Vehicles-Side,11,Thursday,14,False,False
201800055931,NonLethal,Daylight,No,NoIntersection,Normal,2Vehicles-Behind,7,Sunday,8,True,False
201800032543,NonLethal,Daylight,Yes,NoIntersection,Overcast,NoCollision,6,Saturday,14,True,False
201800009605,NonLethal,NightStreelightsOn,Yes,T-type,Normal,2Vehicles-BehindVehicles-Frontal,8,Tuesday,21,False,False
201800029975,NonLethal,Daylight,Yes,T-type,Normal,Other,10,Wednesday,12,False,False
201800003708,NonLethal,Daylight,Yes,Y-type,Normal,Other,5,Thursday,10,False,False
201800057282,NonLethal,Daylight,No,NoIntersection,Other,Other,12,Tuesday,7,False,False
201800006711,NonLethal,Daylight,No,NoIntersection,Normal,2Vehicles-Side,5,Monday,11,False,False
201800029078,NonLethal,Daylight,Yes,Roundabout,Normal,2Vehicles-Side,5,Saturday,14,True,False
201800034009,NonLethal,Daylight,Yes,NoIntersection,Normal,2Vehicles-Side,6,Friday,19,False,False
201800055664,NonLethal,Daylight,Yes,NoIntersection,Normal,Other,10,Monday,17,False,False
201800034354,NonLethal,TwilightOrDawn,Yes,NoIntersection,Normal,2Vehicles-BehindVehicles-Frontal,4,Saturday,20,True,False
201800042028,NonLethal,Daylight,Yes,NoIntersection,Normal,2Vehicles-Side,7,Monday,16,False,False
201800016307,NonLethal,Daylight,No,NoIntersection,Normal,Other,9,Monday,16,False,False
201800020431,Lethal,TwilightOrDawn,No,NoIntersection,Other,Other,12,Saturday,8,True,False
201800026378,NonLethal,Daylight,Yes,NoIntersection,Normal,Other,5,Friday,16,False,False
201800041081,NonLethal,NightStreelightsOn,Yes,NoIntersection,LightRain,Other,1,Saturday,20,True,False
201800024226,NonLethal,NightNoStreetLight,Yes,Roundabout,Other,NoCollision,6,Tuesday,1,False,True
201800000722,NonLethal,Daylight,Yes,T-type,Normal,2Vehicles-Side,4,Tuesday,9,False,False
201800001010,NonLethal,Daylight,Yes,NoIntersection,LightRain,2Vehicles-BehindVehicles-Frontal,10,Monday,7,False,False
201800051156,NonLethal,Daylight,Yes,X-type,Normal,2Vehicles-Side,7,Sunday,9,True,False
201800025974,NonLethal,TwilightOrDawn,Yes,T-type,LightRain,Other,1,Thursday,8,False,False
201800037031,NonLethal,Daylight,Yes,NoIntersection,Normal,Other,2,Sunday,14,True,False
201800035297,NonLethal,Daylight,Yes,X-type,Normal,2Vehicles-Side,9,Thursday,9,False,False
201800017510,NonLethal,NightNoStreetLight,No,NoIntersection,Normal,Other,9,Sunday,4,True,True
201800032234,NonLethal,Daylight,Yes,Other,Normal,2Vehicles-Side,1,Tuesday,16,False,False
201800019168,NonLethal,Daylight,Yes,X-type,Normal,2Vehicles-Side,8,Thursday,18,False,False
201800044391,NonLethal,Daylight,No,NoIntersection,HeavyRain,Other,11,Tuesday,11,False,False
201800027168,NonLethal,NightStreelightsOn,Yes,T-type,Normal,2Vehicles-Side,2,Monday,20,False,False
201800027618,NonLethal,NightStreelightsOn,Yes,T-type,Normal,Other,10,Friday,19,False,False
201800055304,NonLethal,NightStreelightsOn,Yes,NoIntersection,Normal,2Vehicles-Behind,3,Wednesday,5,False,True
201800051203,NonLethal,Daylight,Yes,NoIntersection,Normal,Other,9,Friday,14,False,False
201800036663,NonLethal,Daylight,Yes,X-type,VeryGood,2Vehicles-Side,6,Thursday,19,False,False
201800045743,NonLethal,TwilightOrDawn,No,NoIntersection,Normal,NoCollision,3,Sunday,18,True,False
201800007174,NonLethal,Daylight,Yes,NoIntersection,Normal,2Vehicles-Side,4,Tuesday,18,False,False
201800047535,NonLethal,Daylight,Yes,NoIntersection,Normal,2Vehicles-Side,6,Tuesday,9,False,False
201800045187,NonLethal,Daylight,No,NoIntersection,Normal,3+Vehicles-Multiple,10,Tuesday,8,False,False
201800000571,NonLethal,Daylight,No,X-type,Normal,2Vehicles-Side,12,Wednesday,11,False,False
201800034085,NonLethal,Daylight,Yes,T-type,Normal,Other,10,Wednesday,18,False,False
201800030262,NonLethal,Daylight,Yes,Other,Normal,Other,4,Monday,21,False,False
201800007076,NonLethal,Daylight,No,NoIntersection,Normal,2Vehicles-Side,5,Tuesday,17,False,False
201800037390,NonLethal,Daylight,Yes,Roundabout,Normal,Other,1,Saturday,13,True,False
201800047232,NonLethal,Daylight,Yes,NoIntersection,Normal,3+Vehicles-Chain,10,Sunday,17,True,False
201800037836,NonLethal,Daylight,Yes,NoIntersection,Normal,2Vehicles-Side,7,Tuesday,18,False,False
201800014890,NonLethal,Daylight,No,NoIntersection,Normal,Other,5,Sunday,19,True,False
201800028108,NonLethal,Daylight,Yes,NoIntersection,Normal,2Vehicles-Behind,9,Wednesday,8,False,False
201800054635,NonLethal,Daylight,Yes,X-type,LightRain,Other,12,Friday,9,False,False
201800036836,NonLethal,Daylight,Yes,NoIntersection,Normal,Other,6,Friday,18,False,False
201800038970,NonLethal,NightStreelightsOn,Yes,NoIntersection,Normal,Other,7,Wednesday,18,False,False
201800050084,NonLethal,Daylight,No,NoIntersection,LightRain,2Vehicles-Behind,10,Monday,9,False,False
201800012578,NonLethal,Daylight,No,NoIntersection,Normal,Other,8,Saturday,17,True,False
201800016863,NonLethal,Daylight,No,NoIntersection,LightRain,Other,12,Saturday,9,True,False
201800054693,NonLethal,NightStreelightsOn,Yes,NoIntersection,Normal,Other,4,Sunday,1,True,True
201800037606,NonLethal,Daylight,Yes,NoIntersection,LightRain,2Vehicles-Behind,6,Tuesday,7,False,False
201800043931,NonLethal,NightNoStreetLight,No,NoIntersection,Normal,2Vehicles-Behind,4,Wednesday,22,False,False
201800043709,Lethal,Daylight,No,NoIntersection,Normal,3+Vehicles-Multiple,8,Tuesday,13,False,False
201800015756,Lethal,NightNoStreetLight,No,NoIntersection,Normal,Other,3,Thursday,1,False,True
201800005676,NonLethal,TwilightOrDawn,Yes,X-type,Normal,2Vehicles-Side,5,Thursday,20,False,False
201800044760,NonLethal,NightNoStreetLight,No,NoIntersection,Normal,Other,4,Wednesday,21,False,False
201800009153,NonLethal,Daylight,Yes,Other,Normal,2Vehicles-BehindVehicles-Frontal,6,Sunday,18,True,False
201800011387,NonLethal,NightNoStreetLight,No,NoIntersection,SnowOrHail,3+Vehicles-Multiple,2,Tuesday,6,False,True
201800000234,NonLethal,Daylight,Yes,NoIntersection,Normal,Other,6,Sunday,6,True,True
201800025603,NonLethal,NightStreelightsOn,Yes,X-type,Normal,2Vehicles-Side,11,Friday,17,False,False
201800010245,NonLethal,Daylight,Yes,NoIntersection,Normal,2Vehicles-Side,12,Wednesday,13,False,False
201800015023,NonLethal,TwilightOrDawn,Yes,NoIntersection,LightRain,2Vehicles-Side,9,Wednesday,16,False,False
201800041861,NonLethal,Daylight,Yes,NoIntersection,Normal,3+Vehicles-Chain,4,Friday,17,False,False
201800015321,NonLethal,NightStreelightsOn,Yes,Roundabout,Normal,2Vehicles-Side,1,Thursday,18,False,False
201800030743,NonLethal,Daylight,Yes,NoIntersection,SnowOrHail,2Vehicles-Behind,8,Thursday,9,False,False
201800031694,NonLethal,Daylight,Yes,NoIntersection,LightRain,Other,4,Sunday,9,True,False
201800025906,NonLethal,NightNoStreetLight,Yes,NoIntersection,LightRain,NoCollision,7,Friday,0,False,True
201800027080,NonLethal,NightNoStreetLight,Yes,NoIntersection,FogOrSmoke,Other,5,Friday,1,False,True
201800017089,Lethal,TwilightOrDawn,No,X-type,VeryGood,2Vehicles-Side,5,Thursday,7,False,False
201800044917,NonLethal,Daylight,No,NoIntersection,Normal,2Vehicles-Behind,4,Thursday,7,False,False
201800030757,NonLethal,NightStreelightsOn,Yes,NoIntersection,Normal,2Vehicles-Side,2,Sunday,23,True,False
201800020701,NonLethal,Daylight,Yes,NoIntersection,Normal,2Vehicles-Behind,1,Thursday,15,False,False
201800055000,NonLethal,Daylight,Yes,X-type,LightRain,Other,4,Monday,16,False,False
201800051288,NonLethal,NightStreelightsOn,Yes,X-type,Normal,NoCollision,12,Thursday,20,False,False
201800012000,NonLethal,Daylight,Yes,NoIntersection,Normal,2Vehicles-Side,8,Sunday,13,True,False
201800011014,NonLethal,Daylight,Yes,Other,Normal,2Vehicles-Side,9,Monday,13,False,False
201800049356,NonLethal,Daylight,No,NoIntersection,Normal,2Vehicles-Behind,3,Saturday,9,True,False
201800012589,NonLethal,Daylight,No,T-type,Normal,2Vehicles-Behind,7,Wednesday,11,False,False
201800002589,NonLethal,TwilightOrDawn,No,NoIntersection,Normal,Other,8,Sunday,20,True,False
201800053081,NonLethal,Daylight,Yes,T-type,Normal,2Vehicles-Side,7,Tuesday,9,False,False
201800040723,NonLethal,Daylight,Yes,NoIntersection,Normal,Other,6,Monday,16,False,False
201800043641,NonLethal,NightStreelightsOn,Yes,X-type,Normal,2Vehicles-BehindVehicles-Frontal,3,Friday,19,False,False
201800055452,NonLethal,Daylight,Yes,NoIntersection,Normal,3+Vehicles-Multiple,6,Friday,16,False,False
201800023253,NonLethal,Daylight,No,NoIntersection,LightRain,2Vehicles-Behind,9,Monday,7,False,False
201800006763,NonLethal,NightNoStreetLight,No,NoIntersection,Normal,Other,3,Saturday,1,True,True
201800028154,NonLethal,Daylight,Yes,NoIntersection,Normal,2Vehicles-Side,12,Tuesday,14,False,False
201800039102,NonLethal,NightStreelightsOn,Yes,Other,HeavyRain,Other,12,Sunday,4,True,True
201800013451,NonLethal,Daylight,No,NoIntersection,Normal,Other,8,Saturday,10,True,False
201800006883,NonLethal,Daylight,No,NoIntersection,Overcast,Other,12,Wednesday,8,False,False
201800018562,NonLethal,Daylight,Yes,NoIntersection,Normal,Other,8,Tuesday,14,False,False
201800007523,NonLethal,Daylight,No,NoIntersection,Normal,Other,3,Monday,18,False,False
201800015932,NonLethal,Daylight,No,NoIntersection,Normal,2Vehicles-Side,7,Friday,11,False,False
201800011225,NonLethal,Daylight,No,Other,Normal,2Vehicles-Side,4,Wednesday,15,False,False
201800052174,NonLethal,TwilightOrDawn,Yes,X-type,Normal,Other,9,Wednesday,21,False,False
201800019728,NonLethal,NightStreelightsOn,Yes,Roundabout,Normal,Other,9,Sunday,3,True,True
201800017374,NonLethal,Daylight,Yes,NoIntersection,Normal,Other,6,Monday,15,False,False
201800002045,NonLethal,Daylight,No,NoIntersection,Normal,NoCollision,6,Saturday,18,True,False
201800005906,NonLethal,NightNoStreetLight,No,NoIntersection,Normal,Other,11,Sunday,5,True,True
201800008853,NonLethal,NightStreelightsOff,Yes,NoIntersection,Normal,2Vehicles-Behind,4,Saturday,3,True,True
201800014317,NonLethal,NightNoStreetLight,No,NoIntersection,Normal,NoCollision,9,Thursday,21,False,False
201800017832,NonLethal,Daylight,No,T-type,Normal,2Vehicles-Side,3,Thursday,14,False,False
201800056376,NonLethal,TwilightOrDawn,Yes,NoIntersection,Normal,NoCollision,7,Saturday,19,True,False
201800003436,NonLethal,Daylight,No,X-type,LightRain,2Vehicles-Side,11,Monday,8,False,False
201800007661,NonLethal,Daylight,Yes,NoIntersection,Normal,Other,8,Friday,14,False,False
201800026025,NonLethal,NightStreelightsOff,No,NoIntersection,Normal,Other,5,Tuesday,0,False,True
201800048070,NonLethal,NightStreelightsOn,Yes,X-type,Normal,2Vehicles-Side,2,Monday,18,False,False
201800033262,NonLethal,NightNoStreetLight,No,NoIntersection,LightRain,Other,11,Sunday,1,True,True
201800008244,Lethal,NightStreelightsOn,Yes,NoIntersection,Normal,Other,4,Sunday,4,True,True
201800022635,NonLethal,NightStreelightsOn,Yes,NoIntersection,Normal,Other,2,Monday,3,False,True
201800029621,NonLethal,NightStreelightsOn,Yes,NoIntersection,Normal,2Vehicles-Side,3,Sunday,20,True,False
201800011706,Lethal,Daylight,No,NoIntersection,Normal,2Vehicles-BehindVehicles-Frontal,6,Friday,14,False,False
201800050043,NonLethal,Daylight,No,NoIntersection,Normal,2Vehicles-Behind,10,Friday,16,False,False
201800013562,NonLethal,Daylight,No,NoIntersection,Normal,2Vehicles-Side,12,Wednesday,14,False,False
201800047268,NonLethal,Daylight,Yes,X-type,Normal,2Vehicles-Side,9,Tuesday,9,False,False
201800015363,NonLethal,Daylight,Yes,X-type,Normal,2Vehicles-Side,8,Wednesday,19,False,False
201800040791,NonLethal,NightStreelightsOn,Yes,X-type,LightRain,Other,11,Tuesday,18,False,False
201800009353,NonLethal,Daylight,Yes,X-type,Normal,2Vehicles-Side,12,Friday,19,False,False
201800019219,NonLethal,Daylight,No,NoIntersection,Normal,2Vehicles-Side,11,Friday,10,False,False
201800011004,NonLethal,Daylight,Yes,Roundabout,Normal,Other,5,Sunday,19,True,False
201800015987,Lethal,Daylight,Yes,NoIntersection,Normal,2Vehicles-BehindVehicles-Frontal,11,Sunday,15,True,False
201800032529,NonLethal,NightStreelightsOn,Yes,X-type,Normal,2Vehicles-BehindVehicles-Frontal,8,Wednesday,23,False,False
201800053476,NonLethal,Daylight,Yes,NoIntersection,LightRain,2Vehicles-Behind,9,Saturday,16,True,False
201800005342,NonLethal,Daylight,Yes,NoIntersection,Normal,2Vehicles-Side,2,Sunday,12,True,False
201800056454,NonLethal,Daylight,Yes,NoIntersection,Normal,2Vehicles-Side,5,Saturday,8,True,False
201800016971,NonLethal,Daylight,Yes,NoIntersection,Normal,2Vehicles-Side,10,Wednesday,18,False,False
201800049997,NonLethal,Daylight,No,NoIntersection,VeryGood,3+Vehicles-Chain,4,Monday,18,False,False
201800032892,NonLethal,Daylight,Yes,NoIntersection,Normal,Other,10,Tuesday,11,False,False
201800044865,NonLethal,Daylight,No,NoIntersection,Normal,3+Vehicles-Multiple,10,Friday,13,False,False
201800001249,NonLethal,NightNoStreetLight,Yes,NoIntersection,HeavyRain,2Vehicles-Behind,12,Wednesday,20,False,False
201800040275,NonLethal,NightStreelightsOn,Yes,NoIntersection,LightRain,Other,2,Saturday,19,True,False
201800006523,NonLethal,Daylight,No,NoIntersection,Normal,Other,12,Wednesday,8,False,False
201800028065,NonLethal,Daylight,Yes,NoIntersection,Normal,Other,7,Sunday,19,True,False
201800018510,NonLethal,Daylight,No,X-type,Normal,2Vehicles-Side,12,Sunday,16,True,False
201800032366,NonLethal,NightStreelightsOn,Yes,Roundabout,LightRain,2Vehicles-Side,2,Tuesday,19,False,False
201800006874,NonLethal,NightNoStreetLight,No,NoIntersection,Normal,2Vehicles-Side,7,Saturday,0,True,True
201800031724,NonLethal,Daylight,Yes,NoIntersection,Normal,Other,4,Saturday,13,True,False
201800023492,NonLethal,Daylight,No,NoIntersection,Normal,NoCollision,8,Wednesday,16,False,False
201800011013,NonLethal,Daylight,Yes,Roundabout,Normal,2Vehicles-Side,8,Friday,18,False,False
201800054124,NonLethal,Daylight,Yes,X-type,Normal,2Vehicles-Behind,6,Friday,19,False,False
201800019046,NonLethal,NightStreelightsOn,No,Roundabout,Normal,2Vehicles-Side,11,Friday,19,False,False
201800038142,NonLethal,Daylight,Yes,X-type,Normal,2Vehicles-Side,9,Sunday,15,True,False
201800022209,NonLethal,Daylight,No,NoIntersection,Normal,NoCollision,8,Wednesday,17,False,False
201800001206,Lethal,Daylight,Yes,NoIntersection,Normal,2Vehicles-Behind,2,Friday,12,False,False
201800007219,NonLethal,NightStreelightsOn,No,NoIntersection,LightRain,Other,11,Monday,18,False,False
201800002545,NonLethal,Daylight,No,NoIntersection,Normal,2Vehicles-Side,8,Saturday,12,True,False
201800011336,NonLethal,Daylight,No,X-type,Normal,2Vehicles-Side,9,Wednesday,14,False,False
201800012105,NonLethal,NightNoStreetLight,No,NoIntersection,Normal,2Vehicles-Side,12,Wednesday,19,False,False
201800023484,NonLethal,Daylight,No,NoIntersection,Normal,Other,6,Friday,11,False,False
201800020831,NonLethal,Daylight,Yes,X-type,Normal,2Vehicles-Side,5,Friday,18,False,False
201800046285,NonLethal,Daylight,No,NoIntersection,Normal,2Vehicles-Behind,12,Wednesday,9,False,False
201800006590,NonLethal,NightNoStreetLight,No,X-type,Normal,2Vehicles-Side,11,Wednesday,20,False,False
201800054156,NonLethal,Daylight,Yes,NoIntersection,Normal,2Vehicles-Behind,10,Sunday,18,True,False
201800048563,NonLethal,Daylight,No,Roundabout,Normal,2Vehicles-BehindVehicles-Frontal,9,Saturday,11,True,False
201800043689,NonLethal,Daylight,Yes,NoIntersection,Normal,2Vehicles-Side,7,Monday,10,False,False
201800042422,NonLethal,NightNoStreetLight,No,NoIntersection,LightRain,Other,12,Friday,5,False,True
201800018362,NonLethal,Daylight,No,T-type,Normal,Other,9,Friday,18,False,False
201800013284,NonLethal,Daylight,No,X-type,Normal,2Vehicles-Side,4,Tuesday,16,False,False
201800046108,NonLethal,Daylight,No,NoIntersection,Normal,2Vehicles-Side,9,Monday,9,False,False
201800009285,NonLethal,NightStreelightsOn,Yes,NoIntersection,Normal,2Vehicles-Side,1,Sunday,5,True,True
201800030346,NonLethal,NightNoStreetLight,Yes,NoIntersection,Overcast,2Vehicles-Side,11,Thursday,18,False,False
201800001316,NonLethal,Daylight,Yes,NoIntersection,Normal,Other,10,Friday,9,False,False
201800034926,NonLethal,NightNoStreetLight,No,Roundabout,FogOrSmoke,2Vehicles-Behind,12,Saturday,3,True,True
201800008185,NonLethal,Daylight,Yes,NoIntersection,Normal,2Vehicles-Behind,9,Saturday,16,True,False
201800014468,Lethal,Daylight,Yes,NoIntersection,Normal,NoCollision,7,Sunday,9,True,False
201800042748,NonLethal,Daylight,Yes,X-type,Normal,2Vehicles-Side,4,Wednesday,15,False,False
201800049467,NonLethal,Daylight,No,NoIntersection,Normal,Other,10,Wednesday,16,False,False
201800009812,NonLethal,NightStreelightsOn,Yes,NoIntersection,Normal,2Vehicles-BehindVehicles-Frontal,9,Thursday,20,False,False
201800016805,NonLethal,Daylight,No,NoIntersection,Normal,NoCollision,9,Saturday,14,True,False
201800041882,Lethal,NightNoStreetLight,Yes,NoIntersection,Normal,Other,7,Saturday,5,True,True
201800018395,Lethal,Daylight,No,X-type,HeavyRain,2Vehicles-Side,4,Thursday,16,False,False
201800002054,NonLethal,Daylight,No,Roundabout,Normal,2Vehicles-Side,3,Sunday,7,True,False
201800037970,NonLethal,NightStreelightsOff,Yes,X-type,Normal,2Vehicles-Behind,10,Friday,21,False,False
201800019209,Lethal,Daylight,No,NoIntersection,HeavyRain,2Vehicles-BehindVehicles-Frontal,5,Wednesday,20,False,False
201800050553,NonLethal,Daylight,Yes,T-type,Normal,Other,5,Friday,13,False,False
201800043413,NonLethal,Daylight,Yes,NoIntersection,Normal,2Vehicles-Behind,2,Tuesday,13,False,False
201800038295,NonLethal,Daylight,Yes,NoIntersection,Normal,2Vehicles-Behind,6,Thursday,16,False,False
201800048233,NonLethal,NightStreelightsOn,Yes,NoIntersection,Normal,Other,5,Tuesday,22,False,False
201800046525,NonLethal,NightNoStreetLight,No,NoIntersection,Normal,2Vehicles-BehindVehicles-Frontal,4,Sunday,6,True,True
201800039251,NonLethal,TwilightOrDawn,Yes,NoIntersection,Normal,2Vehicles-Side,7,Thursday,20,False,False
201800057230,NonLethal,Daylight,Yes,Roundabout,Normal,2Vehicles-Side,11,Friday,14,False,False
201800050132,NonLethal,Daylight,No,NoIntersection,Normal,3+Vehicles-Chain,11,Saturday,13,True,False
201800006254,Lethal,Daylight,No,X-type,VeryGood,2Vehicles-Side,10,Thursday,11,False,False
201800050023,NonLethal,Daylight,No,NoIntersection,Normal,Other,9,Wednesday,8,False,False
201800016770,NonLethal,Daylight,No,NoIntersection,Normal,NoCollision,4,Sunday,16,True,False
201800035714,NonLethal,Daylight,No,T-type,Normal,2Vehicles-Side,7,Monday,20,False,False
201800012735,Lethal,NightStreelightsOn,Yes,NoIntersection,Normal,Other,3,Saturday,1,True,True
201800045684,NonLethal,NightStreelightsOn,No,NoIntersection,Normal,2Vehicles-Behind,1,Wednesday,7,False,False
201800043543,NonLethal,Daylight,Yes,T-type,Normal,2Vehicles-BehindVehicles-Frontal,4,Monday,15,False,False
201800033577,NonLethal,NightStreelightsOn,Yes,NoIntersection,LightRain,2Vehicles-BehindVehicles-Frontal,10,Thursday,20,False,False
201800042092,NonLethal,TwilightOrDawn,Yes,X-type,Normal,2Vehicles-Side,6,Thursday,21,False,False
201800022109,NonLethal,TwilightOrDawn,Yes,NoIntersection,Normal,2Vehicles-Behind,10,Tuesday,8,False,False
201800033633,NonLethal,Daylight,Yes,NoIntersection,Normal,2Vehicles-Side,4,Wednesday,17,False,False
201800007334,NonLethal,NightStreelightsOn,Yes,Square,Normal,Other,6,Friday,23,False,False
201800051541,NonLethal,Daylight,Yes,X-type,VeryGood,2Vehicles-Side,8,Thursday,16,False,False
201800032310,NonLethal,Daylight,Yes,NoIntersection,Normal,2Vehicles-Behind,9,Tuesday,10,False,False
201800026029,NonLethal,Daylight,Yes,T-type,VeryGood,2Vehicles-BehindVehicles-Frontal,8,Thursday,11,False,False
201800016211,NonLethal,NightNoStreetLight,No,NoIntersection,Normal,Other,8,Friday,22,False,False
201800007387,NonLethal,Daylight,Yes,T-type,Normal,2Vehicles-Side,8,Thursday,10,False,False
201800044176,NonLethal,Daylight,No,NoIntersection,Normal,2Vehicles-Behind,8,Friday,11,False,False
201800031483,NonLethal,Daylight,No,NoIntersection,Normal,2Vehicles-Behind,8,Saturday,10,True,False
201800003706,NonLethal,Daylight,Yes,NoIntersection,Normal,NoCollision,10,Monday,16,False,False
201800057553,NonLethal,Daylight,No,T-type,Normal,2Vehicles-Side,5,Saturday,12,True,False
201800043949,NonLethal,NightNoStreetLight,No,NoIntersection,Normal,NoCollision,4,Tuesday,22,False,False
201800011861,NonLethal,Daylight,Yes,NoIntersection,Normal,Other,11,Wednesday,16,False,False
201800046236,NonLethal,Daylight,No,NoIntersection,Normal,Other,11,Monday,12,False,False
201800020615,NonLethal,Daylight,Yes,NoIntersection,Normal,2Vehicles-BehindVehicles-Frontal,9,Saturday,12,True,False
201800050986,NonLethal,NightStreelightsOn,Yes,MoreThan4Branches,Normal,Other,2,Friday,23,False,False
201800043060,NonLethal,Daylight,Yes,NoIntersection,Normal,2Vehicles-Behind,1,Wednesday,15,False,False
201800030079,NonLethal,Daylight,Yes,T-type,Normal,2Vehicles-Side,5,Tuesday,14,False,False
201800035407,NonLethal,NightNoStreetLight,No,NoIntersection,Normal,NoCollision,5,Wednesday,21,False,False
201800048291,NonLethal,Daylight,Yes,X-type,Normal,2Vehicles-Side,1,Saturday,19,True,False
201800047063,NonLethal,NightNoStreetLight,No,NoIntersection,FogOrSmoke,3+Vehicles-Chain,11,Thursday,17,False,False
201800024069,NonLethal,Daylight,Yes,X-type,LightRain,2Vehicles-Behind,12,Wednesday,12,False,False
201800016036,NonLethal,Daylight,No,NoIntersection,VeryGood,Other,9,Sunday,10,True,False
201800036803,NonLethal,Daylight,Yes,X-type,Normal,2Vehicles-Side,2,Wednesday,16,False,False
201800037221,NonLethal,Daylight,Yes,NoIntersection,SnowOrHail,NoCollision,2,Monday,12,False,False
201800029305,NonLethal,Daylight,Yes,X-type,Normal,2Vehicles-BehindVehicles-Frontal,1,Sunday,17,True,False
201800057528,NonLethal,Daylight,Yes,NoIntersection,Normal,2Vehicles-Side,10,Wednesday,7,False,False
201800042024,NonLethal,Daylight,Yes,Other,Normal,2Vehicles-Side,8,Thursday,11,False,False
201800052350,NonLethal,NightStreelightsOn,Yes,Y-type,Overcast,2Vehicles-Side,4,Tuesday,19,False,False
201800022556,NonLethal,Daylight,Yes,X-type,Overcast,2Vehicles-Side,4,Tuesday,18,False,False
201800052920,NonLethal,Daylight,Yes,NoIntersection,HeavyRain,NoCollision,1,Monday,15,False,False
201800051886,NonLethal,NightStreelightsOn,Yes,T-type,Normal,Other,12,Sunday,21,True,False
201800036798,NonLethal,NightStreelightsOn,Yes,NoIntersection,Normal,Other,1,Friday,19,False,False
201800057110,NonLethal,TwilightOrDawn,Yes,X-type,Normal,2Vehicles-Side,11,Friday,6,False,True
201800039317,NonLethal,Daylight,Yes,T-type,Normal,2Vehicles-Side,10,Tuesday,12,False,False
201800017778,NonLethal,Daylight,No,Roundabout,LightRain,2Vehicles-BehindVehicles-Frontal,4,Tuesday,16,False,False
201800000376,NonLethal,NightStreelightsOn,Yes,NoIntersection,Normal,2Vehicles-BehindVehicles-Frontal,11,Tuesday,19,False,False
201800034673,NonLethal,Daylight,Yes,NoIntersection,Normal,Other,3,Monday,15,False,False
201800006239,Lethal,Daylight,No,NoIntersection,Normal,2Vehicles-Side,3,Wednesday,16,False,False
201800039014,NonLethal,NightStreelightsOn,Yes,NoIntersection,Normal,2Vehicles-Behind,5,Saturday,0,True,True
201800052453,NonLethal,Daylight,Yes,X-type,Normal,Other,6,Sunday,7,True,False
201800034215,NonLethal,Daylight,Yes,Other,Normal,2Vehicles-Behind,4,Saturday,20,True,False
201800031814,NonLethal,Daylight,Yes,Roundabout,Normal,2Vehicles-Side,7,Sunday,14,True,False
201800050838,NonLethal,Daylight,Yes,X-type,Normal,2Vehicles-Side,3,Saturday,15,True,False
201800033837,NonLethal,TwilightOrDawn,Yes,X-type,Normal,2Vehicles-Side,9,Thursday,7,False,False
201800039005,NonLethal,Daylight,No,NoIntersection,Normal,2Vehicles-Side,4,Friday,20,False,False
201800054732,NonLethal,Daylight,Yes,X-type,Normal,2Vehicles-Side,5,Monday,7,False,False
201800026451,NonLethal,NightStreelightsOn,Yes,NoIntersection,Normal,3+Vehicles-Chain,10,Sunday,2,True,True
201800016220,NonLethal,Daylight,No,X-type,Overcast,Other,9,Tuesday,15,False,False
201800038482,NonLethal,NightStreelightsOn,Yes,X-type,Normal,2Vehicles-Side,9,Saturday,23,True,False
201800045666,NonLethal,NightNoStreetLight,No,NoIntersection,Normal,2Vehicles-Behind,1,Monday,18,False,False
201800001958,NonLethal,Daylight,No,Roundabout,VeryGood,Other,6,Sunday,16,True,False
201800053859,NonLethal,NightStreelightsOn,Yes,T-type,Overcast,NoCollision,8,Friday,1,False,True