AccidentId,Gravity,Light,InAgglomeration,IntersectionType,Weather,CollisionType,Month,DayOfWeek,HourOfDay,IsWeekend,IsNight
201800032162,NonLethal,Daylight,Yes,NoIntersection,Normal,Other,7,Friday,15,False,False
201800005234,NonLethal,Daylight,Yes,NoIntersection,Normal,Other,5,Saturday,8,True,False
201800004651,NonLethal,Daylight,No,NoIntersection,LightRain,2Vehicles-BehindVehicles-Frontal,12,Sunday,16,True,False
201800017539,NonLethal,Daylight,No,X-type,Normal,2Vehicles-Side,5,Tuesday,18,False,False
201800008500,NonLethal,Daylight,Yes,NoIntersection,Normal,Other,2,Saturday,10,True,False
201800010988,NonLethal,Daylight,Yes,Roundabout,Normal,2Vehicles-Side,5,Friday,9,False,False
201800021007,NonLethal,Daylight,Yes,T-type,Normal,2Vehicles-Side,6,Tuesday,8,False,False
201800018432,NonLethal,Daylight,No,NoIntersection,Normal,NoCollision,10,Friday,16,False,False
201800042235,NonLethal,Daylight,Yes,Roundabout,LightRain,Other,1,Saturday,12,True,False
201800010556,NonLethal,Daylight,Yes,Other,Normal,2Vehicles-Side,8,Friday,14,False,False
201800021542,NonLethal,Daylight,Yes,Y-type,LightRain,Other,2,Monday,10,False,False
201800015953,NonLethal,TwilightOrDawn,No,NoIntersection,Normal,2Vehicles-BehindVehicles-Frontal,12,Wednesday,18,False,False
201800036046,NonLethal,Daylight,Yes,T-type,Normal,2Vehicles-Side,4,Thursday,15,False,False
201800022273,NonLethal,Daylight,Yes,NoIntersection,Normal,Other,1,Friday,9,False,False
201800056049,NonLethal,Daylight,No,NoIntersection,Normal,2Vehicles-Side,7,Thursday,12,False,False
201800010650,NonLethal,Daylight,No,NoIntersection,Normal,Other,5,Friday,15,False,False
201800021660,NonLethal,Daylight,Yes,X-type,Normal,2Vehicles-Side,6,Sunday,11,True,False
201800033497,NonLethal,NightStreelightsOn,No,Roundabout,Normal,NoCollision,6,Friday,2,False,True
201800035881,NonLethal,Daylight,Yes,NoIntersection,Normal,2Vehicles-Side,4,Monday,17,False,False
201800020563,NonLethal,TwilightOrDawn,Yes,T-type,Normal,2Vehicles-Side,1,Tuesday,17,False,False
201800033419,NonLethal,Daylight,Yes,NoIntersection,Normal,Other,1,Wednesday,8,False,False
201800025197,NonLethal,NightStreelightsOn,Yes,NoIntersection,Normal,2Vehicles-BehindVehicles-Frontal,1,Friday,22,False,False
201800056686,NonLethal,Daylight,Yes,NoIntersection,Normal,2Vehicles-Behind,3,Saturday,8,True,False
201800046560,NonLethal,Daylight,No,NoIntersection,Normal,2Vehicles-Side,5,Wednesday,17,False,False
201800017276,NonLethal,Daylight,No,NoIntersection,LightRain,NoCollision,6,Saturday,12,True,False
201800040857,NonLethal,Daylight,Yes,X-type,Normal,2Vehicles-Side,4,Sunday,6,True,True
201800055868,Lethal,Daylight,No,NoIntersection,LightRain,2Vehicles-BehindVehicles-Frontal,10,Sunday,11,True,False
201800025612,NonLethal,Daylight,Yes,NoIntersection,Normal,Other,11,Wednesday,10,False,False
201800015083,NonLethal,Daylight,No,NoIntersection,Normal,2Vehicles-Side,12,Tuesday,14,False,False
201800021646,NonLethal,NightStreelightsOn,Yes,NoIntersection,Normal,2Vehicles-Side,8,Thursday,7,False,False
201800031825,NonLethal,Daylight,Yes,NoIntersection,Normal,Other,7,Friday,6,False,True
201800024873,NonLethal,Daylight,Yes,Roundabout,Normal,2Vehicles-Side,8,Saturday,19,True,False
201800005635,NonLethal,Daylight,Yes,NoIntersection,LightRain,Other,9,Tuesday,11,False,False
201800053598,NonLethal,NightStreelightsOn,Yes,X-type,Normal,2Vehicles-Side,11,Thursday,20,False,False
201800021393,NonLethal,NightStreelightsOn,Yes,NoIntersection,Normal,2Vehicles-Side,2,Sunday,6,True,True
201800047872,NonLethal,TwilightOrDawn,Yes,NoIntersection,LightRain,Other,12,Monday,16,False,False
201800054632,NonLethal,NightStreelightsOn,Yes,X-type,Normal,2Vehicles-Behind,12,Friday,0,False,True
201800004992,NonLethal,NightNoStreetLight,Yes,Roundabout,LightRain,NoCollision,1,Friday,19,False,False
201800046254,NonLethal,NightNoStreetLight,No,NoIntersection,Normal,NoCollision,11,Friday,19,False,False
201800057531,NonLethal,NightStreelightsOn,Yes,NoIntersection,Normal,2Vehicles-Side,10,Sunday,21,True,False
201800054466,NonLethal,Daylight,Yes,NoIntersection,Normal,Other,6,Friday,19,False,False
201800015698,NonLethal,NightNoStreetLight,No,NoIntersection,FogOrSmoke,2Vehicles-BehindVehicles-Frontal,5,Sunday,3,True,True
201800050511,NonLethal,Daylight,Yes,NoIntersection,Normal,Other,12,Thursday,12,False,False
201800019638,NonLethal,NightStreelightsOn,Yes,X-type,Normal,2Vehicles-Side,4,Wednesday,22,False,False
201800045873,NonLethal,Daylight,No,NoIntersection,LightRain,Other,5,Friday,20,False,False
201800017094,NonLethal,Daylight,Yes,NoIntersection,VeryGood,Other,11,Monday,13,False,False
201800028604,NonLethal,Daylight,Yes,NoIntersection,Normal,3+Vehicles-Chain,7,Monday,9,False,False
201800026290,NonLethal,NightStreelightsOn,Yes,T-type,Normal,3+Vehicles-Multiple,1,Monday,0,False,True
201800032587,NonLethal,Daylight,Yes,NoIntersection,Normal,Other,5,Thursday,15,False,False
201800018663,NonLethal,NightNoStreetLight,No,NoIntersection,Normal,2Vehicles-BehindVehicles-Frontal,12,Thursday,18,False,False
201800009636,NonLethal,Daylight,Yes,T-type,Normal,2Vehicles-Side,1,Tuesday,14,False,False
201800014618,Lethal,Daylight,No,NoIntersection,Normal,NoCollision,1,Saturday,17,True,False
201800027650,NonLethal,NightStreelightsOn,Yes,X-type,Normal,2Vehicles-Side,5,Wednesday,0,False,True
201800002540,NonLethal,Daylight,Yes,NoIntersection,Normal,Other,7,Sunday,9,True,False
201800044276,NonLethal,Daylight,No,NoIntersection,Normal,Other,10,Tuesday,10,False,False
201800006072,NonLethal,Daylight,No,NoIntersection,Normal,3+Vehicles-Multiple,4,Wednesday,12,False,False
201800052518,NonLethal,Daylight,Yes,NoIntersection,Normal,2Vehicles-Side,9,Friday,14,False,False
201800034479,NonLethal,Daylight,Yes,X-type,Normal,2Vehicles-Behind,7,Friday,18,False,False
201800049227,Lethal,NightNoStreetLight,No,NoIntersection,Normal,2Vehicles-Side,4,Sunday,1,True,True
201800053581,NonLethal,Daylight,Yes,X-type,Normal,2Vehicles-Behind,10,Tuesday,12,False,False
201800052930,NonLethal,TwilightOrDawn,Yes,X-type,Normal,2Vehicles-Side,1,Saturday,17,True,False
201800015359,NonLethal,Daylight,No,Y-type,Normal,2Vehicles-Side,1,Sunday,13,True,False
201800044973,NonLethal,Daylight,No,NoIntersection,Normal,2Vehicles-Side,6,Tuesday,17,False,False
201800014221,Lethal,Daylight,No,NoIntersection,Normal,2Vehicles-BehindVehicles-Frontal,5,Friday,15,False,False
201800013350,NonLethal,Daylight,Yes,T-type,Normal,Other,10,Monday,15,False,False
201800022479,NonLethal,Daylight,Yes,NoIntersection,Normal,2Vehicles-Side,1,Sunday,15,True,False
201800016565,NonLethal,TwilightOrDawn,No,T-type,Normal,2Vehicles-Side,4,Thursday,19,False,False
201800010979,NonLethal,NightNoStreetLight,No,NoIntersection,Normal,3+Vehicles-Multiple,11,Sunday,18,True,False
201800031958,NonLethal,Daylight,Yes,NoIntersection,Normal,2Vehicles-Behind,10,Thursday,16,False,False
201800035743,NonLethal,Daylight,Yes,NoIntersection,Normal,Other,6,Monday,20,False,False
201800005610,NonLethal,Daylight,Yes,X-type,Normal,2Vehicles-Side,8,Friday,15,False,False
201800018642,NonLethal,Daylight,No,NoIntersection,Normal,2Vehicles-Side,7,Thursday,10,False,False
201800022943,Lethal,Daylight,Yes,NoIntersection,Normal,Other,2,Tuesday,16,False,False
201800047335,NonLethal,NightStreelightsOn,Yes,NoIntersection,LightRain,Other,1,Saturday,19,True,False
201800036120,NonLethal,Daylight,Yes,Roundabout,HeavyRain,NoCollision,7,Wednesday,15,False,False
201800005643,NonLethal,NightStreelightsOn,Yes,T-type,Normal,3+Vehicles-Multiple,4,Sunday,20,True,False
201800047364,NonLethal,Daylight,Yes,NoIntersection,SnowOrHail,Other,7,Monday,14,False,False
201800005104,NonLethal,Daylight,Yes,Other,Normal,2Vehicles-Side,2,Wednesday,12,False,False
201800044079,NonLethal,Daylight,No,NoIntersection,Normal,2Vehicles-Side,6,Wednesday,13,False,False
201800005189,NonLethal,Daylight,Yes,NoIntersection,Normal,2Vehicles-Side,12,Friday,11,False,False
201800020797,NonLethal,Daylight,Yes,NoIntersection,Normal,Other,1,Monday,12,False,False
201800040051,NonLethal,Daylight,Yes,T-type,Normal,2Vehicles-Side,7,Tuesday,18,False,False
201800006769,NonLethal,NightNoStreetLight,No,NoIntersection,LightRain,Other,12,Thursday,4,False,True
201800034589,NonLethal,NightStreelightsOn,Yes,X-type,Normal,2Vehicles-Side,1,Friday,21,False,False
201800042404,NonLethal,Daylight,Yes,NoIntersection,Normal,2Vehicles-Behind,11,Tuesday,13,False,False
201800025038,NonLethal,Daylight,Yes,Roundabout,LightRain,NoCollision,11,Tuesday,12,False,False
201800030088,NonLethal,Daylight,No,NoIntersection,Normal,NoCollision,8,Sunday,18,True,False
201800015356,NonLethal,Daylight,No,NoIntersection,Normal,2Vehicles-Side,6,Tuesday,17,False,False
201800026125,NonLethal,Daylight,Yes,X-type,Normal,2Vehicles-Side,5,Sunday,14,True,False
201800022782,Lethal,NightNoStreetLight,No,NoIntersection,Normal,2Vehicles-BehindVehicles-Frontal,12,Saturday,2,True,True
201800004024,NonLethal,Daylight,Yes,T-type,Normal,2Vehicles-Side,3,Friday,12,False,False
201800034809,Lethal,Daylight,Yes,NoIntersection,HeavyRain,Other,1,Wednesday,15,False,False
201800011547,NonLethal,NightNoStreetLight,No,X-type,Overcast,2Vehicles-Side,12,Friday,20,False,False
201800022156,NonLethal,TwilightOrDawn,Yes,Roundabout,Normal,2Vehicles-Side,12,Saturday,18,True,False
201800056050,NonLethal,Daylight,Yes,NoIntersection,Normal,2Vehicles-Behind,12,Saturday,14,True,False
201800017243,Lethal,TwilightOrDawn,No,NoIntersection,Overcast,Other,1,Wednesday,7,False,False
201800044506,NonLethal,NightNoStreetLight,No,NoIntersection,Normal,3+Vehicles-Chain,6,Friday,18,False,False
201800013801,NonLethal,TwilightOrDawn,No,NoIntersection,Normal,2Vehicles-BehindVehicles-Frontal,9,Tuesday,18,False,False
201800001754,NonLethal,Daylight,Yes,NoIntersection,Normal,Other,8,Wednesday,8,False,False
201800054654,NonLethal,Daylight,Yes,Y-type,Normal,Other,1,Friday,9,False,False
201800052984,NonLethal,Daylight,Yes,NoIntersection,Normal,2Vehicles-Side,4,Thursday,8,False,False
201800050375,NonLethal,Daylight,Yes,X-type,Normal,Other,6,Tuesday,12,False,False
201800009719,NonLethal,NightStreelightsOn,Yes,X-type,Normal,Other,9,Sunday,1,True,True
201800057566,NonLethal,Daylight,Yes,Square,Normal,Other,1,Wednesday,6,False,True
201800034867,NonLethal,Daylight,Yes,T-type,Normal,2Vehicles-Side,2,Thursday,17,False,False
201800016918,NonLethal,Daylight,No,X-type,Normal,2Vehicles-Side,8,Tuesday,15,False,False
201800017143,NonLethal,TwilightOrDawn,No,NoIntersection,Other,Other,3,Thursday,8,False,False
201800019506,NonLethal,Daylight,No,NoIntersection,Normal,2Vehicles-Side,7,Monday,16,False,False
201800046972,NonLethal,NightNoStreetLight,No,NoIntersection,Normal,NoCollision,10,Saturday,2,True,True
201800047702,NonLethal,Daylight,Yes,NoIntersection,Normal,NoCollision,9,Friday,15,False,False
201800046579,NonLethal,Daylight,No,NoIntersection,Normal,Other,5,Wednesday,14,False,False
201800045331,NonLethal,Daylight,No,NoIntersection,Normal,NoCollision,10,Tuesday,9,False,False
201800048111,NonLethal,Daylight,Yes,X-type,Normal,Other,2,Saturday,14,True,False
201800009443,NonLethal,TwilightOrDawn,Yes,X-type,Normal,2Vehicles-Side,7,Sunday,6,True,True
201800037898,NonLethal,Daylight,Yes,T-type,Overcast,2Vehicles-Side,3,Monday,9,False,False
201800003561,NonLethal,Daylight,Yes,T-type,Normal,NoCollision,6,Saturday,19,True,False
201800033441,NonLethal,NightStreelightsOn,Yes,Roundabout,LightRain,Other,3,Saturday,5,True,True
201800005949,NonLethal,Daylight,Yes,X-type,Normal,2Vehicles-Side,11,Saturday,10,True,False
201800019498,NonLethal,Daylight,Yes,NoIntersection,Normal,Other,4,Friday,19,False,False
201800040583,NonLethal,Daylight,Yes,NoIntersection,Normal,Other,3,Friday,7,False,False
201800031222,NonLethal,Daylight,Yes,NoIntersection,Normal,Other,12,Tuesday,12,False,False
201800024498,NonLethal,Daylight,Yes,NoIntersection,LightRain,2Vehicles-BehindVehicles-Frontal,11,Friday,16,False,False
201800028127,NonLethal,Daylight,Yes,NoIntersection,Normal,3+Vehicles-Multiple,10,Wednesday,16,False,False
201800025939,NonLethal,Daylight,Yes,NoIntersection,Other,Other,7,Saturday,14,True,False
201800012081,NonLethal,Daylight,Yes,T-type,Normal,2Vehicles-BehindVehicles-Frontal,6,Saturday,18,True,False
201800018570,NonLethal,Daylight,Yes,Roundabout,Normal,2Vehicles-Side,2,Wednesday,17,False,False
201800008388,NonLethal,TwilightOrDawn,Yes,NoIntersection,Normal,2Vehicles-Behind,1,Wednesday,6,False,True
201800021332,NonLethal,Daylight,Yes,NoIntersection,Normal,2Vehicles-BehindVehicles-Frontal,5,Thursday,13,False,False
201800033583,NonLethal,NightStreelightsOn,Yes,T-type,Overcast,2Vehicles-Side,11,Saturday,19,True,False
201800048977,NonLethal,Daylight,No,NoIntersection,Normal,NoCollision,8,Thursday,15,False,False
201800006104,NonLethal,NightNoStreetLight,No,NoIntersection,LightRain,2Vehicles-Behind,11,Tuesday,19,False,False
201800048853,NonLethal,Daylight,No,NoIntersection,LightRain,2Vehicles-Behind,3,Monday,18,False,False
201800041349,NonLethal,Daylight,Yes,X-type,LightRain,2Vehicles-Side,6,Tuesday,8,False,False
201800054699,NonLethal,NightStreelightsOn,Yes,NoIntersection,Normal,2Vehicles-Side,4,Friday,22,False,False
201800032281,NonLethal,Daylight,No,NoIntersection,Normal,NoCollision,8,Sunday,14,True,False
201800016295,Lethal,Daylight,No,NoIntersection,Normal,2Vehicles-BehindVehicles-Frontal,9,Tuesday,17,False,False
201800054651,NonLethal,NightStreelightsOn,Yes,NoIntersection,Normal,Other,1,Wednesday,4,False,True
201800042655,NonLethal,Daylight,Yes,Y-type,Normal,Other,3,Friday,12,False,False
201800043055,NonLethal,NightStreelightsOn,Yes,X-type,Normal,2Vehicles-Side,9,Monday,22,False,False
201800024705,NonLethal,Daylight,No,NoIntersection,Normal,NoCollision,3,Saturday,17,True,False
201800051750,NonLethal,Daylight,Yes,X-type,Normal,2Vehicles-Side,6,Saturday,19,True,False
201800004542,NonLethal,Daylight,Yes,NoIntersection,Normal,2Vehicles-Behind,12,Wednesday,12,False,False
201800038730,NonLethal,Daylight,Yes,NoIntersection,LightRain,Other,11,Tuesday,12,False,False
201800047888,NonLethal,Daylight,No,NoIntersection,LightRain,2Vehicles-Behind,10,Monday,10,False,False
201800026249,NonLethal,Daylight,Yes,Other,Normal,Other,7,Friday,15,False,False
201800022737,NonLethal,Daylight,No,NoIntersection,LightRain,2Vehicles-Behind,6,Wednesday,14,False,False
201800033191,NonLethal,NightStreelightsOn,Yes,NoIntersection,HeavyRain,Other,11,Friday,21,False,False
201800036286,NonLethal,NightStreelightsOn,Yes,Other,Normal,2Vehicles-Behind,9,Saturday,21,True,False
201800027058,NonLethal,Daylight,Yes,NoIntersection,Normal,2Vehicles-Behind,7,Thursday,19,False,False
201800050194,NonLethal,Daylight,No,NoIntersection,Normal,2Vehicles-Behind,12,Monday,13,False,False
201800000542,NonLethal,Daylight,Yes,Roundabout,VeryGood,2Vehicles-Side,9,Thursday,8,False,False
201800012944,NonLethal,Daylight,No,NoIntersection,LightRain,Other,10,Wednesday,14,False,False
201800042467,NonLethal,Daylight,Yes,NoIntersection,Normal,2Vehicles-Side,6,Monday,19,False,False
201800037635,NonLethal,Daylight,Yes,X-type,Normal,2Vehicles-Side,4,Saturday,6,True,True
201800023514,NonLethal,Daylight,No,NoIntersection,Normal,2Vehicles-Behind,6,Tuesday,7,False,False
201800026127,NonLethal,NightStreelightsOn,Yes,NoIntersection,Normal,Other,6,Saturday,23,True,False
201800042367,NonLethal,Daylight,Yes,T-type,Normal,2Vehicles-Behind,9,Tuesday,11,False,False
201800050131,NonLethal,NightNoStreetLight,No,NoIntersection,HeavyRain,3+Vehicles-Chain,11,Friday,19,False,False
201800035322,NonLethal,Daylight,No,X-type,Normal,2Vehicles-BehindVehicles-Frontal,6,Monday,14,False,False
201800049780,NonLethal,Daylight,No,NoIntersection,Normal,3+Vehicles-Chain,6,Monday,17,False,False
201800016157,NonLethal,Daylight,No,T-type,Overcast,3+Vehicles-Multiple,3,Sunday,17,True,False
201800028932,NonLethal,Daylight,Yes,T-type,Normal,2Vehicles-Side,11,Wednesday,15,False,False
201800016129,NonLethal,Daylight,No,X-type,SnowOrHail,2Vehicles-Behind,2,Saturday,17,True,False
201800051319,NonLethal,NightStreelightsOn,Yes,X-type,Normal,2Vehicles-Behind,3,Thursday,1,False,True
201800053421,NonLethal,TwilightOrDawn,Yes,T-type,Normal,2Vehicles-Side,6,Saturday,5,True,True
201800006857,NonLethal,Daylight,No,NoIntersection,Normal,NoCollision,2,Wednesday,17,False,False
201800014710,NonLethal,Daylight,No,NoIntersection,VeryGood,NoCollision,7,Thursday,12,False,False
201800001444,NonLethal,Daylight,Yes,NoIntersection,HeavyRain,2Vehicles-BehindVehicles-Frontal,3,Monday,10,False,False
201800016656,NonLethal,Daylight,Yes,Y-type,Normal,Other,12,Thursday,13,False,False
201800038114,NonLethal,Daylight,No,NoIntersection,Normal,2Vehicles-Behind,6,Monday,16,False,False
201800031004,NonLethal,Daylight,Yes,NoIntersection,Normal,2Vehicles-Behind,7,Friday,13,False,False
201800003592,NonLethal,NightStreelightsOn,Yes,X-type,Normal,2Vehicles-Side,9,Friday,22,False,False
201800044373,NonLethal,NightStreelightsOn,No,NoIntersection,LightRain,2Vehicles-Behind,12,Tuesday,8,False,False
201800029788,NonLethal,NightStreelightsOn,Yes,NoIntersection,Normal,2Vehicles-BehindVehicles-Frontal,10,Sunday,20,True,False
201800046433,NonLethal,Daylight,No,NoIntersection,Normal,2Vehicles-Behind,2,Monday,14,False,False
201800042815,NonLethal,NightStreelightsOn,Yes,X-type,Overcast,2Vehicles-BehindVehicles-Frontal,1,Wednesday,22,False,False
201800036508,NonLethal,Daylight,Yes,NoIntersection,LightRain,2Vehicles-Behind,11,Sunday,12,True,False
201800030025,NonLethal,Daylight,No,NoIntersection,Normal,2Vehicles-Side,4,Saturday,15,True,False
201800036344,Lethal,Daylight,No,NoIntersection,Normal,Other,7,Monday,9,False,False
201800030003,NonLethal,Daylight,No,NoIntersection,Normal,Other,11,Sunday,12,True,False
201800012326,NonLethal,Daylight,No,NoIntersection,Normal,NoCollision,7,Friday,18,False,False
201800032236,NonLethal,NightStreelightsOn,Yes,NoIntersection,Normal,2Vehicles-Side,1,Tuesday,19,False,False
201800008346,NonLethal,Daylight,Yes,T-type,Normal,2Vehicles-Side,1,Sunday,8,True,False
201800017801,NonLethal,NightNoStreetLight,No,NoIntersection,Normal,Other,12,Saturday,3,True,True
201800031315,NonLethal,Daylight,Yes,NoIntersection,Normal,2Vehicles-Behind,9,Tuesday,11,False,False
201800054305,NonLethal,NightStreelightsOn,Yes,NoIntersection,LightRain,Other,1,Sunday,3,True,True
201800021251,NonLethal,TwilightOrDawn,Yes,NoIntersection,Normal,2Vehicles-BehindVehicles-Frontal,10,Friday,20,False,False
201800031740,NonLethal,Daylight,Yes,Other,Normal,2Vehicles-Side,5,Tuesday,17,False,False
201800040293,NonLethal,Daylight,Yes,NoIntersection,Normal,Other,5,Friday,17,False,False
201800015224,Lethal,NightStreelightsOn,Yes,NoIntersection,Other,Other,2,Tuesday,1,False,True
201800042949,NonLethal,NightStreelightsOn,Yes,NoIntersection,LightRain,2Vehicles-Behind,1,Saturday,18,True,False
201800017582,NonLethal,Daylight,No,Other,Normal,Other,7,Saturday,8,True,False
201800042377,NonLethal,Daylight,Yes,NoIntersection,Normal,Other,10,Thursday,15,False,False
201800011769,NonLethal,NightNoStreetLight,No,NoIntersection,Normal,NoCollision,10,Friday,21,False,False
201800028980,NonLethal,TwilightOrDawn,No,NoIntersection,LightRain,2Vehicles-BehindVehicles-Frontal,12,Saturday,19,True,False
201800051137,NonLethal,Daylight,Yes,NoIntersection,Normal,Other,7,Wednesday,18,False,False
201800030065,NonLethal,NightStreelightsOn,Yes,Other,Normal,Other,8,Monday,23,False,False
201800000536,NonLethal,Daylight,Yes,NoIntersection,Normal,2Vehicles-Behind,8,Sunday,11,True,False
201800044626,NonLethal,Daylight,No,NoIntersection,Overcast,3+Vehicles-Chain,2,Tuesday,12,False,False
201800005191,NonLethal,Daylight,Yes,NoIntersection,Normal,2Vehicles-Behind,9,Saturday,16,True,False
201800010008,NonLethal,Daylight,Yes,NoIntersection,Normal,2Vehicles-Behind,10,Wednesday,16,False,False
201800031389,NonLethal,Daylight,No,NoIntersection,Normal,NoCollision,1,Sunday,14,True,False
201800009208,NonLethal,NightStreelightsOn,Yes,Other,Normal,3+Vehicles-Multiple,6,Saturday,23,True,False
201800006499,NonLethal,NightNoStreetLight,No,NoIntersection,Normal,Other,8,Tuesday,0,False,True
201800024248,NonLethal,NightStreelightsOn,Yes,Square,LightRain,Other,1,Saturday,1,True,True
201800044013,NonLethal,Daylight,No,NoIntersection,Normal,3+Vehicles-Chain,5,Tuesday,7,False,False
201800022020,NonLethal,Daylight,Yes,NoIntersection,Normal,Other,3,Thursday,13,False,False
201800012372,NonLethal,NightNoStreetLight,No,NoIntersection,LightRain,Other,2,Friday,6,False,True
201800028887,NonLethal,Daylight,No,NoIntersection,Normal,Other,7,Saturday,13,True,False
201800022568,NonLethal,Daylight,Yes,Roundabout,Normal,2Vehicles-Side,2,Tuesday,18,False,False
201800031664,NonLethal,NightStreelightsOn,Yes,NoIntersection,Normal,Other,2,Tuesday,19,False,False
201800004353,NonLethal,Daylight,No,NoIntersection,LightRain,2Vehicles-Side,12,Thursday,8,False,False
201800057442,NonLethal,Daylight,No,NoIntersection,Normal,2Vehicles-Behind,4,Wednesday,7,False,False
201800046143,NonLethal,Daylight,No,NoIntersection,Normal,2Vehicles-Side,9,Monday,8,False,False
201800034796,NonLethal,NightStreelightsOn,Yes,NoIntersection,Normal,Other,10,Saturday,0,True,True
201800009628,NonLethal,NightStreelightsOn,Yes,Other,Normal,Other,2,Friday,5,False,True
201800011586,NonLethal,TwilightOrDawn,No,NoIntersection,Normal,Other,7,Friday,7,False,False
201800047528,NonLethal,Daylight,Yes,NoIntersection,LightRain,NoCollision,5,Wednesday,16,False,False
201800025924,NonLethal,Daylight,Yes,NoIntersection,LightRain,2Vehicles-Behind,11,Wednesday,12,False,False
201800046407,NonLethal,NightStreelightsOff,No,NoIntersection,Normal,2Vehicles-Behind,12,Sunday,6,True,True
201800005250,NonLethal,Daylight,Yes,NoIntersection,Normal,2Vehicles-Behind,6,Friday,13,False,False
201800004280,NonLethal,Daylight,No,NoIntersection,Normal,2Vehicles-Side,10,Tuesday,7,False,False
201800037381,NonLethal,Daylight,Yes,NoIntersection,Normal,Other,11,Thursday,14,False,False
201800037414,NonLethal,Daylight,Yes,X-type,Normal,2Vehicles-Side,3,Thursday,17,False,False
201800057261,NonLethal,Daylight,Yes,NoIntersection,Normal,NoCollision,7,Thursday,17,False,False
201800027202,NonLethal,Daylight,Yes,NoIntersection,Normal,NoCollision,3,Friday,13,False,False
201800016607,NonLethal,Daylight,No,NoIntersection,Normal,NoCollision,9,Saturday,16,True,False
201800015880,NonLethal,NightStreelightsOn,Yes,NoIntersection,StrongWindOrStorm,2Vehicles-BehindVehicles-Frontal,1,Wednesday,5,False,True
201800015430,NonLethal,Daylight,No,MoreThan4Branches,Overcast,2Vehicles-Side,10,Thursday,13,False,False
201800002770,NonLethal,NightStreelightsOn,Yes,NoIntersection,LightRain,2Vehicles-BehindVehicles-Frontal,12,Saturday,19,True,False
201800047404,NonLethal,Daylight,Yes,NoIntersection,Normal,Other,3,Wednesday,8,False,False
201800054815,NonLethal,Daylight,Yes,NoIntersection,Normal,2Vehicles-Side,10,Friday,9,False,False
201800014925,NonLethal,TwilightOrDawn,Yes,NoIntersection,Normal,2Vehicles-Behind,6,Saturday,20,True,False
201800032604,NonLethal,TwilightOrDawn,Yes,NoIntersection,Normal,Other,10,Wednesday,10,False,False
201800039210,NonLethal,NightStreelightsOn,Yes,NoIntersection,LightRain,Other,1,Thursday,7,False,False
201800031375,NonLethal,NightStreelightsOn,Yes,NoIntersection,Normal,2Vehicles-BehindVehicles-Frontal,12,Wednesday,5,False,True
201800025060,NonLethal,NightNoStreetLight,Yes,NoIntersection,Overcast,Other,12,Friday,17,False,False
201800049187,NonLethal,NightStreelightsOff,No,NoIntersection,Normal,3+Vehicles-Multiple,12,Wednesday,18,False,False
201800024260,NonLethal,Daylight,Yes,X-type,Normal,2Vehicles-Side,10,Tuesday,19,False,False
201800055118,NonLethal,NightStreelightsOn,Yes,NoIntersection,Normal,NoCollision,9,Wednesday,22,False,False
201800049252,NonLethal,NightNoStreetLight,No,NoIntersection,HeavyRain,2Vehicles-Behind,11,Monday,20,False,False
201800013629,NonLethal,Daylight,No,T-type,Normal,3+Vehicles-Multiple,3,Saturday,13,True,False
201800046743,NonLethal,NightNoStreetLight,No,NoIntersection,Normal,3+Vehicles-Chain,7,Saturday,4,True,True
201800021909,NonLethal,NightStreelightsOn,Yes,NoIntersection,LightRain,Other,1,Thursday,19,False,False
201800026120,NonLethal,NightStreelightsOn,Yes,NoIntersection,Normal,NoCollision,6,Friday,1,False,True
201800054808,NonLethal,NightStreelightsOn,Yes,X-type,LightRain,2Vehicles-Side,9,Sunday,20,True,False
201800023479,NonLethal,Daylight,No,Y-type,Normal,NoCollision,4,Saturday,10,True,False
201800019731,NonLethal,Daylight,Yes,X-type,Normal,2Vehicles-Side,9,Thursday,17,False,False
201800057214,NonLethal,Daylight,Yes,NoIntersection,Normal,Other,9,Tuesday,16,False,False
201800014190,NonLethal,Daylight,Yes,NoIntersection,Normal,Other,7,Monday,11,False,False
201800045286,NonLethal,TwilightOrDawn,No,NoIntersection,Normal,NoCollision,7,Tuesday,7,False,False
201800020660,NonLethal,Daylight,Yes,NoIntersection,Normal,2Vehicles-BehindVehicles-Frontal,9,Saturday,14,True,False
201800011579,NonLethal,NightNoStreetLight,No,NoIntersection,Normal,Other,2,Saturday,20,True,False
201800028507,NonLethal,Daylight,Yes,NoIntersection,Normal,2Vehicles-Side,8,Thursday,10,False,False
201800043987,NonLethal,TwilightOrDawn,No,NoIntersection,Normal,2Vehicles-Behind,5,Wednesday,6,False,True
201800037988,NonLethal,NightStreelightsOn,Yes,Other,Normal,2Vehicles-Side,12,Tuesday,6,False,True
201800028034,NonLethal,NightStreelightsOff,Yes,T-type,Normal,2Vehicles-Side,6,Sunday,23,True,False
201800013825,NonLethal,Daylight,No,NoIntersection,Normal,2Vehicles-Side,11,Friday,9,False,False
201800052262,NonLethal,Daylight,Yes,X-type,Overcast,Other,11,Thursday,8,False,False
201800025822,NonLethal,Daylight,No,NoIntersection,Normal,Other,5,Friday,10,False,False
201800027088,NonLethal,Daylight,Yes,Other,Normal,Other,9,Tuesday,12,False,False
201800004204,NonLethal,Daylight,No,NoIntersection,LightRain,NoCollision,12,Monday,10,False,False