AccidentId,Gravity,Light,InAgglomeration,IntersectionType,Weather,CollisionType,Month,DayOfWeek,HourOfDay,IsWeekend,IsNight
201800034955,NonLethal,NightStreelightsOn,Yes,NoIntersection,LightRain,Other,1,Monday,20,False,False
201800029833,NonLethal,Daylight,Yes,NoIntersection,Normal,Other,3,Tuesday,17,False,False
201800037920,NonLethal,TwilightOrDawn,Yes,NoIntersection,Normal,2Vehicles-Side,5,Wednesday,21,False,False
201800057752,NonLethal,NightStreelightsOff,Yes,NoIntersection,Normal,NoCollision,11,Sunday,0,True,True
201800015244,Lethal,NightNoStreetLight,No,NoIntersection,Normal,Other,11,Wednesday,18,False,False
201800000984,NonLethal,TwilightOrDawn,Yes,Roundabout,Normal,2Vehicles-Side,9,Wednesday,18,False,False
201800034987,NonLethal,Daylight,Yes,X-type,Normal,2Vehicles-Side,2,Tuesday,10,False,False
201800021183,NonLethal,NightNoStreetLight,No,NoIntersection,Other,2Vehicles-Side,8,Friday,22,False,False
201800051388,NonLethal,Daylight,Yes,X-type,Normal,2Vehicles-Behind,9,Tuesday,12,False,False
201800024325,NonLethal,Daylight,Yes,Other,Normal,Other,5,Wednesday,8,False,False
201800047743,NonLethal,Daylight,Yes,NoIntersection,Normal,3+Vehicles-Chain,11,Saturday,12,True,False
201800021813,NonLethal,NightNoStreetLight,No,NoIntersection,LightRain,2Vehicles-Behind,4,Thursday,17,False,False
201800038356,NonLethal,Daylight,Yes,NoIntersection,Normal,Other,9,Monday,13,False,False
201800013815,NonLethal,Daylight,No,NoIntersection,Normal,3+Vehicles-Multiple,1,Wednesday,17,False,False
201800013821,NonLethal,NightStreelightsOn,Yes,NoIntersection,Normal,Other,10,Wednesday,6,False,True
201800008700,NonLethal,Daylight,Yes,T-type,Normal,2Vehicles-Side,3,Monday,17,False,False
201800021513,NonLethal,Daylight,Yes,T-type,Normal,3+Vehicles-Multiple,9,Wednesday,17,False,False
201800000175,NonLethal,Daylight,No,X-type,Normal,2Vehicles-Side,4,Sunday,8,True,False
201800036714,NonLethal,Daylight,No,NoIntersection,Normal,Other,5,Monday,15,False,False
201800001357,NonLethal,NightNoStreetLight,No,NoIntersection,Normal,NoCollision,8,Wednesday,22,False,False
201800033099,NonLethal,NightStreelightsOn,Yes,NoIntersection,Normal,Other,2,Wednesday,21,False,False
201800012486,Lethal,Daylight,No,NoIntersection,LightRain,Other,10,Thursday,12,False,False
201800024477,NonLethal,Daylight,Yes,X-type,Normal,Other,10,Tuesday,18,False,False
201800039035,NonLethal,Daylight,Yes,NoIntersection,Normal,2Vehicles-Side,9,Wednesday,17,False,False
201800004134,NonLethal,Daylight,Yes,NoIntersection,Normal,2Vehicles-Side,6,Saturday,10,True,False
201800000121,NonLethal,NightNoStreetLight,No,NoIntersection,Normal,Other,4,Thursday,23,False,False
201800029333,Lethal,Daylight,Yes,NoIntersection,Normal,2Vehicles-Side,4,Wednesday,18,False,False
201800022697,NonLethal,Daylight,No,NoIntersection,Normal,Other,4,Sunday,16,True,False
201800003599,NonLethal,Daylight,Yes,T-type,Normal,2Vehicles-Side,6,Sunday,15,True,False
201800009722,NonLethal,NightStreelightsOn,Yes,NoIntersection,Normal,2Vehicles-Side,9,Monday,1,False,True
201800017248,NonLethal,Daylight,No,NoIntersection,LightRain,Other,8,Friday,12,False,False
201800057499,NonLethal,Daylight,No,NoIntersection,Normal,3+Vehicles-Chain,7,Tuesday,16,False,False
201800029892,NonLethal,Daylight,No,Y-type,Normal,2Vehicles-Side,5,Sunday,14,True,False
201800049223,Lethal,Daylight,No,NoIntersection,Normal,2Vehicles-Side,2,Tuesday,10,False,False
201800034827,NonLethal,Daylight,Yes,NoIntersection,Normal,Other,5,Thursday,20,False,False
201800019294,Lethal,Daylight,No,NoIntersection,Normal,Other,5,Friday,14,False,False
201800032518,NonLethal,Daylight,Yes,X-type,VeryGood,2Vehicles-Side,7,Sunday,12,True,False
201800016729,NonLethal,Daylight,No,X-type,Normal,2Vehicles-Side,1,Monday,14,False,False
201800016678,NonLethal,Daylight,No,NoIntersection,Normal,2Vehicles-Behind,10,Monday,11,False,False
201800013601,NonLethal,NightNoStreetLight,No,NoIntersection,Normal,Other,11,Wednesday,18,False,False
201800031758,NonLethal,Daylight,Yes,NoIntersection,Normal,Other,5,Thursday,12,False,False
201800044356,NonLethal,Daylight,No,NoIntersection,Normal,2Vehicles-Side,11,Tuesday,8,False,False
201800042133,NonLethal,TwilightOrDawn,Yes,X-type,Overcast,Other,2,Monday,18,False,False
201800022713,NonLethal,Daylight,No,T-type,Normal,2Vehicles-Side,1,Tuesday,15,False,False
201800025535,NonLethal,Daylight,Yes,Roundabout,LightRain,NoCollision,10,Thursday,9,False,False
201800018885,NonLethal,TwilightOrDawn,No,NoIntersection,StrongWindOrStorm,3+Vehicles-Multiple,11,Wednesday,7,False,False
201800003347,NonLethal,NightStreelightsOn,Yes,NoIntersection,Normal,Other,10,Saturday,1,True,True
201800048558,NonLethal,Daylight,Yes,NoIntersection,Normal,Other,9,Friday,8,False,False
201800055447,NonLethal,Daylight,Yes,NoIntersection,Normal,3+Vehicles-Chain,6,Tuesday,14,False,False
201800045994,NonLethal,Daylight,No,NoIntersection,Normal,2Vehicles-Behind,7,Friday,17,False,False
201800012432,NonLethal,Daylight,Yes,T-type,Overcast,2Vehicles-Side,6,Wednesday,18,False,False
201800040667,NonLethal,NightStreelightsOn,Yes,X-type,Normal,2Vehicles-Side,4,Tuesday,5,False,True
201800048332,NonLethal,Daylight,Yes,NoIntersection,Normal,NoCollision,6,Friday,13,False,False
201800034586,NonLethal,NightNoStreetLight,Yes,NoIntersection,LightRain,Other,2,Tuesday,20,False,False
201800028429,NonLethal,NightStreelightsOn,Yes,Roundabout,Normal,2Vehicles-Side,5,Friday,5,False,True
201800000926,NonLethal,NightStreelightsOn,Yes,X-type,Normal,2Vehicles-Side,3,Saturday,19,True,False
201800012822,NonLethal,Daylight,Yes,Other,Normal,Other,5,Wednesday,18,False,False
201800022054,NonLethal,NightStreelightsOn,Yes,NoIntersection,Normal,Other,5,Thursday,5,False,True
201800020542,NonLethal,NightStreelightsOn,No,NoIntersection,Normal,3+Vehicles-Multiple,8,Thursday,22,False,False
201800054750,NonLethal,Daylight,Yes,X-type,Normal,2Vehicles-Side,6,Thursday,18,False,False
201800013638,NonLethal,NightNoStreetLight,No,NoIntersection,Overcast,2Vehicles-BehindVehicles-Frontal,1,Thursday,19,False,False
201800009182,NonLethal,Daylight,Yes,Y-type,Normal,2Vehicles-Side,6,Saturday,15,True,False
201800034289,NonLethal,NightStreelightsOn,Yes,X-type,Normal,2Vehicles-Side,6,Thursday,2,False,True
201800014387,NonLethal,NightStreelightsOn,Yes,NoIntersection,Normal,2Vehicles-BehindVehicles-Frontal,2,Friday,0,False,True
201800018000,NonLethal,TwilightOrDawn,No,NoIntersection,VeryGood,Other,10,Friday,18,False,False
201800013297,NonLethal,NightNoStreetLight,No,NoIntersection,Normal,Other,11,Thursday,0,False,True
201800034054,NonLethal,Daylight,Yes,T-type,Normal,Other,8,Friday,15,False,False
201800010372,NonLethal,NightNoStreetLight,Yes,NoIntersection,Normal,Other,2,Monday,18,False,False
201800016332,NonLethal,Daylight,No,T-type,Normal,2Vehicles-BehindVehicles-Frontal,7,Saturday,12,True,False
201800013765,NonLethal,Daylight,No,NoIntersection,Normal,Other,9,Sunday,15,True,False
201800029031,NonLethal,Daylight,Yes,Roundabout,Normal,2Vehicles-Side,10,Sunday,16,True,False
201800015406,NonLethal,Daylight,No,X-type,VeryGood,2Vehicles-Side,2,Wednesday,17,False,False
201800034899,NonLethal,NightStreelightsOn,Yes,T-type,LightRain,Other,1,Tuesday,21,False,False
201800030071,NonLethal,Daylight,Yes,NoIntersection,Normal,Other,11,Tuesday,16,False,False
201800001540,Lethal,NightNoStreetLight,No,NoIntersection,Normal,2Vehicles-Side,11,Monday,22,False,False
201800055824,NonLethal,Daylight,No,T-type,Normal,Other,7,Saturday,6,True,True
201800016117,NonLethal,Daylight,No,X-type,HeavyRain,2Vehicles-Side,4,Friday,14,False,False
201800031551,NonLethal,Daylight,No,NoIntersection,Normal,2Vehicles-Behind,7,Thursday,6,False,True
201800053948,NonLethal,NightStreelightsOn,Yes,T-type,LightRain,Other,11,Thursday,19,False,False
201800042165,NonLethal,Daylight,Yes,NoIntersection,Normal,2Vehicles-Side,4,Thursday,13,False,False
201800037227,NonLethal,NightStreelightsOn,Yes,NoIntersection,LightRain,Other,1,Tuesday,20,False,False
201800030011,NonLethal,Daylight,No,NoIntersection,VeryGood,3+Vehicles-Multiple,7,Friday,17,False,False
201800026656,NonLethal,TwilightOrDawn,No,NoIntersection,Normal,2Vehicles-BehindVehicles-Frontal,6,Wednesday,22,False,False
201800025668,NonLethal,Daylight,Yes,Roundabout,Overcast,NoCollision,12,Monday,14,False,False
201800045665,NonLethal,Daylight,No,NoIntersection,LightRain,Other,1,Monday,15,False,False
201800012455,NonLethal,NightNoStreetLight,No,NoIntersection,Normal,NoCollision,10,Friday,1,False,True
201800002925,NonLethal,Daylight,No,NoIntersection,Normal,2Vehicles-BehindVehicles-Frontal,5,Monday,12,False,False
201800017844,NonLethal,Daylight,Yes,NoIntersection,Normal,2Vehicles-Side,1,Wednesday,9,False,False
201800047302,NonLethal,Daylight,No,NoIntersection,Normal,Other,12,Saturday,13,True,False
201800033809,NonLethal,Daylight,Yes,NoIntersection,Normal,Other,3,Wednesday,16,False,False
201800003327,NonLethal,Daylight,No,NoIntersection,Normal,2Vehicles-Behind,6,Saturday,11,True,False
201800004490,NonLethal,Daylight,Yes,T-type,Normal,2Vehicles-Side,7,Wednesday,14,False,False
201800021366,NonLethal,Daylight,No,NoIntersection,Normal,2Vehicles-Side,8,Friday,13,False,False
201800039619,NonLethal,TwilightOrDawn,Yes,NoIntersection,Normal,Other,11,Saturday,19,True,False
201800024180,NonLethal,Daylight,Yes,NoIntersection,VeryGood,Other,5,Thursday,8,False,False
201800018539,NonLethal,NightStreelightsOn,Yes,NoIntersection,Normal,NoCollision,9,Sunday,3,True,True
201800008434,NonLethal,Daylight,Yes,NoIntersection,Overcast,Other,1,Wednesday,15,False,False
201800023133,NonLethal,Daylight,Yes,NoIntersection,Normal,2Vehicles-Side,6,Tuesday,17,False,False
201800027735,NonLethal,Daylight,Yes,NoIntersection,Normal,2Vehicles-Behind,5,Wednesday,14,False,False
201800026998,NonLethal,Daylight,Yes,NoIntersection,Normal,2Vehicles-Behind,11,Monday,14,False,False
201800046393,NonLethal,NightNoStreetLight,No,NoIntersection,Normal,2Vehicles-Behind,2,Friday,19,False,False
201800057654,NonLethal,Daylight,Yes,NoIntersection,Normal,Other,6,Friday,7,False,False
201800019962,NonLethal,Daylight,No,X-type,Normal,2Vehicles-Side,1,Wednesday,16,False,False
201800055811,NonLethal,Daylight,No,T-type,HeavyRain,2Vehicles-Side,6,Saturday,16,True,False
201800006605,NonLethal,Daylight,No,NoIntersection,Normal,Other,8,Saturday,15,True,False
201800006266,NonLethal,Daylight,No,NoIntersection,HeavyRain,Other,5,Wednesday,20,False,False
201800005857,NonLethal,Daylight,Yes,X-type,Normal,Other,3,Monday,12,False,False
201800034096,Lethal,NightNoStreetLight,No,NoIntersection,Normal,2Vehicles-BehindVehicles-Frontal,11,Monday,21,False,False
201800022428,NonLethal,NightStreelightsOn,Yes,NoIntersection,LightRain,NoCollision,12,Wednesday,1,False,True
201800043835,NonLethal,Daylight,No,NoIntersection,Normal,2Vehicles-Behind,2,Friday,20,False,False
201800030836,NonLethal,Daylight,Yes,Other,Normal,2Vehicles-Side,10,Sunday,13,True,False
201800026385,NonLethal,Daylight,Yes,NoIntersection,Normal,Other,5,Sunday,19,True,False
201800022374,NonLethal,Daylight,Yes,NoIntersection,Normal,Other,7,Wednesday,13,False,False
201800056163,NonLethal,Daylight,Yes,NoIntersection,Normal,Other,5,Sunday,14,True,False
201800037838,NonLethal,Daylight,Yes,Other,Normal,Other,8,Friday,9,False,False
201800055094,NonLethal,Daylight,Yes,NoIntersection,Normal,2Vehicles-Side,8,Tuesday,15,False,False
201800025413,NonLethal,Daylight,Yes,NoIntersection,Normal,Other,7,Thursday,17,False,False
201800043637,NonLethal,NightStreelightsOn,Yes,NoIntersection,Other,2Vehicles-Side,2,Sunday,19,True,False
201800045087,NonLethal,Daylight,No,NoIntersection,Normal,2Vehicles-Behind,7,Wednesday,10,False,False
201800039222,NonLethal,Daylight,Yes,X-type,Overcast,2Vehicles-Side,3,Friday,13,False,False
201800032655,Lethal,Daylight,Yes,NoIntersection,LightRain,2Vehicles-BehindVehicles-Frontal,11,Friday,13,False,False
201800056138,NonLethal,Daylight,No,NoIntersection,FogOrSmoke,Other,2,Sunday,17,True,False
201800034234,NonLethal,Daylight,Yes,NoIntersection,Normal,2Vehicles-Behind,6,Thursday,18,False,False
201800019355,NonLethal,Daylight,No,NoIntersection,Normal,Other,8,Thursday,17,False,False
201800040000,NonLethal,NightStreelightsOn,Yes,X-type,LightRain,3+Vehicles-Multiple,9,Saturday,21,True,False
201800043033,NonLethal,Daylight,Yes,NoIntersection,Normal,NoCollision,1,Monday,15,False,False
201800049565,NonLethal,Daylight,No,NoIntersection,HeavyRain,Other,5,Sunday,13,True,False
201800018368,NonLethal,NightNoStreetLight,Yes,NoIntersection,Normal,Other,9,Saturday,4,True,True
201800023265,NonLethal,Daylight,Yes,T-type,Normal,2Vehicles-Side,9,Thursday,8,False,False
201800032235,NonLethal,Daylight,Yes,X-type,Normal,2Vehicles-Side,1,Thursday,12,False,False
201800053634,NonLethal,Daylight,Yes,T-type,Normal,2Vehicles-Side,12,Thursday,11,False,False
201800054051,NonLethal,Daylight,Yes,NoIntersection,Normal,Other,4,Thursday,14,False,False
201800020908,NonLethal,Daylight,Yes,Y-type,Normal,2Vehicles-Side,11,Friday,12,False,False
201800012965,Lethal,NightNoStreetLight,No,NoIntersection,Normal,Other,12,Saturday,19,True,False
201800016582,NonLethal,Daylight,Yes,NoIntersection,Normal,NoCollision,5,Sunday,16,True,False
201800034112,NonLethal,NightStreelightsOn,Yes,Roundabout,Normal,Other,11,Wednesday,7,False,False
201800031086,NonLethal,Daylight,No,NoIntersection,Normal,Other,10,Friday,14,False,False
201800020402,NonLethal,Daylight,No,NoIntersection,Normal,2Vehicles-Side,9,Friday,15,False,False
201800003285,NonLethal,Daylight,No,NoIntersection,Normal,NoCollision,2,Saturday,16,True,False
201800007934,NonLethal,Daylight,Yes,NoIntersection,Normal,2Vehicles-BehindVehicles-Frontal,6,Thursday,13,False,False
201800018342,NonLethal,TwilightOrDawn,Yes,NoIntersection,Normal,Other,1,Saturday,18,True,False
201800006161,NonLethal,Daylight,No,Other,Normal,Other,5,Monday,7,False,False
201800040538,NonLethal,Daylight,Yes,X-type,Normal,2Vehicles-Side,4,Sunday,16,True,False
201800035908,NonLethal,Daylight,Yes,NoIntersection,Normal,2Vehicles-Side,6,Thursday,14,False,False
201800040490,NonLethal,Daylight,Yes,X-type,Normal,2Vehicles-BehindVehicles-Frontal,8,Saturday,11,True,False
201800034371,NonLethal,Daylight,No,X-type,Normal,2Vehicles-Side,5,Tuesday,12,False,False
201800024583,NonLethal,TwilightOrDawn,Yes,NoIntersection,Normal,Other,4,Tuesday,19,False,False
201800049357,NonLethal,Daylight,No,NoIntersection,HeavyRain,3+Vehicles-Chain,4,Wednesday,19,False,False
201800001263,NonLethal,NightStreelightsOn,Yes,Roundabout,LightRain,Other,11,Friday,4,False,True
201800011743,NonLethal,Daylight,No,NoIntersection,Normal,3+Vehicles-Multiple,5,Tuesday,20,False,False
201800054602,NonLethal,Daylight,Yes,NoIntersection,Normal,2Vehicles-Behind,11,Monday,15,False,False
201800056041,NonLethal,Daylight,Yes,T-type,Normal,2Vehicles-BehindVehicles-Frontal,11,Wednesday,13,False,False
201800014566,NonLethal,Daylight,No,NoIntersection,Normal,2Vehicles-Side,12,Tuesday,16,False,False
201800022961,NonLethal,NightStreelightsOn,Yes,NoIntersection,Normal,2Vehicles-Side,3,Friday,1,False,True
201800008331,NonLethal,NightStreelightsOn,Yes,NoIntersection,Normal,Other,11,Thursday,7,False,False
201800030519,NonLethal,NightStreelightsOn,Yes,T-type,Overcast,2Vehicles-Side,1,Friday,18,False,False
201800042855,NonLethal,NightStreelightsOn,Yes,Y-type,Normal,2Vehicles-Side,11,Monday,21,False,False
201800043436,Lethal,Daylight,Yes,X-type,Normal,Other,4,Saturday,15,True,False
201800049277,NonLethal,Daylight,No,NoIntersection,Normal,Other,6,Tuesday,20,False,False
201800053334,NonLethal,Daylight,Yes,NoIntersection,Normal,2Vehicles-Behind,4,Sunday,10,True,False
201800008449,NonLethal,Daylight,Yes,NoIntersection,StrongWindOrStorm,2Vehicles-Behind,2,Saturday,9,True,False
201800050124,NonLethal,Daylight,No,NoIntersection,Normal,2Vehicles-Behind,11,Wednesday,8,False,False
201800045072,NonLethal,Daylight,No,NoIntersection,Normal,2Vehicles-Behind,12,Friday,17,False,False
201800013749,NonLethal,NightStreelightsOn,Yes,NoIntersection,Normal,2Vehicles-Side,8,Friday,0,False,True
201800027294,NonLethal,Daylight,Yes,X-type,Normal,2Vehicles-Side,5,Saturday,14,True,False
201800033514,NonLethal,NightStreelightsOn,Yes,X-type,Normal,Other,8,Thursday,0,False,True
201800000797,NonLethal,NightStreelightsOn,No,T-type,Normal,Other,11,Monday,17,False,False
201800018131,NonLethal,Daylight,No,X-type,Normal,2Vehicles-Behind,10,Thursday,12,False,False
201800037347,NonLethal,Daylight,Yes,NoIntersection,Normal,Other,1,Tuesday,12,False,False
201800010003,NonLethal,NightStreelightsOn,Yes,NoIntersection,Normal,2Vehicles-Behind,10,Monday,0,False,True
201800014611,NonLethal,NightNoStreetLight,No,NoIntersection,Normal,Other,7,Monday,4,False,True
201800038057,Lethal,NightStreelightsOn,Yes,NoIntersection,HeavyRain,Other,11,Friday,23,False,False
201800041942,NonLethal,Daylight,Yes,X-type,LightRain,2Vehicles-Side,1,Monday,8,False,False
201800004812,NonLethal,Daylight,No,NoIntersection,Normal,Other,3,Sunday,15,True,False
201800050907,NonLethal,NightStreelightsOn,Yes,X-type,Normal,2Vehicles-Side,7,Sunday,20,True,False
201800021781,NonLethal,NightNoStreetLight,No,NoIntersection,Overcast,Other,2,Friday,6,False,True
201800042434,NonLethal,NightStreelightsOn,Yes,T-type,LightRain,2Vehicles-Side,1,Sunday,19,True,False
201800004523,NonLethal,Daylight,No,Other,Normal,2Vehicles-Side,10,Monday,11,False,False
201800055300,NonLethal,Daylight,Yes,NoIntersection,Normal,2Vehicles-Side,3,Sunday,18,True,False
201800006035,NonLethal,Daylight,No,NoIntersection,FogOrSmoke,Other,12,Thursday,9,False,False
201800005426,NonLethal,Daylight,Yes,NoIntersection,Overcast,2Vehicles-Side,7,Monday,11,False,False
201800040505,NonLethal,NightStreelightsOn,Yes,T-type,Normal,2Vehicles-Side,10,Tuesday,21,False,False
201800009117,NonLethal,NightStreelightsOn,Yes,NoIntersection,Normal,Other,4,Friday,23,False,False
201800004967,NonLethal,TwilightOrDawn,Yes,NoIntersection,Normal,2Vehicles-Behind,10,Thursday,18,False,False
201800001238,NonLethal,Daylight,No,NoIntersection,Normal,3+Vehicles-Chain,6,Friday,18,False,False
201800018413,NonLethal,TwilightOrDawn,No,NoIntersection,Normal,Other,10,Monday,18,False,False
201800053530,NonLethal,NightStreelightsOn,Yes,X-type,Normal,2Vehicles-Side,9,Saturday,0,True,True
201800045703,NonLethal,TwilightOrDawn,No,NoIntersection,LightRain,Other,2,Sunday,8,True,False
201800032320,NonLethal,NightStreelightsOn,Yes,NoIntersection,Normal,Other,12,Tuesday,7,False,False
201800049752,NonLethal,Daylight,No,NoIntersection,Normal,2Vehicles-Side,3,Sunday,17,True,False
201800019514,Lethal,Daylight,Yes,NoIntersection,Normal,Other,10,Wednesday,16,False,False
201800052274,NonLethal,Daylight,Yes,X-type,Normal,Other,11,Thursday,14,False,False
201800021831,NonLethal,Daylight,Yes,NoIntersection,Normal,Other,9,Tuesday,17,False,False
201800039894,NonLethal,Daylight,Yes,NoIntersection,Normal,Other,6,Tuesday,12,False,False
201800050342,NonLethal,NightStreelightsOn,Yes,X-type,Normal,Other,12,Saturday,18,True,False
201800051059,NonLethal,NightStreelightsOn,Yes,MoreThan4Branches,HeavyRain,2Vehicles-Side,4,Sunday,23,True,False
201800011258,NonLethal,Daylight,No,NoIntersection,Normal,Other,10,Friday,11,False,False
201800057386,NonLethal,Daylight,Yes,NoIntersection,Normal,2Vehicles-Behind,11,Friday,13,False,False
201800050401,NonLethal,Daylight,Yes,T-type,Normal,Other,11,Friday,13,False,False
201800041269,NonLethal,Daylight,Yes,Roundabout,Normal,2Vehicles-Side,8,Thursday,14,False,False
201800054954,Lethal,Daylight,Yes,NoIntersection,Normal,Other,3,Friday,14,False,False
201800029576,NonLethal,Daylight,Yes,NoIntersection,Normal,Other,4,Monday,15,False,False
201800045366,NonLethal,TwilightOrDawn,No,NoIntersection,Normal,2Vehicles-Side,10,Tuesday,20,False,False
201800024351,NonLethal,Daylight,Yes,NoIntersection,Normal,NoCollision,6,Tuesday,8,False,False
201800007776,NonLethal,Daylight,Yes,X-type,Normal,Other,4,Sunday,10,True,False
201800008144,NonLethal,Daylight,Yes,Other,Normal,Other,2,Monday,15,False,False
201800017518,NonLethal,Daylight,Yes,Other,Normal,Other,5,Wednesday,7,False,False
201800004600,NonLethal,Daylight,No,NoIntersection,Other,2Vehicles-Side,6,Monday,10,False,False
201800047469,NonLethal,Daylight,Yes,NoIntersection,Normal,2Vehicles-BehindVehicles-Frontal,4,Friday,15,False,False
201800055465,NonLethal,Daylight,Yes,NoIntersection,Normal,2Vehicles-Behind,6,Wednesday,8,False,False
201800012942,NonLethal,Daylight,No,NoIntersection,Normal,NoCollision,9,Saturday,11,True,False
201800014724,NonLethal,Daylight,Yes,NoIntersection,Normal,Other,6,Saturday,9,True,False
201800004560,NonLethal,Daylight,No,T-type,Normal,2Vehicles-Side,5,Monday,17,False,False
201800009648,NonLethal,Daylight,Yes,Y-type,Normal,3+Vehicles-Chain,5,Wednesday,14,False,False
201800025626,NonLethal,NightStreelightsOn,Yes,NoIntersection,Overcast,Other,11,Friday,18,False,False
201800053359,NonLethal,Daylight,Yes,NoIntersection,Normal,2Vehicles-Side,5,Thursday,13,False,False
201800041650,NonLethal,TwilightOrDawn,Yes,T-type,Overcast,2Vehicles-Side,1,Tuesday,8,False,False
201800019208,Lethal,NightNoStreetLight,No,NoIntersection,FogOrSmoke,Other,1,Saturday,6,True,True
201800001536,Lethal,Daylight,No,NoIntersection,Normal,Other,2,Sunday,12,True,False
201800021463,NonLethal,Daylight,Yes,NoIntersection,Normal,2Vehicles-Side,4,Thursday,16,False,False
201800025563,NonLethal,Daylight,Yes,X-type,Normal,2Vehicles-Side,10,Saturday,11,True,False
201800010393,NonLethal,Daylight,No,NoIntersection,Normal,2Vehicles-Behind,6,Saturday,13,True,False
201800042749,NonLethal,Daylight,Yes,NoIntersection,Normal,Other,5,Tuesday,8,False,False
201800008476,NonLethal,Daylight,Yes,NoIntersection,Normal,2Vehicles-Behind,7,Monday,8,False,False
201800050720,NonLethal,Daylight,Yes,NoIntersection,Normal,3+Vehicles-Multiple,9,Monday,18,False,False
201800037847,NonLethal,Daylight,Yes,NoIntersection,Normal,Other,9,Tuesday,13,False,False
201800049742,NonLethal,NightNoStreetLight,No,NoIntersection,Normal,2Vehicles-Side,3,Wednesday,21,False,False
201800039256,NonLethal,Daylight,Yes,NoIntersection,VeryGood,Other,5,Saturday,16,True,False
201800048851,NonLethal,Daylight,No,NoIntersection,Normal,3+Vehicles-Multiple,3,Thursday,15,False,False
201800004294,NonLethal,Daylight,Yes,X-type,Normal,2Vehicles-Side,2,Wednesday,19,False,False
201800001118,NonLethal,Daylight,Yes,NoIntersection,Normal,2Vehicles-Behind,10,Tuesday,13,False,False
201800023615,NonLethal,NightNoStreetLight,No,NoIntersection,Normal,2Vehicles-Behind,12,Saturday,0,True,True
201800016173,NonLethal,Daylight,Yes,NoIntersection,Overcast,Other,1,Monday,16,False,False
201800028175,NonLethal,NightStreelightsOn,Yes,NoIntersection,LightRain,2Vehicles-Side,11,Thursday,18,False,False
201800007039,NonLethal,NightNoStreetLight,No,Other,Normal,2Vehicles-Behind,10,Thursday,4,False,True
201800057351,NonLethal,Daylight,Yes,Other,Normal,2Vehicles-Side,8,Friday,12,False,False
201800011641,NonLethal,TwilightOrDawn,Yes,Other,Normal,2Vehicles-Side,1,Saturday,7,True,False
201800023483,NonLethal,Daylight,Yes,Y-type,Normal,Other,6,Tuesday,15,False,False
201800035709,NonLethal,Daylight,No,X-type,Normal,2Vehicles-BehindVehicles-Frontal,8,Tuesday,19,False,False
201800004786,NonLethal,Daylight,Yes,X-type,Normal,2Vehicles-Side,11,Saturday,13,True,False
201800051368,NonLethal,Daylight,Yes,NoIntersection,Normal,2Vehicles-Behind,7,Thursday,9,False,False
201800025041,NonLethal,NightStreelightsOn,Yes,X-type,LightRain,2Vehicles-Side,11,Thursday,1,False,True
201800000688,NonLethal,Daylight,Yes,NoIntersection,Normal,NoCollision,7,Wednesday,11,False,False
201800002633,NonLethal,Daylight,Yes,NoIntersection,Normal,2Vehicles-Side,5,Monday,17,False,False
201800003384,NonLethal,Daylight,No,NoIntersection,Normal,NoCollision,10,Saturday,17,True,False
201800042663,NonLethal,Daylight,Yes,NoIntersection,Normal,Other,4,Monday,19,False,False
201800004432,NonLethal,Daylight,Yes,NoIntersection,Normal,Other,1,Friday,10,False,False
201800017509,NonLethal,Daylight,No,X-type,Normal,2Vehicles-BehindVehicles-Frontal,4,Monday,12,False,False
201800052865,NonLethal,NightStreelightsOn,Yes,X-type,LightRain,Other,11,Sunday,2,True,True
201800019179,NonLethal,NightNoStreetLight,No,Roundabout,LightRain,NoCollision,12,Sunday,1,True,True
201800022670,NonLethal,Daylight,No,NoIntersection,SnowOrHail,NoCollision,2,Thursday,16,False,False
201800016584,NonLethal,Daylight,No,T-type,Normal,2Vehicles-BehindVehicles-Frontal,7,Friday,15,False,False
201800013639,NonLethal,TwilightOrDawn,No,NoIntersection,Normal,3+Vehicles-Multiple,1,Monday,8,False,False
201800040113,NonLethal,Daylight,Yes,NoIntersection,Normal,Other,6,Wednesday,20,False,False
201800041615,NonLethal,Daylight,Yes,NoIntersection,Normal,Other,10,Tuesday,11,False,False
201800038513,NonLethal,Daylight,Yes,X-type,Normal,2Vehicles-Behind,11,Monday,9,False,False
201800042354,NonLethal,NightStreelightsOn,Yes,NoIntersection,Normal,Other,12,Sunday,3,True,True
201800051947,NonLethal,NightStreelightsOn,Yes,Y-type,Normal,2Vehicles-Behind,2,Sunday,19,True,False
201800038307,NonLethal,Daylight,Yes,T-type,Normal,2Vehicles-Behind,8,Tuesday,11,False,False
201800030898,NonLethal,Daylight,Yes,NoIntersection,Normal,Other,9,Wednesday,17,False,False
201800057743,NonLethal,Daylight,Yes,NoIntersection,Normal,2Vehicles-BehindVehicles-Frontal,10,Saturday,10,True,False
201800005375,NonLethal,Daylight,Yes,Y-type,Normal,2Vehicles-Side,2,Monday,13,False,False
201800044466,NonLethal,NightNoStreetLight,No,NoIntersection,Normal,2Vehicles-Behind,12,Wednesday,17,False,False
201800032431,NonLethal,Daylight,Yes,NoIntersection,Normal,NoCollision,4,Friday,19,False,False
201800052969,NonLethal,Daylight,Yes,Square,LightRain,2Vehicles-Side,3,Friday,12,False,False
201800021049,NonLethal,NightStreelightsOn,Yes,NoIntersection,LightRain,2Vehicles-Behind,10,Monday,22,False,False
201800052154,NonLethal,Daylight,Yes,X-type,Normal,Other,7,Monday,8,False,False