AccidentId,Gravity,Light,InAgglomeration,IntersectionType,Weather,CollisionType,Month,DayOfWeek,HourOfDay,IsWeekend,IsNight
201800000241,NonLethal,TwilightOrDawn,No,NoIntersection,FogOrSmoke,Other,10,Friday,7,False,False
201800032895,NonLethal,Daylight,Yes,T-type,Overcast,2Vehicles-Side,11,Wednesday,8,False,False
201800029485,NonLethal,NightStreelightsOn,Yes,X-type,Normal,2Vehicles-Side,4,Thursday,22,False,False
201800017056,NonLethal,Daylight,No,NoIntersection,Normal,NoCollision,7,Sunday,18,True,False
201800051986,NonLethal,Daylight,Yes,NoIntersection,Normal,2Vehicles-Behind,4,Tuesday,7,False,False
201800027591,NonLethal,Daylight,Yes,NoIntersection,Normal,2Vehicles-BehindVehicles-Frontal,5,Tuesday,17,False,False
201800025259,NonLethal,Daylight,Yes,Roundabout,Normal,2Vehicles-Side,3,Friday,7,False,False
201800033072,NonLethal,NightStreelightsOn,Yes,NoIntersection,Normal,2Vehicles-Side,6,Saturday,2,True,True
201800045081,NonLethal,Daylight,No,NoIntersection,Normal,2Vehicles-Side,7,Monday,6,False,True
201800037131,NonLethal,Daylight,Yes,T-type,Normal,2Vehicles-Side,11,Thursday,8,False,False
201800057457,NonLethal,Daylight,No,NoIntersection,Other,2Vehicles-Behind,5,Monday,6,False,True
201800026137,NonLethal,Daylight,Yes,NoIntersection,Normal,2Vehicles-Side,7,Wednesday,11,False,False
201800046471,NonLethal,NightStreelightsOn,No,NoIntersection,Normal,NoCollision,3,Friday,23,False,False
201800016958,NonLethal,Daylight,No,NoIntersection,LightRain,Other,3,Sunday,11,True,False
201800021026,NonLethal,TwilightOrDawn,No,NoIntersection,Normal,2Vehicles-Side,7,Monday,21,False,False
201800031354,NonLethal,Daylight,No,NoIntersection,Normal,2Vehicles-Behind,11,Thursday,18,False,False
201800019605,NonLethal,NightStreelightsOn,Yes,NoIntersection,HeavyRain,2Vehicles-Side,2,Wednesday,19,False,False
201800055003,NonLethal,NightStreelightsOn,Yes,NoIntersection,Normal,Other,5,Saturday,1,True,True
201800051980,NonLethal,Daylight,Yes,X-type,Normal,2Vehicles-Side,4,Friday,9,False,False
201800002278,Lethal,Daylight,No,NoIntersection,Normal,2Vehicles-BehindVehicles-Frontal,10,Saturday,18,True,False
201800006584,Lethal,TwilightOrDawn,No,NoIntersection,Normal,NoCollision,7,Monday,5,False,True
201800041087,NonLethal,Daylight,No,NoIntersection,Normal,2Vehicles-Side,4,Sunday,18,True,False
201800007421,NonLethal,Daylight,Yes,NoIntersection,Normal,3+Vehicles-Chain,9,Thursday,17,False,False
201800013393,NonLethal,NightNoStreetLight,No,NoIntersection,Normal,Other,1,Sunday,23,True,False
201800033887,NonLethal,Daylight,Yes,X-type,Normal,NoCollision,11,Monday,16,False,False
201800023308,NonLethal,Daylight,No,NoIntersection,Normal,2Vehicles-Behind,10,Wednesday,18,False,False
201800017739,NonLethal,Daylight,Yes,NoIntersection,Normal,2Vehicles-Behind,5,Tuesday,14,False,False
201800056836,NonLethal,Daylight,Yes,NoIntersection,Normal,2Vehicles-Side,1,Thursday,13,False,False
201800034990,NonLethal,Daylight,Yes,NoIntersection,Normal,NoCollision,2,Friday,15,False,False
201800032672,NonLethal,Daylight,Yes,NoIntersection,Normal,Other,12,Monday,10,False,False
201800035850,NonLethal,Daylight,Yes,Roundabout,Normal,2Vehicles-Side,2,Friday,8,False,False
201800056415,NonLethal,NightStreelightsOn,Yes,NoIntersection,Normal,2Vehicles-Behind,12,Friday,19,False,False
201800045451,NonLethal,Daylight,No,NoIntersection,Normal,Other,11,Monday,14,False,False
201800007630,NonLethal,Daylight,No,NoIntersection,Normal,NoCollision,6,Sunday,19,True,False
201800056382,NonLethal,Daylight,Yes,NoIntersection,Normal,Other,10,Sunday,9,True,False
201800038029,NonLethal,Daylight,Yes,NoIntersection,LightRain,2Vehicles-Side,5,Monday,20,False,False
201800011658,NonLethal,Daylight,No,NoIntersection,Normal,NoCollision,5,Saturday,14,True,False
201800032657,NonLethal,NightStreelightsOn,Yes,X-type,Normal,Other,3,Monday,17,False,False
201800014711,NonLethal,Daylight,No,NoIntersection,Normal,Other,7,Sunday,9,True,False
201800006185,NonLethal,NightNoStreetLight,No,Other,HeavyRain,3+Vehicles-Chain,5,Sunday,5,True,True
201800011488,NonLethal,Daylight,No,NoIntersection,Normal,Other,4,Wednesday,16,False,False
201800014850,NonLethal,NightNoStreetLight,No,NoIntersection,Other,2Vehicles-Behind,3,Saturday,6,True,True
201800036246,NonLethal,Daylight,No,NoIntersection,Normal,3+Vehicles-Multiple,11,Thursday,12,False,False
201800048617,NonLethal,Daylight,Yes,X-type,Normal,2Vehicles-Side,10,Thursday,18,False,False
201800024287,NonLethal,NightStreelightsOn,Yes,NoIntersection,Normal,NoCollision,3,Saturday,19,True,False
201800020567,NonLethal,NightNoStreetLight,Yes,X-type,Normal,2Vehicles-Side,3,Friday,19,False,False
201800031537,NonLethal,Daylight,No,Roundabout,Normal,2Vehicles-Behind,9,Thursday,8,False,False
201800022722,NonLethal,Daylight,No,NoIntersection,Normal,Other,7,Monday,9,False,False
201800025512,NonLethal,Daylight,Yes,T-type,Normal,2Vehicles-Side,9,Thursday,8,False,False
201800049350,NonLethal,Daylight,No,NoIntersection,Normal,3+Vehicles-Chain,3,Friday,15,False,False
201800045585,NonLethal,NightNoStreetLight,No,NoIntersection,Normal,NoCollision,12,Thursday,0,False,True
201800029550,NonLethal,NightNoStreetLight,No,Roundabout,Normal,2Vehicles-Behind,7,Friday,23,False,False
201800035628,NonLethal,Daylight,Yes,NoIntersection,Normal,2Vehicles-BehindVehicles-Frontal,6,Monday,17,False,False
201800045929,NonLethal,Daylight,No,NoIntersection,Normal,3+Vehicles-Chain,6,Saturday,16,True,False
201800049905,NonLethal,NightNoStreetLight,No,NoIntersection,Normal,NoCollision,6,Friday,5,False,True
201800020674,NonLethal,Daylight,Yes,T-type,Normal,2Vehicles-Side,6,Saturday,13,True,False
201800012683,NonLethal,Daylight,No,NoIntersection,Overcast,3+Vehicles-Multiple,12,Tuesday,8,False,False
201800024985,NonLethal,Daylight,Yes,T-type,Overcast,2Vehicles-Side,10,Saturday,10,True,False
201800033047,NonLethal,NightStreelightsOn,Yes,NoIntersection,Normal,2Vehicles-Side,12,Saturday,20,True,False
201800043620,NonLethal,Daylight,Yes,X-type,Normal,2Vehicles-Side,8,Wednesday,14,False,False
201800020806,NonLethal,NightNoStreetLight,Yes,NoIntersection,Normal,2Vehicles-BehindVehicles-Frontal,9,Monday,21,False,False
201800032644,NonLethal,NightStreelightsOn,Yes,NoIntersection,Normal,Other,11,Saturday,5,True,True
201800051302,NonLethal,Daylight,Yes,Square,Normal,Other,10,Monday,13,False,False
201800028766,NonLethal,Daylight,No,Y-type,Normal,3+Vehicles-Multiple,7,Monday,15,False,False
201800007300,NonLethal,NightStreelightsOn,Yes,Other,Normal,Other,4,Monday,22,False,False
201800009823,NonLethal,Daylight,Yes,X-type,Normal,Other,9,Sunday,9,True,False
201800012637,NonLethal,Daylight,Yes,NoIntersection,Normal,Other,10,Tuesday,16,False,False
201800024741,NonLethal,Daylight,No,NoIntersection,Normal,3+Vehicles-Chain,4,Tuesday,18,False,False
201800016425,NonLethal,Daylight,Yes,NoIntersection,Normal,Other,9,Tuesday,9,False,False
201800011376,Lethal,Daylight,No,NoIntersection,Normal,NoCollision,9,Tuesday,13,False,False
201800038230,NonLethal,Daylight,Yes,NoIntersection,Normal,2Vehicles-Behind,10,Tuesday,14,False,False
201800039371,NonLethal,NightStreelightsOn,Yes,NoIntersection,Normal,Other,5,Wednesday,21,False,False
201800040654,NonLethal,NightStreelightsOn,Yes,NoIntersection,Normal,2Vehicles-Side,3,Saturday,23,True,False
201800047988,NonLethal,Daylight,No,NoIntersection,Normal,2Vehicles-Behind,11,Sunday,15,True,False
201800030248,NonLethal,NightStreelightsOn,Yes,NoIntersection,Normal,Other,2,Saturday,23,True,False
201800014404,NonLethal,TwilightOrDawn,No,NoIntersection,HeavyRain,Other,3,Wednesday,19,False,False
201800025053,NonLethal,TwilightOrDawn,Yes,NoIntersection,LightRain,Other,12,Monday,7,False,False
201800025989,NonLethal,NightNoStreetLight,No,NoIntersection,Normal,Other,3,Thursday,5,False,True
201800056708,NonLethal,Daylight,No,NoIntersection,Normal,Other,7,Friday,15,False,False
201800048984,NonLethal,Daylight,No,NoIntersection,Normal,2Vehicles-Side,8,Friday,16,False,False
201800031272,NonLethal,Daylight,Yes,NoIntersection,Normal,Other,6,Wednesday,14,False,False
201800052323,NonLethal,NightStreelightsOn,Yes,X-type,Normal,Other,1,Saturday,2,True,True
201800043828,NonLethal,NightStreelightsOff,No,NoIntersection,Normal,3+Vehicles-Chain,2,Saturday,6,True,True
201800050456,NonLethal,NightStreelightsOn,Yes,X-type,Normal,Other,5,Sunday,3,True,True
201800014684,Lethal,NightNoStreetLight,No,NoIntersection,Normal,2Vehicles-BehindVehicles-Frontal,12,Saturday,22,True,False
201800056477,NonLethal,NightNoStreetLight,No,NoIntersection,Other,Other,5,Sunday,0,True,True
201800004350,NonLethal,Daylight,No,NoIntersection,HeavyRain,Other,5,Friday,8,False,False
201800002736,NonLethal,Daylight,Yes,X-type,Normal,2Vehicles-Side,5,Friday,15,False,False
201800043295,NonLethal,NightStreelightsOn,Yes,NoIntersection,Normal,Other,11,Friday,17,False,False
201800012331,NonLethal,Daylight,No,NoIntersection,SnowOrHail,2Vehicles-BehindVehicles-Frontal,1,Friday,12,False,False
201800022320,NonLethal,NightNoStreetLight,No,NoIntersection,Normal,2Vehicles-Side,4,Sunday,1,True,True
201800045299,NonLethal,Daylight,No,NoIntersection,Normal,NoCollision,8,Friday,12,False,False
201800053448,NonLethal,Daylight,Yes,NoIntersection,Normal,Other,7,Sunday,21,True,False
201800033268,Lethal,NightNoStreetLight,Yes,Y-type,Other,Other,1,Sunday,19,True,False
201800043539,NonLethal,Daylight,Yes,X-type,Overcast,2Vehicles-Behind,10,Thursday,17,False,False
201800025538,NonLethal,Daylight,Yes,NoIntersection,Normal,2Vehicles-Behind,11,Saturday,17,True,False
201800051925,NonLethal,NightStreelightsOn,Yes,X-type,Normal,2Vehicles-Side,1,Sunday,18,True,False
201800003535,NonLethal,Daylight,No,NoIntersection,Normal,NoCollision,5,Wednesday,14,False,False
201800053083,NonLethal,Daylight,Yes,X-type,Normal,2Vehicles-Side,7,Saturday,12,True,False
201800036022,NonLethal,Daylight,Yes,NoIntersection,Normal,Other,3,Thursday,12,False,False
201800026887,NonLethal,Daylight,Yes,X-type,Normal,2Vehicles-Side,8,Sunday,13,True,False
201800011008,NonLethal,TwilightOrDawn,Yes,X-type,Normal,2Vehicles-Side,10,Saturday,21,True,False
201800038542,NonLethal,Daylight,Yes,NoIntersection,VeryGood,2Vehicles-Side,2,Monday,9,False,False
201800018270,NonLethal,Daylight,No,NoIntersection,Normal,2Vehicles-BehindVehicles-Frontal,7,Tuesday,13,False,False
201800016245,NonLethal,Daylight,No,Roundabout,Normal,2Vehicles-Behind,7,Thursday,7,False,False
201800017736,NonLethal,Daylight,Yes,T-type,Normal,2Vehicles-Side,11,Thursday,11,False,False
201800037529,NonLethal,NightStreelightsOn,Yes,X-type,Normal,2Vehicles-Side,6,Tuesday,18,False,False
201800028940,NonLethal,Daylight,Yes,LevelCrossing,Normal,Other,6,Saturday,8,True,False
201800041233,NonLethal,NightStreelightsOn,Yes,X-type,Normal,Other,5,Sunday,21,True,False
201800036291,NonLethal,NightStreelightsOn,Yes,NoIntersection,Normal,Other,11,Thursday,17,False,False
201800034138,NonLethal,Daylight,Yes,X-type,Normal,Other,3,Friday,19,False,False
201800003408,NonLethal,Daylight,No,NoIntersection,Normal,NoCollision,2,Friday,8,False,False
201800038893,NonLethal,Daylight,Yes,NoIntersection,Normal,Other,2,Wednesday,11,False,False
201800001245,NonLethal,Daylight,No,NoIntersection,Normal,Other,10,Wednesday,15,False,False
201800021769,Lethal,Daylight,No,NoIntersection,Normal,Other,6,Sunday,10,True,False
201800028821,NonLethal,Daylight,No,Roundabout,Normal,NoCollision,10,Saturday,11,True,False
201800034539,NonLethal,Daylight,Yes,NoIntersection,Normal,2Vehicles-Side,4,Sunday,15,True,False
201800050691,NonLethal,NightStreelightsOn,Yes,X-type,Normal,2Vehicles-Side,5,Friday,0,False,True
201800057236,NonLethal,Daylight,No,X-type,Normal,2Vehicles-Side,12,Sunday,17,True,False
201800033827,NonLethal,Daylight,Yes,T-type,Normal,2Vehicles-Behind,8,Thursday,14,False,False
201800035988,NonLethal,Daylight,Yes,NoIntersection,Normal,2Vehicles-Side,1,Monday,13,False,False
201800007823,NonLethal,Daylight,No,NoIntersection,Normal,2Vehicles-Behind,2,Thursday,8,False,False
201800052932,NonLethal,Daylight,Yes,X-type,Normal,Other,1,Tuesday,14,False,False
201800056394,NonLethal,Daylight,No,T-type,Normal,2Vehicles-Side,10,Tuesday,13,False,False
201800008736,NonLethal,Daylight,Yes,NoIntersection,Normal,2Vehicles-Side,3,Monday,14,False,False
201800015059,NonLethal,Daylight,Yes,NoIntersection,Normal,2Vehicles-Behind,3,Saturday,15,True,False
201800025430,NonLethal,Daylight,Yes,NoIntersection,Normal,2Vehicles-Behind,7,Sunday,19,True,False
201800013466,NonLethal,Daylight,No,NoIntersection,Normal,3+Vehicles-Chain,9,Friday,13,False,False
201800019727,NonLethal,Daylight,Yes,NoIntersection,Normal,2Vehicles-Behind,9,Friday,14,False,False
201800013625,NonLethal,NightNoStreetLight,No,NoIntersection,HeavyRain,2Vehicles-Side,1,Friday,7,False,False
201800023259,NonLethal,Daylight,No,NoIntersection,Normal,Other,9,Tuesday,9,False,False
201800047844,NonLethal,NightStreelightsOn,Yes,NoIntersection,Normal,Other,12,Wednesday,19,False,False
201800042020,NonLethal,Daylight,Yes,NoIntersection,Normal,Other,8,Friday,9,False,False
201800013447,NonLethal,Daylight,No,NoIntersection,LightRain,Other,5,Tuesday,16,False,False
201800057478,NonLethal,Daylight,No,T-type,Normal,2Vehicles-Side,6,Friday,14,False,False
201800051024,NonLethal,Daylight,Yes,Square,Normal,2Vehicles-Side,3,Monday,18,False,False
201800032327,NonLethal,NightStreelightsOn,Yes,NoIntersection,LightRain,Other,1,Monday,23,False,False
201800005123,NonLethal,NightStreelightsOn,Yes,NoIntersection,Normal,2Vehicles-Side,4,Friday,21,False,False
201800015316,NonLethal,NightNoStreetLight,No,NoIntersection,Normal,Other,12,Monday,4,False,True
201800015341,NonLethal,Daylight,Yes,NoIntersection,Normal,Other,3,Sunday,15,True,False
201800026860,NonLethal,Daylight,Yes,Other,Normal,2Vehicles-Behind,3,Wednesday,18,False,False
201800040809,NonLethal,NightStreelightsOn,Yes,NoIntersection,LightRain,Other,1,Wednesday,18,False,False
201800049709,NonLethal,NightNoStreetLight,No,NoIntersection,LightRain,Other,2,Saturday,18,True,False
201800052048,NonLethal,Daylight,Yes,X-type,Normal,Other,6,Friday,13,False,False
201800051270,NonLethal,Daylight,Yes,X-type,LightRain,Other,11,Wednesday,8,False,False
201800039814,NonLethal,Daylight,Yes,Roundabout,LightRain,2Vehicles-Behind,7,Monday,10,False,False
201800044614,NonLethal,NightNoStreetLight,No,NoIntersection,Normal,2Vehicles-Behind,2,Friday,2,False,True
201800031265,NonLethal,Daylight,Yes,NoIntersection,Normal,3+Vehicles-Chain,6,Saturday,12,True,False
201800007352,NonLethal,Daylight,Yes,X-type,Normal,2Vehicles-Side,6,Thursday,13,False,False
201800028445,NonLethal,Daylight,Yes,NoIntersection,Normal,Other,12,Thursday,13,False,False
201800052746,NonLethal,Daylight,Yes,NoIntersection,Normal,Other,6,Monday,18,False,False
201800052013,NonLethal,NightStreelightsOn,Yes,T-type,Normal,2Vehicles-Side,4,Friday,21,False,False
201800031413,NonLethal,NightNoStreetLight,No,NoIntersection,Normal,2Vehicles-Behind,5,Monday,23,False,False
201800020486,NonLethal,NightNoStreetLight,Yes,NoIntersection,Normal,2Vehicles-Side,8,Wednesday,18,False,False
201800040076,NonLethal,TwilightOrDawn,Yes,NoIntersection,Overcast,Other,12,Saturday,18,True,False
201800018523,NonLethal,Daylight,No,Other,Overcast,2Vehicles-Side,9,Tuesday,10,False,False
201800028488,NonLethal,Daylight,Yes,NoIntersection,Normal,Other,7,Sunday,18,True,False
201800008266,NonLethal,Daylight,Yes,NoIntersection,LightRain,2Vehicles-Side,10,Monday,11,False,False
201800028042,NonLethal,Daylight,Yes,Roundabout,Normal,2Vehicles-Side,6,Monday,9,False,False
201800027703,NonLethal,NightStreelightsOn,Yes,NoIntersection,Normal,Other,3,Saturday,1,True,True
201800002724,NonLethal,Daylight,No,Other,Normal,2Vehicles-Behind,9,Saturday,8,True,False
201800021400,NonLethal,Daylight,Yes,T-type,Normal,2Vehicles-Side,3,Monday,7,False,False
201800045239,NonLethal,Daylight,No,NoIntersection,Normal,Other,9,Saturday,17,True,False
201800000462,NonLethal,Daylight,No,NoIntersection,Normal,2Vehicles-Side,7,Thursday,14,False,False
201800034719,NonLethal,Daylight,Yes,NoIntersection,Normal,2Vehicles-Side,6,Saturday,10,True,False
201800026417,NonLethal,Daylight,Yes,NoIntersection,Normal,2Vehicles-BehindVehicles-Frontal,9,Tuesday,18,False,False
201800035490,NonLethal,NightStreelightsOn,Yes,NoIntersection,Normal,2Vehicles-Side,10,Friday,19,False,False
201800031126,NonLethal,Daylight,Yes,NoIntersection,Normal,3+Vehicles-Chain,2,Thursday,11,False,False
201800038625,NonLethal,NightStreelightsOn,Yes,Other,Normal,2Vehicles-Side,9,Sunday,20,True,False
201800000251,NonLethal,TwilightOrDawn,No,NoIntersection,Normal,NoCollision,9,Wednesday,19,False,False
201800026681,NonLethal,Daylight,Yes,NoIntersection,Overcast,Other,9,Thursday,11,False,False
201800032852,NonLethal,Daylight,Yes,Other,Overcast,Other,8,Thursday,12,False,False
201800048152,NonLethal,Daylight,Yes,Other,Overcast,Other,3,Tuesday,8,False,False
201800035216,NonLethal,NightStreelightsOn,Yes,T-type,LightRain,2Vehicles-Side,12,Saturday,21,True,False
201800041922,NonLethal,Daylight,Yes,X-type,LightRain,Other,12,Monday,14,False,False
201800054410,NonLethal,Daylight,Yes,T-type,LightRain,2Vehicles-Behind,5,Monday,12,False,False
201800007984,NonLethal,Daylight,No,T-type,Normal,2Vehicles-Behind,6,Friday,20,False,False
201800046259,NonLethal,Daylight,No,NoIntersection,LightRain,Other,2,Monday,6,False,True
201800056866,NonLethal,Daylight,No,NoIntersection,Normal,2Vehicles-Side,3,Monday,13,False,False
201800022164,NonLethal,NightStreelightsOn,Yes,NoIntersection,LightRain,Other,12,Sunday,5,True,True
201800028897,NonLethal,Daylight,No,NoIntersection,Normal,2Vehicles-Side,11,Monday,11,False,False
201800049373,NonLethal,Daylight,No,NoIntersection,Normal,3+Vehicles-Chain,4,Wednesday,19,False,False
201800052638,NonLethal,Daylight,Yes,NoIntersection,Overcast,Other,12,Monday,13,False,False
201800044927,NonLethal,NightNoStreetLight,No,NoIntersection,LightRain,Other,5,Wednesday,2,False,True
201800020934,NonLethal,TwilightOrDawn,Yes,NoIntersection,Normal,Other,6,Friday,6,False,True
201800031322,NonLethal,Daylight,Yes,NoIntersection,Normal,Other,1,Wednesday,18,False,False
201800057209,NonLethal,Daylight,Yes,NoIntersection,Normal,2Vehicles-Side,8,Monday,16,False,False
201800005072,NonLethal,Daylight,Yes,NoIntersection,Normal,2Vehicles-Side,4,Friday,12,False,False
201800003092,NonLethal,Daylight,Yes,NoIntersection,Normal,Other,4,Saturday,9,True,False
201800047854,NonLethal,NightStreelightsOn,Yes,NoIntersection,Normal,Other,12,Thursday,19,False,False
201800034488,NonLethal,TwilightOrDawn,Yes,NoIntersection,Normal,2Vehicles-Side,8,Tuesday,20,False,False
201800040716,NonLethal,NightStreelightsOn,Yes,T-type,Normal,2Vehicles-Side,10,Monday,19,False,False
201800029793,NonLethal,Daylight,Yes,X-type,VeryGood,Other,8,Sunday,11,True,False
201800010731,Lethal,Daylight,Yes,NoIntersection,Normal,Other,5,Thursday,9,False,False
201800020461,NonLethal,NightStreelightsOn,Yes,NoIntersection,Normal,2Vehicles-Behind,5,Tuesday,22,False,False
201800020476,NonLethal,NightStreelightsOn,Yes,NoIntersection,Normal,Other,12,Wednesday,18,False,False
201800055381,NonLethal,Daylight,Yes,NoIntersection,Normal,NoCollision,8,Sunday,12,True,False
201800056494,NonLethal,NightStreelightsOff,Yes,NoIntersection,Normal,Other,9,Tuesday,18,False,False
201800014491,Lethal,NightNoStreetLight,No,NoIntersection,Normal,Other,6,Saturday,4,True,True
201800006898,NonLethal,Daylight,No,NoIntersection,Normal,NoCollision,9,Saturday,12,True,False
201800044349,NonLethal,TwilightOrDawn,No,NoIntersection,Normal,2Vehicles-Behind,2,Sunday,17,True,False
201800045090,NonLethal,Daylight,No,NoIntersection,Normal,2Vehicles-Side,7,Friday,9,False,False
201800032751,NonLethal,NightStreelightsOn,Yes,X-type,Normal,2Vehicles-Side,9,Sunday,5,True,True
201800001319,NonLethal,Daylight,Yes,NoIntersection,Normal,2Vehicles-Behind,3,Thursday,17,False,False
201800041710,NonLethal,NightStreelightsOn,Yes,NoIntersection,Normal,2Vehicles-BehindVehicles-Frontal,1,Wednesday,19,False,False
201800015137,NonLethal,NightStreelightsOff,Yes,NoIntersection,Normal,Other,11,Thursday,7,False,False
201800013596,NonLethal,Daylight,No,NoIntersection,Normal,Other,8,Saturday,16,True,False
201800052084,NonLethal,Daylight,Yes,X-type,Normal,NoCollision,6,Saturday,15,True,False
201800010208,NonLethal,NightStreelightsOn,Yes,NoIntersection,Normal,2Vehicles-BehindVehicles-Frontal,12,Tuesday,1,False,True
201800029751,NonLethal,Daylight,Yes,NoIntersection,Normal,Other,7,Monday,15,False,False
201800026582,NonLethal,Daylight,Yes,X-type,Normal,2Vehicles-Side,9,Friday,19,False,False
201800031641,Lethal,Daylight,Yes,NoIntersection,Normal,Other,1,Sunday,16,True,False
201800008873,NonLethal,Daylight,Yes,NoIntersection,Normal,2Vehicles-Side,4,Tuesday,15,False,False
201800006490,Lethal,Daylight,Yes,Roundabout,Normal,Other,4,Monday,16,False,False
201800008427,NonLethal,NightStreelightsOn,Yes,NoIntersection,Normal,Other,1,Monday,18,False,False
201800026749,NonLethal,Daylight,Yes,Roundabout,Normal,2Vehicles-Side,3,Wednesday,16,False,False
201800033845,NonLethal,TwilightOrDawn,Yes,NoIntersection,LightRain,Other,9,Saturday,20,True,False
201800033821,NonLethal,Daylight,Yes,X-type,Normal,2Vehicles-Side,8,Tuesday,14,False,False
201800010854,NonLethal,Daylight,No,NoIntersection,LightRain,2Vehicles-Side,12,Tuesday,8,False,False
201800046960,NonLethal,Daylight,No,NoIntersection,Normal,3+Vehicles-Chain,12,Monday,18,False,False
201800014747,NonLethal,NightNoStreetLight,No,NoIntersection,Normal,NoCollision,12,Friday,18,False,False
201800041619,NonLethal,NightStreelightsOn,Yes,NoIntersection,Normal,3+Vehicles-Chain,11,Friday,18,False,False
201800010553,NonLethal,Daylight,Yes,NoIntersection,Normal,Other,8,Saturday,15,True,False
201800013737,NonLethal,NightStreelightsOn,Yes,NoIntersection,Normal,2Vehicles-BehindVehicles-Frontal,2,Friday,0,False,True
201800012310,NonLethal,Daylight,No,NoIntersection,Normal,3+Vehicles-Multiple,4,Friday,19,False,False
201800054014,NonLethal,TwilightOrDawn,Yes,X-type,Normal,Other,2,Friday,7,False,False
201800054393,NonLethal,Daylight,Yes,NoIntersection,VeryGood,2Vehicles-Behind,4,Tuesday,14,False,False
201800007853,NonLethal,NightNoStreetLight,No,NoIntersection,Overcast,2Vehicles-Behind,10,Tuesday,6,False,True
201800015332,NonLethal,Daylight,No,NoIntersection,Normal,2Vehicles-BehindVehicles-Frontal,10,Monday,14,False,False
201800035646,NonLethal,Daylight,No,NoIntersection,Normal,2Vehicles-Side,5,Saturday,12,True,False
201800038722,NonLethal,NightStreelightsOn,Yes,NoIntersection,Normal,2Vehicles-Behind,10,Tuesday,7,False,False
201800043463,NonLethal,Daylight,Yes,NoIntersection,Normal,2Vehicles-Behind,6,Sunday,15,True,False
201800035143,NonLethal,Daylight,Yes,NoIntersection,Normal,2Vehicles-Side,10,Wednesday,9,False,False
201800034483,NonLethal,NightNoStreetLight,No,NoIntersection,Normal,NoCollision,6,Thursday,0,False,True
201800053797,NonLethal,Daylight,Yes,T-type,Normal,2Vehicles-Behind,1,Saturday,14,True,False
201800018812,NonLethal,NightNoStreetLight,No,Other,Normal,Other,4,Wednesday,2,False,True
201800007775,NonLethal,Daylight,Yes,X-type,Normal,2Vehicles-Side,7,Thursday,17,False,False
201800023207,NonLethal,NightNoStreetLight,No,NoIntersection,Normal,3+Vehicles-Chain,8,Friday,6,False,True
201800038975,NonLethal,NightStreelightsOn,Yes,NoIntersection,Normal,Other,8,Sunday,3,True,True
201800041137,NonLethal,NightStreelightsOn,Yes,X-type,Normal,Other,4,Wednesday,21,False,False
201800028030,NonLethal,Daylight,Yes,T-type,LightRain,2Vehicles-Side,11,Tuesday,19,False,False
201800012871,NonLethal,NightStreelightsOff,Yes,NoIntersection,Normal,Other,9,Wednesday,21,False,False
201800053585,NonLethal,NightStreelightsOn,Yes,X-type,LightRain,2Vehicles-Side,11,Friday,0,False,True
201800046354,NonLethal,NightNoStreetLight,No,NoIntersection,LightRain,3+Vehicles-Multiple,1,Tuesday,7,False,False
201800032755,NonLethal,Daylight,Yes,NoIntersection,Normal,Other,2,Wednesday,8,False,False
201800016503,NonLethal,Daylight,No,NoIntersection,Normal,Other,3,Thursday,17,False,False
201800056343,NonLethal,NightNoStreetLight,No,NoIntersection,Normal,Other,9,Thursday,0,False,True
201800027360,NonLethal,Daylight,Yes,NoIntersection,Normal,2Vehicles-Behind,6,Saturday,16,True,False
201800019026,NonLethal,NightNoStreetLight,No,NoIntersection,Normal,Other,6,Friday,3,False,True
201800057293,NonLethal,Daylight,Yes,NoIntersection,Normal,Other,3,Thursday,15,False,False
201800021893,NonLethal,NightNoStreetLight,No,NoIntersection,LightRain,2Vehicles-BehindVehicles-Frontal,5,Tuesday,19,False,False
201800032929,NonLethal,Daylight,Yes,NoIntersection,Normal,2Vehicles-BehindVehicles-Frontal,7,Sunday,17,True,False
201800047929,NonLethal,Daylight,No,NoIntersection,LightRain,2Vehicles-Behind,5,Thursday,7,False,False
201800041403,NonLethal,NightStreelightsOn,Yes,X-type,LightRain,2Vehicles-Side,3,Friday,20,False,False
201800015891,NonLethal,Daylight,No,NoIntersection,Normal,Other,1,Friday,15,False,False
201800056368,NonLethal,Daylight,Yes,T-type,VeryGood,Other,2,Friday,8,False,False
201800025223,NonLethal,Daylight,Yes,NoIntersection,LightRain,NoCollision,1,Monday,15,False,False
201800016749,NonLethal,Daylight,Yes,Y-type,Normal,2Vehicles-Side,9,Friday,17,False,False
201800033993,NonLethal,Daylight,Yes,NoIntersection,Normal,Other,5,Monday,12,False,False
201800028264,NonLethal,Daylight,Yes,NoIntersection,Normal,2Vehicles-Side,4,Saturday,16,True,False
201800026226,NonLethal,Daylight,Yes,NoIntersection,Normal,2Vehicles-Side,4,Monday,15,False,False
201800010319,NonLethal,NightStreelightsOn,No,NoIntersection,Normal,2Vehicles-Side,11,Friday,0,False,True
201800011189,NonLethal,NightStreelightsOff,Yes,NoIntersection,Normal,Other,8,Tuesday,0,False,True
201800034870,NonLethal,Daylight,Yes,NoIntersection,Normal,Other,8,Sunday,11,True,False
201800022260,NonLethal,TwilightOrDawn,No,NoIntersection,Normal,NoCollision,12,Wednesday,7,False,False
201800034023,NonLethal,Daylight,No,X-type,Normal,2Vehicles-Side,7,Sunday,17,True,False