AccidentId,Gravity,Light,InAgglomeration,IntersectionType,Weather,CollisionType,Month,DayOfWeek,HourOfDay,IsWeekend,IsNight
201800020298,NonLethal,NightNoStreetLight,Yes,NoIntersection,Normal,Other,2,Sunday,5,True,True
201800056509,NonLethal,TwilightOrDawn,Yes,X-type,Normal,2Vehicles-Side,8,Tuesday,5,False,True
201800001134,NonLethal,Daylight,Yes,Roundabout,Normal,2Vehicles-Side,10,Tuesday,18,False,False
201800005592,NonLethal,Daylight,Yes,NoIntersection,LightRain,2Vehicles-Behind,2,Saturday,14,True,False
201800032530,NonLethal,Daylight,Yes,X-type,Normal,2Vehicles-Side,8,Monday,8,False,False
201800006393,NonLethal,Daylight,Yes,NoIntersection,Normal,Other,9,Wednesday,16,False,False
201800026919,NonLethal,Daylight,Yes,NoIntersection,Normal,3+Vehicles-Chain,9,Wednesday,17,False,False
201800045512,NonLethal,Daylight,No,NoIntersection,Normal,2Vehicles-Side,11,Thursday,16,False,False
201800032207,NonLethal,Daylight,Yes,T-type,Normal,2Vehicles-Side,3,Saturday,15,True,False
201800016850,NonLethal,Daylight,No,NoIntersection,Normal,Other,1,Monday,9,False,False
201800031621,NonLethal,Daylight,Yes,X-type,VeryGood,Other,10,Thursday,15,False,False
201800027702,NonLethal,Daylight,Yes,NoIntersection,Normal,NoCollision,3,Thursday,14,False,False
201800054499,NonLethal,NightStreelightsOn,Yes,T-type,Normal,Other,7,Tuesday,23,False,False
201800026870,NonLethal,Daylight,Yes,X-type,Normal,2Vehicles-Side,11,Wednesday,18,False,False
201800041524,NonLethal,TwilightOrDawn,Yes,X-type,LightRain,2Vehicles-Side,11,Wednesday,7,False,False
201800041872,NonLethal,NightStreelightsOn,Yes,NoIntersection,Normal,2Vehicles-Side,6,Tuesday,22,False,False
201800052523,NonLethal,NightStreelightsOn,Yes,X-type,Normal,2Vehicles-Behind,9,Thursday,20,False,False
201800018251,NonLethal,Daylight,Yes,NoIntersection,Normal,Other,10,Friday,17,False,False
201800048499,Lethal,Daylight,Yes,X-type,LightRain,2Vehicles-Side,6,Saturday,10,True,False
201800026484,NonLethal,NightStreelightsOn,No,NoIntersection,LightRain,Other,11,Wednesday,1,False,True
201800046454,NonLethal,Daylight,No,NoIntersection,Normal,2Vehicles-Side,3,Friday,8,False,False
201800020181,NonLethal,NightNoStreetLight,Yes,NoIntersection,LightRain,Other,7,Saturday,1,True,True
201800055297,NonLethal,Daylight,Yes,NoIntersection,Normal,2Vehicles-Behind,3,Wednesday,9,False,False
201800050311,NonLethal,Daylight,Yes,MoreThan4Branches,Normal,3+Vehicles-Multiple,8,Thursday,10,False,False
201800033343,NonLethal,NightStreelightsOn,Yes,T-type,Overcast,Other,8,Sunday,23,True,False
201800045537,NonLethal,Daylight,No,NoIntersection,Normal,Other,4,Thursday,10,False,False
201800052240,NonLethal,Daylight,Yes,NoIntersection,Normal,2Vehicles-Side,11,Thursday,11,False,False
201800012756,NonLethal,Daylight,Yes,NoIntersection,Normal,2Vehicles-Side,5,Monday,15,False,False
201800026092,NonLethal,Daylight,Yes,NoIntersection,Overcast,2Vehicles-Behind,2,Friday,12,False,False
201800012834,NonLethal,Daylight,No,NoIntersection,LightRain,NoCollision,5,Monday,16,False,False
201800017301,Lethal,Daylight,Yes,T-type,Normal,2Vehicles-Side,5,Friday,17,False,False
201800035259,NonLethal,NightStreelightsOn,No,NoIntersection,HeavyRain,NoCollision,7,Friday,23,False,False
201800005543,NonLethal,TwilightOrDawn,Yes,T-type,Normal,2Vehicles-Side,12,Friday,7,False,False
201800015197,NonLethal,TwilightOrDawn,No,NoIntersection,LightRain,Other,11,Sunday,6,True,True
201800004825,NonLethal,NightNoStreetLight,No,NoIntersection,LightRain,2Vehicles-BehindVehicles-Frontal,10,Wednesday,17,False,False
201800007085,NonLethal,Daylight,Yes,NoIntersection,Normal,NoCollision,7,Thursday,8,False,False
201800008385,NonLethal,NightStreelightsOn,Yes,NoIntersection,Normal,2Vehicles-Side,1,Tuesday,19,False,False
201800014216,NonLethal,Daylight,Yes,Y-type,Normal,2Vehicles-Side,9,Tuesday,8,False,False
201800007526,NonLethal,Daylight,No,NoIntersection,Normal,3+Vehicles-Multiple,10,Tuesday,18,False,False
201800015315,NonLethal,TwilightOrDawn,Yes,NoIntersection,LightRain,Other,4,Thursday,8,False,False
201800056799,NonLethal,Daylight,No,T-type,Normal,2Vehicles-Side,7,Tuesday,11,False,False
201800017437,NonLethal,Daylight,No,NoIntersection,Normal,NoCollision,4,Monday,15,False,False
201800019920,NonLethal,Daylight,Yes,Roundabout,Normal,Other,10,Friday,15,False,False
201800040062,NonLethal,Daylight,Yes,NoIntersection,Normal,2Vehicles-BehindVehicles-Frontal,10,Tuesday,10,False,False
201800028053,NonLethal,Daylight,Yes,X-type,Normal,2Vehicles-BehindVehicles-Frontal,7,Monday,17,False,False
201800041946,NonLethal,Daylight,Yes,NoIntersection,Normal,3+Vehicles-Chain,1,Monday,11,False,False
201800026506,NonLethal,TwilightOrDawn,Yes,NoIntersection,LightRain,Other,12,Friday,17,False,False
201800027953,NonLethal,Daylight,Yes,NoIntersection,Normal,Other,2,Friday,12,False,False
201800013673,NonLethal,Daylight,Yes,NoIntersection,Normal,Other,6,Wednesday,10,False,False
201800056310,NonLethal,NightStreelightsOn,Yes,T-type,Normal,2Vehicles-Side,7,Sunday,22,True,False
201800017429,NonLethal,NightStreelightsOn,Yes,NoIntersection,Normal,Other,10,Wednesday,17,False,False
201800046405,NonLethal,NightStreelightsOn,No,NoIntersection,LightRain,2Vehicles-Side,2,Saturday,18,True,False
201800031635,NonLethal,NightStreelightsOn,Yes,X-type,LightRain,Other,1,Thursday,17,False,False
201800015612,NonLethal,NightNoStreetLight,No,NoIntersection,Normal,Other,7,Friday,5,False,True
201800037944,NonLethal,Daylight,Yes,NoIntersection,Normal,3+Vehicles-Chain,8,Monday,12,False,False
201800047140,NonLethal,Daylight,No,NoIntersection,LightRain,2Vehicles-Behind,12,Friday,14,False,False
201800049534,NonLethal,TwilightOrDawn,No,NoIntersection,Normal,3+Vehicles-Chain,2,Wednesday,18,False,False
201800000558,NonLethal,NightStreelightsOn,Yes,T-type,Normal,2Vehicles-Side,11,Sunday,18,True,False
201800038207,NonLethal,Daylight,Yes,Y-type,LightRain,2Vehicles-Side,5,Monday,19,False,False
201800049329,NonLethal,NightStreelightsOn,No,NoIntersection,Normal,2Vehicles-Behind,2,Friday,2,False,True
201800028894,NonLethal,Daylight,Yes,NoIntersection,Normal,2Vehicles-BehindVehicles-Frontal,7,Friday,20,False,False
201800055226,NonLethal,Daylight,Yes,NoIntersection,Normal,3+Vehicles-Chain,11,Thursday,8,False,False
201800021201,NonLethal,NightNoStreetLight,No,NoIntersection,HeavyRain,2Vehicles-Side,6,Saturday,5,True,True
201800032468,NonLethal,Daylight,Yes,X-type,Normal,Other,5,Sunday,8,True,False
201800051564,NonLethal,TwilightOrDawn,Yes,T-type,Overcast,2Vehicles-Behind,9,Thursday,19,False,False
201800021608,Lethal,Daylight,No,NoIntersection,HeavyRain,Other,3,Tuesday,10,False,False
201800032992,NonLethal,Daylight,Yes,NoIntersection,Normal,Other,6,Tuesday,16,False,False
201800009335,NonLethal,Daylight,Yes,NoIntersection,Normal,2Vehicles-Side,10,Sunday,10,True,False
201800032634,NonLethal,Daylight,Yes,NoIntersection,Normal,2Vehicles-Side,5,Friday,14,False,False
201800055157,NonLethal,Daylight,Yes,NoIntersection,Normal,2Vehicles-Behind,10,Tuesday,14,False,False
201800036674,NonLethal,Daylight,Yes,NoIntersection,Normal,2Vehicles-Side,8,Tuesday,18,False,False
201800038620,NonLethal,Daylight,Yes,Y-type,Normal,3+Vehicles-Multiple,9,Thursday,12,False,False
201800055856,NonLethal,Daylight,No,NoIntersection,Normal,Other,2,Tuesday,16,False,False
201800015682,Lethal,NightNoStreetLight,No,NoIntersection,Normal,Other,9,Saturday,6,True,True
201800044244,NonLethal,Daylight,No,NoIntersection,Normal,2Vehicles-Behind,9,Thursday,7,False,False
201800049574,NonLethal,Daylight,No,NoIntersection,Normal,3+Vehicles-Multiple,6,Saturday,13,True,False
201800000434,NonLethal,Daylight,No,NoIntersection,Normal,NoCollision,9,Monday,16,False,False
201800057729,NonLethal,TwilightOrDawn,Yes,Other,Normal,2Vehicles-BehindVehicles-Frontal,6,Sunday,6,True,True
201800000350,NonLethal,NightStreelightsOn,Yes,NoIntersection,Normal,Other,4,Saturday,1,True,True
201800005835,NonLethal,Daylight,Yes,NoIntersection,Normal,2Vehicles-Side,11,Friday,13,False,False
201800041727,NonLethal,NightStreelightsOn,Yes,X-type,Normal,2Vehicles-Side,3,Saturday,1,True,True
201800032652,NonLethal,Daylight,Yes,X-type,Normal,2Vehicles-Side,11,Thursday,15,False,False
201800035182,NonLethal,NightStreelightsOn,Yes,NoIntersection,Normal,2Vehicles-Side,6,Tuesday,20,False,False
201800034529,NonLethal,NightNoStreetLight,No,Roundabout,Normal,NoCollision,10,Sunday,1,True,True
201800020477,NonLethal,NightNoStreetLight,No,NoIntersection,Normal,2Vehicles-BehindVehicles-Frontal,1,Friday,18,False,False
201800011439,NonLethal,NightStreelightsOn,No,NoIntersection,Normal,Other,3,Sunday,23,True,False
201800055120,NonLethal,NightStreelightsOn,Yes,NoIntersection,Normal,Other,9,Thursday,3,False,True
201800002315,NonLethal,Daylight,Yes,Roundabout,VeryGood,Other,6,Tuesday,19,False,False
201800000267,NonLethal,TwilightOrDawn,No,X-type,Normal,2Vehicles-Side,11,Thursday,18,False,False
201800011976,NonLethal,NightNoStreetLight,No,NoIntersection,Normal,Other,4,Sunday,4,True,True
201800039297,NonLethal,Daylight,Yes,NoIntersection,Normal,Other,4,Monday,16,False,False
201800034838,NonLethal,Daylight,No,NoIntersection,Normal,NoCollision,7,Tuesday,15,False,False
201800048933,NonLethal,Daylight,No,NoIntersection,Normal,2Vehicles-Behind,6,Thursday,8,False,False
201800055849,NonLethal,NightNoStreetLight,No,NoIntersection,HeavyRain,3+Vehicles-Multiple,7,Sunday,20,True,False
201800043669,NonLethal,NightStreelightsOn,Yes,NoIntersection,Normal,Other,5,Saturday,4,True,True
201800018461,NonLethal,Daylight,No,NoIntersection,LightRain,2Vehicles-BehindVehicles-Frontal,12,Sunday,12,True,False
201800043325,NonLethal,Daylight,Yes,NoIntersection,Normal,3+Vehicles-Multiple,5,Friday,11,False,False
201800010177,NonLethal,Daylight,Yes,NoIntersection,Normal,Other,12,Wednesday,8,False,False
201800029765,NonLethal,Daylight,Yes,Y-type,Normal,3+Vehicles-Multiple,4,Saturday,17,True,False
201800002935,NonLethal,Daylight,Yes,T-type,Normal,Other,11,Friday,8,False,False
201800027367,NonLethal,Daylight,Yes,NoIntersection,Normal,2Vehicles-Side,7,Monday,17,False,False
201800016886,NonLethal,Daylight,No,NoIntersection,Normal,Other,8,Wednesday,9,False,False
201800040815,NonLethal,NightStreelightsOn,Yes,NoIntersection,Normal,Other,1,Tuesday,4,False,True
201800004275,NonLethal,Daylight,Yes,NoIntersection,Normal,Other,5,Tuesday,9,False,False
201800032617,NonLethal,NightStreelightsOn,Yes,X-type,Normal,2Vehicles-BehindVehicles-Frontal,10,Thursday,22,False,False
201800010355,NonLethal,Daylight,No,NoIntersection,Normal,2Vehicles-Behind,8,Wednesday,13,False,False
201800054948,NonLethal,NightStreelightsOn,Yes,NoIntersection,Normal,Other,10,Wednesday,19,False,False
201800055025,NonLethal,Daylight,Yes,NoIntersection,LightRain,Other,5,Tuesday,17,False,False
201800036646,NonLethal,Daylight,Yes,T-type,Normal,Other,2,Saturday,16,True,False
201800029148,NonLethal,NightStreelightsOn,Yes,T-type,LightRain,2Vehicles-Side,12,Wednesday,17,False,False
201800030510,NonLethal,Daylight,Yes,T-type,Normal,Other,11,Thursday,8,False,False
201800028477,NonLethal,TwilightOrDawn,Yes,NoIntersection,Normal,2Vehicles-Behind,7,Friday,21,False,False
201800041807,NonLethal,Daylight,Yes,NoIntersection,Normal,Other,2,Sunday,16,True,False
201800047493,NonLethal,NightStreelightsOn,Yes,Square,Normal,2Vehicles-Side,11,Monday,2,False,True
201800018549,NonLethal,Daylight,No,NoIntersection,Normal,Other,6,Saturday,15,True,False
201800012520,NonLethal,NightStreelightsOn,Yes,NoIntersection,Normal,NoCollision,12,Saturday,4,True,True
201800007393,NonLethal,Daylight,Yes,NoIntersection,Normal,2Vehicles-Side,1,Tuesday,17,False,False
201800034185,NonLethal,Daylight,No,NoIntersection,Normal,3+Vehicles-Chain,4,Monday,16,False,False
201800052744,NonLethal,Daylight,Yes,Square,LightRain,2Vehicles-Side,12,Thursday,8,False,False
201800011038,NonLethal,Daylight,Yes,NoIntersection,Normal,NoCollision,6,Saturday,17,True,False
201800004550,NonLethal,Daylight,No,NoIntersection,HeavyRain,Other,3,Wednesday,8,False,False
201800053188,NonLethal,Daylight,Yes,X-type,Overcast,Other,11,Friday,15,False,False
201800048262,NonLethal,Daylight,Yes,T-type,Normal,2Vehicles-Side,5,Tuesday,7,False,False
201800019257,NonLethal,Daylight,No,NoIntersection,Normal,2Vehicles-Behind,6,Sunday,10,True,False
201800047915,NonLethal,Daylight,No,NoIntersection,Normal,2Vehicles-BehindVehicles-Frontal,4,Thursday,11,False,False
201800025852,Lethal,TwilightOrDawn,Yes,T-type,Normal,2Vehicles-Side,4,Thursday,21,False,False
201800033106,NonLethal,Daylight,No,NoIntersection,LightRain,2Vehicles-Behind,3,Friday,17,False,False
201800007796,NonLethal,Daylight,Yes,NoIntersection,Normal,Other,4,Tuesday,15,False,False
201800036198,NonLethal,NightStreelightsOn,Yes,NoIntersection,Normal,NoCollision,6,Sunday,23,True,False
201800004296,NonLethal,Daylight,No,NoIntersection,Normal,Other,4,Sunday,18,True,False
201800031518,NonLethal,NightNoStreetLight,Yes,NoIntersection,HeavyRain,Other,1,Saturday,20,True,False
201800018419,NonLethal,Daylight,No,NoIntersection,Normal,Other,4,Thursday,11,False,False
201800019007,NonLethal,Daylight,No,X-type,Normal,2Vehicles-BehindVehicles-Frontal,5,Sunday,10,True,False
201800001111,NonLethal,Daylight,Yes,T-type,Normal,2Vehicles-Side,5,Wednesday,17,False,False
201800017417,NonLethal,NightStreelightsOn,Yes,NoIntersection,Normal,Other,2,Friday,21,False,False
201800030305,NonLethal,Daylight,Yes,NoIntersection,Normal,2Vehicles-Behind,6,Saturday,12,True,False
201800016666,NonLethal,NightNoStreetLight,Yes,NoIntersection,Normal,NoCollision,8,Friday,1,False,True
201800011380,NonLethal,Daylight,No,NoIntersection,Normal,Other,6,Friday,15,False,False
201800033405,NonLethal,Daylight,Yes,NoIntersection,Normal,Other,12,Friday,8,False,False
201800004207,Lethal,NightNoStreetLight,Yes,NoIntersection,Normal,NoCollision,12,Thursday,1,False,True
201800039988,NonLethal,Daylight,Yes,NoIntersection,Normal,2Vehicles-Behind,3,Thursday,16,False,False
201800041902,NonLethal,Daylight,Yes,NoIntersection,Normal,Other,10,Tuesday,18,False,False
201800005343,NonLethal,Daylight,Yes,NoIntersection,Normal,NoCollision,2,Monday,9,False,False
201800006520,NonLethal,Daylight,No,NoIntersection,Normal,Other,9,Thursday,18,False,False
201800011654,NonLethal,TwilightOrDawn,No,NoIntersection,LightRain,Other,3,Thursday,7,False,False
201800017971,NonLethal,Daylight,No,NoIntersection,Normal,NoCollision,8,Sunday,16,True,False
201800039128,NonLethal,TwilightOrDawn,Yes,X-type,Normal,2Vehicles-Side,3,Wednesday,7,False,False
201800012742,NonLethal,Daylight,Yes,T-type,Normal,2Vehicles-Side,12,Friday,12,False,False
201800026554,NonLethal,Daylight,Yes,X-type,Normal,2Vehicles-Side,6,Friday,19,False,False
201800052387,NonLethal,Daylight,Yes,T-type,Normal,2Vehicles-Side,4,Wednesday,11,False,False
201800003739,NonLethal,Daylight,No,X-type,HeavyRain,2Vehicles-Side,8,Thursday,18,False,False
201800051728,NonLethal,Daylight,Yes,Y-type,Normal,2Vehicles-Side,5,Sunday,19,True,False
201800056120,NonLethal,Daylight,No,NoIntersection,Normal,2Vehicles-Behind,3,Wednesday,9,False,False
201800000960,NonLethal,Daylight,Yes,Roundabout,Normal,2Vehicles-Side,1,Friday,14,False,False
201800052775,NonLethal,Daylight,Yes,NoIntersection,Normal,2Vehicles-BehindVehicles-Frontal,7,Monday,9,False,False
201800011451,NonLethal,Daylight,No,NoIntersection,Normal,Other,8,Monday,18,False,False
201800004869,NonLethal,Daylight,No,Other,Normal,3+Vehicles-Chain,2,Monday,14,False,False
201800000954,NonLethal,Daylight,No,T-type,Normal,2Vehicles-Side,11,Friday,9,False,False
201800039024,NonLethal,NightStreelightsOn,Yes,Roundabout,Normal,NoCollision,7,Saturday,1,True,True
201800047593,NonLethal,Daylight,Yes,NoIntersection,Normal,2Vehicles-Side,7,Tuesday,17,False,False
201800027950,NonLethal,NightStreelightsOn,Yes,NoIntersection,Normal,2Vehicles-Behind,2,Monday,19,False,False
201800001529,Lethal,NightNoStreetLight,No,NoIntersection,Normal,Other,12,Friday,18,False,False
201800026352,NonLethal,TwilightOrDawn,Yes,NoIntersection,Normal,2Vehicles-Side,3,Saturday,21,True,False
201800021010,NonLethal,Daylight,Yes,Other,Normal,Other,6,Friday,11,False,False
201800030995,NonLethal,Daylight,Yes,NoIntersection,Normal,2Vehicles-Side,2,Monday,8,False,False
201800052018,NonLethal,Daylight,Yes,T-type,LightRain,Other,4,Monday,18,False,False
201800032732,NonLethal,TwilightOrDawn,No,NoIntersection,Normal,2Vehicles-Behind,12,Monday,8,False,False
201800014383,NonLethal,Daylight,Yes,NoIntersection,Normal,2Vehicles-Behind,7,Monday,15,False,False
201800010178,NonLethal,Daylight,Yes,NoIntersection,Normal,2Vehicles-Behind,11,Monday,11,False,False
201800054589,NonLethal,NightStreelightsOn,Yes,X-type,Normal,Other,4,Wednesday,18,False,False
201800057518,NonLethal,Daylight,No,NoIntersection,Normal,2Vehicles-Side,9,Saturday,8,True,False
201800054303,NonLethal,NightStreelightsOn,Yes,T-type,Normal,2Vehicles-Side,3,Thursday,20,False,False
201800012399,Lethal,Daylight,No,NoIntersection,Normal,Other,9,Friday,17,False,False
201800050710,NonLethal,Daylight,Yes,X-type,Normal,Other,11,Wednesday,15,False,False
201800049301,NonLethal,TwilightOrDawn,No,NoIntersection,LightRain,2Vehicles-Behind,1,Wednesday,7,False,False
201800022821,NonLethal,Daylight,Yes,X-type,Normal,2Vehicles-Side,6,Saturday,12,True,False
201800005258,NonLethal,Daylight,Yes,NoIntersection,Normal,Other,6,Wednesday,9,False,False
201800045013,NonLethal,Daylight,No,NoIntersection,Normal,2Vehicles-Side,6,Tuesday,9,False,False
201800019128,NonLethal,Daylight,No,NoIntersection,VeryGood,3+Vehicles-Chain,10,Saturday,10,True,False
201800033729,NonLethal,NightNoStreetLight,No,T-type,Normal,2Vehicles-Side,2,Friday,18,False,False
201800004772,Lethal,NightNoStreetLight,No,NoIntersection,Normal,Other,8,Saturday,18,True,False
201800036958,NonLethal,Daylight,Yes,T-type,Normal,Other,8,Wednesday,8,False,False
201800026196,NonLethal,Daylight,No,NoIntersection,Normal,2Vehicles-Side,7,Tuesday,17,False,False
201800041735,NonLethal,Daylight,Yes,Y-type,LightRain,Other,4,Wednesday,7,False,False
201800023640,NonLethal,Daylight,Yes,NoIntersection,Normal,2Vehicles-Side,7,Wednesday,8,False,False
201800010955,Lethal,Daylight,No,NoIntersection,Normal,Other,2,Friday,16,False,False
201800017477,NonLethal,Daylight,No,X-type,Normal,2Vehicles-Side,6,Saturday,17,True,False
201800044492,NonLethal,NightStreelightsOff,No,NoIntersection,LightRain,2Vehicles-Side,1,Wednesday,0,False,True
201800034246,NonLethal,Daylight,No,NoIntersection,Normal,2Vehicles-Behind,9,Thursday,18,False,False
201800026540,NonLethal,Daylight,Yes,X-type,Normal,2Vehicles-Side,5,Monday,21,False,False
201800013826,NonLethal,NightNoStreetLight,No,NoIntersection,Normal,2Vehicles-Side,12,Wednesday,18,False,False
201800050176,NonLethal,TwilightOrDawn,No,NoIntersection,Normal,Other,12,Saturday,16,True,False
201800037562,NonLethal,NightStreelightsOn,Yes,NoIntersection,Normal,Other,1,Friday,18,False,False
201800041251,NonLethal,Daylight,No,NoIntersection,Normal,2Vehicles-Side,1,Sunday,12,True,False
201800024321,NonLethal,Daylight,Yes,NoIntersection,Normal,2Vehicles-BehindVehicles-Frontal,5,Saturday,17,True,False
201800001255,NonLethal,Daylight,Yes,T-type,Normal,2Vehicles-Side,4,Thursday,19,False,False
201800022626,NonLethal,NightStreelightsOn,Yes,NoIntersection,LightRain,Other,11,Wednesday,17,False,False
201800027892,Lethal,Daylight,No,NoIntersection,Overcast,3+Vehicles-Multiple,5,Monday,14,False,False
201800047788,NonLethal,Daylight,Yes,NoIntersection,LightRain,2Vehicles-Side,11,Thursday,7,False,False
201800037350,NonLethal,Daylight,Yes,NoIntersection,Normal,Other,9,Monday,16,False,False
201800007969,NonLethal,TwilightOrDawn,No,NoIntersection,Normal,2Vehicles-Behind,2,Saturday,6,True,True
201800047840,NonLethal,NightStreelightsOn,Yes,NoIntersection,LightRain,2Vehicles-BehindVehicles-Frontal,12,Thursday,19,False,False
201800050417,NonLethal,TwilightOrDawn,Yes,X-type,Normal,Other,1,Friday,7,False,False
201800044732,NonLethal,Daylight,No,NoIntersection,Normal,2Vehicles-Behind,3,Saturday,11,True,False
201800010678,NonLethal,NightNoStreetLight,No,NoIntersection,Normal,NoCollision,12,Tuesday,20,False,False
201800044972,NonLethal,Daylight,No,NoIntersection,LightRain,2Vehicles-Behind,6,Tuesday,11,False,False
201800033574,NonLethal,NightStreelightsOn,Yes,T-type,LightRain,2Vehicles-Side,11,Thursday,7,False,False
201800039511,NonLethal,Daylight,Yes,NoIntersection,Normal,Other,7,Monday,16,False,False
201800007067,NonLethal,Daylight,Yes,T-type,Normal,2Vehicles-Side,12,Monday,13,False,False
201800041174,NonLethal,Daylight,Yes,Other,Normal,2Vehicles-Behind,10,Tuesday,12,False,False
201800008300,NonLethal,NightStreelightsOn,Yes,NoIntersection,Normal,2Vehicles-Side,5,Tuesday,18,False,False
201800002622,NonLethal,Daylight,No,NoIntersection,Normal,2Vehicles-Behind,4,Saturday,16,True,False
201800034056,NonLethal,Daylight,Yes,X-type,Normal,2Vehicles-Side,5,Wednesday,20,False,False
201800003663,NonLethal,Daylight,Yes,NoIntersection,Normal,Other,9,Friday,8,False,False
201800028392,NonLethal,Daylight,Yes,T-type,Normal,2Vehicles-Side,4,Wednesday,6,False,True
201800051501,NonLethal,Daylight,Yes,NoIntersection,LightRain,2Vehicles-Side,5,Tuesday,11,False,False
201800044037,NonLethal,NightStreelightsOn,No,NoIntersection,Normal,3+Vehicles-Multiple,6,Thursday,19,False,False
201800035035,NonLethal,Daylight,Yes,NoIntersection,Normal,2Vehicles-Behind,4,Tuesday,8,False,False
201800034485,NonLethal,Daylight,Yes,Other,VeryGood,Other,7,Tuesday,8,False,False
201800006960,NonLethal,NightStreelightsOn,Yes,NoIntersection,Normal,2Vehicles-Side,1,Thursday,18,False,False
201800010061,NonLethal,Daylight,Yes,NoIntersection,Normal,2Vehicles-Side,11,Wednesday,10,False,False
201800009436,NonLethal,Daylight,Yes,T-type,Normal,3+Vehicles-Multiple,7,Thursday,10,False,False
201800018988,NonLethal,Daylight,Yes,NoIntersection,Normal,Other,12,Friday,11,False,False
201800031917,NonLethal,Daylight,Yes,NoIntersection,Normal,2Vehicles-Side,11,Friday,7,False,False
201800015527,NonLethal,Daylight,Yes,Roundabout,Normal,2Vehicles-Side,9,Friday,19,False,False
201800008534,NonLethal,Daylight,Yes,LevelCrossing,Normal,2Vehicles-BehindVehicles-Frontal,2,Thursday,13,False,False
201800034787,NonLethal,NightStreelightsOn,Yes,NoIntersection,Normal,Other,4,Wednesday,0,False,True
201800020530,NonLethal,Daylight,Yes,Roundabout,Normal,2Vehicles-Side,3,Thursday,18,False,False
201800055006,NonLethal,NightStreelightsOn,Yes,T-type,Normal,2Vehicles-Behind,5,Saturday,23,True,False
201800027448,NonLethal,Daylight,Yes,NoIntersection,Normal,Other,9,Thursday,18,False,False
201800032047,NonLethal,Daylight,Yes,NoIntersection,Normal,Other,12,Friday,15,False,False
201800036833,NonLethal,Daylight,Yes,NoIntersection,Normal,2Vehicles-Side,6,Wednesday,8,False,False
201800055240,NonLethal,Daylight,Yes,NoIntersection,Normal,Other,1,Monday,17,False,False
201800038527,NonLethal,Daylight,Yes,Other,Normal,Other,9,Saturday,11,True,False
201800054292,NonLethal,Daylight,Yes,NoIntersection,Normal,Other,12,Monday,12,False,False
201800033794,NonLethal,Daylight,Yes,NoIntersection,Normal,2Vehicles-Side,6,Tuesday,17,False,False
201800022634,NonLethal,Daylight,No,NoIntersection,Normal,2Vehicles-Side,11,Wednesday,12,False,False
201800000873,NonLethal,NightStreelightsOn,Yes,NoIntersection,Normal,NoCollision,1,Saturday,22,True,False
201800049122,NonLethal,Daylight,No,NoIntersection,Normal,2Vehicles-Side,6,Sunday,14,True,False
201800000809,Lethal,Daylight,No,NoIntersection,Overcast,Other,10,Friday,12,False,False
201800057061,Lethal,NightStreelightsOn,Yes,Other,Normal,2Vehicles-Side,10,Saturday,20,True,False
201800004444,NonLethal,NightNoStreetLight,No,NoIntersection,Normal,2Vehicles-BehindVehicles-Frontal,8,Friday,20,False,False
201800023481,NonLethal,Daylight,No,NoIntersection,Normal,2Vehicles-Side,4,Friday,7,False,False
201800009934,NonLethal,Daylight,Yes,NoIntersection,Normal,2Vehicles-Behind,10,Thursday,16,False,False
201800033176,NonLethal,NightStreelightsOn,Yes,NoIntersection,Normal,2Vehicles-Side,10,Monday,19,False,False
201800039327,NonLethal,NightStreelightsOn,Yes,NoIntersection,Normal,2Vehicles-Side,11,Tuesday,21,False,False
201800010341,NonLethal,Daylight,No,NoIntersection,Normal,Other,12,Monday,16,False,False
201800005901,NonLethal,Daylight,Yes,T-type,Normal,2Vehicles-Behind,6,Tuesday,18,False,False
201800055321,NonLethal,NightStreelightsOn,Yes,NoIntersection,Normal,2Vehicles-Behind,4,Saturday,0,True,True
201800056130,Lethal,NightNoStreetLight,No,NoIntersection,Other,Other,12,Sunday,3,True,True
201800033077,NonLethal,Daylight,No,NoIntersection,Normal,2Vehicles-Behind,8,Monday,18,False,False
201800036912,NonLethal,Daylight,Yes,NoIntersection,Normal,2Vehicles-Side,7,Sunday,19,True,False
201800019458,NonLethal,Daylight,No,NoIntersection,Normal,2Vehicles-BehindVehicles-Frontal,5,Monday,17,False,False
201800031927,NonLethal,Daylight,Yes,T-type,Normal,2Vehicles-Side,9,Tuesday,8,False,False
201800043453,NonLethal,Daylight,Yes,NoIntersection,Normal,2Vehicles-Side,11,Wednesday,7,False,False
201800002422,NonLethal,Daylight,Yes,T-type,Normal,3+Vehicles-Multiple,12,Monday,16,False,False
201800002623,NonLethal,Daylight,No,NoIntersection,Normal,NoCollision,6,Saturday,14,True,False
201800004055,NonLethal,NightNoStreetLight,No,NoIntersection,LightRain,Other,8,Saturday,23,True,False
201800015525,NonLethal,Daylight,Yes,Other,Normal,2Vehicles-Side,8,Tuesday,20,False,False
201800022575,NonLethal,NightStreelightsOn,Yes,NoIntersection,Normal,Other,6,Saturday,3,True,True
201800024027,NonLethal,NightStreelightsOn,Yes,NoIntersection,Normal,2Vehicles-Side,10,Saturday,23,True,False
201800013198,NonLethal,Daylight,No,NoIntersection,Normal,2Vehicles-BehindVehicles-Frontal,1,Monday,15,False,False
201800034957,NonLethal,Daylight,Yes,NoIntersection,SnowOrHail,2Vehicles-BehindVehicles-Frontal,1,Tuesday,11,False,False
201800015330,Lethal,Daylight,Yes,NoIntersection,Normal,NoCollision,9,Monday,9,False,False