AccidentId,Gravity,Light,InAgglomeration,IntersectionType,Weather,CollisionType,Month,DayOfWeek,HourOfDay,IsWeekend,IsNight
201800002752,Lethal,NightStreelightsOn,No,NoIntersection,Normal,2Vehicles-BehindVehicles-Frontal,2,Tuesday,18,False,False
201800035529,NonLethal,Daylight,Yes,NoIntersection,Normal,3+Vehicles-Multiple,4,Sunday,10,True,False
201800052729,NonLethal,Daylight,Yes,X-type,Normal,2Vehicles-Side,5,Sunday,18,True,False
201800033102,NonLethal,Daylight,Yes,NoIntersection,Normal,Other,3,Thursday,9,False,False
201800018411,Lethal,NightNoStreetLight,No,NoIntersection,Normal,2Vehicles-BehindVehicles-Frontal,9,Friday,23,False,False
201800043586,NonLethal,NightStreelightsOn,Yes,NoIntersection,Normal,3+Vehicles-Multiple,9,Tuesday,5,False,True
201800053437,NonLethal,Daylight,Yes,Y-type,Normal,2Vehicles-Side,6,Thursday,10,False,False
201800012706,NonLethal,Daylight,Yes,NoIntersection,Normal,NoCollision,4,Friday,8,False,False
201800000330,NonLethal,NightNoStreetLight,No,Roundabout,HeavyRain,Other,1,Friday,22,False,False
201800038971,NonLethal,TwilightOrDawn,Yes,NoIntersection,Normal,2Vehicles-Side,11,Monday,8,False,False
201800023619,NonLethal,TwilightOrDawn,Yes,NoIntersection,Normal,NoCollision,2,Friday,18,False,False
201800011092,NonLethal,NightStreelightsOn,Yes,NoIntersection,LightRain,Other,11,Wednesday,20,False,False
201800021239,NonLethal,Daylight,Yes,T-type,Normal,2Vehicles-Side,7,Wednesday,15,False,False
201800001817,NonLethal,TwilightOrDawn,No,Y-type,Normal,2Vehicles-BehindVehicles-Frontal,10,Monday,7,False,False
201800004609,NonLethal,NightNoStreetLight,No,NoIntersection,Normal,NoCollision,10,Thursday,20,False,False
201800013211,NonLethal,TwilightOrDawn,No,NoIntersection,Normal,2Vehicles-Side,9,Friday,6,False,True
201800051471,NonLethal,Daylight,Yes,NoIntersection,Normal,2Vehicles-Behind,4,Friday,15,False,False
201800002205,NonLethal,Daylight,No,T-type,Normal,2Vehicles-BehindVehicles-Frontal,5,Tuesday,7,False,False
201800000339,NonLethal,NightNoStreetLight,No,X-type,Normal,2Vehicles-Side,7,Saturday,23,True,False
201800043112,NonLethal,Daylight,Yes,NoIntersection,LightRain,Other,9,Monday,7,False,False
201800041665,NonLethal,Daylight,Yes,NoIntersection,Normal,2Vehicles-Side,11,Monday,15,False,False
201800024217,NonLethal,Daylight,Yes,NoIntersection,Normal,Other,9,Tuesday,15,False,False
201800014074,NonLethal,Daylight,No,T-type,Normal,3+Vehicles-Multiple,8,Thursday,10,False,False
201800034332,Lethal,NightNoStreetLight,No,Other,Normal,Other,1,Tuesday,23,False,False
201800013534,NonLethal,Daylight,No,X-type,Normal,2Vehicles-Side,8,Monday,16,False,False
201800017377,Lethal,Daylight,No,NoIntersection,Normal,2Vehicles-BehindVehicles-Frontal,12,Sunday,17,True,False
201800030764,NonLethal,Daylight,Yes,NoIntersection,Normal,Other,3,Sunday,14,True,False
201800043417,NonLethal,Daylight,Yes,Roundabout,Normal,Other,3,Wednesday,7,False,False
201800039479,NonLethal,Daylight,Yes,T-type,Normal,2Vehicles-Side,4,Saturday,15,True,False
201800012820,NonLethal,Daylight,No,NoIntersection,Normal,2Vehicles-BehindVehicles-Frontal,4,Monday,16,False,False
201800046522,NonLethal,Daylight,No,NoIntersection,Normal,3+Vehicles-Chain,4,Friday,16,False,False
201800045229,NonLethal,NightNoStreetLight,No,NoIntersection,Normal,2Vehicles-Behind,9,Saturday,4,True,True
201800046196,NonLethal,NightNoStreetLight,No,NoIntersection,Normal,Other,1,Thursday,5,False,True
201800040512,NonLethal,Daylight,Yes,NoIntersection,Normal,2Vehicles-Behind,2,Sunday,9,True,False
201800049524,NonLethal,Daylight,No,NoIntersection,HeavyRain,2Vehicles-Behind,8,Wednesday,12,False,False
201800052521,NonLethal,Daylight,Yes,Square,Normal,2Vehicles-Side,11,Friday,15,False,False
201800042171,NonLethal,Daylight,Yes,X-type,Normal,2Vehicles-Side,5,Saturday,10,True,False
201800003588,NonLethal,Daylight,No,NoIntersection,Normal,NoCollision,5,Thursday,17,False,False
201800046879,NonLethal,Daylight,No,NoIntersection,Normal,3+Vehicles-Multiple,9,Wednesday,16,False,False
201800052429,NonLethal,Daylight,Yes,NoIntersection,Normal,Other,5,Tuesday,11,False,False
201800001685,NonLethal,Daylight,Yes,NoIntersection,Normal,Other,11,Friday,11,False,False
201800029965,NonLethal,Daylight,Yes,NoIntersection,Normal,3+Vehicles-Chain,7,Friday,11,False,False
201800015413,NonLethal,Daylight,No,NoIntersection,Normal,3+Vehicles-Multiple,7,Friday,12,False,False
201800013212,NonLethal,Daylight,No,T-type,Normal,3+Vehicles-Multiple,10,Thursday,15,False,False
201800046734,NonLethal,Daylight,No,NoIntersection,Normal,2Vehicles-Side,7,Wednesday,18,False,False
201800046904,NonLethal,Daylight,No,NoIntersection,Normal,2Vehicles-Side,9,Wednesday,12,False,False
201800035439,NonLethal,Daylight,Yes,NoIntersection,Normal,2Vehicles-BehindVehicles-Frontal,5,Sunday,15,True,False
201800006029,NonLethal,Daylight,No,NoIntersection,Normal,Other,10,Wednesday,16,False,False
201800057164,NonLethal,NightStreelightsOn,Yes,NoIntersection,Normal,2Vehicles-Side,2,Saturday,20,True,False
201800033598,NonLethal,TwilightOrDawn,Yes,X-type,LightRain,2Vehicles-Side,12,Monday,7,False,False
201800013675,NonLethal,Daylight,Yes,NoIntersection,Normal,2Vehicles-BehindVehicles-Frontal,6,Friday,14,False,False
201800049382,NonLethal,Daylight,No,NoIntersection,Normal,2Vehicles-Behind,5,Sunday,16,True,False
201800041455,NonLethal,NightStreelightsOn,Yes,Roundabout,Normal,2Vehicles-Behind,6,Saturday,1,True,True
201800024723,NonLethal,Daylight,Yes,NoIntersection,Normal,Other,4,Tuesday,12,False,False
201800041239,NonLethal,Daylight,No,NoIntersection,Normal,3+Vehicles-Chain,5,Monday,7,False,False
201800044214,NonLethal,NightNoStreetLight,No,NoIntersection,Normal,2Vehicles-Behind,9,Tuesday,6,False,True
201800017210,Lethal,NightNoStreetLight,No,NoIntersection,Normal,2Vehicles-BehindVehicles-Frontal,5,Tuesday,0,False,True
201800014032,NonLethal,NightStreelightsOn,Yes,X-type,Normal,Other,5,Tuesday,4,False,True
201800007764,NonLethal,Daylight,Yes,NoIntersection,Normal,Other,6,Tuesday,17,False,False
201800023968,NonLethal,Daylight,Yes,NoIntersection,Normal,2Vehicles-BehindVehicles-Frontal,11,Thursday,7,False,False
201800016598,NonLethal,Daylight,No,NoIntersection,Normal,NoCollision,6,Friday,11,False,False
201800006020,NonLethal,Daylight,No,NoIntersection,HeavyRain,Other,6,Wednesday,17,False,False
201800014125,NonLethal,NightNoStreetLight,No,NoIntersection,Normal,Other,10,Saturday,23,True,False
201800023359,NonLethal,NightStreelightsOn,No,NoIntersection,Normal,3+Vehicles-Multiple,11,Monday,17,False,False
201800055485,NonLethal,Daylight,Yes,NoIntersection,Normal,2Vehicles-Behind,7,Friday,18,False,False
201800035027,NonLethal,Daylight,Yes,NoIntersection,Normal,2Vehicles-Behind,4,Monday,12,False,False
201800023179,NonLethal,Daylight,Yes,NoIntersection,Normal,Other,5,Tuesday,17,False,False
201800042566,NonLethal,Daylight,Yes,Other,Normal,NoCollision,9,Friday,19,False,False
201800049792,NonLethal,Daylight,No,NoIntersection,HeavyRain,3+Vehicles-Chain,12,Tuesday,19,False,False
201800029609,NonLethal,NightStreelightsOn,Yes,NoIntersection,Normal,Other,10,Friday,23,False,False
201800024490,NonLethal,TwilightOrDawn,Yes,X-type,Normal,2Vehicles-Side,11,Saturday,6,True,True
201800030786,NonLethal,Daylight,Yes,NoIntersection,Normal,2Vehicles-Behind,4,Tuesday,19,False,False
201800009359,NonLethal,TwilightOrDawn,Yes,T-type,Normal,2Vehicles-Side,7,Friday,6,False,True
201800005132,NonLethal,Daylight,Yes,NoIntersection,Normal,Other,5,Sunday,14,True,False
201800046829,NonLethal,NightNoStreetLight,No,NoIntersection,Normal,2Vehicles-Side,8,Thursday,21,False,False
201800014797,Lethal,Daylight,No,NoIntersection,Normal,2Vehicles-BehindVehicles-Frontal,6,Thursday,17,False,False
201800052301,NonLethal,NightStreelightsOn,Yes,NoIntersection,Normal,Other,12,Thursday,18,False,False
201800010271,NonLethal,Daylight,No,NoIntersection,Normal,2Vehicles-Behind,10,Wednesday,11,False,False
201800014249,NonLethal,Daylight,No,NoIntersection,Normal,Other,5,Friday,12,False,False
201800039541,NonLethal,NightStreelightsOn,Yes,NoIntersection,Normal,Other,12,Wednesday,17,False,False
201800049933,NonLethal,NightNoStreetLight,No,NoIntersection,Normal,Other,7,Saturday,1,True,True
201800026642,NonLethal,NightStreelightsOn,Yes,X-type,Normal,Other,5,Tuesday,5,False,True
201800048311,NonLethal,Daylight,Yes,NoIntersection,Normal,Other,6,Friday,16,False,False
201800004479,NonLethal,Daylight,Yes,Roundabout,Normal,2Vehicles-Behind,6,Saturday,19,True,False
201800012438,NonLethal,Daylight,No,NoIntersection,HeavyRain,2Vehicles-Behind,11,Saturday,10,True,False
201800005085,Lethal,NightStreelightsOn,Yes,X-type,Normal,Other,9,Sunday,3,True,True
201800015981,Lethal,Daylight,No,Y-type,Overcast,2Vehicles-Side,5,Saturday,19,True,False
201800033335,NonLethal,TwilightOrDawn,Yes,X-type,Overcast,2Vehicles-Side,10,Wednesday,7,False,False
201800012389,NonLethal,NightNoStreetLight,No,NoIntersection,Normal,Other,1,Friday,22,False,False
201800047939,NonLethal,Daylight,No,NoIntersection,Normal,2Vehicles-Side,6,Friday,8,False,False
201800028630,NonLethal,Daylight,No,NoIntersection,Normal,NoCollision,8,Monday,9,False,False
201800031446,NonLethal,Daylight,No,Other,Normal,2Vehicles-Behind,7,Monday,11,False,False
201800035965,NonLethal,NightStreelightsOn,Yes,NoIntersection,Normal,2Vehicles-Behind,12,Friday,23,False,False
201800020011,NonLethal,Daylight,No,NoIntersection,VeryGood,NoCollision,7,Monday,11,False,False
201800006636,NonLethal,NightNoStreetLight,No,NoIntersection,Normal,Other,2,Sunday,4,True,True
201800001095,NonLethal,NightNoStreetLight,Yes,NoIntersection,Overcast,Other,12,Thursday,17,False,False
201800046209,NonLethal,NightStreelightsOn,No,NoIntersection,Normal,2Vehicles-Behind,6,Monday,6,False,True
201800017906,NonLethal,Daylight,Yes,NoIntersection,Normal,NoCollision,8,Thursday,17,False,False
201800018056,NonLethal,NightStreelightsOn,Yes,NoIntersection,Normal,Other,9,Friday,22,False,False
201800042589,NonLethal,Daylight,Yes,X-type,Normal,2Vehicles-Side,10,Friday,13,False,False
201800019174,NonLethal,NightNoStreetLight,No,NoIntersection,LightRain,2Vehicles-BehindVehicles-Frontal,2,Monday,19,False,False
201800029451,NonLethal,NightStreelightsOn,Yes,NoIntersection,LightRain,2Vehicles-Behind,1,Friday,17,False,False
201800047599,NonLethal,Daylight,Yes,T-type,Normal,NoCollision,8,Tuesday,8,False,False
201800018211,NonLethal,Daylight,Yes,NoIntersection,Normal,Other,3,Wednesday,7,False,False
201800036477,NonLethal,Daylight,Yes,NoIntersection,LightRain,2Vehicles-Behind,9,Tuesday,15,False,False
201800028833,NonLethal,Daylight,Yes,NoIntersection,Normal,Other,10,Sunday,17,True,False
201800054706,NonLethal,TwilightOrDawn,Yes,T-type,Normal,2Vehicles-Behind,4,Tuesday,20,False,False
201800008169,NonLethal,NightNoStreetLight,No,Other,Normal,Other,12,Friday,23,False,False
201800056859,NonLethal,Daylight,Yes,NoIntersection,Normal,2Vehicles-Behind,7,Tuesday,9,False,False
201800037756,NonLethal,NightStreelightsOn,Yes,X-type,Normal,Other,3,Thursday,21,False,False
201800047973,NonLethal,Daylight,No,NoIntersection,Normal,Other,9,Sunday,7,True,False
201800019580,NonLethal,NightNoStreetLight,Yes,NoIntersection,LightRain,2Vehicles-BehindVehicles-Frontal,1,Tuesday,17,False,False
201800019740,NonLethal,Daylight,Yes,NoIntersection,Normal,2Vehicles-Behind,9,Wednesday,16,False,False
201800031274,NonLethal,Daylight,Yes,NoIntersection,Normal,2Vehicles-Behind,6,Saturday,15,True,False
201800053639,NonLethal,NightStreelightsOn,Yes,Square,Normal,Other,12,Sunday,21,True,False
201800010012,NonLethal,NightStreelightsOn,Yes,NoIntersection,Normal,Other,10,Tuesday,18,False,False
201800024687,NonLethal,Daylight,Yes,NoIntersection,Normal,2Vehicles-Behind,3,Monday,9,False,False
201800007225,NonLethal,NightNoStreetLight,No,NoIntersection,HeavyRain,Other,1,Friday,18,False,False
201800040759,NonLethal,TwilightOrDawn,Yes,NoIntersection,Normal,Other,5,Saturday,19,True,False
201800028230,Lethal,NightStreelightsOn,Yes,NoIntersection,Normal,2Vehicles-Behind,2,Tuesday,19,False,False
201800000334,NonLethal,Daylight,No,NoIntersection,LightRain,2Vehicles-BehindVehicles-Frontal,12,Friday,10,False,False
201800027051,NonLethal,NightStreelightsOn,Yes,NoIntersection,Normal,2Vehicles-BehindVehicles-Frontal,4,Thursday,21,False,False
201800050582,NonLethal,Daylight,Yes,NoIntersection,Normal,2Vehicles-Behind,7,Saturday,13,True,False
201800036602,NonLethal,Daylight,Yes,Square,Normal,2Vehicles-Side,11,Friday,18,False,False
201800015011,NonLethal,Daylight,No,NoIntersection,Normal,2Vehicles-Side,6,Friday,10,False,False
201800039453,NonLethal,NightStreelightsOn,Yes,NoIntersection,LightRain,Other,1,Thursday,18,False,False
201800054767,NonLethal,Daylight,Yes,T-type,Normal,2Vehicles-Side,7,Tuesday,17,False,False
201800040340,NonLethal,Daylight,Yes,NoIntersection,Normal,3+Vehicles-Multiple,8,Friday,16,False,False
201800039426,NonLethal,Daylight,Yes,NoIntersection,Normal,Other,9,Tuesday,17,False,False
201800031720,NonLethal,NightStreelightsOff,Yes,NoIntersection,Normal,Other,4,Thursday,21,False,False
201800042694,NonLethal,NightStreelightsOn,Yes,NoIntersection,Normal,Other,9,Friday,21,False,False
201800036612,NonLethal,Daylight,Yes,NoIntersection,Overcast,2Vehicles-Side,10,Thursday,14,False,False
201800051527,NonLethal,Daylight,Yes,X-type,Normal,2Vehicles-Side,6,Saturday,16,True,False
201800001624,NonLethal,Daylight,No,NoIntersection,Normal,2Vehicles-Side,11,Wednesday,12,False,False
201800007399,NonLethal,Daylight,Yes,NoIntersection,Normal,2Vehicles-Side,9,Tuesday,13,False,False
201800016069,NonLethal,Daylight,No,T-type,Normal,2Vehicles-Side,2,Tuesday,17,False,False
201800004082,NonLethal,Daylight,No,NoIntersection,Normal,NoCollision,8,Monday,9,False,False
201800004561,Lethal,NightStreelightsOn,No,NoIntersection,Normal,Other,10,Thursday,4,False,True
201800000560,NonLethal,Daylight,Yes,T-type,Normal,2Vehicles-Side,4,Wednesday,17,False,False
201800032613,NonLethal,Daylight,Yes,NoIntersection,Normal,Other,10,Friday,13,False,False
201800054701,NonLethal,Daylight,Yes,T-type,Normal,NoCollision,4,Monday,11,False,False
201800007899,NonLethal,Daylight,No,NoIntersection,Normal,Other,7,Tuesday,12,False,False
201800052522,NonLethal,NightStreelightsOn,No,NoIntersection,Normal,3+Vehicles-Multiple,12,Sunday,20,True,False
201800005261,NonLethal,Daylight,Yes,Y-type,Normal,Other,7,Wednesday,8,False,False
201800024449,NonLethal,Daylight,Yes,NoIntersection,Normal,2Vehicles-Behind,10,Friday,11,False,False
201800040934,NonLethal,Daylight,Yes,X-type,LightRain,2Vehicles-Side,7,Monday,11,False,False
201800010861,NonLethal,NightStreelightsOn,Yes,NoIntersection,Normal,NoCollision,10,Saturday,3,True,True
201800005791,NonLethal,Daylight,Yes,NoIntersection,Normal,2Vehicles-Behind,9,Monday,18,False,False
201800025625,NonLethal,Daylight,Yes,NoIntersection,Overcast,3+Vehicles-Multiple,12,Monday,9,False,False
201800034711,NonLethal,NightStreelightsOn,Yes,Other,Normal,NoCollision,4,Saturday,2,True,True
201800025163,Lethal,Daylight,Yes,Roundabout,VeryGood,2Vehicles-Side,10,Wednesday,11,False,False
201800040800,NonLethal,NightStreelightsOn,Yes,NoIntersection,LightRain,2Vehicles-BehindVehicles-Frontal,1,Sunday,8,True,False
201800036080,NonLethal,Daylight,Yes,NoIntersection,Normal,Other,5,Wednesday,15,False,False
201800044728,NonLethal,Daylight,No,NoIntersection,Normal,2Vehicles-Side,3,Thursday,10,False,False
201800032344,NonLethal,NightStreelightsOn,Yes,NoIntersection,Normal,Other,1,Wednesday,18,False,False
201800041358,NonLethal,Daylight,Yes,T-type,Normal,2Vehicles-BehindVehicles-Frontal,10,Wednesday,13,False,False
201800043001,NonLethal,TwilightOrDawn,Yes,NoIntersection,Normal,Other,2,Tuesday,21,False,False
201800042787,NonLethal,Daylight,Yes,NoIntersection,Normal,Other,9,Saturday,18,True,False
201800054316,NonLethal,Daylight,Yes,X-type,LightRain,2Vehicles-Side,1,Tuesday,8,False,False
201800023274,NonLethal,Daylight,Yes,NoIntersection,Normal,2Vehicles-Behind,10,Wednesday,15,False,False
201800025116,NonLethal,Daylight,Yes,X-type,Normal,2Vehicles-Side,9,Tuesday,18,False,False
201800052258,NonLethal,Daylight,Yes,T-type,Normal,2Vehicles-Side,11,Sunday,9,True,False
201800046750,NonLethal,NightNoStreetLight,No,NoIntersection,Normal,Other,7,Saturday,1,True,True
201800028071,NonLethal,Daylight,Yes,NoIntersection,VeryGood,Other,7,Tuesday,16,False,False
201800026653,NonLethal,Daylight,Yes,T-type,Normal,NoCollision,3,Thursday,15,False,False
201800023766,NonLethal,Daylight,Yes,NoIntersection,Normal,Other,6,Friday,17,False,False
201800007048,NonLethal,NightNoStreetLight,Yes,NoIntersection,Normal,2Vehicles-Side,6,Saturday,23,True,False
201800002185,NonLethal,Daylight,Yes,NoIntersection,Normal,2Vehicles-Side,5,Monday,11,False,False
201800044248,NonLethal,Daylight,No,NoIntersection,Normal,3+Vehicles-Chain,9,Thursday,17,False,False
201800054529,NonLethal,Daylight,Yes,T-type,LightRain,2Vehicles-Behind,9,Thursday,11,False,False
201800006754,NonLethal,NightNoStreetLight,No,NoIntersection,Overcast,Other,3,Monday,1,False,True
201800054201,NonLethal,Daylight,Yes,NoIntersection,Normal,Other,9,Wednesday,16,False,False
201800003051,NonLethal,Daylight,Yes,NoIntersection,Normal,2Vehicles-Side,1,Sunday,10,True,False
201800021344,NonLethal,Daylight,Yes,NoIntersection,Normal,2Vehicles-Behind,9,Thursday,14,False,False
201800054832,NonLethal,NightStreelightsOn,Yes,X-type,Normal,2Vehicles-Side,10,Monday,20,False,False
201800019711,NonLethal,Daylight,Yes,X-type,Normal,2Vehicles-Behind,8,Monday,9,False,False
201800020395,NonLethal,Daylight,No,NoIntersection,Overcast,3+Vehicles-Multiple,6,Friday,18,False,False
201800036063,NonLethal,Daylight,Yes,NoIntersection,Normal,Other,4,Friday,16,False,False
201800052825,NonLethal,NightStreelightsOn,Yes,NoIntersection,Normal,Other,9,Sunday,0,True,True
201800036062,NonLethal,Daylight,Yes,NoIntersection,Normal,2Vehicles-BehindVehicles-Frontal,1,Friday,12,False,False
201800051066,NonLethal,Daylight,Yes,X-type,Normal,2Vehicles-Behind,5,Wednesday,13,False,False
201800054671,NonLethal,TwilightOrDawn,Yes,NoIntersection,Normal,Other,2,Monday,18,False,False
201800056961,NonLethal,NightStreelightsOn,Yes,NoIntersection,Normal,2Vehicles-Side,5,Friday,20,False,False
201800013755,NonLethal,NightStreelightsOn,Yes,NoIntersection,Normal,NoCollision,10,Monday,20,False,False
201800012596,NonLethal,Daylight,No,NoIntersection,Normal,NoCollision,3,Saturday,16,True,False
201800041794,NonLethal,Daylight,Yes,NoIntersection,Normal,2Vehicles-BehindVehicles-Frontal,9,Tuesday,8,False,False
201800025409,NonLethal,Daylight,Yes,NoIntersection,Normal,2Vehicles-Side,6,Friday,12,False,False
201800038077,NonLethal,NightStreelightsOn,Yes,NoIntersection,Normal,3+Vehicles-Multiple,2,Friday,21,False,False
201800032690,NonLethal,Daylight,Yes,NoIntersection,Overcast,Other,10,Thursday,12,False,False
201800027047,NonLethal,TwilightOrDawn,Yes,NoIntersection,Normal,Other,1,Monday,17,False,False
201800033823,NonLethal,Daylight,No,NoIntersection,Normal,NoCollision,10,Monday,16,False,False
201800024387,NonLethal,NightStreelightsOn,No,NoIntersection,Normal,2Vehicles-Behind,8,Tuesday,22,False,False
201800042828,NonLethal,TwilightOrDawn,Yes,X-type,LightRain,2Vehicles-BehindVehicles-Frontal,2,Monday,17,False,False
201800033404,NonLethal,Daylight,Yes,NoIntersection,Normal,Other,12,Wednesday,14,False,False
201800011308,NonLethal,Daylight,No,NoIntersection,Normal,3+Vehicles-Chain,1,Saturday,8,True,False
201800054193,NonLethal,Daylight,Yes,T-type,Normal,Other,3,Friday,16,False,False
201800008748,NonLethal,NightStreelightsOn,Yes,Roundabout,Normal,Other,3,Wednesday,1,False,True
201800006227,NonLethal,Daylight,Yes,Y-type,VeryGood,2Vehicles-Side,9,Tuesday,11,False,False
201800023032,NonLethal,Daylight,No,NoIntersection,Normal,3+Vehicles-Multiple,4,Tuesday,17,False,False
201800046249,NonLethal,NightNoStreetLight,No,NoIntersection,Normal,3+Vehicles-Chain,11,Monday,17,False,False
201800046810,NonLethal,NightNoStreetLight,No,NoIntersection,Normal,2Vehicles-Side,8,Wednesday,22,False,False
201800056068,NonLethal,Daylight,Yes,Roundabout,Normal,2Vehicles-BehindVehicles-Frontal,1,Friday,6,False,True
201800029494,NonLethal,NightStreelightsOn,Yes,Other,Normal,2Vehicles-Side,5,Saturday,3,True,True
201800008333,NonLethal,Daylight,Yes,NoIntersection,Normal,Other,1,Thursday,8,False,False
201800049540,NonLethal,Daylight,No,NoIntersection,Normal,Other,3,Saturday,17,True,False
201800008170,NonLethal,Daylight,Yes,NoIntersection,Normal,2Vehicles-Side,7,Tuesday,18,False,False
201800030567,NonLethal,Daylight,Yes,NoIntersection,LightRain,2Vehicles-Side,12,Wednesday,17,False,False
201800031802,NonLethal,TwilightOrDawn,Yes,NoIntersection,Normal,2Vehicles-Side,6,Saturday,20,True,False
201800052843,NonLethal,Daylight,Yes,NoIntersection,Normal,2Vehicles-Side,10,Friday,14,False,False
201800009472,NonLethal,Daylight,Yes,NoIntersection,Normal,2Vehicles-Behind,2,Thursday,12,False,False
201800007958,NonLethal,TwilightOrDawn,No,NoIntersection,Normal,NoCollision,10,Sunday,16,True,False
201800054793,NonLethal,Daylight,Yes,NoIntersection,Normal,Other,9,Thursday,15,False,False
201800010430,NonLethal,Daylight,Yes,Other,Normal,2Vehicles-Side,11,Tuesday,15,False,False
201800044769,NonLethal,NightStreelightsOn,No,NoIntersection,Normal,2Vehicles-Behind,4,Friday,21,False,False
201800022119,NonLethal,TwilightOrDawn,Yes,NoIntersection,Normal,Other,5,Thursday,8,False,False
201800019938,NonLethal,Daylight,No,NoIntersection,Normal,2Vehicles-BehindVehicles-Frontal,4,Sunday,10,True,False
201800033557,NonLethal,Daylight,Yes,T-type,Normal,Other,10,Tuesday,9,False,False
201800029240,NonLethal,Daylight,Yes,NoIntersection,Normal,Other,9,Tuesday,9,False,False
201800002541,NonLethal,Daylight,No,T-type,Normal,2Vehicles-BehindVehicles-Frontal,7,Wednesday,7,False,False
201800047379,NonLethal,Daylight,Yes,Other,HeavyRain,2Vehicles-Behind,2,Saturday,13,True,False
201800015252,NonLethal,Daylight,No,NoIntersection,Normal,Other,9,Tuesday,11,False,False
201800002591,NonLethal,Daylight,No,NoIntersection,Normal,Other,5,Saturday,20,True,False
201800033923,NonLethal,NightStreelightsOn,Yes,NoIntersection,Normal,Other,1,Thursday,8,False,False
201800048437,NonLethal,Daylight,Yes,X-type,Normal,2Vehicles-Side,7,Sunday,7,True,False
201800022710,NonLethal,Daylight,Yes,X-type,Normal,NoCollision,8,Monday,20,False,False
201800035453,NonLethal,Daylight,No,T-type,Normal,2Vehicles-Side,12,Sunday,14,True,False
201800009864,NonLethal,Daylight,Yes,X-type,Normal,2Vehicles-Side,6,Sunday,11,True,False
201800048706,NonLethal,Daylight,Yes,X-type,Normal,2Vehicles-Side,11,Sunday,11,True,False
201800048687,NonLethal,Daylight,Yes,NoIntersection,LightRain,2Vehicles-Side,11,Monday,8,False,False
201800041198,NonLethal,Daylight,Yes,NoIntersection,Normal,2Vehicles-BehindVehicles-Frontal,2,Friday,17,False,False
201800010585,NonLethal,TwilightOrDawn,Yes,X-type,Normal,2Vehicles-Side,5,Saturday,17,True,False
201800025138,NonLethal,TwilightOrDawn,Yes,NoIntersection,Normal,2Vehicles-BehindVehicles-Frontal,3,Sunday,18,True,False
201800014817,NonLethal,Daylight,No,X-type,Normal,2Vehicles-Side,4,Saturday,16,True,False
201800025270,NonLethal,Daylight,Yes,NoIntersection,Normal,2Vehicles-Side,3,Wednesday,14,False,False
201800055426,NonLethal,Daylight,Yes,NoIntersection,Normal,3+Vehicles-Chain,6,Monday,9,False,False
201800017760,NonLethal,NightNoStreetLight,No,NoIntersection,Normal,2Vehicles-BehindVehicles-Frontal,11,Friday,20,False,False
201800034295,NonLethal,Daylight,No,NoIntersection,Overcast,Other,8,Wednesday,19,False,False
201800033440,NonLethal,NightStreelightsOn,Yes,NoIntersection,LightRain,Other,10,Wednesday,5,False,True
201800044487,NonLethal,NightNoStreetLight,No,NoIntersection,Overcast,2Vehicles-Behind,12,Monday,20,False,False
201800044608,NonLethal,NightNoStreetLight,No,NoIntersection,LightRain,3+Vehicles-Chain,2,Wednesday,20,False,False
201800008854,NonLethal,Daylight,Yes,NoIntersection,Normal,2Vehicles-Side,4,Saturday,8,True,False
201800000128,NonLethal,Daylight,No,NoIntersection,Normal,NoCollision,3,Thursday,13,False,False
201800033163,NonLethal,Daylight,Yes,NoIntersection,Normal,3+Vehicles-Chain,9,Monday,18,False,False
201800001780,NonLethal,Daylight,No,NoIntersection,Overcast,2Vehicles-BehindVehicles-Frontal,6,Friday,19,False,False
201800005323,NonLethal,Daylight,Yes,NoIntersection,Normal,Other,8,Wednesday,7,False,False
201800020597,NonLethal,Daylight,Yes,T-type,Normal,2Vehicles-Side,5,Tuesday,17,False,False
201800053022,NonLethal,Daylight,Yes,X-type,HeavyRain,Other,5,Tuesday,16,False,False
201800048867,NonLethal,NightStreelightsOn,No,NoIntersection,Normal,2Vehicles-Behind,4,Saturday,3,True,True
201800039095,NonLethal,Daylight,Yes,NoIntersection,Normal,2Vehicles-Side,11,Tuesday,11,False,False
201800021843,Lethal,NightNoStreetLight,No,NoIntersection,Normal,Other,3,Monday,5,False,True
201800052973,NonLethal,Daylight,Yes,X-type,Normal,2Vehicles-Side,4,Sunday,14,True,False
201800047481,NonLethal,Daylight,Yes,NoIntersection,LightRain,2Vehicles-Side,3,Monday,7,False,False
201800034646,NonLethal,Daylight,No,NoIntersection,Normal,2Vehicles-Behind,2,Friday,15,False,False
201800005303,NonLethal,Daylight,No,NoIntersection,Normal,3+Vehicles-Multiple,2,Sunday,12,True,False
201800018480,NonLethal,NightNoStreetLight,Yes,NoIntersection,Normal,Other,9,Sunday,0,True,True
201800000583,NonLethal,Daylight,No,NoIntersection,Normal,3+Vehicles-Multiple,4,Friday,17,False,False
201800051835,NonLethal,Daylight,Yes,MoreThan4Branches,Normal,Other,10,Monday,12,False,False
201800056148,NonLethal,NightStreelightsOn,Yes,NoIntersection,Normal,Other,4,Friday,19,False,False
201800026640,NonLethal,Daylight,Yes,Roundabout,Normal,2Vehicles-Behind,4,Tuesday,16,False,False
201800049777,NonLethal,NightStreelightsOn,No,NoIntersection,Normal,Other,4,Friday,5,False,True
201800030844,NonLethal,TwilightOrDawn,Yes,T-type,Normal,2Vehicles-Side,7,Friday,21,False,False