AccidentId,Gravity,Light,InAgglomeration,IntersectionType,Weather,CollisionType,Month,DayOfWeek,HourOfDay,IsWeekend,IsNight
201800053166,NonLethal,NightStreelightsOn,Yes,T-type,Normal,2Vehicles-Side,10,Friday,21,False,False
201800027496,NonLethal,Daylight,Yes,NoIntersection,Normal,Other,10,Wednesday,10,False,False
201800026505,NonLethal,Daylight,Yes,NoIntersection,HeavyRain,3+Vehicles-Chain,12,Friday,8,False,False
201800008905,NonLethal,NightStreelightsOn,Yes,T-type,Normal,2Vehicles-Side,4,Sunday,5,True,True
201800028736,NonLethal,Daylight,Yes,NoIntersection,Normal,3+Vehicles-Chain,5,Friday,17,False,False
201800033596,NonLethal,Daylight,Yes,NoIntersection,Normal,NoCollision,11,Tuesday,9,False,False
201800050185,NonLethal,Daylight,No,NoIntersection,LightRain,2Vehicles-Behind,12,Wednesday,10,False,False
201800029883,NonLethal,Daylight,Yes,X-type,Normal,2Vehicles-Side,10,Friday,11,False,False
201800009275,NonLethal,Daylight,Yes,T-type,Normal,Other,7,Monday,11,False,False
201800046597,NonLethal,Daylight,No,NoIntersection,Normal,3+Vehicles-Chain,5,Thursday,18,False,False
201800006747,Lethal,NightNoStreetLight,No,NoIntersection,Normal,2Vehicles-Behind,12,Saturday,4,True,True
201800029500,NonLethal,NightStreelightsOn,Yes,Other,Normal,Other,5,Thursday,3,False,True
201800008397,NonLethal,NightStreelightsOn,Yes,T-type,Normal,2Vehicles-Side,1,Wednesday,23,False,False
201800020745,NonLethal,TwilightOrDawn,No,NoIntersection,Normal,2Vehicles-Behind,11,Tuesday,16,False,False
201800014017,Lethal,Daylight,Yes,LevelCrossing,LightRain,2Vehicles-Side,1,Sunday,16,True,False
201800009003,NonLethal,TwilightOrDawn,Yes,NoIntersection,Normal,Other,5,Wednesday,6,False,True
201800041309,NonLethal,Daylight,Yes,T-type,Normal,2Vehicles-Side,11,Monday,8,False,False
201800017925,NonLethal,Daylight,No,NoIntersection,Normal,Other,4,Friday,10,False,False
201800024452,NonLethal,Daylight,Yes,NoIntersection,Overcast,2Vehicles-Side,10,Monday,10,False,False
201800007765,NonLethal,Daylight,Yes,T-type,Normal,2Vehicles-Side,6,Friday,17,False,False
201800040362,NonLethal,NightStreelightsOn,Yes,X-type,Normal,2Vehicles-Side,11,Monday,19,False,False
201800045079,NonLethal,NightStreelightsOff,No,NoIntersection,Normal,2Vehicles-Side,7,Sunday,23,True,False
201800027311,NonLethal,Daylight,Yes,X-type,Normal,2Vehicles-Side,5,Monday,11,False,False
201800044167,NonLethal,Daylight,No,NoIntersection,Normal,2Vehicles-Side,8,Thursday,9,False,False
201800046771,NonLethal,Daylight,No,NoIntersection,Normal,3+Vehicles-Multiple,7,Tuesday,15,False,False
201800020344,NonLethal,NightNoStreetLight,No,NoIntersection,LightRain,3+Vehicles-Multiple,2,Thursday,2,False,True
201800023972,NonLethal,Daylight,Yes,NoIntersection,Normal,Other,8,Friday,14,False,False
201800036298,NonLethal,Daylight,No,NoIntersection,Normal,2Vehicles-BehindVehicles-Frontal,10,Friday,12,False,False
201800052701,NonLethal,Daylight,Yes,Y-type,Normal,2Vehicles-Behind,4,Saturday,10,True,False
201800019080,NonLethal,NightNoStreetLight,No,NoIntersection,Normal,2Vehicles-BehindVehicles-Frontal,11,Friday,23,False,False
201800011330,Lethal,NightStreelightsOff,Yes,Roundabout,FogOrSmoke,Other,10,Saturday,0,True,True
201800029349,NonLethal,NightStreelightsOn,Yes,NoIntersection,Normal,2Vehicles-Side,1,Monday,19,False,False
201800032381,NonLethal,Daylight,Yes,NoIntersection,Normal,Other,2,Monday,14,False,False
201800035748,NonLethal,Daylight,No,Roundabout,Normal,2Vehicles-Side,7,Tuesday,19,False,False
201800054157,NonLethal,Daylight,Yes,NoIntersection,Normal,Other,7,Tuesday,19,False,False
201800010182,NonLethal,Daylight,Yes,T-type,Normal,2Vehicles-Behind,12,Wednesday,13,False,False
201800029173,NonLethal,TwilightOrDawn,No,NoIntersection,Other,2Vehicles-BehindVehicles-Frontal,11,Thursday,7,False,False
201800043475,Lethal,Daylight,Yes,X-type,Normal,2Vehicles-Side,4,Friday,15,False,False
201800044230,NonLethal,TwilightOrDawn,No,NoIntersection,Normal,2Vehicles-Side,9,Saturday,7,True,False
201800010992,NonLethal,Daylight,Yes,NoIntersection,Normal,NoCollision,7,Wednesday,9,False,False
201800051440,NonLethal,NightStreelightsOn,Yes,Y-type,Overcast,2Vehicles-Side,2,Friday,22,False,False
201800050902,NonLethal,Daylight,Yes,X-type,Normal,Other,7,Saturday,13,True,False
201800054822,NonLethal,TwilightOrDawn,Yes,X-type,Normal,2Vehicles-Side,10,Wednesday,18,False,False
201800040001,NonLethal,Daylight,Yes,T-type,Normal,Other,9,Wednesday,16,False,False
201800050073,NonLethal,TwilightOrDawn,No,NoIntersection,Normal,2Vehicles-Behind,10,Tuesday,18,False,False
201800043108,NonLethal,Daylight,Yes,MoreThan4Branches,Normal,Other,2,Tuesday,12,False,False
201800049962,NonLethal,Daylight,No,NoIntersection,Normal,2Vehicles-Side,6,Friday,19,False,False
201800008991,NonLethal,TwilightOrDawn,Yes,NoIntersection,LightRain,3+Vehicles-Multiple,5,Sunday,18,True,False
201800054504,NonLethal,Daylight,Yes,NoIntersection,Normal,2Vehicles-Behind,8,Tuesday,16,False,False
201800033925,NonLethal,NightStreelightsOn,No,NoIntersection,Normal,2Vehicles-Side,11,Friday,7,False,False
201800044031,NonLethal,Daylight,No,NoIntersection,Normal,Other,5,Sunday,15,True,False
201800024523,NonLethal,NightStreelightsOn,Yes,NoIntersection,Normal,Other,3,Monday,4,False,True
201800020111,NonLethal,Daylight,No,NoIntersection,Normal,Other,7,Saturday,15,True,False
201800022249,NonLethal,Daylight,No,NoIntersection,HeavyRain,Other,1,Monday,13,False,False
201800044213,NonLethal,Daylight,No,NoIntersection,Normal,Other,10,Tuesday,20,False,False
201800025162,NonLethal,NightStreelightsOn,Yes,T-type,Normal,2Vehicles-Side,9,Friday,7,False,False
201800039023,NonLethal,Daylight,Yes,NoIntersection,Normal,Other,7,Thursday,19,False,False
201800018102,NonLethal,Daylight,No,X-type,Normal,2Vehicles-Side,8,Sunday,12,True,False
201800021264,NonLethal,TwilightOrDawn,Yes,NoIntersection,Normal,2Vehicles-BehindVehicles-Frontal,7,Friday,22,False,False
201800002426,NonLethal,Daylight,No,NoIntersection,Normal,2Vehicles-Side,5,Sunday,15,True,False
201800043693,NonLethal,Daylight,No,NoIntersection,Normal,2Vehicles-Behind,7,Friday,8,False,False
201800029640,NonLethal,Daylight,Yes,NoIntersection,Normal,Other,2,Sunday,11,True,False
201800039512,NonLethal,NightStreelightsOn,Yes,NoIntersection,Normal,Other,7,Monday,20,False,False
201800047848,NonLethal,Daylight,Yes,NoIntersection,Normal,Other,12,Monday,8,False,False
201800041313,NonLethal,NightStreelightsOn,Yes,T-type,Overcast,3+Vehicles-Chain,11,Thursday,23,False,False
201800031395,NonLethal,Daylight,No,NoIntersection,Normal,NoCollision,7,Friday,20,False,False
201800010987,NonLethal,Daylight,No,NoIntersection,LightRain,2Vehicles-Side,1,Friday,7,False,False
201800008458,NonLethal,NightStreelightsOn,Yes,Other,Normal,Other,4,Monday,6,False,True
201800050725,NonLethal,Daylight,Yes,X-type,Normal,2Vehicles-Side,9,Monday,8,False,False
201800000353,NonLethal,TwilightOrDawn,No,NoIntersection,Normal,NoCollision,10,Friday,7,False,False
201800055989,Lethal,NightNoStreetLight,No,NoIntersection,HeavyRain,3+Vehicles-Chain,5,Saturday,21,True,False
201800052247,NonLethal,Daylight,Yes,T-type,Normal,Other,11,Tuesday,9,False,False
201800000708,NonLethal,Daylight,No,NoIntersection,Normal,Other,10,Wednesday,14,False,False
201800025209,NonLethal,Daylight,Yes,NoIntersection,Normal,Other,1,Wednesday,12,False,False
201800031909,NonLethal,Daylight,Yes,T-type,Normal,2Vehicles-Side,9,Friday,16,False,False
201800012361,NonLethal,Daylight,No,NoIntersection,Normal,2Vehicles-Side,8,Sunday,12,True,False
201800004297,NonLethal,Daylight,No,NoIntersection,Normal,3+Vehicles-Chain,12,Saturday,15,True,False
201800050658,NonLethal,Daylight,Yes,NoIntersection,LightRain,2Vehicles-BehindVehicles-Frontal,2,Wednesday,9,False,False
201800021250,NonLethal,Daylight,No,NoIntersection,Normal,2Vehicles-Side,4,Friday,12,False,False
201800026063,NonLethal,NightStreelightsOff,Yes,MoreThan4Branches,LightRain,Other,12,Monday,6,False,True
201800048613,NonLethal,Daylight,Yes,NoIntersection,Normal,2Vehicles-Side,10,Wednesday,18,False,False
201800007689,NonLethal,Daylight,Yes,T-type,Normal,Other,5,Friday,17,False,False
201800035553,NonLethal,Daylight,Yes,NoIntersection,Normal,Other,6,Sunday,11,True,False
201800010032,NonLethal,NightStreelightsOn,Yes,T-type,Normal,2Vehicles-Side,11,Sunday,21,True,False
201800028790,NonLethal,Daylight,Yes,Roundabout,Normal,Other,9,Tuesday,16,False,False
201800048083,NonLethal,NightStreelightsOn,Yes,NoIntersection,Overcast,Other,12,Sunday,23,True,False
201800027894,NonLethal,Daylight,Yes,Other,Normal,2Vehicles-Side,6,Saturday,15,True,False
201800027525,NonLethal,Daylight,Yes,NoIntersection,Normal,3+Vehicles-Chain,11,Tuesday,10,False,False
201800055017,NonLethal,Daylight,Yes,NoIntersection,Normal,Other,5,Sunday,13,True,False
201800017358,NonLethal,Daylight,No,T-type,Normal,2Vehicles-Side,7,Thursday,11,False,False
201800047566,NonLethal,Daylight,Yes,T-type,Normal,Other,6,Friday,12,False,False
201800006257,NonLethal,Daylight,No,NoIntersection,VeryGood,NoCollision,7,Thursday,9,False,False
201800048470,NonLethal,Daylight,Yes,X-type,Normal,2Vehicles-Side,8,Monday,18,False,False
201800054204,NonLethal,TwilightOrDawn,Yes,NoIntersection,Normal,Other,9,Friday,19,False,False
201800000524,NonLethal,Daylight,No,NoIntersection,Normal,2Vehicles-Behind,3,Saturday,17,True,False
201800025122,NonLethal,Daylight,Yes,NoIntersection,Normal,NoCollision,2,Saturday,12,True,False
201800012128,Lethal,Daylight,No,NoIntersection,Normal,2Vehicles-BehindVehicles-Frontal,10,Friday,12,False,False
201800004996,NonLethal,Daylight,Yes,Roundabout,Normal,2Vehicles-Behind,4,Saturday,16,True,False
201800003816,Lethal,Daylight,No,NoIntersection,Normal,2Vehicles-BehindVehicles-Frontal,6,Friday,18,False,False
201800015058,NonLethal,NightStreelightsOn,Yes,NoIntersection,Normal,Other,3,Saturday,19,True,False
201800003747,NonLethal,Daylight,No,NoIntersection,Normal,2Vehicles-Behind,3,Friday,7,False,False
201800024539,NonLethal,NightStreelightsOn,Yes,NoIntersection,Normal,2Vehicles-BehindVehicles-Frontal,12,Tuesday,5,False,True
201800007018,NonLethal,Daylight,Yes,Roundabout,Normal,Other,4,Wednesday,12,False,False
201800021667,Lethal,NightNoStreetLight,No,NoIntersection,LightRain,Other,10,Monday,19,False,False
201800009092,NonLethal,Daylight,Yes,NoIntersection,Normal,2Vehicles-Side,1,Saturday,8,True,False
201800015410,NonLethal,Daylight,No,NoIntersection,HeavyRain,Other,3,Tuesday,16,False,False
201800029347,NonLethal,Daylight,Yes,NoIntersection,Normal,Other,1,Saturday,12,True,False
201800056110,NonLethal,NightNoStreetLight,No,NoIntersection,Normal,2Vehicles-Side,1,Wednesday,2,False,True
201800022659,NonLethal,NightStreelightsOn,Yes,T-type,LightRain,Other,1,Sunday,18,True,False
201800042433,NonLethal,NightStreelightsOn,Yes,NoIntersection,Normal,Other,1,Wednesday,23,False,False
201800000473,NonLethal,TwilightOrDawn,No,T-type,FogOrSmoke,2Vehicles-Side,11,Monday,8,False,False
201800037151,NonLethal,Daylight,Yes,T-type,Normal,2Vehicles-Side,5,Monday,7,False,False
201800007742,NonLethal,Daylight,Yes,X-type,Normal,2Vehicles-Side,3,Thursday,16,False,False
201800055545,NonLethal,Daylight,Yes,NoIntersection,Normal,2Vehicles-Side,8,Thursday,8,False,False
201800044523,NonLethal,TwilightOrDawn,No,NoIntersection,Normal,2Vehicles-Behind,12,Saturday,17,True,False
201800032517,NonLethal,Daylight,Yes,NoIntersection,Normal,Other,7,Friday,17,False,False
201800054738,NonLethal,Daylight,Yes,T-type,Normal,2Vehicles-Side,6,Sunday,17,True,False
201800012716,NonLethal,Daylight,No,X-type,Normal,Other,8,Wednesday,10,False,False
201800055189,NonLethal,NightStreelightsOn,Yes,X-type,Overcast,2Vehicles-Side,11,Monday,17,False,False
201800025934,NonLethal,Daylight,No,NoIntersection,Normal,2Vehicles-Behind,4,Thursday,8,False,False
201800045054,NonLethal,Daylight,No,NoIntersection,Normal,2Vehicles-Behind,7,Saturday,11,True,False
201800050974,NonLethal,NightStreelightsOn,Yes,Y-type,Overcast,2Vehicles-Side,1,Monday,20,False,False
201800034457,NonLethal,Daylight,Yes,X-type,Normal,2Vehicles-BehindVehicles-Frontal,12,Tuesday,15,False,False
201800015207,NonLethal,Daylight,No,NoIntersection,Normal,2Vehicles-BehindVehicles-Frontal,4,Thursday,12,False,False
201800055800,NonLethal,Daylight,Yes,Other,Normal,Other,10,Tuesday,11,False,False
201800025760,NonLethal,Daylight,Yes,NoIntersection,Normal,Other,10,Tuesday,9,False,False
201800000185,Lethal,NightStreelightsOn,Yes,NoIntersection,HeavyRain,Other,11,Tuesday,22,False,False
201800054792,NonLethal,Daylight,Yes,NoIntersection,Normal,2Vehicles-Side,3,Friday,11,False,False
201800021054,NonLethal,Daylight,No,NoIntersection,Normal,3+Vehicles-Chain,11,Saturday,9,True,False
201800029106,NonLethal,Daylight,No,NoIntersection,Normal,Other,5,Friday,19,False,False
201800001969,NonLethal,Daylight,No,NoIntersection,Normal,Other,6,Saturday,17,True,False
201800008849,NonLethal,Daylight,Yes,NoIntersection,Normal,2Vehicles-BehindVehicles-Frontal,4,Friday,10,False,False
201800035950,NonLethal,Daylight,Yes,X-type,LightRain,3+Vehicles-Multiple,11,Thursday,10,False,False
201800029948,NonLethal,NightNoStreetLight,Yes,NoIntersection,LightRain,2Vehicles-BehindVehicles-Frontal,10,Tuesday,21,False,False
201800006569,NonLethal,Daylight,No,NoIntersection,Normal,2Vehicles-Behind,5,Wednesday,16,False,False
201800046208,NonLethal,NightNoStreetLight,No,NoIntersection,Normal,Other,5,Friday,18,False,False
201800032729,NonLethal,Daylight,No,NoIntersection,LightRain,2Vehicles-BehindVehicles-Frontal,10,Tuesday,15,False,False
201800025204,NonLethal,Daylight,Yes,NoIntersection,LightRain,Other,1,Monday,9,False,False
201800028923,NonLethal,Daylight,Yes,NoIntersection,Normal,Other,5,Tuesday,11,False,False
201800040735,NonLethal,Daylight,Yes,Other,Overcast,NoCollision,12,Friday,10,False,False
201800020711,NonLethal,Daylight,Yes,X-type,Normal,Other,3,Saturday,14,True,False
201800010962,NonLethal,Daylight,Yes,T-type,LightRain,Other,4,Monday,9,False,False
201800034465,NonLethal,Daylight,Yes,NoIntersection,Overcast,Other,1,Saturday,12,True,False
201800031154,NonLethal,Daylight,No,NoIntersection,Normal,Other,8,Thursday,12,False,False
201800015420,NonLethal,Daylight,No,T-type,Normal,2Vehicles-Side,9,Monday,7,False,False
201800024261,NonLethal,Daylight,Yes,NoIntersection,Normal,Other,2,Thursday,8,False,False
201800015499,NonLethal,Daylight,No,NoIntersection,Normal,2Vehicles-Behind,5,Thursday,11,False,False
201800007445,NonLethal,Daylight,Yes,Roundabout,Normal,Other,10,Friday,16,False,False
201800000970,NonLethal,Daylight,Yes,NoIntersection,Normal,Other,5,Friday,10,False,False
201800036053,NonLethal,Daylight,No,NoIntersection,Normal,NoCollision,4,Thursday,15,False,False
201800036074,NonLethal,Daylight,Yes,X-type,LightRain,Other,5,Monday,10,False,False
201800052923,NonLethal,NightStreelightsOn,Yes,X-type,LightRain,Other,1,Saturday,7,True,False
201800020712,NonLethal,Daylight,Yes,X-type,Normal,Other,3,Saturday,19,True,False
201800014599,NonLethal,NightNoStreetLight,No,NoIntersection,Normal,NoCollision,4,Monday,7,False,False
201800031472,NonLethal,Daylight,No,NoIntersection,Normal,3+Vehicles-Chain,2,Friday,16,False,False
201800037099,NonLethal,Daylight,Yes,X-type,Normal,2Vehicles-Side,5,Friday,19,False,False
201800013132,NonLethal,NightNoStreetLight,No,NoIntersection,Normal,Other,9,Sunday,5,True,True
201800004998,NonLethal,Daylight,No,NoIntersection,Normal,Other,5,Wednesday,16,False,False
201800013351,NonLethal,Daylight,No,NoIntersection,Normal,NoCollision,8,Friday,10,False,False
201800057382,NonLethal,Daylight,Yes,X-type,Normal,2Vehicles-Side,11,Tuesday,17,False,False
201800027734,NonLethal,Daylight,Yes,NoIntersection,Normal,Other,5,Wednesday,17,False,False
201800008729,NonLethal,NightStreelightsOn,Yes,Other,Normal,2Vehicles-Side,3,Saturday,21,True,False
201800052375,NonLethal,Daylight,Yes,MoreThan4Branches,Normal,2Vehicles-Side,3,Thursday,18,False,False
201800038453,NonLethal,Daylight,Yes,NoIntersection,Normal,Other,6,Saturday,10,True,False
201800050624,NonLethal,Daylight,Yes,T-type,Overcast,2Vehicles-Side,11,Friday,7,False,False
201800032551,NonLethal,Daylight,Yes,NoIntersection,Normal,2Vehicles-BehindVehicles-Frontal,11,Friday,17,False,False
201800032849,NonLethal,Daylight,Yes,NoIntersection,Normal,Other,7,Saturday,20,True,False
201800027379,NonLethal,Daylight,Yes,NoIntersection,Normal,NoCollision,7,Friday,9,False,False
201800019670,NonLethal,Daylight,Yes,NoIntersection,Normal,Other,6,Tuesday,19,False,False
201800027836,NonLethal,NightNoStreetLight,No,NoIntersection,FogOrSmoke,Other,8,Saturday,7,True,False
201800006360,NonLethal,NightNoStreetLight,No,Other,SnowOrHail,2Vehicles-Behind,3,Monday,0,False,True
201800041757,NonLethal,Daylight,Yes,Square,Overcast,NoCollision,5,Thursday,16,False,False
201800030861,NonLethal,Daylight,Yes,NoIntersection,Normal,3+Vehicles-Chain,8,Friday,9,False,False
201800041719,NonLethal,NightStreelightsOn,Yes,X-type,LightRain,Other,3,Friday,18,False,False
201800051627,NonLethal,NightStreelightsOn,Yes,NoIntersection,LightRain,Other,12,Friday,22,False,False
201800003430,Lethal,Daylight,No,NoIntersection,Normal,NoCollision,3,Friday,13,False,False
201800014617,NonLethal,Daylight,No,NoIntersection,LightRain,Other,5,Monday,16,False,False
201800025863,NonLethal,Daylight,Yes,T-type,Normal,2Vehicles-BehindVehicles-Frontal,9,Tuesday,10,False,False
201800027470,NonLethal,Daylight,Yes,Roundabout,Normal,NoCollision,10,Monday,12,False,False
201800029414,NonLethal,Daylight,Yes,NoIntersection,Normal,2Vehicles-Side,6,Tuesday,18,False,False
201800045965,NonLethal,Daylight,No,NoIntersection,Normal,Other,1,Sunday,14,True,False
201800035291,NonLethal,Daylight,No,NoIntersection,Normal,2Vehicles-BehindVehicles-Frontal,8,Wednesday,11,False,False
201800017622,Lethal,NightNoStreetLight,No,NoIntersection,Normal,NoCollision,10,Thursday,22,False,False
201800050251,NonLethal,NightStreelightsOn,Yes,X-type,Normal,2Vehicles-Side,4,Saturday,0,True,True
201800012748,NonLethal,Daylight,No,NoIntersection,Normal,NoCollision,6,Thursday,10,False,False
201800040467,NonLethal,Daylight,Yes,Roundabout,Overcast,Other,2,Sunday,12,True,False
201800054865,NonLethal,NightStreelightsOn,Yes,X-type,Normal,Other,11,Monday,21,False,False
201800000998,NonLethal,Daylight,Yes,NoIntersection,Normal,2Vehicles-Side,6,Friday,18,False,False
201800011227,Lethal,NightNoStreetLight,No,NoIntersection,Normal,Other,6,Sunday,23,True,False
201800032863,NonLethal,Daylight,Yes,NoIntersection,Normal,2Vehicles-BehindVehicles-Frontal,12,Monday,13,False,False
201800031843,NonLethal,Daylight,Yes,NoIntersection,Normal,Other,7,Thursday,11,False,False
201800046957,NonLethal,Daylight,No,NoIntersection,Normal,2Vehicles-Side,12,Monday,9,False,False
201800022171,NonLethal,Daylight,Yes,X-type,Normal,2Vehicles-Side,12,Thursday,11,False,False
201800053685,NonLethal,NightStreelightsOn,Yes,NoIntersection,Normal,Other,1,Saturday,18,True,False
201800025393,NonLethal,NightStreelightsOn,Yes,T-type,Normal,2Vehicles-Side,6,Wednesday,22,False,False
201800051384,NonLethal,Daylight,Yes,X-type,Normal,Other,8,Tuesday,14,False,False
201800054705,NonLethal,Daylight,Yes,Square,Normal,2Vehicles-Side,4,Tuesday,17,False,False
201800025421,NonLethal,Daylight,Yes,NoIntersection,Normal,2Vehicles-Behind,7,Tuesday,9,False,False
201800047903,Lethal,Daylight,No,NoIntersection,Normal,Other,2,Monday,13,False,False
201800017370,Lethal,Daylight,No,X-type,Normal,2Vehicles-Side,1,Tuesday,9,False,False
201800001747,NonLethal,NightStreelightsOn,Yes,Roundabout,Normal,Other,6,Saturday,23,True,False
201800034551,NonLethal,Daylight,No,Roundabout,Overcast,2Vehicles-Side,5,Wednesday,9,False,False
201800030970,NonLethal,NightStreelightsOn,Yes,X-type,Normal,2Vehicles-Side,12,Thursday,7,False,False
201800044233,NonLethal,NightNoStreetLight,No,NoIntersection,Normal,3+Vehicles-Chain,9,Sunday,1,True,True
201800043441,NonLethal,Daylight,Yes,NoIntersection,Normal,Other,5,Saturday,15,True,False
201800014813,NonLethal,Daylight,No,NoIntersection,Overcast,2Vehicles-Behind,10,Monday,9,False,False
201800054072,NonLethal,Daylight,Yes,Y-type,Normal,Other,4,Saturday,17,True,False
201800020989,NonLethal,Daylight,Yes,Other,Normal,2Vehicles-Side,5,Wednesday,18,False,False
201800035277,NonLethal,Daylight,No,NoIntersection,Normal,Other,5,Wednesday,14,False,False
201800010118,NonLethal,Daylight,Yes,NoIntersection,Normal,2Vehicles-Side,11,Monday,15,False,False
201800012647,NonLethal,Daylight,Yes,NoIntersection,LightRain,Other,10,Saturday,9,True,False
201800020463,NonLethal,Daylight,Yes,NoIntersection,Normal,NoCollision,6,Thursday,13,False,False
201800046804,NonLethal,Daylight,No,NoIntersection,Overcast,2Vehicles-Behind,8,Monday,10,False,False
201800051953,NonLethal,Daylight,Yes,X-type,LightRain,2Vehicles-Side,3,Friday,8,False,False
201800016250,NonLethal,NightNoStreetLight,No,NoIntersection,Normal,2Vehicles-Behind,10,Wednesday,19,False,False
201800048533,NonLethal,Daylight,Yes,X-type,Normal,2Vehicles-Side,9,Thursday,17,False,False
201800032482,NonLethal,Daylight,Yes,NoIntersection,Normal,Other,6,Tuesday,17,False,False
201800003325,NonLethal,Daylight,Yes,NoIntersection,Overcast,2Vehicles-Side,9,Sunday,12,True,False
201800050911,NonLethal,Daylight,Yes,MoreThan4Branches,Normal,2Vehicles-Side,7,Thursday,9,False,False
201800047602,NonLethal,Daylight,Yes,NoIntersection,Normal,Other,9,Friday,9,False,False
201800027373,NonLethal,Daylight,Yes,NoIntersection,Normal,2Vehicles-Side,7,Friday,16,False,False
201800007353,NonLethal,Daylight,Yes,NoIntersection,Normal,Other,1,Sunday,21,True,False
201800012791,NonLethal,Daylight,No,T-type,VeryGood,2Vehicles-Side,9,Monday,10,False,False
201800004565,NonLethal,NightNoStreetLight,Yes,NoIntersection,Normal,Other,8,Friday,21,False,False
201800037572,NonLethal,Daylight,Yes,NoIntersection,Normal,NoCollision,2,Thursday,12,False,False
201800019254,NonLethal,Daylight,No,NoIntersection,Other,NoCollision,2,Monday,12,False,False
201800055024,NonLethal,Daylight,Yes,NoIntersection,Normal,Other,5,Monday,11,False,False
201800029019,NonLethal,Daylight,No,Roundabout,Overcast,2Vehicles-Side,12,Monday,16,False,False
201800050230,NonLethal,Daylight,Yes,Square,LightRain,2Vehicles-Side,8,Friday,17,False,False
201800020506,NonLethal,Daylight,No,NoIntersection,Normal,2Vehicles-BehindVehicles-Frontal,7,Monday,14,False,False
201800046468,NonLethal,Daylight,No,NoIntersection,Normal,3+Vehicles-Chain,3,Friday,11,False,False
201800000170,NonLethal,TwilightOrDawn,No,NoIntersection,Normal,2Vehicles-Behind,3,Wednesday,18,False,False
201800002156,NonLethal,Daylight,No,NoIntersection,Normal,2Vehicles-Side,12,Monday,11,False,False
201800023432,NonLethal,Daylight,No,NoIntersection,Normal,NoCollision,8,Sunday,18,True,False
201800044039,NonLethal,Daylight,No,NoIntersection,Normal,3+Vehicles-Multiple,6,Friday,10,False,False
201800012879,NonLethal,NightNoStreetLight,No,NoIntersection,Normal,Other,9,Thursday,4,False,True
201800042791,NonLethal,TwilightOrDawn,Yes,NoIntersection,Normal,2Vehicles-Behind,10,Saturday,7,True,False
201800006943,Lethal,Daylight,No,NoIntersection,Normal,NoCollision,1,Thursday,15,False,False
201800016880,Lethal,NightNoStreetLight,No,NoIntersection,Normal,2Vehicles-BehindVehicles-Frontal,2,Thursday,23,False,False
201800029345,NonLethal,NightStreelightsOn,Yes,NoIntersection,HeavyRain,Other,1,Wednesday,7,False,False
201800036252,NonLethal,Daylight,Yes,T-type,Normal,2Vehicles-Side,12,Tuesday,11,False,False
201800022041,NonLethal,Daylight,Yes,NoIntersection,Normal,Other,4,Sunday,17,True,False
201800037375,NonLethal,Daylight,Yes,X-type,Normal,Other,10,Thursday,11,False,False
201800025100,NonLethal,NightStreelightsOn,Yes,NoIntersection,Normal,Other,12,Monday,23,False,False
201800039823,NonLethal,NightStreelightsOn,Yes,T-type,Normal,3+Vehicles-Multiple,8,Thursday,23,False,False
201800014308,NonLethal,Daylight,No,NoIntersection,Normal,Other,10,Sunday,17,True,False
201800041590,NonLethal,Daylight,Yes,X-type,Normal,2Vehicles-Side,11,Thursday,15,False,False
201800005500,NonLethal,TwilightOrDawn,Yes,NoIntersection,Normal,2Vehicles-Behind,10,Friday,7,False,False
201800026550,NonLethal,Daylight,Yes,T-type,Normal,2Vehicles-Side,6,Thursday,11,False,False
201800037768,NonLethal,Daylight,Yes,X-type,Normal,Other,2,Thursday,18,False,False
201800049854,NonLethal,Daylight,No,NoIntersection,Overcast,2Vehicles-Behind,5,Tuesday,8,False,False
201800012289,Lethal,Daylight,No,NoIntersection,Normal,3+Vehicles-Multiple,10,Sunday,16,True,False
201800008739,NonLethal,NightStreelightsOn,Yes,NoIntersection,Normal,2Vehicles-BehindVehicles-Frontal,3,Monday,22,False,False
201800035651,NonLethal,NightStreelightsOn,Yes,Other,Normal,Other,12,Tuesday,7,False,False
201800041564,NonLethal,NightStreelightsOn,Yes,NoIntersection,Normal,Other,11,Sunday,0,True,True
201800000935,NonLethal,Daylight,Yes,NoIntersection,Normal,2Vehicles-Side,6,Wednesday,15,False,False
201800036679,NonLethal,NightStreelightsOn,Yes,NoIntersection,Normal,2Vehicles-Side,4,Wednesday,3,False,True
201800043244,NonLethal,Daylight,Yes,NoIntersection,Normal,2Vehicles-Side,8,Sunday,13,True,False
201800038359,NonLethal,Daylight,Yes,NoIntersection,LightRain,Other,3,Wednesday,8,False,False
201800038180,NonLethal,Daylight,Yes,NoIntersection,Normal,2Vehicles-Behind,6,Saturday,17,True,False
201800050869,NonLethal,NightStreelightsOn,Yes,T-type,Normal,Other,4,Wednesday,23,False,False
201800019627,NonLethal,NightStreelightsOn,Yes,NoIntersection,Normal,2Vehicles-Side,4,Friday,23,False,False
201800022934,NonLethal,TwilightOrDawn,No,NoIntersection,Normal,2Vehicles-Behind,2,Wednesday,7,False,False
201800012927,NonLethal,Daylight,No,NoIntersection,Normal,Other,3,Thursday,12,False,False
201800020375,Lethal,NightNoStreetLight,No,NoIntersection,Normal,2Vehicles-BehindVehicles-Frontal,5,Saturday,2,True,True
201800041007,NonLethal,Daylight,Yes,NoIntersection,Normal,3+Vehicles-Multiple,2,Friday,9,False,False