AccidentId,Gravity,Light,InAgglomeration,IntersectionType,Weather,CollisionType,Month,DayOfWeek,HourOfDay,IsWeekend,IsNight
201800027191,NonLethal,Daylight,Yes,NoIntersection,Normal,Other,3,Saturday,11,True,False
201800040862,NonLethal,NightStreelightsOn,Yes,NoIntersection,Normal,2Vehicles-Behind,4,Friday,23,False,False
201800041042,NonLethal,Daylight,Yes,NoIntersection,Normal,Other,7,Sunday,13,True,False
201800057117,NonLethal,NightNoStreetLight,No,Other,LightRain,2Vehicles-Behind,11,Friday,19,False,False
201800051875,NonLethal,NightStreelightsOff,Yes,T-type,LightRain,2Vehicles-Behind,11,Tuesday,17,False,False
201800048544,NonLethal,Daylight,Yes,Roundabout,Normal,2Vehicles-Side,9,Monday,18,False,False
201800056084,NonLethal,NightNoStreetLight,Yes,NoIntersection,Normal,NoCollision,12,Friday,20,False,False
201800019461,Lethal,Daylight,No,NoIntersection,Normal,2Vehicles-BehindVehicles-Frontal,7,Monday,17,False,False
201800010010,NonLethal,TwilightOrDawn,Yes,NoIntersection,Normal,2Vehicles-Side,10,Friday,18,False,False
201800042611,NonLethal,Daylight,Yes,NoIntersection,Normal,Other,11,Tuesday,11,False,False
201800001521,NonLethal,TwilightOrDawn,No,NoIntersection,Normal,2Vehicles-BehindVehicles-Frontal,4,Saturday,6,True,True
201800025553,NonLethal,Daylight,Yes,NoIntersection,Normal,2Vehicles-Side,10,Wednesday,8,False,False
201800047913,NonLethal,Daylight,No,NoIntersection,Normal,3+Vehicles-Chain,4,Wednesday,11,False,False
201800009190,NonLethal,Daylight,Yes,NoIntersection,Normal,NoCollision,6,Monday,15,False,False
201800041949,NonLethal,Daylight,Yes,NoIntersection,Overcast,Other,1,Wednesday,10,False,False
201800054595,NonLethal,Daylight,Yes,X-type,Overcast,Other,11,Thursday,9,False,False
201800056455,NonLethal,Daylight,No,NoIntersection,Normal,2Vehicles-BehindVehicles-Frontal,6,Sunday,18,True,False
201800057435,NonLethal,Daylight,No,T-type,LightRain,2Vehicles-Behind,3,Sunday,17,True,False
201800048392,NonLethal,Daylight,Yes,Other,Normal,Other,10,Sunday,11,True,False
201800033936,NonLethal,Daylight,Yes,T-type,LightRain,2Vehicles-Side,1,Wednesday,12,False,False
201800010671,NonLethal,NightNoStreetLight,No,NoIntersection,Normal,2Vehicles-BehindVehicles-Frontal,5,Wednesday,21,False,False
201800057638,NonLethal,Daylight,Yes,NoIntersection,Normal,3+Vehicles-Chain,6,Tuesday,14,False,False
201800039056,NonLethal,NightStreelightsOn,Yes,LevelCrossing,Overcast,Other,9,Saturday,18,True,False
201800055869,NonLethal,Daylight,No,NoIntersection,Normal,Other,11,Saturday,11,True,False
201800016732,NonLethal,NightNoStreetLight,No,Roundabout,Normal,NoCollision,11,Sunday,3,True,True
201800043155,NonLethal,Daylight,Yes,NoIntersection,Normal,Other,10,Thursday,14,False,False
201800018137,NonLethal,NightNoStreetLight,No,X-type,FogOrSmoke,2Vehicles-Side,11,Friday,4,False,True
201800005461,NonLethal,Daylight,Yes,T-type,Normal,2Vehicles-Side,9,Wednesday,17,False,False
201800022807,NonLethal,NightStreelightsOn,No,Roundabout,Overcast,Other,1,Monday,7,False,False
201800045500,NonLethal,Daylight,No,NoIntersection,Normal,2Vehicles-Side,11,Monday,10,False,False
201800049603,NonLethal,Daylight,No,NoIntersection,HeavyRain,2Vehicles-Side,10,Wednesday,12,False,False
201800019324,NonLethal,Daylight,No,NoIntersection,Normal,2Vehicles-BehindVehicles-Frontal,12,Friday,15,False,False
201800016378,NonLethal,Daylight,No,NoIntersection,Normal,2Vehicles-Side,9,Tuesday,8,False,False
201800004159,NonLethal,Daylight,No,T-type,Normal,2Vehicles-Side,3,Tuesday,10,False,False
201800014931,NonLethal,Daylight,Yes,Square,Normal,Other,8,Wednesday,12,False,False
201800022398,NonLethal,Daylight,Yes,NoIntersection,Normal,Other,9,Tuesday,16,False,False
201800030973,NonLethal,Daylight,No,NoIntersection,Normal,2Vehicles-Side,1,Monday,14,False,False
201800001736,NonLethal,Daylight,Yes,Roundabout,Normal,2Vehicles-Side,2,Wednesday,7,False,False
201800047807,NonLethal,NightStreelightsOn,Yes,NoIntersection,Normal,Other,11,Thursday,21,False,False
201800050475,NonLethal,Daylight,Yes,X-type,Normal,2Vehicles-Side,9,Saturday,15,True,False
201800037152,NonLethal,Daylight,Yes,NoIntersection,Normal,2Vehicles-Side,6,Wednesday,13,False,False
201800046077,NonLethal,NightStreelightsOn,No,NoIntersection,Normal,2Vehicles-Side,9,Tuesday,8,False,False
201800029735,NonLethal,NightStreelightsOn,Yes,X-type,Normal,2Vehicles-Side,11,Wednesday,20,False,False
201800002630,NonLethal,NightNoStreetLight,No,NoIntersection,Normal,NoCollision,2,Tuesday,5,False,True
201800011676,NonLethal,NightNoStreetLight,No,NoIntersection,Normal,2Vehicles-BehindVehicles-Frontal,9,Saturday,21,True,False
201800036639,NonLethal,NightStreelightsOn,Yes,NoIntersection,Normal,Other,10,Monday,6,False,True
201800054044,NonLethal,TwilightOrDawn,Yes,MoreThan4Branches,Normal,2Vehicles-Side,3,Sunday,20,True,False
201800008012,NonLethal,TwilightOrDawn,Yes,NoIntersection,LightRain,2Vehicles-Side,2,Thursday,6,False,True
201800039126,NonLethal,Daylight,Yes,NoIntersection,Normal,NoCollision,10,Thursday,14,False,False
201800051436,NonLethal,Daylight,Yes,X-type,Overcast,NoCollision,2,Thursday,10,False,False
201800041307,NonLethal,Daylight,No,X-type,FogOrSmoke,2Vehicles-Side,11,Friday,7,False,False
201800054217,NonLethal,Daylight,Yes,T-type,Normal,Other,9,Friday,12,False,False
201800052727,NonLethal,Daylight,Yes,T-type,Normal,2Vehicles-Side,5,Saturday,16,True,False
201800028481,NonLethal,Daylight,Yes,X-type,Normal,2Vehicles-Side,12,Friday,8,False,False
201800011353,NonLethal,Daylight,No,NoIntersection,VeryGood,2Vehicles-BehindVehicles-Frontal,7,Monday,19,False,False
201800010707,NonLethal,Daylight,Yes,MoreThan4Branches,LightRain,2Vehicles-Side,1,Thursday,15,False,False
201800009240,NonLethal,Daylight,Yes,Other,Normal,2Vehicles-Side,6,Tuesday,15,False,False
201800013396,NonLethal,Daylight,No,X-type,Normal,2Vehicles-Side,9,Friday,18,False,False
201800015228,NonLethal,Daylight,Yes,NoIntersection,VeryGood,Other,7,Monday,18,False,False
201800037968,NonLethal,Daylight,Yes,NoIntersection,Normal,2Vehicles-Behind,10,Wednesday,10,False,False
201800052972,NonLethal,Daylight,Yes,X-type,Normal,2Vehicles-Side,7,Wednesday,13,False,False
201800053136,NonLethal,Daylight,Yes,X-type,Normal,2Vehicles-Side,4,Tuesday,15,False,False
201800020067,Lethal,NightNoStreetLight,No,NoIntersection,Normal,Other,7,Saturday,0,True,True
201800022930,NonLethal,NightNoStreetLight,Yes,NoIntersection,Normal,2Vehicles-Side,12,Sunday,19,True,False
201800012868,NonLethal,Daylight,No,T-type,Normal,2Vehicles-Side,9,Saturday,14,True,False
201800008386,NonLethal,NightStreelightsOn,Yes,NoIntersection,Normal,Other,1,Tuesday,18,False,False
201800027404,NonLethal,Daylight,No,NoIntersection,Normal,Other,8,Monday,17,False,False
201800032088,NonLethal,Daylight,Yes,NoIntersection,Normal,Other,7,Monday,17,False,False
201800041302,NonLethal,NightStreelightsOn,No,NoIntersection,HeavyRain,2Vehicles-Behind,11,Sunday,21,True,False
201800012709,NonLethal,NightNoStreetLight,No,NoIntersection,Normal,Other,9,Saturday,0,True,True
201800036354,NonLethal,Daylight,Yes,NoIntersection,HeavyRain,Other,1,Tuesday,12,False,False
201800024127,NonLethal,Daylight,No,X-type,Normal,2Vehicles-BehindVehicles-Frontal,1,Wednesday,16,False,False
201800001721,NonLethal,Daylight,No,NoIntersection,Normal,2Vehicles-Side,7,Saturday,12,True,False
201800010520,NonLethal,Daylight,No,Roundabout,Normal,NoCollision,4,Saturday,11,True,False
201800055944,NonLethal,Daylight,Yes,T-type,Normal,2Vehicles-Side,8,Friday,16,False,False
201800008284,NonLethal,Daylight,Yes,NoIntersection,Normal,2Vehicles-Side,2,Thursday,15,False,False
201800052576,NonLethal,NightStreelightsOn,Yes,T-type,Normal,Other,10,Sunday,20,True,False
201800014212,NonLethal,NightNoStreetLight,No,NoIntersection,Normal,3+Vehicles-Multiple,9,Sunday,20,True,False
201800044716,NonLethal,Daylight,No,NoIntersection,Normal,3+Vehicles-Chain,3,Sunday,17,True,False
201800021267,NonLethal,NightStreelightsOn,Yes,NoIntersection,Normal,Other,12,Sunday,18,True,False
201800033397,NonLethal,NightStreelightsOn,Yes,NoIntersection,Normal,Other,9,Wednesday,1,False,True
201800016391,NonLethal,Daylight,Yes,NoIntersection,Normal,2Vehicles-Side,4,Saturday,13,True,False
201800020988,NonLethal,NightStreelightsOn,Yes,Roundabout,HeavyRain,2Vehicles-Side,5,Monday,23,False,False
201800028541,NonLethal,Daylight,Yes,NoIntersection,Normal,2Vehicles-Behind,9,Tuesday,11,False,False
201800017750,NonLethal,Daylight,Yes,NoIntersection,LightRain,Other,1,Tuesday,15,False,False
201800039376,NonLethal,Daylight,Yes,NoIntersection,Normal,Other,5,Friday,15,False,False
201800049462,NonLethal,Daylight,No,Other,Normal,3+Vehicles-Chain,10,Thursday,9,False,False
201800018147,NonLethal,Daylight,No,X-type,Normal,2Vehicles-Side,9,Friday,16,False,False
201800046533,NonLethal,Daylight,No,NoIntersection,Normal,3+Vehicles-Chain,4,Friday,17,False,False
201800032666,NonLethal,Daylight,Yes,X-type,Overcast,3+Vehicles-Multiple,12,Tuesday,12,False,False
201800020075,NonLethal,NightNoStreetLight,No,NoIntersection,Normal,Other,2,Thursday,21,False,False
201800017615,Lethal,TwilightOrDawn,No,X-type,Normal,2Vehicles-Side,8,Sunday,20,True,False
201800019889,NonLethal,Daylight,No,NoIntersection,Normal,2Vehicles-Side,8,Monday,14,False,False
201800039758,NonLethal,Daylight,Yes,NoIntersection,LightRain,Other,11,Wednesday,10,False,False
201800004064,NonLethal,Daylight,No,NoIntersection,Normal,2Vehicles-Behind,7,Friday,7,False,False
201800038697,NonLethal,Daylight,Yes,NoIntersection,Normal,2Vehicles-Side,5,Thursday,18,False,False
201800046586,NonLethal,Daylight,No,NoIntersection,LightRain,3+Vehicles-Chain,5,Monday,14,False,False
201800022347,NonLethal,Daylight,No,NoIntersection,Overcast,Other,10,Saturday,17,True,False
201800007966,NonLethal,TwilightOrDawn,Yes,T-type,Overcast,2Vehicles-Behind,12,Monday,9,False,False
201800042521,NonLethal,Daylight,Yes,NoIntersection,Normal,2Vehicles-Behind,11,Wednesday,15,False,False
201800044784,NonLethal,Daylight,No,NoIntersection,Normal,Other,4,Tuesday,18,False,False
201800015327,Lethal,Daylight,No,Roundabout,Normal,Other,6,Saturday,17,True,False
201800048604,NonLethal,Daylight,Yes,T-type,Normal,2Vehicles-Side,10,Monday,8,False,False
201800005553,Lethal,NightStreelightsOn,No,NoIntersection,Normal,NoCollision,1,Thursday,20,False,False
201800047904,NonLethal,TwilightOrDawn,No,NoIntersection,Normal,Other,2,Thursday,8,False,False
201800054011,NonLethal,Daylight,Yes,X-type,Overcast,2Vehicles-Side,2,Wednesday,11,False,False
201800047345,NonLethal,TwilightOrDawn,Yes,NoIntersection,HeavyRain,Other,1,Friday,7,False,False
201800035276,NonLethal,Daylight,No,NoIntersection,Normal,2Vehicles-BehindVehicles-Frontal,4,Friday,20,False,False
201800043200,NonLethal,NightStreelightsOn,Yes,NoIntersection,Normal,Other,3,Friday,21,False,False
201800042003,NonLethal,Daylight,Yes,X-type,Normal,2Vehicles-Side,11,Tuesday,19,False,False
201800016798,NonLethal,Daylight,No,NoIntersection,Normal,NoCollision,1,Friday,15,False,False
201800055479,NonLethal,Daylight,Yes,NoIntersection,Normal,Other,4,Saturday,10,True,False
201800033462,NonLethal,Daylight,Yes,X-type,Normal,3+Vehicles-Multiple,4,Thursday,13,False,False
201800017600,NonLethal,Daylight,No,NoIntersection,HeavyRain,Other,8,Tuesday,19,False,False
201800053779,NonLethal,Daylight,Yes,T-type,Normal,Other,5,Saturday,15,True,False
201800053316,NonLethal,Daylight,Yes,NoIntersection,LightRain,Other,3,Wednesday,9,False,False
201800046915,NonLethal,Daylight,No,NoIntersection,Normal,3+Vehicles-Chain,9,Saturday,9,True,False
201800034305,NonLethal,Daylight,Yes,NoIntersection,LightRain,Other,12,Friday,13,False,False
201800018668,NonLethal,Daylight,Yes,NoIntersection,Normal,Other,6,Friday,18,False,False
201800000403,Lethal,Daylight,No,NoIntersection,LightRain,2Vehicles-BehindVehicles-Frontal,8,Wednesday,9,False,False
201800053869,NonLethal,Daylight,Yes,MoreThan4Branches,Normal,Other,7,Monday,12,False,False
201800023168,NonLethal,Daylight,Yes,X-type,Normal,2Vehicles-Side,7,Thursday,12,False,False
201800003013,NonLethal,Daylight,No,T-type,HeavyRain,2Vehicles-BehindVehicles-Frontal,1,Monday,13,False,False
201800017211,NonLethal,Daylight,No,NoIntersection,Normal,NoCollision,8,Monday,14,False,False
201800041534,NonLethal,Daylight,Yes,NoIntersection,Normal,Other,12,Thursday,13,False,False
201800014826,NonLethal,TwilightOrDawn,No,NoIntersection,Normal,NoCollision,6,Friday,4,False,True
201800017530,NonLethal,NightNoStreetLight,No,NoIntersection,LightRain,NoCollision,11,Friday,22,False,False
201800022811,NonLethal,Daylight,Yes,NoIntersection,Normal,2Vehicles-Behind,3,Wednesday,12,False,False
201800047464,NonLethal,Daylight,Yes,NoIntersection,Normal,NoCollision,4,Tuesday,8,False,False
201800054960,NonLethal,NightStreelightsOn,Yes,T-type,Normal,Other,3,Friday,4,False,True
201800002029,NonLethal,NightNoStreetLight,No,NoIntersection,Normal,NoCollision,8,Sunday,2,True,True
201800013703,NonLethal,Daylight,Yes,X-type,Normal,2Vehicles-Side,4,Monday,13,False,False
201800044645,NonLethal,Daylight,No,NoIntersection,LightRain,2Vehicles-Side,3,Friday,13,False,False
201800017291,Lethal,NightNoStreetLight,No,NoIntersection,Normal,2Vehicles-BehindVehicles-Frontal,5,Thursday,22,False,False
201800057160,NonLethal,Daylight,Yes,NoIntersection,Normal,2Vehicles-Behind,10,Tuesday,11,False,False
201800003377,NonLethal,NightNoStreetLight,Yes,NoIntersection,Normal,2Vehicles-BehindVehicles-Frontal,12,Wednesday,19,False,False
201800050437,NonLethal,Daylight,Yes,X-type,Normal,Other,3,Thursday,9,False,False
201800052286,NonLethal,NightStreelightsOn,Yes,NoIntersection,Normal,Other,8,Sunday,4,True,True
201800013413,NonLethal,Daylight,Yes,X-type,Normal,2Vehicles-Side,9,Monday,18,False,False
201800026186,NonLethal,Daylight,No,NoIntersection,Normal,2Vehicles-Side,9,Wednesday,10,False,False
201800052642,NonLethal,NightStreelightsOn,Yes,NoIntersection,StrongWindOrStorm,2Vehicles-Side,5,Tuesday,18,False,False
201800023573,NonLethal,Daylight,No,NoIntersection,Normal,2Vehicles-BehindVehicles-Frontal,5,Sunday,7,True,False
201800026425,NonLethal,Daylight,Yes,NoIntersection,Normal,Other,10,Tuesday,9,False,False
201800005205,NonLethal,Daylight,Yes,NoIntersection,Normal,Other,5,Thursday,11,False,False
201800039969,NonLethal,Daylight,Yes,NoIntersection,Normal,2Vehicles-Side,6,Tuesday,14,False,False
201800040381,NonLethal,Daylight,Yes,MoreThan4Branches,Normal,Other,12,Tuesday,15,False,False
201800007627,NonLethal,Daylight,Yes,NoIntersection,LightRain,2Vehicles-Behind,6,Wednesday,17,False,False
201800012773,NonLethal,Daylight,No,NoIntersection,Normal,2Vehicles-Behind,10,Saturday,14,True,False
201800051885,NonLethal,NightStreelightsOn,Yes,T-type,Normal,2Vehicles-Behind,12,Sunday,17,True,False
201800047348,NonLethal,NightStreelightsOn,Yes,X-type,HeavyRain,NoCollision,1,Friday,19,False,False
201800001221,NonLethal,NightNoStreetLight,No,NoIntersection,Normal,NoCollision,6,Friday,4,False,True
201800036710,NonLethal,NightStreelightsOn,Yes,NoIntersection,Normal,2Vehicles-Side,5,Thursday,22,False,False
201800056236,NonLethal,Daylight,Yes,X-type,Normal,2Vehicles-Side,4,Wednesday,8,False,False
201800042007,NonLethal,NightStreelightsOn,Yes,X-type,Normal,Other,6,Monday,22,False,False
201800038972,NonLethal,TwilightOrDawn,Yes,NoIntersection,LightRain,NoCollision,11,Monday,8,False,False
201800003682,NonLethal,Daylight,No,Y-type,Normal,2Vehicles-BehindVehicles-Frontal,12,Sunday,10,True,False
201800041139,NonLethal,NightStreelightsOn,No,T-type,Normal,2Vehicles-Side,4,Tuesday,0,False,True
201800047015,NonLethal,Daylight,No,NoIntersection,Normal,3+Vehicles-Chain,11,Saturday,10,True,False
201800053018,NonLethal,Daylight,Yes,T-type,Normal,2Vehicles-Side,5,Sunday,12,True,False
201800035317,NonLethal,Daylight,Yes,NoIntersection,Normal,NoCollision,12,Monday,9,False,False
201800054721,NonLethal,NightStreelightsOn,Yes,NoIntersection,Normal,2Vehicles-Side,5,Friday,0,False,True
201800039992,NonLethal,NightStreelightsOn,Yes,NoIntersection,Normal,2Vehicles-Behind,8,Wednesday,21,False,False
201800046590,NonLethal,Daylight,No,NoIntersection,Normal,2Vehicles-Side,5,Tuesday,11,False,False
201800033997,NonLethal,Daylight,Yes,X-type,Normal,2Vehicles-Side,5,Sunday,15,True,False
201800007422,NonLethal,Daylight,Yes,NoIntersection,LightRain,Other,9,Friday,8,False,False
201800045010,NonLethal,Daylight,No,NoIntersection,Normal,2Vehicles-Behind,6,Tuesday,7,False,False
201800004291,NonLethal,Daylight,Yes,T-type,Normal,2Vehicles-Side,4,Tuesday,20,False,False
201800033443,NonLethal,NightStreelightsOn,Yes,T-type,Normal,2Vehicles-BehindVehicles-Frontal,3,Saturday,21,True,False
201800012650,NonLethal,Daylight,No,NoIntersection,Normal,Other,3,Friday,12,False,False
201800015308,NonLethal,Daylight,No,T-type,Normal,NoCollision,8,Tuesday,13,False,False
201800041465,NonLethal,Daylight,Yes,NoIntersection,Normal,NoCollision,7,Saturday,9,True,False
201800005387,NonLethal,Daylight,Yes,NoIntersection,LightRain,2Vehicles-Behind,5,Tuesday,11,False,False
201800036558,NonLethal,Daylight,Yes,T-type,Normal,Other,10,Monday,17,False,False
201800015629,NonLethal,Daylight,No,NoIntersection,Normal,2Vehicles-BehindVehicles-Frontal,12,Monday,15,False,False
201800051725,NonLethal,Daylight,Yes,X-type,Normal,2Vehicles-Side,5,Wednesday,14,False,False
201800004078,NonLethal,Daylight,No,X-type,Normal,2Vehicles-Side,6,Thursday,16,False,False
201800016233,NonLethal,Daylight,Yes,Y-type,Normal,2Vehicles-Side,10,Wednesday,14,False,False
201800040104,NonLethal,Daylight,Yes,T-type,LightRain,2Vehicles-Behind,1,Saturday,15,True,False
201800049070,NonLethal,TwilightOrDawn,No,NoIntersection,Normal,3+Vehicles-Chain,11,Tuesday,17,False,False
201800040175,NonLethal,Daylight,Yes,X-type,Normal,2Vehicles-Side,3,Friday,9,False,False
201800032139,NonLethal,Daylight,Yes,NoIntersection,Normal,NoCollision,9,Tuesday,12,False,False
201800022213,NonLethal,NightStreelightsOn,Yes,NoIntersection,Normal,Other,9,Wednesday,5,False,True
201800016676,NonLethal,Daylight,No,NoIntersection,Normal,NoCollision,9,Thursday,13,False,False
201800004194,NonLethal,Daylight,No,T-type,VeryGood,2Vehicles-BehindVehicles-Frontal,8,Monday,6,False,True
201800007265,NonLethal,Daylight,Yes,Other,Normal,Other,4,Monday,13,False,False
201800013457,NonLethal,NightNoStreetLight,No,NoIntersection,Normal,Other,12,Saturday,18,True,False
201800044974,NonLethal,Daylight,No,NoIntersection,Normal,3+Vehicles-Multiple,6,Wednesday,14,False,False
201800047169,NonLethal,Daylight,Yes,NoIntersection,Normal,2Vehicles-Side,1,Sunday,11,True,False
201800017626,Lethal,NightNoStreetLight,No,NoIntersection,Normal,2Vehicles-BehindVehicles-Frontal,12,Thursday,20,False,False
201800027426,NonLethal,Daylight,Yes,NoIntersection,Normal,2Vehicles-Behind,9,Friday,12,False,False
201800023206,NonLethal,Daylight,Yes,X-type,Normal,2Vehicles-Side,8,Thursday,11,False,False
201800016776,NonLethal,Daylight,Yes,NoIntersection,Normal,Other,2,Friday,17,False,False
201800008985,NonLethal,NightStreelightsOn,Yes,NoIntersection,Normal,2Vehicles-Side,5,Friday,23,False,False
201800017156,NonLethal,Daylight,Yes,NoIntersection,Normal,Other,4,Friday,16,False,False
201800007579,NonLethal,NightNoStreetLight,No,NoIntersection,LightRain,NoCollision,11,Friday,23,False,False
201800003974,Lethal,NightNoStreetLight,No,NoIntersection,Normal,Other,5,Thursday,2,False,True
201800026184,NonLethal,Daylight,Yes,Other,Normal,2Vehicles-Behind,5,Monday,17,False,False
201800038265,NonLethal,NightStreelightsOn,Yes,X-type,Normal,Other,1,Friday,18,False,False
201800035956,NonLethal,Daylight,Yes,NoIntersection,Normal,2Vehicles-Side,11,Wednesday,16,False,False
201800025431,NonLethal,Daylight,Yes,T-type,Normal,2Vehicles-Side,7,Monday,18,False,False
201800036157,NonLethal,Daylight,Yes,NoIntersection,Normal,2Vehicles-Behind,8,Wednesday,9,False,False
201800034123,NonLethal,NightStreelightsOn,Yes,X-type,Normal,Other,11,Friday,20,False,False
201800018109,NonLethal,Daylight,Yes,T-type,Overcast,2Vehicles-Side,7,Friday,11,False,False
201800055559,NonLethal,Daylight,Yes,NoIntersection,Normal,Other,8,Thursday,17,False,False
201800053005,NonLethal,Daylight,Yes,T-type,Normal,Other,10,Friday,19,False,False
201800049037,NonLethal,Daylight,No,NoIntersection,Normal,2Vehicles-Behind,10,Monday,15,False,False
201800038848,NonLethal,Daylight,Yes,T-type,Normal,2Vehicles-Side,9,Monday,11,False,False
201800043907,NonLethal,Daylight,No,NoIntersection,Normal,3+Vehicles-Chain,11,Sunday,15,True,False
201800023209,NonLethal,Daylight,Yes,T-type,Normal,2Vehicles-Side,8,Friday,15,False,False
201800052165,NonLethal,Daylight,Yes,NoIntersection,Normal,Other,9,Sunday,17,True,False
201800016187,NonLethal,Daylight,Yes,T-type,Normal,2Vehicles-Side,9,Saturday,12,True,False
201800033672,NonLethal,Daylight,Yes,NoIntersection,Normal,Other,2,Sunday,17,True,False
201800019283,NonLethal,NightNoStreetLight,No,NoIntersection,Normal,2Vehicles-Side,1,Tuesday,17,False,False
201800037101,NonLethal,Daylight,Yes,NoIntersection,Normal,2Vehicles-Side,6,Friday,6,False,True
201800000472,NonLethal,NightStreelightsOn,No,T-type,FogOrSmoke,2Vehicles-Behind,11,Friday,19,False,False
201800034373,NonLethal,Daylight,Yes,NoIntersection,Normal,Other,8,Monday,10,False,False
201800001446,Lethal,NightNoStreetLight,No,NoIntersection,Normal,Other,8,Wednesday,4,False,True
201800038427,NonLethal,NightNoStreetLight,Yes,NoIntersection,Normal,2Vehicles-Side,4,Sunday,20,True,False
201800018140,NonLethal,NightNoStreetLight,No,NoIntersection,Normal,NoCollision,3,Saturday,5,True,True
201800018318,NonLethal,Daylight,Yes,NoIntersection,Normal,2Vehicles-BehindVehicles-Frontal,3,Monday,7,False,False
201800042312,NonLethal,Daylight,Yes,NoIntersection,Normal,Other,6,Monday,9,False,False
201800011585,Lethal,Daylight,No,NoIntersection,Normal,2Vehicles-Side,6,Sunday,7,True,False
201800014171,NonLethal,TwilightOrDawn,No,NoIntersection,Normal,2Vehicles-BehindVehicles-Frontal,3,Sunday,16,True,False
201800029866,NonLethal,TwilightOrDawn,Yes,NoIntersection,Normal,Other,10,Wednesday,7,False,False
201800037418,NonLethal,Daylight,Yes,NoIntersection,Normal,2Vehicles-Side,3,Wednesday,9,False,False
201800014844,NonLethal,Daylight,No,NoIntersection,Normal,2Vehicles-BehindVehicles-Frontal,12,Monday,11,False,False
201800009139,NonLethal,Daylight,Yes,NoIntersection,Normal,2Vehicles-Behind,6,Friday,15,False,False
201800052351,NonLethal,Daylight,Yes,X-type,LightRain,Other,7,Tuesday,15,False,False
201800046618,NonLethal,Daylight,No,NoIntersection,VeryGood,3+Vehicles-Chain,5,Friday,12,False,False
201800027647,NonLethal,Daylight,No,NoIntersection,Normal,2Vehicles-BehindVehicles-Frontal,8,Friday,17,False,False
201800023845,NonLethal,Daylight,Yes,X-type,Normal,Other,1,Friday,14,False,False
201800047982,NonLethal,Daylight,No,NoIntersection,Normal,NoCollision,10,Wednesday,7,False,False
201800027998,NonLethal,NightStreelightsOn,Yes,NoIntersection,Normal,Other,4,Friday,22,False,False
201800010268,NonLethal,Daylight,Yes,NoIntersection,Normal,Other,2,Friday,11,False,False
201800026320,NonLethal,Daylight,Yes,X-type,Normal,2Vehicles-Side,7,Wednesday,9,False,False
201800007725,NonLethal,Daylight,No,NoIntersection,Normal,Other,4,Monday,15,False,False
201800054209,NonLethal,Daylight,Yes,T-type,Normal,Other,9,Thursday,12,False,False
201800032376,NonLethal,NightStreelightsOn,Yes,X-type,Normal,2Vehicles-Side,2,Friday,20,False,False
201800049888,NonLethal,Daylight,No,NoIntersection,Normal,2Vehicles-Side,6,Friday,15,False,False
201800042622,NonLethal,NightStreelightsOn,Yes,NoIntersection,HeavyRain,Other,11,Tuesday,22,False,False
201800006833,NonLethal,Daylight,Yes,Y-type,Normal,Other,10,Saturday,9,True,False
201800052161,NonLethal,Daylight,Yes,NoIntersection,Normal,3+Vehicles-Chain,9,Friday,18,False,False
201800007564,NonLethal,Daylight,No,NoIntersection,Normal,2Vehicles-Behind,6,Sunday,9,True,False
201800004505,NonLethal,Daylight,Yes,X-type,Normal,3+Vehicles-Chain,4,Monday,12,False,False
201800054883,NonLethal,Daylight,Yes,T-type,Normal,2Vehicles-BehindVehicles-Frontal,12,Monday,9,False,False
201800051637,NonLethal,Daylight,Yes,X-type,HeavyRain,2Vehicles-Behind,1,Tuesday,16,False,False
201800035423,NonLethal,Daylight,Yes,NoIntersection,Normal,3+Vehicles-Multiple,1,Saturday,15,True,False
201800025880,NonLethal,NightStreelightsOn,Yes,NoIntersection,Normal,2Vehicles-Side,3,Saturday,19,True,False
201800015710,NonLethal,Daylight,No,T-type,Normal,2Vehicles-Side,5,Saturday,12,True,False
201800028294,NonLethal,TwilightOrDawn,Yes,NoIntersection,Normal,3+Vehicles-Chain,11,Thursday,17,False,False
201800037619,NonLethal,Daylight,Yes,X-type,Normal,2Vehicles-Side,7,Friday,16,False,False
201800052511,NonLethal,Daylight,Yes,NoIntersection,Normal,Other,8,Thursday,18,False,False
201800037354,NonLethal,Daylight,Yes,NoIntersection,Normal,Other,4,Thursday,19,False,False
201800048952,NonLethal,Daylight,No,NoIntersection,Normal,3+Vehicles-Chain,7,Friday,15,False,False
201800022653,NonLethal,Daylight,No,NoIntersection,LightRain,2Vehicles-BehindVehicles-Frontal,10,Monday,18,False,False
201800035267,NonLethal,NightNoStreetLight,No,X-type,LightRain,2Vehicles-Side,1,Monday,21,False,False
201800016617,NonLethal,Daylight,No,T-type,Normal,3+Vehicles-Multiple,9,Friday,7,False,False
201800014015,NonLethal,Daylight,Yes,NoIntersection,Normal,Other,1,Monday,14,False,False
201800010602,NonLethal,Daylight,Yes,Roundabout,Normal,2Vehicles-Side,4,Thursday,14,False,False
201800017166,NonLethal,Daylight,No,NoIntersection,LightRain,2Vehicles-BehindVehicles-Frontal,3,Thursday,13,False,False
201800055053,NonLethal,NightStreelightsOn,Yes,Square,Normal,2Vehicles-Side,6,Monday,22,False,False
201800007063,NonLethal,Daylight,Yes,NoIntersection,Normal,Other,1,Tuesday,7,False,False
201800001668,NonLethal,Daylight,Yes,NoIntersection,Normal,2Vehicles-Behind,4,Friday,18,False,False
201800022019,NonLethal,Daylight,Yes,T-type,Normal,Other,3,Tuesday,9,False,False
201800002221,NonLethal,Daylight,Yes,NoIntersection,Normal,2Vehicles-BehindVehicles-Frontal,10,Saturday,12,True,False