AccidentId,Gravity,Light,InAgglomeration,IntersectionType,Weather,CollisionType,Month,DayOfWeek,HourOfDay,IsWeekend,IsNight
201800017798,Lethal,Daylight,No,X-type,FogOrSmoke,Other,10,Tuesday,9,False,False
201800048244,NonLethal,Daylight,Yes,NoIntersection,Normal,2Vehicles-Behind,5,Monday,12,False,False
201800030254,NonLethal,Daylight,Yes,NoIntersection,Normal,2Vehicles-Side,2,Friday,17,False,False
201800025018,NonLethal,Daylight,Yes,X-type,Normal,2Vehicles-Side,11,Sunday,12,True,False
201800048094,NonLethal,Daylight,Yes,T-type,Normal,2Vehicles-Side,2,Tuesday,16,False,False
201800037045,NonLethal,Daylight,Yes,NoIntersection,LightRain,2Vehicles-Side,5,Monday,8,False,False
201800018999,NonLethal,Daylight,No,T-type,LightRain,2Vehicles-Side,3,Wednesday,8,False,False
201800045433,NonLethal,Daylight,No,NoIntersection,Normal,Other,9,Tuesday,15,False,False
201800040023,NonLethal,NightStreelightsOn,Yes,NoIntersection,Normal,Other,11,Wednesday,21,False,False
201800013363,NonLethal,Daylight,No,T-type,Normal,2Vehicles-Behind,5,Saturday,14,True,False
201800045801,NonLethal,Daylight,No,NoIntersection,Normal,3+Vehicles-Multiple,4,Thursday,18,False,False
201800008240,NonLethal,Daylight,Yes,Roundabout,Normal,2Vehicles-Side,11,Sunday,16,True,False
201800010662,NonLethal,Daylight,Yes,NoIntersection,Normal,Other,7,Wednesday,16,False,False
201800049061,NonLethal,NightStreelightsOn,No,NoIntersection,Normal,2Vehicles-Side,11,Friday,19,False,False
201800027337,NonLethal,Daylight,Yes,NoIntersection,Normal,Other,6,Friday,15,False,False
201800016624,NonLethal,Daylight,No,NoIntersection,Normal,NoCollision,5,Sunday,12,True,False
201800018834,NonLethal,Daylight,No,NoIntersection,Normal,2Vehicles-Behind,3,Wednesday,14,False,False
201800048689,NonLethal,Daylight,Yes,X-type,Overcast,2Vehicles-Side,11,Monday,7,False,False
201800046675,NonLethal,Daylight,No,NoIntersection,Normal,3+Vehicles-Multiple,6,Friday,17,False,False
201800034677,Lethal,NightStreelightsOff,Yes,NoIntersection,Normal,Other,4,Saturday,1,True,True
201800006618,NonLethal,NightNoStreetLight,No,NoIntersection,Normal,Other,6,Sunday,21,True,False
201800032204,NonLethal,Daylight,Yes,NoIntersection,LightRain,2Vehicles-Behind,10,Tuesday,9,False,False
201800045963,NonLethal,Daylight,No,NoIntersection,Normal,3+Vehicles-Chain,6,Saturday,19,True,False
201800022139,NonLethal,NightStreelightsOn,Yes,T-type,Normal,Other,1,Thursday,1,False,True
201800019523,NonLethal,Daylight,Yes,X-type,Normal,Other,6,Monday,7,False,False
201800046998,NonLethal,NightNoStreetLight,No,NoIntersection,Normal,NoCollision,10,Saturday,5,True,True
201800020435,NonLethal,Daylight,No,NoIntersection,Normal,Other,5,Sunday,15,True,False
201800032681,NonLethal,Daylight,No,NoIntersection,Normal,2Vehicles-BehindVehicles-Frontal,8,Friday,7,False,False
201800024298,NonLethal,Daylight,Yes,NoIntersection,HeavyRain,3+Vehicles-Chain,11,Sunday,14,True,False
201800038495,NonLethal,Daylight,Yes,NoIntersection,Normal,2Vehicles-Side,10,Monday,9,False,False
201800035904,NonLethal,Daylight,No,NoIntersection,VeryGood,Other,6,Thursday,16,False,False
201800039498,NonLethal,Daylight,Yes,NoIntersection,Normal,2Vehicles-Behind,6,Sunday,7,True,False
201800053294,NonLethal,Daylight,Yes,Square,LightRain,Other,3,Monday,8,False,False
201800054708,NonLethal,Daylight,Yes,NoIntersection,Normal,Other,4,Friday,8,False,False
201800021589,NonLethal,Daylight,No,NoIntersection,Normal,Other,6,Tuesday,14,False,False
201800045729,NonLethal,Daylight,No,NoIntersection,Normal,Other,2,Friday,8,False,False
201800035110,NonLethal,Daylight,Yes,NoIntersection,Normal,2Vehicles-Side,8,Tuesday,8,False,False
201800034002,NonLethal,Daylight,Yes,NoIntersection,Normal,Other,12,Thursday,15,False,False
201800025491,NonLethal,Daylight,Yes,X-type,Normal,2Vehicles-Side,9,Tuesday,13,False,False
201800032647,NonLethal,NightStreelightsOn,Yes,X-type,Normal,2Vehicles-Side,11,Monday,17,False,False
201800049279,NonLethal,NightNoStreetLight,No,NoIntersection,Normal,2Vehicles-Side,7,Saturday,22,True,False
201800049793,NonLethal,Daylight,No,NoIntersection,Normal,2Vehicles-Side,4,Monday,7,False,False
201800030719,NonLethal,NightStreelightsOn,Yes,NoIntersection,LightRain,Other,9,Saturday,19,True,False
201800051963,NonLethal,NightStreelightsOn,Yes,NoIntersection,SnowOrHail,2Vehicles-Side,3,Sunday,22,True,False
201800030047,NonLethal,Daylight,Yes,NoIntersection,Overcast,2Vehicles-BehindVehicles-Frontal,11,Tuesday,13,False,False
201800049438,NonLethal,Daylight,No,NoIntersection,Normal,3+Vehicles-Multiple,8,Wednesday,7,False,False
201800013373,NonLethal,Daylight,No,NoIntersection,Normal,Other,7,Wednesday,16,False,False
201800017031,Lethal,Daylight,No,NoIntersection,Normal,3+Vehicles-Multiple,9,Sunday,12,True,False
201800031033,NonLethal,Daylight,Yes,NoIntersection,Normal,2Vehicles-Behind,6,Friday,18,False,False
201800016207,NonLethal,Daylight,Yes,T-type,Normal,2Vehicles-Side,6,Sunday,18,True,False
201800023743,NonLethal,Daylight,No,Other,Normal,2Vehicles-Side,7,Thursday,10,False,False
201800025794,NonLethal,Daylight,Yes,NoIntersection,Normal,2Vehicles-Behind,1,Sunday,17,True,False
201800004175,NonLethal,Daylight,Yes,Roundabout,VeryGood,NoCollision,6,Thursday,18,False,False
201800048228,NonLethal,Daylight,Yes,NoIntersection,Normal,Other,5,Sunday,17,True,False
201800035025,NonLethal,NightStreelightsOn,Yes,X-type,Normal,2Vehicles-Side,4,Sunday,0,True,True
201800017182,NonLethal,TwilightOrDawn,No,NoIntersection,Normal,NoCollision,10,Sunday,17,True,False
201800009603,NonLethal,Daylight,Yes,NoIntersection,Normal,2Vehicles-Side,8,Tuesday,11,False,False
201800032753,NonLethal,Daylight,Yes,X-type,Normal,2Vehicles-Side,6,Friday,17,False,False
201800047513,NonLethal,Daylight,Yes,X-type,Normal,Other,5,Thursday,16,False,False
201800012453,NonLethal,TwilightOrDawn,No,T-type,Normal,2Vehicles-Side,9,Friday,7,False,False
201800017165,NonLethal,NightStreelightsOn,Yes,Other,Normal,Other,1,Monday,19,False,False
201800045948,NonLethal,Daylight,No,Other,Normal,Other,6,Saturday,8,True,False
201800035100,NonLethal,Daylight,Yes,NoIntersection,Normal,Other,7,Tuesday,18,False,False
201800007559,NonLethal,Daylight,No,NoIntersection,Normal,3+Vehicles-Multiple,9,Sunday,14,True,False
201800036212,NonLethal,Daylight,Yes,T-type,Normal,2Vehicles-Side,10,Monday,9,False,False
201800021377,NonLethal,Daylight,No,NoIntersection,Normal,Other,6,Tuesday,15,False,False
201800043647,NonLethal,Daylight,Yes,Square,Normal,2Vehicles-Side,3,Friday,14,False,False
201800045085,NonLethal,Daylight,No,NoIntersection,Normal,NoCollision,7,Tuesday,19,False,False
201800007056,NonLethal,Daylight,No,T-type,Overcast,2Vehicles-Side,2,Tuesday,14,False,False
201800056706,NonLethal,Daylight,No,NoIntersection,Normal,2Vehicles-Side,5,Thursday,17,False,False
201800050349,NonLethal,Daylight,Yes,X-type,Overcast,Other,12,Sunday,14,True,False
201800047866,NonLethal,TwilightOrDawn,Yes,T-type,Normal,Other,12,Thursday,16,False,False
201800045393,NonLethal,Daylight,No,NoIntersection,LightRain,NoCollision,10,Tuesday,10,False,False
201800052234,NonLethal,NightStreelightsOn,Yes,NoIntersection,Normal,2Vehicles-Behind,11,Monday,19,False,False
201800001611,NonLethal,Daylight,Yes,T-type,VeryGood,2Vehicles-Side,4,Thursday,17,False,False
201800015946,NonLethal,Daylight,Yes,NoIntersection,Normal,2Vehicles-BehindVehicles-Frontal,6,Tuesday,8,False,False
201800037517,NonLethal,TwilightOrDawn,Yes,NoIntersection,LightRain,2Vehicles-Behind,11,Tuesday,8,False,False
201800057474,Lethal,NightStreelightsOn,Yes,NoIntersection,Normal,2Vehicles-Side,6,Saturday,3,True,True
201800014789,NonLethal,TwilightOrDawn,Yes,NoIntersection,Overcast,NoCollision,12,Friday,16,False,False
201800034233,NonLethal,Daylight,No,NoIntersection,Normal,3+Vehicles-Multiple,4,Saturday,13,True,False
201800003159,NonLethal,Daylight,No,LevelCrossing,Normal,Other,4,Friday,17,False,False
201800055586,NonLethal,Daylight,Yes,NoIntersection,Normal,2Vehicles-Behind,9,Friday,9,False,False
201800043909,NonLethal,Daylight,No,NoIntersection,Normal,2Vehicles-Behind,11,Sunday,17,True,False
201800007551,NonLethal,Daylight,No,NoIntersection,Normal,NoCollision,12,Monday,15,False,False
201800042239,NonLethal,Daylight,Yes,Y-type,Normal,Other,2,Monday,9,False,False
201800008841,NonLethal,Daylight,Yes,NoIntersection,HeavyRain,Other,4,Wednesday,15,False,False
201800037315,NonLethal,NightStreelightsOn,Yes,NoIntersection,LightRain,3+Vehicles-Multiple,4,Tuesday,20,False,False
201800000187,Lethal,Daylight,Yes,NoIntersection,Normal,2Vehicles-Behind,2,Friday,17,False,False
201800004972,NonLethal,NightNoStreetLight,No,T-type,LightRain,2Vehicles-Side,12,Friday,18,False,False
201800055440,NonLethal,Daylight,Yes,NoIntersection,LightRain,Other,12,Thursday,9,False,False
201800009582,NonLethal,Daylight,Yes,NoIntersection,Normal,Other,8,Saturday,8,True,False
201800027646,NonLethal,Daylight,Yes,Square,Normal,2Vehicles-Side,8,Tuesday,14,False,False
201800030920,NonLethal,Daylight,Yes,NoIntersection,Normal,2Vehicles-Behind,10,Monday,13,False,False
201800003507,NonLethal,NightNoStreetLight,No,T-type,HeavyRain,2Vehicles-Side,10,Monday,20,False,False
201800001368,NonLethal,Daylight,Yes,Roundabout,LightRain,2Vehicles-Side,2,Saturday,14,True,False
201800035086,NonLethal,TwilightOrDawn,Yes,NoIntersection,Normal,Other,5,Monday,22,False,False
201800024599,NonLethal,NightNoStreetLight,No,NoIntersection,Normal,NoCollision,1,Sunday,19,True,False
201800035683,NonLethal,Daylight,Yes,Other,Normal,2Vehicles-Side,9,Tuesday,8,False,False
201800044127,NonLethal,Daylight,No,NoIntersection,Normal,2Vehicles-Behind,7,Sunday,16,True,False
201800033150,NonLethal,NightStreelightsOn,Yes,NoIntersection,Normal,NoCollision,8,Wednesday,23,False,False
201800051104,NonLethal,Daylight,Yes,Y-type,Normal,Other,6,Wednesday,12,False,False
201800052100,NonLethal,NightStreelightsOn,Yes,NoIntersection,Normal,2Vehicles-Behind,7,Wednesday,0,False,True
201800023063,NonLethal,Daylight,Yes,NoIntersection,Normal,2Vehicles-Side,11,Monday,12,False,False
201800028379,NonLethal,Daylight,Yes,NoIntersection,Normal,2Vehicles-Behind,3,Saturday,15,True,False
201800038838,NonLethal,Daylight,Yes,Roundabout,Normal,2Vehicles-Side,7,Thursday,7,False,False
201800045450,NonLethal,Daylight,No,NoIntersection,LightRain,Other,12,Tuesday,12,False,False
201800000715,NonLethal,Daylight,Yes,Roundabout,Normal,2Vehicles-Side,4,Wednesday,8,False,False
201800004292,NonLethal,NightNoStreetLight,No,NoIntersection,Normal,Other,5,Saturday,1,True,True
201800010993,NonLethal,Daylight,No,NoIntersection,Normal,2Vehicles-BehindVehicles-Frontal,8,Wednesday,15,False,False
201800010589,NonLethal,Daylight,No,NoIntersection,Other,2Vehicles-Side,12,Sunday,18,True,False
201800019830,NonLethal,NightStreelightsOff,Yes,NoIntersection,LightRain,Other,1,Monday,18,False,False
201800019474,Lethal,Daylight,No,NoIntersection,SnowOrHail,3+Vehicles-Multiple,3,Saturday,15,True,False
201800008165,NonLethal,Daylight,No,Roundabout,Normal,2Vehicles-Side,6,Friday,8,False,False
201800038684,NonLethal,Daylight,Yes,NoIntersection,Normal,2Vehicles-Behind,4,Thursday,12,False,False
201800053370,NonLethal,Daylight,Yes,NoIntersection,Normal,Other,5,Tuesday,10,False,False
201800032742,NonLethal,TwilightOrDawn,No,Y-type,Normal,Other,10,Sunday,6,True,True
201800021111,NonLethal,Daylight,Yes,NoIntersection,Normal,2Vehicles-Behind,8,Sunday,18,True,False
201800045960,NonLethal,Daylight,No,NoIntersection,Normal,3+Vehicles-Multiple,6,Friday,18,False,False
201800024050,NonLethal,TwilightOrDawn,Yes,T-type,Normal,Other,11,Wednesday,8,False,False
201800052871,NonLethal,TwilightOrDawn,Yes,T-type,Overcast,2Vehicles-Side,11,Thursday,8,False,False
201800005002,NonLethal,Daylight,No,NoIntersection,Normal,NoCollision,8,Wednesday,8,False,False
201800021488,NonLethal,Daylight,Yes,NoIntersection,Overcast,2Vehicles-Side,4,Thursday,9,False,False
201800024839,NonLethal,Daylight,Yes,X-type,Normal,2Vehicles-Side,5,Monday,12,False,False
201800027235,NonLethal,Daylight,Yes,NoIntersection,Normal,2Vehicles-Side,4,Tuesday,17,False,False
201800048416,NonLethal,Daylight,Yes,NoIntersection,Normal,2Vehicles-Side,7,Thursday,16,False,False
201800053227,NonLethal,NightStreelightsOn,Yes,Y-type,Normal,Other,1,Monday,5,False,True
201800003383,NonLethal,NightStreelightsOn,Yes,NoIntersection,Normal,Other,10,Thursday,19,False,False
201800022703,NonLethal,Daylight,No,NoIntersection,Normal,NoCollision,2,Friday,7,False,False
201800036890,NonLethal,Daylight,Yes,X-type,Overcast,2Vehicles-Side,12,Wednesday,9,False,False
201800045439,NonLethal,Daylight,No,NoIntersection,LightRain,Other,11,Saturday,13,True,False
201800048699,NonLethal,NightStreelightsOn,Yes,X-type,Normal,Other,11,Thursday,21,False,False
201800047021,NonLethal,Daylight,No,NoIntersection,HeavyRain,2Vehicles-Side,7,Wednesday,9,False,False
201800015959,NonLethal,TwilightOrDawn,No,T-type,SnowOrHail,2Vehicles-BehindVehicles-Frontal,11,Monday,17,False,False
201800024203,NonLethal,Daylight,Yes,Other,Normal,Other,6,Thursday,20,False,False
201800056117,NonLethal,NightNoStreetLight,Yes,Y-type,Normal,2Vehicles-BehindVehicles-Frontal,1,Sunday,22,True,False
201800054434,NonLethal,Daylight,Yes,T-type,Normal,2Vehicles-Side,5,Sunday,20,True,False
201800056819,NonLethal,Daylight,Yes,NoIntersection,Normal,Other,8,Wednesday,17,False,False
201800025963,NonLethal,Daylight,Yes,NoIntersection,LightRain,2Vehicles-Side,1,Friday,10,False,False
201800025881,NonLethal,Daylight,Yes,NoIntersection,Normal,2Vehicles-Side,3,Saturday,15,True,False
201800032357,NonLethal,Daylight,Yes,X-type,LightRain,3+Vehicles-Multiple,1,Friday,8,False,False
201800004144,Lethal,TwilightOrDawn,No,NoIntersection,Normal,Other,6,Sunday,6,True,True
201800040863,NonLethal,TwilightOrDawn,Yes,X-type,LightRain,2Vehicles-Side,4,Monday,19,False,False
201800027683,NonLethal,Daylight,Yes,NoIntersection,Normal,NoCollision,2,Wednesday,12,False,False
201800052496,NonLethal,NightStreelightsOn,Yes,NoIntersection,Normal,Other,8,Saturday,1,True,True
201800027108,NonLethal,Daylight,Yes,NoIntersection,Normal,NoCollision,5,Tuesday,9,False,False
201800052562,NonLethal,Daylight,Yes,NoIntersection,Normal,2Vehicles-Side,10,Friday,12,False,False
201800028982,NonLethal,NightNoStreetLight,No,NoIntersection,LightRain,Other,1,Saturday,19,True,False
201800010373,NonLethal,Daylight,No,NoIntersection,Normal,Other,2,Saturday,15,True,False
201800002956,NonLethal,Daylight,No,NoIntersection,Normal,2Vehicles-Behind,6,Saturday,18,True,False
201800054379,NonLethal,NightStreelightsOn,Yes,MoreThan4Branches,LightRain,2Vehicles-Side,12,Tuesday,21,False,False
201800000319,NonLethal,Daylight,No,NoIntersection,Normal,3+Vehicles-Chain,11,Saturday,14,True,False
201800054765,NonLethal,NightStreelightsOn,Yes,X-type,Normal,2Vehicles-Side,7,Friday,22,False,False
201800004011,NonLethal,Daylight,No,NoIntersection,Normal,2Vehicles-Side,11,Saturday,15,True,False
201800012268,NonLethal,Daylight,No,NoIntersection,HeavyRain,NoCollision,5,Wednesday,18,False,False
201800006022,NonLethal,Daylight,No,X-type,Normal,2Vehicles-Side,6,Wednesday,15,False,False
201800030489,NonLethal,Daylight,Yes,NoIntersection,Normal,Other,2,Monday,20,False,False
201800053396,NonLethal,Daylight,Yes,Y-type,LightRain,Other,6,Wednesday,19,False,False
201800000417,NonLethal,Daylight,No,X-type,Normal,2Vehicles-Side,7,Thursday,18,False,False
201800042178,NonLethal,Daylight,Yes,X-type,Normal,Other,5,Monday,16,False,False
201800018553,NonLethal,Daylight,No,NoIntersection,Normal,2Vehicles-BehindVehicles-Frontal,10,Saturday,12,True,False
201800032371,NonLethal,NightStreelightsOn,Yes,NoIntersection,LightRain,2Vehicles-Behind,2,Thursday,7,False,False
201800002890,NonLethal,Daylight,Yes,NoIntersection,Normal,Other,4,Friday,11,False,False
201800018176,NonLethal,Daylight,No,X-type,Overcast,2Vehicles-Side,5,Sunday,11,True,False
201800028977,NonLethal,Daylight,No,T-type,Normal,Other,8,Monday,19,False,False
201800008675,NonLethal,NightStreelightsOn,Yes,X-type,Normal,2Vehicles-Behind,3,Thursday,19,False,False
201800012484,NonLethal,NightNoStreetLight,No,NoIntersection,Normal,Other,7,Tuesday,1,False,True
201800040248,NonLethal,NightStreelightsOn,Yes,NoIntersection,LightRain,2Vehicles-Behind,11,Monday,0,False,True
201800000153,NonLethal,NightStreelightsOn,Yes,NoIntersection,FogOrSmoke,NoCollision,11,Saturday,5,True,True
201800033714,NonLethal,Daylight,Yes,T-type,Normal,2Vehicles-BehindVehicles-Frontal,1,Monday,8,False,False
201800030998,NonLethal,Daylight,Yes,NoIntersection,Normal,2Vehicles-Behind,5,Monday,12,False,False
201800051168,NonLethal,Daylight,Yes,X-type,Normal,2Vehicles-Side,8,Saturday,15,True,False
201800048477,NonLethal,Daylight,Yes,T-type,Normal,2Vehicles-Side,8,Sunday,18,True,False
201800019841,NonLethal,TwilightOrDawn,Yes,NoIntersection,Normal,2Vehicles-BehindVehicles-Frontal,3,Thursday,8,False,False
201800052186,NonLethal,TwilightOrDawn,Yes,X-type,Normal,2Vehicles-Side,1,Wednesday,7,False,False
201800022068,NonLethal,Daylight,Yes,NoIntersection,Normal,2Vehicles-Side,6,Wednesday,16,False,False
201800014928,NonLethal,Daylight,No,NoIntersection,Normal,Other,6,Wednesday,19,False,False
201800042453,NonLethal,Daylight,Yes,X-type,Normal,Other,4,Friday,16,False,False
201800010024,NonLethal,Daylight,Yes,Y-type,Normal,2Vehicles-Side,3,Sunday,14,True,False
201800006936,NonLethal,Daylight,No,NoIntersection,Normal,Other,6,Friday,10,False,False
201800056060,Lethal,NightNoStreetLight,No,NoIntersection,Normal,Other,12,Friday,19,False,False
201800032843,NonLethal,Daylight,Yes,NoIntersection,Normal,Other,6,Wednesday,20,False,False
201800036782,NonLethal,Daylight,Yes,NoIntersection,Normal,Other,8,Thursday,12,False,False
201800021577,NonLethal,Daylight,No,NoIntersection,Normal,NoCollision,7,Tuesday,21,False,False
201800001863,NonLethal,Daylight,Yes,NoIntersection,Normal,2Vehicles-BehindVehicles-Frontal,6,Wednesday,7,False,False
201800054634,NonLethal,NightStreelightsOn,Yes,MoreThan4Branches,HeavyRain,2Vehicles-Side,12,Sunday,23,True,False
201800006489,NonLethal,Daylight,Yes,T-type,Normal,2Vehicles-Behind,4,Saturday,20,True,False
201800014119,NonLethal,NightNoStreetLight,No,NoIntersection,LightRain,2Vehicles-Behind,1,Monday,18,False,False
201800006713,NonLethal,Daylight,No,NoIntersection,Normal,2Vehicles-Side,5,Tuesday,13,False,False
201800000129,NonLethal,NightStreelightsOn,Yes,T-type,Normal,2Vehicles-Side,3,Friday,21,False,False
201800044280,NonLethal,Daylight,No,Other,Normal,3+Vehicles-Chain,10,Thursday,9,False,False
201800022269,NonLethal,Daylight,Yes,NoIntersection,Normal,Other,1,Thursday,9,False,False
201800006964,NonLethal,Daylight,Yes,NoIntersection,Normal,2Vehicles-Side,6,Friday,11,False,False
201800019090,NonLethal,NightNoStreetLight,No,NoIntersection,LightRain,NoCollision,1,Sunday,18,True,False
201800000821,NonLethal,Daylight,Yes,NoIntersection,Normal,Other,11,Sunday,15,True,False
201800017771,NonLethal,Daylight,Yes,Other,Normal,2Vehicles-BehindVehicles-Frontal,9,Thursday,19,False,False
201800047303,NonLethal,Daylight,No,NoIntersection,LightRain,3+Vehicles-Chain,12,Monday,8,False,False
201800029687,NonLethal,NightStreelightsOn,Yes,NoIntersection,Normal,Other,12,Wednesday,1,False,True
201800011039,NonLethal,Daylight,No,NoIntersection,Normal,Other,4,Monday,17,False,False
201800052987,NonLethal,TwilightOrDawn,Yes,X-type,Normal,2Vehicles-Side,4,Friday,19,False,False
201800025795,Lethal,Daylight,No,NoIntersection,Normal,2Vehicles-BehindVehicles-Frontal,6,Sunday,14,True,False
201800037451,NonLethal,Daylight,Yes,NoIntersection,Normal,Other,6,Saturday,11,True,False
201800023339,NonLethal,Daylight,No,NoIntersection,Normal,3+Vehicles-Multiple,11,Saturday,9,True,False
201800032353,NonLethal,NightStreelightsOn,Yes,NoIntersection,Overcast,Other,1,Sunday,20,True,False
201800019108,NonLethal,Daylight,Yes,T-type,Normal,2Vehicles-BehindVehicles-Frontal,1,Saturday,17,True,False
201800030357,NonLethal,NightStreelightsOn,Yes,T-type,LightRain,2Vehicles-Side,11,Wednesday,17,False,False
201800033314,NonLethal,TwilightOrDawn,Yes,X-type,Normal,2Vehicles-Behind,7,Saturday,21,True,False
201800019173,NonLethal,Daylight,No,NoIntersection,Normal,Other,1,Friday,8,False,False
201800048443,NonLethal,Daylight,Yes,NoIntersection,Normal,2Vehicles-Side,1,Monday,20,False,False
201800007719,NonLethal,NightNoStreetLight,No,NoIntersection,Normal,2Vehicles-BehindVehicles-Frontal,11,Saturday,7,True,False
201800022474,NonLethal,Daylight,No,NoIntersection,LightRain,2Vehicles-Side,1,Sunday,12,True,False
201800006480,NonLethal,Daylight,No,NoIntersection,Normal,3+Vehicles-Chain,12,Saturday,16,True,False
201800052702,NonLethal,NightStreelightsOn,Yes,T-type,Normal,Other,7,Wednesday,22,False,False
201800049544,NonLethal,Daylight,No,NoIntersection,Normal,2Vehicles-Behind,3,Wednesday,14,False,False
201800045839,NonLethal,Daylight,No,NoIntersection,Normal,3+Vehicles-Chain,4,Friday,17,False,False
201800046370,Lethal,Daylight,No,NoIntersection,Normal,Other,1,Saturday,12,True,False
201800009785,NonLethal,Daylight,Yes,Y-type,Normal,2Vehicles-Side,9,Tuesday,7,False,False
201800053600,NonLethal,Daylight,Yes,X-type,Overcast,2Vehicles-Behind,11,Friday,11,False,False
201800007496,Lethal,Daylight,No,T-type,VeryGood,2Vehicles-Side,4,Thursday,18,False,False
201800039270,NonLethal,Daylight,Yes,NoIntersection,VeryGood,2Vehicles-Side,6,Wednesday,15,False,False
201800012345,NonLethal,Daylight,No,NoIntersection,LightRain,NoCollision,1,Thursday,9,False,False
201800025875,NonLethal,Daylight,Yes,NoIntersection,LightRain,2Vehicles-Side,1,Monday,9,False,False
201800053555,NonLethal,NightStreelightsOn,Yes,NoIntersection,Normal,Other,10,Wednesday,19,False,False
201800010067,NonLethal,TwilightOrDawn,No,NoIntersection,Normal,Other,11,Thursday,17,False,False
201800027767,NonLethal,Daylight,Yes,NoIntersection,Normal,Other,9,Sunday,11,True,False
201800057718,NonLethal,NightStreelightsOff,Yes,NoIntersection,Normal,Other,9,Saturday,20,True,False
201800053508,NonLethal,Daylight,No,Y-type,Normal,2Vehicles-Side,11,Friday,8,False,False
201800023135,NonLethal,Daylight,Yes,NoIntersection,Normal,Other,6,Wednesday,11,False,False
201800039936,NonLethal,NightStreelightsOn,Yes,NoIntersection,LightRain,2Vehicles-Behind,12,Sunday,20,True,False
201800003390,NonLethal,TwilightOrDawn,No,NoIntersection,Normal,3+Vehicles-Chain,3,Wednesday,7,False,False
201800048652,NonLethal,NightStreelightsOn,Yes,Other,LightRain,Other,10,Monday,17,False,False
201800038711,NonLethal,Daylight,Yes,NoIntersection,Normal,2Vehicles-Side,9,Wednesday,9,False,False
201800003894,NonLethal,Daylight,No,NoIntersection,Normal,3+Vehicles-Multiple,6,Sunday,15,True,False
201800057644,NonLethal,NightNoStreetLight,Yes,NoIntersection,Normal,NoCollision,6,Sunday,19,True,False
201800056597,NonLethal,Daylight,Yes,Square,Normal,2Vehicles-Side,12,Tuesday,12,False,False
201800009872,NonLethal,Daylight,Yes,T-type,Normal,Other,10,Monday,12,False,False
201800057601,NonLethal,Daylight,No,NoIntersection,Normal,2Vehicles-Side,4,Wednesday,8,False,False
201800040717,NonLethal,Daylight,Yes,NoIntersection,Normal,Other,10,Thursday,16,False,False
201800003301,NonLethal,TwilightOrDawn,No,NoIntersection,Normal,2Vehicles-BehindVehicles-Frontal,11,Monday,16,False,False
201800029596,NonLethal,Daylight,Yes,Roundabout,Normal,2Vehicles-Side,2,Friday,19,False,False
201800039811,NonLethal,Daylight,Yes,NoIntersection,Normal,2Vehicles-Behind,7,Friday,14,False,False
201800034691,NonLethal,Daylight,Yes,NoIntersection,Normal,2Vehicles-Side,6,Sunday,19,True,False
201800040599,NonLethal,Daylight,Yes,NoIntersection,Normal,Other,3,Tuesday,16,False,False
201800042441,NonLethal,NightStreelightsOn,Yes,T-type,Normal,Other,2,Saturday,20,True,False
201800047946,NonLethal,TwilightOrDawn,No,NoIntersection,LightRain,Other,7,Saturday,6,True,True
201800035801,NonLethal,Daylight,Yes,NoIntersection,Normal,2Vehicles-Behind,7,Friday,11,False,False
201800003618,Lethal,Daylight,No,NoIntersection,Normal,Other,6,Thursday,13,False,False
201800030602,NonLethal,NightStreelightsOn,Yes,T-type,Normal,2Vehicles-Side,8,Sunday,22,True,False
201800041931,NonLethal,NightStreelightsOn,Yes,NoIntersection,Normal,Other,1,Wednesday,17,False,False
201800005559,NonLethal,Daylight,No,NoIntersection,Normal,2Vehicles-Behind,1,Friday,15,False,False
201800032639,NonLethal,Daylight,Yes,T-type,Normal,Other,9,Tuesday,15,False,False
201800037410,NonLethal,Daylight,Yes,X-type,Normal,2Vehicles-Side,2,Wednesday,9,False,False
201800040762,NonLethal,Daylight,Yes,X-type,LightRain,2Vehicles-Side,6,Sunday,20,True,False
201800016623,NonLethal,TwilightOrDawn,No,NoIntersection,Normal,2Vehicles-BehindVehicles-Frontal,3,Monday,18,False,False
201800004899,NonLethal,Daylight,No,NoIntersection,VeryGood,2Vehicles-BehindVehicles-Frontal,7,Saturday,10,True,False
201800032804,NonLethal,NightNoStreetLight,No,NoIntersection,Normal,Other,7,Saturday,2,True,True
201800028340,NonLethal,TwilightOrDawn,Yes,NoIntersection,Normal,Other,2,Saturday,18,True,False
201800029235,NonLethal,Daylight,Yes,NoIntersection,Normal,2Vehicles-Behind,9,Saturday,12,True,False
201800047890,NonLethal,Daylight,No,NoIntersection,Normal,Other,1,Friday,12,False,False
201800002053,NonLethal,Daylight,No,Roundabout,LightRain,NoCollision,3,Saturday,15,True,False
201800052444,NonLethal,Daylight,Yes,X-type,LightRain,2Vehicles-Side,12,Thursday,12,False,False
201800023322,NonLethal,NightNoStreetLight,Yes,X-type,Normal,2Vehicles-Side,10,Tuesday,21,False,False
201800057304,NonLethal,NightNoStreetLight,Yes,NoIntersection,Normal,Other,9,Tuesday,0,False,True
201800016616,NonLethal,Daylight,Yes,NoIntersection,Normal,2Vehicles-BehindVehicles-Frontal,9,Sunday,9,True,False
201800031203,NonLethal,Daylight,Yes,NoIntersection,Normal,2Vehicles-Behind,3,Monday,11,False,False
201800038273,NonLethal,Daylight,Yes,T-type,Normal,2Vehicles-Side,6,Tuesday,14,False,False