AccidentId,Gravity,Light,InAgglomeration,IntersectionType,Weather,CollisionType,Month,DayOfWeek,HourOfDay,IsWeekend,IsNight
201800039230,NonLethal,NightStreelightsOn,Yes,NoIntersection,Normal,2Vehicles-Side,2,Tuesday,20,False,False
201800034107,NonLethal,NightStreelightsOn,Yes,Roundabout,Normal,NoCollision,11,Monday,18,False,False
201800000311,NonLethal,Daylight,No,T-type,Normal,2Vehicles-Side,4,Wednesday,9,False,False
201800009828,NonLethal,Daylight,Yes,NoIntersection,Normal,2Vehicles-Behind,10,Tuesday,9,False,False
201800027760,NonLethal,Daylight,Yes,NoIntersection,Normal,2Vehicles-Behind,8,Tuesday,14,False,False
201800013289,NonLethal,Daylight,Yes,NoIntersection,Normal,Other,3,Tuesday,11,False,False
201800042258,NonLethal,Daylight,No,NoIntersection,Normal,2Vehicles-Side,6,Monday,11,False,False
201800050489,NonLethal,NightStreelightsOn,Yes,NoIntersection,Normal,2Vehicles-Side,10,Wednesday,20,False,False
201800038050,NonLethal,Daylight,Yes,T-type,Normal,2Vehicles-Behind,10,Thursday,14,False,False
201800042732,NonLethal,TwilightOrDawn,Yes,NoIntersection,Normal,2Vehicles-Side,1,Friday,7,False,False
201800011424,NonLethal,Daylight,No,NoIntersection,Normal,Other,7,Sunday,20,True,False
201800041203,NonLethal,Daylight,Yes,NoIntersection,LightRain,3+Vehicles-Chain,9,Tuesday,17,False,False
201800035355,NonLethal,NightStreelightsOn,Yes,Other,Normal,2Vehicles-Side,8,Wednesday,21,False,False
201800050703,NonLethal,Daylight,Yes,Y-type,Normal,2Vehicles-Side,6,Friday,18,False,False
201800038936,NonLethal,Daylight,Yes,Other,Normal,2Vehicles-Side,8,Sunday,16,True,False
201800012276,NonLethal,Daylight,No,NoIntersection,Normal,NoCollision,6,Monday,16,False,False
201800033361,NonLethal,Daylight,Yes,T-type,LightRain,Other,11,Friday,16,False,False
201800038486,NonLethal,NightStreelightsOn,Yes,NoIntersection,LightRain,Other,9,Sunday,20,True,False
201800054457,NonLethal,Daylight,Yes,Y-type,Normal,2Vehicles-Behind,6,Friday,14,False,False
201800006456,NonLethal,Daylight,No,NoIntersection,Normal,3+Vehicles-Multiple,4,Tuesday,14,False,False
201800035552,NonLethal,Daylight,Yes,T-type,Normal,2Vehicles-Side,6,Saturday,16,True,False
201800024136,NonLethal,Daylight,No,X-type,Normal,2Vehicles-Side,8,Friday,8,False,False
201800036683,NonLethal,Daylight,Yes,NoIntersection,Normal,2Vehicles-Behind,11,Saturday,15,True,False
201800002161,NonLethal,NightStreelightsOn,Yes,T-type,Normal,2Vehicles-Side,4,Saturday,22,True,False
201800016632,NonLethal,Daylight,No,NoIntersection,LightRain,Other,10,Monday,11,False,False
201800028757,NonLethal,Daylight,Yes,NoIntersection,Normal,Other,7,Saturday,13,True,False
201800026135,NonLethal,Daylight,No,NoIntersection,Normal,2Vehicles-BehindVehicles-Frontal,7,Saturday,16,True,False
201800037018,NonLethal,NightStreelightsOn,Yes,Roundabout,Normal,2Vehicles-Side,12,Tuesday,17,False,False
201800029270,NonLethal,Daylight,Yes,NoIntersection,Normal,NoCollision,5,Thursday,13,False,False
201800050585,NonLethal,NightStreelightsOn,Yes,NoIntersection,Normal,Other,7,Thursday,1,False,True
201800040926,NonLethal,Daylight,Yes,NoIntersection,Normal,Other,8,Thursday,14,False,False
201800024462,NonLethal,NightStreelightsOn,Yes,NoIntersection,Normal,2Vehicles-Side,10,Saturday,20,True,False
201800027763,NonLethal,Daylight,No,NoIntersection,Normal,2Vehicles-BehindVehicles-Frontal,9,Monday,8,False,False
201800013441,NonLethal,Daylight,No,NoIntersection,Normal,NoCollision,10,Wednesday,12,False,False
201800018287,NonLethal,NightStreelightsOn,Yes,NoIntersection,Normal,2Vehicles-BehindVehicles-Frontal,8,Thursday,5,False,True
201800013446,Lethal,NightNoStreetLight,No,NoIntersection,LightRain,Other,5,Saturday,23,True,False
201800015494,NonLethal,NightStreelightsOn,Yes,T-type,Normal,2Vehicles-Side,10,Sunday,22,True,False
201800023848,NonLethal,NightStreelightsOn,Yes,X-type,LightRain,Other,3,Friday,19,False,False
201800038547,NonLethal,Daylight,Yes,NoIntersection,LightRain,Other,2,Monday,16,False,False
201800040405,NonLethal,Daylight,Yes,NoIntersection,Normal,Other,4,Thursday,16,False,False
201800001891,NonLethal,Daylight,No,NoIntersection,Normal,Other,7,Sunday,12,True,False
201800053168,NonLethal,Daylight,Yes,X-type,Normal,2Vehicles-Side,10,Saturday,11,True,False
201800057623,NonLethal,Daylight,Yes,NoIntersection,Normal,Other,5,Wednesday,6,False,True
201800014737,NonLethal,Daylight,Yes,Y-type,Normal,Other,7,Sunday,20,True,False
201800050704,NonLethal,Daylight,Yes,T-type,Normal,Other,7,Monday,11,False,False
201800037746,NonLethal,NightStreelightsOn,Yes,NoIntersection,LightRain,2Vehicles-Side,11,Monday,21,False,False
201800048112,NonLethal,NightStreelightsOn,Yes,X-type,Overcast,2Vehicles-Side,2,Saturday,23,True,False
201800044408,NonLethal,Daylight,No,NoIntersection,Normal,2Vehicles-Side,11,Wednesday,13,False,False
201800020705,NonLethal,Daylight,Yes,T-type,Normal,Other,2,Tuesday,17,False,False
201800003207,NonLethal,Daylight,No,NoIntersection,Normal,2Vehicles-Side,3,Saturday,13,True,False
201800030084,NonLethal,NightNoStreetLight,No,NoIntersection,Normal,NoCollision,8,Saturday,1,True,True
201800001502,Lethal,NightNoStreetLight,No,NoIntersection,Normal,Other,5,Friday,21,False,False
201800021853,NonLethal,NightNoStreetLight,No,NoIntersection,Normal,Other,1,Monday,3,False,True
201800025067,NonLethal,NightStreelightsOn,Yes,NoIntersection,Normal,Other,12,Wednesday,17,False,False
201800046495,NonLethal,Daylight,No,NoIntersection,LightRain,3+Vehicles-Chain,3,Sunday,8,True,False
201800003826,NonLethal,Daylight,No,X-type,Normal,3+Vehicles-Multiple,1,Tuesday,16,False,False
201800026354,NonLethal,Daylight,Yes,NoIntersection,Normal,2Vehicles-Side,5,Thursday,14,False,False
201800044426,NonLethal,NightStreelightsOn,No,Other,LightRain,Other,12,Sunday,23,True,False
201800019140,NonLethal,Daylight,No,X-type,Normal,2Vehicles-Side,5,Wednesday,11,False,False
201800010847,NonLethal,Daylight,No,NoIntersection,Normal,NoCollision,6,Friday,9,False,False
201800022217,NonLethal,TwilightOrDawn,Yes,NoIntersection,LightRain,NoCollision,11,Thursday,8,False,False
201800043456,NonLethal,Daylight,Yes,NoIntersection,Normal,NoCollision,8,Friday,13,False,False
201800030304,NonLethal,Daylight,Yes,T-type,Normal,NoCollision,6,Wednesday,15,False,False
201800035750,NonLethal,Daylight,Yes,T-type,Normal,2Vehicles-BehindVehicles-Frontal,9,Wednesday,12,False,False
201800049869,NonLethal,TwilightOrDawn,No,NoIntersection,Normal,NoCollision,3,Tuesday,6,False,True
201800021940,NonLethal,Daylight,Yes,Y-type,Normal,2Vehicles-Side,10,Tuesday,16,False,False
201800054184,NonLethal,Daylight,Yes,Square,Normal,2Vehicles-Side,8,Tuesday,14,False,False
201800017596,NonLethal,Daylight,No,NoIntersection,Normal,2Vehicles-Behind,9,Monday,10,False,False
201800010656,NonLethal,Daylight,No,NoIntersection,Normal,2Vehicles-BehindVehicles-Frontal,9,Monday,13,False,False
201800044393,NonLethal,Daylight,No,NoIntersection,Normal,3+Vehicles-Chain,11,Wednesday,13,False,False
201800052237,NonLethal,Daylight,Yes,NoIntersection,Overcast,Other,7,Wednesday,12,False,False
201800052851,NonLethal,NightStreelightsOn,Yes,X-type,Normal,Other,10,Wednesday,20,False,False
201800038916,NonLethal,Daylight,Yes,NoIntersection,Normal,Other,5,Friday,15,False,False
201800019127,Lethal,NightNoStreetLight,No,NoIntersection,Normal,2Vehicles-BehindVehicles-Frontal,9,Friday,2,False,True
201800005792,NonLethal,Daylight,Yes,T-type,Normal,2Vehicles-Behind,9,Tuesday,14,False,False
201800015763,Lethal,Daylight,No,NoIntersection,Normal,NoCollision,3,Sunday,18,True,False
201800030136,NonLethal,NightNoStreetLight,No,NoIntersection,Overcast,2Vehicles-BehindVehicles-Frontal,2,Sunday,18,True,False
201800048324,NonLethal,NightStreelightsOn,Yes,X-type,Normal,2Vehicles-Side,6,Thursday,2,False,True
201800016541,NonLethal,NightStreelightsOn,Yes,X-type,Normal,2Vehicles-Side,1,Tuesday,18,False,False
201800004457,NonLethal,NightStreelightsOn,No,NoIntersection,LightRain,NoCollision,5,Sunday,22,True,False
201800025726,NonLethal,Daylight,Yes,Roundabout,Normal,2Vehicles-Side,3,Wednesday,16,False,False
201800050828,NonLethal,Daylight,Yes,X-type,Normal,2Vehicles-Side,1,Monday,15,False,False
201800037755,NonLethal,Daylight,Yes,X-type,Normal,Other,1,Wednesday,14,False,False
201800002941,Lethal,Daylight,No,NoIntersection,Normal,NoCollision,6,Thursday,10,False,False
201800045161,NonLethal,Daylight,No,NoIntersection,LightRain,Other,8,Wednesday,10,False,False
201800022734,NonLethal,Daylight,Yes,NoIntersection,Normal,Other,5,Tuesday,8,False,False
201800005052,NonLethal,NightNoStreetLight,Yes,NoIntersection,Normal,Other,8,Friday,2,False,True
201800017949,NonLethal,Daylight,Yes,NoIntersection,Normal,Other,5,Wednesday,20,False,False
201800035370,NonLethal,NightStreelightsOn,Yes,X-type,Normal,2Vehicles-Side,2,Friday,20,False,False
201800021409,NonLethal,Daylight,Yes,NoIntersection,Normal,2Vehicles-Side,2,Monday,8,False,False
201800028677,NonLethal,Daylight,Yes,Roundabout,LightRain,Other,2,Wednesday,11,False,False
201800043160,NonLethal,NightStreelightsOn,Yes,X-type,Normal,2Vehicles-Side,10,Tuesday,21,False,False
201800035899,NonLethal,Daylight,Yes,NoIntersection,Normal,Other,5,Saturday,6,True,True
201800053387,NonLethal,Daylight,Yes,X-type,Normal,2Vehicles-Side,5,Thursday,11,False,False
201800041367,NonLethal,Daylight,Yes,NoIntersection,Normal,2Vehicles-Side,11,Friday,9,False,False
201800024014,NonLethal,Daylight,Yes,X-type,Normal,2Vehicles-BehindVehicles-Frontal,2,Saturday,16,True,False
201800029442,NonLethal,NightNoStreetLight,No,NoIntersection,Normal,2Vehicles-BehindVehicles-Frontal,7,Thursday,2,False,True
201800015524,NonLethal,Daylight,Yes,MoreThan4Branches,VeryGood,2Vehicles-BehindVehicles-Frontal,7,Saturday,16,True,False
201800044871,NonLethal,Daylight,No,NoIntersection,Normal,Other,12,Wednesday,7,False,False
201800031992,NonLethal,NightStreelightsOn,Yes,NoIntersection,LightRain,2Vehicles-Behind,10,Sunday,2,True,True
201800039858,NonLethal,Daylight,Yes,NoIntersection,Normal,Other,11,Tuesday,13,False,False
201800051128,NonLethal,Daylight,Yes,Square,Normal,2Vehicles-Behind,6,Friday,21,False,False
201800013886,NonLethal,NightNoStreetLight,No,NoIntersection,Normal,Other,5,Sunday,1,True,True
201800028177,NonLethal,NightStreelightsOn,Yes,T-type,LightRain,2Vehicles-Behind,12,Sunday,17,True,False
201800045419,NonLethal,NightNoStreetLight,No,NoIntersection,Normal,NoCollision,5,Friday,22,False,False
201800050940,NonLethal,Daylight,Yes,X-type,Normal,2Vehicles-Side,10,Friday,13,False,False
201800039701,NonLethal,Daylight,Yes,X-type,Normal,2Vehicles-Side,6,Sunday,9,True,False
201800012294,NonLethal,Daylight,Yes,NoIntersection,Normal,2Vehicles-Behind,9,Friday,17,False,False
201800055635,NonLethal,Daylight,Yes,Y-type,Normal,Other,5,Thursday,12,False,False
201800042755,NonLethal,Daylight,Yes,T-type,Normal,2Vehicles-Side,5,Thursday,16,False,False
201800021376,Lethal,Daylight,No,Other,Normal,NoCollision,5,Tuesday,10,False,False
201800040438,NonLethal,Daylight,Yes,NoIntersection,Normal,2Vehicles-Side,9,Wednesday,8,False,False
201800054621,NonLethal,Daylight,No,NoIntersection,Overcast,2Vehicles-Behind,12,Tuesday,11,False,False
201800010950,NonLethal,Daylight,No,NoIntersection,Normal,2Vehicles-BehindVehicles-Frontal,8,Sunday,17,True,False
201800036946,NonLethal,Daylight,No,X-type,Normal,2Vehicles-Side,8,Saturday,7,True,False
201800045391,NonLethal,Daylight,No,NoIntersection,LightRain,3+Vehicles-Multiple,10,Tuesday,8,False,False
201800054213,NonLethal,Daylight,Yes,X-type,HeavyRain,2Vehicles-Side,9,Sunday,14,True,False
201800033903,NonLethal,TwilightOrDawn,Yes,X-type,Normal,2Vehicles-Side,11,Monday,17,False,False
201800009160,NonLethal,Daylight,Yes,X-type,Normal,2Vehicles-Side,11,Tuesday,19,False,False
201800001205,NonLethal,Daylight,Yes,T-type,Normal,Other,1,Friday,8,False,False
201800002075,NonLethal,NightNoStreetLight,No,NoIntersection,Overcast,Other,7,Monday,1,False,True
201800050669,NonLethal,NightStreelightsOn,Yes,MoreThan4Branches,Normal,2Vehicles-Side,3,Wednesday,21,False,False
201800027775,NonLethal,NightStreelightsOn,Yes,NoIntersection,Normal,Other,4,Tuesday,6,False,True
201800045723,NonLethal,Daylight,No,NoIntersection,LightRain,Other,2,Monday,14,False,False
201800025660,NonLethal,NightNoStreetLight,Yes,NoIntersection,LightRain,NoCollision,12,Friday,7,False,False
201800046112,NonLethal,Daylight,No,NoIntersection,Normal,Other,9,Monday,18,False,False
201800049083,NonLethal,Daylight,No,NoIntersection,Normal,3+Vehicles-Chain,5,Saturday,9,True,False
201800041690,NonLethal,NightStreelightsOn,Yes,T-type,Normal,2Vehicles-Side,10,Monday,21,False,False
201800025763,NonLethal,NightStreelightsOn,Yes,NoIntersection,LightRain,NoCollision,10,Saturday,2,True,True
201800036309,NonLethal,Daylight,Yes,NoIntersection,Normal,2Vehicles-Side,9,Wednesday,16,False,False
201800023036,NonLethal,Daylight,Yes,NoIntersection,Normal,2Vehicles-Side,4,Friday,11,False,False
201800040854,NonLethal,NightStreelightsOn,Yes,Other,Normal,Other,4,Monday,4,False,True
201800018737,NonLethal,Daylight,Yes,T-type,Normal,2Vehicles-Side,6,Thursday,18,False,False
201800048473,NonLethal,Daylight,Yes,X-type,Normal,2Vehicles-Side,8,Wednesday,9,False,False
201800026443,NonLethal,Daylight,Yes,NoIntersection,Normal,Other,5,Monday,8,False,False
201800048129,NonLethal,Daylight,Yes,X-type,Normal,2Vehicles-Side,3,Tuesday,16,False,False
201800026712,NonLethal,Daylight,Yes,NoIntersection,Normal,2Vehicles-Side,10,Friday,16,False,False
201800014720,NonLethal,Daylight,No,NoIntersection,Normal,2Vehicles-Side,5,Friday,18,False,False
201800045742,NonLethal,Daylight,No,NoIntersection,Normal,3+Vehicles-Chain,3,Saturday,15,True,False
201800022839,NonLethal,Daylight,Yes,Other,Normal,2Vehicles-Side,2,Tuesday,9,False,False
201800009324,NonLethal,Daylight,Yes,Roundabout,Normal,Other,7,Wednesday,18,False,False
201800055357,NonLethal,Daylight,Yes,NoIntersection,Normal,2Vehicles-Side,4,Wednesday,17,False,False
201800039307,NonLethal,Daylight,Yes,NoIntersection,Overcast,Other,10,Wednesday,10,False,False
201800047719,NonLethal,Daylight,Yes,T-type,Normal,Other,9,Friday,16,False,False
201800001462,NonLethal,NightStreelightsOn,Yes,X-type,Normal,2Vehicles-Side,10,Tuesday,21,False,False
201800015306,NonLethal,TwilightOrDawn,No,NoIntersection,Normal,Other,7,Sunday,5,True,True
201800020521,NonLethal,NightNoStreetLight,No,NoIntersection,Normal,Other,12,Friday,19,False,False
201800017302,NonLethal,Daylight,No,MoreThan4Branches,Normal,2Vehicles-Side,5,Saturday,15,True,False
201800018423,NonLethal,Daylight,No,NoIntersection,Normal,Other,9,Monday,17,False,False
201800019842,NonLethal,Daylight,Yes,NoIntersection,Normal,Other,3,Sunday,12,True,False
201800039645,NonLethal,Daylight,Yes,Other,Normal,3+Vehicles-Chain,8,Saturday,10,True,False
201800057335,NonLethal,TwilightOrDawn,No,NoIntersection,Normal,2Vehicles-BehindVehicles-Frontal,7,Monday,17,False,False
201800018377,NonLethal,Daylight,Yes,T-type,Normal,2Vehicles-Side,8,Tuesday,18,False,False
201800003075,NonLethal,NightStreelightsOn,No,NoIntersection,LightRain,2Vehicles-Behind,2,Sunday,18,True,False
201800025702,NonLethal,NightStreelightsOn,Yes,X-type,Normal,2Vehicles-Side,4,Friday,6,False,True
201800022331,NonLethal,Daylight,Yes,Roundabout,Normal,2Vehicles-Side,5,Sunday,8,True,False
201800051950,NonLethal,NightStreelightsOn,Yes,X-type,Normal,2Vehicles-Side,3,Friday,18,False,False
201800050733,NonLethal,Daylight,Yes,Square,Normal,2Vehicles-Behind,9,Monday,17,False,False
201800008726,NonLethal,Daylight,Yes,T-type,Normal,Other,3,Saturday,14,True,False
201800000494,NonLethal,Daylight,No,NoIntersection,Normal,2Vehicles-Behind,6,Saturday,16,True,False
201800029636,NonLethal,TwilightOrDawn,Yes,NoIntersection,Normal,Other,8,Saturday,17,True,False
201800013850,NonLethal,Daylight,No,NoIntersection,Normal,2Vehicles-Side,12,Wednesday,7,False,False
201800043583,NonLethal,Daylight,Yes,NoIntersection,Normal,2Vehicles-Side,12,Sunday,15,True,False
201800008392,NonLethal,Daylight,Yes,Y-type,Normal,2Vehicles-Side,1,Wednesday,12,False,False
201800037102,NonLethal,TwilightOrDawn,Yes,NoIntersection,Normal,Other,6,Wednesday,21,False,False
201800027621,NonLethal,Daylight,No,NoIntersection,Normal,2Vehicles-Behind,2,Thursday,14,False,False
201800018758,NonLethal,Daylight,Yes,NoIntersection,Overcast,NoCollision,3,Tuesday,17,False,False
201800006001,NonLethal,TwilightOrDawn,No,NoIntersection,SnowOrHail,Other,1,Thursday,16,False,False
201800011895,Lethal,NightNoStreetLight,No,NoIntersection,Normal,Other,9,Wednesday,23,False,False
201800053100,NonLethal,TwilightOrDawn,Yes,Square,Normal,Other,8,Wednesday,20,False,False
201800005974,NonLethal,TwilightOrDawn,No,NoIntersection,Normal,NoCollision,3,Thursday,6,False,True
201800001018,NonLethal,NightStreelightsOn,No,NoIntersection,LightRain,Other,10,Wednesday,19,False,False
201800040135,NonLethal,Daylight,Yes,NoIntersection,Overcast,Other,10,Sunday,15,True,False
201800032131,NonLethal,Daylight,Yes,NoIntersection,Normal,Other,9,Tuesday,16,False,False
201800010367,NonLethal,Daylight,Yes,X-type,Normal,2Vehicles-Side,1,Monday,16,False,False
201800010801,NonLethal,Daylight,No,NoIntersection,Normal,Other,10,Saturday,9,True,False
201800054132,NonLethal,Daylight,Yes,NoIntersection,Normal,Other,6,Friday,17,False,False
201800006829,NonLethal,NightNoStreetLight,Yes,T-type,LightRain,2Vehicles-Behind,3,Saturday,23,True,False
201800018437,NonLethal,Daylight,No,NoIntersection,Normal,2Vehicles-BehindVehicles-Frontal,6,Wednesday,21,False,False
201800013918,NonLethal,Daylight,Yes,NoIntersection,Normal,Other,3,Tuesday,10,False,False
201800051365,NonLethal,Daylight,Yes,Square,Normal,Other,6,Friday,20,False,False
201800024133,NonLethal,Daylight,No,X-type,Normal,2Vehicles-Side,8,Monday,11,False,False
201800039427,NonLethal,Daylight,Yes,NoIntersection,Normal,Other,9,Wednesday,10,False,False
201800041088,NonLethal,Daylight,Yes,NoIntersection,Normal,2Vehicles-Side,11,Sunday,18,True,False
201800023923,NonLethal,Daylight,Yes,NoIntersection,Normal,Other,5,Wednesday,10,False,False
201800016248,Lethal,Daylight,Yes,Roundabout,VeryGood,2Vehicles-Behind,9,Wednesday,17,False,False
201800022117,NonLethal,NightStreelightsOn,Yes,NoIntersection,Normal,2Vehicles-Behind,10,Sunday,0,True,True
201800050738,NonLethal,Daylight,Yes,T-type,Normal,Other,10,Monday,18,False,False
201800022728,NonLethal,Daylight,No,T-type,Normal,Other,10,Friday,13,False,False
201800045890,NonLethal,Daylight,No,NoIntersection,Normal,Other,1,Saturday,9,True,False
201800042031,NonLethal,Daylight,Yes,NoIntersection,HeavyRain,2Vehicles-BehindVehicles-Frontal,9,Sunday,15,True,False
201800005436,NonLethal,Daylight,Yes,NoIntersection,Normal,Other,8,Tuesday,8,False,False
201800053995,NonLethal,Daylight,Yes,X-type,Normal,Other,1,Wednesday,9,False,False
201800007761,NonLethal,Daylight,Yes,NoIntersection,Normal,Other,5,Monday,20,False,False
201800040409,NonLethal,Daylight,Yes,NoIntersection,LightRain,Other,12,Tuesday,16,False,False
201800032112,NonLethal,Daylight,Yes,NoIntersection,Normal,3+Vehicles-Multiple,5,Monday,8,False,False
201800041274,NonLethal,Daylight,No,NoIntersection,Normal,3+Vehicles-Chain,9,Thursday,16,False,False
201800028465,NonLethal,Daylight,Yes,NoIntersection,Normal,Other,6,Friday,16,False,False
201800020401,NonLethal,Daylight,No,NoIntersection,Normal,2Vehicles-BehindVehicles-Frontal,8,Thursday,19,False,False
201800002451,NonLethal,Daylight,Yes,NoIntersection,Normal,2Vehicles-Behind,1,Tuesday,10,False,False
201800000697,NonLethal,NightNoStreetLight,No,NoIntersection,Normal,Other,10,Friday,5,False,True
201800040944,NonLethal,Daylight,Yes,T-type,Normal,Other,9,Monday,9,False,False
201800041436,NonLethal,NightStreelightsOn,Yes,X-type,LightRain,3+Vehicles-Multiple,5,Saturday,0,True,True
201800005624,NonLethal,Daylight,Yes,NoIntersection,Normal,Other,3,Friday,8,False,False
201800017728,NonLethal,NightNoStreetLight,No,NoIntersection,LightRain,Other,2,Tuesday,20,False,False
201800021840,NonLethal,NightNoStreetLight,No,NoIntersection,Overcast,Other,1,Tuesday,20,False,False
201800049910,NonLethal,Daylight,No,NoIntersection,Normal,2Vehicles-Side,6,Friday,12,False,False
201800041521,NonLethal,TwilightOrDawn,Yes,X-type,FogOrSmoke,2Vehicles-BehindVehicles-Frontal,11,Friday,8,False,False
201800026997,NonLethal,NightStreelightsOn,Yes,X-type,Normal,2Vehicles-Side,11,Sunday,17,True,False
201800044450,NonLethal,Daylight,No,NoIntersection,Normal,3+Vehicles-Chain,12,Wednesday,14,False,False
201800044758,NonLethal,Daylight,No,NoIntersection,Normal,2Vehicles-Behind,11,Sunday,15,True,False
201800003109,NonLethal,Daylight,Yes,NoIntersection,Overcast,Other,2,Sunday,8,True,False
201800005455,NonLethal,Daylight,Yes,NoIntersection,Normal,Other,9,Friday,12,False,False
201800009397,NonLethal,NightStreelightsOn,Yes,NoIntersection,Normal,2Vehicles-Side,7,Wednesday,22,False,False
201800036079,NonLethal,Daylight,Yes,NoIntersection,LightRain,3+Vehicles-Chain,5,Wednesday,13,False,False
201800039616,NonLethal,Daylight,Yes,T-type,Normal,2Vehicles-BehindVehicles-Frontal,2,Wednesday,11,False,False
201800033100,NonLethal,Daylight,Yes,X-type,Normal,2Vehicles-Side,2,Friday,15,False,False
201800046616,NonLethal,Daylight,No,NoIntersection,Normal,2Vehicles-Side,5,Friday,7,False,False
201800050104,NonLethal,Daylight,No,NoIntersection,Overcast,Other,7,Wednesday,11,False,False
201800047622,NonLethal,Daylight,Yes,NoIntersection,LightRain,3+Vehicles-Multiple,7,Friday,18,False,False
201800055648,NonLethal,Daylight,Yes,NoIntersection,Normal,2Vehicles-Behind,10,Saturday,14,True,False
201800050793,NonLethal,Daylight,Yes,X-type,Normal,2Vehicles-Side,8,Wednesday,17,False,False
201800040846,NonLethal,Daylight,Yes,NoIntersection,LightRain,Other,4,Monday,16,False,False
201800003533,Lethal,Daylight,No,NoIntersection,Normal,2Vehicles-BehindVehicles-Frontal,2,Thursday,11,False,False
201800017470,NonLethal,Daylight,No,NoIntersection,Normal,2Vehicles-BehindVehicles-Frontal,7,Sunday,12,True,False
201800036012,NonLethal,Daylight,Yes,X-type,Normal,2Vehicles-Side,1,Wednesday,14,False,False
201800031478,NonLethal,Daylight,No,NoIntersection,Normal,3+Vehicles-Chain,7,Sunday,11,True,False
201800019750,NonLethal,Daylight,Yes,T-type,Normal,2Vehicles-Side,10,Wednesday,8,False,False
201800030137,NonLethal,TwilightOrDawn,No,X-type,Normal,2Vehicles-Side,3,Wednesday,7,False,False
201800028714,NonLethal,Daylight,Yes,T-type,Normal,Other,4,Wednesday,14,False,False
201800043805,NonLethal,NightStreelightsOff,No,NoIntersection,Normal,3+Vehicles-Chain,1,Saturday,0,True,True
201800045749,NonLethal,Daylight,No,NoIntersection,Overcast,NoCollision,3,Thursday,8,False,False
201800017669,NonLethal,Daylight,No,NoIntersection,Normal,Other,2,Monday,11,False,False
201800041228,NonLethal,Daylight,Yes,NoIntersection,Normal,Other,5,Wednesday,17,False,False
201800012297,NonLethal,Daylight,No,NoIntersection,Normal,NoCollision,8,Thursday,18,False,False
201800056977,NonLethal,Daylight,Yes,NoIntersection,LightRain,2Vehicles-Side,6,Wednesday,9,False,False
201800029992,NonLethal,Daylight,Yes,X-type,VeryGood,2Vehicles-Side,6,Wednesday,18,False,False
201800005081,Lethal,NightStreelightsOn,Yes,NoIntersection,Normal,Other,8,Monday,5,False,True
201800042461,NonLethal,Daylight,Yes,NoIntersection,LightRain,2Vehicles-Behind,5,Sunday,8,True,False
201800037289,NonLethal,Daylight,Yes,Other,Normal,2Vehicles-Side,8,Friday,12,False,False
201800019036,NonLethal,Daylight,No,NoIntersection,Normal,2Vehicles-Side,8,Thursday,12,False,False
201800023082,NonLethal,Daylight,No,NoIntersection,Normal,3+Vehicles-Multiple,5,Sunday,15,True,False
201800022052,NonLethal,Daylight,Yes,Roundabout,Normal,2Vehicles-Side,5,Tuesday,8,False,False
201800014533,NonLethal,Daylight,No,NoIntersection,StrongWindOrStorm,2Vehicles-BehindVehicles-Frontal,10,Sunday,14,True,False
201800027250,NonLethal,Daylight,Yes,NoIntersection,Normal,Other,4,Friday,17,False,False
201800017894,Lethal,Daylight,No,NoIntersection,Normal,NoCollision,7,Sunday,17,True,False
201800053399,NonLethal,NightStreelightsOn,Yes,NoIntersection,Normal,Other,6,Friday,3,False,True
201800009364,NonLethal,Daylight,Yes,NoIntersection,Normal,2Vehicles-Side,7,Friday,16,False,False
201800021631,NonLethal,Daylight,Yes,T-type,Normal,Other,2,Friday,10,False,False
201800025743,NonLethal,Daylight,Yes,Square,Normal,Other,9,Thursday,14,False,False
201800026926,NonLethal,NightStreelightsOn,Yes,X-type,Normal,2Vehicles-Side,9,Friday,22,False,False
201800051412,NonLethal,Daylight,Yes,T-type,Normal,Other,11,Wednesday,10,False,False
201800022257,Lethal,Daylight,No,NoIntersection,Normal,3+Vehicles-Multiple,1,Monday,12,False,False
201800006962,NonLethal,Daylight,Yes,T-type,Normal,2Vehicles-Side,2,Thursday,16,False,False
201800011612,Lethal,Daylight,No,X-type,VeryGood,2Vehicles-Side,5,Thursday,11,False,False
201800021965,NonLethal,Daylight,No,NoIntersection,Normal,NoCollision,8,Saturday,16,True,False
201800050341,NonLethal,Daylight,Yes,NoIntersection,Overcast,Other,11,Friday,9,False,False
201800029734,NonLethal,NightStreelightsOn,Yes,NoIntersection,LightRain,Other,11,Tuesday,18,False,False
201800025833,NonLethal,NightStreelightsOn,Yes,T-type,LightRain,2Vehicles-Side,1,Friday,18,False,False
201800048895,NonLethal,NightNoStreetLight,No,NoIntersection,Normal,2Vehicles-Behind,5,Monday,6,False,True
201800035501,NonLethal,Daylight,Yes,NoIntersection,Normal,2Vehicles-BehindVehicles-Frontal,9,Sunday,9,True,False
201800046073,NonLethal,Daylight,No,NoIntersection,Normal,3+Vehicles-Chain,9,Saturday,13,True,False
201800038430,NonLethal,Daylight,Yes,T-type,LightRain,2Vehicles-Side,9,Tuesday,12,False,False
201800026316,NonLethal,Daylight,Yes,NoIntersection,LightRain,Other,3,Friday,9,False,False
201800030641,NonLethal,NightStreelightsOn,Yes,NoIntersection,Other,Other,12,Thursday,2,False,True
201800012029,NonLethal,Daylight,Yes,NoIntersection,Normal,2Vehicles-BehindVehicles-Frontal,6,Saturday,15,True,False
201800039598,NonLethal,TwilightOrDawn,Yes,NoIntersection,HeavyRain,Other,4,Thursday,7,False,False