AccidentId,Gravity,Light,InAgglomeration,IntersectionType,Weather,CollisionType,Month,DayOfWeek,HourOfDay,IsWeekend,IsNight
201800013374,NonLethal,Daylight,Yes,X-type,Normal,2Vehicles-Side,8,Sunday,19,True,False
201800044399,NonLethal,NightNoStreetLight,No,NoIntersection,Normal,2Vehicles-Behind,11,Friday,18,False,False
201800049439,NonLethal,NightStreelightsOn,No,NoIntersection,Normal,3+Vehicles-Chain,8,Thursday,21,False,False
201800037230,NonLethal,Daylight,Yes,NoIntersection,LightRain,NoCollision,2,Thursday,17,False,False
201800048107,NonLethal,Daylight,Yes,NoIntersection,Normal,2Vehicles-Side,2,Tuesday,17,False,False
201800043722,NonLethal,TwilightOrDawn,Yes,Y-type,Normal,2Vehicles-Side,11,Friday,19,False,False
201800056971,NonLethal,Daylight,Yes,NoIntersection,Normal,2Vehicles-Side,8,Monday,12,False,False
201800038805,NonLethal,Daylight,Yes,Other,Normal,Other,3,Saturday,11,True,False
201800030074,NonLethal,NightStreelightsOn,Yes,Other,LightRain,Other,11,Wednesday,7,False,False
201800055489,NonLethal,Daylight,Yes,NoIntersection,Normal,3+Vehicles-Chain,7,Saturday,12,True,False
201800048038,NonLethal,NightStreelightsOn,Yes,X-type,LightRain,2Vehicles-Side,1,Friday,18,False,False
201800057689,NonLethal,Daylight,Yes,NoIntersection,Normal,2Vehicles-Behind,1,Monday,12,False,False
201800006325,NonLethal,NightNoStreetLight,No,NoIntersection,LightRain,2Vehicles-BehindVehicles-Frontal,6,Sunday,22,True,False
201800010866,Lethal,Daylight,No,T-type,Normal,2Vehicles-Side,2,Monday,9,False,False
201800057052,NonLethal,Daylight,No,NoIntersection,Normal,2Vehicles-Side,9,Friday,17,False,False
201800009384,NonLethal,Daylight,Yes,Other,HeavyRain,Other,7,Monday,14,False,False
201800034996,NonLethal,Daylight,Yes,X-type,Normal,2Vehicles-Side,8,Friday,7,False,False
201800028735,NonLethal,Daylight,No,T-type,Normal,3+Vehicles-Multiple,5,Thursday,13,False,False
201800057162,NonLethal,NightStreelightsOn,Yes,NoIntersection,Normal,NoCollision,1,Monday,1,False,True
201800008930,NonLethal,NightStreelightsOn,Yes,Other,Normal,2Vehicles-Side,4,Saturday,23,True,False
201800032859,NonLethal,Daylight,Yes,NoIntersection,Normal,2Vehicles-Side,11,Saturday,12,True,False
201800008245,NonLethal,Daylight,No,NoIntersection,LightRain,NoCollision,5,Sunday,18,True,False
201800007150,NonLethal,Daylight,No,NoIntersection,Normal,Other,2,Monday,12,False,False
201800052091,NonLethal,Daylight,Yes,MoreThan4Branches,Normal,2Vehicles-Side,3,Wednesday,16,False,False
201800001201,NonLethal,Daylight,No,T-type,Normal,2Vehicles-Side,9,Thursday,17,False,False
201800048852,NonLethal,Daylight,No,NoIntersection,Normal,2Vehicles-Behind,3,Monday,7,False,False
201800025890,NonLethal,Daylight,Yes,NoIntersection,Normal,2Vehicles-BehindVehicles-Frontal,4,Monday,17,False,False
201800023955,NonLethal,Daylight,Yes,X-type,Normal,2Vehicles-Behind,7,Sunday,20,True,False
201800015124,NonLethal,Daylight,No,NoIntersection,Normal,2Vehicles-BehindVehicles-Frontal,7,Monday,14,False,False
201800050374,NonLethal,Daylight,Yes,X-type,Normal,2Vehicles-Side,6,Sunday,16,True,False
201800000694,NonLethal,TwilightOrDawn,Yes,Roundabout,Normal,Other,9,Wednesday,7,False,False
201800004176,NonLethal,Daylight,Yes,Other,StrongWindOrStorm,Other,9,Monday,14,False,False
201800050226,NonLethal,Daylight,Yes,X-type,Normal,2Vehicles-Side,2,Tuesday,8,False,False
201800034823,NonLethal,Daylight,Yes,Other,Normal,2Vehicles-Side,5,Monday,19,False,False
201800010768,NonLethal,Daylight,No,Y-type,LightRain,2Vehicles-Side,3,Saturday,18,True,False
201800002822,NonLethal,NightStreelightsOn,Yes,X-type,Normal,2Vehicles-Side,12,Saturday,18,True,False
201800042032,NonLethal,Daylight,Yes,Roundabout,Normal,2Vehicles-Side,9,Monday,10,False,False
201800007312,NonLethal,Daylight,Yes,X-type,Normal,3+Vehicles-Chain,4,Friday,19,False,False
201800036589,NonLethal,NightStreelightsOn,Yes,NoIntersection,Normal,3+Vehicles-Multiple,4,Friday,22,False,False
201800004079,NonLethal,Daylight,No,X-type,Normal,2Vehicles-Side,6,Saturday,9,True,False
201800013813,NonLethal,NightNoStreetLight,No,NoIntersection,Normal,2Vehicles-Side,12,Monday,17,False,False
201800017463,NonLethal,NightNoStreetLight,No,NoIntersection,HeavyRain,2Vehicles-BehindVehicles-Frontal,11,Friday,17,False,False
201800042438,NonLethal,Daylight,Yes,Roundabout,LightRain,Other,1,Friday,17,False,False
201800013064,NonLethal,Daylight,No,NoIntersection,Normal,2Vehicles-Behind,8,Saturday,20,True,False
201800053711,NonLethal,Daylight,Yes,Square,Normal,Other,2,Saturday,15,True,False
201800006087,NonLethal,Daylight,No,NoIntersection,Normal,3+Vehicles-Multiple,8,Saturday,18,True,False
201800009801,NonLethal,Daylight,Yes,NoIntersection,Normal,Other,9,Tuesday,16,False,False
201800012604,NonLethal,NightNoStreetLight,No,NoIntersection,Normal,Other,8,Saturday,2,True,True
201800033293,NonLethal,Daylight,Yes,Roundabout,Normal,2Vehicles-Side,4,Friday,17,False,False
201800029340,NonLethal,Daylight,Yes,NoIntersection,Normal,Other,5,Friday,16,False,False
201800000448,NonLethal,TwilightOrDawn,Yes,NoIntersection,Normal,NoCollision,4,Monday,21,False,False
201800030495,NonLethal,Daylight,Yes,NoIntersection,HeavyRain,2Vehicles-Side,10,Monday,12,False,False
201800034795,NonLethal,Daylight,Yes,T-type,Normal,Other,8,Saturday,17,True,False
201800003358,NonLethal,NightNoStreetLight,Yes,NoIntersection,LightRain,Other,11,Monday,17,False,False
201800033777,NonLethal,Daylight,Yes,NoIntersection,Normal,2Vehicles-BehindVehicles-Frontal,5,Saturday,21,True,False
201800049667,NonLethal,Daylight,Yes,NoIntersection,FogOrSmoke,Other,1,Monday,8,False,False
201800001713,Lethal,Daylight,Yes,NoIntersection,Normal,Other,4,Sunday,9,True,False
201800036892,NonLethal,Daylight,Yes,NoIntersection,Normal,Other,12,Wednesday,15,False,False
201800043597,NonLethal,TwilightOrDawn,Yes,NoIntersection,Normal,2Vehicles-Behind,10,Monday,19,False,False
201800042524,NonLethal,Daylight,Yes,NoIntersection,Normal,Other,11,Thursday,8,False,False
201800027345,NonLethal,Daylight,Yes,NoIntersection,Normal,2Vehicles-Side,6,Wednesday,11,False,False
201800023653,NonLethal,Daylight,Yes,NoIntersection,Normal,2Vehicles-Behind,11,Friday,14,False,False
201800005756,NonLethal,Daylight,Yes,NoIntersection,Normal,2Vehicles-BehindVehicles-Frontal,8,Wednesday,16,False,False
201800022837,NonLethal,NightNoStreetLight,Yes,NoIntersection,LightRain,NoCollision,12,Sunday,7,True,False
201800054978,NonLethal,Daylight,Yes,NoIntersection,Normal,2Vehicles-Side,4,Monday,15,False,False
201800034508,NonLethal,Daylight,Yes,NoIntersection,Normal,Other,3,Saturday,11,True,False
201800004463,NonLethal,TwilightOrDawn,Yes,T-type,LightRain,NoCollision,5,Friday,20,False,False
201800030637,NonLethal,NightNoStreetLight,Yes,X-type,Normal,2Vehicles-Side,11,Saturday,21,True,False
201800000723,NonLethal,Daylight,No,NoIntersection,Normal,2Vehicles-BehindVehicles-Frontal,1,Sunday,15,True,False
201800048209,NonLethal,Daylight,Yes,T-type,Normal,2Vehicles-Side,4,Saturday,14,True,False
201800035026,NonLethal,NightStreelightsOn,Yes,NoIntersection,Normal,Other,9,Tuesday,2,False,True
201800001849,NonLethal,TwilightOrDawn,No,NoIntersection,Normal,2Vehicles-BehindVehicles-Frontal,11,Monday,7,False,False
201800033291,NonLethal,Daylight,Yes,X-type,Normal,2Vehicles-Side,4,Saturday,12,True,False
201800011608,NonLethal,Daylight,No,NoIntersection,Normal,Other,7,Monday,18,False,False
201800057443,NonLethal,Daylight,No,NoIntersection,Normal,2Vehicles-Behind,4,Friday,7,False,False
201800025432,NonLethal,NightStreelightsOn,Yes,T-type,Normal,2Vehicles-Side,7,Sunday,23,True,False
201800049577,NonLethal,Daylight,No,NoIntersection,HeavyRain,NoCollision,6,Thursday,16,False,False
201800043303,NonLethal,NightStreelightsOn,Yes,X-type,Normal,2Vehicles-Side,12,Tuesday,17,False,False
201800053451,NonLethal,Daylight,Yes,Square,Normal,2Vehicles-Side,7,Wednesday,9,False,False
201800022615,NonLethal,Daylight,Yes,T-type,Normal,Other,9,Saturday,16,True,False
201800038193,NonLethal,Daylight,Yes,NoIntersection,LightRain,Other,3,Monday,12,False,False
201800055646,NonLethal,Daylight,Yes,NoIntersection,Normal,3+Vehicles-Chain,10,Friday,18,False,False
201800011607,NonLethal,Daylight,No,NoIntersection,Normal,Other,4,Saturday,10,True,False
201800045944,NonLethal,Daylight,No,NoIntersection,Normal,3+Vehicles-Chain,6,Friday,16,False,False
201800021653,NonLethal,Daylight,Yes,NoIntersection,VeryGood,2Vehicles-Behind,4,Tuesday,18,False,False
201800017427,NonLethal,Daylight,Yes,NoIntersection,Normal,2Vehicles-BehindVehicles-Frontal,9,Wednesday,18,False,False
201800052697,NonLethal,Daylight,Yes,X-type,Normal,2Vehicles-Behind,3,Saturday,9,True,False
201800023361,NonLethal,Daylight,Yes,NoIntersection,Normal,2Vehicles-Behind,11,Tuesday,9,False,False
201800018691,NonLethal,Daylight,Yes,T-type,Normal,2Vehicles-Side,9,Thursday,10,False,False
201800041144,NonLethal,Daylight,Yes,NoIntersection,Normal,Other,10,Friday,18,False,False
201800048255,NonLethal,NightStreelightsOn,Yes,NoIntersection,Normal,Other,5,Saturday,4,True,True
201800041217,NonLethal,Daylight,No,NoIntersection,Normal,2Vehicles-Side,4,Friday,17,False,False
201800038680,NonLethal,NightStreelightsOn,Yes,NoIntersection,LightRain,Other,3,Sunday,19,True,False
201800005036,Lethal,Daylight,Yes,MoreThan4Branches,Normal,2Vehicles-Side,7,Wednesday,11,False,False
201800018118,NonLethal,NightNoStreetLight,No,NoIntersection,Normal,Other,11,Monday,4,False,True
201800055679,NonLethal,NightNoStreetLight,Yes,NoIntersection,LightRain,3+Vehicles-Chain,10,Wednesday,21,False,False
201800011611,NonLethal,TwilightOrDawn,No,NoIntersection,Normal,NoCollision,9,Monday,20,False,False
201800056642,Lethal,NightStreelightsOff,No,NoIntersection,Overcast,Other,9,Friday,18,False,False
201800012191,NonLethal,Daylight,No,NoIntersection,Normal,NoCollision,7,Tuesday,17,False,False
201800026752,NonLethal,Daylight,Yes,X-type,Overcast,2Vehicles-Side,3,Monday,17,False,False
201800002576,NonLethal,Daylight,No,NoIntersection,Normal,NoCollision,1,Wednesday,7,False,False
201800011799,NonLethal,Daylight,No,T-type,Normal,2Vehicles-Side,7,Saturday,16,True,False
201800048929,NonLethal,Daylight,No,NoIntersection,Normal,3+Vehicles-Chain,6,Tuesday,9,False,False
201800045195,NonLethal,Daylight,No,NoIntersection,Normal,3+Vehicles-Multiple,9,Friday,11,False,False
201800023850,NonLethal,NightStreelightsOff,Yes,NoIntersection,Normal,2Vehicles-Behind,2,Sunday,7,True,False
201800020578,NonLethal,Daylight,Yes,NoIntersection,Normal,2Vehicles-Behind,12,Tuesday,14,False,False
201800037382,NonLethal,Daylight,Yes,Roundabout,Overcast,2Vehicles-Side,11,Saturday,14,True,False
201800024474,NonLethal,Daylight,Yes,NoIntersection,Normal,Other,10,Tuesday,11,False,False
201800045554,NonLethal,Daylight,No,NoIntersection,LightRain,Other,12,Sunday,14,True,False
201800055474,NonLethal,Daylight,Yes,NoIntersection,Normal,2Vehicles-Side,6,Thursday,19,False,False
201800036874,NonLethal,TwilightOrDawn,Yes,NoIntersection,Normal,2Vehicles-Side,10,Wednesday,8,False,False
201800026846,NonLethal,Daylight,Yes,NoIntersection,Normal,Other,6,Friday,16,False,False
201800041433,NonLethal,Daylight,Yes,Other,Normal,2Vehicles-Side,5,Tuesday,17,False,False
201800005168,NonLethal,Daylight,Yes,Y-type,Normal,Other,9,Wednesday,12,False,False
201800048515,NonLethal,NightStreelightsOn,Yes,X-type,Normal,2Vehicles-Side,9,Friday,2,False,True
201800053851,NonLethal,Daylight,Yes,X-type,Normal,Other,8,Wednesday,17,False,False
201800035476,NonLethal,NightNoStreetLight,Yes,T-type,Normal,2Vehicles-Side,4,Friday,21,False,False
201800041853,NonLethal,Daylight,Yes,X-type,Normal,Other,7,Wednesday,19,False,False
201800036625,NonLethal,Daylight,Yes,NoIntersection,Normal,3+Vehicles-Chain,5,Tuesday,18,False,False
201800025399,NonLethal,Daylight,Yes,NoIntersection,Normal,3+Vehicles-Chain,6,Friday,5,False,True
201800013971,NonLethal,Daylight,No,Y-type,VeryGood,Other,7,Friday,14,False,False
201800044321,NonLethal,TwilightOrDawn,No,NoIntersection,Normal,2Vehicles-Side,10,Friday,19,False,False
201800025663,NonLethal,Daylight,No,NoIntersection,Normal,NoCollision,12,Saturday,13,True,False
201800022304,NonLethal,TwilightOrDawn,Yes,Roundabout,Normal,NoCollision,3,Friday,7,False,False
201800028301,NonLethal,NightStreelightsOn,Yes,NoIntersection,Normal,3+Vehicles-Multiple,1,Wednesday,18,False,False
201800042710,NonLethal,TwilightOrDawn,Yes,T-type,Normal,2Vehicles-Side,6,Monday,17,False,False
201800048758,NonLethal,NightStreelightsOn,Yes,X-type,LightRain,2Vehicles-Side,12,Monday,20,False,False
201800034026,NonLethal,Daylight,No,NoIntersection,Normal,2Vehicles-Side,7,Wednesday,7,False,False
201800015353,NonLethal,Daylight,No,X-type,Other,2Vehicles-Side,4,Wednesday,12,False,False
201800056129,NonLethal,NightNoStreetLight,No,NoIntersection,Normal,3+Vehicles-Multiple,8,Sunday,2,True,True
201800054766,NonLethal,TwilightOrDawn,Yes,NoIntersection,LightRain,Other,7,Sunday,20,True,False
201800031684,NonLethal,Daylight,Yes,NoIntersection,Normal,Other,3,Wednesday,17,False,False
201800013406,NonLethal,Daylight,No,X-type,VeryGood,2Vehicles-BehindVehicles-Frontal,5,Friday,13,False,False
201800001562,NonLethal,Daylight,No,NoIntersection,Normal,NoCollision,5,Monday,18,False,False
201800011162,Lethal,Daylight,No,NoIntersection,Normal,2Vehicles-Side,3,Monday,15,False,False
201800022745,NonLethal,Daylight,No,X-type,FogOrSmoke,2Vehicles-Side,5,Thursday,7,False,False
201800054397,NonLethal,Daylight,Yes,NoIntersection,Normal,Other,5,Wednesday,16,False,False
201800017696,NonLethal,Daylight,No,Y-type,LightRain,2Vehicles-BehindVehicles-Frontal,12,Monday,12,False,False
201800011356,Lethal,Daylight,Yes,LevelCrossing,Normal,2Vehicles-Side,10,Thursday,10,False,False
201800048986,NonLethal,Daylight,No,NoIntersection,Normal,Other,2,Friday,20,False,False
201800020788,NonLethal,NightNoStreetLight,No,NoIntersection,Normal,NoCollision,1,Sunday,2,True,True
201800047922,Lethal,Daylight,No,NoIntersection,Normal,2Vehicles-Behind,5,Tuesday,20,False,False
201800033539,NonLethal,Daylight,Yes,Square,Normal,Other,9,Thursday,11,False,False
201800000663,NonLethal,Daylight,No,T-type,Normal,NoCollision,7,Monday,14,False,False
201800046425,NonLethal,NightNoStreetLight,No,NoIntersection,Normal,2Vehicles-Behind,2,Friday,19,False,False
201800015731,NonLethal,Daylight,Yes,NoIntersection,Normal,Other,9,Sunday,17,True,False
201800051626,NonLethal,Daylight,Yes,X-type,Normal,2Vehicles-Side,12,Thursday,9,False,False
201800050643,NonLethal,NightStreelightsOn,Yes,X-type,LightRain,Other,1,Monday,23,False,False
201800018219,NonLethal,Daylight,No,NoIntersection,Normal,2Vehicles-Side,5,Tuesday,7,False,False
201800015549,NonLethal,Daylight,No,NoIntersection,Normal,Other,10,Tuesday,14,False,False
201800026388,NonLethal,Daylight,Yes,NoIntersection,Normal,2Vehicles-Side,8,Saturday,11,True,False
201800023150,NonLethal,NightStreelightsOn,Yes,NoIntersection,Normal,2Vehicles-Side,9,Friday,23,False,False
201800019359,NonLethal,NightStreelightsOn,No,Other,Overcast,2Vehicles-BehindVehicles-Frontal,11,Friday,19,False,False
201800031717,NonLethal,Daylight,Yes,NoIntersection,Normal,Other,4,Monday,8,False,False
201800030729,NonLethal,NightStreelightsOff,Yes,X-type,LightRain,2Vehicles-Side,1,Wednesday,21,False,False
201800020471,NonLethal,Daylight,Yes,Roundabout,Normal,2Vehicles-Side,9,Monday,16,False,False
201800026336,NonLethal,Daylight,Yes,Other,Normal,2Vehicles-Side,9,Wednesday,18,False,False
201800043834,NonLethal,NightNoStreetLight,No,NoIntersection,Normal,Other,2,Friday,5,False,True
201800033479,NonLethal,Daylight,No,NoIntersection,Normal,2Vehicles-BehindVehicles-Frontal,5,Saturday,10,True,False
201800012180,NonLethal,NightNoStreetLight,No,T-type,LightRain,Other,8,Sunday,19,True,False
201800022869,NonLethal,Daylight,Yes,NoIntersection,Normal,2Vehicles-Behind,1,Tuesday,9,False,False
201800013232,NonLethal,NightNoStreetLight,No,NoIntersection,SnowOrHail,Other,2,Saturday,20,True,False
201800056535,NonLethal,Daylight,Yes,NoIntersection,Normal,2Vehicles-Side,9,Monday,13,False,False
201800033868,NonLethal,NightStreelightsOn,Yes,X-type,HeavyRain,2Vehicles-Side,10,Saturday,21,True,False
201800051350,NonLethal,Daylight,Yes,T-type,Normal,2Vehicles-Side,5,Thursday,14,False,False
201800011199,NonLethal,Daylight,Yes,Roundabout,Normal,Other,7,Monday,18,False,False
201800020420,NonLethal,NightNoStreetLight,No,NoIntersection,Normal,Other,9,Wednesday,4,False,True
201800010441,NonLethal,TwilightOrDawn,Yes,NoIntersection,HeavyRain,Other,12,Wednesday,7,False,False
201800038599,NonLethal,Daylight,Yes,NoIntersection,Normal,2Vehicles-Side,7,Monday,18,False,False
201800039029,NonLethal,Daylight,Yes,Other,Normal,2Vehicles-Side,1,Monday,12,False,False
201800026488,NonLethal,Daylight,Yes,NoIntersection,Normal,Other,11,Friday,16,False,False
201800032095,Lethal,NightNoStreetLight,No,NoIntersection,Overcast,2Vehicles-BehindVehicles-Frontal,12,Friday,21,False,False
201800004946,NonLethal,NightStreelightsOn,Yes,X-type,Overcast,2Vehicles-BehindVehicles-Frontal,12,Monday,18,False,False
201800019186,Lethal,Daylight,No,NoIntersection,LightRain,Other,1,Wednesday,15,False,False
201800018271,NonLethal,Daylight,No,Other,Other,Other,7,Thursday,17,False,False
201800051465,NonLethal,NightStreelightsOn,Yes,X-type,Normal,Other,3,Wednesday,23,False,False
201800023434,NonLethal,Daylight,No,NoIntersection,Normal,NoCollision,2,Friday,9,False,False
201800035623,NonLethal,NightStreelightsOn,Yes,X-type,LightRain,2Vehicles-BehindVehicles-Frontal,11,Saturday,6,True,True
201800035839,NonLethal,Daylight,Yes,NoIntersection,VeryGood,Other,1,Wednesday,12,False,False
201800018698,NonLethal,Daylight,No,X-type,Normal,2Vehicles-Side,2,Saturday,17,True,False
201800049879,NonLethal,Daylight,No,NoIntersection,HeavyRain,Other,7,Friday,18,False,False
201800056503,NonLethal,NightNoStreetLight,No,NoIntersection,LightRain,2Vehicles-BehindVehicles-Frontal,6,Thursday,19,False,False
201800053198,NonLethal,NightStreelightsOn,Yes,X-type,LightRain,2Vehicles-Side,11,Monday,20,False,False
201800016951,NonLethal,Daylight,No,Other,Normal,Other,6,Thursday,14,False,False
201800039588,Lethal,NightNoStreetLight,Yes,T-type,Normal,3+Vehicles-Multiple,6,Monday,1,False,True
201800012870,NonLethal,Daylight,Yes,T-type,Normal,2Vehicles-Side,9,Wednesday,17,False,False
201800054803,NonLethal,Daylight,Yes,X-type,Normal,2Vehicles-Side,9,Tuesday,12,False,False
201800008752,NonLethal,Daylight,Yes,NoIntersection,Normal,Other,3,Wednesday,18,False,False
201800002376,NonLethal,Daylight,No,X-type,VeryGood,2Vehicles-Side,2,Thursday,16,False,False
201800038812,NonLethal,NightStreelightsOn,Yes,NoIntersection,Normal,2Vehicles-BehindVehicles-Frontal,5,Sunday,23,True,False
201800015667,NonLethal,NightNoStreetLight,No,NoIntersection,LightRain,2Vehicles-Behind,12,Wednesday,19,False,False
201800057217,NonLethal,Daylight,No,NoIntersection,Normal,2Vehicles-Behind,9,Saturday,17,True,False
201800010776,NonLethal,Daylight,No,NoIntersection,Normal,Other,8,Thursday,18,False,False
201800020575,NonLethal,TwilightOrDawn,Yes,Y-type,Normal,2Vehicles-Behind,4,Sunday,20,True,False
201800047277,NonLethal,Daylight,No,NoIntersection,Normal,2Vehicles-Side,9,Monday,8,False,False
201800045392,NonLethal,Daylight,No,NoIntersection,LightRain,Other,10,Tuesday,9,False,False
201800024332,NonLethal,Daylight,Yes,NoIntersection,Normal,2Vehicles-Side,5,Tuesday,17,False,False
201800040865,NonLethal,NightStreelightsOn,Yes,NoIntersection,Normal,Other,5,Monday,3,False,True
201800043855,NonLethal,Daylight,No,NoIntersection,HeavyRain,3+Vehicles-Chain,8,Friday,17,False,False
201800020845,NonLethal,Daylight,No,NoIntersection,Normal,2Vehicles-Behind,6,Wednesday,16,False,False
201800051944,NonLethal,TwilightOrDawn,Yes,Y-type,Normal,2Vehicles-Behind,2,Saturday,16,True,False
201800021460,NonLethal,Daylight,Yes,NoIntersection,Normal,Other,11,Saturday,15,True,False
201800044540,NonLethal,Daylight,No,NoIntersection,LightRain,NoCollision,1,Thursday,10,False,False
201800029366,NonLethal,Daylight,Yes,NoIntersection,Normal,Other,7,Thursday,11,False,False
201800016639,NonLethal,NightStreelightsOn,Yes,T-type,LightRain,Other,4,Wednesday,23,False,False
201800012764,NonLethal,Daylight,Yes,NoIntersection,Normal,Other,9,Saturday,16,True,False
201800055575,NonLethal,Daylight,Yes,NoIntersection,Normal,2Vehicles-Behind,8,Thursday,19,False,False
201800055727,NonLethal,Daylight,Yes,Y-type,Overcast,2Vehicles-Side,12,Thursday,14,False,False
201800007440,NonLethal,Daylight,Yes,NoIntersection,Normal,Other,5,Thursday,10,False,False
201800046321,NonLethal,NightNoStreetLight,No,NoIntersection,Normal,Other,12,Saturday,18,True,False
201800050617,NonLethal,NightStreelightsOn,Yes,T-type,Normal,2Vehicles-Behind,10,Friday,22,False,False
201800040824,NonLethal,NightStreelightsOn,Yes,NoIntersection,Normal,Other,2,Saturday,22,True,False
201800029368,NonLethal,NightNoStreetLight,No,NoIntersection,Normal,NoCollision,5,Sunday,0,True,True
201800046263,NonLethal,NightStreelightsOn,No,NoIntersection,LightRain,3+Vehicles-Multiple,3,Monday,2,False,True
201800007511,NonLethal,Daylight,Yes,NoIntersection,Normal,Other,7,Wednesday,17,False,False
201800012100,NonLethal,Daylight,No,NoIntersection,Normal,NoCollision,8,Friday,19,False,False
201800052682,NonLethal,Daylight,Yes,X-type,Normal,2Vehicles-Behind,3,Thursday,15,False,False
201800024611,NonLethal,NightStreelightsOn,Yes,X-type,Normal,Other,1,Thursday,20,False,False
201800052879,NonLethal,NightStreelightsOn,Yes,X-type,LightRain,Other,11,Friday,21,False,False
201800046403,NonLethal,Daylight,No,NoIntersection,Normal,3+Vehicles-Chain,8,Thursday,11,False,False
201800012433,NonLethal,Daylight,No,X-type,Normal,2Vehicles-Side,6,Wednesday,20,False,False
201800052168,NonLethal,Daylight,Yes,T-type,Normal,Other,9,Monday,8,False,False
201800018404,NonLethal,Daylight,Yes,NoIntersection,Normal,2Vehicles-Side,4,Thursday,15,False,False
201800010162,NonLethal,TwilightOrDawn,Yes,NoIntersection,Normal,2Vehicles-Behind,9,Wednesday,17,False,False
201800050276,NonLethal,Daylight,Yes,X-type,Normal,Other,6,Friday,16,False,False
201800055172,NonLethal,NightStreelightsOn,Yes,T-type,Normal,2Vehicles-Side,8,Saturday,20,True,False
201800025363,NonLethal,Daylight,Yes,T-type,Normal,Other,4,Friday,14,False,False
201800011932,NonLethal,Daylight,No,NoIntersection,Normal,3+Vehicles-Multiple,12,Sunday,16,True,False
201800011244,Lethal,NightNoStreetLight,No,NoIntersection,Overcast,Other,11,Wednesday,6,False,True
201800014126,Lethal,Daylight,No,X-type,Normal,2Vehicles-Side,6,Saturday,19,True,False
201800033472,NonLethal,NightStreelightsOn,Yes,T-type,Normal,2Vehicles-Side,3,Monday,23,False,False
201800028310,NonLethal,NightStreelightsOn,Yes,X-type,Normal,3+Vehicles-Chain,1,Saturday,6,True,True
201800026337,NonLethal,TwilightOrDawn,Yes,NoIntersection,Normal,Other,3,Saturday,20,True,False
201800054695,NonLethal,Daylight,Yes,MoreThan4Branches,Normal,Other,4,Tuesday,11,False,False
201800029886,NonLethal,Daylight,Yes,T-type,Normal,2Vehicles-Side,10,Tuesday,9,False,False
201800028606,NonLethal,Daylight,Yes,NoIntersection,Overcast,2Vehicles-Behind,1,Wednesday,13,False,False
201800023617,NonLethal,Daylight,Yes,NoIntersection,Overcast,2Vehicles-Behind,1,Monday,12,False,False
201800029374,Lethal,Daylight,Yes,NoIntersection,Normal,Other,7,Monday,17,False,False
201800014374,NonLethal,Daylight,Yes,NoIntersection,Normal,2Vehicles-Side,5,Sunday,10,True,False
201800030443,NonLethal,Daylight,Yes,Other,Normal,2Vehicles-Side,9,Monday,15,False,False
201800029466,NonLethal,NightStreelightsOff,No,X-type,Normal,Other,2,Thursday,6,False,True
201800023476,NonLethal,Daylight,Yes,NoIntersection,Normal,3+Vehicles-Chain,8,Monday,16,False,False
201800048145,NonLethal,Daylight,Yes,NoIntersection,Overcast,NoCollision,3,Tuesday,11,False,False
201800008707,NonLethal,Daylight,Yes,Other,Normal,2Vehicles-Side,3,Wednesday,12,False,False
201800015895,NonLethal,NightNoStreetLight,No,NoIntersection,Normal,2Vehicles-BehindVehicles-Frontal,10,Tuesday,5,False,True
201800034807,NonLethal,Daylight,Yes,NoIntersection,LightRain,2Vehicles-Side,2,Friday,17,False,False
201800005574,NonLethal,Daylight,Yes,NoIntersection,Normal,2Vehicles-Side,1,Monday,7,False,False
201800040576,NonLethal,Daylight,Yes,NoIntersection,LightRain,2Vehicles-Behind,2,Friday,15,False,False
201800052182,NonLethal,Daylight,Yes,X-type,Normal,2Vehicles-Side,9,Tuesday,19,False,False
201800027418,NonLethal,Daylight,Yes,X-type,Normal,Other,9,Tuesday,13,False,False
201800010748,NonLethal,Daylight,No,NoIntersection,Normal,NoCollision,4,Friday,18,False,False
201800023857,Lethal,Daylight,Yes,T-type,Normal,Other,12,Sunday,17,True,False
201800026483,NonLethal,TwilightOrDawn,Yes,NoIntersection,Normal,Other,11,Monday,6,False,True
201800055046,NonLethal,TwilightOrDawn,Yes,NoIntersection,Normal,Other,6,Tuesday,21,False,False
201800027165,NonLethal,Daylight,Yes,NoIntersection,Normal,NoCollision,2,Saturday,17,True,False
201800042768,NonLethal,Daylight,Yes,NoIntersection,Normal,2Vehicles-Side,6,Friday,20,False,False
201800012766,NonLethal,NightStreelightsOn,Yes,NoIntersection,Overcast,Other,1,Wednesday,19,False,False
201800039773,NonLethal,NightStreelightsOn,Yes,X-type,LightRain,2Vehicles-Side,1,Wednesday,17,False,False
201800037530,NonLethal,Daylight,Yes,NoIntersection,Normal,Other,12,Wednesday,12,False,False
201800047230,NonLethal,Daylight,Yes,NoIntersection,Normal,3+Vehicles-Multiple,9,Friday,17,False,False
201800044682,NonLethal,Daylight,No,NoIntersection,Normal,2Vehicles-Behind,12,Monday,9,False,False
201800008367,NonLethal,Daylight,Yes,NoIntersection,Normal,Other,1,Thursday,8,False,False
201800022035,NonLethal,NightStreelightsOff,Yes,Roundabout,LightRain,Other,3,Friday,4,False,True
201800034072,NonLethal,Daylight,Yes,NoIntersection,Normal,2Vehicles-Behind,10,Friday,11,False,False
201800019411,NonLethal,NightNoStreetLight,No,Roundabout,Normal,NoCollision,4,Saturday,5,True,True