AccidentId,Gravity,Light,InAgglomeration,IntersectionType,Weather,CollisionType,Month,DayOfWeek,HourOfDay,IsWeekend,IsNight
201800028724,Lethal,NightNoStreetLight,No,NoIntersection,Normal,Other,5,Monday,23,False,False
201800014908,NonLethal,NightNoStreetLight,No,NoIntersection,Normal,Other,2,Saturday,23,True,False
201800020346,NonLethal,Daylight,No,NoIntersection,Normal,2Vehicles-Behind,9,Tuesday,18,False,False
201800039841,NonLethal,TwilightOrDawn,Yes,T-type,Normal,2Vehicles-Side,10,Tuesday,20,False,False
201800042106,NonLethal,NightStreelightsOn,Yes,NoIntersection,Normal,Other,10,Monday,20,False,False
201800001971,NonLethal,Daylight,No,NoIntersection,Normal,Other,8,Sunday,16,True,False
201800053802,NonLethal,Daylight,Yes,X-type,Normal,2Vehicles-BehindVehicles-Frontal,6,Sunday,13,True,False
201800010648,NonLethal,Daylight,No,NoIntersection,VeryGood,2Vehicles-BehindVehicles-Frontal,3,Saturday,15,True,False
201800015493,NonLethal,Daylight,No,NoIntersection,Normal,Other,5,Tuesday,6,False,True
201800023645,NonLethal,Daylight,No,NoIntersection,Normal,NoCollision,8,Sunday,12,True,False
201800037929,NonLethal,Daylight,Yes,NoIntersection,Normal,3+Vehicles-Multiple,6,Monday,16,False,False
201800027518,NonLethal,Daylight,Yes,T-type,Normal,2Vehicles-BehindVehicles-Frontal,8,Saturday,11,True,False
201800054724,NonLethal,Daylight,Yes,NoIntersection,Normal,Other,5,Saturday,16,True,False
201800021995,NonLethal,NightStreelightsOn,Yes,NoIntersection,HeavyRain,Other,1,Monday,7,False,False
201800036213,NonLethal,Daylight,Yes,NoIntersection,Normal,Other,10,Saturday,17,True,False
201800002715,NonLethal,Daylight,Yes,Y-type,Normal,2Vehicles-Side,10,Tuesday,17,False,False
201800003727,NonLethal,Daylight,No,NoIntersection,Normal,Other,8,Thursday,10,False,False
201800006008,NonLethal,Daylight,No,Other,Normal,Other,3,Saturday,8,True,False
201800019684,NonLethal,Daylight,Yes,NoIntersection,HeavyRain,Other,7,Thursday,20,False,False
201800055382,NonLethal,NightStreelightsOn,Yes,NoIntersection,Normal,2Vehicles-Behind,5,Tuesday,23,False,False
201800057024,NonLethal,NightStreelightsOn,Yes,NoIntersection,Normal,2Vehicles-Side,8,Wednesday,19,False,False
201800022431,NonLethal,NightStreelightsOn,Yes,NoIntersection,Normal,Other,12,Wednesday,20,False,False
201800003889,NonLethal,Daylight,No,NoIntersection,Normal,2Vehicles-Side,12,Wednesday,8,False,False
201800049589,NonLethal,Daylight,No,NoIntersection,Normal,3+Vehicles-Multiple,9,Tuesday,12,False,False
201800027174,NonLethal,Daylight,Yes,NoIntersection,Normal,Other,3,Saturday,10,True,False
201800001130,NonLethal,Daylight,Yes,NoIntersection,Normal,2Vehicles-Side,7,Sunday,13,True,False
201800032346,NonLethal,Daylight,Yes,NoIntersection,Normal,2Vehicles-Side,1,Wednesday,7,False,False
201800005847,NonLethal,NightStreelightsOn,Yes,NoIntersection,Normal,2Vehicles-Side,11,Friday,20,False,False
201800032489,NonLethal,TwilightOrDawn,Yes,NoIntersection,Normal,Other,6,Sunday,20,True,False
201800013875,NonLethal,Daylight,Yes,NoIntersection,Normal,Other,3,Sunday,16,True,False
201800054831,NonLethal,Daylight,Yes,NoIntersection,Normal,Other,10,Sunday,11,True,False
201800036026,NonLethal,TwilightOrDawn,Yes,NoIntersection,LightRain,2Vehicles-Side,3,Friday,19,False,False
201800037090,NonLethal,Daylight,Yes,X-type,LightRain,2Vehicles-Side,1,Thursday,12,False,False
201800021408,NonLethal,Daylight,Yes,Other,Normal,2Vehicles-Side,4,Friday,15,False,False
201800018627,NonLethal,Daylight,No,NoIntersection,Normal,NoCollision,11,Sunday,12,True,False
201800046803,NonLethal,Daylight,No,NoIntersection,Overcast,2Vehicles-Side,8,Monday,9,False,False
201800050944,NonLethal,Daylight,Yes,X-type,Normal,2Vehicles-Side,6,Monday,11,False,False
201800057156,Lethal,Daylight,Yes,NoIntersection,Normal,Other,1,Tuesday,18,False,False
201800051403,NonLethal,Daylight,Yes,X-type,Normal,2Vehicles-Side,10,Wednesday,14,False,False
201800020393,NonLethal,NightNoStreetLight,No,NoIntersection,Normal,2Vehicles-Behind,5,Sunday,3,True,True
201800025534,NonLethal,Daylight,Yes,NoIntersection,Normal,3+Vehicles-Chain,10,Wednesday,16,False,False
201800006364,NonLethal,Daylight,No,NoIntersection,Normal,NoCollision,7,Wednesday,15,False,False
201800054308,NonLethal,NightStreelightsOn,Yes,NoIntersection,LightRain,Other,10,Monday,18,False,False
201800048393,NonLethal,Daylight,Yes,NoIntersection,Normal,Other,7,Tuesday,12,False,False
201800053213,NonLethal,NightStreelightsOn,Yes,X-type,Normal,2Vehicles-Behind,12,Tuesday,17,False,False
201800027909,NonLethal,Daylight,Yes,NoIntersection,Normal,Other,1,Saturday,15,True,False
201800004835,NonLethal,Daylight,No,NoIntersection,Normal,NoCollision,9,Wednesday,16,False,False
201800052685,NonLethal,Daylight,Yes,NoIntersection,Normal,2Vehicles-Side,3,Monday,13,False,False
201800013735,NonLethal,TwilightOrDawn,Yes,NoIntersection,StrongWindOrStorm,NoCollision,1,Tuesday,16,False,False
201800010887,Lethal,Daylight,Yes,NoIntersection,Normal,Other,4,Thursday,19,False,False
201800001583,NonLethal,NightNoStreetLight,No,NoIntersection,Normal,Other,1,Saturday,1,True,True
201800049334,NonLethal,Daylight,No,NoIntersection,Normal,3+Vehicles-Chain,2,Monday,9,False,False
201800029947,NonLethal,NightStreelightsOn,Yes,X-type,LightRain,2Vehicles-Side,10,Tuesday,22,False,False
201800012056,NonLethal,NightNoStreetLight,No,NoIntersection,Normal,Other,2,Tuesday,19,False,False
201800044007,NonLethal,Daylight,No,NoIntersection,Normal,2Vehicles-Behind,5,Thursday,7,False,False
201800027341,NonLethal,NightStreelightsOn,Yes,NoIntersection,Normal,2Vehicles-Side,6,Saturday,1,True,True
201800035217,Lethal,NightNoStreetLight,No,NoIntersection,HeavyRain,NoCollision,12,Sunday,5,True,True
201800023725,NonLethal,Daylight,Yes,NoIntersection,Normal,2Vehicles-BehindVehicles-Frontal,11,Monday,15,False,False
201800055312,NonLethal,Daylight,Yes,NoIntersection,Normal,3+Vehicles-Chain,3,Friday,18,False,False
201800041502,NonLethal,NightNoStreetLight,Yes,T-type,Normal,2Vehicles-Side,10,Sunday,20,True,False
201800012950,NonLethal,Daylight,No,NoIntersection,Normal,NoCollision,4,Sunday,16,True,False
201800046519,NonLethal,Daylight,No,NoIntersection,LightRain,2Vehicles-Side,12,Tuesday,18,False,False
201800003456,NonLethal,NightNoStreetLight,No,NoIntersection,SnowOrHail,Other,2,Wednesday,5,False,True
201800041000,NonLethal,Daylight,Yes,NoIntersection,Normal,Other,1,Thursday,14,False,False
201800049511,NonLethal,NightNoStreetLight,No,NoIntersection,Normal,2Vehicles-Behind,12,Friday,6,False,True
201800050640,NonLethal,Daylight,Yes,T-type,Normal,Other,12,Saturday,8,True,False
201800030178,NonLethal,Daylight,Yes,Other,Normal,3+Vehicles-Multiple,9,Saturday,10,True,False
201800019339,NonLethal,Daylight,Yes,Other,Normal,Other,8,Thursday,9,False,False
201800040567,NonLethal,Daylight,Yes,X-type,Overcast,2Vehicles-Side,12,Friday,14,False,False
201800008307,NonLethal,Daylight,Yes,NoIntersection,Normal,3+Vehicles-Multiple,8,Wednesday,8,False,False
201800023551,NonLethal,Daylight,No,NoIntersection,Normal,Other,11,Friday,8,False,False
201800027535,NonLethal,Daylight,Yes,NoIntersection,Normal,Other,11,Wednesday,14,False,False
201800048319,NonLethal,Daylight,Yes,X-type,HeavyRain,2Vehicles-Side,6,Tuesday,18,False,False
201800042656,NonLethal,Daylight,Yes,T-type,Normal,2Vehicles-Side,3,Friday,16,False,False
201800029753,NonLethal,Daylight,Yes,NoIntersection,Normal,Other,10,Wednesday,10,False,False
201800021146,NonLethal,Daylight,No,NoIntersection,Normal,3+Vehicles-Multiple,6,Thursday,14,False,False
201800043003,NonLethal,Daylight,Yes,NoIntersection,Normal,2Vehicles-Behind,6,Monday,12,False,False
201800000099,NonLethal,Daylight,Yes,X-type,LightRain,2Vehicles-Side,1,Saturday,13,True,False
201800012305,NonLethal,NightNoStreetLight,No,NoIntersection,Other,Other,11,Friday,21,False,False
201800044545,NonLethal,Daylight,No,NoIntersection,LightRain,2Vehicles-Behind,1,Friday,12,False,False
201800057218,NonLethal,Daylight,Yes,T-type,Normal,2Vehicles-Side,9,Saturday,10,True,False
201800022872,NonLethal,Daylight,Yes,NoIntersection,LightRain,NoCollision,10,Monday,10,False,False
201800054383,NonLethal,Daylight,Yes,X-type,Normal,2Vehicles-Side,4,Wednesday,9,False,False
201800037259,NonLethal,Daylight,Yes,NoIntersection,Normal,2Vehicles-Behind,5,Friday,14,False,False
201800047387,NonLethal,Daylight,Yes,Square,Normal,Other,2,Tuesday,16,False,False
201800047802,NonLethal,Daylight,Yes,Other,Normal,2Vehicles-Side,11,Friday,11,False,False
201800051016,NonLethal,Daylight,Yes,Square,Normal,2Vehicles-Side,3,Tuesday,14,False,False
201800018489,NonLethal,Daylight,No,NoIntersection,Normal,Other,11,Friday,16,False,False
201800051415,NonLethal,Daylight,Yes,NoIntersection,LightRain,Other,11,Wednesday,9,False,False
201800006866,NonLethal,NightNoStreetLight,No,NoIntersection,Other,2Vehicles-Behind,1,Saturday,21,True,False
201800035722,NonLethal,TwilightOrDawn,Yes,NoIntersection,LightRain,Other,1,Tuesday,18,False,False
201800043863,NonLethal,Daylight,No,NoIntersection,Normal,3+Vehicles-Chain,3,Tuesday,8,False,False
201800012320,NonLethal,NightNoStreetLight,Yes,NoIntersection,Normal,2Vehicles-Side,1,Sunday,0,True,True
201800011086,NonLethal,Daylight,Yes,NoIntersection,VeryGood,Other,10,Monday,11,False,False
201800037995,NonLethal,Daylight,Yes,T-type,Normal,2Vehicles-Behind,2,Thursday,9,False,False
201800034125,NonLethal,Daylight,Yes,T-type,Normal,Other,12,Friday,14,False,False
201800000083,NonLethal,NightStreelightsOn,Yes,X-type,Normal,2Vehicles-BehindVehicles-Frontal,11,Tuesday,21,False,False
201800025935,NonLethal,Daylight,Yes,T-type,Normal,2Vehicles-Side,2,Tuesday,14,False,False
201800014839,NonLethal,Daylight,No,NoIntersection,Normal,NoCollision,7,Thursday,19,False,False
201800010306,NonLethal,Daylight,Yes,Other,Normal,Other,8,Thursday,9,False,False
201800051337,NonLethal,Daylight,Yes,NoIntersection,Normal,2Vehicles-Side,4,Friday,18,False,False
201800001455,NonLethal,NightNoStreetLight,No,T-type,LightRain,2Vehicles-Side,12,Tuesday,6,False,True
201800046461,NonLethal,Daylight,No,NoIntersection,Normal,NoCollision,12,Monday,9,False,False
201800041379,NonLethal,NightStreelightsOn,No,NoIntersection,Normal,2Vehicles-Behind,1,Friday,19,False,False
201800033632,NonLethal,TwilightOrDawn,Yes,T-type,Normal,Other,4,Saturday,19,True,False
201800003548,NonLethal,Daylight,No,NoIntersection,Normal,2Vehicles-BehindVehicles-Frontal,4,Sunday,17,True,False
201800031575,NonLethal,TwilightOrDawn,Yes,Other,HeavyRain,3+Vehicles-Multiple,5,Sunday,20,True,False
201800046462,NonLethal,Daylight,No,NoIntersection,Normal,3+Vehicles-Multiple,12,Monday,6,False,True
201800007091,NonLethal,NightStreelightsOn,No,NoIntersection,Normal,Other,10,Wednesday,3,False,True
201800005058,NonLethal,NightStreelightsOn,Yes,NoIntersection,Normal,Other,3,Friday,4,False,True
201800021384,NonLethal,NightStreelightsOn,Yes,T-type,Normal,2Vehicles-BehindVehicles-Frontal,1,Saturday,5,True,True
201800047299,NonLethal,Daylight,Yes,NoIntersection,Normal,Other,12,Wednesday,11,False,False
201800007360,NonLethal,NightStreelightsOn,Yes,NoIntersection,Normal,3+Vehicles-Multiple,7,Saturday,0,True,True
201800007593,NonLethal,Daylight,Yes,NoIntersection,Normal,2Vehicles-Side,3,Wednesday,13,False,False
201800043390,NonLethal,TwilightOrDawn,Yes,Roundabout,LightRain,Other,10,Thursday,7,False,False
201800002318,NonLethal,TwilightOrDawn,No,NoIntersection,Normal,2Vehicles-BehindVehicles-Frontal,10,Thursday,8,False,False
201800007195,NonLethal,TwilightOrDawn,No,NoIntersection,LightRain,Other,11,Sunday,8,True,False
201800045251,NonLethal,Daylight,No,NoIntersection,Normal,2Vehicles-Side,9,Saturday,18,True,False
201800053058,NonLethal,Daylight,Yes,X-type,Normal,Other,6,Wednesday,15,False,False
201800012339,NonLethal,Daylight,No,Other,Normal,2Vehicles-Behind,7,Sunday,19,True,False
201800019787,NonLethal,TwilightOrDawn,No,NoIntersection,Overcast,2Vehicles-Behind,10,Thursday,17,False,False
201800006449,NonLethal,Daylight,No,NoIntersection,Normal,2Vehicles-BehindVehicles-Frontal,9,Friday,10,False,False
201800041868,NonLethal,NightStreelightsOff,No,NoIntersection,Normal,2Vehicles-Behind,5,Saturday,23,True,False
201800042629,NonLethal,NightStreelightsOn,Yes,NoIntersection,LightRain,2Vehicles-Behind,12,Thursday,18,False,False
201800030133,NonLethal,Daylight,Yes,NoIntersection,Normal,2Vehicles-Side,5,Thursday,18,False,False
201800041140,NonLethal,Daylight,Yes,NoIntersection,Normal,2Vehicles-Side,4,Friday,14,False,False
201800054075,NonLethal,NightStreelightsOn,Yes,NoIntersection,Normal,Other,4,Wednesday,20,False,False
201800041912,NonLethal,NightStreelightsOn,Yes,Other,Normal,2Vehicles-Side,9,Tuesday,18,False,False
201800034989,NonLethal,Daylight,Yes,NoIntersection,Normal,2Vehicles-Behind,2,Friday,9,False,False
201800047948,Lethal,Daylight,No,NoIntersection,Normal,Other,7,Thursday,16,False,False
201800033431,NonLethal,Daylight,Yes,NoIntersection,Normal,2Vehicles-Behind,12,Saturday,13,True,False
201800000393,Lethal,TwilightOrDawn,Yes,NoIntersection,Normal,Other,2,Saturday,18,True,False
201800026468,NonLethal,Daylight,Yes,T-type,Normal,Other,9,Thursday,7,False,False
201800042259,NonLethal,NightStreelightsOn,Yes,T-type,Normal,2Vehicles-Side,4,Tuesday,21,False,False
201800026944,NonLethal,Daylight,Yes,NoIntersection,Normal,2Vehicles-Behind,9,Saturday,11,True,False
201800029177,NonLethal,Daylight,No,NoIntersection,Normal,Other,12,Saturday,14,True,False
201800043394,NonLethal,NightNoStreetLight,No,NoIntersection,Normal,2Vehicles-BehindVehicles-Frontal,12,Tuesday,17,False,False
201800042445,NonLethal,Daylight,Yes,NoIntersection,HeavyRain,Other,8,Friday,15,False,False
201800019245,NonLethal,Daylight,No,X-type,Normal,3+Vehicles-Chain,5,Thursday,11,False,False
201800053253,NonLethal,Daylight,Yes,Square,Normal,2Vehicles-Side,1,Sunday,14,True,False
201800011071,NonLethal,Daylight,Yes,NoIntersection,Normal,Other,7,Friday,10,False,False
201800037894,NonLethal,TwilightOrDawn,Yes,T-type,SnowOrHail,2Vehicles-Side,1,Wednesday,8,False,False
201800035627,NonLethal,NightStreelightsOn,Yes,NoIntersection,LightRain,Other,11,Monday,19,False,False
201800017010,Lethal,NightNoStreetLight,No,NoIntersection,Normal,Other,6,Saturday,4,True,True
201800024677,NonLethal,Daylight,No,NoIntersection,LightRain,NoCollision,3,Thursday,13,False,False
201800027587,NonLethal,Daylight,Yes,NoIntersection,Normal,2Vehicles-Behind,4,Thursday,10,False,False
201800046381,NonLethal,Daylight,No,NoIntersection,Normal,Other,1,Saturday,12,True,False
201800053226,NonLethal,NightStreelightsOn,Yes,NoIntersection,Normal,2Vehicles-Behind,12,Monday,21,False,False
201800043527,NonLethal,NightStreelightsOn,Yes,X-type,Overcast,2Vehicles-Side,3,Thursday,19,False,False
201800042458,NonLethal,Daylight,Yes,X-type,Normal,2Vehicles-Side,5,Tuesday,14,False,False
201800042723,NonLethal,NightStreelightsOn,Yes,NoIntersection,Overcast,NoCollision,12,Thursday,8,False,False
201800047879,NonLethal,NightStreelightsOn,Yes,NoIntersection,Normal,Other,12,Thursday,22,False,False
201800010756,Lethal,Daylight,No,NoIntersection,Normal,Other,5,Tuesday,17,False,False
201800020279,NonLethal,Daylight,No,NoIntersection,Normal,2Vehicles-Side,8,Tuesday,8,False,False
201800037372,NonLethal,Daylight,Yes,NoIntersection,Normal,2Vehicles-Behind,9,Friday,14,False,False
201800023770,NonLethal,NightNoStreetLight,No,NoIntersection,Normal,Other,1,Monday,18,False,False
201800024310,NonLethal,Daylight,Yes,NoIntersection,Normal,2Vehicles-Side,4,Tuesday,17,False,False
201800000819,NonLethal,Daylight,Yes,NoIntersection,Normal,3+Vehicles-Multiple,9,Monday,13,False,False
201800054199,NonLethal,Daylight,Yes,T-type,Normal,Other,12,Sunday,9,True,False
201800017914,Lethal,Daylight,No,X-type,Normal,2Vehicles-Side,8,Sunday,18,True,False
201800045018,NonLethal,Daylight,No,NoIntersection,Normal,3+Vehicles-Chain,6,Wednesday,9,False,False
201800044417,NonLethal,Daylight,No,NoIntersection,HeavyRain,Other,12,Saturday,11,True,False
201800009112,NonLethal,Daylight,Yes,Other,Normal,Other,4,Friday,14,False,False
201800035959,NonLethal,Daylight,Yes,X-type,Normal,2Vehicles-Side,11,Thursday,12,False,False
201800035107,NonLethal,Daylight,Yes,NoIntersection,Normal,Other,8,Saturday,10,True,False
201800000285,NonLethal,Daylight,No,NoIntersection,Normal,2Vehicles-BehindVehicles-Frontal,10,Monday,11,False,False
201800035066,NonLethal,NightStreelightsOn,Yes,NoIntersection,Normal,Other,6,Wednesday,0,False,True
201800000516,NonLethal,NightNoStreetLight,No,NoIntersection,Normal,3+Vehicles-Chain,11,Thursday,21,False,False
201800009745,NonLethal,Daylight,Yes,T-type,Normal,Other,9,Thursday,16,False,False
201800050062,NonLethal,Daylight,No,NoIntersection,Normal,Other,9,Monday,16,False,False
201800001369,NonLethal,Daylight,No,X-type,Normal,NoCollision,3,Saturday,15,True,False
201800044794,NonLethal,NightNoStreetLight,No,NoIntersection,Normal,2Vehicles-Behind,4,Friday,21,False,False
201800032486,NonLethal,Daylight,Yes,NoIntersection,Normal,Other,6,Friday,16,False,False
201800050605,NonLethal,NightStreelightsOn,Yes,X-type,Normal,Other,9,Wednesday,21,False,False
201800055169,NonLethal,Daylight,Yes,X-type,Normal,Other,4,Wednesday,10,False,False
201800050144,NonLethal,Daylight,No,NoIntersection,Normal,Other,12,Saturday,15,True,False
201800006548,NonLethal,Daylight,No,NoIntersection,Normal,2Vehicles-BehindVehicles-Frontal,2,Thursday,15,False,False
201800016416,NonLethal,Daylight,No,X-type,Normal,2Vehicles-Side,8,Saturday,17,True,False
201800037409,NonLethal,NightStreelightsOn,Yes,NoIntersection,HeavyRain,Other,2,Monday,22,False,False
201800057419,NonLethal,Daylight,Yes,NoIntersection,LightRain,Other,3,Monday,10,False,False
201800037678,NonLethal,NightStreelightsOn,Yes,X-type,Normal,2Vehicles-Side,3,Sunday,22,True,False
201800056407,NonLethal,Daylight,Yes,Other,Normal,2Vehicles-Side,2,Monday,7,False,False
201800002388,NonLethal,TwilightOrDawn,Yes,NoIntersection,LightRain,Other,7,Thursday,17,False,False
201800021613,NonLethal,NightNoStreetLight,No,NoIntersection,HeavyRain,NoCollision,4,Sunday,0,True,True
201800044675,NonLethal,Daylight,No,NoIntersection,Normal,3+Vehicles-Chain,3,Friday,14,False,False
201800045415,NonLethal,NightNoStreetLight,No,NoIntersection,Normal,3+Vehicles-Chain,11,Saturday,19,True,False
201800037332,NonLethal,NightStreelightsOn,Yes,NoIntersection,LightRain,Other,11,Monday,8,False,False
201800021548,NonLethal,Daylight,Yes,Roundabout,Normal,NoCollision,5,Sunday,10,True,False
201800055998,NonLethal,TwilightOrDawn,Yes,NoIntersection,Normal,Other,5,Sunday,6,True,True
201800023708,NonLethal,NightStreelightsOff,No,NoIntersection,Normal,NoCollision,6,Sunday,6,True,True
201800008122,NonLethal,Daylight,No,NoIntersection,Normal,2Vehicles-Behind,9,Friday,9,False,False
201800021506,NonLethal,Daylight,No,NoIntersection,Normal,Other,7,Sunday,12,True,False
201800008682,NonLethal,Daylight,Yes,NoIntersection,Normal,Other,3,Friday,13,False,False
201800048301,NonLethal,NightStreelightsOn,Yes,X-type,Normal,2Vehicles-Side,5,Sunday,0,True,True
201800014794,NonLethal,Daylight,Yes,NoIntersection,Normal,Other,5,Saturday,12,True,False
201800025366,NonLethal,NightStreelightsOn,Yes,NoIntersection,Normal,NoCollision,5,Sunday,4,True,True
201800045501,NonLethal,NightNoStreetLight,No,NoIntersection,LightRain,Other,11,Tuesday,18,False,False
201800013423,NonLethal,NightNoStreetLight,No,X-type,Normal,2Vehicles-Side,1,Sunday,3,True,True
201800057031,NonLethal,NightStreelightsOn,Yes,X-type,Normal,2Vehicles-BehindVehicles-Frontal,8,Monday,20,False,False
201800009109,NonLethal,Daylight,Yes,T-type,Normal,2Vehicles-Side,4,Friday,7,False,False
201800025960,NonLethal,NightStreelightsOn,Yes,T-type,Normal,Other,1,Monday,18,False,False
201800046220,NonLethal,Daylight,No,NoIntersection,LightRain,Other,10,Thursday,13,False,False
201800048748,NonLethal,Daylight,Yes,NoIntersection,Normal,Other,12,Wednesday,8,False,False
201800008120,NonLethal,NightStreelightsOn,Yes,NoIntersection,Normal,Other,7,Monday,22,False,False
201800056543,NonLethal,Daylight,Yes,NoIntersection,Normal,2Vehicles-Side,2,Sunday,11,True,False
201800035191,NonLethal,Daylight,Yes,NoIntersection,Normal,Other,12,Thursday,8,False,False
201800044130,NonLethal,Daylight,No,NoIntersection,Normal,2Vehicles-Behind,7,Monday,16,False,False
201800031008,NonLethal,Daylight,Yes,NoIntersection,Normal,2Vehicles-Side,6,Saturday,17,True,False
201800016835,NonLethal,NightNoStreetLight,No,NoIntersection,Normal,Other,12,Wednesday,4,False,True
201800036825,NonLethal,Daylight,Yes,NoIntersection,Normal,2Vehicles-Side,5,Thursday,18,False,False
201800056316,NonLethal,Daylight,Yes,NoIntersection,Normal,NoCollision,8,Saturday,17,True,False
201800004443,NonLethal,Daylight,No,NoIntersection,Overcast,2Vehicles-BehindVehicles-Frontal,2,Saturday,14,True,False
201800057705,NonLethal,Daylight,Yes,Other,Normal,Other,8,Thursday,14,False,False
201800053017,NonLethal,NightStreelightsOn,Yes,Square,Normal,Other,5,Saturday,1,True,True
201800029845,NonLethal,Daylight,Yes,X-type,Normal,Other,9,Wednesday,11,False,False
201800046874,NonLethal,Daylight,No,NoIntersection,LightRain,NoCollision,9,Tuesday,15,False,False
201800042834,NonLethal,NightNoStreetLight,Yes,X-type,LightRain,Other,3,Thursday,6,False,True
201800010404,NonLethal,Daylight,Yes,NoIntersection,Normal,2Vehicles-BehindVehicles-Frontal,7,Tuesday,19,False,False
201800037011,NonLethal,Daylight,No,NoIntersection,Overcast,3+Vehicles-Chain,10,Wednesday,17,False,False
201800057115,NonLethal,NightStreelightsOn,Yes,Other,Normal,2Vehicles-Side,11,Thursday,18,False,False
201800005818,NonLethal,Daylight,Yes,X-type,Normal,Other,12,Monday,15,False,False
201800036591,NonLethal,Daylight,Yes,NoIntersection,Normal,2Vehicles-BehindVehicles-Frontal,4,Saturday,19,True,False
201800010575,NonLethal,Daylight,Yes,X-type,Normal,2Vehicles-Side,10,Saturday,18,True,False
201800025979,NonLethal,Daylight,Yes,NoIntersection,Normal,Other,2,Wednesday,8,False,False
201800004374,Lethal,NightNoStreetLight,No,NoIntersection,Normal,Other,4,Thursday,1,False,True
201800006645,NonLethal,Daylight,No,NoIntersection,Normal,2Vehicles-Behind,3,Wednesday,8,False,False
201800032514,NonLethal,NightStreelightsOn,Yes,NoIntersection,Normal,Other,7,Thursday,23,False,False
201800040245,NonLethal,Daylight,Yes,NoIntersection,Normal,2Vehicles-Behind,11,Wednesday,13,False,False
201800023498,NonLethal,Daylight,No,Y-type,VeryGood,2Vehicles-Side,10,Saturday,15,True,False
201800022585,NonLethal,Daylight,Yes,X-type,Normal,3+Vehicles-Multiple,12,Friday,12,False,False
201800028199,NonLethal,NightStreelightsOn,Yes,NoIntersection,Normal,Other,4,Sunday,22,True,False
201800014558,Lethal,Daylight,No,NoIntersection,Normal,2Vehicles-BehindVehicles-Frontal,7,Thursday,9,False,False
201800040079,NonLethal,TwilightOrDawn,Yes,NoIntersection,Overcast,Other,1,Friday,16,False,False
201800038575,NonLethal,Daylight,Yes,NoIntersection,Normal,Other,5,Saturday,13,True,False
201800013464,NonLethal,NightNoStreetLight,No,NoIntersection,Normal,2Vehicles-BehindVehicles-Frontal,7,Saturday,21,True,False
201800028799,NonLethal,Daylight,Yes,NoIntersection,Normal,2Vehicles-Side,9,Friday,13,False,False
201800048802,NonLethal,NightNoStreetLight,No,NoIntersection,LightRain,Other,1,Sunday,5,True,True
201800043346,NonLethal,Daylight,Yes,NoIntersection,Normal,2Vehicles-BehindVehicles-Frontal,9,Tuesday,11,False,False
201800047058,NonLethal,Daylight,No,NoIntersection,Normal,3+Vehicles-Multiple,11,Wednesday,9,False,False
201800015806,NonLethal,TwilightOrDawn,No,NoIntersection,LightRain,2Vehicles-BehindVehicles-Frontal,10,Saturday,18,True,False
201800040319,NonLethal,Daylight,Yes,NoIntersection,Normal,Other,2,Tuesday,18,False,False
201800040420,NonLethal,NightStreelightsOn,Yes,T-type,Overcast,2Vehicles-Side,6,Sunday,0,True,True
201800014681,NonLethal,Daylight,No,NoIntersection,LightRain,2Vehicles-BehindVehicles-Frontal,10,Saturday,9,True,False
201800040755,NonLethal,Daylight,Yes,Roundabout,Normal,Other,5,Saturday,12,True,False
201800021226,NonLethal,Daylight,No,NoIntersection,Normal,2Vehicles-BehindVehicles-Frontal,2,Friday,10,False,False
201800045038,NonLethal,Daylight,No,NoIntersection,Normal,2Vehicles-Side,7,Tuesday,6,False,True
201800053425,NonLethal,Daylight,Yes,NoIntersection,Normal,2Vehicles-Side,6,Tuesday,19,False,False
201800032721,NonLethal,Daylight,Yes,NoIntersection,Normal,2Vehicles-BehindVehicles-Frontal,8,Monday,10,False,False
201800015139,Lethal,NightNoStreetLight,No,NoIntersection,Normal,2Vehicles-BehindVehicles-Frontal,4,Friday,22,False,False
201800056441,NonLethal,Daylight,No,NoIntersection,Normal,2Vehicles-BehindVehicles-Frontal,8,Tuesday,15,False,False
201800002419,NonLethal,Daylight,No,T-type,Normal,2Vehicles-Side,5,Monday,15,False,False
201800044698,NonLethal,Daylight,No,NoIntersection,Overcast,Other,3,Sunday,9,True,False
201800012344,NonLethal,Daylight,No,NoIntersection,LightRain,2Vehicles-Behind,10,Monday,18,False,False
201800014759,Lethal,Daylight,No,NoIntersection,FogOrSmoke,2Vehicles-BehindVehicles-Frontal,1,Tuesday,8,False,False
201800038628,NonLethal,NightStreelightsOn,Yes,NoIntersection,Normal,Other,10,Friday,0,False,True
201800057041,NonLethal,Daylight,Yes,X-type,Normal,2Vehicles-Side,9,Tuesday,11,False,False
201800013976,NonLethal,Daylight,No,Y-type,Normal,Other,9,Monday,15,False,False
201800006930,NonLethal,Daylight,No,Other,Normal,2Vehicles-Side,11,Friday,15,False,False
201800006617,NonLethal,Daylight,No,NoIntersection,Normal,NoCollision,6,Friday,6,False,True
201800045183,NonLethal,Daylight,No,NoIntersection,Normal,2Vehicles-Behind,8,Thursday,13,False,False
201800005083,NonLethal,Daylight,Yes,T-type,Normal,2Vehicles-Side,8,Saturday,9,True,False
201800034641,NonLethal,Daylight,Yes,Other,Normal,Other,6,Tuesday,17,False,False
201800042279,NonLethal,Daylight,Yes,NoIntersection,Normal,Other,5,Thursday,14,False,False
201800017171,NonLethal,Daylight,No,NoIntersection,Normal,2Vehicles-Side,5,Saturday,11,True,False