AccidentId,Gravity,Light,InAgglomeration,IntersectionType,Weather,CollisionType,Month,DayOfWeek,HourOfDay,IsWeekend,IsNight
201800011973,NonLethal,Daylight,Yes,NoIntersection,Normal,Other,11,Friday,12,False,False
201800006366,NonLethal,NightNoStreetLight,No,NoIntersection,Normal,NoCollision,9,Saturday,21,True,False
201800005413,NonLethal,Daylight,Yes,NoIntersection,HeavyRain,Other,6,Sunday,15,True,False
201800017893,NonLethal,Daylight,No,X-type,Normal,2Vehicles-Side,8,Saturday,12,True,False
201800032227,NonLethal,Daylight,No,X-type,Normal,2Vehicles-Side,9,Wednesday,9,False,False
201800004942,NonLethal,Daylight,No,X-type,LightRain,NoCollision,8,Wednesday,9,False,False
201800049610,NonLethal,Daylight,No,NoIntersection,LightRain,Other,11,Thursday,15,False,False
201800038398,NonLethal,Daylight,Yes,X-type,Normal,Other,12,Tuesday,9,False,False
201800016313,NonLethal,Daylight,Yes,NoIntersection,Normal,NoCollision,10,Thursday,18,False,False
201800029468,Lethal,Daylight,No,NoIntersection,Normal,Other,2,Friday,17,False,False
201800056003,Lethal,Daylight,Yes,T-type,Normal,2Vehicles-Side,9,Saturday,16,True,False
201800000304,NonLethal,Daylight,Yes,NoIntersection,VeryGood,Other,4,Thursday,9,False,False
201800055406,NonLethal,Daylight,Yes,NoIntersection,Normal,2Vehicles-Side,5,Thursday,20,False,False
201800019838,NonLethal,Daylight,Yes,NoIntersection,Normal,Other,2,Friday,12,False,False
201800044720,NonLethal,Daylight,No,NoIntersection,Normal,3+Vehicles-Chain,3,Monday,16,False,False
201800052347,NonLethal,Daylight,Yes,NoIntersection,Normal,2Vehicles-Side,2,Tuesday,15,False,False
201800040695,NonLethal,Daylight,Yes,X-type,Normal,2Vehicles-Side,7,Tuesday,16,False,False
201800040090,NonLethal,Daylight,Yes,NoIntersection,Overcast,Other,3,Friday,15,False,False
201800037112,NonLethal,NightStreelightsOn,Yes,NoIntersection,Normal,Other,8,Saturday,23,True,False
201800020971,NonLethal,Daylight,Yes,MoreThan4Branches,LightRain,2Vehicles-Behind,4,Monday,19,False,False
201800038852,NonLethal,Daylight,Yes,NoIntersection,Normal,2Vehicles-Behind,9,Saturday,19,True,False
201800044243,NonLethal,Daylight,No,NoIntersection,Normal,Other,9,Wednesday,13,False,False
201800000842,NonLethal,Daylight,Yes,Other,Normal,Other,9,Friday,10,False,False
201800052814,NonLethal,Daylight,Yes,Square,Overcast,2Vehicles-Side,9,Tuesday,10,False,False
201800056496,NonLethal,Daylight,No,NoIntersection,Normal,Other,10,Sunday,16,True,False
201800026761,NonLethal,Daylight,Yes,NoIntersection,Normal,Other,3,Friday,7,False,False
201800004859,NonLethal,Daylight,No,NoIntersection,Normal,Other,3,Saturday,12,True,False
201800042506,NonLethal,Daylight,Yes,NoIntersection,Normal,2Vehicles-Behind,9,Saturday,15,True,False
201800037344,NonLethal,TwilightOrDawn,Yes,NoIntersection,Normal,Other,1,Saturday,20,True,False
201800019251,NonLethal,Daylight,No,Other,LightRain,Other,2,Sunday,12,True,False
201800049448,NonLethal,NightNoStreetLight,No,NoIntersection,Normal,2Vehicles-Side,9,Thursday,3,False,True
201800056882,NonLethal,Daylight,Yes,Other,Normal,2Vehicles-BehindVehicles-Frontal,3,Monday,12,False,False
201800055056,Lethal,Daylight,Yes,MoreThan4Branches,Normal,Other,6,Wednesday,17,False,False
201800012021,NonLethal,TwilightOrDawn,No,NoIntersection,Normal,Other,4,Saturday,19,True,False
201800003088,NonLethal,Daylight,No,NoIntersection,VeryGood,Other,9,Saturday,12,True,False
201800004978,NonLethal,Daylight,No,NoIntersection,Normal,NoCollision,11,Friday,12,False,False
201800041832,NonLethal,NightStreelightsOn,Yes,T-type,Normal,Other,1,Sunday,21,True,False
201800004076,NonLethal,Daylight,Yes,NoIntersection,Normal,2Vehicles-Side,5,Wednesday,12,False,False
201800053979,NonLethal,Daylight,Yes,MoreThan4Branches,Overcast,Other,12,Monday,10,False,False
201800012924,NonLethal,Daylight,No,NoIntersection,Normal,NoCollision,1,Sunday,17,True,False
201800003330,NonLethal,NightStreelightsOn,Yes,NoIntersection,Normal,Other,11,Tuesday,17,False,False
201800009501,NonLethal,Daylight,Yes,Other,Normal,Other,8,Wednesday,19,False,False
201800032135,NonLethal,Daylight,Yes,T-type,Normal,2Vehicles-Side,9,Sunday,8,True,False
201800057579,NonLethal,Daylight,Yes,NoIntersection,Normal,Other,4,Monday,10,False,False
201800012638,NonLethal,Daylight,No,NoIntersection,SnowOrHail,2Vehicles-BehindVehicles-Frontal,10,Monday,14,False,False
201800011312,NonLethal,Daylight,No,Y-type,Normal,2Vehicles-BehindVehicles-Frontal,6,Saturday,11,True,False
201800040685,NonLethal,TwilightOrDawn,Yes,T-type,Normal,2Vehicles-Side,6,Sunday,20,True,False
201800049276,NonLethal,Daylight,No,NoIntersection,Normal,2Vehicles-Behind,6,Tuesday,17,False,False
201800002270,NonLethal,Daylight,Yes,NoIntersection,Normal,2Vehicles-Side,9,Friday,18,False,False
201800048616,NonLethal,Daylight,Yes,X-type,Normal,2Vehicles-Side,10,Thursday,16,False,False
201800023342,NonLethal,Daylight,Yes,NoIntersection,Normal,3+Vehicles-Chain,9,Tuesday,11,False,False
201800006539,NonLethal,NightStreelightsOn,Yes,NoIntersection,LightRain,Other,11,Friday,2,False,True
201800035089,NonLethal,NightStreelightsOn,Yes,NoIntersection,Normal,2Vehicles-BehindVehicles-Frontal,7,Friday,22,False,False
201800000752,NonLethal,Daylight,No,X-type,HeavyRain,2Vehicles-Behind,6,Monday,17,False,False
201800046732,NonLethal,Daylight,No,NoIntersection,Normal,Other,4,Saturday,15,True,False
201800012385,NonLethal,NightNoStreetLight,No,NoIntersection,Normal,2Vehicles-Behind,10,Sunday,3,True,True
201800024794,NonLethal,NightStreelightsOn,Yes,NoIntersection,Normal,Other,7,Friday,22,False,False
201800033810,NonLethal,NightStreelightsOn,Yes,NoIntersection,LightRain,2Vehicles-BehindVehicles-Frontal,7,Thursday,2,False,True
201800038946,NonLethal,Daylight,Yes,T-type,LightRain,2Vehicles-Side,4,Monday,13,False,False
201800046136,Lethal,NightStreelightsOn,No,NoIntersection,Normal,Other,5,Thursday,21,False,False
201800047771,NonLethal,NightStreelightsOn,Yes,NoIntersection,LightRain,2Vehicles-Behind,10,Sunday,22,True,False
201800031598,NonLethal,Daylight,No,Other,Normal,3+Vehicles-Chain,11,Thursday,9,False,False
201800001345,NonLethal,Daylight,Yes,T-type,Normal,2Vehicles-Side,12,Saturday,10,True,False
201800048099,NonLethal,NightStreelightsOn,Yes,NoIntersection,Normal,NoCollision,2,Wednesday,4,False,True
201800006544,NonLethal,Daylight,No,NoIntersection,Normal,NoCollision,6,Sunday,9,True,False
201800055970,NonLethal,Daylight,No,NoIntersection,Normal,Other,12,Saturday,11,True,False
201800042049,NonLethal,TwilightOrDawn,Yes,NoIntersection,Normal,2Vehicles-Behind,11,Monday,17,False,False
201800030370,NonLethal,Daylight,Yes,NoIntersection,Normal,2Vehicles-Side,3,Thursday,15,False,False
201800051788,NonLethal,Daylight,Yes,Y-type,Normal,2Vehicles-Side,7,Tuesday,13,False,False
201800035193,NonLethal,NightStreelightsOn,Yes,NoIntersection,LightRain,2Vehicles-Side,12,Sunday,19,True,False
201800001151,NonLethal,TwilightOrDawn,No,T-type,Normal,2Vehicles-BehindVehicles-Frontal,9,Friday,20,False,False
201800031578,NonLethal,Daylight,No,NoIntersection,Normal,Other,6,Thursday,6,False,True
201800025382,NonLethal,Daylight,Yes,Y-type,Normal,2Vehicles-Side,6,Thursday,8,False,False
201800038385,NonLethal,Daylight,Yes,T-type,Normal,2Vehicles-Behind,3,Saturday,18,True,False
201800029107,NonLethal,Daylight,Yes,NoIntersection,Normal,2Vehicles-Behind,5,Saturday,17,True,False
201800007359,NonLethal,Daylight,Yes,X-type,Normal,2Vehicles-Side,7,Friday,15,False,False
201800016528,Lethal,NightNoStreetLight,No,NoIntersection,Normal,Other,6,Saturday,0,True,True
201800010392,NonLethal,Daylight,Yes,NoIntersection,Normal,2Vehicles-Side,6,Wednesday,7,False,False
201800008207,NonLethal,Daylight,Yes,NoIntersection,Normal,2Vehicles-Side,2,Sunday,10,True,False
201800040778,NonLethal,Daylight,Yes,NoIntersection,Normal,Other,9,Monday,17,False,False
201800003237,NonLethal,Daylight,No,NoIntersection,Normal,2Vehicles-Side,7,Monday,17,False,False
201800015047,NonLethal,TwilightOrDawn,Yes,NoIntersection,LightRain,Other,5,Tuesday,6,False,True
201800021881,NonLethal,Daylight,No,NoIntersection,Overcast,Other,5,Monday,9,False,False
201800047108,NonLethal,Daylight,No,NoIntersection,Normal,2Vehicles-Behind,12,Sunday,16,True,False
201800006411,NonLethal,Daylight,No,NoIntersection,Normal,NoCollision,8,Thursday,9,False,False
201800039308,NonLethal,Daylight,Yes,NoIntersection,Normal,3+Vehicles-Multiple,10,Friday,18,False,False
201800057423,NonLethal,NightStreelightsOn,Yes,NoIntersection,LightRain,Other,3,Wednesday,19,False,False
201800025961,NonLethal,Daylight,No,NoIntersection,Normal,3+Vehicles-Multiple,1,Wednesday,9,False,False
201800002877,Lethal,NightNoStreetLight,No,NoIntersection,Normal,Other,9,Friday,3,False,True
201800042037,NonLethal,NightStreelightsOn,Yes,Other,Normal,2Vehicles-Side,5,Thursday,19,False,False
201800052224,NonLethal,NightStreelightsOn,Yes,NoIntersection,LightRain,2Vehicles-BehindVehicles-Frontal,10,Friday,18,False,False
201800040785,NonLethal,Daylight,Yes,NoIntersection,LightRain,3+Vehicles-Chain,11,Thursday,17,False,False
201800015824,NonLethal,Daylight,No,NoIntersection,LightRain,3+Vehicles-Multiple,1,Tuesday,8,False,False
201800018896,NonLethal,Daylight,No,NoIntersection,Normal,NoCollision,3,Tuesday,20,False,False
201800015439,Lethal,Daylight,No,NoIntersection,Normal,Other,4,Thursday,16,False,False
201800055768,NonLethal,Daylight,Yes,T-type,Normal,2Vehicles-BehindVehicles-Frontal,1,Wednesday,8,False,False
201800056820,NonLethal,NightStreelightsOff,Yes,NoIntersection,Overcast,2Vehicles-Side,9,Saturday,6,True,True
201800031124,NonLethal,NightStreelightsOn,Yes,X-type,Normal,2Vehicles-Side,7,Monday,22,False,False
201800026054,NonLethal,NightStreelightsOn,Yes,NoIntersection,HeavyRain,3+Vehicles-Chain,10,Monday,18,False,False
201800007366,NonLethal,Daylight,Yes,NoIntersection,Normal,2Vehicles-Behind,7,Wednesday,12,False,False
201800039985,NonLethal,Daylight,Yes,NoIntersection,Normal,2Vehicles-Behind,7,Sunday,14,True,False
201800042648,NonLethal,TwilightOrDawn,Yes,X-type,Overcast,2Vehicles-Side,2,Monday,18,False,False
201800019364,NonLethal,Daylight,Yes,NoIntersection,Normal,Other,5,Wednesday,17,False,False
201800010628,NonLethal,Daylight,Yes,NoIntersection,Normal,Other,6,Sunday,12,True,False
201800047394,NonLethal,Daylight,Yes,Roundabout,Normal,NoCollision,2,Tuesday,8,False,False
201800049995,NonLethal,NightNoStreetLight,No,NoIntersection,Normal,Other,9,Saturday,5,True,True
201800056233,NonLethal,Daylight,No,NoIntersection,Normal,2Vehicles-Behind,8,Sunday,8,True,False
201800033590,NonLethal,Daylight,Yes,T-type,Normal,2Vehicles-Side,12,Tuesday,15,False,False
201800033225,NonLethal,Daylight,No,NoIntersection,VeryGood,Other,1,Saturday,16,True,False
201800022369,NonLethal,NightStreelightsOn,Yes,Roundabout,Normal,NoCollision,7,Sunday,2,True,True
201800054963,NonLethal,NightStreelightsOn,Yes,NoIntersection,Normal,Other,3,Monday,20,False,False
201800055885,NonLethal,Daylight,No,NoIntersection,Normal,2Vehicles-Side,11,Sunday,10,True,False
201800019374,NonLethal,TwilightOrDawn,Yes,Roundabout,Normal,Other,10,Wednesday,18,False,False
201800046376,NonLethal,Daylight,No,NoIntersection,Normal,2Vehicles-Behind,1,Wednesday,9,False,False
201800051973,NonLethal,Daylight,Yes,T-type,LightRain,Other,3,Tuesday,13,False,False
201800007887,NonLethal,Daylight,No,NoIntersection,Normal,NoCollision,9,Sunday,18,True,False
201800052433,NonLethal,Daylight,Yes,X-type,Normal,2Vehicles-Side,5,Sunday,16,True,False
201800043240,NonLethal,NightStreelightsOn,Yes,NoIntersection,Normal,Other,4,Saturday,0,True,True
201800025471,NonLethal,Daylight,Yes,NoIntersection,Normal,Other,8,Wednesday,14,False,False
201800050904,NonLethal,NightStreelightsOn,Yes,NoIntersection,Normal,Other,11,Wednesday,1,False,True
201800010873,NonLethal,TwilightOrDawn,No,NoIntersection,Normal,Other,7,Wednesday,6,False,True
201800041279,NonLethal,Daylight,Yes,T-type,Normal,2Vehicles-Side,9,Tuesday,19,False,False
201800041881,NonLethal,NightNoStreetLight,Yes,T-type,Normal,2Vehicles-Side,7,Monday,22,False,False
201800043314,NonLethal,TwilightOrDawn,Yes,X-type,LightRain,2Vehicles-Side,2,Tuesday,19,False,False
201800017069,Lethal,NightNoStreetLight,No,NoIntersection,Overcast,Other,3,Friday,6,False,True
201800007992,NonLethal,Daylight,No,NoIntersection,Normal,2Vehicles-BehindVehicles-Frontal,4,Saturday,15,True,False
201800013290,NonLethal,TwilightOrDawn,No,T-type,Normal,2Vehicles-BehindVehicles-Frontal,7,Friday,6,False,True
201800021675,NonLethal,Daylight,Yes,NoIntersection,Normal,2Vehicles-Behind,2,Sunday,16,True,False
201800017188,NonLethal,Daylight,No,NoIntersection,Normal,Other,6,Thursday,15,False,False
201800009202,NonLethal,Daylight,Yes,NoIntersection,Normal,2Vehicles-BehindVehicles-Frontal,6,Tuesday,14,False,False
201800039913,NonLethal,NightStreelightsOn,Yes,NoIntersection,Normal,Other,9,Sunday,19,True,False
201800032894,NonLethal,Daylight,Yes,NoIntersection,Overcast,Other,2,Sunday,8,True,False
201800042767,NonLethal,Daylight,Yes,X-type,Normal,2Vehicles-Side,8,Thursday,15,False,False
201800034588,NonLethal,Daylight,Yes,T-type,Normal,2Vehicles-Side,2,Monday,9,False,False
201800038305,NonLethal,Daylight,Yes,T-type,Normal,Other,7,Monday,19,False,False
201800038647,NonLethal,Daylight,Yes,NoIntersection,Normal,2Vehicles-Side,11,Wednesday,16,False,False
201800041199,NonLethal,Daylight,No,NoIntersection,Normal,2Vehicles-Side,2,Tuesday,13,False,False
201800007610,NonLethal,Daylight,Yes,T-type,LightRain,2Vehicles-Side,5,Saturday,18,True,False
201800050892,NonLethal,Daylight,Yes,T-type,Normal,2Vehicles-Side,6,Friday,9,False,False
201800035184,NonLethal,NightStreelightsOn,Yes,NoIntersection,Normal,2Vehicles-Behind,12,Thursday,20,False,False
201800052361,NonLethal,NightStreelightsOn,Yes,T-type,SnowOrHail,Other,3,Monday,3,False,True
201800053129,NonLethal,Daylight,Yes,X-type,Normal,Other,9,Wednesday,10,False,False
201800036673,NonLethal,Daylight,Yes,NoIntersection,Normal,2Vehicles-Behind,8,Tuesday,14,False,False
201800042672,NonLethal,Daylight,Yes,X-type,Normal,2Vehicles-BehindVehicles-Frontal,5,Thursday,9,False,False
201800012807,NonLethal,Daylight,No,T-type,Normal,2Vehicles-Side,8,Sunday,9,True,False
201800027059,NonLethal,Daylight,Yes,NoIntersection,Normal,2Vehicles-BehindVehicles-Frontal,8,Tuesday,20,False,False
201800012091,NonLethal,Daylight,No,NoIntersection,Overcast,2Vehicles-BehindVehicles-Frontal,5,Thursday,16,False,False
201800020018,NonLethal,NightNoStreetLight,No,T-type,LightRain,2Vehicles-BehindVehicles-Frontal,7,Thursday,20,False,False
201800019528,NonLethal,Daylight,Yes,NoIntersection,Normal,Other,8,Thursday,13,False,False
201800034469,NonLethal,NightStreelightsOn,Yes,NoIntersection,Normal,Other,3,Sunday,20,True,False
201800048142,NonLethal,Daylight,Yes,X-type,Normal,Other,3,Thursday,17,False,False
201800032871,NonLethal,Daylight,No,NoIntersection,Normal,NoCollision,6,Tuesday,7,False,False
201800024089,NonLethal,Daylight,Yes,T-type,Normal,2Vehicles-Side,3,Sunday,17,True,False
201800000791,NonLethal,Daylight,Yes,Roundabout,Normal,2Vehicles-BehindVehicles-Frontal,7,Saturday,11,True,False
201800007277,NonLethal,TwilightOrDawn,No,NoIntersection,Normal,3+Vehicles-Chain,8,Friday,6,False,True
201800021296,Lethal,Daylight,No,T-type,Normal,2Vehicles-Side,7,Thursday,21,False,False
201800055720,NonLethal,NightStreelightsOn,Yes,NoIntersection,LightRain,NoCollision,12,Monday,17,False,False
201800022478,NonLethal,Daylight,Yes,Roundabout,LightRain,Other,1,Thursday,13,False,False
201800029985,NonLethal,Daylight,Yes,Roundabout,LightRain,2Vehicles-Side,2,Thursday,12,False,False
201800010613,NonLethal,Daylight,Yes,NoIntersection,Normal,NoCollision,3,Monday,15,False,False
201800032759,NonLethal,TwilightOrDawn,No,NoIntersection,LightRain,2Vehicles-BehindVehicles-Frontal,1,Friday,17,False,False
201800043327,NonLethal,Daylight,Yes,NoIntersection,Normal,2Vehicles-Side,5,Thursday,9,False,False
201800055015,NonLethal,Daylight,No,NoIntersection,Normal,3+Vehicles-Chain,5,Saturday,20,True,False
201800052774,NonLethal,Daylight,Yes,Square,Normal,Other,7,Sunday,10,True,False
201800048015,NonLethal,TwilightOrDawn,Yes,X-type,LightRain,3+Vehicles-Multiple,9,Saturday,8,True,False
201800015097,NonLethal,Daylight,Yes,Roundabout,Normal,2Vehicles-Side,5,Saturday,8,True,False
201800054141,NonLethal,Daylight,Yes,NoIntersection,Normal,Other,6,Saturday,13,True,False
201800002215,NonLethal,Daylight,No,NoIntersection,Normal,NoCollision,4,Saturday,13,True,False
201800038396,NonLethal,TwilightOrDawn,Yes,NoIntersection,Overcast,NoCollision,11,Tuesday,7,False,False
201800001837,NonLethal,Daylight,No,Other,VeryGood,2Vehicles-BehindVehicles-Frontal,7,Monday,19,False,False
201800035331,NonLethal,NightStreelightsOn,Yes,T-type,Normal,2Vehicles-Side,11,Sunday,19,True,False
201800009613,NonLethal,NightStreelightsOn,Yes,NoIntersection,Normal,Other,8,Monday,1,False,True
201800034074,NonLethal,NightStreelightsOn,Yes,NoIntersection,LightRain,2Vehicles-Side,7,Monday,5,False,True
201800045033,NonLethal,TwilightOrDawn,No,NoIntersection,Normal,Other,7,Sunday,22,True,False
201800056939,NonLethal,Daylight,Yes,NoIntersection,Normal,Other,5,Tuesday,10,False,False
201800025039,NonLethal,Daylight,Yes,Other,LightRain,Other,11,Wednesday,8,False,False
201800028853,NonLethal,NightNoStreetLight,No,Other,Normal,2Vehicles-Side,11,Monday,21,False,False
201800026146,NonLethal,Daylight,Yes,NoIntersection,Normal,Other,9,Tuesday,16,False,False
201800045173,NonLethal,Daylight,No,NoIntersection,Normal,2Vehicles-Behind,4,Monday,14,False,False
201800054047,NonLethal,TwilightOrDawn,Yes,Y-type,Normal,Other,3,Wednesday,19,False,False
201800049630,NonLethal,Daylight,No,NoIntersection,Overcast,NoCollision,9,Saturday,9,True,False
201800002474,NonLethal,Daylight,No,T-type,Normal,2Vehicles-Side,7,Wednesday,16,False,False
201800012033,NonLethal,Daylight,No,NoIntersection,VeryGood,2Vehicles-BehindVehicles-Frontal,11,Sunday,10,True,False
201800035707,NonLethal,NightStreelightsOn,Yes,NoIntersection,Normal,2Vehicles-Side,6,Tuesday,22,False,False
201800000501,NonLethal,Daylight,No,NoIntersection,Normal,2Vehicles-BehindVehicles-Frontal,7,Saturday,11,True,False
201800039647,NonLethal,Daylight,No,Y-type,Normal,2Vehicles-Side,8,Monday,16,False,False
201800039670,NonLethal,NightStreelightsOn,Yes,NoIntersection,Normal,2Vehicles-Side,3,Sunday,19,True,False
201800042743,NonLethal,Daylight,Yes,NoIntersection,Overcast,2Vehicles-Side,3,Wednesday,18,False,False
201800055653,NonLethal,NightStreelightsOn,Yes,NoIntersection,Normal,2Vehicles-Behind,10,Monday,23,False,False
201800011682,Lethal,Daylight,No,NoIntersection,Normal,Other,3,Thursday,15,False,False
201800040329,NonLethal,Daylight,Yes,NoIntersection,Normal,Other,6,Saturday,17,True,False
201800022673,NonLethal,Daylight,No,T-type,Normal,3+Vehicles-Multiple,7,Friday,16,False,False
201800031584,NonLethal,NightNoStreetLight,No,NoIntersection,Normal,2Vehicles-BehindVehicles-Frontal,10,Saturday,1,True,True
201800006864,Lethal,Daylight,No,NoIntersection,Normal,2Vehicles-Behind,10,Tuesday,10,False,False
201800042605,NonLethal,NightStreelightsOn,Yes,Roundabout,Overcast,2Vehicles-Behind,11,Thursday,0,False,True
201800015325,NonLethal,NightNoStreetLight,Yes,Roundabout,HeavyRain,Other,3,Wednesday,7,False,False
201800030145,NonLethal,NightNoStreetLight,Yes,NoIntersection,LightRain,NoCollision,1,Friday,23,False,False
201800057678,NonLethal,Daylight,No,NoIntersection,Normal,NoCollision,7,Friday,14,False,False
201800003680,NonLethal,Daylight,No,NoIntersection,Normal,2Vehicles-BehindVehicles-Frontal,7,Tuesday,9,False,False
201800018397,Lethal,Daylight,No,NoIntersection,Normal,Other,7,Friday,12,False,False
201800041016,NonLethal,Daylight,Yes,NoIntersection,Normal,2Vehicles-Side,8,Saturday,12,True,False
201800006144,NonLethal,Daylight,No,NoIntersection,Normal,2Vehicles-Behind,8,Wednesday,16,False,False
201800014697,NonLethal,Daylight,No,NoIntersection,LightRain,NoCollision,7,Thursday,12,False,False
201800039142,NonLethal,Daylight,Yes,X-type,Normal,2Vehicles-Side,6,Tuesday,8,False,False
201800003251,Lethal,Daylight,No,NoIntersection,LightRain,Other,3,Monday,13,False,False
201800037638,NonLethal,NightStreelightsOn,Yes,NoIntersection,Normal,Other,7,Sunday,1,True,True
201800050997,NonLethal,Daylight,Yes,MoreThan4Branches,Normal,2Vehicles-Side,2,Tuesday,12,False,False
201800031024,NonLethal,Daylight,Yes,NoIntersection,Normal,Other,7,Sunday,13,True,False
201800040682,NonLethal,NightStreelightsOn,Yes,NoIntersection,Normal,2Vehicles-Side,6,Monday,0,False,True
201800010494,NonLethal,Daylight,No,T-type,Normal,3+Vehicles-Chain,5,Monday,7,False,False
201800018282,NonLethal,Daylight,No,NoIntersection,Normal,Other,12,Thursday,16,False,False
201800012478,NonLethal,Daylight,No,X-type,Normal,2Vehicles-Side,5,Wednesday,17,False,False
201800037436,NonLethal,Daylight,Yes,X-type,Normal,2Vehicles-Side,10,Friday,8,False,False
201800028688,NonLethal,Daylight,Yes,NoIntersection,Normal,NoCollision,11,Saturday,12,True,False
201800022370,NonLethal,Daylight,Yes,NoIntersection,Normal,2Vehicles-Behind,7,Wednesday,15,False,False
201800045282,NonLethal,Daylight,No,NoIntersection,Normal,3+Vehicles-Chain,10,Saturday,12,True,False
201800006225,NonLethal,Daylight,Yes,NoIntersection,Normal,2Vehicles-Side,7,Saturday,12,True,False
201800039949,NonLethal,Daylight,Yes,NoIntersection,Normal,2Vehicles-Side,2,Tuesday,14,False,False
201800028276,NonLethal,Daylight,Yes,X-type,Normal,Other,8,Friday,14,False,False
201800022559,NonLethal,TwilightOrDawn,Yes,NoIntersection,Normal,2Vehicles-Side,4,Monday,20,False,False
201800028119,NonLethal,TwilightOrDawn,Yes,Other,LightRain,2Vehicles-Side,10,Wednesday,7,False,False
201800049035,NonLethal,NightStreelightsOff,No,NoIntersection,Normal,Other,10,Saturday,5,True,True
201800009183,NonLethal,NightStreelightsOn,Yes,NoIntersection,Normal,Other,6,Saturday,22,True,False
201800035549,NonLethal,Daylight,Yes,NoIntersection,Normal,Other,5,Thursday,17,False,False
201800033065,NonLethal,NightNoStreetLight,No,NoIntersection,LightRain,Other,1,Saturday,3,True,True
201800027771,NonLethal,TwilightOrDawn,Yes,T-type,Normal,2Vehicles-Side,9,Wednesday,7,False,False
201800045053,NonLethal,TwilightOrDawn,No,NoIntersection,Normal,2Vehicles-Behind,7,Saturday,5,True,True
201800055908,NonLethal,Daylight,No,NoIntersection,Normal,NoCollision,12,Tuesday,14,False,False
201800020661,NonLethal,Daylight,Yes,Y-type,Normal,2Vehicles-BehindVehicles-Frontal,11,Friday,15,False,False
201800027921,NonLethal,Daylight,Yes,T-type,Normal,2Vehicles-Side,10,Saturday,12,True,False
201800034090,NonLethal,Daylight,Yes,X-type,Normal,2Vehicles-Side,10,Friday,8,False,False
201800028589,NonLethal,NightStreelightsOn,Yes,NoIntersection,Normal,Other,12,Friday,0,False,True
201800013879,NonLethal,Daylight,No,NoIntersection,Normal,2Vehicles-Side,5,Tuesday,14,False,False
201800014305,NonLethal,TwilightOrDawn,No,NoIntersection,HeavyRain,Other,1,Monday,17,False,False
201800048124,NonLethal,Daylight,Yes,NoIntersection,Normal,2Vehicles-Side,10,Wednesday,16,False,False
201800027113,NonLethal,Daylight,No,NoIntersection,Overcast,Other,1,Wednesday,12,False,False
201800054655,NonLethal,NightStreelightsOn,Yes,Y-type,LightRain,Other,1,Saturday,5,True,True
201800011983,NonLethal,Daylight,Yes,Other,LightRain,2Vehicles-Side,2,Monday,11,False,False
201800041575,NonLethal,TwilightOrDawn,Yes,NoIntersection,Normal,Other,5,Sunday,21,True,False
201800024702,NonLethal,Daylight,Yes,X-type,VeryGood,2Vehicles-Side,3,Tuesday,8,False,False
201800015844,NonLethal,Daylight,No,NoIntersection,Normal,Other,7,Tuesday,17,False,False
201800054173,NonLethal,Daylight,Yes,Y-type,Normal,2Vehicles-Behind,8,Thursday,13,False,False
201800023568,NonLethal,Daylight,No,NoIntersection,Normal,Other,7,Friday,10,False,False
201800022186,NonLethal,NightStreelightsOn,Yes,Y-type,Normal,NoCollision,3,Sunday,19,True,False
201800048342,NonLethal,Daylight,Yes,NoIntersection,Normal,Other,6,Monday,19,False,False
201800015840,NonLethal,Daylight,No,X-type,Normal,2Vehicles-Side,3,Sunday,16,True,False
201800000317,NonLethal,Daylight,Yes,Roundabout,Normal,Other,10,Saturday,12,True,False
201800024950,NonLethal,Daylight,Yes,Roundabout,Normal,2Vehicles-Side,10,Monday,9,False,False
201800010464,NonLethal,NightNoStreetLight,No,NoIntersection,Normal,2Vehicles-BehindVehicles-Frontal,1,Monday,20,False,False
201800034761,NonLethal,Daylight,Yes,NoIntersection,Normal,Other,9,Wednesday,17,False,False
201800026214,NonLethal,Daylight,Yes,NoIntersection,Normal,Other,3,Thursday,17,False,False
201800000199,NonLethal,Daylight,No,NoIntersection,Normal,2Vehicles-BehindVehicles-Frontal,4,Monday,13,False,False
201800051920,NonLethal,NightStreelightsOn,Yes,T-type,LightRain,Other,1,Thursday,19,False,False
201800009875,Lethal,NightStreelightsOn,Yes,NoIntersection,LightRain,2Vehicles-Behind,8,Friday,18,False,False
201800015061,NonLethal,Daylight,No,X-type,Normal,2Vehicles-Side,4,Thursday,13,False,False
201800027473,NonLethal,Daylight,Yes,NoIntersection,Normal,2Vehicles-Behind,9,Monday,9,False,False
201800002962,NonLethal,TwilightOrDawn,No,NoIntersection,Normal,2Vehicles-BehindVehicles-Frontal,8,Wednesday,6,False,True
201800010039,NonLethal,TwilightOrDawn,Yes,NoIntersection,Overcast,Other,11,Tuesday,18,False,False
201800040103,NonLethal,Daylight,Yes,NoIntersection,Normal,Other,5,Monday,17,False,False
201800042905,NonLethal,Daylight,Yes,X-type,Normal,2Vehicles-Side,8,Saturday,15,True,False
201800047727,NonLethal,Daylight,Yes,NoIntersection,Normal,NoCollision,2,Saturday,8,True,False
201800050623,NonLethal,NightNoStreetLight,Yes,X-type,Normal,Other,11,Wednesday,20,False,False
201800053048,NonLethal,Daylight,Yes,X-type,Normal,2Vehicles-Side,6,Thursday,8,False,False
201800020943,NonLethal,Daylight,Yes,NoIntersection,Normal,2Vehicles-Side,10,Tuesday,15,False,False
201800043994,NonLethal,Daylight,No,NoIntersection,Normal,3+Vehicles-Multiple,5,Friday,17,False,False