AccidentId,Gravity,Light,InAgglomeration,IntersectionType,Weather,CollisionType,Month,DayOfWeek,HourOfDay,IsWeekend,IsNight
201800027305,NonLethal,Daylight,Yes,NoIntersection,Normal,2Vehicles-Side,5,Thursday,17,False,False
201800050340,NonLethal,NightStreelightsOn,Yes,X-type,LightRain,2Vehicles-Side,11,Wednesday,7,False,False
201800022403,NonLethal,Daylight,Yes,NoIntersection,LightRain,NoCollision,9,Sunday,12,True,False
201800033003,NonLethal,Daylight,Yes,NoIntersection,Normal,2Vehicles-BehindVehicles-Frontal,8,Wednesday,18,False,False
201800040169,NonLethal,NightNoStreetLight,No,NoIntersection,Normal,NoCollision,3,Friday,20,False,False
201800042268,NonLethal,Daylight,Yes,NoIntersection,Normal,2Vehicles-Side,4,Friday,15,False,False
201800002809,NonLethal,Daylight,Yes,T-type,Normal,Other,9,Saturday,11,True,False
201800018889,NonLethal,Daylight,No,NoIntersection,HeavyRain,Other,3,Monday,13,False,False
201800020360,NonLethal,Daylight,No,NoIntersection,LightRain,Other,11,Friday,14,False,False
201800008438,NonLethal,Daylight,Yes,NoIntersection,LightRain,NoCollision,2,Thursday,9,False,False
201800046432,NonLethal,Daylight,No,NoIntersection,Normal,2Vehicles-Behind,2,Monday,9,False,False
201800011845,NonLethal,Daylight,No,NoIntersection,Normal,NoCollision,2,Sunday,16,True,False
201800014643,NonLethal,Daylight,Yes,NoIntersection,Normal,Other,2,Friday,9,False,False
201800016675,NonLethal,Daylight,No,NoIntersection,Normal,2Vehicles-BehindVehicles-Frontal,10,Monday,14,False,False
201800007350,NonLethal,Daylight,Yes,NoIntersection,Normal,Other,6,Saturday,17,True,False
201800024238,NonLethal,Daylight,Yes,NoIntersection,Normal,Other,1,Friday,16,False,False
201800029711,NonLethal,Daylight,Yes,X-type,Normal,Other,7,Sunday,17,True,False
201800010621,NonLethal,Daylight,No,NoIntersection,Normal,Other,10,Friday,17,False,False
201800006862,NonLethal,Daylight,No,NoIntersection,Normal,2Vehicles-Side,11,Friday,16,False,False
201800032585,NonLethal,Daylight,Yes,NoIntersection,Normal,Other,10,Thursday,18,False,False
201800016506,Lethal,NightNoStreetLight,Yes,NoIntersection,Normal,Other,10,Wednesday,20,False,False
201800031233,NonLethal,Daylight,Yes,NoIntersection,Normal,Other,5,Wednesday,8,False,False
201800029654,Lethal,Daylight,Yes,NoIntersection,Normal,NoCollision,2,Tuesday,12,False,False
201800009927,NonLethal,NightStreelightsOn,Yes,Other,HeavyRain,Other,10,Wednesday,19,False,False
201800001644,NonLethal,Daylight,No,NoIntersection,VeryGood,Other,3,Friday,17,False,False
201800028880,NonLethal,NightStreelightsOn,Yes,X-type,LightRain,2Vehicles-Behind,12,Friday,8,False,False
201800001925,NonLethal,Daylight,No,NoIntersection,VeryGood,Other,6,Thursday,18,False,False
201800047565,NonLethal,Daylight,Yes,NoIntersection,Normal,Other,6,Friday,10,False,False
201800003963,NonLethal,TwilightOrDawn,No,Other,Normal,2Vehicles-Side,7,Friday,21,False,False
201800029452,NonLethal,TwilightOrDawn,Yes,NoIntersection,Normal,Other,1,Thursday,18,False,False
201800035665,NonLethal,Daylight,Yes,Square,Normal,Other,4,Sunday,12,True,False
201800040629,NonLethal,NightStreelightsOff,Yes,T-type,LightRain,2Vehicles-Side,10,Wednesday,22,False,False
201800032303,NonLethal,Daylight,Yes,NoIntersection,Normal,2Vehicles-Side,7,Monday,19,False,False
201800051166,NonLethal,Daylight,Yes,X-type,Normal,2Vehicles-Side,8,Sunday,16,True,False
201800032100,NonLethal,NightStreelightsOff,Yes,MoreThan4Branches,LightRain,Other,1,Friday,17,False,False
201800010237,NonLethal,Daylight,Yes,NoIntersection,Normal,2Vehicles-Behind,12,Monday,10,False,False
201800017926,NonLethal,Daylight,No,Roundabout,Normal,NoCollision,11,Monday,8,False,False
201800025033,NonLethal,Daylight,Yes,T-type,Normal,2Vehicles-Side,11,Monday,10,False,False
201800040441,NonLethal,Daylight,Yes,NoIntersection,Normal,Other,9,Tuesday,8,False,False
201800054023,NonLethal,Daylight,Yes,X-type,Normal,NoCollision,2,Wednesday,8,False,False
201800023509,NonLethal,Daylight,No,NoIntersection,Normal,Other,2,Saturday,15,True,False
201800029688,Lethal,Daylight,No,T-type,Normal,2Vehicles-Side,5,Wednesday,19,False,False
201800034981,NonLethal,Daylight,Yes,NoIntersection,Normal,Other,7,Monday,16,False,False
201800030558,NonLethal,Daylight,Yes,NoIntersection,Normal,2Vehicles-Side,4,Thursday,9,False,False
201800016902,NonLethal,Daylight,No,NoIntersection,Normal,NoCollision,9,Friday,15,False,False
201800006371,NonLethal,Daylight,Yes,NoIntersection,Normal,Other,1,Wednesday,15,False,False
201800007768,NonLethal,Daylight,Yes,NoIntersection,Normal,Other,6,Monday,18,False,False
201800051318,NonLethal,NightStreelightsOn,Yes,T-type,Normal,Other,2,Wednesday,22,False,False
201800026300,NonLethal,NightStreelightsOn,Yes,NoIntersection,Normal,2Vehicles-BehindVehicles-Frontal,3,Friday,19,False,False
201800015372,NonLethal,Daylight,Yes,NoIntersection,LightRain,NoCollision,12,Saturday,14,True,False
201800046619,NonLethal,Daylight,No,NoIntersection,Normal,2Vehicles-Side,5,Friday,14,False,False
201800041540,NonLethal,TwilightOrDawn,Yes,X-type,Normal,Other,11,Thursday,17,False,False
201800056447,NonLethal,NightNoStreetLight,No,NoIntersection,Normal,2Vehicles-BehindVehicles-Frontal,12,Monday,21,False,False
201800008553,NonLethal,Daylight,Yes,T-type,Normal,2Vehicles-Side,2,Sunday,13,True,False
201800044570,NonLethal,TwilightOrDawn,No,NoIntersection,FogOrSmoke,2Vehicles-Side,1,Saturday,6,True,True
201800019756,NonLethal,Daylight,Yes,NoIntersection,Normal,2Vehicles-Behind,10,Thursday,15,False,False
201800016883,NonLethal,Daylight,Yes,T-type,Normal,2Vehicles-Side,6,Sunday,16,True,False
201800032463,NonLethal,TwilightOrDawn,Yes,NoIntersection,Normal,Other,5,Thursday,20,False,False
201800021919,NonLethal,Daylight,No,NoIntersection,Normal,2Vehicles-BehindVehicles-Frontal,7,Saturday,16,True,False
201800029608,NonLethal,Daylight,Yes,X-type,Normal,2Vehicles-Side,1,Wednesday,17,False,False
201800027370,NonLethal,Daylight,Yes,X-type,Normal,2Vehicles-Side,7,Wednesday,17,False,False
201800042764,NonLethal,NightStreelightsOn,Yes,X-type,Normal,2Vehicles-Side,7,Sunday,0,True,True
201800014848,NonLethal,NightNoStreetLight,No,NoIntersection,Normal,2Vehicles-Behind,1,Wednesday,17,False,False
201800040391,NonLethal,Daylight,Yes,NoIntersection,Overcast,2Vehicles-Behind,1,Saturday,17,True,False
201800031757,NonLethal,NightStreelightsOn,Yes,T-type,Normal,2Vehicles-Behind,5,Sunday,23,True,False
201800046065,NonLethal,Daylight,No,NoIntersection,Normal,3+Vehicles-Chain,9,Monday,17,False,False
201800045833,NonLethal,Daylight,No,NoIntersection,Normal,3+Vehicles-Chain,4,Tuesday,17,False,False
201800030400,NonLethal,NightStreelightsOn,Yes,MoreThan4Branches,Normal,2Vehicles-Side,6,Wednesday,0,False,True
201800016418,Lethal,NightNoStreetLight,No,NoIntersection,HeavyRain,3+Vehicles-Multiple,12,Tuesday,20,False,False
201800008713,NonLethal,Daylight,Yes,NoIntersection,Normal,2Vehicles-Side,3,Thursday,14,False,False
201800045943,NonLethal,Daylight,No,NoIntersection,Normal,Other,6,Friday,16,False,False
201800017545,NonLethal,Daylight,No,T-type,Normal,2Vehicles-Side,10,Friday,17,False,False
201800004578,NonLethal,Daylight,Yes,NoIntersection,Normal,2Vehicles-BehindVehicles-Frontal,12,Saturday,16,True,False
201800018349,NonLethal,Daylight,No,NoIntersection,LightRain,2Vehicles-BehindVehicles-Frontal,6,Friday,9,False,False
201800011265,NonLethal,Daylight,No,NoIntersection,Normal,NoCollision,6,Thursday,13,False,False
201800024240,NonLethal,Daylight,Yes,NoIntersection,Normal,Other,1,Thursday,15,False,False
201800041659,NonLethal,NightStreelightsOn,Yes,NoIntersection,Normal,NoCollision,4,Tuesday,22,False,False
201800053414,NonLethal,Daylight,Yes,NoIntersection,Normal,Other,6,Thursday,17,False,False
201800018119,NonLethal,NightNoStreetLight,No,NoIntersection,Normal,NoCollision,5,Monday,0,False,True
201800022438,NonLethal,TwilightOrDawn,No,NoIntersection,Overcast,Other,12,Monday,6,False,True
201800033838,NonLethal,NightStreelightsOn,Yes,NoIntersection,Normal,Other,9,Saturday,22,True,False
201800036900,NonLethal,Daylight,No,NoIntersection,Normal,Other,3,Sunday,16,True,False
201800041667,NonLethal,NightStreelightsOn,Yes,NoIntersection,Normal,2Vehicles-Side,5,Saturday,0,True,True
201800028317,NonLethal,NightStreelightsOn,Yes,T-type,Normal,2Vehicles-BehindVehicles-Frontal,1,Sunday,0,True,True
201800001708,NonLethal,Daylight,Yes,NoIntersection,Normal,2Vehicles-Side,12,Saturday,10,True,False
201800030624,NonLethal,Daylight,Yes,Roundabout,Normal,NoCollision,10,Friday,17,False,False
201800039391,NonLethal,Daylight,Yes,NoIntersection,Normal,NoCollision,8,Tuesday,19,False,False
201800022429,NonLethal,NightStreelightsOn,Yes,NoIntersection,Overcast,3+Vehicles-Chain,12,Monday,8,False,False
201800032180,NonLethal,NightStreelightsOn,Yes,T-type,Normal,Other,3,Monday,19,False,False
201800016469,NonLethal,NightNoStreetLight,No,NoIntersection,Normal,Other,11,Thursday,3,False,True
201800029840,NonLethal,Daylight,Yes,NoIntersection,Normal,2Vehicles-Side,8,Sunday,16,True,False
201800016372,NonLethal,NightNoStreetLight,Yes,NoIntersection,Normal,Other,4,Tuesday,1,False,True
201800035415,NonLethal,Daylight,Yes,NoIntersection,LightRain,Other,10,Monday,14,False,False
201800045813,NonLethal,Daylight,No,NoIntersection,Normal,Other,4,Thursday,12,False,False
201800041815,NonLethal,NightStreelightsOn,Yes,NoIntersection,Normal,2Vehicles-BehindVehicles-Frontal,11,Sunday,3,True,True
201800036214,NonLethal,Daylight,Yes,NoIntersection,Normal,Other,10,Monday,17,False,False
201800040310,NonLethal,Daylight,Yes,NoIntersection,Normal,Other,5,Sunday,19,True,False
201800030803,NonLethal,Daylight,Yes,NoIntersection,Normal,2Vehicles-Side,5,Thursday,19,False,False
201800015441,NonLethal,Daylight,No,NoIntersection,Normal,2Vehicles-Side,6,Tuesday,8,False,False
201800057428,NonLethal,Daylight,Yes,NoIntersection,StrongWindOrStorm,NoCollision,3,Tuesday,14,False,False
201800009097,NonLethal,Daylight,Yes,NoIntersection,Normal,Other,6,Friday,18,False,False
201800009149,NonLethal,NightStreelightsOn,Yes,NoIntersection,Normal,Other,6,Saturday,3,True,True
201800007807,NonLethal,NightStreelightsOn,Yes,Roundabout,Normal,Other,1,Thursday,19,False,False
201800038574,NonLethal,Daylight,Yes,X-type,Normal,2Vehicles-Side,5,Tuesday,20,False,False
201800055031,NonLethal,Daylight,Yes,X-type,Normal,2Vehicles-BehindVehicles-Frontal,6,Tuesday,21,False,False
201800012322,NonLethal,TwilightOrDawn,Yes,Roundabout,Normal,Other,4,Monday,7,False,False
201800007675,NonLethal,Daylight,Yes,NoIntersection,Normal,NoCollision,9,Tuesday,11,False,False
201800026286,NonLethal,Daylight,Yes,NoIntersection,Normal,2Vehicles-Side,2,Wednesday,17,False,False
201800035772,NonLethal,NightStreelightsOn,Yes,NoIntersection,LightRain,2Vehicles-BehindVehicles-Frontal,1,Saturday,21,True,False
201800014842,NonLethal,Daylight,Yes,Other,Normal,Other,9,Wednesday,18,False,False
201800039362,NonLethal,Daylight,Yes,X-type,Normal,2Vehicles-Side,4,Tuesday,17,False,False
201800005843,NonLethal,TwilightOrDawn,Yes,NoIntersection,Normal,3+Vehicles-Multiple,11,Saturday,7,True,False
201800002535,NonLethal,Daylight,No,NoIntersection,Normal,Other,7,Friday,12,False,False
201800008008,NonLethal,NightNoStreetLight,No,NoIntersection,Normal,Other,9,Sunday,4,True,True
201800016439,NonLethal,TwilightOrDawn,No,NoIntersection,Normal,2Vehicles-Side,10,Sunday,18,True,False
201800022010,NonLethal,Daylight,Yes,T-type,Normal,2Vehicles-Side,2,Thursday,15,False,False
201800022968,NonLethal,Daylight,Yes,NoIntersection,Normal,Other,3,Monday,10,False,False
201800000145,NonLethal,TwilightOrDawn,No,NoIntersection,Normal,NoCollision,6,Thursday,20,False,False
201800015169,NonLethal,NightNoStreetLight,No,NoIntersection,Normal,2Vehicles-BehindVehicles-Frontal,7,Wednesday,6,False,True
201800033828,NonLethal,Daylight,No,NoIntersection,Normal,Other,8,Saturday,16,True,False
201800008495,NonLethal,Daylight,Yes,T-type,Normal,2Vehicles-Side,9,Sunday,11,True,False
201800048056,NonLethal,Daylight,Yes,NoIntersection,Normal,2Vehicles-Behind,1,Monday,16,False,False
201800046138,NonLethal,Daylight,No,NoIntersection,Normal,Other,7,Tuesday,9,False,False
201800015305,NonLethal,Daylight,No,NoIntersection,Normal,2Vehicles-BehindVehicles-Frontal,6,Thursday,17,False,False
201800039073,NonLethal,Daylight,Yes,NoIntersection,Normal,2Vehicles-Side,5,Sunday,20,True,False
201800040047,NonLethal,Daylight,Yes,X-type,Normal,2Vehicles-Side,6,Sunday,19,True,False
201800019386,NonLethal,Daylight,No,NoIntersection,LightRain,2Vehicles-BehindVehicles-Frontal,2,Saturday,9,True,False
201800008766,NonLethal,Daylight,Yes,NoIntersection,Normal,2Vehicles-Behind,3,Saturday,9,True,False
201800057670,NonLethal,Daylight,Yes,NoIntersection,Normal,2Vehicles-Side,9,Friday,10,False,False
201800031852,NonLethal,NightStreelightsOn,Yes,NoIntersection,LightRain,Other,8,Wednesday,21,False,False
201800000062,NonLethal,NightNoStreetLight,Yes,NoIntersection,LightRain,Other,1,Sunday,3,True,True
201800013743,NonLethal,Daylight,Yes,NoIntersection,Normal,2Vehicles-Side,6,Friday,14,False,False
201800019645,NonLethal,NightStreelightsOn,Yes,NoIntersection,Normal,NoCollision,5,Monday,0,False,True
201800019608,NonLethal,Daylight,No,NoIntersection,Normal,3+Vehicles-Chain,2,Thursday,17,False,False
201800012859,NonLethal,Daylight,Yes,T-type,Normal,2Vehicles-Behind,11,Saturday,15,True,False
201800011365,NonLethal,Daylight,No,NoIntersection,Normal,Other,8,Monday,15,False,False
201800052309,NonLethal,NightStreelightsOn,Yes,X-type,Normal,Other,1,Friday,19,False,False
201800014845,Lethal,NightNoStreetLight,No,NoIntersection,Normal,NoCollision,12,Thursday,18,False,False
201800034851,Lethal,Daylight,Yes,NoIntersection,Normal,Other,9,Sunday,17,True,False
201800027893,NonLethal,Daylight,Yes,NoIntersection,Normal,3+Vehicles-Multiple,5,Saturday,18,True,False
201800000196,NonLethal,NightStreelightsOn,Yes,NoIntersection,Normal,Other,5,Friday,17,False,False
201800043037,NonLethal,Daylight,Yes,NoIntersection,Normal,2Vehicles-BehindVehicles-Frontal,9,Saturday,17,True,False
201800022155,NonLethal,NightStreelightsOn,Yes,NoIntersection,LightRain,Other,12,Wednesday,20,False,False
201800056125,NonLethal,NightNoStreetLight,No,NoIntersection,Normal,3+Vehicles-Multiple,10,Sunday,21,True,False
201800028266,NonLethal,Daylight,Yes,NoIntersection,Normal,2Vehicles-Side,3,Tuesday,14,False,False
201800033882,NonLethal,Daylight,Yes,Other,Normal,Other,11,Thursday,10,False,False
201800003187,NonLethal,Daylight,No,NoIntersection,StrongWindOrStorm,NoCollision,10,Sunday,14,True,False
201800029861,NonLethal,Daylight,Yes,Square,Normal,Other,10,Saturday,11,True,False
201800021887,NonLethal,Daylight,No,NoIntersection,Normal,NoCollision,7,Sunday,17,True,False
201800017679,NonLethal,Daylight,Yes,NoIntersection,Normal,Other,10,Thursday,12,False,False
201800049009,NonLethal,Daylight,No,NoIntersection,Normal,2Vehicles-Side,9,Thursday,9,False,False
201800041151,NonLethal,Daylight,Yes,NoIntersection,Normal,Other,6,Thursday,21,False,False
201800023386,NonLethal,NightStreelightsOn,Yes,NoIntersection,Normal,Other,12,Thursday,20,False,False
201800001972,NonLethal,Daylight,No,NoIntersection,Normal,Other,9,Friday,16,False,False
201800020110,NonLethal,Daylight,No,NoIntersection,Normal,NoCollision,5,Wednesday,16,False,False
201800011552,NonLethal,TwilightOrDawn,No,NoIntersection,Normal,Other,2,Thursday,21,False,False
201800006494,NonLethal,Daylight,Yes,T-type,Normal,3+Vehicles-Multiple,10,Wednesday,16,False,False
201800049889,NonLethal,Daylight,No,NoIntersection,Normal,Other,6,Friday,14,False,False
201800039145,NonLethal,Daylight,Yes,NoIntersection,Normal,NoCollision,5,Monday,10,False,False
201800003014,NonLethal,Daylight,No,NoIntersection,LightRain,2Vehicles-Side,12,Monday,13,False,False
201800003859,NonLethal,Daylight,No,NoIntersection,Normal,Other,4,Sunday,19,True,False
201800032465,NonLethal,TwilightOrDawn,No,NoIntersection,Normal,2Vehicles-BehindVehicles-Frontal,5,Thursday,19,False,False
201800054684,NonLethal,Daylight,Yes,Square,Normal,NoCollision,3,Friday,18,False,False
201800035474,NonLethal,Daylight,Yes,NoIntersection,Normal,Other,4,Friday,13,False,False
201800038560,NonLethal,Daylight,Yes,NoIntersection,Normal,2Vehicles-Side,4,Thursday,16,False,False
201800022198,NonLethal,Daylight,No,NoIntersection,LightRain,2Vehicles-Behind,6,Saturday,14,True,False
201800028408,NonLethal,Daylight,Yes,Roundabout,Normal,2Vehicles-Side,5,Monday,17,False,False
201800018341,Lethal,NightNoStreetLight,Yes,NoIntersection,Normal,Other,9,Thursday,2,False,True
201800021039,NonLethal,Daylight,Yes,T-type,Normal,2Vehicles-Side,9,Wednesday,19,False,False
201800021683,NonLethal,Daylight,No,NoIntersection,Normal,2Vehicles-Behind,6,Wednesday,15,False,False
201800012123,NonLethal,Daylight,Yes,NoIntersection,Normal,Other,9,Saturday,12,True,False
201800054578,NonLethal,Daylight,Yes,T-type,Normal,2Vehicles-Behind,10,Sunday,10,True,False
201800012264,NonLethal,Daylight,Yes,Roundabout,LightRain,2Vehicles-BehindVehicles-Frontal,12,Monday,10,False,False
201800051443,NonLethal,NightStreelightsOn,Yes,NoIntersection,LightRain,Other,2,Tuesday,20,False,False
201800027796,NonLethal,TwilightOrDawn,Yes,NoIntersection,LightRain,Other,11,Wednesday,17,False,False
201800053613,NonLethal,Daylight,Yes,Y-type,LightRain,NoCollision,11,Thursday,16,False,False
201800002831,NonLethal,Daylight,No,NoIntersection,Normal,Other,12,Sunday,17,True,False
201800042379,NonLethal,NightStreelightsOn,Yes,NoIntersection,Normal,2Vehicles-Side,5,Thursday,1,False,True
201800024651,NonLethal,NightStreelightsOn,Yes,X-type,LightRain,NoCollision,2,Thursday,1,False,True
201800012651,NonLethal,Daylight,No,NoIntersection,Normal,2Vehicles-BehindVehicles-Frontal,1,Thursday,18,False,False
201800000380,NonLethal,Daylight,Yes,NoIntersection,Normal,2Vehicles-Behind,6,Tuesday,18,False,False
201800053780,NonLethal,Daylight,Yes,NoIntersection,Normal,2Vehicles-Behind,5,Friday,16,False,False
201800002345,NonLethal,Daylight,Yes,NoIntersection,Normal,2Vehicles-Side,8,Friday,18,False,False
201800027539,NonLethal,NightStreelightsOn,Yes,NoIntersection,Normal,2Vehicles-Behind,11,Monday,19,False,False
201800013936,NonLethal,NightStreelightsOn,Yes,NoIntersection,Normal,Other,2,Thursday,2,False,True
201800019732,NonLethal,Daylight,Yes,X-type,Normal,2Vehicles-Side,9,Thursday,17,False,False
201800007878,NonLethal,Daylight,No,NoIntersection,Normal,Other,6,Saturday,14,True,False
201800007453,NonLethal,Daylight,Yes,Other,Normal,2Vehicles-Side,10,Thursday,15,False,False
201800032345,NonLethal,Daylight,Yes,X-type,Normal,2Vehicles-Side,1,Thursday,11,False,False
201800001211,NonLethal,NightNoStreetLight,No,NoIntersection,Normal,2Vehicles-BehindVehicles-Frontal,6,Saturday,1,True,True
201800038317,NonLethal,Daylight,Yes,NoIntersection,Normal,2Vehicles-Side,3,Thursday,15,False,False
201800011616,Lethal,NightNoStreetLight,No,NoIntersection,HeavyRain,Other,12,Friday,0,False,True
201800001096,NonLethal,Daylight,Yes,X-type,Normal,2Vehicles-Side,1,Tuesday,12,False,False
201800000651,NonLethal,Daylight,Yes,X-type,VeryGood,2Vehicles-Side,5,Tuesday,18,False,False
201800000630,NonLethal,Daylight,Yes,T-type,Normal,2Vehicles-Side,3,Monday,16,False,False
201800036180,NonLethal,Daylight,Yes,NoIntersection,Normal,3+Vehicles-Chain,12,Sunday,14,True,False
201800008689,NonLethal,Daylight,Yes,NoIntersection,Normal,2Vehicles-Side,3,Saturday,9,True,False
201800043904,NonLethal,Daylight,No,NoIntersection,Normal,Other,10,Thursday,14,False,False
201800045495,NonLethal,Daylight,No,NoIntersection,LightRain,2Vehicles-Behind,11,Sunday,14,True,False
201800009639,NonLethal,Daylight,Yes,NoIntersection,Normal,2Vehicles-BehindVehicles-Frontal,9,Tuesday,7,False,False
201800040704,NonLethal,NightStreelightsOn,Yes,X-type,Normal,2Vehicles-Side,9,Wednesday,0,False,True
201800018942,NonLethal,TwilightOrDawn,No,NoIntersection,Normal,NoCollision,3,Wednesday,18,False,False
201800026431,NonLethal,Daylight,Yes,NoIntersection,Normal,Other,9,Tuesday,15,False,False
201800021671,NonLethal,Daylight,Yes,NoIntersection,Normal,2Vehicles-BehindVehicles-Frontal,5,Wednesday,19,False,False
201800043158,NonLethal,Daylight,Yes,NoIntersection,Normal,2Vehicles-Side,10,Tuesday,18,False,False
201800055832,NonLethal,Daylight,No,Y-type,Normal,2Vehicles-Side,11,Wednesday,14,False,False
201800043662,NonLethal,Daylight,No,NoIntersection,HeavyRain,2Vehicles-Behind,5,Monday,11,False,False
201800038243,NonLethal,NightStreelightsOn,Yes,NoIntersection,LightRain,Other,11,Tuesday,17,False,False
201800014219,Lethal,NightNoStreetLight,No,NoIntersection,Normal,Other,11,Sunday,8,True,False
201800037865,NonLethal,Daylight,Yes,X-type,Normal,2Vehicles-Side,10,Saturday,10,True,False
201800047327,NonLethal,Daylight,Yes,NoIntersection,LightRain,NoCollision,1,Tuesday,13,False,False
201800046645,NonLethal,Daylight,No,NoIntersection,Normal,3+Vehicles-Chain,4,Friday,8,False,False
201800056828,NonLethal,Daylight,Yes,Roundabout,Normal,2Vehicles-Side,1,Wednesday,14,False,False
201800043799,NonLethal,Daylight,No,NoIntersection,Normal,NoCollision,1,Wednesday,14,False,False
201800007900,NonLethal,NightNoStreetLight,No,NoIntersection,Normal,Other,8,Tuesday,0,False,True
201800002252,NonLethal,Daylight,No,NoIntersection,Normal,3+Vehicles-Chain,7,Wednesday,12,False,False
201800043849,NonLethal,Daylight,No,Other,Normal,2Vehicles-Behind,3,Monday,9,False,False
201800030993,NonLethal,Daylight,Yes,NoIntersection,Normal,3+Vehicles-Multiple,4,Wednesday,11,False,False
201800032709,NonLethal,Daylight,No,NoIntersection,SnowOrHail,NoCollision,10,Tuesday,9,False,False
201800014008,NonLethal,Daylight,Yes,NoIntersection,Normal,2Vehicles-BehindVehicles-Frontal,5,Thursday,12,False,False
201800047429,NonLethal,Daylight,Yes,NoIntersection,Normal,Other,3,Thursday,10,False,False
201800018427,NonLethal,Daylight,No,NoIntersection,LightRain,2Vehicles-BehindVehicles-Frontal,12,Monday,16,False,False
201800034811,NonLethal,Daylight,Yes,NoIntersection,Normal,2Vehicles-Behind,2,Saturday,12,True,False
201800012887,NonLethal,Daylight,No,NoIntersection,Normal,NoCollision,4,Saturday,13,True,False
201800011718,Lethal,Daylight,No,NoIntersection,Normal,Other,6,Saturday,19,True,False
201800043123,NonLethal,NightStreelightsOn,Yes,T-type,Normal,Other,4,Saturday,22,True,False
201800037705,NonLethal,TwilightOrDawn,Yes,NoIntersection,Normal,Other,5,Saturday,6,True,True
201800019050,NonLethal,Daylight,No,NoIntersection,Normal,2Vehicles-BehindVehicles-Frontal,8,Sunday,17,True,False
201800044294,Lethal,Daylight,No,NoIntersection,Normal,3+Vehicles-Chain,11,Saturday,11,True,False
201800015807,Lethal,Daylight,Yes,Roundabout,Normal,Other,10,Saturday,14,True,False
201800048780,NonLethal,Daylight,Yes,X-type,Normal,2Vehicles-Side,12,Tuesday,12,False,False
201800040702,NonLethal,Daylight,Yes,NoIntersection,Normal,2Vehicles-Side,5,Wednesday,8,False,False
201800011350,Lethal,Daylight,No,NoIntersection,Normal,Other,7,Saturday,6,True,True
201800034501,NonLethal,Daylight,No,NoIntersection,LightRain,2Vehicles-Behind,11,Sunday,15,True,False
201800022391,NonLethal,Daylight,Yes,NoIntersection,Normal,NoCollision,11,Friday,10,False,False
201800003923,NonLethal,Daylight,Yes,Other,Normal,Other,6,Wednesday,9,False,False
201800055758,NonLethal,NightStreelightsOn,Yes,NoIntersection,Normal,2Vehicles-Side,12,Saturday,19,True,False
201800005456,NonLethal,Daylight,No,NoIntersection,Normal,NoCollision,9,Sunday,9,True,False
201800040574,NonLethal,NightStreelightsOn,Yes,NoIntersection,Normal,Other,1,Friday,18,False,False
201800025177,NonLethal,NightNoStreetLight,No,NoIntersection,LightRain,3+Vehicles-Chain,2,Thursday,19,False,False
201800001557,NonLethal,Daylight,No,NoIntersection,Normal,2Vehicles-BehindVehicles-Frontal,9,Thursday,14,False,False
201800016170,NonLethal,Daylight,No,NoIntersection,LightRain,Other,11,Friday,14,False,False
201800033604,NonLethal,Daylight,No,NoIntersection,Normal,NoCollision,3,Sunday,9,True,False
201800046119,NonLethal,Daylight,No,NoIntersection,Normal,2Vehicles-Behind,9,Friday,12,False,False
201800025889,NonLethal,NightNoStreetLight,Yes,NoIntersection,Normal,Other,4,Sunday,21,True,False
201800035481,NonLethal,Daylight,Yes,NoIntersection,Normal,2Vehicles-Behind,6,Wednesday,14,False,False
201800049596,NonLethal,Daylight,No,NoIntersection,Normal,Other,9,Tuesday,18,False,False
201800024766,NonLethal,Daylight,Yes,NoIntersection,Normal,2Vehicles-Side,5,Monday,16,False,False
201800008414,NonLethal,NightStreelightsOn,Yes,NoIntersection,LightRain,Other,1,Friday,19,False,False
201800001197,NonLethal,NightNoStreetLight,No,T-type,Normal,2Vehicles-Side,2,Tuesday,2,False,True
201800049426,NonLethal,Daylight,No,NoIntersection,Normal,2Vehicles-Behind,7,Wednesday,10,False,False
201800045102,NonLethal,Daylight,No,NoIntersection,Normal,2Vehicles-Behind,7,Wednesday,8,False,False
201800050578,NonLethal,Daylight,Yes,T-type,Normal,Other,7,Thursday,16,False,False
201800057723,NonLethal,NightNoStreetLight,Yes,NoIntersection,Normal,NoCollision,9,Thursday,21,False,False
201800002160,NonLethal,Daylight,Yes,X-type,Normal,Other,2,Thursday,10,False,False
201800014529,NonLethal,Daylight,No,NoIntersection,Normal,2Vehicles-BehindVehicles-Frontal,12,Thursday,14,False,False
201800046718,NonLethal,Daylight,No,NoIntersection,Normal,2Vehicles-Side,1,Sunday,18,True,False
201800025825,NonLethal,Daylight,Yes,NoIntersection,Normal,Other,9,Thursday,17,False,False
201800031109,NonLethal,Daylight,Yes,NoIntersection,VeryGood,Other,12,Thursday,15,False,False
201800036155,NonLethal,Daylight,No,NoIntersection,Normal,Other,8,Tuesday,17,False,False
201800051569,NonLethal,Daylight,Yes,X-type,Normal,3+Vehicles-Multiple,9,Tuesday,11,False,False
201800009325,NonLethal,Daylight,Yes,X-type,Normal,2Vehicles-Side,7,Sunday,6,True,True
201800002028,NonLethal,TwilightOrDawn,Yes,NoIntersection,Normal,Other,6,Thursday,21,False,False
201800054599,NonLethal,Daylight,Yes,X-type,Normal,2Vehicles-BehindVehicles-Frontal,11,Saturday,13,True,False