AccidentId,Gravity,Light,InAgglomeration,IntersectionType,Weather,CollisionType,Month,DayOfWeek,HourOfDay,IsWeekend,IsNight
201800027342,NonLethal,Daylight,Yes,X-type,Normal,2Vehicles-Side,6,Friday,17,False,False
201800045369,NonLethal,Daylight,No,NoIntersection,Normal,2Vehicles-Side,10,Thursday,9,False,False
201800045601,NonLethal,NightStreelightsOff,No,NoIntersection,LightRain,Other,12,Monday,0,False,True
201800007692,NonLethal,Daylight,Yes,NoIntersection,Normal,Other,11,Thursday,11,False,False
201800054001,NonLethal,Daylight,Yes,T-type,SnowOrHail,Other,6,Saturday,15,True,False
201800026820,NonLethal,Daylight,Yes,NoIntersection,Normal,2Vehicles-Side,5,Tuesday,14,False,False
201800024874,NonLethal,Daylight,No,NoIntersection,HeavyRain,NoCollision,5,Friday,19,False,False
201800045126,NonLethal,Daylight,No,NoIntersection,Normal,Other,8,Monday,13,False,False
201800047796,NonLethal,Daylight,Yes,NoIntersection,LightRain,2Vehicles-Behind,11,Tuesday,9,False,False
201800010653,NonLethal,Daylight,Yes,NoIntersection,Normal,Other,8,Friday,18,False,False
201800029402,NonLethal,NightStreelightsOn,No,X-type,Normal,Other,2,Friday,0,False,True
201800039205,NonLethal,NightStreelightsOn,No,T-type,Normal,2Vehicles-Side,12,Thursday,17,False,False
201800045206,NonLethal,Daylight,No,NoIntersection,Normal,3+Vehicles-Chain,9,Monday,16,False,False
201800024506,NonLethal,Daylight,Yes,T-type,Normal,2Vehicles-Side,11,Thursday,11,False,False
201800051730,NonLethal,Daylight,Yes,Y-type,Normal,2Vehicles-Behind,5,Thursday,10,False,False
201800053610,NonLethal,TwilightOrDawn,Yes,T-type,Normal,NoCollision,11,Thursday,8,False,False
201800017754,NonLethal,NightNoStreetLight,No,NoIntersection,Normal,3+Vehicles-Multiple,4,Saturday,22,True,False
201800057737,NonLethal,Daylight,Yes,NoIntersection,Normal,2Vehicles-BehindVehicles-Frontal,10,Monday,17,False,False
201800051433,NonLethal,Daylight,Yes,X-type,Normal,2Vehicles-Side,1,Tuesday,15,False,False
201800045071,NonLethal,Daylight,No,NoIntersection,Normal,2Vehicles-Behind,7,Thursday,15,False,False
201800020033,NonLethal,Daylight,No,T-type,Normal,2Vehicles-Behind,5,Tuesday,16,False,False
201800036943,NonLethal,Daylight,Yes,Roundabout,Normal,2Vehicles-Side,6,Wednesday,7,False,False
201800019393,NonLethal,Daylight,Yes,NoIntersection,VeryGood,Other,7,Wednesday,8,False,False
201800036896,NonLethal,TwilightOrDawn,Yes,NoIntersection,Normal,Other,2,Wednesday,7,False,False
201800033857,NonLethal,Daylight,Yes,NoIntersection,Normal,Other,10,Friday,13,False,False
201800048739,NonLethal,NightStreelightsOn,Yes,NoIntersection,LightRain,Other,12,Friday,19,False,False
201800007458,NonLethal,NightStreelightsOn,Yes,T-type,Overcast,2Vehicles-BehindVehicles-Frontal,11,Thursday,17,False,False
201800013285,NonLethal,Daylight,Yes,NoIntersection,Normal,Other,9,Saturday,11,True,False
201800009654,NonLethal,Daylight,Yes,T-type,Normal,2Vehicles-Side,9,Wednesday,14,False,False
201800018954,NonLethal,Daylight,Yes,NoIntersection,Normal,Other,12,Friday,10,False,False
201800051983,NonLethal,TwilightOrDawn,Yes,Roundabout,Normal,2Vehicles-Behind,7,Wednesday,20,False,False
201800025921,NonLethal,NightStreelightsOn,Yes,NoIntersection,Normal,Other,10,Wednesday,22,False,False
201800016419,NonLethal,Daylight,Yes,NoIntersection,Normal,Other,1,Friday,16,False,False
201800049486,NonLethal,Daylight,No,NoIntersection,Normal,2Vehicles-Side,10,Friday,17,False,False
201800033895,NonLethal,Daylight,Yes,T-type,Normal,Other,12,Wednesday,15,False,False
201800050872,NonLethal,Daylight,Yes,T-type,Normal,2Vehicles-Side,4,Saturday,13,True,False
201800019192,NonLethal,Daylight,No,NoIntersection,LightRain,2Vehicles-BehindVehicles-Frontal,2,Saturday,13,True,False
201800053867,NonLethal,Daylight,Yes,Y-type,Normal,2Vehicles-Side,6,Saturday,18,True,False
201800023175,NonLethal,Daylight,Yes,NoIntersection,Normal,Other,8,Wednesday,15,False,False
201800044597,NonLethal,Daylight,No,NoIntersection,LightRain,Other,2,Sunday,9,True,False
201800012969,NonLethal,Daylight,No,NoIntersection,Normal,Other,11,Thursday,16,False,False
201800026094,NonLethal,Daylight,Yes,T-type,Normal,2Vehicles-Behind,3,Wednesday,11,False,False
201800054009,NonLethal,NightStreelightsOn,Yes,X-type,LightRain,Other,2,Tuesday,22,False,False
201800035494,NonLethal,Daylight,Yes,NoIntersection,Normal,2Vehicles-Side,1,Saturday,15,True,False
201800041945,NonLethal,NightStreelightsOn,Yes,T-type,Overcast,Other,1,Sunday,18,True,False
201800046769,NonLethal,Daylight,No,NoIntersection,Normal,3+Vehicles-Multiple,7,Tuesday,9,False,False
201800044560,NonLethal,Daylight,No,NoIntersection,LightRain,3+Vehicles-Chain,1,Monday,8,False,False
201800001663,NonLethal,Daylight,Yes,NoIntersection,Normal,2Vehicles-Side,9,Tuesday,14,False,False
201800008374,NonLethal,NightStreelightsOn,Yes,NoIntersection,Normal,2Vehicles-Behind,1,Sunday,5,True,True
201800039698,NonLethal,Daylight,Yes,NoIntersection,Normal,Other,2,Tuesday,14,False,False
201800032798,NonLethal,NightNoStreetLight,No,NoIntersection,LightRain,Other,9,Sunday,1,True,True
201800056492,Lethal,Daylight,No,NoIntersection,LightRain,2Vehicles-Side,3,Sunday,15,True,False
201800019421,NonLethal,TwilightOrDawn,Yes,NoIntersection,Normal,2Vehicles-Side,8,Wednesday,19,False,False
201800024815,NonLethal,Daylight,Yes,NoIntersection,LightRain,Other,7,Monday,12,False,False
201800035861,NonLethal,Daylight,No,Other,Normal,2Vehicles-Side,3,Monday,13,False,False
201800049957,NonLethal,TwilightOrDawn,No,NoIntersection,Normal,Other,7,Friday,7,False,False
201800010851,Lethal,NightNoStreetLight,Yes,NoIntersection,Normal,NoCollision,9,Saturday,22,True,False
201800016027,NonLethal,Daylight,Yes,NoIntersection,Normal,Other,4,Wednesday,14,False,False
201800012093,NonLethal,Daylight,Yes,NoIntersection,Normal,2Vehicles-Behind,6,Wednesday,15,False,False
201800027798,NonLethal,NightStreelightsOn,Yes,NoIntersection,LightRain,Other,11,Saturday,0,True,True
201800052859,NonLethal,Daylight,Yes,T-type,Normal,2Vehicles-Side,10,Monday,13,False,False
201800046266,NonLethal,NightNoStreetLight,No,NoIntersection,LightRain,2Vehicles-Behind,12,Monday,18,False,False
201800023392,NonLethal,Daylight,No,NoIntersection,Normal,Other,8,Sunday,14,True,False
201800026756,NonLethal,Daylight,Yes,X-type,Normal,Other,3,Saturday,10,True,False
201800045026,NonLethal,Daylight,No,NoIntersection,Normal,2Vehicles-Side,6,Friday,15,False,False
201800018697,NonLethal,NightNoStreetLight,No,NoIntersection,Normal,Other,9,Wednesday,22,False,False
201800018414,NonLethal,Daylight,Yes,NoIntersection,LightRain,Other,1,Friday,11,False,False
201800040002,Lethal,NightStreelightsOn,Yes,Other,Normal,2Vehicles-Side,9,Saturday,1,True,True
201800020596,NonLethal,Daylight,Yes,X-type,Normal,2Vehicles-Side,5,Sunday,11,True,False
201800044179,NonLethal,Daylight,No,NoIntersection,Normal,3+Vehicles-Chain,8,Monday,17,False,False
201800035146,NonLethal,Daylight,Yes,NoIntersection,Normal,2Vehicles-BehindVehicles-Frontal,10,Thursday,9,False,False
201800038663,NonLethal,NightStreelightsOn,Yes,NoIntersection,Normal,Other,12,Saturday,3,True,True
201800021325,NonLethal,Daylight,Yes,NoIntersection,Normal,2Vehicles-BehindVehicles-Frontal,7,Wednesday,14,False,False
201800006162,NonLethal,Daylight,No,NoIntersection,Normal,NoCollision,7,Sunday,6,True,True
201800012255,Lethal,Daylight,Yes,NoIntersection,Normal,Other,12,Thursday,13,False,False
201800033403,NonLethal,NightStreelightsOn,Yes,Y-type,Normal,Other,12,Tuesday,19,False,False
201800045261,NonLethal,Daylight,No,NoIntersection,Normal,NoCollision,1,Wednesday,18,False,False
201800011869,NonLethal,Daylight,No,NoIntersection,Normal,2Vehicles-BehindVehicles-Frontal,6,Thursday,15,False,False
201800028462,NonLethal,Daylight,Yes,NoIntersection,Normal,Other,6,Wednesday,20,False,False
201800013620,NonLethal,NightStreelightsOn,Yes,NoIntersection,LightRain,Other,10,Saturday,23,True,False
201800044041,NonLethal,Daylight,No,NoIntersection,Normal,3+Vehicles-Multiple,6,Friday,16,False,False
201800039873,NonLethal,Daylight,Yes,X-type,Normal,2Vehicles-Side,3,Friday,7,False,False
201800052144,NonLethal,Daylight,Yes,NoIntersection,Normal,3+Vehicles-Chain,8,Wednesday,11,False,False
201800040035,NonLethal,Daylight,Yes,NoIntersection,Normal,Other,12,Friday,14,False,False
201800005438,NonLethal,NightNoStreetLight,No,NoIntersection,Normal,NoCollision,11,Thursday,2,False,True
201800011311,NonLethal,Daylight,Yes,NoIntersection,Normal,NoCollision,6,Thursday,21,False,False
201800042503,NonLethal,TwilightOrDawn,Yes,NoIntersection,Normal,2Vehicles-Behind,9,Friday,19,False,False
201800026510,NonLethal,Daylight,Yes,T-type,LightRain,Other,12,Friday,11,False,False
201800006343,NonLethal,Daylight,No,NoIntersection,Normal,3+Vehicles-Chain,1,Sunday,15,True,False
201800036817,NonLethal,Daylight,Yes,NoIntersection,LightRain,Other,4,Thursday,14,False,False
201800024962,NonLethal,NightStreelightsOn,Yes,X-type,Normal,2Vehicles-Side,10,Saturday,21,True,False
201800002152,NonLethal,Daylight,No,NoIntersection,Normal,2Vehicles-Behind,7,Wednesday,12,False,False
201800024284,NonLethal,NightStreelightsOn,Yes,Roundabout,Normal,NoCollision,3,Wednesday,23,False,False
201800002151,Lethal,Daylight,No,NoIntersection,Normal,2Vehicles-BehindVehicles-Frontal,4,Friday,16,False,False
201800001778,NonLethal,Daylight,No,Other,LightRain,2Vehicles-BehindVehicles-Frontal,5,Tuesday,10,False,False
201800017795,NonLethal,Daylight,Yes,NoIntersection,Normal,2Vehicles-Side,4,Friday,15,False,False
201800030885,NonLethal,NightStreelightsOn,Yes,T-type,Normal,3+Vehicles-Multiple,9,Friday,20,False,False
201800013460,NonLethal,Daylight,No,NoIntersection,Normal,Other,4,Saturday,16,True,False
201800006720,NonLethal,Daylight,No,NoIntersection,Normal,2Vehicles-Behind,4,Saturday,8,True,False
201800010474,NonLethal,Daylight,No,NoIntersection,Normal,Other,4,Saturday,10,True,False
201800045683,NonLethal,NightNoStreetLight,No,NoIntersection,LightRain,Other,1,Tuesday,20,False,False
201800006896,NonLethal,Daylight,No,NoIntersection,HeavyRain,2Vehicles-Behind,8,Thursday,13,False,False
201800029355,Lethal,Daylight,Yes,NoIntersection,Normal,Other,2,Tuesday,10,False,False
201800025947,NonLethal,Daylight,Yes,NoIntersection,Normal,Other,10,Thursday,16,False,False
201800056801,Lethal,Daylight,No,T-type,Normal,2Vehicles-Side,9,Tuesday,15,False,False
201800013791,Lethal,Daylight,No,NoIntersection,Normal,2Vehicles-Side,6,Tuesday,9,False,False
201800028668,NonLethal,Daylight,Yes,Roundabout,Normal,NoCollision,1,Thursday,10,False,False
201800005493,NonLethal,NightNoStreetLight,Yes,NoIntersection,LightRain,2Vehicles-Side,11,Wednesday,19,False,False
201800027074,NonLethal,NightNoStreetLight,No,Other,Normal,2Vehicles-BehindVehicles-Frontal,1,Tuesday,4,False,True
201800046086,NonLethal,Daylight,No,NoIntersection,Normal,3+Vehicles-Multiple,9,Friday,18,False,False
201800052605,NonLethal,Daylight,Yes,NoIntersection,Normal,2Vehicles-Behind,11,Monday,12,False,False
201800038602,NonLethal,NightStreelightsOn,Yes,NoIntersection,Normal,2Vehicles-Behind,7,Tuesday,22,False,False
201800019481,NonLethal,Daylight,Yes,T-type,Normal,2Vehicles-BehindVehicles-Frontal,5,Thursday,12,False,False
201800021901,NonLethal,TwilightOrDawn,No,NoIntersection,SnowOrHail,2Vehicles-Side,2,Wednesday,18,False,False
201800013586,NonLethal,Daylight,No,Y-type,Normal,2Vehicles-Side,6,Friday,16,False,False
201800006349,NonLethal,NightStreelightsOn,No,NoIntersection,Normal,Other,11,Friday,21,False,False
201800035200,Lethal,Daylight,Yes,NoIntersection,Normal,2Vehicles-Side,2,Tuesday,8,False,False
201800002169,NonLethal,Daylight,Yes,NoIntersection,Normal,Other,7,Monday,20,False,False
201800050956,NonLethal,Daylight,Yes,T-type,Overcast,2Vehicles-Side,7,Thursday,10,False,False
201800022063,NonLethal,Daylight,Yes,Roundabout,LightRain,2Vehicles-Side,3,Tuesday,20,False,False
201800023155,NonLethal,Daylight,No,NoIntersection,Normal,2Vehicles-Behind,7,Tuesday,14,False,False
201800033612,NonLethal,Daylight,No,NoIntersection,SnowOrHail,2Vehicles-BehindVehicles-Frontal,12,Sunday,10,True,False
201800044568,NonLethal,NightNoStreetLight,No,NoIntersection,Normal,NoCollision,1,Thursday,19,False,False
201800050167,NonLethal,NightNoStreetLight,No,NoIntersection,Normal,2Vehicles-Behind,12,Thursday,21,False,False
201800023347,NonLethal,TwilightOrDawn,Yes,NoIntersection,Normal,2Vehicles-Behind,11,Tuesday,17,False,False
201800036339,NonLethal,Daylight,Yes,X-type,Normal,2Vehicles-Side,5,Sunday,19,True,False
201800043410,NonLethal,TwilightOrDawn,Yes,Roundabout,LightRain,Other,2,Sunday,8,True,False
201800034408,Lethal,Daylight,No,NoIntersection,LightRain,2Vehicles-BehindVehicles-Frontal,12,Sunday,11,True,False
201800041291,NonLethal,Daylight,Yes,Other,Normal,2Vehicles-Behind,10,Saturday,15,True,False
201800000807,NonLethal,Daylight,No,NoIntersection,Normal,NoCollision,5,Thursday,17,False,False
201800038341,NonLethal,NightNoStreetLight,Yes,NoIntersection,Normal,Other,11,Friday,21,False,False
201800050600,NonLethal,Daylight,Yes,T-type,Normal,2Vehicles-Side,10,Tuesday,10,False,False
201800045099,NonLethal,Daylight,No,NoIntersection,Normal,2Vehicles-Behind,7,Tuesday,12,False,False
201800030936,NonLethal,NightStreelightsOn,Yes,X-type,Normal,2Vehicles-BehindVehicles-Frontal,11,Friday,7,False,False
201800008794,NonLethal,Daylight,Yes,Other,Normal,Other,4,Wednesday,18,False,False
201800037567,NonLethal,NightStreelightsOn,Yes,NoIntersection,LightRain,Other,1,Thursday,3,False,True
201800025330,NonLethal,Daylight,Yes,Roundabout,Overcast,2Vehicles-Side,5,Saturday,7,True,False
201800042482,NonLethal,TwilightOrDawn,Yes,X-type,Normal,2Vehicles-Side,7,Monday,5,False,True
201800057083,NonLethal,Daylight,Yes,NoIntersection,Normal,2Vehicles-Side,10,Tuesday,10,False,False
201800053139,NonLethal,Daylight,Yes,X-type,Normal,Other,6,Sunday,14,True,False
201800034016,NonLethal,NightStreelightsOn,Yes,X-type,Normal,2Vehicles-Side,5,Monday,23,False,False
201800053002,NonLethal,Daylight,Yes,NoIntersection,Normal,2Vehicles-Behind,7,Thursday,16,False,False
201800028770,NonLethal,NightStreelightsOn,Yes,Roundabout,Normal,NoCollision,8,Saturday,1,True,True
201800008812,NonLethal,Daylight,Yes,NoIntersection,Normal,Other,4,Friday,15,False,False
201800010814,NonLethal,Daylight,No,NoIntersection,Normal,NoCollision,7,Friday,13,False,False
201800025352,NonLethal,NightStreelightsOn,Yes,T-type,Normal,3+Vehicles-Multiple,5,Sunday,3,True,True
201800025182,NonLethal,NightStreelightsOn,Yes,Roundabout,Normal,NoCollision,6,Friday,0,False,True
201800049535,NonLethal,Daylight,No,NoIntersection,LightRain,3+Vehicles-Multiple,2,Thursday,8,False,False
201800037835,NonLethal,Daylight,Yes,NoIntersection,Normal,2Vehicles-Side,7,Tuesday,16,False,False
201800049937,NonLethal,Daylight,No,NoIntersection,Normal,2Vehicles-Behind,7,Saturday,14,True,False
201800034220,NonLethal,Daylight,Yes,Other,Normal,3+Vehicles-Multiple,5,Thursday,8,False,False
201800057735,NonLethal,Daylight,Yes,NoIntersection,Normal,Other,10,Wednesday,11,False,False
201800002755,NonLethal,Daylight,No,T-type,Normal,2Vehicles-Behind,5,Monday,14,False,False
201800050955,NonLethal,Daylight,Yes,NoIntersection,Normal,Other,12,Wednesday,16,False,False
201800029997,NonLethal,Daylight,No,X-type,Normal,NoCollision,8,Thursday,19,False,False
201800047308,NonLethal,NightStreelightsOn,Yes,NoIntersection,Normal,3+Vehicles-Chain,5,Tuesday,18,False,False
201800056468,Lethal,NightNoStreetLight,No,NoIntersection,Normal,Other,9,Tuesday,19,False,False
201800045484,NonLethal,Daylight,No,NoIntersection,Normal,Other,11,Thursday,16,False,False
201800038147,NonLethal,Daylight,Yes,T-type,Normal,Other,10,Tuesday,16,False,False
201800006406,Lethal,Daylight,No,NoIntersection,Normal,2Vehicles-BehindVehicles-Frontal,12,Sunday,12,True,False
201800017144,NonLethal,Daylight,No,NoIntersection,LightRain,3+Vehicles-Chain,4,Monday,8,False,False
201800020385,Lethal,Daylight,No,NoIntersection,HeavyRain,2Vehicles-Side,3,Thursday,14,False,False
201800030581,NonLethal,Daylight,Yes,T-type,Overcast,NoCollision,6,Sunday,16,True,False
201800028619,NonLethal,NightStreelightsOn,Yes,Y-type,LightRain,Other,4,Sunday,1,True,True
201800050949,NonLethal,Daylight,Yes,X-type,LightRain,Other,11,Wednesday,10,False,False
201800022791,NonLethal,Daylight,No,Y-type,Normal,2Vehicles-Side,7,Wednesday,17,False,False
201800054365,NonLethal,Daylight,Yes,NoIntersection,Normal,Other,3,Thursday,12,False,False
201800051216,NonLethal,Daylight,Yes,NoIntersection,Overcast,2Vehicles-Side,3,Saturday,9,True,False
201800037713,NonLethal,Daylight,Yes,T-type,Normal,2Vehicles-Side,8,Friday,8,False,False
201800055807,NonLethal,Daylight,No,NoIntersection,Normal,Other,12,Tuesday,7,False,False
201800031460,NonLethal,Daylight,No,NoIntersection,Normal,3+Vehicles-Chain,6,Tuesday,13,False,False
201800023455,NonLethal,Daylight,No,NoIntersection,Normal,NoCollision,6,Tuesday,17,False,False
201800033148,NonLethal,Daylight,Yes,Roundabout,Normal,2Vehicles-Side,8,Tuesday,20,False,False
201800043442,NonLethal,Daylight,Yes,NoIntersection,Normal,2Vehicles-Side,5,Saturday,19,True,False
201800037673,NonLethal,Daylight,Yes,X-type,Normal,Other,7,Tuesday,14,False,False
201800034303,NonLethal,Daylight,Yes,X-type,Normal,2Vehicles-Side,11,Thursday,13,False,False
201800040430,NonLethal,Daylight,Yes,NoIntersection,Overcast,3+Vehicles-Chain,7,Friday,19,False,False
201800005691,NonLethal,Daylight,Yes,NoIntersection,Normal,2Vehicles-Behind,6,Monday,11,False,False
201800053504,NonLethal,Daylight,Yes,NoIntersection,Normal,2Vehicles-Behind,6,Saturday,13,True,False
201800007944,NonLethal,Daylight,No,Roundabout,Normal,2Vehicles-Side,8,Friday,8,False,False
201800045116,NonLethal,Daylight,No,NoIntersection,Normal,2Vehicles-Side,8,Wednesday,19,False,False
201800034784,NonLethal,Daylight,Yes,NoIntersection,Normal,Other,3,Friday,7,False,False
201800008406,NonLethal,Daylight,Yes,T-type,LightRain,2Vehicles-Side,1,Friday,13,False,False
201800051557,NonLethal,Daylight,Yes,X-type,Normal,Other,9,Wednesday,18,False,False
201800040356,NonLethal,Daylight,Yes,NoIntersection,Normal,2Vehicles-Side,10,Friday,16,False,False
201800022864,NonLethal,Daylight,No,NoIntersection,Normal,3+Vehicles-Multiple,6,Friday,12,False,False
201800016459,NonLethal,NightNoStreetLight,No,NoIntersection,FogOrSmoke,NoCollision,5,Wednesday,6,False,True
201800037425,NonLethal,Daylight,Yes,NoIntersection,Normal,Other,6,Monday,14,False,False
201800023549,NonLethal,NightNoStreetLight,No,NoIntersection,HeavyRain,2Vehicles-Behind,1,Thursday,3,False,True
201800011524,NonLethal,Daylight,Yes,Other,Overcast,Other,10,Monday,12,False,False
201800004654,NonLethal,Daylight,Yes,X-type,Normal,2Vehicles-Side,6,Saturday,9,True,False
201800005975,NonLethal,Daylight,No,NoIntersection,Normal,Other,12,Saturday,13,True,False
201800033224,NonLethal,NightNoStreetLight,No,NoIntersection,LightRain,Other,3,Thursday,20,False,False
201800038030,NonLethal,Daylight,Yes,NoIntersection,HeavyRain,NoCollision,5,Tuesday,20,False,False
201800019015,NonLethal,Daylight,Yes,NoIntersection,Normal,2Vehicles-BehindVehicles-Frontal,10,Friday,14,False,False
201800049685,NonLethal,Daylight,No,NoIntersection,Normal,3+Vehicles-Chain,2,Wednesday,11,False,False
201800010081,NonLethal,NightStreelightsOn,Yes,X-type,Normal,2Vehicles-Side,11,Saturday,2,True,True
201800028543,NonLethal,Daylight,Yes,NoIntersection,Normal,2Vehicles-Side,9,Wednesday,12,False,False
201800023761,NonLethal,NightNoStreetLight,Yes,NoIntersection,Normal,2Vehicles-Behind,11,Tuesday,7,False,False
201800042821,NonLethal,Daylight,Yes,Square,Normal,NoCollision,12,Sunday,10,True,False
201800001196,NonLethal,NightNoStreetLight,No,T-type,LightRain,2Vehicles-Behind,3,Saturday,5,True,True
201800049246,NonLethal,Daylight,No,NoIntersection,Normal,3+Vehicles-Chain,9,Wednesday,8,False,False
201800051078,NonLethal,Daylight,Yes,Square,Normal,2Vehicles-Side,5,Friday,10,False,False
201800034478,NonLethal,NightStreelightsOn,Yes,X-type,Normal,NoCollision,8,Monday,23,False,False
201800056847,Lethal,Daylight,Yes,NoIntersection,Normal,NoCollision,1,Saturday,16,True,False
201800045325,NonLethal,Daylight,No,NoIntersection,Normal,Other,10,Thursday,9,False,False
201800038407,NonLethal,Daylight,Yes,X-type,SnowOrHail,Other,6,Saturday,8,True,False
201800041479,NonLethal,Daylight,Yes,NoIntersection,Normal,2Vehicles-Side,2,Friday,12,False,False
201800022132,NonLethal,Daylight,Yes,X-type,Normal,2Vehicles-Side,10,Thursday,18,False,False
201800030497,NonLethal,Daylight,Yes,Other,Normal,Other,12,Wednesday,10,False,False
201800002539,NonLethal,Daylight,No,NoIntersection,Normal,3+Vehicles-Chain,6,Thursday,8,False,False
201800027612,NonLethal,NightNoStreetLight,No,Roundabout,Normal,Other,9,Tuesday,22,False,False
201800007262,NonLethal,Daylight,No,NoIntersection,Normal,Other,7,Friday,16,False,False
201800004608,NonLethal,Daylight,Yes,Other,Normal,Other,9,Sunday,12,True,False
201800039740,NonLethal,Daylight,Yes,X-type,Normal,Other,9,Wednesday,18,False,False
201800026934,NonLethal,Daylight,Yes,T-type,Normal,Other,9,Wednesday,12,False,False
201800014358,Lethal,Daylight,No,NoIntersection,Normal,2Vehicles-Side,1,Saturday,19,True,False
201800009740,NonLethal,TwilightOrDawn,Yes,NoIntersection,Normal,2Vehicles-Side,9,Sunday,19,True,False
201800024131,NonLethal,TwilightOrDawn,No,NoIntersection,Normal,NoCollision,4,Thursday,20,False,False
201800000019,NonLethal,Daylight,No,T-type,VeryGood,2Vehicles-Behind,4,Tuesday,16,False,False
201800009693,NonLethal,Daylight,Yes,NoIntersection,Normal,Other,9,Tuesday,16,False,False
201800006194,Lethal,TwilightOrDawn,No,NoIntersection,FogOrSmoke,2Vehicles-Side,6,Saturday,8,True,False
201800053441,NonLethal,Daylight,Yes,Roundabout,Normal,Other,8,Tuesday,16,False,False
201800045115,NonLethal,Daylight,No,NoIntersection,Normal,2Vehicles-Side,8,Wednesday,9,False,False
201800052106,NonLethal,Daylight,Yes,NoIntersection,Normal,Other,7,Sunday,17,True,False
201800004845,NonLethal,Daylight,Yes,NoIntersection,Normal,Other,1,Monday,15,False,False
201800018068,NonLethal,Daylight,No,NoIntersection,Normal,3+Vehicles-Multiple,12,Friday,8,False,False
201800051800,NonLethal,Daylight,Yes,T-type,Normal,Other,3,Friday,16,False,False
201800015919,NonLethal,TwilightOrDawn,Yes,NoIntersection,Normal,Other,6,Friday,19,False,False
201800039803,NonLethal,Daylight,Yes,NoIntersection,Normal,Other,5,Sunday,14,True,False
201800001131,NonLethal,TwilightOrDawn,Yes,Roundabout,Normal,Other,9,Thursday,7,False,False
201800021347,NonLethal,Daylight,Yes,NoIntersection,Normal,NoCollision,5,Thursday,17,False,False
201800044338,NonLethal,TwilightOrDawn,No,NoIntersection,Normal,2Vehicles-Behind,10,Monday,17,False,False
201800042818,NonLethal,Daylight,Yes,X-type,Overcast,2Vehicles-Side,1,Tuesday,11,False,False
201800019912,NonLethal,Daylight,No,NoIntersection,Normal,2Vehicles-BehindVehicles-Frontal,2,Wednesday,16,False,False
201800011188,NonLethal,Daylight,No,NoIntersection,Normal,NoCollision,6,Friday,14,False,False
201800055941,Lethal,NightNoStreetLight,Yes,NoIntersection,Normal,2Vehicles-BehindVehicles-Frontal,6,Friday,18,False,False
201800040410,NonLethal,Daylight,Yes,T-type,Normal,2Vehicles-Side,4,Friday,7,False,False
201800008097,NonLethal,Daylight,Yes,NoIntersection,Normal,Other,11,Tuesday,12,False,False
201800021309,Lethal,TwilightOrDawn,No,NoIntersection,Normal,Other,11,Monday,7,False,False
201800018543,NonLethal,Daylight,No,X-type,Normal,3+Vehicles-Multiple,5,Saturday,15,True,False
201800025231,NonLethal,Daylight,Yes,NoIntersection,Normal,Other,12,Sunday,8,True,False
201800041073,NonLethal,NightStreelightsOn,Yes,X-type,Normal,2Vehicles-Side,5,Friday,6,False,True
201800002785,NonLethal,NightNoStreetLight,No,NoIntersection,StrongWindOrStorm,NoCollision,12,Saturday,17,True,False
201800010363,NonLethal,Daylight,Yes,NoIntersection,Normal,3+Vehicles-Chain,12,Friday,16,False,False
201800038763,NonLethal,Daylight,Yes,NoIntersection,Normal,2Vehicles-Behind,6,Thursday,9,False,False
201800005095,NonLethal,Daylight,Yes,NoIntersection,Normal,2Vehicles-Side,12,Sunday,11,True,False
201800049843,NonLethal,Daylight,No,NoIntersection,Normal,2Vehicles-Behind,5,Friday,15,False,False
201800016916,Lethal,Daylight,No,X-type,VeryGood,2Vehicles-Side,12,Friday,17,False,False
201800053347,NonLethal,Daylight,Yes,T-type,Normal,2Vehicles-Behind,4,Saturday,13,True,False
201800001777,NonLethal,TwilightOrDawn,Yes,Roundabout,Normal,2Vehicles-Side,3,Monday,19,False,False
201800035306,NonLethal,NightNoStreetLight,No,X-type,Normal,2Vehicles-Behind,11,Monday,19,False,False
201800007280,NonLethal,NightStreelightsOn,Yes,T-type,Overcast,2Vehicles-Side,12,Wednesday,20,False,False
201800036713,NonLethal,NightStreelightsOn,No,NoIntersection,Normal,Other,5,Tuesday,4,False,True
201800006412,NonLethal,Daylight,No,NoIntersection,Normal,3+Vehicles-Chain,8,Tuesday,14,False,False
201800007419,NonLethal,Daylight,Yes,NoIntersection,Normal,Other,9,Thursday,7,False,False
201800001931,NonLethal,NightStreelightsOn,Yes,NoIntersection,Normal,2Vehicles-Side,11,Saturday,23,True,False
201800047790,NonLethal,NightStreelightsOn,Yes,NoIntersection,LightRain,Other,9,Tuesday,7,False,False
201800015477,NonLethal,Daylight,Yes,T-type,VeryGood,2Vehicles-BehindVehicles-Frontal,9,Friday,18,False,False
201800045499,NonLethal,Daylight,No,NoIntersection,LightRain,Other,11,Sunday,12,True,False
201800040922,NonLethal,TwilightOrDawn,Yes,NoIntersection,Normal,2Vehicles-Side,8,Monday,5,False,True
201800047870,NonLethal,NightStreelightsOn,Yes,X-type,Normal,2Vehicles-Side,12,Saturday,2,True,True
201800015703,NonLethal,NightNoStreetLight,No,NoIntersection,Normal,2Vehicles-BehindVehicles-Frontal,10,Wednesday,18,False,False
201800026085,NonLethal,NightStreelightsOff,Yes,T-type,Normal,2Vehicles-Side,2,Sunday,3,True,True
201800045110,NonLethal,Daylight,No,NoIntersection,Normal,Other,7,Monday,8,False,False
201800007710,Lethal,NightNoStreetLight,No,NoIntersection,Normal,2Vehicles-Behind,3,Thursday,20,False,False