AccidentId,Gravity,Light,InAgglomeration,IntersectionType,Weather,CollisionType,Month,DayOfWeek,HourOfDay,IsWeekend,IsNight
201800047823,NonLethal,NightStreelightsOn,Yes,NoIntersection,Normal,2Vehicles-Side,11,Wednesday,19,False,False
201800044353,NonLethal,NightStreelightsOn,No,NoIntersection,Normal,2Vehicles-Behind,5,Friday,20,False,False
201800046566,NonLethal,Daylight,No,NoIntersection,Normal,Other,5,Friday,11,False,False
201800034338,NonLethal,NightNoStreetLight,No,NoIntersection,LightRain,Other,10,Tuesday,3,False,True
201800032058,NonLethal,Daylight,Yes,NoIntersection,Normal,Other,3,Tuesday,17,False,False
201800018337,NonLethal,Daylight,No,NoIntersection,Normal,2Vehicles-BehindVehicles-Frontal,7,Wednesday,12,False,False
201800042598,NonLethal,NightStreelightsOn,Yes,T-type,Overcast,2Vehicles-Side,10,Friday,20,False,False
201800002206,NonLethal,Daylight,No,NoIntersection,Normal,NoCollision,6,Sunday,17,True,False
201800010786,Lethal,Daylight,No,NoIntersection,Unknown,NoCollision,3,Wednesday,12,False,False
201800032703,NonLethal,Daylight,Yes,Roundabout,Normal,2Vehicles-Side,5,Friday,12,False,False
201800049635,NonLethal,Daylight,No,NoIntersection,Normal,2Vehicles-Behind,5,Tuesday,15,False,False
201800003901,NonLethal,NightStreelightsOn,Yes,NoIntersection,Normal,2Vehicles-Behind,10,Monday,1,False,True
201800014872,NonLethal,NightStreelightsOn,Yes,NoIntersection,Normal,2Vehicles-Side,1,Saturday,18,True,False
201800029558,NonLethal,Daylight,Yes,NoIntersection,Normal,Other,7,Friday,15,False,False
201800001449,NonLethal,Daylight,No,X-type,Normal,2Vehicles-Side,10,Sunday,12,True,False
201800015830,NonLethal,NightNoStreetLight,No,X-type,LightRain,2Vehicles-Side,6,Friday,22,False,False
201800004260,NonLethal,Daylight,Yes,NoIntersection,Normal,Other,7,Thursday,17,False,False
201800005044,NonLethal,Daylight,Yes,Roundabout,LightRain,2Vehicles-Side,3,Saturday,17,True,False
201800042899,NonLethal,NightStreelightsOn,Yes,NoIntersection,Normal,Other,7,Sunday,5,True,True
201800002871,NonLethal,Daylight,No,NoIntersection,Normal,2Vehicles-BehindVehicles-Frontal,9,Monday,18,False,False
201800005335,NonLethal,Daylight,Yes,NoIntersection,Normal,2Vehicles-BehindVehicles-Frontal,8,Thursday,17,False,False
201800056471,Lethal,NightNoStreetLight,Yes,NoIntersection,Normal,Other,4,Saturday,23,True,False
201800019477,NonLethal,Daylight,No,NoIntersection,Normal,NoCollision,2,Monday,15,False,False
201800048833,NonLethal,Daylight,No,NoIntersection,Normal,Other,3,Saturday,10,True,False
201800027919,NonLethal,Daylight,Yes,NoIntersection,Normal,2Vehicles-Side,8,Thursday,17,False,False
201800010423,NonLethal,Daylight,Yes,NoIntersection,Normal,2Vehicles-Behind,10,Tuesday,9,False,False
201800057448,NonLethal,Daylight,No,NoIntersection,Normal,Other,5,Tuesday,14,False,False
201800052694,NonLethal,Daylight,Yes,NoIntersection,LightRain,Other,3,Tuesday,9,False,False
201800002987,NonLethal,Daylight,Yes,T-type,Normal,2Vehicles-Side,7,Thursday,15,False,False
201800010534,NonLethal,Daylight,Yes,Other,Normal,2Vehicles-BehindVehicles-Frontal,5,Tuesday,18,False,False
201800033721,NonLethal,NightStreelightsOn,Yes,NoIntersection,Normal,2Vehicles-Side,2,Sunday,5,True,True
201800022954,NonLethal,Daylight,Yes,Roundabout,VeryGood,3+Vehicles-Multiple,3,Tuesday,12,False,False
201800036342,NonLethal,Daylight,Yes,NoIntersection,Normal,Other,4,Saturday,18,True,False
201800036230,NonLethal,NightStreelightsOn,Yes,NoIntersection,Normal,Other,11,Sunday,18,True,False
201800051053,NonLethal,Daylight,Yes,NoIntersection,Normal,2Vehicles-Side,4,Friday,17,False,False
201800027357,NonLethal,Daylight,Yes,NoIntersection,Normal,2Vehicles-Side,6,Wednesday,15,False,False
201800053502,NonLethal,NightStreelightsOn,Yes,NoIntersection,Normal,2Vehicles-Behind,9,Wednesday,22,False,False
201800001226,NonLethal,Daylight,No,X-type,Normal,2Vehicles-Side,5,Friday,15,False,False
201800038036,NonLethal,Daylight,Yes,NoIntersection,Normal,Other,7,Wednesday,11,False,False
201800011960,NonLethal,Daylight,No,NoIntersection,Normal,Other,3,Saturday,16,True,False
201800002517,NonLethal,Daylight,No,NoIntersection,Normal,Other,12,Thursday,14,False,False
201800001331,NonLethal,Daylight,No,NoIntersection,Normal,2Vehicles-BehindVehicles-Frontal,4,Monday,9,False,False
201800011879,Lethal,NightNoStreetLight,No,NoIntersection,FogOrSmoke,Other,10,Sunday,7,True,False
201800035188,NonLethal,NightStreelightsOn,Yes,NoIntersection,LightRain,Other,12,Tuesday,17,False,False
201800026412,NonLethal,Daylight,Yes,NoIntersection,LightRain,2Vehicles-Side,9,Thursday,9,False,False
201800027962,NonLethal,Daylight,Yes,X-type,Normal,2Vehicles-Side,3,Wednesday,14,False,False
201800023039,NonLethal,TwilightOrDawn,Yes,Roundabout,Normal,2Vehicles-Side,4,Thursday,6,False,True
201800021980,NonLethal,NightNoStreetLight,No,X-type,Normal,2Vehicles-Side,10,Wednesday,19,False,False
201800020978,NonLethal,Daylight,Yes,NoIntersection,VeryGood,2Vehicles-Side,4,Wednesday,14,False,False
201800055928,NonLethal,TwilightOrDawn,No,T-type,Normal,2Vehicles-BehindVehicles-Frontal,4,Tuesday,6,False,True
201800028909,NonLethal,Daylight,Yes,X-type,Normal,2Vehicles-Side,11,Sunday,15,True,False
201800003164,NonLethal,Daylight,Yes,NoIntersection,Normal,Other,12,Tuesday,8,False,False
201800051084,NonLethal,NightStreelightsOn,Yes,X-type,HeavyRain,2Vehicles-Side,5,Tuesday,22,False,False
201800037675,NonLethal,Daylight,Yes,NoIntersection,LightRain,Other,8,Friday,15,False,False
201800031022,NonLethal,NightStreelightsOn,Yes,NoIntersection,LightRain,Other,7,Saturday,2,True,True
201800012270,NonLethal,Daylight,No,NoIntersection,Normal,Other,8,Friday,14,False,False
201800000091,NonLethal,Daylight,Yes,T-type,Normal,Other,6,Tuesday,16,False,False
201800043818,NonLethal,NightNoStreetLight,No,Other,Normal,2Vehicles-Side,1,Tuesday,18,False,False
201800028217,NonLethal,Daylight,Yes,Roundabout,Normal,Other,11,Wednesday,15,False,False
201800021787,NonLethal,Daylight,Yes,NoIntersection,VeryGood,2Vehicles-BehindVehicles-Frontal,1,Tuesday,13,False,False
201800044527,NonLethal,NightNoStreetLight,No,NoIntersection,Normal,2Vehicles-Behind,1,Saturday,20,True,False
201800010320,NonLethal,Daylight,Yes,NoIntersection,Normal,Other,11,Friday,8,False,False
201800019060,NonLethal,Daylight,No,NoIntersection,Normal,2Vehicles-BehindVehicles-Frontal,5,Sunday,8,True,False
201800026124,NonLethal,Daylight,Yes,NoIntersection,Normal,Other,5,Saturday,16,True,False
201800054300,NonLethal,NightStreelightsOn,Yes,X-type,Normal,2Vehicles-Side,12,Tuesday,19,False,False
201800047034,NonLethal,Daylight,No,NoIntersection,LightRain,Other,11,Sunday,14,True,False
201800054098,NonLethal,TwilightOrDawn,Yes,Y-type,Normal,2Vehicles-Behind,5,Friday,5,False,True
201800011449,Lethal,Daylight,No,NoIntersection,Normal,NoCollision,5,Friday,15,False,False
201800035312,NonLethal,NightNoStreetLight,No,NoIntersection,Normal,2Vehicles-BehindVehicles-Frontal,12,Saturday,6,True,True
201800056863,NonLethal,Daylight,Yes,X-type,Normal,2Vehicles-Side,11,Saturday,7,True,False
201800040828,NonLethal,Daylight,Yes,X-type,Overcast,2Vehicles-Side,5,Thursday,16,False,False
201800035326,NonLethal,Daylight,Yes,X-type,Normal,Other,9,Friday,17,False,False
201800033194,NonLethal,Daylight,Yes,NoIntersection,Normal,Other,11,Wednesday,8,False,False
201800056020,NonLethal,NightStreelightsOn,Yes,T-type,Normal,2Vehicles-Side,2,Friday,19,False,False
201800052370,NonLethal,NightStreelightsOn,Yes,NoIntersection,Normal,Other,3,Monday,0,False,True
201800028883,NonLethal,NightStreelightsOn,Yes,Roundabout,LightRain,2Vehicles-Side,12,Thursday,7,False,False
201800036957,NonLethal,NightStreelightsOn,Yes,NoIntersection,Normal,Other,2,Thursday,19,False,False
201800010968,NonLethal,NightNoStreetLight,No,NoIntersection,Normal,2Vehicles-BehindVehicles-Frontal,9,Wednesday,2,False,True
201800031410,Lethal,Daylight,No,NoIntersection,Normal,NoCollision,4,Friday,12,False,False
201800055598,NonLethal,Daylight,Yes,NoIntersection,Normal,2Vehicles-Side,9,Thursday,10,False,False
201800011920,NonLethal,NightNoStreetLight,No,NoIntersection,Normal,2Vehicles-Side,3,Wednesday,19,False,False
201800021088,NonLethal,Daylight,Yes,NoIntersection,LightRain,Other,12,Thursday,13,False,False
201800020973,NonLethal,Daylight,Yes,T-type,Normal,2Vehicles-Side,4,Thursday,15,False,False
201800054950,NonLethal,Daylight,Yes,NoIntersection,Normal,3+Vehicles-Chain,3,Tuesday,16,False,False
201800029053,NonLethal,Daylight,Yes,NoIntersection,LightRain,2Vehicles-Side,9,Monday,19,False,False
201800008198,NonLethal,Daylight,Yes,NoIntersection,Normal,2Vehicles-Behind,11,Thursday,10,False,False
201800020034,NonLethal,Daylight,Yes,NoIntersection,Overcast,NoCollision,5,Saturday,19,True,False
201800013559,NonLethal,NightNoStreetLight,No,NoIntersection,Normal,Other,9,Sunday,2,True,True
201800013833,NonLethal,Daylight,No,NoIntersection,VeryGood,Other,6,Saturday,10,True,False
201800014379,NonLethal,Daylight,No,X-type,Normal,2Vehicles-Side,6,Monday,14,False,False
201800035243,NonLethal,Daylight,Yes,Roundabout,LightRain,2Vehicles-Side,1,Sunday,15,True,False
201800008821,NonLethal,NightStreelightsOn,Yes,X-type,Normal,Other,4,Saturday,23,True,False
201800036401,NonLethal,Daylight,Yes,NoIntersection,Normal,NoCollision,2,Tuesday,7,False,False
201800015691,Lethal,Daylight,No,NoIntersection,Normal,Other,5,Sunday,15,True,False
201800047706,NonLethal,Daylight,Yes,NoIntersection,Normal,2Vehicles-Side,9,Saturday,17,True,False
201800027263,NonLethal,Daylight,Yes,NoIntersection,Overcast,Other,4,Friday,17,False,False
201800008620,NonLethal,Daylight,Yes,NoIntersection,Normal,Other,1,Wednesday,11,False,False
201800006592,NonLethal,Daylight,No,NoIntersection,LightRain,NoCollision,2,Thursday,10,False,False
201800007930,NonLethal,Daylight,Yes,NoIntersection,Overcast,Other,5,Tuesday,13,False,False
201800042060,NonLethal,NightStreelightsOn,Yes,NoIntersection,LightRain,NoCollision,11,Thursday,6,False,True
201800057356,NonLethal,Daylight,Yes,Y-type,Normal,2Vehicles-Side,4,Monday,11,False,False
201800051195,NonLethal,Daylight,Yes,T-type,Normal,2Vehicles-Side,9,Monday,12,False,False
201800041648,NonLethal,NightStreelightsOn,Yes,NoIntersection,Normal,2Vehicles-Side,1,Sunday,2,True,True
201800036506,NonLethal,Daylight,Yes,NoIntersection,LightRain,2Vehicles-Behind,10,Thursday,15,False,False
201800014853,NonLethal,Daylight,No,NoIntersection,Normal,2Vehicles-Side,4,Sunday,16,True,False
201800012192,NonLethal,Daylight,No,Roundabout,Normal,NoCollision,8,Tuesday,18,False,False
201800044198,NonLethal,NightStreelightsOn,No,NoIntersection,Normal,2Vehicles-Side,2,Friday,4,False,True
201800055242,NonLethal,Daylight,Yes,NoIntersection,Normal,3+Vehicles-Chain,1,Tuesday,9,False,False
201800014562,NonLethal,Daylight,No,NoIntersection,Normal,NoCollision,4,Sunday,10,True,False
201800052403,NonLethal,Daylight,Yes,NoIntersection,Normal,Other,4,Wednesday,16,False,False
201800015174,NonLethal,NightNoStreetLight,No,NoIntersection,Normal,2Vehicles-BehindVehicles-Frontal,7,Saturday,23,True,False
201800011680,Lethal,NightNoStreetLight,No,NoIntersection,Normal,NoCollision,12,Thursday,3,False,True
201800033239,NonLethal,Daylight,No,NoIntersection,Overcast,3+Vehicles-Multiple,10,Monday,15,False,False
201800046134,NonLethal,NightStreelightsOff,No,NoIntersection,Normal,2Vehicles-Behind,5,Thursday,18,False,False
201800045766,NonLethal,Daylight,No,NoIntersection,Normal,NoCollision,3,Friday,11,False,False
201800001798,NonLethal,Daylight,No,NoIntersection,Normal,2Vehicles-BehindVehicles-Frontal,5,Saturday,18,True,False
201800010904,NonLethal,Daylight,No,NoIntersection,Normal,2Vehicles-BehindVehicles-Frontal,9,Wednesday,12,False,False
201800022906,NonLethal,NightNoStreetLight,Yes,NoIntersection,Normal,2Vehicles-Side,1,Saturday,21,True,False
201800029800,NonLethal,Daylight,Yes,NoIntersection,Normal,Other,12,Tuesday,14,False,False
201800042084,NonLethal,Daylight,Yes,NoIntersection,Normal,2Vehicles-Side,11,Sunday,8,True,False
201800028505,NonLethal,Daylight,Yes,NoIntersection,Normal,3+Vehicles-Chain,8,Thursday,14,False,False
201800000683,NonLethal,Daylight,Yes,NoIntersection,VeryGood,Other,3,Friday,10,False,False
201800036113,NonLethal,Daylight,Yes,NoIntersection,Normal,Other,6,Wednesday,11,False,False
201800027056,NonLethal,Daylight,Yes,X-type,Normal,2Vehicles-Side,6,Sunday,19,True,False
201800004189,NonLethal,Daylight,No,NoIntersection,Normal,2Vehicles-BehindVehicles-Frontal,7,Thursday,12,False,False
201800028235,NonLethal,Daylight,No,NoIntersection,Overcast,3+Vehicles-Multiple,5,Tuesday,18,False,False
201800026659,NonLethal,NightNoStreetLight,No,NoIntersection,Normal,Other,6,Friday,23,False,False
201800009742,NonLethal,Daylight,Yes,Y-type,Normal,Other,9,Thursday,9,False,False
201800033978,NonLethal,Daylight,Yes,NoIntersection,Normal,Other,4,Monday,11,False,False
201800023474,NonLethal,Daylight,Yes,Roundabout,Normal,Other,6,Sunday,17,True,False
201800000221,NonLethal,Daylight,No,Roundabout,SnowOrHail,NoCollision,1,Wednesday,9,False,False
201800003191,Lethal,TwilightOrDawn,No,NoIntersection,Normal,Other,7,Sunday,5,True,True
201800036661,NonLethal,Daylight,Yes,NoIntersection,Normal,2Vehicles-Behind,10,Saturday,10,True,False
201800052546,NonLethal,Daylight,Yes,T-type,Normal,Other,9,Sunday,11,True,False
201800009681,NonLethal,Daylight,Yes,NoIntersection,Normal,2Vehicles-Behind,10,Tuesday,8,False,False
201800054404,NonLethal,TwilightOrDawn,Yes,NoIntersection,Normal,2Vehicles-Behind,5,Tuesday,21,False,False
201800004388,Lethal,NightNoStreetLight,No,NoIntersection,Normal,Other,6,Saturday,0,True,True
201800007349,NonLethal,Daylight,Yes,Other,Normal,2Vehicles-Side,6,Saturday,10,True,False
201800016803,NonLethal,Daylight,No,NoIntersection,Normal,2Vehicles-Side,8,Friday,12,False,False
201800035728,NonLethal,Daylight,Yes,T-type,Normal,2Vehicles-Side,2,Saturday,15,True,False
201800016664,NonLethal,TwilightOrDawn,Yes,NoIntersection,Normal,NoCollision,6,Thursday,20,False,False
201800003213,NonLethal,Daylight,Yes,NoIntersection,Normal,Other,6,Sunday,15,True,False
201800019543,NonLethal,Daylight,Yes,NoIntersection,Normal,NoCollision,11,Friday,17,False,False
201800024079,NonLethal,Daylight,Yes,T-type,Normal,3+Vehicles-Multiple,1,Tuesday,12,False,False
201800042670,NonLethal,Daylight,Yes,Other,Normal,3+Vehicles-Multiple,5,Tuesday,18,False,False
201800031687,NonLethal,TwilightOrDawn,Yes,NoIntersection,Normal,Other,3,Saturday,6,True,True
201800033580,NonLethal,NightNoStreetLight,No,NoIntersection,Overcast,NoCollision,11,Tuesday,22,False,False
201800006196,NonLethal,Daylight,No,NoIntersection,Normal,2Vehicles-Behind,2,Thursday,9,False,False
201800036969,NonLethal,NightStreelightsOn,Yes,NoIntersection,Normal,2Vehicles-Side,1,Thursday,20,False,False
201800035690,Lethal,NightStreelightsOn,No,Roundabout,Normal,Other,12,Thursday,0,False,True
201800033694,NonLethal,Daylight,Yes,X-type,Normal,2Vehicles-Side,5,Tuesday,15,False,False
201800035809,NonLethal,Daylight,Yes,X-type,Normal,2Vehicles-Side,9,Friday,11,False,False
201800033940,NonLethal,NightStreelightsOn,Yes,NoIntersection,LightRain,NoCollision,2,Saturday,0,True,True
201800030046,NonLethal,TwilightOrDawn,Yes,NoIntersection,Normal,Other,10,Monday,18,False,False
201800047960,NonLethal,Daylight,No,NoIntersection,Normal,2Vehicles-Behind,8,Friday,16,False,False
201800053358,NonLethal,Daylight,Yes,Square,Normal,2Vehicles-Side,5,Friday,18,False,False
201800040030,NonLethal,Daylight,Yes,X-type,Normal,2Vehicles-Side,12,Friday,11,False,False
201800030152,NonLethal,TwilightOrDawn,No,NoIntersection,Normal,Other,12,Saturday,7,True,False
201800042602,NonLethal,Daylight,Yes,NoIntersection,Normal,2Vehicles-Behind,11,Saturday,11,True,False
201800045711,NonLethal,Daylight,No,NoIntersection,LightRain,3+Vehicles-Chain,2,Thursday,12,False,False
201800038584,NonLethal,Daylight,Yes,X-type,Normal,2Vehicles-Side,6,Friday,17,False,False
201800011203,NonLethal,NightNoStreetLight,No,NoIntersection,FogOrSmoke,Other,11,Thursday,22,False,False
201800000726,NonLethal,NightNoStreetLight,No,NoIntersection,Normal,Other,3,Tuesday,20,False,False
201800051619,NonLethal,NightStreelightsOn,Yes,T-type,Normal,2Vehicles-Behind,11,Friday,19,False,False
201800022425,NonLethal,NightStreelightsOn,Yes,Roundabout,LightRain,2Vehicles-Side,12,Thursday,18,False,False
201800013200,NonLethal,Daylight,No,NoIntersection,LightRain,NoCollision,3,Monday,12,False,False
201800032504,NonLethal,Daylight,Yes,NoIntersection,Normal,2Vehicles-Side,12,Friday,7,False,False
201800002349,NonLethal,NightNoStreetLight,No,NoIntersection,Normal,2Vehicles-BehindVehicles-Frontal,11,Friday,22,False,False
201800006158,NonLethal,Daylight,No,NoIntersection,Normal,2Vehicles-Behind,6,Thursday,14,False,False
201800054445,NonLethal,NightStreelightsOn,Yes,NoIntersection,Normal,Other,10,Saturday,2,True,True
201800039710,NonLethal,Daylight,Yes,NoIntersection,Normal,Other,4,Wednesday,18,False,False
201800007196,NonLethal,TwilightOrDawn,No,Other,StrongWindOrStorm,3+Vehicles-Multiple,1,Thursday,18,False,False
201800029012,NonLethal,Daylight,Yes,Roundabout,Normal,2Vehicles-Side,9,Thursday,10,False,False
201800057403,NonLethal,NightStreelightsOn,Yes,Roundabout,Normal,2Vehicles-Side,2,Friday,19,False,False
201800005514,NonLethal,Daylight,Yes,NoIntersection,Normal,NoCollision,4,Monday,9,False,False
201800034936,NonLethal,Daylight,Yes,NoIntersection,Normal,Other,10,Saturday,14,True,False
201800010561,NonLethal,Daylight,Yes,X-type,Normal,Other,6,Saturday,13,True,False
201800009833,NonLethal,NightStreelightsOn,Yes,T-type,Normal,Other,2,Saturday,22,True,False
201800035857,NonLethal,NightNoStreetLight,No,NoIntersection,Normal,NoCollision,2,Saturday,23,True,False
201800042625,NonLethal,NightStreelightsOn,Yes,NoIntersection,LightRain,2Vehicles-Behind,1,Friday,19,False,False
201800050080,NonLethal,NightNoStreetLight,No,NoIntersection,LightRain,Other,10,Sunday,2,True,True
201800028183,NonLethal,Daylight,Yes,NoIntersection,Normal,2Vehicles-Side,12,Monday,12,False,False
201800031088,NonLethal,NightStreelightsOn,Yes,NoIntersection,LightRain,Other,12,Wednesday,8,False,False
201800048066,NonLethal,Daylight,Yes,NoIntersection,Normal,2Vehicles-Behind,2,Friday,14,False,False
201800047651,NonLethal,TwilightOrDawn,Yes,NoIntersection,LightRain,2Vehicles-Side,8,Saturday,20,True,False
201800039537,NonLethal,Daylight,Yes,X-type,Normal,Other,11,Monday,16,False,False
201800013992,NonLethal,Daylight,No,T-type,LightRain,2Vehicles-Side,12,Friday,16,False,False
201800037340,NonLethal,Daylight,Yes,NoIntersection,Normal,NoCollision,12,Thursday,9,False,False
201800045127,NonLethal,Daylight,No,NoIntersection,Normal,NoCollision,6,Friday,16,False,False
201800002428,NonLethal,Daylight,No,NoIntersection,VeryGood,2Vehicles-BehindVehicles-Frontal,6,Friday,15,False,False
201800022124,NonLethal,Daylight,Yes,Roundabout,Normal,2Vehicles-Side,9,Monday,19,False,False
201800022946,NonLethal,NightStreelightsOff,Yes,NoIntersection,Normal,2Vehicles-Side,2,Saturday,0,True,True
201800043407,NonLethal,Daylight,Yes,NoIntersection,Normal,2Vehicles-Behind,2,Friday,12,False,False
201800052159,NonLethal,NightStreelightsOn,Yes,NoIntersection,Normal,Other,9,Wednesday,22,False,False
201800033013,NonLethal,Daylight,Yes,NoIntersection,Normal,2Vehicles-BehindVehicles-Frontal,8,Wednesday,7,False,False
201800044484,NonLethal,Daylight,No,NoIntersection,Normal,Other,12,Saturday,19,True,False
201800028828,NonLethal,NightStreelightsOn,Yes,Roundabout,Normal,NoCollision,10,Monday,22,False,False
201800046090,NonLethal,NightStreelightsOn,No,NoIntersection,Normal,2Vehicles-Behind,9,Monday,3,False,True
201800056907,NonLethal,Daylight,Yes,NoIntersection,Normal,2Vehicles-BehindVehicles-Frontal,4,Monday,13,False,False
201800021447,NonLethal,Daylight,Yes,NoIntersection,Overcast,3+Vehicles-Chain,10,Wednesday,15,False,False
201800047635,NonLethal,Daylight,Yes,NoIntersection,Normal,Other,8,Friday,15,False,False
201800044740,NonLethal,Daylight,No,NoIntersection,Normal,2Vehicles-Side,3,Sunday,18,True,False
201800040950,NonLethal,Daylight,Yes,NoIntersection,Normal,2Vehicles-Side,9,Thursday,16,False,False
201800023070,NonLethal,Daylight,Yes,NoIntersection,Normal,Other,5,Tuesday,10,False,False
201800004509,NonLethal,Daylight,Yes,NoIntersection,Normal,3+Vehicles-Chain,9,Monday,16,False,False
201800036662,NonLethal,TwilightOrDawn,Yes,T-type,Normal,2Vehicles-BehindVehicles-Frontal,6,Monday,21,False,False
201800038226,NonLethal,Daylight,Yes,NoIntersection,Normal,2Vehicles-Behind,9,Wednesday,17,False,False
201800039108,NonLethal,NightStreelightsOn,Yes,X-type,LightRain,NoCollision,3,Thursday,18,False,False
201800051671,NonLethal,Daylight,Yes,NoIntersection,Normal,2Vehicles-Side,2,Monday,9,False,False
201800011219,NonLethal,Daylight,Yes,NoIntersection,Normal,Other,2,Tuesday,10,False,False
201800045881,NonLethal,Daylight,No,NoIntersection,Normal,2Vehicles-Behind,5,Wednesday,18,False,False
201800008813,NonLethal,Daylight,Yes,T-type,Normal,2Vehicles-Side,4,Friday,16,False,False
201800046873,NonLethal,Daylight,No,NoIntersection,Normal,3+Vehicles-Multiple,9,Tuesday,8,False,False
201800034217,NonLethal,Daylight,Yes,X-type,Normal,2Vehicles-Side,4,Thursday,8,False,False
201800001827,NonLethal,Daylight,No,NoIntersection,Normal,Other,4,Thursday,15,False,False
201800001432,NonLethal,Daylight,No,X-type,Normal,2Vehicles-Behind,8,Thursday,17,False,False
201800024516,NonLethal,NightStreelightsOn,Yes,NoIntersection,LightRain,Other,11,Sunday,18,True,False
201800012503,Lethal,NightNoStreetLight,No,NoIntersection,Normal,Other,10,Saturday,23,True,False
201800012611,NonLethal,NightNoStreetLight,No,Y-type,Normal,2Vehicles-BehindVehicles-Frontal,2,Saturday,19,True,False
201800025344,NonLethal,Daylight,Yes,NoIntersection,LightRain,2Vehicles-BehindVehicles-Frontal,5,Tuesday,15,False,False
201800001884,NonLethal,Daylight,No,NoIntersection,Normal,2Vehicles-BehindVehicles-Frontal,9,Saturday,19,True,False
201800037448,NonLethal,Daylight,Yes,X-type,Normal,Other,5,Saturday,20,True,False
201800037631,NonLethal,Daylight,Yes,NoIntersection,Normal,2Vehicles-Side,9,Friday,16,False,False
201800020203,Lethal,NightNoStreetLight,No,NoIntersection,Normal,Other,12,Saturday,6,True,True
201800002056,NonLethal,Daylight,No,NoIntersection,Normal,NoCollision,4,Monday,11,False,False
201800045756,NonLethal,NightNoStreetLight,No,NoIntersection,HeavyRain,Other,11,Saturday,6,True,True
201800003608,NonLethal,Daylight,No,T-type,Normal,3+Vehicles-Multiple,2,Sunday,12,True,False
201800035562,Lethal,NightNoStreetLight,No,NoIntersection,Normal,2Vehicles-BehindVehicles-Frontal,6,Thursday,22,False,False
201800011849,NonLethal,Daylight,No,NoIntersection,Normal,Other,8,Wednesday,19,False,False
201800046620,NonLethal,Daylight,No,NoIntersection,Normal,2Vehicles-Behind,5,Friday,18,False,False
201800024064,NonLethal,NightStreelightsOn,Yes,NoIntersection,LightRain,Other,12,Saturday,21,True,False
201800009777,NonLethal,Daylight,Yes,X-type,Normal,2Vehicles-Side,9,Monday,12,False,False
201800050983,NonLethal,Daylight,Yes,X-type,Overcast,NoCollision,1,Tuesday,13,False,False
201800010751,NonLethal,Daylight,No,NoIntersection,Normal,Other,7,Saturday,21,True,False
201800016818,NonLethal,NightStreelightsOn,No,Roundabout,Normal,3+Vehicles-Chain,11,Tuesday,18,False,False
201800029683,Lethal,Daylight,Yes,X-type,Normal,Other,4,Friday,19,False,False
201800039723,NonLethal,Daylight,Yes,NoIntersection,HeavyRain,2Vehicles-Behind,11,Tuesday,17,False,False
201800015206,NonLethal,Daylight,No,NoIntersection,Normal,NoCollision,4,Friday,15,False,False
201800043171,NonLethal,TwilightOrDawn,Yes,NoIntersection,LightRain,2Vehicles-Side,1,Wednesday,7,False,False
201800041777,NonLethal,Daylight,Yes,T-type,Normal,2Vehicles-Side,7,Monday,18,False,False
201800053633,NonLethal,Daylight,Yes,NoIntersection,Normal,Other,11,Monday,15,False,False
201800038386,NonLethal,Daylight,Yes,Roundabout,Normal,2Vehicles-Side,4,Tuesday,14,False,False
201800026015,NonLethal,Daylight,Yes,NoIntersection,Normal,2Vehicles-BehindVehicles-Frontal,7,Saturday,18,True,False
201800049008,NonLethal,Daylight,No,NoIntersection,Normal,2Vehicles-Behind,9,Wednesday,7,False,False
201800037502,NonLethal,Daylight,Yes,NoIntersection,LightRain,Other,10,Sunday,16,True,False
201800032006,NonLethal,Daylight,Yes,NoIntersection,VeryGood,Other,7,Wednesday,8,False,False
201800037110,NonLethal,Daylight,Yes,T-type,Normal,Other,7,Saturday,21,True,False
201800055129,NonLethal,NightStreelightsOn,Yes,NoIntersection,Normal,Other,9,Friday,4,False,True
201800019055,Lethal,Daylight,No,NoIntersection,Normal,Other,8,Friday,13,False,False
201800008499,Lethal,NightStreelightsOn,Yes,NoIntersection,Normal,Other,2,Saturday,4,True,True
201800008100,Lethal,TwilightOrDawn,Yes,T-type,Normal,2Vehicles-Side,12,Saturday,17,True,False
201800056905,NonLethal,NightStreelightsOn,Yes,Other,Normal,Other,4,Sunday,19,True,False
201800055906,NonLethal,Daylight,Yes,NoIntersection,Normal,2Vehicles-Behind,3,Monday,15,False,False
201800039790,NonLethal,Daylight,Yes,Y-type,Normal,2Vehicles-Side,4,Monday,20,False,False
201800006175,NonLethal,NightNoStreetLight,No,NoIntersection,Normal,Other,9,Saturday,21,True,False
201800047191,NonLethal,NightStreelightsOff,Yes,NoIntersection,Normal,2Vehicles-Side,9,Tuesday,20,False,False
201800032338,NonLethal,TwilightOrDawn,Yes,X-type,FogOrSmoke,Other,1,Saturday,7,True,False
201800002114,NonLethal,Daylight,Yes,NoIntersection,Normal,Other,10,Monday,12,False,False
201800034018,NonLethal,Daylight,Yes,NoIntersection,Normal,2Vehicles-Side,7,Tuesday,8,False,False
201800004927,Lethal,Daylight,No,X-type,Normal,2Vehicles-Side,5,Monday,10,False,False
201800022058,NonLethal,Daylight,Yes,NoIntersection,Normal,3+Vehicles-Chain,5,Friday,17,False,False
201800033125,NonLethal,Daylight,Yes,NoIntersection,Normal,Other,5,Wednesday,16,False,False
201800038758,NonLethal,Daylight,Yes,X-type,Normal,Other,5,Thursday,15,False,False