AccidentId,Gravity,Light,InAgglomeration,IntersectionType,Weather,CollisionType,Month,DayOfWeek,HourOfDay,IsWeekend,IsNight
201800044934,NonLethal,Daylight,No,NoIntersection,Normal,2Vehicles-Side,1,Saturday,16,True,False
201800038598,NonLethal,Daylight,Yes,NoIntersection,Normal,Other,7,Friday,20,False,False
201800006342,NonLethal,TwilightOrDawn,No,NoIntersection,Normal,Other,5,Thursday,4,False,True
201800004112,NonLethal,Daylight,No,NoIntersection,VeryGood,2Vehicles-Behind,8,Monday,10,False,False
201800004868,NonLethal,NightNoStreetLight,No,NoIntersection,Normal,2Vehicles-BehindVehicles-Frontal,1,Friday,3,False,True
201800015954,NonLethal,Daylight,No,NoIntersection,Normal,2Vehicles-BehindVehicles-Frontal,5,Saturday,17,True,False
201800019371,NonLethal,NightStreelightsOn,Yes,NoIntersection,Normal,2Vehicles-BehindVehicles-Frontal,3,Wednesday,19,False,False
201800051098,NonLethal,TwilightOrDawn,Yes,X-type,Normal,2Vehicles-Behind,6,Saturday,21,True,False
201800004848,NonLethal,NightNoStreetLight,No,NoIntersection,Normal,NoCollision,6,Monday,20,False,False
201800013378,NonLethal,Daylight,No,NoIntersection,Normal,NoCollision,9,Friday,18,False,False
201800026691,NonLethal,Daylight,Yes,NoIntersection,Normal,2Vehicles-Behind,10,Thursday,18,False,False
201800044866,NonLethal,Daylight,No,NoIntersection,Normal,Other,10,Friday,17,False,False
201800031881,NonLethal,Daylight,Yes,NoIntersection,Normal,Other,8,Wednesday,18,False,False
201800051613,NonLethal,Daylight,Yes,T-type,LightRain,Other,11,Tuesday,9,False,False
201800034114,NonLethal,NightStreelightsOn,No,X-type,Normal,2Vehicles-Side,11,Saturday,2,True,True
201800016837,NonLethal,Daylight,No,NoIntersection,VeryGood,2Vehicles-Side,9,Tuesday,8,False,False
201800012406,NonLethal,NightNoStreetLight,No,X-type,Normal,2Vehicles-Side,10,Wednesday,19,False,False
201800042554,NonLethal,Daylight,Yes,NoIntersection,Normal,2Vehicles-Behind,8,Tuesday,18,False,False
201800045958,NonLethal,Daylight,No,NoIntersection,Normal,2Vehicles-Behind,6,Friday,8,False,False
201800028986,NonLethal,Daylight,Yes,NoIntersection,Normal,2Vehicles-BehindVehicles-Frontal,7,Wednesday,16,False,False
201800025632,NonLethal,Daylight,Yes,NoIntersection,Normal,2Vehicles-Behind,9,Wednesday,14,False,False
201800043616,NonLethal,NightStreelightsOn,Yes,NoIntersection,Normal,2Vehicles-Side,12,Friday,17,False,False
201800010493,NonLethal,Daylight,No,NoIntersection,Normal,Other,1,Tuesday,8,False,False
201800047111,NonLethal,NightNoStreetLight,No,NoIntersection,Normal,2Vehicles-Behind,10,Friday,18,False,False
201800011364,NonLethal,NightNoStreetLight,Yes,NoIntersection,Normal,Other,7,Thursday,3,False,True
201800003615,NonLethal,Daylight,No,NoIntersection,Normal,NoCollision,4,Sunday,18,True,False
201800051402,NonLethal,Daylight,Yes,NoIntersection,Normal,Other,10,Monday,9,False,False
201800054176,NonLethal,NightStreelightsOff,Yes,X-type,Normal,Other,8,Sunday,22,True,False
201800041976,NonLethal,Daylight,Yes,X-type,VeryGood,Other,4,Wednesday,8,False,False
201800054183,NonLethal,Daylight,Yes,MoreThan4Branches,Normal,Other,8,Monday,13,False,False
201800015286,NonLethal,Daylight,Yes,NoIntersection,Normal,Other,6,Friday,16,False,False
201800000288,NonLethal,TwilightOrDawn,Yes,T-type,Normal,2Vehicles-Side,9,Wednesday,19,False,False
201800018929,NonLethal,NightStreelightsOn,Yes,NoIntersection,Normal,Other,12,Monday,18,False,False
201800034453,NonLethal,Daylight,Yes,NoIntersection,Normal,Other,9,Thursday,17,False,False
201800045222,NonLethal,Daylight,No,NoIntersection,HeavyRain,3+Vehicles-Chain,9,Friday,8,False,False
201800015786,NonLethal,Daylight,No,NoIntersection,Normal,2Vehicles-BehindVehicles-Frontal,7,Saturday,18,True,False
201800052030,NonLethal,Daylight,Yes,NoIntersection,Normal,Other,9,Wednesday,9,False,False
201800034361,NonLethal,NightStreelightsOn,No,Other,Normal,2Vehicles-Behind,5,Wednesday,22,False,False
201800049249,NonLethal,TwilightOrDawn,No,NoIntersection,Normal,3+Vehicles-Multiple,10,Friday,7,False,False
201800004713,NonLethal,Daylight,No,NoIntersection,Other,2Vehicles-BehindVehicles-Frontal,7,Friday,16,False,False
201800022100,NonLethal,Daylight,Yes,NoIntersection,Normal,2Vehicles-Behind,8,Tuesday,18,False,False
201800025827,NonLethal,Daylight,Yes,NoIntersection,Normal,2Vehicles-BehindVehicles-Frontal,8,Wednesday,14,False,False
201800015867,NonLethal,Daylight,No,NoIntersection,Normal,2Vehicles-BehindVehicles-Frontal,7,Tuesday,9,False,False
201800048974,NonLethal,Daylight,No,NoIntersection,Normal,3+Vehicles-Chain,8,Saturday,9,True,False
201800038054,NonLethal,TwilightOrDawn,Yes,T-type,LightRain,Other,11,Monday,8,False,False
201800048024,NonLethal,NightStreelightsOn,Yes,X-type,LightRain,2Vehicles-Side,11,Thursday,20,False,False
201800028315,NonLethal,Daylight,Yes,X-type,Normal,2Vehicles-Side,1,Monday,8,False,False
201800041877,NonLethal,Daylight,Yes,Other,Normal,2Vehicles-Side,6,Thursday,7,False,False
201800002402,NonLethal,Daylight,Yes,NoIntersection,Normal,2Vehicles-BehindVehicles-Frontal,8,Tuesday,8,False,False
201800053394,NonLethal,Daylight,Yes,X-type,Normal,Other,6,Wednesday,14,False,False
201800011375,NonLethal,Daylight,No,NoIntersection,Normal,2Vehicles-BehindVehicles-Frontal,8,Wednesday,6,False,True
201800030067,NonLethal,Daylight,No,NoIntersection,Normal,2Vehicles-Behind,9,Sunday,16,True,False
201800017513,Lethal,Daylight,No,NoIntersection,LightRain,2Vehicles-Side,1,Thursday,9,False,False
201800008381,NonLethal,Daylight,Yes,NoIntersection,Normal,Other,1,Monday,8,False,False
201800009049,NonLethal,Daylight,Yes,NoIntersection,Normal,NoCollision,5,Wednesday,18,False,False
201800000155,NonLethal,TwilightOrDawn,No,NoIntersection,Other,NoCollision,12,Thursday,7,False,False
201800003438,NonLethal,NightNoStreetLight,No,NoIntersection,Normal,NoCollision,1,Friday,3,False,True
201800020171,NonLethal,Daylight,No,NoIntersection,Normal,3+Vehicles-Multiple,3,Monday,14,False,False
201800014778,NonLethal,NightStreelightsOn,Yes,NoIntersection,Normal,Other,11,Sunday,3,True,True
201800008814,NonLethal,Daylight,Yes,NoIntersection,Normal,Other,6,Monday,18,False,False
201800002634,NonLethal,Daylight,No,NoIntersection,Normal,2Vehicles-Side,9,Sunday,17,True,False
201800020288,Lethal,NightNoStreetLight,No,NoIntersection,Normal,2Vehicles-Behind,5,Saturday,4,True,True
201800043625,NonLethal,TwilightOrDawn,Yes,NoIntersection,LightRain,NoCollision,1,Saturday,17,True,False
201800053483,NonLethal,Daylight,Yes,NoIntersection,Normal,2Vehicles-Behind,8,Monday,18,False,False
201800050764,NonLethal,Daylight,Yes,X-type,Normal,2Vehicles-Side,5,Thursday,8,False,False
201800014241,NonLethal,Daylight,No,NoIntersection,VeryGood,2Vehicles-Side,8,Monday,18,False,False
201800034693,NonLethal,Daylight,Yes,NoIntersection,Normal,Other,10,Sunday,17,True,False
201800010841,NonLethal,Daylight,No,NoIntersection,Normal,NoCollision,9,Sunday,17,True,False
201800040289,NonLethal,Daylight,Yes,X-type,Normal,Other,1,Thursday,16,False,False
201800012633,NonLethal,Daylight,Yes,NoIntersection,Normal,NoCollision,6,Saturday,12,True,False
201800051008,NonLethal,TwilightOrDawn,Yes,X-type,Normal,Other,2,Saturday,17,True,False
201800018783,NonLethal,Daylight,Yes,NoIntersection,Normal,2Vehicles-Side,2,Tuesday,8,False,False
201800053823,NonLethal,Daylight,Yes,NoIntersection,Normal,2Vehicles-Side,6,Friday,19,False,False
201800037394,NonLethal,NightStreelightsOn,Yes,T-type,Normal,2Vehicles-Side,11,Thursday,20,False,False
201800001600,NonLethal,Daylight,No,NoIntersection,Normal,Other,8,Sunday,15,True,False
201800008997,NonLethal,TwilightOrDawn,Yes,X-type,LightRain,Other,5,Tuesday,5,False,True
201800028458,NonLethal,Daylight,Yes,NoIntersection,Normal,2Vehicles-Behind,6,Thursday,14,False,False
201800020696,NonLethal,NightStreelightsOn,Yes,T-type,Overcast,2Vehicles-Side,10,Monday,7,False,False
201800050992,NonLethal,NightStreelightsOn,Yes,NoIntersection,Normal,2Vehicles-Side,8,Thursday,23,False,False
201800040352,NonLethal,Daylight,Yes,Other,Normal,2Vehicles-Side,10,Friday,14,False,False
201800039694,NonLethal,TwilightOrDawn,Yes,NoIntersection,Overcast,Other,2,Thursday,17,False,False
201800006746,NonLethal,NightNoStreetLight,No,NoIntersection,Normal,2Vehicles-Behind,4,Thursday,17,False,False
201800027742,NonLethal,Daylight,Yes,NoIntersection,Overcast,2Vehicles-Behind,6,Tuesday,18,False,False
201800030820,NonLethal,Daylight,Yes,NoIntersection,LightRain,3+Vehicles-Chain,6,Tuesday,17,False,False
201800005965,Lethal,Daylight,No,NoIntersection,Normal,2Vehicles-Behind,4,Thursday,14,False,False
201800031057,NonLethal,Daylight,Yes,NoIntersection,Normal,2Vehicles-Side,9,Tuesday,9,False,False
201800012921,Lethal,Daylight,Yes,X-type,Overcast,2Vehicles-BehindVehicles-Frontal,10,Saturday,11,True,False
201800051834,NonLethal,Daylight,Yes,X-type,Normal,Other,10,Monday,10,False,False
201800009803,NonLethal,Daylight,Yes,X-type,Normal,2Vehicles-Side,9,Wednesday,14,False,False
201800014064,NonLethal,TwilightOrDawn,Yes,T-type,Normal,2Vehicles-Side,9,Monday,7,False,False
201800014000,NonLethal,Daylight,No,Other,Normal,NoCollision,9,Saturday,14,True,False
201800036328,NonLethal,NightNoStreetLight,No,NoIntersection,Normal,NoCollision,12,Tuesday,22,False,False
201800018207,NonLethal,NightNoStreetLight,No,NoIntersection,HeavyRain,NoCollision,9,Wednesday,3,False,True
201800019297,NonLethal,NightNoStreetLight,No,NoIntersection,Normal,Other,10,Sunday,0,True,True
201800050229,NonLethal,Daylight,Yes,Y-type,Normal,Other,3,Tuesday,13,False,False
201800034913,NonLethal,Daylight,Yes,T-type,Normal,Other,2,Thursday,21,False,False
201800029258,NonLethal,NightNoStreetLight,No,NoIntersection,LightRain,Other,1,Sunday,21,True,False
201800018482,NonLethal,NightStreelightsOn,Yes,NoIntersection,Overcast,2Vehicles-Side,11,Saturday,17,True,False
201800000214,Lethal,Daylight,Yes,NoIntersection,Normal,Other,6,Thursday,14,False,False
201800040830,NonLethal,Daylight,Yes,NoIntersection,Normal,Other,10,Wednesday,13,False,False
201800027254,NonLethal,Daylight,Yes,X-type,Normal,2Vehicles-Side,4,Saturday,17,True,False
201800034798,NonLethal,Daylight,Yes,X-type,Normal,Other,10,Wednesday,10,False,False
201800024800,NonLethal,Daylight,Yes,Roundabout,Normal,2Vehicles-Side,6,Wednesday,22,False,False
201800023585,Lethal,NightNoStreetLight,No,NoIntersection,Normal,Other,9,Sunday,2,True,True
201800051787,NonLethal,Daylight,Yes,T-type,Normal,2Vehicles-Side,7,Friday,10,False,False
201800051364,NonLethal,Daylight,Yes,X-type,Normal,2Vehicles-Side,6,Wednesday,19,False,False
201800044136,NonLethal,Daylight,No,NoIntersection,Normal,2Vehicles-Side,7,Wednesday,10,False,False
201800000635,NonLethal,NightStreelightsOff,No,Roundabout,StrongWindOrStorm,NoCollision,10,Saturday,2,True,True
201800005065,NonLethal,Daylight,Yes,NoIntersection,Normal,Other,4,Thursday,12,False,False
201800027049,NonLethal,Daylight,No,NoIntersection,Overcast,2Vehicles-BehindVehicles-Frontal,3,Saturday,18,True,False
201800056676,NonLethal,Daylight,Yes,NoIntersection,Normal,Other,1,Saturday,9,True,False
201800038458,NonLethal,Daylight,Yes,NoIntersection,Normal,3+Vehicles-Chain,5,Monday,10,False,False
201800054971,NonLethal,NightStreelightsOn,Yes,X-type,Normal,2Vehicles-Side,7,Wednesday,21,False,False
201800042399,NonLethal,TwilightOrDawn,Yes,Y-type,Normal,2Vehicles-Side,11,Wednesday,7,False,False
201800035272,NonLethal,Daylight,Yes,NoIntersection,Normal,2Vehicles-BehindVehicles-Frontal,4,Tuesday,11,False,False
201800019800,NonLethal,NightNoStreetLight,Yes,NoIntersection,Normal,2Vehicles-Behind,11,Tuesday,21,False,False
201800022814,NonLethal,Daylight,Yes,Other,Normal,2Vehicles-Side,4,Wednesday,16,False,False
201800007119,NonLethal,Daylight,No,NoIntersection,Normal,2Vehicles-Behind,10,Thursday,17,False,False
201800044238,NonLethal,Daylight,No,NoIntersection,Normal,2Vehicles-Behind,9,Monday,12,False,False
201800026626,NonLethal,Daylight,Yes,Other,Normal,Other,6,Sunday,16,True,False
201800057694,NonLethal,NightNoStreetLight,No,NoIntersection,Normal,NoCollision,9,Friday,22,False,False
201800042286,NonLethal,Daylight,Yes,NoIntersection,Normal,2Vehicles-Behind,5,Thursday,13,False,False
201800021529,NonLethal,NightNoStreetLight,No,NoIntersection,Normal,Other,4,Sunday,5,True,True
201800057146,NonLethal,Daylight,Yes,X-type,Normal,2Vehicles-Side,12,Saturday,12,True,False
201800009683,NonLethal,Daylight,Yes,Other,Normal,2Vehicles-BehindVehicles-Frontal,10,Tuesday,14,False,False
201800031159,NonLethal,Daylight,No,NoIntersection,Normal,NoCollision,4,Sunday,16,True,False
201800027062,NonLethal,Daylight,Yes,NoIntersection,Normal,Other,8,Thursday,16,False,False
201800029027,NonLethal,Daylight,No,NoIntersection,Normal,Other,8,Wednesday,16,False,False
201800051678,NonLethal,Daylight,Yes,X-type,Normal,Other,3,Thursday,12,False,False
201800016228,NonLethal,Daylight,Yes,NoIntersection,Normal,2Vehicles-Behind,7,Friday,18,False,False
201800022087,NonLethal,Daylight,Yes,NoIntersection,Normal,Other,7,Saturday,10,True,False
201800040938,NonLethal,Daylight,Yes,T-type,Normal,2Vehicles-Side,9,Friday,12,False,False
201800050015,NonLethal,Daylight,No,NoIntersection,Normal,2Vehicles-Behind,9,Monday,8,False,False
201800057100,NonLethal,TwilightOrDawn,Yes,X-type,Normal,2Vehicles-Side,8,Saturday,18,True,False
201800044216,NonLethal,Daylight,No,NoIntersection,Normal,2Vehicles-Behind,11,Friday,18,False,False
201800045131,NonLethal,Daylight,No,NoIntersection,Normal,2Vehicles-BehindVehicles-Frontal,8,Tuesday,21,False,False
201800001116,NonLethal,Daylight,No,NoIntersection,Normal,2Vehicles-Side,9,Wednesday,18,False,False
201800026430,NonLethal,Daylight,Yes,Y-type,Normal,2Vehicles-BehindVehicles-Frontal,8,Friday,17,False,False
201800036708,NonLethal,Daylight,No,NoIntersection,Normal,2Vehicles-BehindVehicles-Frontal,5,Saturday,16,True,False
201800006368,NonLethal,NightNoStreetLight,No,NoIntersection,Normal,NoCollision,4,Wednesday,17,False,False
201800043444,NonLethal,Daylight,Yes,NoIntersection,Normal,2Vehicles-BehindVehicles-Frontal,5,Monday,16,False,False
201800037956,NonLethal,Daylight,Yes,NoIntersection,HeavyRain,Other,9,Friday,8,False,False
201800056143,NonLethal,Daylight,No,NoIntersection,LightRain,Other,9,Sunday,11,True,False
201800012972,NonLethal,NightNoStreetLight,Yes,NoIntersection,FogOrSmoke,Other,2,Sunday,1,True,True
201800039116,NonLethal,Daylight,Yes,NoIntersection,Normal,2Vehicles-Behind,2,Wednesday,14,False,False
201800037506,NonLethal,NightStreelightsOn,Yes,X-type,Normal,Other,10,Tuesday,20,False,False
201800018493,NonLethal,Daylight,Yes,Roundabout,Normal,2Vehicles-Side,5,Saturday,14,True,False
201800015426,Lethal,Daylight,Yes,NoIntersection,Normal,2Vehicles-Side,6,Friday,10,False,False
201800025982,NonLethal,TwilightOrDawn,Yes,T-type,Normal,2Vehicles-Side,1,Thursday,8,False,False
201800006256,NonLethal,Daylight,No,NoIntersection,Normal,NoCollision,11,Monday,8,False,False
201800022578,NonLethal,Daylight,Yes,Other,Normal,2Vehicles-Side,6,Friday,8,False,False
201800007236,NonLethal,NightNoStreetLight,No,NoIntersection,Normal,2Vehicles-BehindVehicles-Frontal,12,Thursday,2,False,True
201800047023,NonLethal,NightStreelightsOn,No,NoIntersection,Normal,2Vehicles-Behind,9,Tuesday,17,False,False
201800043046,NonLethal,Daylight,Yes,Y-type,Normal,2Vehicles-Side,9,Sunday,16,True,False
201800013368,NonLethal,Daylight,No,NoIntersection,Normal,2Vehicles-Side,3,Tuesday,13,False,False
201800054649,NonLethal,NightStreelightsOn,Yes,T-type,LightRain,2Vehicles-Behind,1,Saturday,23,True,False
201800000277,NonLethal,Daylight,No,T-type,Normal,2Vehicles-Side,7,Sunday,18,True,False
201800018851,Lethal,TwilightOrDawn,Yes,NoIntersection,Normal,2Vehicles-Behind,10,Tuesday,8,False,False
201800043956,NonLethal,Daylight,No,NoIntersection,Normal,3+Vehicles-Chain,4,Saturday,11,True,False
201800035987,NonLethal,Daylight,Yes,NoIntersection,Normal,2Vehicles-Behind,1,Friday,15,False,False
201800014099,Lethal,Daylight,Yes,NoIntersection,Normal,Other,4,Saturday,10,True,False
201800004687,NonLethal,NightNoStreetLight,No,NoIntersection,Normal,Other,7,Sunday,22,True,False
201800045088,NonLethal,Daylight,No,NoIntersection,Normal,3+Vehicles-Multiple,7,Thursday,14,False,False
201800052314,NonLethal,NightStreelightsOn,Yes,Y-type,Normal,NoCollision,1,Wednesday,21,False,False
201800015123,NonLethal,Daylight,No,NoIntersection,VeryGood,2Vehicles-BehindVehicles-Frontal,7,Sunday,15,True,False
201800002037,Lethal,Daylight,No,NoIntersection,Normal,2Vehicles-Side,7,Wednesday,11,False,False
201800055910,NonLethal,Daylight,No,T-type,Normal,2Vehicles-Side,3,Thursday,16,False,False
201800056203,NonLethal,Daylight,Yes,X-type,Normal,3+Vehicles-Multiple,3,Tuesday,8,False,False
201800016574,NonLethal,NightNoStreetLight,Yes,NoIntersection,Normal,Other,4,Sunday,0,True,True
201800044162,NonLethal,Daylight,No,NoIntersection,Normal,3+Vehicles-Chain,8,Monday,18,False,False
201800024149,NonLethal,TwilightOrDawn,No,Roundabout,Normal,2Vehicles-Side,7,Wednesday,6,False,True
201800055625,NonLethal,Daylight,Yes,NoIntersection,Normal,2Vehicles-Behind,10,Tuesday,12,False,False
201800028068,NonLethal,Daylight,Yes,NoIntersection,Normal,2Vehicles-Behind,7,Friday,8,False,False
201800039071,NonLethal,Daylight,Yes,NoIntersection,Normal,2Vehicles-Side,2,Monday,18,False,False
201800007034,NonLethal,Daylight,No,NoIntersection,Normal,Other,1,Sunday,13,True,False
201800038721,NonLethal,Daylight,Yes,NoIntersection,Normal,2Vehicles-Side,10,Wednesday,8,False,False
201800003546,NonLethal,Daylight,No,NoIntersection,Normal,NoCollision,9,Wednesday,17,False,False
201800021489,NonLethal,Daylight,Yes,NoIntersection,Normal,Other,3,Saturday,17,True,False
201800048799,NonLethal,NightStreelightsOn,No,NoIntersection,LightRain,3+Vehicles-Chain,1,Thursday,18,False,False
201800016068,NonLethal,Daylight,No,NoIntersection,Normal,NoCollision,12,Sunday,16,True,False
201800044448,NonLethal,NightStreelightsOff,No,NoIntersection,Normal,NoCollision,12,Wednesday,5,False,True
201800005114,NonLethal,Daylight,Yes,NoIntersection,Normal,2Vehicles-Side,3,Friday,12,False,False
201800056848,NonLethal,Daylight,Yes,X-type,Normal,2Vehicles-Behind,2,Wednesday,14,False,False
201800055663,NonLethal,NightStreelightsOn,Yes,NoIntersection,Normal,2Vehicles-Behind,10,Monday,7,False,False
201800044036,NonLethal,Daylight,No,NoIntersection,Overcast,2Vehicles-Behind,6,Thursday,7,False,False
201800000394,NonLethal,TwilightOrDawn,No,NoIntersection,Normal,Other,1,Thursday,19,False,False
201800037351,NonLethal,Daylight,Yes,NoIntersection,Normal,Other,1,Wednesday,12,False,False
201800006860,NonLethal,Daylight,No,NoIntersection,Overcast,Other,8,Friday,19,False,False
201800012422,NonLethal,Daylight,No,NoIntersection,Normal,2Vehicles-Behind,4,Friday,15,False,False
201800002920,NonLethal,Daylight,Yes,X-type,Normal,2Vehicles-Side,8,Wednesday,17,False,False
201800030899,NonLethal,Daylight,Yes,NoIntersection,Normal,2Vehicles-Side,9,Thursday,18,False,False
201800043154,NonLethal,Daylight,Yes,NoIntersection,Normal,Other,10,Wednesday,12,False,False
201800053677,NonLethal,NightStreelightsOn,Yes,MoreThan4Branches,Normal,2Vehicles-Behind,1,Monday,18,False,False
201800031277,NonLethal,TwilightOrDawn,No,NoIntersection,Normal,Other,7,Sunday,6,True,True
201800052415,NonLethal,TwilightOrDawn,Yes,X-type,Normal,2Vehicles-Side,5,Saturday,5,True,True
201800045988,NonLethal,Daylight,No,NoIntersection,Normal,2Vehicles-Side,11,Wednesday,19,False,False
201800036260,NonLethal,NightStreelightsOn,Yes,Other,Normal,2Vehicles-Side,12,Friday,22,False,False
201800038566,NonLethal,Daylight,Yes,NoIntersection,Normal,2Vehicles-Behind,9,Wednesday,16,False,False
201800051628,NonLethal,NightStreelightsOn,Yes,X-type,LightRain,Other,12,Sunday,17,True,False
201800044680,NonLethal,Daylight,No,NoIntersection,Normal,3+Vehicles-Chain,11,Saturday,15,True,False
201800003315,NonLethal,Daylight,Yes,NoIntersection,Normal,2Vehicles-BehindVehicles-Frontal,6,Saturday,15,True,False
201800040205,NonLethal,Daylight,Yes,T-type,Normal,2Vehicles-BehindVehicles-Frontal,6,Monday,8,False,False
201800014384,NonLethal,Daylight,No,X-type,Normal,3+Vehicles-Chain,7,Wednesday,17,False,False
201800039167,NonLethal,NightStreelightsOn,Yes,NoIntersection,LightRain,Other,10,Thursday,20,False,False
201800023813,NonLethal,NightStreelightsOn,Yes,NoIntersection,Normal,Other,1,Sunday,2,True,True
201800034292,NonLethal,Daylight,No,NoIntersection,Normal,2Vehicles-Behind,7,Monday,12,False,False
201800049572,NonLethal,Daylight,No,NoIntersection,Normal,3+Vehicles-Multiple,6,Monday,7,False,False
201800024788,NonLethal,Daylight,Yes,Roundabout,Normal,2Vehicles-Side,6,Tuesday,18,False,False
201800036779,Lethal,Daylight,No,NoIntersection,Normal,Other,7,Thursday,15,False,False
201800022766,NonLethal,TwilightOrDawn,No,NoIntersection,Normal,2Vehicles-Side,2,Thursday,18,False,False
201800010933,NonLethal,Daylight,No,NoIntersection,VeryGood,NoCollision,7,Thursday,8,False,False
201800013995,NonLethal,Daylight,No,NoIntersection,Normal,NoCollision,3,Saturday,16,True,False
201800044962,NonLethal,NightNoStreetLight,No,NoIntersection,Normal,2Vehicles-Behind,8,Monday,22,False,False
201800028126,NonLethal,Daylight,Yes,NoIntersection,Normal,Other,10,Wednesday,18,False,False
201800005763,NonLethal,Daylight,Yes,NoIntersection,Normal,2Vehicles-Behind,8,Friday,16,False,False
201800013090,Lethal,Daylight,No,X-type,Normal,2Vehicles-Side,1,Sunday,14,True,False
201800053846,NonLethal,Daylight,Yes,NoIntersection,VeryGood,Other,7,Monday,16,False,False
201800042299,NonLethal,NightStreelightsOn,Yes,Square,Normal,Other,6,Wednesday,22,False,False
201800010878,NonLethal,NightNoStreetLight,No,NoIntersection,Normal,Other,5,Thursday,23,False,False
201800029676,NonLethal,Daylight,Yes,T-type,Normal,2Vehicles-Behind,4,Monday,12,False,False
201800039461,NonLethal,NightStreelightsOn,Yes,NoIntersection,Normal,2Vehicles-Side,2,Friday,20,False,False
201800056459,NonLethal,NightStreelightsOn,Yes,T-type,Normal,2Vehicles-Side,8,Saturday,23,True,False
201800037158,NonLethal,Daylight,Yes,T-type,Normal,2Vehicles-Side,7,Thursday,12,False,False
201800021701,NonLethal,Daylight,No,NoIntersection,Normal,2Vehicles-BehindVehicles-Frontal,11,Saturday,12,True,False
201800000384,NonLethal,Daylight,No,X-type,Normal,Other,9,Wednesday,12,False,False
201800046688,NonLethal,Daylight,No,NoIntersection,Normal,3+Vehicles-Multiple,6,Thursday,8,False,False
201800036671,NonLethal,Daylight,Yes,T-type,Normal,2Vehicles-Side,7,Wednesday,18,False,False
201800055738,NonLethal,Daylight,Yes,Y-type,Normal,2Vehicles-Behind,12,Thursday,15,False,False
201800031644,NonLethal,Daylight,Yes,NoIntersection,LightRain,Other,1,Friday,12,False,False
201800028050,NonLethal,Daylight,Yes,NoIntersection,Normal,Other,6,Friday,17,False,False
201800000268,NonLethal,Daylight,No,T-type,LightRain,2Vehicles-Side,1,Sunday,15,True,False
201800046722,NonLethal,Daylight,No,NoIntersection,Normal,3+Vehicles-Multiple,7,Monday,16,False,False
201800035120,NonLethal,NightStreelightsOn,Yes,NoIntersection,Normal,Other,9,Friday,0,False,True
201800032453,NonLethal,NightStreelightsOn,Yes,Other,Normal,2Vehicles-Side,5,Monday,22,False,False
201800041200,NonLethal,NightStreelightsOn,Yes,NoIntersection,Normal,2Vehicles-Side,2,Wednesday,20,False,False
201800042559,NonLethal,Daylight,Yes,NoIntersection,Normal,2Vehicles-Side,3,Friday,8,False,False
201800050770,NonLethal,Daylight,Yes,T-type,Normal,NoCollision,3,Saturday,13,True,False
201800010301,NonLethal,Daylight,No,NoIntersection,Normal,3+Vehicles-Multiple,3,Wednesday,8,False,False
201800025841,Lethal,NightStreelightsOn,Yes,NoIntersection,Normal,2Vehicles-Behind,12,Wednesday,7,False,False
201800040419,NonLethal,Daylight,Yes,NoIntersection,Normal,Other,5,Wednesday,16,False,False
201800007135,NonLethal,Daylight,No,NoIntersection,Normal,3+Vehicles-Multiple,4,Friday,19,False,False
201800016385,NonLethal,TwilightOrDawn,No,NoIntersection,Normal,2Vehicles-Behind,7,Sunday,6,True,True
201800017990,NonLethal,Daylight,No,NoIntersection,Normal,2Vehicles-Side,11,Friday,16,False,False
201800011517,NonLethal,Daylight,Yes,NoIntersection,Normal,Other,7,Saturday,14,True,False
201800012323,NonLethal,Daylight,Yes,NoIntersection,Normal,2Vehicles-Side,5,Thursday,15,False,False
201800014004,NonLethal,Daylight,Yes,X-type,Normal,2Vehicles-Side,12,Tuesday,14,False,False
201800004034,NonLethal,Daylight,Yes,T-type,Normal,2Vehicles-Side,6,Thursday,16,False,False
201800018625,Lethal,Daylight,Yes,NoIntersection,Normal,Other,7,Sunday,19,True,False
201800014177,NonLethal,NightNoStreetLight,No,NoIntersection,LightRain,Other,6,Tuesday,20,False,False
201800052835,NonLethal,NightStreelightsOn,Yes,NoIntersection,Normal,NoCollision,4,Tuesday,21,False,False
201800020681,NonLethal,NightStreelightsOn,Yes,NoIntersection,HeavyRain,2Vehicles-Behind,1,Saturday,19,True,False
201800032248,NonLethal,Daylight,Yes,X-type,VeryGood,2Vehicles-Side,7,Monday,7,False,False
201800031974,NonLethal,Daylight,Yes,NoIntersection,Normal,2Vehicles-Side,12,Monday,11,False,False
201800031871,NonLethal,Daylight,Yes,T-type,Normal,2Vehicles-BehindVehicles-Frontal,8,Friday,13,False,False
201800033118,NonLethal,Daylight,Yes,X-type,Normal,2Vehicles-Side,7,Thursday,19,False,False
201800046861,NonLethal,Daylight,No,NoIntersection,Normal,3+Vehicles-Multiple,9,Thursday,17,False,False
201800052711,NonLethal,NightStreelightsOn,Yes,Square,Normal,Other,4,Tuesday,22,False,False
201800022324,NonLethal,Daylight,Yes,NoIntersection,Normal,2Vehicles-Side,4,Thursday,14,False,False
201800005899,NonLethal,Daylight,No,NoIntersection,HeavyRain,2Vehicles-Behind,5,Sunday,12,True,False
201800005860,NonLethal,NightStreelightsOn,Yes,T-type,Normal,2Vehicles-Side,12,Wednesday,6,False,True
201800052525,NonLethal,NightStreelightsOn,Yes,T-type,Normal,Other,9,Friday,20,False,False
201800006743,NonLethal,NightStreelightsOn,No,NoIntersection,Normal,2Vehicles-Behind,8,Saturday,18,True,False
201800021814,NonLethal,Daylight,No,NoIntersection,Normal,2Vehicles-BehindVehicles-Frontal,12,Wednesday,15,False,False