AccidentId,Gravity,Light,InAgglomeration,IntersectionType,Weather,CollisionType,Month,DayOfWeek,HourOfDay,IsWeekend,IsNight
201800045271,Lethal,NightNoStreetLight,No,NoIntersection,Normal,Other,10,Thursday,23,False,False
201800057060,NonLethal,Daylight,Yes,Other,Normal,2Vehicles-Side,10,Saturday,12,True,False
201800014124,NonLethal,Daylight,Yes,NoIntersection,Normal,2Vehicles-Side,4,Sunday,12,True,False
201800026547,NonLethal,Daylight,Yes,Roundabout,Overcast,2Vehicles-Side,6,Thursday,10,False,False
201800032294,NonLethal,Daylight,Yes,Square,Normal,2Vehicles-Side,11,Wednesday,14,False,False
201800031844,NonLethal,Daylight,No,NoIntersection,Normal,2Vehicles-Side,7,Thursday,16,False,False
201800011657,NonLethal,Daylight,No,NoIntersection,Normal,2Vehicles-Side,5,Saturday,11,True,False
201800014443,NonLethal,Daylight,No,NoIntersection,Normal,2Vehicles-Side,9,Sunday,17,True,False
201800036448,NonLethal,Daylight,Yes,NoIntersection,Normal,NoCollision,6,Thursday,20,False,False
201800056528,NonLethal,NightStreelightsOn,No,NoIntersection,Normal,Other,8,Saturday,21,True,False
201800050388,NonLethal,Daylight,Yes,T-type,Overcast,NoCollision,9,Friday,9,False,False
201800008528,NonLethal,Daylight,Yes,NoIntersection,Normal,Other,2,Wednesday,14,False,False
201800008348,NonLethal,NightStreelightsOn,Yes,NoIntersection,Normal,Other,1,Monday,0,False,True
201800011491,NonLethal,NightNoStreetLight,Yes,NoIntersection,Normal,Other,3,Tuesday,0,False,True
201800000323,NonLethal,NightStreelightsOn,Yes,Y-type,LightRain,2Vehicles-BehindVehicles-Frontal,2,Tuesday,18,False,False
201800035601,NonLethal,Daylight,Yes,Other,Normal,2Vehicles-Side,9,Tuesday,6,False,True
201800026253,NonLethal,Daylight,Yes,NoIntersection,Normal,Other,8,Saturday,11,True,False
201800023644,NonLethal,Daylight,No,NoIntersection,Normal,NoCollision,8,Wednesday,18,False,False
201800043793,NonLethal,NightNoStreetLight,No,Y-type,LightRain,2Vehicles-Behind,1,Wednesday,8,False,False
201800001881,NonLethal,Daylight,No,X-type,Normal,2Vehicles-BehindVehicles-Frontal,10,Monday,12,False,False
201800040841,NonLethal,Daylight,Yes,T-type,Normal,Other,2,Sunday,16,True,False
201800008233,NonLethal,NightStreelightsOn,Yes,T-type,Normal,2Vehicles-Side,9,Monday,22,False,False
201800048717,NonLethal,NightStreelightsOn,Yes,NoIntersection,Normal,2Vehicles-BehindVehicles-Frontal,11,Wednesday,19,False,False
201800044613,NonLethal,NightNoStreetLight,No,NoIntersection,LightRain,3+Vehicles-Multiple,2,Thursday,19,False,False
201800037867,NonLethal,Daylight,Yes,NoIntersection,Normal,2Vehicles-Behind,8,Saturday,11,True,False
201800027093,NonLethal,Daylight,Yes,Roundabout,Normal,2Vehicles-Side,10,Tuesday,16,False,False
201800001405,NonLethal,Daylight,No,T-type,Normal,2Vehicles-Side,9,Wednesday,10,False,False
201800009746,NonLethal,Daylight,Yes,NoIntersection,Normal,2Vehicles-Side,9,Thursday,18,False,False
201800020108,NonLethal,Daylight,No,NoIntersection,SnowOrHail,2Vehicles-BehindVehicles-Frontal,2,Tuesday,14,False,False
201800015910,NonLethal,Daylight,Yes,NoIntersection,Normal,2Vehicles-Side,6,Friday,7,False,False
201800022936,NonLethal,Daylight,Yes,NoIntersection,Normal,2Vehicles-BehindVehicles-Frontal,2,Thursday,11,False,False
201800031795,NonLethal,Daylight,Yes,NoIntersection,Normal,2Vehicles-Side,6,Monday,18,False,False
201800029502,NonLethal,Daylight,Yes,NoIntersection,Normal,2Vehicles-Side,5,Friday,8,False,False
201800033204,NonLethal,Daylight,Yes,NoIntersection,Normal,Other,11,Monday,14,False,False
201800039940,NonLethal,Daylight,Yes,NoIntersection,Overcast,Other,11,Thursday,12,False,False
201800009884,NonLethal,Daylight,Yes,NoIntersection,LightRain,Other,10,Wednesday,8,False,False
201800022303,NonLethal,NightStreelightsOn,Yes,NoIntersection,Normal,Other,3,Wednesday,23,False,False
201800043206,NonLethal,Daylight,No,NoIntersection,Normal,Other,4,Wednesday,18,False,False
201800041280,NonLethal,Daylight,Yes,X-type,Normal,3+Vehicles-Multiple,9,Thursday,19,False,False
201800021882,NonLethal,Daylight,No,NoIntersection,Normal,2Vehicles-Behind,5,Tuesday,17,False,False
201800026101,NonLethal,Daylight,Yes,T-type,Normal,2Vehicles-Side,4,Monday,13,False,False
201800036632,NonLethal,TwilightOrDawn,Yes,NoIntersection,Normal,2Vehicles-Behind,7,Monday,21,False,False
201800012261,Lethal,Daylight,No,NoIntersection,Normal,2Vehicles-Behind,9,Saturday,16,True,False
201800044604,NonLethal,NightStreelightsOff,No,NoIntersection,Other,2Vehicles-Behind,10,Tuesday,5,False,True
201800000308,NonLethal,NightNoStreetLight,No,NoIntersection,LightRain,2Vehicles-Behind,10,Thursday,6,False,True
201800008549,NonLethal,Daylight,Yes,NoIntersection,LightRain,2Vehicles-Side,2,Saturday,18,True,False
201800051872,NonLethal,Daylight,Yes,X-type,Overcast,Other,11,Monday,8,False,False
201800039632,NonLethal,Daylight,Yes,NoIntersection,Normal,Other,10,Friday,11,False,False
201800000707,NonLethal,Daylight,No,NoIntersection,Normal,2Vehicles-Behind,6,Monday,19,False,False
201800053781,NonLethal,NightStreelightsOn,Yes,X-type,Normal,2Vehicles-Side,5,Friday,21,False,False
201800013225,NonLethal,Daylight,No,NoIntersection,Normal,3+Vehicles-Multiple,7,Monday,19,False,False
201800023370,NonLethal,Daylight,Yes,NoIntersection,Normal,Other,11,Wednesday,8,False,False
201800012920,NonLethal,Daylight,No,NoIntersection,Normal,2Vehicles-BehindVehicles-Frontal,10,Monday,18,False,False
201800029701,NonLethal,Daylight,Yes,NoIntersection,Normal,3+Vehicles-Chain,1,Sunday,16,True,False
201800006591,Lethal,Daylight,Yes,NoIntersection,Normal,Other,4,Tuesday,15,False,False
201800036947,NonLethal,Daylight,Yes,NoIntersection,Normal,2Vehicles-Side,8,Saturday,8,True,False
201800036186,NonLethal,NightStreelightsOn,Yes,T-type,Normal,2Vehicles-Side,9,Tuesday,23,False,False
201800053631,NonLethal,Daylight,Yes,T-type,Overcast,Other,7,Thursday,10,False,False
201800018043,NonLethal,NightNoStreetLight,No,NoIntersection,SnowOrHail,2Vehicles-BehindVehicles-Frontal,11,Friday,22,False,False
201800035500,NonLethal,TwilightOrDawn,Yes,NoIntersection,Normal,2Vehicles-Side,1,Wednesday,17,False,False
201800010788,NonLethal,Daylight,No,NoIntersection,LightRain,Other,4,Sunday,14,True,False
201800018308,NonLethal,Daylight,No,NoIntersection,Normal,2Vehicles-Behind,7,Thursday,7,False,False
201800033958,NonLethal,NightStreelightsOn,Yes,X-type,LightRain,2Vehicles-Side,3,Saturday,23,True,False
201800012700,NonLethal,Daylight,No,NoIntersection,LightRain,Other,1,Friday,10,False,False
201800024395,NonLethal,Daylight,Yes,NoIntersection,Normal,2Vehicles-Behind,8,Wednesday,12,False,False
201800007672,NonLethal,Daylight,No,NoIntersection,Normal,2Vehicles-BehindVehicles-Frontal,9,Wednesday,17,False,False
201800002367,NonLethal,NightStreelightsOn,Yes,NoIntersection,LightRain,Other,3,Thursday,22,False,False
201800040842,NonLethal,Daylight,Yes,NoIntersection,HeavyRain,Other,4,Tuesday,17,False,False
201800021425,NonLethal,Daylight,Yes,Other,Normal,2Vehicles-Side,6,Saturday,16,True,False
201800006178,NonLethal,NightNoStreetLight,No,NoIntersection,Overcast,Other,1,Monday,22,False,False
201800024850,NonLethal,Daylight,Yes,Roundabout,Normal,2Vehicles-Side,7,Wednesday,21,False,False
201800007130,NonLethal,Daylight,No,NoIntersection,Overcast,3+Vehicles-Chain,12,Monday,14,False,False
201800002191,NonLethal,Daylight,Yes,X-type,Normal,2Vehicles-Side,9,Monday,11,False,False
201800051682,NonLethal,Daylight,Yes,X-type,Normal,2Vehicles-Behind,3,Sunday,19,True,False
201800040990,NonLethal,NightStreelightsOn,Yes,NoIntersection,Normal,Other,12,Tuesday,19,False,False
201800004358,NonLethal,Daylight,No,NoIntersection,Normal,2Vehicles-Side,5,Friday,10,False,False
201800017614,NonLethal,Daylight,Yes,NoIntersection,Normal,2Vehicles-BehindVehicles-Frontal,7,Wednesday,8,False,False
201800020347,NonLethal,Daylight,No,NoIntersection,HeavyRain,2Vehicles-Side,4,Sunday,14,True,False
201800014333,NonLethal,Daylight,Yes,Y-type,Normal,2Vehicles-BehindVehicles-Frontal,6,Thursday,21,False,False
201800052831,NonLethal,Daylight,Yes,NoIntersection,Normal,Other,10,Monday,8,False,False
201800035377,NonLethal,Daylight,Yes,NoIntersection,Normal,2Vehicles-Side,4,Wednesday,14,False,False
201800055126,NonLethal,NightStreelightsOn,Yes,T-type,Normal,2Vehicles-Behind,9,Monday,6,False,True
201800022192,NonLethal,Daylight,Yes,NoIntersection,Normal,Other,5,Sunday,8,True,False
201800057732,NonLethal,Daylight,Yes,NoIntersection,Normal,2Vehicles-Side,10,Wednesday,12,False,False
201800050520,NonLethal,NightStreelightsOn,Yes,T-type,Normal,2Vehicles-Behind,1,Tuesday,19,False,False
201800039452,NonLethal,Daylight,Yes,NoIntersection,Normal,2Vehicles-Behind,8,Wednesday,14,False,False
201800054191,NonLethal,Daylight,Yes,X-type,Normal,Other,1,Tuesday,18,False,False
201800046332,NonLethal,NightNoStreetLight,No,NoIntersection,HeavyRain,3+Vehicles-Multiple,1,Wednesday,6,False,True
201800017827,Lethal,TwilightOrDawn,No,Roundabout,Normal,Other,8,Monday,21,False,False
201800050887,NonLethal,Daylight,Yes,X-type,Normal,2Vehicles-Side,6,Saturday,17,True,False
201800010437,NonLethal,Daylight,Yes,NoIntersection,LightRain,Other,11,Friday,13,False,False
201800052648,NonLethal,TwilightOrDawn,Yes,T-type,LightRain,2Vehicles-Side,1,Thursday,11,False,False
201800044646,NonLethal,Daylight,No,NoIntersection,Normal,2Vehicles-Behind,3,Saturday,16,True,False
201800007705,NonLethal,NightNoStreetLight,No,T-type,Normal,2Vehicles-Side,12,Tuesday,18,False,False
201800057517,NonLethal,Daylight,No,Roundabout,Normal,2Vehicles-Side,9,Sunday,9,True,False
201800036726,NonLethal,Daylight,Yes,NoIntersection,Normal,Other,6,Tuesday,20,False,False
201800037666,NonLethal,TwilightOrDawn,Yes,T-type,Normal,2Vehicles-Side,12,Saturday,17,True,False
201800020123,NonLethal,Daylight,Yes,NoIntersection,Normal,Other,8,Wednesday,12,False,False
201800052346,NonLethal,NightStreelightsOn,Yes,Square,Normal,Other,2,Tuesday,5,False,True
201800041886,NonLethal,Daylight,Yes,Other,Normal,Other,8,Monday,10,False,False
201800036743,NonLethal,Daylight,No,Y-type,Normal,3+Vehicles-Multiple,1,Wednesday,16,False,False
201800011980,NonLethal,Daylight,No,NoIntersection,Normal,3+Vehicles-Multiple,10,Tuesday,14,False,False
201800034924,Lethal,NightNoStreetLight,No,NoIntersection,Overcast,NoCollision,11,Saturday,19,True,False
201800052417,NonLethal,NightStreelightsOn,Yes,NoIntersection,Normal,Other,5,Saturday,23,True,False
201800048666,NonLethal,Daylight,Yes,NoIntersection,LightRain,3+Vehicles-Chain,11,Tuesday,14,False,False
201800021157,NonLethal,Daylight,No,T-type,Normal,2Vehicles-Side,5,Wednesday,18,False,False
201800014098,Lethal,Daylight,No,NoIntersection,LightRain,2Vehicles-BehindVehicles-Frontal,3,Saturday,16,True,False
201800003914,NonLethal,Daylight,Yes,NoIntersection,Normal,Other,10,Tuesday,16,False,False
201800031519,NonLethal,Daylight,Yes,NoIntersection,Normal,Other,1,Thursday,8,False,False
201800007884,NonLethal,Daylight,No,NoIntersection,Normal,Other,7,Sunday,15,True,False
201800006828,NonLethal,Daylight,No,NoIntersection,Normal,2Vehicles-Side,3,Wednesday,10,False,False
201800016375,NonLethal,Daylight,No,NoIntersection,Normal,2Vehicles-BehindVehicles-Frontal,7,Friday,18,False,False
201800018869,NonLethal,Daylight,Yes,NoIntersection,Normal,2Vehicles-Behind,3,Saturday,12,True,False
201800013000,NonLethal,NightStreelightsOn,Yes,NoIntersection,LightRain,2Vehicles-Behind,11,Monday,17,False,False
201800050836,NonLethal,NightStreelightsOn,Yes,X-type,Normal,2Vehicles-Side,2,Saturday,19,True,False
201800047119,NonLethal,Daylight,No,NoIntersection,Normal,Other,12,Thursday,10,False,False
201800007928,NonLethal,Daylight,Yes,NoIntersection,Normal,Other,4,Saturday,17,True,False
201800038334,NonLethal,Daylight,Yes,X-type,Normal,Other,11,Monday,12,False,False
201800023433,NonLethal,Daylight,Yes,T-type,Normal,2Vehicles-Side,8,Friday,19,False,False
201800050999,NonLethal,Daylight,Yes,NoIntersection,Normal,NoCollision,2,Sunday,13,True,False
201800041621,NonLethal,TwilightOrDawn,Yes,X-type,Normal,2Vehicles-Side,11,Wednesday,17,False,False
201800034545,NonLethal,NightNoStreetLight,No,NoIntersection,Normal,Other,8,Sunday,1,True,True
201800006546,NonLethal,Daylight,No,NoIntersection,Normal,2Vehicles-BehindVehicles-Frontal,6,Wednesday,13,False,False
201800010451,NonLethal,Daylight,No,NoIntersection,Normal,Other,7,Sunday,6,True,True
201800027864,NonLethal,NightStreelightsOn,Yes,NoIntersection,Normal,Other,11,Wednesday,18,False,False
201800042684,NonLethal,Daylight,Yes,T-type,Normal,Other,7,Monday,17,False,False
201800015513,NonLethal,Daylight,No,T-type,Normal,2Vehicles-Side,4,Tuesday,14,False,False
201800004842,NonLethal,NightNoStreetLight,No,NoIntersection,Normal,NoCollision,10,Wednesday,20,False,False
201800036732,NonLethal,Daylight,Yes,NoIntersection,Normal,Other,8,Saturday,19,True,False
201800049256,NonLethal,NightNoStreetLight,No,NoIntersection,Overcast,Other,12,Wednesday,1,False,True
201800027156,NonLethal,Daylight,Yes,NoIntersection,Normal,Other,2,Wednesday,13,False,False
201800050335,NonLethal,NightStreelightsOn,Yes,NoIntersection,Normal,Other,7,Wednesday,19,False,False
201800010487,NonLethal,Daylight,No,NoIntersection,HeavyRain,NoCollision,1,Monday,12,False,False
201800057000,Lethal,NightStreelightsOn,Yes,NoIntersection,Normal,Other,7,Sunday,1,True,True
201800031503,NonLethal,TwilightOrDawn,Yes,NoIntersection,Normal,Other,8,Friday,20,False,False
201800011393,NonLethal,NightNoStreetLight,No,NoIntersection,Normal,NoCollision,8,Saturday,21,True,False
201800041288,NonLethal,Daylight,Yes,NoIntersection,Normal,NoCollision,10,Tuesday,12,False,False
201800031390,NonLethal,Daylight,Yes,X-type,Normal,2Vehicles-Side,12,Tuesday,17,False,False
201800006124,NonLethal,Daylight,No,NoIntersection,Normal,3+Vehicles-Chain,7,Wednesday,19,False,False
201800052646,NonLethal,NightStreelightsOn,Yes,X-type,LightRain,Other,1,Wednesday,7,False,False
201800024429,NonLethal,Daylight,Yes,NoIntersection,Normal,2Vehicles-Side,9,Thursday,9,False,False
201800003647,NonLethal,Daylight,No,NoIntersection,Normal,NoCollision,10,Sunday,12,True,False
201800049480,NonLethal,NightNoStreetLight,No,NoIntersection,LightRain,2Vehicles-Behind,10,Friday,20,False,False
201800001649,NonLethal,NightNoStreetLight,No,Other,Other,2Vehicles-Side,11,Sunday,6,True,True
201800034476,NonLethal,Daylight,No,Roundabout,Normal,2Vehicles-Side,6,Tuesday,18,False,False
201800044084,NonLethal,NightNoStreetLight,No,Other,Normal,2Vehicles-Behind,6,Thursday,23,False,False
201800015828,NonLethal,Daylight,No,NoIntersection,Normal,3+Vehicles-Chain,4,Friday,16,False,False
201800031941,NonLethal,Daylight,Yes,NoIntersection,Normal,2Vehicles-Side,9,Tuesday,14,False,False
201800014799,NonLethal,NightNoStreetLight,No,NoIntersection,Normal,NoCollision,10,Wednesday,20,False,False
201800055922,NonLethal,NightStreelightsOff,No,NoIntersection,Normal,NoCollision,10,Thursday,17,False,False
201800030056,NonLethal,NightNoStreetLight,No,NoIntersection,Normal,2Vehicles-BehindVehicles-Frontal,2,Sunday,22,True,False
201800017570,Lethal,TwilightOrDawn,No,Other,LightRain,2Vehicles-BehindVehicles-Frontal,1,Friday,7,False,False
201800026283,NonLethal,Daylight,Yes,Square,Normal,Other,2,Monday,15,False,False
201800049909,NonLethal,Daylight,No,NoIntersection,Normal,2Vehicles-Behind,6,Friday,8,False,False
201800006953,NonLethal,NightNoStreetLight,No,NoIntersection,Normal,3+Vehicles-Multiple,10,Sunday,0,True,True
201800023091,NonLethal,Daylight,No,NoIntersection,Normal,2Vehicles-Behind,5,Saturday,12,True,False
201800006614,NonLethal,Daylight,No,NoIntersection,Normal,Other,4,Thursday,7,False,False
201800023849,NonLethal,Daylight,Yes,NoIntersection,Normal,2Vehicles-Side,2,Tuesday,10,False,False
201800008231,NonLethal,Daylight,Yes,Roundabout,Normal,2Vehicles-Side,8,Friday,12,False,False
201800002791,NonLethal,Daylight,Yes,Roundabout,Normal,2Vehicles-Behind,4,Friday,17,False,False
201800021685,NonLethal,TwilightOrDawn,No,NoIntersection,Normal,Other,8,Tuesday,6,False,True
201800034363,NonLethal,Daylight,Yes,T-type,VeryGood,Other,5,Saturday,16,True,False
201800020311,NonLethal,NightNoStreetLight,No,NoIntersection,Normal,2Vehicles-Behind,2,Friday,22,False,False
201800029426,NonLethal,Daylight,Yes,X-type,LightRain,2Vehicles-Side,9,Tuesday,18,False,False
201800017338,NonLethal,Daylight,No,NoIntersection,Normal,NoCollision,10,Thursday,10,False,False
201800035592,NonLethal,Daylight,Yes,T-type,Normal,2Vehicles-BehindVehicles-Frontal,11,Friday,13,False,False
201800013474,NonLethal,Daylight,No,NoIntersection,LightRain,2Vehicles-Behind,5,Sunday,14,True,False
201800031475,NonLethal,NightStreelightsOn,No,NoIntersection,Normal,2Vehicles-Side,11,Monday,21,False,False
201800037766,NonLethal,Daylight,Yes,NoIntersection,SnowOrHail,Other,6,Saturday,10,True,False
201800025694,NonLethal,Daylight,Yes,NoIntersection,LightRain,Other,3,Thursday,8,False,False
201800052289,NonLethal,Daylight,Yes,X-type,Normal,2Vehicles-Side,12,Friday,9,False,False
201800054911,NonLethal,NightStreelightsOn,Yes,T-type,LightRain,Other,1,Sunday,1,True,True
201800008635,NonLethal,Daylight,No,NoIntersection,Normal,Other,3,Monday,8,False,False
201800001250,NonLethal,NightNoStreetLight,No,X-type,Normal,2Vehicles-Side,12,Thursday,7,False,False
201800011588,NonLethal,Daylight,No,NoIntersection,Normal,Other,8,Friday,18,False,False
201800028112,NonLethal,NightStreelightsOn,Yes,X-type,HeavyRain,2Vehicles-Side,9,Saturday,23,True,False
201800004199,NonLethal,Daylight,Yes,X-type,Normal,2Vehicles-Side,9,Wednesday,14,False,False
201800025240,NonLethal,Daylight,Yes,NoIntersection,Normal,2Vehicles-Behind,2,Thursday,15,False,False
201800018852,NonLethal,Daylight,No,NoIntersection,Normal,2Vehicles-Side,10,Monday,11,False,False
201800025185,NonLethal,Daylight,Yes,X-type,Normal,2Vehicles-Side,1,Wednesday,16,False,False
201800035180,NonLethal,NightStreelightsOn,Yes,NoIntersection,Normal,2Vehicles-BehindVehicles-Frontal,6,Tuesday,18,False,False
201800049254,NonLethal,NightNoStreetLight,No,NoIntersection,Normal,2Vehicles-Behind,11,Friday,17,False,False
201800022747,NonLethal,Daylight,Yes,NoIntersection,Normal,NoCollision,6,Sunday,20,True,False
201800027412,NonLethal,Daylight,Yes,NoIntersection,Normal,2Vehicles-Side,9,Saturday,12,True,False
201800021720,NonLethal,Daylight,No,NoIntersection,LightRain,Other,3,Thursday,9,False,False
201800029850,NonLethal,Daylight,Yes,NoIntersection,Normal,2Vehicles-Behind,9,Saturday,12,True,False
201800044094,NonLethal,Daylight,No,NoIntersection,Normal,3+Vehicles-Multiple,7,Tuesday,12,False,False
201800055222,NonLethal,Daylight,Yes,NoIntersection,Overcast,2Vehicles-Behind,1,Friday,13,False,False
201800021187,NonLethal,Daylight,No,X-type,Normal,2Vehicles-Side,7,Wednesday,18,False,False
201800047072,NonLethal,NightNoStreetLight,No,NoIntersection,LightRain,Other,11,Monday,0,False,True
201800017229,NonLethal,NightNoStreetLight,No,NoIntersection,Normal,Other,12,Monday,18,False,False
201800022893,NonLethal,Daylight,No,NoIntersection,Normal,2Vehicles-Behind,1,Saturday,12,True,False
201800020337,NonLethal,Daylight,No,NoIntersection,Normal,2Vehicles-Behind,10,Friday,12,False,False
201800013045,NonLethal,Daylight,No,NoIntersection,Normal,NoCollision,6,Wednesday,18,False,False
201800000065,NonLethal,Daylight,No,NoIntersection,Normal,NoCollision,9,Monday,14,False,False
201800035609,NonLethal,Daylight,Yes,NoIntersection,Normal,NoCollision,2,Saturday,8,True,False
201800057299,NonLethal,NightStreelightsOn,Yes,NoIntersection,Normal,2Vehicles-BehindVehicles-Frontal,3,Saturday,2,True,True
201800034050,Lethal,Daylight,Yes,NoIntersection,Normal,Other,8,Monday,18,False,False
201800016949,NonLethal,Daylight,Yes,NoIntersection,Normal,Other,2,Tuesday,17,False,False
201800001288,NonLethal,NightStreelightsOn,Yes,NoIntersection,Normal,2Vehicles-BehindVehicles-Frontal,10,Saturday,20,True,False
201800045440,NonLethal,Daylight,No,NoIntersection,LightRain,2Vehicles-Side,10,Thursday,14,False,False
201800016547,NonLethal,Daylight,No,NoIntersection,Normal,2Vehicles-BehindVehicles-Frontal,11,Thursday,20,False,False
201800054313,NonLethal,Daylight,Yes,X-type,Overcast,2Vehicles-Side,1,Saturday,15,True,False
201800013881,NonLethal,Daylight,Yes,NoIntersection,Normal,2Vehicles-Behind,9,Saturday,12,True,False
201800051058,NonLethal,Daylight,Yes,Square,Normal,Other,4,Friday,16,False,False
201800045681,NonLethal,NightNoStreetLight,No,NoIntersection,LightRain,Other,1,Saturday,23,True,False
201800034694,NonLethal,Daylight,Yes,NoIntersection,Normal,Other,7,Wednesday,19,False,False
201800017809,NonLethal,TwilightOrDawn,Yes,NoIntersection,Normal,Other,6,Friday,21,False,False
201800050307,NonLethal,Daylight,Yes,Square,Overcast,2Vehicles-Side,8,Monday,12,False,False
201800005783,NonLethal,Daylight,Yes,T-type,Normal,Other,9,Monday,12,False,False
201800046030,NonLethal,Daylight,No,NoIntersection,Normal,2Vehicles-Side,7,Sunday,9,True,False
201800050541,NonLethal,Daylight,Yes,X-type,Normal,2Vehicles-Side,4,Tuesday,11,False,False
201800008163,NonLethal,Daylight,Yes,NoIntersection,Normal,Other,5,Thursday,15,False,False
201800040158,NonLethal,Daylight,Yes,T-type,LightRain,2Vehicles-Side,1,Wednesday,17,False,False
201800052296,NonLethal,TwilightOrDawn,Yes,T-type,LightRain,Other,12,Sunday,16,True,False
201800025631,NonLethal,NightNoStreetLight,Yes,NoIntersection,Normal,2Vehicles-Side,8,Sunday,6,True,True
201800006265,NonLethal,Daylight,No,NoIntersection,HeavyRain,NoCollision,5,Wednesday,20,False,False
201800036203,NonLethal,Daylight,Yes,T-type,Normal,2Vehicles-Side,10,Wednesday,15,False,False
201800035286,NonLethal,Daylight,Yes,Square,Normal,Other,7,Saturday,18,True,False
201800013365,NonLethal,Daylight,No,X-type,VeryGood,2Vehicles-Side,5,Monday,10,False,False
201800033717,NonLethal,NightStreelightsOn,No,NoIntersection,Normal,Other,4,Monday,6,False,True
201800039540,NonLethal,Daylight,Yes,X-type,Normal,2Vehicles-Side,12,Tuesday,14,False,False
201800010234,NonLethal,NightStreelightsOn,Yes,Other,Normal,Other,12,Monday,0,False,True
201800004365,NonLethal,Daylight,No,NoIntersection,Normal,2Vehicles-BehindVehicles-Frontal,6,Monday,20,False,False
201800047248,NonLethal,Daylight,No,NoIntersection,Normal,3+Vehicles-Multiple,8,Tuesday,8,False,False
201800021082,NonLethal,Daylight,Yes,T-type,Normal,2Vehicles-Side,6,Thursday,21,False,False
201800055144,NonLethal,NightStreelightsOn,Yes,NoIntersection,Normal,2Vehicles-Behind,10,Tuesday,1,False,True
201800023611,NonLethal,NightNoStreetLight,No,T-type,Normal,Other,11,Wednesday,18,False,False
201800001270,Lethal,TwilightOrDawn,No,NoIntersection,Normal,Other,8,Saturday,6,True,True
201800040472,NonLethal,Daylight,Yes,NoIntersection,LightRain,2Vehicles-Side,3,Wednesday,12,False,False
201800042843,NonLethal,Daylight,Yes,X-type,Normal,Other,10,Thursday,15,False,False
201800002094,Lethal,TwilightOrDawn,No,NoIntersection,Normal,Other,1,Saturday,18,True,False
201800050685,NonLethal,Daylight,Yes,NoIntersection,Normal,3+Vehicles-Chain,5,Saturday,12,True,False
201800051114,NonLethal,NightStreelightsOn,Yes,X-type,Normal,Other,6,Thursday,2,False,True
201800047740,NonLethal,Daylight,Yes,NoIntersection,Normal,Other,10,Thursday,14,False,False
201800032602,NonLethal,TwilightOrDawn,Yes,T-type,Normal,2Vehicles-Side,10,Wednesday,7,False,False
201800016097,NonLethal,NightNoStreetLight,No,NoIntersection,Normal,2Vehicles-BehindVehicles-Frontal,3,Saturday,22,True,False
201800000866,NonLethal,Daylight,Yes,Roundabout,Normal,2Vehicles-Side,5,Thursday,12,False,False
201800043494,NonLethal,Daylight,Yes,NoIntersection,Normal,Other,9,Friday,15,False,False
201800042392,NonLethal,Daylight,Yes,X-type,Normal,Other,10,Thursday,10,False,False
201800052933,NonLethal,NightStreelightsOn,Yes,X-type,LightRain,Other,1,Wednesday,18,False,False
201800056722,NonLethal,NightStreelightsOn,Yes,NoIntersection,HeavyRain,3+Vehicles-Multiple,8,Saturday,23,True,False
201800048446,NonLethal,Daylight,Yes,NoIntersection,Normal,2Vehicles-Side,3,Thursday,17,False,False
201800001209,NonLethal,NightStreelightsOn,Yes,NoIntersection,Normal,Other,7,Thursday,23,False,False
201800021434,NonLethal,Daylight,Yes,NoIntersection,Normal,2Vehicles-Behind,8,Friday,14,False,False
201800007004,NonLethal,NightNoStreetLight,No,NoIntersection,Normal,2Vehicles-Behind,10,Monday,3,False,True
201800018956,NonLethal,Daylight,Yes,NoIntersection,Normal,Other,8,Wednesday,16,False,False
201800037148,Lethal,Daylight,Yes,NoIntersection,Normal,Other,4,Monday,11,False,False
201800032153,NonLethal,Daylight,Yes,Other,Normal,Other,4,Wednesday,13,False,False
201800049048,NonLethal,TwilightOrDawn,No,NoIntersection,Normal,2Vehicles-Side,8,Saturday,18,True,False
201800006465,NonLethal,Daylight,No,NoIntersection,Normal,3+Vehicles-Chain,6,Monday,16,False,False
201800043756,NonLethal,NightStreelightsOn,Yes,NoIntersection,Normal,Other,12,Sunday,3,True,True
201800015085,NonLethal,Daylight,No,NoIntersection,Normal,Other,2,Thursday,13,False,False
201800001844,NonLethal,Daylight,Yes,NoIntersection,LightRain,2Vehicles-BehindVehicles-Frontal,10,Saturday,11,True,False
201800034881,NonLethal,Daylight,Yes,NoIntersection,Normal,2Vehicles-Side,2,Thursday,16,False,False
201800033536,NonLethal,Daylight,Yes,NoIntersection,Normal,Other,9,Monday,17,False,False
201800020382,NonLethal,Daylight,Yes,X-type,Normal,NoCollision,11,Tuesday,10,False,False
201800049867,NonLethal,NightNoStreetLight,No,NoIntersection,Normal,2Vehicles-Behind,2,Tuesday,2,False,True
201800029378,NonLethal,Daylight,Yes,NoIntersection,Normal,Other,6,Saturday,15,True,False
201800008378,NonLethal,Daylight,Yes,X-type,Normal,2Vehicles-Side,1,Sunday,17,True,False
201800005220,NonLethal,Daylight,Yes,NoIntersection,Normal,2Vehicles-BehindVehicles-Frontal,4,Friday,19,False,False
201800054326,NonLethal,NightStreelightsOn,Yes,Square,Normal,Other,3,Friday,6,False,True
201800039088,NonLethal,NightStreelightsOn,Yes,NoIntersection,Normal,Other,11,Friday,20,False,False