AccidentId,Gravity,Light,InAgglomeration,IntersectionType,Weather,CollisionType,Month,DayOfWeek,HourOfDay,IsWeekend,IsNight
201800005102,NonLethal,TwilightOrDawn,No,NoIntersection,Normal,2Vehicles-BehindVehicles-Frontal,1,Friday,17,False,False
201800001314,NonLethal,NightNoStreetLight,No,NoIntersection,LightRain,Other,5,Thursday,20,False,False
201800036197,NonLethal,Daylight,Yes,NoIntersection,Normal,2Vehicles-Behind,6,Sunday,10,True,False
201800009320,NonLethal,Daylight,Yes,NoIntersection,Normal,2Vehicles-BehindVehicles-Frontal,7,Saturday,15,True,False
201800007293,NonLethal,NightStreelightsOn,Yes,X-type,Normal,2Vehicles-Side,3,Saturday,19,True,False
201800056809,NonLethal,Daylight,No,NoIntersection,Normal,2Vehicles-Side,11,Friday,8,False,False
201800045714,NonLethal,Daylight,No,NoIntersection,Normal,2Vehicles-Behind,2,Friday,15,False,False
201800041417,NonLethal,Daylight,Yes,NoIntersection,Normal,2Vehicles-Side,5,Friday,7,False,False
201800035593,NonLethal,NightStreelightsOn,Yes,NoIntersection,Normal,2Vehicles-Side,9,Tuesday,21,False,False
201800040894,NonLethal,Daylight,Yes,NoIntersection,Normal,Other,6,Friday,11,False,False
201800022118,NonLethal,Daylight,Yes,Other,Normal,2Vehicles-Behind,10,Monday,14,False,False
201800048153,NonLethal,Daylight,Yes,NoIntersection,Normal,Other,3,Tuesday,10,False,False
201800040272,NonLethal,NightStreelightsOn,Yes,Other,Overcast,2Vehicles-Side,1,Tuesday,1,False,True
201800031577,NonLethal,Daylight,Yes,X-type,Normal,2Vehicles-Side,8,Monday,9,False,False
201800053966,NonLethal,Daylight,Yes,T-type,Normal,Other,12,Tuesday,8,False,False
201800007693,NonLethal,Daylight,No,NoIntersection,Normal,Other,11,Saturday,14,True,False
201800052059,NonLethal,NightStreelightsOn,Yes,NoIntersection,Normal,2Vehicles-BehindVehicles-Frontal,10,Saturday,0,True,True
201800001660,NonLethal,Daylight,Yes,NoIntersection,Normal,3+Vehicles-Multiple,7,Thursday,19,False,False
201800052283,NonLethal,NightStreelightsOn,Yes,X-type,Normal,2Vehicles-Behind,4,Thursday,21,False,False
201800024094,NonLethal,Daylight,Yes,NoIntersection,Normal,2Vehicles-Side,12,Monday,14,False,False
201800039595,NonLethal,TwilightOrDawn,Yes,NoIntersection,LightRain,Other,11,Wednesday,8,False,False
201800011484,NonLethal,Daylight,Yes,NoIntersection,Normal,Other,12,Sunday,10,True,False
201800055890,NonLethal,Daylight,Yes,NoIntersection,Normal,Other,1,Friday,10,False,False
201800022595,NonLethal,Daylight,Yes,NoIntersection,Normal,2Vehicles-BehindVehicles-Frontal,8,Friday,15,False,False
201800002062,NonLethal,Daylight,No,NoIntersection,Normal,2Vehicles-BehindVehicles-Frontal,9,Saturday,17,True,False
201800014422,NonLethal,Daylight,No,NoIntersection,Normal,Other,8,Thursday,13,False,False
201800002643,NonLethal,TwilightOrDawn,No,NoIntersection,Normal,2Vehicles-Behind,6,Thursday,6,False,True
201800043481,NonLethal,Daylight,Yes,NoIntersection,Normal,Other,5,Saturday,19,True,False
201800041282,NonLethal,Daylight,No,NoIntersection,LightRain,3+Vehicles-Multiple,3,Saturday,11,True,False
201800040151,NonLethal,Daylight,Yes,NoIntersection,Overcast,2Vehicles-Behind,12,Monday,13,False,False
201800023493,NonLethal,Daylight,Yes,NoIntersection,Normal,Other,9,Sunday,15,True,False
201800042850,NonLethal,Daylight,Yes,T-type,Normal,2Vehicles-Side,4,Saturday,11,True,False
201800017226,NonLethal,NightStreelightsOn,Yes,NoIntersection,Normal,Other,10,Saturday,22,True,False
201800006894,NonLethal,Daylight,No,NoIntersection,Normal,2Vehicles-Behind,6,Sunday,6,True,True
201800052966,NonLethal,Daylight,Yes,X-type,LightRain,Other,3,Tuesday,8,False,False
201800024607,NonLethal,Daylight,No,NoIntersection,Normal,2Vehicles-Behind,1,Tuesday,12,False,False
201800025492,NonLethal,Daylight,Yes,NoIntersection,Normal,2Vehicles-Side,9,Tuesday,19,False,False
201800041577,NonLethal,Daylight,Yes,NoIntersection,Normal,2Vehicles-Behind,6,Thursday,8,False,False
201800015100,NonLethal,Daylight,Yes,T-type,Normal,2Vehicles-BehindVehicles-Frontal,5,Friday,17,False,False
201800023777,NonLethal,Daylight,Yes,NoIntersection,Normal,NoCollision,8,Thursday,17,False,False
201800036755,NonLethal,Daylight,Yes,NoIntersection,LightRain,2Vehicles-Behind,11,Thursday,16,False,False
201800026574,NonLethal,Daylight,Yes,T-type,Normal,3+Vehicles-Multiple,8,Saturday,19,True,False
201800022738,NonLethal,Daylight,No,NoIntersection,Normal,Other,7,Sunday,20,True,False
201800033674,NonLethal,Daylight,Yes,Square,Normal,2Vehicles-Side,4,Monday,11,False,False
201800048002,NonLethal,NightStreelightsOn,Yes,NoIntersection,Normal,Other,1,Monday,4,False,True
201800030843,NonLethal,Daylight,Yes,NoIntersection,Normal,2Vehicles-Behind,7,Tuesday,15,False,False
201800047095,NonLethal,NightNoStreetLight,No,NoIntersection,LightRain,Other,1,Friday,22,False,False
201800024189,NonLethal,TwilightOrDawn,Yes,NoIntersection,LightRain,Other,8,Wednesday,17,False,False
201800006947,NonLethal,TwilightOrDawn,No,NoIntersection,FogOrSmoke,3+Vehicles-Chain,10,Sunday,8,True,False
201800029317,NonLethal,NightStreelightsOn,Yes,LevelCrossing,Normal,Other,8,Monday,4,False,True
201800028355,NonLethal,NightStreelightsOn,Yes,X-type,Normal,2Vehicles-BehindVehicles-Frontal,3,Tuesday,0,False,True
201800049857,NonLethal,Daylight,No,NoIntersection,Normal,NoCollision,5,Friday,15,False,False
201800004206,NonLethal,Daylight,Yes,NoIntersection,VeryGood,2Vehicles-BehindVehicles-Frontal,12,Thursday,8,False,False
201800027224,NonLethal,Daylight,Yes,NoIntersection,Overcast,Other,4,Wednesday,16,False,False
201800016889,Lethal,NightNoStreetLight,No,NoIntersection,Normal,3+Vehicles-Chain,1,Friday,19,False,False
201800035846,NonLethal,Daylight,Yes,X-type,Normal,2Vehicles-Side,1,Monday,16,False,False
201800000717,NonLethal,NightNoStreetLight,No,NoIntersection,Normal,Other,7,Monday,4,False,True
201800000161,NonLethal,Daylight,Yes,Y-type,Normal,NoCollision,12,Saturday,13,True,False
201800029067,NonLethal,NightStreelightsOn,Yes,X-type,Normal,2Vehicles-BehindVehicles-Frontal,7,Sunday,22,True,False
201800034861,NonLethal,NightNoStreetLight,No,NoIntersection,Overcast,NoCollision,9,Wednesday,17,False,False
201800003070,NonLethal,NightNoStreetLight,No,NoIntersection,LightRain,NoCollision,6,Thursday,22,False,False
201800044172,NonLethal,Daylight,No,NoIntersection,Normal,3+Vehicles-Chain,8,Tuesday,16,False,False
201800044377,NonLethal,NightStreelightsOn,No,NoIntersection,Normal,2Vehicles-Behind,11,Tuesday,6,False,True
201800038162,NonLethal,NightStreelightsOn,Yes,NoIntersection,Normal,Other,11,Wednesday,21,False,False
201800018967,NonLethal,NightNoStreetLight,No,NoIntersection,Normal,Other,4,Saturday,3,True,True
201800003497,NonLethal,Daylight,No,NoIntersection,Normal,2Vehicles-Behind,4,Friday,14,False,False
201800037472,NonLethal,Daylight,Yes,X-type,VeryGood,Other,7,Thursday,9,False,False
201800016663,NonLethal,Daylight,Yes,Roundabout,Normal,2Vehicles-Side,6,Friday,13,False,False
201800051908,NonLethal,Daylight,Yes,Square,Normal,2Vehicles-Side,1,Sunday,15,True,False
201800034044,NonLethal,Daylight,Yes,NoIntersection,Normal,2Vehicles-BehindVehicles-Frontal,8,Thursday,18,False,False
201800022771,NonLethal,Daylight,No,NoIntersection,Normal,2Vehicles-Behind,8,Friday,8,False,False
201800012058,NonLethal,Daylight,No,X-type,Normal,2Vehicles-Side,3,Sunday,18,True,False
201800029116,NonLethal,Daylight,Yes,NoIntersection,Normal,Other,6,Wednesday,12,False,False
201800033156,NonLethal,Daylight,Yes,X-type,LightRain,Other,9,Thursday,11,False,False
201800001338,NonLethal,Daylight,Yes,Y-type,Normal,Other,5,Wednesday,18,False,False
201800017155,NonLethal,Daylight,No,NoIntersection,Normal,2Vehicles-BehindVehicles-Frontal,1,Sunday,14,True,False
201800042056,NonLethal,Daylight,Yes,X-type,Normal,2Vehicles-Side,11,Saturday,8,True,False
201800000612,NonLethal,Daylight,Yes,NoIntersection,Normal,2Vehicles-Side,1,Wednesday,18,False,False
201800031569,NonLethal,TwilightOrDawn,No,T-type,Normal,2Vehicles-Side,3,Thursday,7,False,False
201800051018,NonLethal,NightStreelightsOn,Yes,X-type,LightRain,2Vehicles-Behind,3,Saturday,20,True,False
201800021008,NonLethal,Daylight,Yes,NoIntersection,Normal,2Vehicles-Side,6,Wednesday,7,False,False
201800018866,Lethal,Daylight,No,NoIntersection,Normal,NoCollision,1,Sunday,15,True,False
201800019717,NonLethal,Daylight,No,NoIntersection,Normal,2Vehicles-Behind,8,Tuesday,8,False,False
201800051825,NonLethal,Daylight,Yes,Square,LightRain,Other,7,Tuesday,11,False,False
201800014701,NonLethal,Daylight,Yes,X-type,Normal,2Vehicles-BehindVehicles-Frontal,7,Wednesday,18,False,False
201800031399,Lethal,Daylight,Yes,Other,Normal,2Vehicles-Side,3,Saturday,14,True,False
201800035298,NonLethal,Daylight,Yes,NoIntersection,Normal,Other,9,Friday,11,False,False
201800047558,NonLethal,Daylight,Yes,NoIntersection,Normal,Other,6,Tuesday,16,False,False
201800047314,NonLethal,Daylight,Yes,NoIntersection,Normal,Other,1,Thursday,13,False,False
201800031734,NonLethal,Daylight,Yes,NoIntersection,Normal,Other,5,Monday,16,False,False
201800035622,NonLethal,NightStreelightsOn,Yes,NoIntersection,HeavyRain,NoCollision,10,Saturday,20,True,False
201800021524,NonLethal,NightNoStreetLight,No,NoIntersection,SnowOrHail,3+Vehicles-Chain,2,Sunday,20,True,False
201800008519,NonLethal,TwilightOrDawn,Yes,NoIntersection,Normal,2Vehicles-BehindVehicles-Frontal,2,Tuesday,7,False,False
201800000577,NonLethal,Daylight,No,NoIntersection,Normal,NoCollision,8,Tuesday,17,False,False
201800011778,NonLethal,Daylight,No,NoIntersection,Normal,NoCollision,7,Monday,7,False,False
201800013523,NonLethal,Daylight,Yes,NoIntersection,Normal,2Vehicles-BehindVehicles-Frontal,10,Tuesday,14,False,False
201800025309,NonLethal,Daylight,Yes,T-type,Normal,2Vehicles-Side,4,Sunday,20,True,False
201800037683,NonLethal,Daylight,Yes,NoIntersection,Normal,Other,4,Thursday,15,False,False
201800013194,NonLethal,Daylight,No,NoIntersection,Normal,Other,11,Thursday,16,False,False
201800005533,NonLethal,NightStreelightsOn,Yes,Y-type,Normal,Other,10,Wednesday,21,False,False
201800048420,NonLethal,Daylight,Yes,NoIntersection,Normal,2Vehicles-Side,7,Sunday,19,True,False
201800013599,Lethal,NightNoStreetLight,No,Y-type,Normal,Other,11,Saturday,21,True,False
201800033985,NonLethal,Daylight,No,NoIntersection,Normal,2Vehicles-Side,5,Friday,10,False,False
201800014080,NonLethal,Daylight,No,NoIntersection,Normal,2Vehicles-Side,9,Thursday,14,False,False
201800038211,NonLethal,Daylight,Yes,NoIntersection,Normal,2Vehicles-Behind,6,Friday,18,False,False
201800004896,NonLethal,Daylight,Yes,NoIntersection,LightRain,3+Vehicles-Chain,8,Sunday,16,True,False
201800044165,NonLethal,Daylight,No,NoIntersection,Normal,2Vehicles-Behind,8,Tuesday,11,False,False
201800014299,NonLethal,Daylight,No,NoIntersection,SnowOrHail,NoCollision,12,Sunday,8,True,False
201800017763,NonLethal,Daylight,Yes,NoIntersection,Normal,Other,4,Tuesday,11,False,False
201800022540,NonLethal,NightStreelightsOn,Yes,T-type,LightRain,2Vehicles-Side,2,Saturday,5,True,True
201800021411,Lethal,Daylight,Yes,Roundabout,Normal,2Vehicles-Side,3,Monday,13,False,False
201800035399,NonLethal,NightNoStreetLight,No,NoIntersection,Normal,2Vehicles-BehindVehicles-Frontal,7,Sunday,22,True,False
201800047794,NonLethal,NightStreelightsOn,Yes,NoIntersection,Normal,Other,11,Saturday,19,True,False
201800031053,NonLethal,Daylight,Yes,NoIntersection,Normal,2Vehicles-Side,9,Wednesday,8,False,False
201800020543,NonLethal,Daylight,Yes,Roundabout,Normal,2Vehicles-Side,8,Sunday,17,True,False
201800029408,NonLethal,NightStreelightsOn,Yes,Roundabout,Normal,2Vehicles-Side,1,Friday,22,False,False
201800056633,NonLethal,Daylight,No,NoIntersection,Normal,2Vehicles-BehindVehicles-Frontal,12,Friday,7,False,False
201800014316,NonLethal,Daylight,Yes,Other,Normal,2Vehicles-Side,9,Tuesday,17,False,False
201800025279,NonLethal,Daylight,Yes,NoIntersection,Normal,Other,3,Saturday,18,True,False
201800013333,NonLethal,Daylight,Yes,NoIntersection,Normal,NoCollision,11,Saturday,12,True,False
201800052563,NonLethal,Daylight,Yes,X-type,Normal,2Vehicles-Side,10,Sunday,12,True,False
201800039664,NonLethal,NightStreelightsOn,Yes,X-type,Normal,Other,5,Thursday,7,False,False
201800029529,Lethal,Daylight,Yes,NoIntersection,Normal,2Vehicles-BehindVehicles-Frontal,6,Wednesday,17,False,False
201800055567,NonLethal,Daylight,Yes,NoIntersection,Normal,3+Vehicles-Chain,8,Friday,10,False,False
201800041289,NonLethal,TwilightOrDawn,Yes,T-type,Normal,2Vehicles-Behind,10,Tuesday,18,False,False
201800008928,NonLethal,Daylight,Yes,NoIntersection,Normal,Other,4,Saturday,18,True,False
201800046973,NonLethal,Daylight,No,NoIntersection,Normal,2Vehicles-Behind,10,Saturday,13,True,False
201800052988,NonLethal,Daylight,Yes,Square,LightRain,Other,4,Sunday,12,True,False
201800046776,NonLethal,Daylight,No,NoIntersection,Normal,2Vehicles-Side,7,Saturday,17,True,False
201800035087,NonLethal,NightStreelightsOn,Yes,NoIntersection,Normal,Other,11,Wednesday,0,False,True
201800027332,NonLethal,Daylight,Yes,NoIntersection,HeavyRain,Other,11,Tuesday,14,False,False
201800043044,NonLethal,Daylight,No,NoIntersection,Normal,2Vehicles-Side,8,Thursday,19,False,False
201800047311,NonLethal,NightStreelightsOn,Yes,T-type,Normal,2Vehicles-Side,9,Saturday,18,True,False
201800004933,NonLethal,NightStreelightsOn,Yes,NoIntersection,Normal,Other,1,Monday,17,False,False
201800036609,NonLethal,Daylight,Yes,Roundabout,Normal,Other,10,Friday,16,False,False
201800007674,NonLethal,Daylight,Yes,NoIntersection,Normal,3+Vehicles-Chain,9,Tuesday,15,False,False
201800046901,NonLethal,Daylight,No,NoIntersection,Normal,3+Vehicles-Chain,9,Tuesday,10,False,False
201800022486,NonLethal,NightStreelightsOn,No,NoIntersection,Normal,Other,4,Friday,22,False,False
201800010711,NonLethal,Daylight,Yes,NoIntersection,Overcast,NoCollision,4,Sunday,13,True,False
201800015347,NonLethal,TwilightOrDawn,No,X-type,Normal,2Vehicles-BehindVehicles-Frontal,8,Saturday,19,True,False
201800009763,NonLethal,NightStreelightsOn,Yes,NoIntersection,Normal,Other,9,Friday,22,False,False
201800034314,NonLethal,NightNoStreetLight,No,NoIntersection,Normal,3+Vehicles-Multiple,2,Saturday,18,True,False
201800055587,NonLethal,TwilightOrDawn,Yes,NoIntersection,Normal,2Vehicles-Behind,9,Saturday,19,True,False
201800010744,NonLethal,TwilightOrDawn,No,NoIntersection,Normal,Other,8,Thursday,6,False,True
201800009815,NonLethal,Daylight,Yes,NoIntersection,Normal,2Vehicles-Side,9,Friday,14,False,False
201800051618,NonLethal,Daylight,Yes,X-type,Overcast,Other,11,Friday,11,False,False
201800045078,NonLethal,NightNoStreetLight,No,NoIntersection,Normal,2Vehicles-Behind,7,Monday,2,False,True
201800006428,NonLethal,NightNoStreetLight,No,NoIntersection,Normal,2Vehicles-BehindVehicles-Frontal,9,Friday,20,False,False
201800019615,NonLethal,Daylight,Yes,T-type,Normal,2Vehicles-Side,3,Friday,14,False,False
201800030783,NonLethal,Daylight,Yes,NoIntersection,LightRain,2Vehicles-Behind,11,Sunday,10,True,False
201800016938,NonLethal,Daylight,No,Other,Other,2Vehicles-BehindVehicles-Frontal,3,Sunday,12,True,False
201800057636,NonLethal,Daylight,Yes,NoIntersection,Normal,Other,6,Tuesday,15,False,False
201800020054,NonLethal,Daylight,No,X-type,Normal,3+Vehicles-Multiple,1,Tuesday,11,False,False
201800033413,NonLethal,Daylight,Yes,NoIntersection,Normal,2Vehicles-Side,1,Friday,11,False,False
201800033430,NonLethal,NightNoStreetLight,Yes,NoIntersection,LightRain,Other,2,Friday,5,False,True
201800025990,NonLethal,NightStreelightsOn,Yes,T-type,LightRain,2Vehicles-Side,3,Thursday,20,False,False
201800004665,Lethal,Daylight,No,NoIntersection,Normal,3+Vehicles-Multiple,9,Wednesday,17,False,False
201800000580,NonLethal,NightNoStreetLight,No,NoIntersection,Normal,NoCollision,10,Saturday,7,True,False
201800013624,NonLethal,Daylight,No,T-type,Normal,2Vehicles-Side,1,Friday,14,False,False
201800015292,NonLethal,Daylight,Yes,X-type,Normal,2Vehicles-Side,8,Wednesday,18,False,False
201800047806,NonLethal,NightStreelightsOn,Yes,NoIntersection,LightRain,2Vehicles-Behind,11,Tuesday,20,False,False
201800046636,NonLethal,Daylight,No,NoIntersection,Normal,3+Vehicles-Chain,1,Saturday,16,True,False
201800000636,NonLethal,NightNoStreetLight,No,NoIntersection,Normal,NoCollision,10,Sunday,5,True,True
201800014621,NonLethal,Daylight,No,NoIntersection,Normal,NoCollision,8,Saturday,18,True,False
201800024600,NonLethal,Daylight,Yes,X-type,Normal,2Vehicles-Side,11,Thursday,12,False,False
201800018937,NonLethal,Daylight,No,Roundabout,Normal,Other,8,Friday,19,False,False
201800053336,NonLethal,Daylight,Yes,NoIntersection,Normal,2Vehicles-Side,4,Tuesday,8,False,False
201800020199,NonLethal,Daylight,No,NoIntersection,VeryGood,2Vehicles-BehindVehicles-Frontal,7,Monday,16,False,False
201800005159,NonLethal,Daylight,Yes,Other,Normal,Other,3,Friday,9,False,False
201800051381,NonLethal,NightStreelightsOn,Yes,NoIntersection,Normal,2Vehicles-Behind,8,Sunday,0,True,True
201800042627,NonLethal,TwilightOrDawn,Yes,T-type,Normal,Other,12,Monday,8,False,False
201800042568,NonLethal,Daylight,Yes,T-type,LightRain,NoCollision,9,Saturday,18,True,False
201800005496,NonLethal,Daylight,Yes,NoIntersection,LightRain,2Vehicles-Side,11,Friday,13,False,False
201800013309,NonLethal,Daylight,No,Other,Normal,3+Vehicles-Chain,7,Monday,14,False,False
201800036538,NonLethal,NightStreelightsOn,Yes,NoIntersection,Normal,2Vehicles-Side,5,Thursday,22,False,False
201800029779,NonLethal,NightStreelightsOn,Yes,NoIntersection,Normal,Other,7,Friday,22,False,False
201800031666,NonLethal,Daylight,Yes,NoIntersection,Normal,2Vehicles-Side,2,Thursday,17,False,False
201800032934,NonLethal,Daylight,Yes,NoIntersection,Normal,Other,8,Tuesday,9,False,False
201800057532,NonLethal,NightNoStreetLight,No,NoIntersection,Normal,2Vehicles-Behind,10,Wednesday,19,False,False
201800045356,NonLethal,Daylight,No,NoIntersection,Normal,3+Vehicles-Multiple,10,Sunday,18,True,False
201800006979,Lethal,Daylight,No,Other,SnowOrHail,2Vehicles-BehindVehicles-Frontal,5,Wednesday,17,False,False
201800031759,NonLethal,NightStreelightsOn,Yes,X-type,HeavyRain,2Vehicles-Side,5,Thursday,23,False,False
201800013529,NonLethal,Daylight,Yes,NoIntersection,Normal,Other,1,Thursday,11,False,False
201800022393,NonLethal,TwilightOrDawn,Yes,NoIntersection,Normal,NoCollision,9,Friday,7,False,False
201800014366,NonLethal,Daylight,No,NoIntersection,Normal,2Vehicles-Side,9,Sunday,18,True,False
201800050235,NonLethal,Daylight,Yes,Square,Normal,2Vehicles-Side,3,Sunday,16,True,False
201800032230,NonLethal,Daylight,No,NoIntersection,Normal,3+Vehicles-Multiple,12,Sunday,11,True,False
201800023937,Lethal,Daylight,Yes,X-type,Normal,2Vehicles-Side,6,Wednesday,9,False,False
201800013524,NonLethal,Daylight,No,NoIntersection,Normal,Other,10,Saturday,10,True,False
201800055142,NonLethal,Daylight,Yes,X-type,Normal,2Vehicles-Side,10,Monday,9,False,False
201800056264,NonLethal,Daylight,Yes,T-type,Normal,2Vehicles-Side,9,Tuesday,8,False,False
201800035131,NonLethal,NightStreelightsOn,Yes,NoIntersection,Normal,Other,9,Sunday,7,True,False
201800009915,NonLethal,TwilightOrDawn,Yes,NoIntersection,Normal,2Vehicles-BehindVehicles-Frontal,10,Monday,18,False,False
201800053764,NonLethal,NightStreelightsOn,Yes,T-type,Normal,3+Vehicles-Chain,4,Thursday,23,False,False
201800041085,NonLethal,Daylight,Yes,NoIntersection,SnowOrHail,2Vehicles-Side,2,Tuesday,10,False,False
201800015594,NonLethal,Daylight,Yes,NoIntersection,Normal,NoCollision,8,Tuesday,17,False,False
201800007394,NonLethal,Daylight,Yes,Roundabout,Normal,2Vehicles-Side,9,Saturday,18,True,False
201800037191,NonLethal,TwilightOrDawn,No,T-type,Normal,2Vehicles-Side,11,Tuesday,17,False,False
201800020128,NonLethal,NightNoStreetLight,No,NoIntersection,LightRain,Other,10,Thursday,2,False,True
201800006284,NonLethal,Daylight,No,NoIntersection,Normal,2Vehicles-Side,5,Monday,17,False,False
201800041996,NonLethal,Daylight,Yes,NoIntersection,Normal,2Vehicles-Side,5,Monday,6,False,True
201800051741,NonLethal,Daylight,Yes,NoIntersection,Normal,2Vehicles-Behind,6,Tuesday,16,False,False
201800041756,NonLethal,Daylight,Yes,NoIntersection,Normal,2Vehicles-Behind,5,Saturday,14,True,False
201800042082,NonLethal,Daylight,Yes,X-type,Normal,2Vehicles-Side,3,Thursday,8,False,False
201800036971,NonLethal,Daylight,Yes,Y-type,Normal,2Vehicles-Side,2,Friday,13,False,False
201800034814,NonLethal,Daylight,Yes,NoIntersection,Overcast,Other,3,Saturday,16,True,False
201800049839,NonLethal,NightNoStreetLight,No,NoIntersection,Normal,2Vehicles-Behind,5,Wednesday,23,False,False
201800020787,NonLethal,NightStreelightsOff,Yes,NoIntersection,LightRain,3+Vehicles-Multiple,1,Saturday,6,True,True
201800029908,NonLethal,Daylight,No,NoIntersection,SnowOrHail,NoCollision,12,Thursday,12,False,False
201800030313,NonLethal,Daylight,Yes,NoIntersection,Normal,Other,9,Sunday,11,True,False
201800042240,NonLethal,Daylight,Yes,NoIntersection,Normal,Other,2,Wednesday,9,False,False
201800042361,NonLethal,Daylight,Yes,NoIntersection,Normal,2Vehicles-Side,9,Tuesday,14,False,False
201800009816,Lethal,NightStreelightsOn,Yes,NoIntersection,Normal,Other,9,Saturday,2,True,True
201800017767,NonLethal,Daylight,Yes,NoIntersection,LightRain,Other,5,Thursday,7,False,False
201800027883,NonLethal,Daylight,Yes,Roundabout,Normal,2Vehicles-Side,11,Sunday,12,True,False
201800047473,NonLethal,Daylight,Yes,NoIntersection,Normal,2Vehicles-Behind,4,Tuesday,17,False,False
201800043220,NonLethal,Daylight,Yes,NoIntersection,Normal,2Vehicles-BehindVehicles-Frontal,5,Saturday,14,True,False
201800055574,NonLethal,Daylight,Yes,NoIntersection,Normal,2Vehicles-Behind,8,Thursday,9,False,False
201800056755,NonLethal,TwilightOrDawn,No,NoIntersection,Normal,2Vehicles-Behind,11,Monday,17,False,False
201800028153,NonLethal,Daylight,Yes,NoIntersection,Normal,2Vehicles-Side,11,Wednesday,13,False,False
201800017281,NonLethal,Daylight,No,NoIntersection,LightRain,Other,3,Monday,17,False,False
201800026995,NonLethal,NightNoStreetLight,No,NoIntersection,Normal,3+Vehicles-Multiple,11,Saturday,17,True,False
201800003320,NonLethal,Daylight,No,NoIntersection,FogOrSmoke,2Vehicles-Side,10,Sunday,9,True,False
201800043440,NonLethal,Daylight,Yes,NoIntersection,Normal,Other,5,Wednesday,9,False,False
201800007927,NonLethal,Daylight,No,Roundabout,Normal,Other,4,Saturday,17,True,False
201800056575,Lethal,NightNoStreetLight,No,NoIntersection,Normal,2Vehicles-BehindVehicles-Frontal,4,Monday,5,False,True
201800044100,NonLethal,Daylight,No,NoIntersection,LightRain,2Vehicles-Behind,5,Monday,18,False,False
201800019894,Lethal,NightNoStreetLight,No,NoIntersection,LightRain,2Vehicles-BehindVehicles-Frontal,1,Friday,19,False,False
201800044282,NonLethal,Daylight,No,NoIntersection,Normal,2Vehicles-Behind,10,Friday,9,False,False
201800027323,NonLethal,Daylight,Yes,NoIntersection,Normal,NoCollision,6,Wednesday,9,False,False
201800008503,NonLethal,Daylight,Yes,T-type,Normal,2Vehicles-Side,10,Tuesday,11,False,False
201800051360,NonLethal,Daylight,Yes,T-type,Normal,2Vehicles-Behind,6,Saturday,14,True,False
201800012299,NonLethal,Daylight,No,NoIntersection,LightRain,NoCollision,5,Tuesday,12,False,False
201800005850,NonLethal,TwilightOrDawn,Yes,NoIntersection,Normal,Other,11,Tuesday,16,False,False
201800040237,NonLethal,Daylight,Yes,X-type,HeavyRain,2Vehicles-Side,11,Wednesday,11,False,False
201800024576,Lethal,NightStreelightsOn,Yes,NoIntersection,Overcast,Other,2,Sunday,18,True,False
201800027398,Lethal,Daylight,No,NoIntersection,Normal,2Vehicles-Behind,8,Tuesday,9,False,False
201800050506,NonLethal,NightStreelightsOn,Yes,Y-type,LightRain,2Vehicles-Side,12,Wednesday,22,False,False
201800012197,NonLethal,Daylight,Yes,NoIntersection,Normal,Other,11,Thursday,11,False,False
201800047683,NonLethal,TwilightOrDawn,Yes,NoIntersection,Normal,NoCollision,9,Friday,19,False,False
201800052280,NonLethal,TwilightOrDawn,Yes,T-type,Normal,Other,3,Monday,15,False,False
201800048170,NonLethal,Daylight,Yes,NoIntersection,Normal,Other,4,Friday,17,False,False
201800000701,Lethal,Daylight,No,T-type,Normal,2Vehicles-Side,8,Friday,12,False,False
201800036140,NonLethal,Daylight,Yes,NoIntersection,Normal,2Vehicles-Side,7,Tuesday,16,False,False
201800012057,NonLethal,Daylight,No,NoIntersection,Normal,NoCollision,3,Saturday,13,True,False
201800039408,NonLethal,Daylight,Yes,X-type,Normal,2Vehicles-Side,8,Friday,8,False,False
201800021490,NonLethal,NightStreelightsOn,Yes,NoIntersection,Normal,Other,4,Saturday,4,True,True
201800011136,NonLethal,NightNoStreetLight,No,NoIntersection,Normal,3+Vehicles-Multiple,12,Thursday,17,False,False
201800047497,NonLethal,Daylight,Yes,NoIntersection,Normal,2Vehicles-Behind,5,Monday,15,False,False
201800010837,NonLethal,Daylight,No,NoIntersection,Normal,NoCollision,7,Wednesday,14,False,False
201800007229,NonLethal,NightNoStreetLight,No,Other,LightRain,2Vehicles-BehindVehicles-Frontal,3,Saturday,20,True,False
201800052073,NonLethal,Daylight,Yes,NoIntersection,Normal,2Vehicles-Side,6,Thursday,19,False,False
201800022498,NonLethal,NightStreelightsOn,Yes,NoIntersection,Normal,2Vehicles-Side,7,Saturday,22,True,False
201800049046,NonLethal,NightStreelightsOff,No,NoIntersection,Normal,2Vehicles-Behind,11,Wednesday,19,False,False
201800030565,NonLethal,Daylight,Yes,Roundabout,LightRain,NoCollision,10,Friday,11,False,False
201800040150,NonLethal,NightStreelightsOn,Yes,NoIntersection,Normal,Other,12,Sunday,0,True,True
201800040625,NonLethal,Daylight,Yes,NoIntersection,Normal,2Vehicles-Side,10,Wednesday,8,False,False
201800018208,NonLethal,Daylight,Yes,Square,Normal,Other,12,Tuesday,15,False,False
201800040744,NonLethal,Daylight,Yes,Square,Normal,2Vehicles-Side,3,Thursday,8,False,False
201800024092,NonLethal,Daylight,No,NoIntersection,LightRain,Other,12,Monday,11,False,False
201800021464,NonLethal,Daylight,Yes,NoIntersection,Overcast,2Vehicles-Behind,12,Thursday,13,False,False
201800039968,NonLethal,Daylight,Yes,NoIntersection,Normal,Other,6,Monday,19,False,False