AccidentId,Gravity,Light,InAgglomeration,IntersectionType,Weather,CollisionType,Month,DayOfWeek,HourOfDay,IsWeekend,IsNight
201800026568,NonLethal,Daylight,Yes,NoIntersection,Normal,2Vehicles-BehindVehicles-Frontal,7,Friday,11,False,False
201800007748,NonLethal,Daylight,Yes,NoIntersection,Normal,Other,4,Tuesday,19,False,False
201800053516,NonLethal,Daylight,Yes,X-type,Normal,Other,9,Friday,15,False,False
201800014488,NonLethal,Daylight,No,NoIntersection,Normal,NoCollision,4,Thursday,17,False,False
201800016399,NonLethal,NightNoStreetLight,No,NoIntersection,Normal,Other,11,Saturday,19,True,False
201800013778,NonLethal,TwilightOrDawn,Yes,NoIntersection,Normal,2Vehicles-Side,6,Sunday,20,True,False
201800022255,NonLethal,Daylight,Yes,NoIntersection,LightRain,NoCollision,3,Friday,8,False,False
201800012041,NonLethal,Daylight,Yes,Y-type,Normal,NoCollision,7,Thursday,17,False,False
201800055422,NonLethal,Daylight,Yes,NoIntersection,Normal,2Vehicles-Side,5,Thursday,18,False,False
201800028403,NonLethal,Daylight,Yes,NoIntersection,Normal,Other,5,Saturday,17,True,False
201800008622,NonLethal,Daylight,Yes,T-type,Normal,2Vehicles-BehindVehicles-Frontal,3,Thursday,18,False,False
201800045454,NonLethal,NightNoStreetLight,No,NoIntersection,Normal,2Vehicles-Side,11,Wednesday,6,False,True
201800035534,NonLethal,NightNoStreetLight,No,NoIntersection,Normal,2Vehicles-BehindVehicles-Frontal,1,Friday,5,False,True
201800000343,NonLethal,Daylight,No,NoIntersection,Normal,2Vehicles-BehindVehicles-Frontal,9,Saturday,9,True,False
201800017366,NonLethal,Daylight,Yes,Roundabout,Normal,2Vehicles-Side,7,Tuesday,14,False,False
201800041387,NonLethal,Daylight,No,NoIntersection,LightRain,2Vehicles-Behind,1,Thursday,11,False,False
201800055403,NonLethal,Daylight,Yes,NoIntersection,Normal,3+Vehicles-Chain,5,Wednesday,8,False,False
201800022455,NonLethal,Daylight,No,NoIntersection,Normal,Other,11,Thursday,9,False,False
201800048900,NonLethal,Daylight,No,NoIntersection,Normal,3+Vehicles-Chain,5,Friday,20,False,False
201800023884,NonLethal,Daylight,Yes,X-type,LightRain,2Vehicles-Side,3,Sunday,17,True,False
201800056037,NonLethal,NightStreelightsOn,Yes,NoIntersection,Normal,2Vehicles-Side,9,Tuesday,23,False,False
201800037086,NonLethal,Daylight,Yes,T-type,Normal,Other,9,Saturday,16,True,False
201800000459,Lethal,Daylight,No,NoIntersection,SnowOrHail,2Vehicles-BehindVehicles-Frontal,5,Wednesday,12,False,False
201800044642,NonLethal,NightNoStreetLight,No,NoIntersection,SnowOrHail,Other,3,Thursday,1,False,True
201800034396,NonLethal,NightStreelightsOn,Yes,NoIntersection,Normal,Other,8,Saturday,23,True,False
201800033789,NonLethal,Daylight,Yes,X-type,Normal,Other,6,Saturday,15,True,False
201800036494,NonLethal,Daylight,Yes,Roundabout,Normal,Other,10,Tuesday,14,False,False
201800050686,NonLethal,Daylight,Yes,X-type,Normal,2Vehicles-Behind,7,Thursday,18,False,False
201800028461,NonLethal,Daylight,Yes,NoIntersection,Normal,3+Vehicles-Chain,6,Thursday,19,False,False
201800010422,NonLethal,Daylight,No,NoIntersection,Normal,3+Vehicles-Multiple,10,Friday,15,False,False
201800052600,NonLethal,Daylight,Yes,X-type,Normal,2Vehicles-Side,11,Friday,14,False,False
201800055425,NonLethal,Daylight,Yes,NoIntersection,Normal,2Vehicles-Side,6,Monday,8,False,False
201800020566,NonLethal,Daylight,Yes,NoIntersection,Normal,2Vehicles-Behind,3,Friday,14,False,False
201800007922,NonLethal,Daylight,Yes,X-type,LightRain,Other,11,Friday,13,False,False
201800000743,NonLethal,Daylight,Yes,NoIntersection,Normal,Other,12,Monday,18,False,False
201800037426,NonLethal,Daylight,Yes,NoIntersection,Normal,3+Vehicles-Multiple,8,Saturday,10,True,False
201800016640,NonLethal,Daylight,No,NoIntersection,Normal,Other,4,Monday,18,False,False
201800016538,Lethal,Daylight,No,NoIntersection,Normal,2Vehicles-BehindVehicles-Frontal,9,Monday,11,False,False
201800052944,NonLethal,Daylight,Yes,T-type,Normal,2Vehicles-Side,2,Thursday,9,False,False
201800024292,NonLethal,NightNoStreetLight,Yes,NoIntersection,Normal,Other,4,Tuesday,21,False,False
201800049315,NonLethal,NightStreelightsOn,No,NoIntersection,Normal,2Vehicles-Behind,11,Thursday,18,False,False
201800015640,NonLethal,Daylight,No,Other,Normal,2Vehicles-Behind,5,Monday,15,False,False
201800021788,NonLethal,NightNoStreetLight,No,NoIntersection,LightRain,2Vehicles-BehindVehicles-Frontal,11,Friday,19,False,False
201800003311,NonLethal,Daylight,Yes,T-type,Normal,2Vehicles-Side,4,Saturday,16,True,False
201800029498,NonLethal,Daylight,No,NoIntersection,Normal,Other,7,Thursday,17,False,False
201800019286,NonLethal,Daylight,Yes,NoIntersection,Normal,Other,11,Tuesday,12,False,False
201800039298,NonLethal,Daylight,Yes,NoIntersection,Normal,2Vehicles-Behind,5,Wednesday,14,False,False
201800010554,NonLethal,Daylight,Yes,NoIntersection,Normal,2Vehicles-Behind,8,Thursday,15,False,False
201800010512,NonLethal,NightNoStreetLight,No,NoIntersection,Normal,2Vehicles-Behind,9,Tuesday,20,False,False
201800047131,NonLethal,Daylight,No,NoIntersection,Normal,3+Vehicles-Multiple,12,Tuesday,12,False,False
201800001321,NonLethal,NightStreelightsOn,Yes,NoIntersection,HeavyRain,2Vehicles-Side,11,Thursday,17,False,False
201800020322,NonLethal,NightNoStreetLight,No,Other,Normal,Other,3,Saturday,4,True,True
201800007331,NonLethal,Daylight,Yes,Other,Normal,2Vehicles-BehindVehicles-Frontal,5,Friday,16,False,False
201800042729,NonLethal,NightStreelightsOn,Yes,NoIntersection,LightRain,Other,1,Monday,18,False,False
201800002721,NonLethal,Daylight,No,Other,Normal,NoCollision,6,Friday,12,False,False
201800032696,NonLethal,Daylight,No,NoIntersection,Normal,2Vehicles-Side,2,Wednesday,7,False,False
201800040804,NonLethal,NightStreelightsOn,Yes,NoIntersection,Normal,Other,11,Thursday,21,False,False
201800053023,NonLethal,Daylight,Yes,X-type,Normal,Other,5,Thursday,11,False,False
201800052129,NonLethal,Daylight,Yes,NoIntersection,Normal,NoCollision,8,Wednesday,15,False,False
201800017505,NonLethal,Daylight,Yes,NoIntersection,LightRain,Other,5,Monday,19,False,False
201800021705,Lethal,NightStreelightsOff,No,NoIntersection,HeavyRain,2Vehicles-BehindVehicles-Frontal,12,Sunday,1,True,True
201800005911,NonLethal,NightStreelightsOn,Yes,NoIntersection,Normal,2Vehicles-BehindVehicles-Frontal,2,Sunday,3,True,True
201800035758,Lethal,NightNoStreetLight,Yes,NoIntersection,Normal,Other,10,Tuesday,18,False,False
201800034186,NonLethal,TwilightOrDawn,Yes,X-type,Normal,2Vehicles-Side,4,Friday,6,False,True
201800004928,Lethal,TwilightOrDawn,No,X-type,Normal,2Vehicles-Side,6,Thursday,22,False,False
201800022305,NonLethal,Daylight,No,NoIntersection,Normal,2Vehicles-Behind,3,Friday,8,False,False
201800043817,NonLethal,NightNoStreetLight,No,Other,LightRain,2Vehicles-Behind,2,Thursday,18,False,False
201800026047,NonLethal,Daylight,Yes,X-type,Normal,2Vehicles-Side,12,Monday,7,False,False
201800038690,NonLethal,Daylight,Yes,NoIntersection,Normal,2Vehicles-BehindVehicles-Frontal,3,Monday,15,False,False
201800057567,NonLethal,Daylight,Yes,NoIntersection,Normal,2Vehicles-BehindVehicles-Frontal,1,Friday,15,False,False
201800008846,NonLethal,Daylight,Yes,NoIntersection,Normal,2Vehicles-Behind,4,Thursday,13,False,False
201800033093,NonLethal,NightStreelightsOn,Yes,Roundabout,LightRain,2Vehicles-Side,2,Friday,18,False,False
201800018028,NonLethal,NightStreelightsOn,Yes,Y-type,Normal,2Vehicles-BehindVehicles-Frontal,5,Tuesday,1,False,True
201800050554,NonLethal,Daylight,Yes,Square,Normal,2Vehicles-Side,5,Friday,12,False,False
201800004938,NonLethal,NightNoStreetLight,No,NoIntersection,Normal,NoCollision,4,Wednesday,5,False,True
201800009246,NonLethal,Daylight,Yes,NoIntersection,Normal,Other,6,Wednesday,17,False,False
201800011198,NonLethal,NightNoStreetLight,No,NoIntersection,Normal,NoCollision,8,Friday,22,False,False
201800010749,NonLethal,Daylight,Yes,NoIntersection,Normal,Other,5,Friday,18,False,False
201800009600,NonLethal,Daylight,Yes,NoIntersection,Normal,Other,8,Tuesday,10,False,False
201800022598,NonLethal,Daylight,Yes,X-type,Normal,2Vehicles-Side,8,Friday,12,False,False
201800019908,NonLethal,Daylight,No,NoIntersection,Normal,2Vehicles-Side,9,Wednesday,8,False,False
201800053564,NonLethal,Daylight,Yes,X-type,Normal,2Vehicles-Behind,10,Wednesday,8,False,False
201800003743,NonLethal,NightNoStreetLight,No,NoIntersection,LightRain,3+Vehicles-Multiple,12,Sunday,18,True,False
201800041127,NonLethal,Daylight,Yes,X-type,Normal,Other,2,Monday,10,False,False
201800038350,NonLethal,NightStreelightsOn,Yes,NoIntersection,Normal,Other,12,Wednesday,18,False,False
201800036185,NonLethal,NightNoStreetLight,Yes,NoIntersection,Normal,2Vehicles-BehindVehicles-Frontal,9,Monday,22,False,False
201800050556,NonLethal,Daylight,Yes,T-type,Normal,Other,5,Sunday,18,True,False
201800025605,NonLethal,TwilightOrDawn,Yes,Other,Overcast,NoCollision,11,Tuesday,8,False,False
201800048400,NonLethal,Daylight,Yes,T-type,Normal,Other,7,Thursday,9,False,False
201800020092,NonLethal,Daylight,No,NoIntersection,Normal,NoCollision,2,Sunday,16,True,False
201800036028,NonLethal,Daylight,Yes,NoIntersection,Normal,2Vehicles-Behind,3,Thursday,13,False,False
201800027671,NonLethal,Daylight,No,NoIntersection,Overcast,NoCollision,1,Tuesday,8,False,False
201800014406,NonLethal,NightStreelightsOn,Yes,NoIntersection,Normal,2Vehicles-Behind,4,Friday,20,False,False
201800021772,NonLethal,Daylight,No,NoIntersection,Normal,2Vehicles-Behind,8,Wednesday,19,False,False
201800032331,NonLethal,Daylight,Yes,NoIntersection,Normal,Other,7,Thursday,11,False,False
201800035233,NonLethal,Daylight,No,NoIntersection,HeavyRain,2Vehicles-BehindVehicles-Frontal,3,Sunday,16,True,False
201800001620,Lethal,Daylight,Yes,NoIntersection,Normal,2Vehicles-BehindVehicles-Frontal,4,Thursday,14,False,False
201800018484,Lethal,Daylight,Yes,Y-type,Normal,Other,2,Tuesday,15,False,False
201800002337,NonLethal,Daylight,No,X-type,Normal,2Vehicles-Side,1,Saturday,15,True,False
201800003981,Lethal,Daylight,No,NoIntersection,Normal,2Vehicles-BehindVehicles-Frontal,2,Thursday,8,False,False
201800050650,NonLethal,Daylight,Yes,T-type,LightRain,3+Vehicles-Chain,1,Friday,14,False,False
201800028332,NonLethal,NightStreelightsOn,Yes,NoIntersection,LightRain,Other,2,Thursday,19,False,False
201800041504,NonLethal,Daylight,Yes,NoIntersection,Normal,Other,10,Friday,9,False,False
201800055713,NonLethal,NightStreelightsOn,Yes,NoIntersection,Normal,2Vehicles-Side,11,Thursday,19,False,False
201800017103,NonLethal,Daylight,No,NoIntersection,Normal,Other,2,Friday,18,False,False
201800001281,NonLethal,Daylight,No,NoIntersection,Normal,3+Vehicles-Multiple,7,Monday,15,False,False
201800010717,NonLethal,Daylight,No,NoIntersection,Normal,3+Vehicles-Multiple,12,Sunday,15,True,False
201800042668,NonLethal,Daylight,Yes,X-type,Normal,2Vehicles-Side,8,Sunday,16,True,False
201800055522,NonLethal,Daylight,Yes,NoIntersection,Normal,2Vehicles-Side,7,Tuesday,9,False,False
201800001110,NonLethal,Daylight,Yes,T-type,Normal,2Vehicles-Side,5,Friday,17,False,False
201800028701,NonLethal,NightStreelightsOn,Yes,Roundabout,Normal,2Vehicles-BehindVehicles-Frontal,4,Wednesday,22,False,False
201800009818,NonLethal,Daylight,Yes,T-type,Normal,Other,9,Saturday,14,True,False
201800002132,NonLethal,NightNoStreetLight,No,NoIntersection,Normal,NoCollision,8,Sunday,22,True,False
201800037627,NonLethal,Daylight,Yes,NoIntersection,Normal,2Vehicles-Side,6,Friday,9,False,False
201800050163,NonLethal,Daylight,No,NoIntersection,Normal,3+Vehicles-Chain,12,Wednesday,11,False,False
201800035972,NonLethal,TwilightOrDawn,Yes,NoIntersection,LightRain,Other,1,Saturday,8,True,False
201800006476,Lethal,NightNoStreetLight,No,NoIntersection,LightRain,2Vehicles-BehindVehicles-Frontal,11,Wednesday,22,False,False
201800025606,NonLethal,Daylight,Yes,NoIntersection,Normal,Other,11,Tuesday,14,False,False
201800029249,NonLethal,Daylight,Yes,T-type,Normal,2Vehicles-Side,12,Thursday,8,False,False
201800042774,NonLethal,Daylight,Yes,NoIntersection,Normal,Other,9,Sunday,16,True,False
201800003485,NonLethal,Daylight,No,X-type,Normal,2Vehicles-Side,7,Sunday,10,True,False
201800052287,NonLethal,NightStreelightsOn,Yes,Square,Normal,2Vehicles-Behind,12,Wednesday,7,False,False
201800006784,Lethal,Daylight,No,NoIntersection,Normal,2Vehicles-Behind,10,Saturday,16,True,False
201800033642,NonLethal,Daylight,Yes,NoIntersection,Normal,2Vehicles-Side,7,Saturday,20,True,False
201800023020,NonLethal,Daylight,No,NoIntersection,Normal,2Vehicles-Side,6,Monday,18,False,False
201800018243,NonLethal,Daylight,No,NoIntersection,LightRain,2Vehicles-BehindVehicles-Frontal,2,Sunday,14,True,False
201800031273,NonLethal,Daylight,Yes,NoIntersection,Normal,Other,6,Thursday,17,False,False
201800028861,NonLethal,TwilightOrDawn,Yes,NoIntersection,Normal,2Vehicles-Behind,11,Monday,8,False,False
201800033944,NonLethal,Daylight,Yes,NoIntersection,Normal,Other,8,Saturday,15,True,False
201800053480,NonLethal,Daylight,Yes,MoreThan4Branches,Normal,Other,8,Tuesday,18,False,False
201800022793,NonLethal,Daylight,No,NoIntersection,Normal,2Vehicles-Side,9,Friday,15,False,False
201800024891,NonLethal,Daylight,Yes,Roundabout,Normal,NoCollision,3,Friday,9,False,False
201800001053,NonLethal,NightNoStreetLight,No,NoIntersection,Normal,3+Vehicles-Multiple,12,Monday,18,False,False
201800005747,NonLethal,Daylight,Yes,NoIntersection,Normal,NoCollision,8,Thursday,17,False,False
201800028193,NonLethal,NightStreelightsOn,Yes,T-type,Normal,2Vehicles-BehindVehicles-Frontal,12,Saturday,20,True,False
201800005056,NonLethal,NightStreelightsOn,Yes,NoIntersection,Normal,Other,12,Thursday,22,False,False
201800054596,NonLethal,NightStreelightsOn,Yes,Square,Normal,3+Vehicles-Multiple,11,Thursday,17,False,False
201800001610,NonLethal,Daylight,Yes,NoIntersection,Normal,Other,4,Thursday,14,False,False
201800057730,NonLethal,Daylight,Yes,NoIntersection,Normal,NoCollision,10,Sunday,16,True,False
201800041414,NonLethal,Daylight,Yes,NoIntersection,Normal,2Vehicles-Side,6,Monday,10,False,False
201800031827,NonLethal,Daylight,Yes,NoIntersection,Normal,2Vehicles-Side,7,Saturday,12,True,False
201800034852,NonLethal,NightStreelightsOn,Yes,X-type,LightRain,2Vehicles-Side,10,Wednesday,23,False,False
201800045664,NonLethal,Daylight,No,NoIntersection,HeavyRain,2Vehicles-Side,1,Monday,10,False,False
201800049342,Lethal,Daylight,No,NoIntersection,Normal,3+Vehicles-Chain,3,Thursday,7,False,False
201800011826,NonLethal,Daylight,No,NoIntersection,Normal,NoCollision,4,Sunday,18,True,False
201800042442,NonLethal,NightStreelightsOn,Yes,Square,Normal,Other,2,Tuesday,20,False,False
201800032136,NonLethal,TwilightOrDawn,Yes,X-type,Normal,2Vehicles-Side,10,Tuesday,7,False,False
201800022174,NonLethal,Daylight,No,NoIntersection,Overcast,Other,1,Monday,9,False,False
201800008223,NonLethal,Daylight,Yes,Roundabout,Normal,2Vehicles-Side,2,Wednesday,15,False,False
201800050964,NonLethal,NightStreelightsOn,Yes,T-type,Normal,Other,12,Saturday,19,True,False
201800054230,NonLethal,Daylight,Yes,T-type,Normal,2Vehicles-Side,10,Monday,17,False,False
201800030388,NonLethal,Daylight,Yes,NoIntersection,Normal,Other,4,Friday,12,False,False
201800036338,NonLethal,NightStreelightsOn,Yes,Other,Normal,Other,5,Saturday,21,True,False
201800055252,NonLethal,Daylight,Yes,NoIntersection,LightRain,2Vehicles-Side,1,Wednesday,16,False,False
201800014822,NonLethal,Daylight,No,NoIntersection,LightRain,2Vehicles-BehindVehicles-Frontal,11,Wednesday,12,False,False
201800000401,NonLethal,Daylight,No,NoIntersection,Normal,Other,3,Friday,18,False,False
201800028874,NonLethal,NightStreelightsOn,Yes,NoIntersection,Overcast,Other,12,Thursday,21,False,False
201800026837,NonLethal,Daylight,No,NoIntersection,Normal,Other,12,Thursday,14,False,False
201800025065,NonLethal,NightStreelightsOn,Yes,X-type,FogOrSmoke,2Vehicles-Side,12,Tuesday,8,False,False
201800043426,NonLethal,Daylight,Yes,NoIntersection,Normal,2Vehicles-Side,9,Tuesday,12,False,False
201800012249,NonLethal,Daylight,No,NoIntersection,LightRain,2Vehicles-BehindVehicles-Frontal,10,Wednesday,17,False,False
201800022344,NonLethal,Daylight,Yes,Roundabout,LightRain,NoCollision,4,Friday,18,False,False
201800004405,NonLethal,Daylight,No,NoIntersection,Normal,3+Vehicles-Multiple,12,Friday,10,False,False
201800052365,NonLethal,Daylight,Yes,T-type,Normal,2Vehicles-Side,3,Thursday,9,False,False
201800010132,NonLethal,NightStreelightsOn,Yes,NoIntersection,Normal,Other,12,Saturday,5,True,True
201800039038,NonLethal,NightStreelightsOn,Yes,Other,Normal,2Vehicles-BehindVehicles-Frontal,3,Saturday,20,True,False
201800049173,NonLethal,Daylight,No,NoIntersection,Normal,3+Vehicles-Multiple,11,Monday,14,False,False
201800023639,NonLethal,Daylight,Yes,T-type,Normal,2Vehicles-Side,7,Sunday,19,True,False
201800008034,NonLethal,NightNoStreetLight,No,NoIntersection,Normal,Other,5,Sunday,4,True,True
201800052004,NonLethal,Daylight,Yes,NoIntersection,Normal,3+Vehicles-Chain,4,Saturday,20,True,False
201800049716,NonLethal,NightNoStreetLight,No,NoIntersection,Normal,2Vehicles-Behind,2,Saturday,19,True,False
201800046550,NonLethal,Daylight,No,NoIntersection,Overcast,2Vehicles-Behind,4,Sunday,16,True,False
201800007712,NonLethal,Daylight,Yes,Roundabout,Normal,2Vehicles-Side,4,Thursday,17,False,False
201800055111,NonLethal,NightStreelightsOn,Yes,Roundabout,Normal,Other,5,Wednesday,1,False,True
201800029474,NonLethal,NightStreelightsOn,Yes,X-type,Normal,2Vehicles-Side,3,Sunday,21,True,False
201800040919,NonLethal,Daylight,Yes,T-type,Normal,Other,1,Monday,19,False,False
201800015718,NonLethal,TwilightOrDawn,Yes,T-type,VeryGood,2Vehicles-Side,7,Monday,19,False,False
201800040435,NonLethal,Daylight,Yes,Other,Normal,Other,8,Friday,11,False,False
201800003304,NonLethal,Daylight,Yes,NoIntersection,Normal,Other,5,Thursday,16,False,False
201800052291,NonLethal,NightStreelightsOn,Yes,T-type,Normal,Other,12,Sunday,17,True,False
201800046194,NonLethal,NightNoStreetLight,No,NoIntersection,Normal,Other,10,Wednesday,23,False,False
201800003814,Lethal,Daylight,Yes,NoIntersection,Normal,Other,5,Thursday,10,False,False
201800000360,NonLethal,NightStreelightsOn,Yes,NoIntersection,Normal,Other,9,Saturday,4,True,True
201800037728,NonLethal,Daylight,Yes,NoIntersection,Normal,2Vehicles-Side,9,Tuesday,12,False,False
201800034405,NonLethal,NightNoStreetLight,No,NoIntersection,Normal,NoCollision,9,Saturday,22,True,False
201800024954,NonLethal,Daylight,Yes,Roundabout,Normal,2Vehicles-Side,10,Wednesday,12,False,False
201800047714,NonLethal,Daylight,Yes,NoIntersection,Normal,Other,9,Monday,17,False,False
201800030430,NonLethal,Daylight,Yes,NoIntersection,Normal,2Vehicles-Behind,6,Saturday,6,True,True
201800037212,NonLethal,NightStreelightsOn,Yes,NoIntersection,Normal,NoCollision,2,Thursday,1,False,True
201800030697,NonLethal,Daylight,Yes,NoIntersection,Normal,2Vehicles-Behind,9,Friday,17,False,False
201800057633,NonLethal,Daylight,No,Other,Normal,NoCollision,12,Thursday,9,False,False
201800027946,NonLethal,Daylight,Yes,NoIntersection,SnowOrHail,2Vehicles-Behind,5,Wednesday,10,False,False
201800057655,NonLethal,Daylight,Yes,NoIntersection,Normal,NoCollision,6,Friday,8,False,False
201800034965,NonLethal,Daylight,Yes,NoIntersection,Normal,2Vehicles-Side,1,Tuesday,9,False,False
201800009620,NonLethal,NightStreelightsOn,Yes,X-type,Normal,2Vehicles-Side,8,Thursday,3,False,True
201800048804,NonLethal,NightNoStreetLight,No,NoIntersection,LightRain,Other,1,Sunday,22,True,False
201800028140,NonLethal,TwilightOrDawn,Yes,T-type,Normal,Other,10,Monday,7,False,False
201800006328,NonLethal,NightNoStreetLight,No,NoIntersection,Normal,Other,7,Sunday,1,True,True
201800006169,NonLethal,TwilightOrDawn,No,NoIntersection,Normal,2Vehicles-Behind,12,Saturday,16,True,False
201800036571,NonLethal,Daylight,Yes,X-type,LightRain,2Vehicles-Side,12,Wednesday,13,False,False
201800049015,NonLethal,Daylight,No,NoIntersection,Normal,NoCollision,9,Friday,19,False,False
201800016840,NonLethal,Daylight,Yes,X-type,Other,2Vehicles-Side,9,Saturday,15,True,False
201800036093,NonLethal,Daylight,Yes,NoIntersection,LightRain,Other,6,Tuesday,20,False,False
201800025228,NonLethal,Daylight,Yes,NoIntersection,SnowOrHail,Other,2,Friday,13,False,False
201800006404,Lethal,Daylight,No,NoIntersection,LightRain,2Vehicles-BehindVehicles-Frontal,1,Friday,15,False,False
201800014733,NonLethal,Daylight,No,T-type,Normal,Other,5,Friday,15,False,False
201800035811,NonLethal,Daylight,Yes,Roundabout,Normal,Other,10,Tuesday,10,False,False
201800053845,NonLethal,Daylight,Yes,T-type,Normal,3+Vehicles-Chain,7,Friday,11,False,False
201800000760,NonLethal,NightNoStreetLight,No,NoIntersection,LightRain,3+Vehicles-Multiple,11,Monday,19,False,False
201800009284,NonLethal,Daylight,Yes,NoIntersection,Normal,2Vehicles-Side,7,Tuesday,17,False,False
201800023925,NonLethal,Daylight,Yes,NoIntersection,Normal,Other,5,Thursday,14,False,False
201800010353,NonLethal,Daylight,No,NoIntersection,Normal,2Vehicles-BehindVehicles-Frontal,7,Tuesday,15,False,False
201800050222,NonLethal,Daylight,Yes,Square,LightRain,2Vehicles-Side,2,Thursday,15,False,False
201800020802,NonLethal,TwilightOrDawn,Yes,NoIntersection,Normal,2Vehicles-Side,2,Saturday,19,True,False
201800012861,NonLethal,NightStreelightsOn,Yes,NoIntersection,Normal,Other,12,Wednesday,18,False,False
201800001665,NonLethal,Daylight,Yes,NoIntersection,Normal,Other,1,Friday,12,False,False
201800022046,NonLethal,Daylight,Yes,X-type,Normal,2Vehicles-Side,4,Saturday,12,True,False
201800018793,NonLethal,Daylight,No,NoIntersection,Normal,2Vehicles-BehindVehicles-Frontal,9,Saturday,15,True,False
201800000174,NonLethal,NightNoStreetLight,No,NoIntersection,Normal,2Vehicles-Behind,11,Monday,18,False,False
201800008696,NonLethal,TwilightOrDawn,Yes,NoIntersection,Overcast,Other,3,Sunday,17,True,False
201800013742,NonLethal,Daylight,No,NoIntersection,Normal,2Vehicles-Behind,2,Monday,10,False,False
201800055294,NonLethal,TwilightOrDawn,Yes,NoIntersection,Normal,2Vehicles-Side,3,Monday,6,False,True
201800043343,NonLethal,Daylight,Yes,NoIntersection,Normal,Other,7,Tuesday,18,False,False
201800027248,NonLethal,Daylight,Yes,T-type,Normal,2Vehicles-BehindVehicles-Frontal,4,Thursday,15,False,False
201800034813,NonLethal,Daylight,No,NoIntersection,Overcast,3+Vehicles-Multiple,3,Saturday,12,True,False
201800052305,NonLethal,NightStreelightsOn,Yes,X-type,Normal,2Vehicles-Side,2,Thursday,22,False,False
201800057649,NonLethal,Daylight,Yes,NoIntersection,Normal,2Vehicles-Side,6,Monday,12,False,False
201800017497,NonLethal,Daylight,No,NoIntersection,LightRain,NoCollision,7,Saturday,12,True,False
201800034558,NonLethal,Daylight,No,NoIntersection,Normal,3+Vehicles-Chain,9,Friday,18,False,False
201800038885,NonLethal,Daylight,Yes,NoIntersection,Normal,Other,1,Wednesday,14,False,False
201800055830,Lethal,Daylight,No,NoIntersection,Normal,2Vehicles-BehindVehicles-Frontal,9,Thursday,18,False,False
201800040531,NonLethal,Daylight,Yes,NoIntersection,Normal,2Vehicles-Side,6,Sunday,16,True,False
201800053079,NonLethal,Daylight,Yes,Square,Normal,2Vehicles-Side,7,Saturday,17,True,False
201800001606,Lethal,Daylight,No,NoIntersection,Normal,2Vehicles-BehindVehicles-Frontal,12,Friday,14,False,False
201800027825,NonLethal,Daylight,Yes,NoIntersection,Normal,3+Vehicles-Chain,12,Wednesday,11,False,False
201800040503,NonLethal,Daylight,Yes,T-type,LightRain,2Vehicles-Side,7,Tuesday,13,False,False
201800052295,NonLethal,NightStreelightsOn,Yes,X-type,LightRain,2Vehicles-Side,12,Saturday,19,True,False
201800049940,NonLethal,Daylight,No,NoIntersection,Normal,Other,7,Monday,17,False,False
201800011304,NonLethal,NightStreelightsOn,Yes,Roundabout,LightRain,2Vehicles-BehindVehicles-Frontal,2,Wednesday,21,False,False
201800023586,NonLethal,Daylight,No,Other,Normal,2Vehicles-Side,10,Thursday,15,False,False
201800019702,NonLethal,NightStreelightsOn,Yes,NoIntersection,Normal,Other,8,Monday,23,False,False
201800034330,NonLethal,Daylight,Yes,NoIntersection,Normal,Other,7,Wednesday,10,False,False
201800041600,NonLethal,TwilightOrDawn,Yes,NoIntersection,StrongWindOrStorm,2Vehicles-Side,9,Sunday,17,True,False
201800032531,NonLethal,Daylight,Yes,NoIntersection,Normal,Other,8,Tuesday,8,False,False
201800056159,Lethal,Daylight,No,NoIntersection,Normal,2Vehicles-Behind,3,Sunday,16,True,False
201800013510,NonLethal,Daylight,Yes,NoIntersection,LightRain,Other,6,Thursday,16,False,False
201800024020,NonLethal,NightNoStreetLight,No,NoIntersection,FogOrSmoke,3+Vehicles-Chain,10,Tuesday,7,False,False
201800040337,NonLethal,Daylight,Yes,X-type,Normal,2Vehicles-BehindVehicles-Frontal,8,Friday,14,False,False
201800048577,NonLethal,NightStreelightsOn,Yes,Other,Normal,Other,4,Tuesday,19,False,False
201800050941,NonLethal,Daylight,Yes,Square,Normal,2Vehicles-Side,10,Friday,15,False,False
201800032825,NonLethal,TwilightOrDawn,No,NoIntersection,Normal,Other,1,Wednesday,17,False,False
201800055932,NonLethal,Daylight,No,X-type,Normal,3+Vehicles-Multiple,7,Saturday,11,True,False
201800033498,NonLethal,Daylight,Yes,NoIntersection,Normal,Other,6,Thursday,16,False,False
201800016360,NonLethal,Daylight,Yes,NoIntersection,Normal,Other,1,Monday,13,False,False
201800038825,NonLethal,Daylight,Yes,NoIntersection,Normal,Other,6,Friday,7,False,False
201800056681,NonLethal,NightStreelightsOn,Yes,NoIntersection,Overcast,NoCollision,2,Friday,4,False,True
201800039069,NonLethal,Daylight,Yes,NoIntersection,Normal,2Vehicles-Side,4,Friday,19,False,False
201800020228,NonLethal,Daylight,Yes,NoIntersection,LightRain,Other,12,Monday,15,False,False
201800035681,NonLethal,Daylight,Yes,NoIntersection,Normal,2Vehicles-Side,8,Thursday,18,False,False
201800051484,NonLethal,NightStreelightsOn,Yes,X-type,Normal,Other,5,Saturday,22,True,False
201800014257,NonLethal,NightNoStreetLight,No,NoIntersection,Normal,Other,1,Sunday,17,True,False
201800030121,NonLethal,Daylight,Yes,Roundabout,Normal,2Vehicles-Side,10,Saturday,14,True,False