AccidentId,Gravity,Light,InAgglomeration,IntersectionType,Weather,CollisionType,Month,DayOfWeek,HourOfDay,IsWeekend,IsNight
201800015700,NonLethal,Daylight,Yes,NoIntersection,Normal,Other,7,Sunday,11,True,False
201800056602,NonLethal,NightNoStreetLight,No,Y-type,Normal,3+Vehicles-Multiple,4,Saturday,19,True,False
201800027069,NonLethal,Daylight,No,T-type,Normal,2Vehicles-Side,11,Friday,12,False,False
201800027714,NonLethal,Daylight,Yes,NoIntersection,Normal,2Vehicles-Behind,10,Thursday,7,False,False
201800003566,NonLethal,Daylight,No,Other,Normal,NoCollision,11,Thursday,15,False,False
201800033464,NonLethal,Daylight,Yes,Y-type,Normal,2Vehicles-Behind,4,Monday,17,False,False
201800055796,NonLethal,Daylight,No,NoIntersection,Normal,2Vehicles-Side,8,Friday,16,False,False
201800002664,NonLethal,Daylight,Yes,NoIntersection,Normal,Other,12,Saturday,9,True,False
201800027097,NonLethal,Daylight,Yes,NoIntersection,Normal,Other,11,Thursday,14,False,False
201800004736,NonLethal,Daylight,No,NoIntersection,Normal,2Vehicles-Behind,6,Saturday,18,True,False
201800052813,NonLethal,NightStreelightsOn,Yes,X-type,Normal,2Vehicles-Behind,9,Tuesday,0,False,True
201800005809,NonLethal,Daylight,Yes,Other,Normal,2Vehicles-Side,9,Sunday,13,True,False
201800022845,NonLethal,Daylight,Yes,NoIntersection,Normal,2Vehicles-Behind,6,Thursday,16,False,False
201800017051,NonLethal,Daylight,No,NoIntersection,Normal,Other,3,Sunday,14,True,False
201800027210,NonLethal,NightStreelightsOff,Yes,NoIntersection,Normal,NoCollision,3,Wednesday,22,False,False
201800026598,NonLethal,NightStreelightsOn,Yes,T-type,FogOrSmoke,2Vehicles-Side,10,Thursday,7,False,False
201800039223,NonLethal,NightStreelightsOn,Yes,NoIntersection,Overcast,Other,5,Wednesday,19,False,False
201800024155,NonLethal,Daylight,Yes,NoIntersection,Normal,2Vehicles-Behind,5,Sunday,16,True,False
201800022984,NonLethal,TwilightOrDawn,Yes,NoIntersection,LightRain,Other,3,Sunday,7,True,False
201800036939,NonLethal,Daylight,No,NoIntersection,LightRain,2Vehicles-Side,4,Monday,16,False,False
201800008976,NonLethal,Daylight,Yes,T-type,Normal,2Vehicles-Side,5,Thursday,14,False,False
201800048266,NonLethal,Daylight,Yes,Other,Normal,2Vehicles-Side,5,Friday,15,False,False
201800009975,NonLethal,NightStreelightsOn,Yes,T-type,Normal,2Vehicles-Side,10,Wednesday,0,False,True
201800043377,NonLethal,NightNoStreetLight,No,NoIntersection,Normal,2Vehicles-Behind,6,Thursday,23,False,False
201800057666,NonLethal,NightStreelightsOff,Yes,NoIntersection,Normal,Other,7,Wednesday,0,False,True
201800009994,NonLethal,NightStreelightsOn,Yes,NoIntersection,LightRain,Other,10,Sunday,2,True,True
201800019943,NonLethal,Daylight,No,NoIntersection,Normal,2Vehicles-Side,7,Friday,9,False,False
201800011544,NonLethal,Daylight,Yes,NoIntersection,HeavyRain,Other,5,Friday,18,False,False
201800049873,NonLethal,Daylight,No,NoIntersection,Normal,2Vehicles-Side,4,Friday,17,False,False
201800026849,NonLethal,Daylight,Yes,NoIntersection,Normal,Other,6,Monday,12,False,False
201800045196,NonLethal,Daylight,No,NoIntersection,Normal,2Vehicles-Behind,9,Friday,17,False,False
201800023239,NonLethal,NightStreelightsOn,Yes,X-type,Normal,2Vehicles-Side,9,Tuesday,21,False,False
201800031249,NonLethal,Daylight,No,NoIntersection,Normal,2Vehicles-Behind,6,Thursday,8,False,False
201800048141,NonLethal,Daylight,Yes,T-type,Normal,2Vehicles-Side,3,Thursday,16,False,False
201800021611,NonLethal,Daylight,No,NoIntersection,LightRain,NoCollision,11,Saturday,13,True,False
201800038604,NonLethal,Daylight,Yes,X-type,Normal,Other,7,Thursday,18,False,False
201800034300,NonLethal,NightStreelightsOn,Yes,NoIntersection,Normal,2Vehicles-Behind,4,Tuesday,6,False,True
201800031334,NonLethal,NightStreelightsOn,No,NoIntersection,LightRain,2Vehicles-Behind,10,Thursday,7,False,False
201800026103,NonLethal,Daylight,Yes,T-type,Normal,2Vehicles-Side,4,Friday,10,False,False
201800036563,NonLethal,NightStreelightsOn,Yes,NoIntersection,Normal,2Vehicles-Side,11,Tuesday,20,False,False
201800040741,NonLethal,NightStreelightsOn,Yes,NoIntersection,LightRain,2Vehicles-Behind,1,Tuesday,5,False,True
201800014675,NonLethal,Daylight,No,NoIntersection,VeryGood,NoCollision,3,Wednesday,12,False,False
201800053203,NonLethal,NightStreelightsOn,Yes,X-type,HeavyRain,Other,12,Tuesday,7,False,False
201800035532,NonLethal,Daylight,Yes,NoIntersection,Normal,Other,4,Saturday,8,True,False
201800001657,NonLethal,Daylight,No,NoIntersection,Normal,Other,5,Sunday,15,True,False
201800025103,NonLethal,Daylight,Yes,T-type,Normal,Other,6,Tuesday,18,False,False
201800057600,NonLethal,NightNoStreetLight,No,NoIntersection,Normal,2Vehicles-Behind,4,Saturday,21,True,False
201800007623,NonLethal,Daylight,No,NoIntersection,Overcast,2Vehicles-Side,5,Wednesday,11,False,False
201800036163,NonLethal,Daylight,Yes,T-type,Normal,2Vehicles-BehindVehicles-Frontal,8,Monday,20,False,False
201800054137,NonLethal,NightStreelightsOn,Yes,NoIntersection,Normal,3+Vehicles-Multiple,6,Thursday,22,False,False
201800004604,NonLethal,Daylight,No,NoIntersection,Normal,2Vehicles-BehindVehicles-Frontal,10,Sunday,15,True,False
201800022879,NonLethal,NightStreelightsOn,Yes,NoIntersection,Normal,Other,1,Friday,7,False,False
201800001820,NonLethal,Daylight,Yes,X-type,Normal,2Vehicles-Side,3,Wednesday,9,False,False
201800015435,NonLethal,Daylight,Yes,NoIntersection,HeavyRain,2Vehicles-BehindVehicles-Frontal,12,Saturday,12,True,False
201800039238,NonLethal,Daylight,Yes,NoIntersection,Normal,Other,8,Saturday,10,True,False
201800057549,NonLethal,Daylight,Yes,NoIntersection,Normal,NoCollision,11,Wednesday,14,False,False
201800013475,NonLethal,Daylight,No,X-type,Overcast,2Vehicles-Side,5,Wednesday,17,False,False
201800008222,NonLethal,Daylight,Yes,NoIntersection,Normal,2Vehicles-Behind,6,Wednesday,11,False,False
201800005531,NonLethal,Daylight,Yes,NoIntersection,Normal,2Vehicles-Side,8,Wednesday,14,False,False
201800007718,NonLethal,NightNoStreetLight,No,NoIntersection,Normal,2Vehicles-Behind,8,Friday,21,False,False
201800052413,NonLethal,Daylight,Yes,X-type,Normal,2Vehicles-Behind,3,Monday,12,False,False
201800055243,NonLethal,Daylight,Yes,NoIntersection,Normal,2Vehicles-Behind,1,Wednesday,9,False,False
201800004780,NonLethal,Daylight,Yes,T-type,Normal,2Vehicles-Side,6,Sunday,10,True,False
201800046053,NonLethal,Daylight,No,NoIntersection,Normal,2Vehicles-Behind,8,Tuesday,8,False,False
201800001079,Lethal,NightStreelightsOn,Yes,Other,Normal,Other,1,Friday,19,False,False
201800051821,NonLethal,NightStreelightsOn,Yes,X-type,LightRain,2Vehicles-Side,2,Saturday,18,True,False
201800028133,NonLethal,TwilightOrDawn,Yes,X-type,Normal,Other,10,Thursday,7,False,False
201800051967,NonLethal,Daylight,Yes,Y-type,Normal,2Vehicles-Behind,3,Wednesday,12,False,False
201800028656,NonLethal,Daylight,Yes,NoIntersection,Normal,NoCollision,1,Tuesday,17,False,False
201800003144,NonLethal,Daylight,No,NoIntersection,Normal,NoCollision,10,Saturday,14,True,False
201800009080,NonLethal,Daylight,Yes,NoIntersection,Normal,Other,5,Wednesday,16,False,False
201800020764,NonLethal,Daylight,Yes,Roundabout,Normal,2Vehicles-Side,7,Thursday,12,False,False
201800049039,NonLethal,Daylight,No,NoIntersection,Normal,2Vehicles-Behind,2,Sunday,15,True,False
201800054304,NonLethal,NightStreelightsOn,Yes,X-type,LightRain,Other,4,Sunday,17,True,False
201800054394,NonLethal,Daylight,Yes,NoIntersection,Normal,Other,4,Tuesday,14,False,False
201800002653,NonLethal,Daylight,No,NoIntersection,Overcast,NoCollision,9,Sunday,12,True,False
201800004626,NonLethal,NightNoStreetLight,Yes,NoIntersection,Normal,Other,3,Sunday,4,True,True
201800003033,NonLethal,Daylight,Yes,X-type,Normal,Other,9,Tuesday,7,False,False
201800015412,NonLethal,Daylight,No,T-type,Normal,Other,7,Monday,18,False,False
201800026407,NonLethal,Daylight,Yes,NoIntersection,Normal,Other,8,Tuesday,17,False,False
201800006448,NonLethal,NightStreelightsOn,Yes,Roundabout,Normal,NoCollision,10,Wednesday,4,False,True
201800019677,NonLethal,Daylight,Yes,NoIntersection,Normal,Other,7,Tuesday,13,False,False
201800008784,NonLethal,Daylight,Yes,NoIntersection,Normal,2Vehicles-Behind,3,Sunday,17,True,False
201800026498,NonLethal,NightNoStreetLight,No,NoIntersection,Normal,2Vehicles-Side,12,Monday,18,False,False
201800039067,NonLethal,Daylight,Yes,NoIntersection,Overcast,Other,3,Monday,13,False,False
201800034170,NonLethal,Daylight,Yes,Roundabout,Normal,2Vehicles-Side,6,Wednesday,11,False,False
201800043639,NonLethal,TwilightOrDawn,Yes,NoIntersection,LightRain,2Vehicles-Behind,2,Saturday,17,True,False
201800048163,NonLethal,Daylight,Yes,X-type,Overcast,3+Vehicles-Multiple,4,Wednesday,14,False,False
201800009587,NonLethal,Daylight,Yes,Other,Normal,2Vehicles-Side,8,Sunday,17,True,False
201800020511,NonLethal,NightNoStreetLight,No,NoIntersection,Normal,2Vehicles-Side,9,Thursday,21,False,False
201800011496,NonLethal,Daylight,Yes,NoIntersection,Normal,Other,10,Wednesday,8,False,False
201800024042,NonLethal,Daylight,Yes,X-type,Normal,2Vehicles-Side,10,Wednesday,14,False,False
201800041856,NonLethal,Daylight,Yes,NoIntersection,Normal,Other,4,Thursday,16,False,False
201800038798,NonLethal,Daylight,Yes,NoIntersection,Normal,2Vehicles-Side,1,Thursday,13,False,False
201800027002,NonLethal,Daylight,Yes,X-type,Normal,2Vehicles-Side,11,Wednesday,13,False,False
201800035222,NonLethal,NightStreelightsOn,Yes,Roundabout,Normal,2Vehicles-Side,8,Monday,21,False,False
201800002214,NonLethal,Daylight,No,NoIntersection,Normal,NoCollision,3,Saturday,15,True,False
201800010280,NonLethal,Daylight,Yes,NoIntersection,Normal,3+Vehicles-Multiple,8,Wednesday,13,False,False
201800013834,NonLethal,NightNoStreetLight,Yes,NoIntersection,HeavyRain,Other,1,Sunday,22,True,False
201800016221,Lethal,Daylight,No,T-type,Normal,3+Vehicles-Multiple,4,Tuesday,13,False,False
201800055067,NonLethal,Daylight,Yes,NoIntersection,Normal,3+Vehicles-Chain,6,Thursday,19,False,False
201800020770,NonLethal,Daylight,No,NoIntersection,Normal,2Vehicles-BehindVehicles-Frontal,7,Thursday,20,False,False
201800010611,NonLethal,Daylight,No,NoIntersection,LightRain,2Vehicles-Side,10,Saturday,11,True,False
201800008745,NonLethal,Daylight,Yes,NoIntersection,Normal,Other,3,Tuesday,19,False,False
201800015144,NonLethal,Daylight,No,NoIntersection,Normal,2Vehicles-BehindVehicles-Frontal,10,Thursday,18,False,False
201800041588,NonLethal,Daylight,Yes,X-type,Normal,2Vehicles-Side,8,Wednesday,10,False,False
201800051873,NonLethal,Daylight,Yes,X-type,LightRain,Other,11,Monday,15,False,False
201800046855,NonLethal,Daylight,No,NoIntersection,VeryGood,3+Vehicles-Chain,9,Tuesday,9,False,False
201800003911,NonLethal,Daylight,No,NoIntersection,Normal,2Vehicles-BehindVehicles-Frontal,8,Saturday,6,True,True
201800040453,NonLethal,NightStreelightsOn,Yes,T-type,Other,Other,11,Wednesday,20,False,False
201800010489,NonLethal,Daylight,No,NoIntersection,SnowOrHail,3+Vehicles-Chain,3,Sunday,17,True,False
201800046110,NonLethal,Daylight,No,NoIntersection,Normal,2Vehicles-Side,9,Monday,14,False,False
201800029684,NonLethal,Daylight,Yes,NoIntersection,Normal,Other,1,Friday,10,False,False
201800032824,Lethal,NightNoStreetLight,No,NoIntersection,Normal,2Vehicles-BehindVehicles-Frontal,4,Thursday,3,False,True
201800017112,NonLethal,Daylight,No,NoIntersection,Normal,NoCollision,7,Sunday,16,True,False
201800044727,NonLethal,Daylight,No,NoIntersection,LightRain,2Vehicles-Behind,3,Wednesday,16,False,False
201800034743,NonLethal,Daylight,Yes,NoIntersection,Normal,2Vehicles-Side,4,Wednesday,17,False,False
201800025634,NonLethal,Daylight,Yes,NoIntersection,Normal,2Vehicles-Behind,10,Friday,7,False,False
201800032741,NonLethal,Daylight,Yes,NoIntersection,Normal,2Vehicles-BehindVehicles-Frontal,7,Wednesday,10,False,False
201800027376,NonLethal,Daylight,Yes,NoIntersection,Normal,2Vehicles-BehindVehicles-Frontal,7,Wednesday,18,False,False
201800029091,NonLethal,NightStreelightsOn,Yes,NoIntersection,LightRain,Other,1,Tuesday,19,False,False
201800008061,NonLethal,Daylight,Yes,NoIntersection,Normal,Other,9,Friday,14,False,False
201800002817,NonLethal,Daylight,Yes,NoIntersection,Normal,2Vehicles-Side,12,Wednesday,13,False,False
201800049328,NonLethal,NightStreelightsOn,No,NoIntersection,Normal,2Vehicles-Side,1,Monday,21,False,False
201800029692,NonLethal,Daylight,Yes,X-type,Normal,Other,5,Monday,19,False,False
201800029842,NonLethal,Daylight,Yes,X-type,Normal,Other,7,Sunday,16,True,False
201800012712,NonLethal,Daylight,No,NoIntersection,Normal,Other,4,Sunday,11,True,False
201800021808,NonLethal,NightNoStreetLight,No,NoIntersection,Normal,Other,11,Thursday,2,False,True
201800035873,NonLethal,TwilightOrDawn,Yes,T-type,Normal,2Vehicles-Side,4,Monday,20,False,False
201800009882,NonLethal,NightStreelightsOff,Yes,T-type,Normal,2Vehicles-Side,10,Wednesday,0,False,True
201800031920,NonLethal,TwilightOrDawn,Yes,NoIntersection,Normal,2Vehicles-Side,11,Friday,17,False,False
201800025848,NonLethal,Daylight,Yes,NoIntersection,Normal,Other,3,Sunday,10,True,False
201800027162,NonLethal,NightStreelightsOn,Yes,X-type,Normal,2Vehicles-Side,2,Monday,19,False,False
201800027566,NonLethal,Daylight,Yes,NoIntersection,Overcast,Other,12,Monday,16,False,False
201800046481,NonLethal,Daylight,No,NoIntersection,Normal,2Vehicles-Behind,3,Friday,8,False,False
201800025575,NonLethal,NightStreelightsOn,Yes,NoIntersection,Normal,Other,10,Sunday,6,True,True
201800022135,NonLethal,Daylight,Yes,T-type,Normal,2Vehicles-Side,10,Saturday,16,True,False
201800050457,NonLethal,NightStreelightsOn,Yes,NoIntersection,HeavyRain,2Vehicles-BehindVehicles-Frontal,5,Tuesday,23,False,False
201800027693,NonLethal,NightStreelightsOn,Yes,NoIntersection,Normal,NoCollision,2,Thursday,1,False,True
201800000711,NonLethal,NightNoStreetLight,No,NoIntersection,Normal,Other,2,Saturday,19,True,False
201800017113,NonLethal,Daylight,No,NoIntersection,Normal,NoCollision,2,Friday,15,False,False
201800053151,NonLethal,Daylight,Yes,X-type,Normal,Other,10,Wednesday,15,False,False
201800009664,NonLethal,NightStreelightsOn,Yes,NoIntersection,Normal,2Vehicles-BehindVehicles-Frontal,9,Thursday,21,False,False
201800049414,NonLethal,NightStreelightsOff,No,NoIntersection,Normal,2Vehicles-Behind,7,Wednesday,5,False,True
201800031209,NonLethal,Daylight,Yes,NoIntersection,Normal,Other,12,Monday,10,False,False
201800005561,NonLethal,Daylight,Yes,NoIntersection,Normal,3+Vehicles-Chain,1,Saturday,10,True,False
201800011465,NonLethal,Daylight,No,NoIntersection,Normal,2Vehicles-BehindVehicles-Frontal,7,Friday,17,False,False
201800015820,NonLethal,TwilightOrDawn,No,NoIntersection,VeryGood,2Vehicles-Behind,11,Monday,16,False,False
201800034181,NonLethal,Daylight,Yes,X-type,Other,Other,1,Wednesday,12,False,False
201800050854,NonLethal,TwilightOrDawn,Yes,X-type,Normal,2Vehicles-Behind,4,Sunday,20,True,False
201800002365,NonLethal,Daylight,No,NoIntersection,Normal,NoCollision,2,Tuesday,7,False,False
201800008057,NonLethal,NightNoStreetLight,Yes,NoIntersection,Normal,2Vehicles-Behind,8,Tuesday,1,False,True
201800052378,NonLethal,Daylight,Yes,X-type,Overcast,Other,4,Wednesday,8,False,False
201800047710,NonLethal,TwilightOrDawn,Yes,NoIntersection,Normal,2Vehicles-Side,9,Sunday,20,True,False
201800013319,NonLethal,NightNoStreetLight,No,NoIntersection,Normal,2Vehicles-BehindVehicles-Frontal,2,Friday,19,False,False
201800010784,NonLethal,Daylight,No,Other,Normal,2Vehicles-Behind,7,Monday,19,False,False
201800055671,NonLethal,Daylight,Yes,NoIntersection,Normal,3+Vehicles-Chain,10,Saturday,13,True,False
201800016907,NonLethal,Daylight,No,NoIntersection,Normal,2Vehicles-Behind,10,Friday,17,False,False
201800008804,NonLethal,Daylight,Yes,NoIntersection,Normal,2Vehicles-Behind,6,Monday,8,False,False
201800031906,NonLethal,Daylight,Yes,Other,Normal,3+Vehicles-Chain,5,Wednesday,14,False,False
201800011546,NonLethal,TwilightOrDawn,No,NoIntersection,Normal,Other,11,Monday,9,False,False
201800038774,NonLethal,TwilightOrDawn,Yes,Other,LightRain,2Vehicles-Behind,2,Saturday,18,True,False
201800030393,NonLethal,Daylight,Yes,Other,Normal,2Vehicles-Side,6,Tuesday,16,False,False
201800001285,Lethal,Daylight,No,NoIntersection,Other,Other,2,Tuesday,16,False,False
201800024893,NonLethal,Daylight,Yes,T-type,Normal,2Vehicles-Side,12,Sunday,9,True,False
201800046377,NonLethal,Daylight,No,NoIntersection,LightRain,3+Vehicles-Chain,1,Thursday,9,False,False
201800057454,NonLethal,NightNoStreetLight,No,NoIntersection,Normal,2Vehicles-BehindVehicles-Frontal,5,Sunday,19,True,False
201800004724,NonLethal,Daylight,No,NoIntersection,VeryGood,3+Vehicles-Multiple,10,Thursday,8,False,False
201800007404,NonLethal,Daylight,Yes,NoIntersection,Normal,3+Vehicles-Chain,9,Monday,7,False,False
201800040923,NonLethal,Daylight,Yes,X-type,Normal,2Vehicles-Side,8,Monday,8,False,False
201800006588,NonLethal,Daylight,Yes,Y-type,Normal,2Vehicles-Side,2,Tuesday,16,False,False
201800017345,NonLethal,Daylight,No,NoIntersection,Normal,NoCollision,9,Wednesday,21,False,False
201800057572,NonLethal,NightNoStreetLight,Yes,NoIntersection,Normal,Other,2,Thursday,21,False,False
201800007565,NonLethal,TwilightOrDawn,No,NoIntersection,Normal,NoCollision,9,Wednesday,8,False,False
201800041684,NonLethal,NightStreelightsOn,Yes,T-type,Normal,Other,9,Wednesday,21,False,False
201800039279,NonLethal,Daylight,Yes,NoIntersection,Normal,Other,7,Tuesday,15,False,False
201800048330,NonLethal,Daylight,Yes,NoIntersection,Normal,NoCollision,6,Friday,9,False,False
201800001636,NonLethal,Daylight,No,NoIntersection,VeryGood,Other,6,Monday,15,False,False
201800012813,NonLethal,NightNoStreetLight,No,NoIntersection,Normal,2Vehicles-Behind,11,Friday,20,False,False
201800026343,NonLethal,Daylight,Yes,NoIntersection,Normal,Other,4,Monday,12,False,False
201800028454,NonLethal,Daylight,Yes,NoIntersection,Normal,2Vehicles-Side,6,Tuesday,13,False,False
201800022442,NonLethal,NightNoStreetLight,No,NoIntersection,Normal,Other,4,Monday,22,False,False
201800044385,NonLethal,NightNoStreetLight,No,NoIntersection,Normal,3+Vehicles-Multiple,11,Thursday,19,False,False
201800054698,NonLethal,Daylight,Yes,Square,Normal,2Vehicles-Behind,4,Friday,8,False,False
201800028117,NonLethal,Daylight,Yes,X-type,Normal,2Vehicles-Side,9,Thursday,13,False,False
201800013907,NonLethal,Daylight,Yes,NoIntersection,Normal,Other,7,Sunday,21,True,False
201800039833,NonLethal,Daylight,Yes,T-type,Normal,2Vehicles-Side,9,Thursday,12,False,False
201800031349,NonLethal,TwilightOrDawn,No,NoIntersection,Normal,3+Vehicles-Chain,11,Monday,19,False,False
201800049436,NonLethal,TwilightOrDawn,No,NoIntersection,Normal,2Vehicles-Behind,8,Friday,19,False,False
201800032491,NonLethal,Daylight,Yes,NoIntersection,Normal,2Vehicles-BehindVehicles-Frontal,6,Tuesday,13,False,False
201800038218,NonLethal,Daylight,Yes,NoIntersection,Normal,2Vehicles-Behind,7,Tuesday,17,False,False
201800022916,Lethal,NightNoStreetLight,Yes,NoIntersection,HeavyRain,Other,2,Saturday,3,True,True
201800012258,NonLethal,Daylight,No,NoIntersection,Normal,2Vehicles-Behind,7,Wednesday,16,False,False
201800051386,NonLethal,Daylight,Yes,Y-type,Normal,2Vehicles-Behind,4,Monday,17,False,False
201800024789,NonLethal,TwilightOrDawn,Yes,T-type,Normal,2Vehicles-Side,5,Sunday,21,True,False
201800040645,NonLethal,NightStreelightsOn,Yes,T-type,LightRain,2Vehicles-Behind,1,Wednesday,22,False,False
201800008069,NonLethal,Daylight,No,Other,Normal,2Vehicles-BehindVehicles-Frontal,10,Thursday,18,False,False
201800038403,NonLethal,Daylight,Yes,NoIntersection,LightRain,Other,1,Thursday,9,False,False
201800029962,NonLethal,Daylight,Yes,NoIntersection,Normal,2Vehicles-Behind,7,Tuesday,14,False,False
201800019042,NonLethal,NightNoStreetLight,No,NoIntersection,LightRain,Other,1,Thursday,6,False,True
201800018656,NonLethal,Daylight,Yes,NoIntersection,Normal,Other,12,Friday,10,False,False
201800008390,NonLethal,Daylight,Yes,NoIntersection,Normal,NoCollision,1,Wednesday,11,False,False
201800007226,Lethal,Daylight,Yes,NoIntersection,LightRain,Other,6,Saturday,16,True,False
201800033803,NonLethal,Daylight,Yes,NoIntersection,Normal,Other,6,Friday,16,False,False
201800025773,NonLethal,NightStreelightsOn,Yes,NoIntersection,LightRain,Other,12,Monday,22,False,False
201800028045,NonLethal,Daylight,Yes,NoIntersection,Normal,2Vehicles-Behind,6,Wednesday,17,False,False
201800032959,NonLethal,Daylight,No,NoIntersection,Normal,2Vehicles-BehindVehicles-Frontal,8,Thursday,16,False,False
201800038973,NonLethal,Daylight,Yes,NoIntersection,Normal,Other,11,Thursday,8,False,False
201800007636,NonLethal,NightStreelightsOn,Yes,X-type,Normal,2Vehicles-Side,6,Saturday,22,True,False
201800037487,NonLethal,Daylight,Yes,NoIntersection,LightRain,2Vehicles-Behind,9,Thursday,9,False,False
201800009821,NonLethal,NightStreelightsOn,Yes,T-type,Normal,2Vehicles-Side,9,Saturday,20,True,False
201800043257,NonLethal,Daylight,Yes,Roundabout,Normal,2Vehicles-Side,9,Monday,15,False,False
201800015303,NonLethal,Daylight,No,NoIntersection,Normal,2Vehicles-BehindVehicles-Frontal,6,Friday,18,False,False
201800018406,NonLethal,NightNoStreetLight,No,NoIntersection,Normal,NoCollision,6,Monday,0,False,True
201800018709,NonLethal,Daylight,No,NoIntersection,HeavyRain,2Vehicles-BehindVehicles-Frontal,4,Wednesday,13,False,False
201800006220,NonLethal,Daylight,Yes,X-type,VeryGood,2Vehicles-BehindVehicles-Frontal,1,Friday,9,False,False
201800010349,NonLethal,Daylight,No,NoIntersection,Normal,3+Vehicles-Multiple,4,Wednesday,16,False,False
201800010781,NonLethal,Daylight,Yes,Y-type,Normal,2Vehicles-Side,11,Thursday,15,False,False
201800050333,NonLethal,Daylight,Yes,X-type,Normal,2Vehicles-Behind,10,Wednesday,13,False,False
201800029168,NonLethal,Daylight,Yes,NoIntersection,Normal,3+Vehicles-Multiple,4,Friday,16,False,False
201800002930,NonLethal,Daylight,Yes,X-type,Normal,2Vehicles-Behind,4,Wednesday,19,False,False
201800053195,NonLethal,Daylight,Yes,X-type,Normal,2Vehicles-Side,11,Thursday,11,False,False
201800042790,NonLethal,Daylight,Yes,X-type,Normal,2Vehicles-BehindVehicles-Frontal,10,Saturday,11,True,False
201800001840,Lethal,Daylight,No,T-type,Normal,2Vehicles-Side,10,Sunday,10,True,False
201800021987,NonLethal,Daylight,Yes,NoIntersection,Normal,Other,1,Wednesday,12,False,False
201800000493,NonLethal,NightStreelightsOff,Yes,NoIntersection,Normal,2Vehicles-Side,12,Wednesday,19,False,False
201800034274,NonLethal,NightStreelightsOn,Yes,NoIntersection,LightRain,2Vehicles-Behind,12,Monday,3,False,True
201800015243,NonLethal,Daylight,Yes,X-type,Normal,Other,10,Thursday,9,False,False
201800012449,NonLethal,Daylight,No,NoIntersection,Normal,Other,12,Saturday,17,True,False
201800005519,NonLethal,NightStreelightsOn,Yes,T-type,Normal,2Vehicles-Side,6,Wednesday,23,False,False
201800005222,NonLethal,Daylight,Yes,NoIntersection,Normal,2Vehicles-Side,4,Monday,9,False,False
201800042966,NonLethal,TwilightOrDawn,Yes,NoIntersection,SnowOrHail,2Vehicles-Side,7,Monday,8,False,False
201800057353,NonLethal,Daylight,No,NoIntersection,Normal,2Vehicles-Side,8,Sunday,11,True,False
201800023387,NonLethal,Daylight,Yes,NoIntersection,Normal,Other,12,Thursday,12,False,False
201800053185,NonLethal,Daylight,Yes,T-type,LightRain,NoCollision,11,Monday,12,False,False
201800004557,Lethal,NightStreelightsOn,Yes,NoIntersection,Normal,Other,9,Saturday,17,True,False
201800007015,NonLethal,Daylight,No,NoIntersection,Normal,3+Vehicles-Chain,9,Monday,12,False,False
201800016401,NonLethal,Daylight,No,NoIntersection,Normal,2Vehicles-Side,6,Wednesday,14,False,False
201800051820,NonLethal,Daylight,Yes,Square,Normal,2Vehicles-Side,1,Wednesday,14,False,False
201800011468,NonLethal,Daylight,No,X-type,LightRain,2Vehicles-Side,11,Sunday,12,True,False
201800013160,NonLethal,NightStreelightsOn,Yes,NoIntersection,Normal,2Vehicles-Side,4,Wednesday,18,False,False
201800056469,NonLethal,TwilightOrDawn,Yes,NoIntersection,Normal,2Vehicles-BehindVehicles-Frontal,4,Saturday,5,True,True
201800006676,NonLethal,Daylight,No,X-type,Normal,3+Vehicles-Multiple,9,Tuesday,12,False,False
201800036333,NonLethal,Daylight,No,Y-type,Normal,2Vehicles-Side,3,Sunday,15,True,False
201800048815,NonLethal,NightStreelightsOn,No,NoIntersection,Normal,2Vehicles-Side,1,Wednesday,19,False,False
201800023625,NonLethal,Daylight,Yes,NoIntersection,Normal,Other,12,Tuesday,8,False,False
201800044038,NonLethal,Daylight,No,Other,Normal,2Vehicles-Behind,6,Friday,9,False,False
201800006236,NonLethal,Daylight,Yes,T-type,Normal,2Vehicles-Side,10,Tuesday,12,False,False
201800021060,NonLethal,NightStreelightsOn,Yes,T-type,LightRain,2Vehicles-Side,10,Friday,17,False,False
201800017253,NonLethal,Daylight,No,NoIntersection,LightRain,2Vehicles-BehindVehicles-Frontal,11,Friday,10,False,False
201800012860,NonLethal,NightNoStreetLight,No,NoIntersection,FogOrSmoke,NoCollision,12,Sunday,19,True,False
201800012525,NonLethal,Daylight,No,NoIntersection,Normal,Other,6,Tuesday,15,False,False
201800012922,NonLethal,Daylight,No,NoIntersection,Normal,2Vehicles-Side,11,Saturday,15,True,False
201800007459,NonLethal,NightStreelightsOn,Yes,X-type,Normal,2Vehicles-Side,11,Friday,17,False,False
201800045650,NonLethal,Daylight,No,NoIntersection,LightRain,2Vehicles-Behind,1,Tuesday,10,False,False
201800038423,NonLethal,Daylight,Yes,X-type,Normal,2Vehicles-Side,3,Saturday,16,True,False
201800027741,NonLethal,Daylight,No,NoIntersection,Normal,2Vehicles-BehindVehicles-Frontal,6,Wednesday,15,False,False
201800027015,NonLethal,Daylight,Yes,Other,LightRain,2Vehicles-Side,12,Thursday,13,False,False
201800027849,NonLethal,NightStreelightsOn,Yes,NoIntersection,Overcast,2Vehicles-Behind,1,Monday,19,False,False
201800006722,NonLethal,Daylight,No,NoIntersection,VeryGood,2Vehicles-Behind,7,Saturday,19,True,False
201800035367,NonLethal,NightStreelightsOn,Yes,NoIntersection,Normal,Other,2,Thursday,19,False,False