AccidentId,Gravity,Light,InAgglomeration,IntersectionType,Weather,CollisionType,Month,DayOfWeek,HourOfDay,IsWeekend,IsNight
201800029686,NonLethal,Daylight,Yes,NoIntersection,Normal,2Vehicles-Side,11,Monday,13,False,False
201800031811,NonLethal,Daylight,No,NoIntersection,Normal,Other,7,Friday,21,False,False
201800008113,NonLethal,Daylight,Yes,Y-type,Normal,2Vehicles-Side,3,Friday,13,False,False
201800038910,NonLethal,Daylight,Yes,NoIntersection,Normal,Other,6,Tuesday,11,False,False
201800012253,NonLethal,Daylight,Yes,NoIntersection,LightRain,Other,11,Friday,12,False,False
201800013542,NonLethal,Daylight,Yes,NoIntersection,HeavyRain,Other,12,Saturday,9,True,False
201800009009,NonLethal,Daylight,Yes,NoIntersection,Normal,NoCollision,5,Wednesday,19,False,False
201800003024,NonLethal,Daylight,No,Y-type,Normal,Other,6,Sunday,17,True,False
201800000212,NonLethal,Daylight,No,NoIntersection,Normal,3+Vehicles-Multiple,6,Sunday,18,True,False
201800048570,NonLethal,Daylight,Yes,NoIntersection,Normal,2Vehicles-Behind,10,Tuesday,12,False,False
201800009360,NonLethal,Daylight,Yes,NoIntersection,Normal,2Vehicles-Side,7,Friday,7,False,False
201800022378,NonLethal,Daylight,Yes,T-type,Overcast,2Vehicles-Behind,7,Tuesday,8,False,False
201800043581,NonLethal,NightStreelightsOn,Yes,NoIntersection,Normal,Other,7,Monday,21,False,False
201800027428,NonLethal,Daylight,Yes,NoIntersection,Normal,2Vehicles-Side,9,Saturday,18,True,False
201800003510,NonLethal,NightNoStreetLight,Yes,NoIntersection,Normal,Other,1,Friday,21,False,False
201800039638,NonLethal,Daylight,Yes,NoIntersection,Normal,Other,6,Friday,15,False,False
201800020040,NonLethal,NightNoStreetLight,Yes,X-type,Normal,2Vehicles-Side,9,Sunday,6,True,True
201800049643,NonLethal,NightNoStreetLight,No,NoIntersection,Normal,2Vehicles-Behind,1,Sunday,23,True,False
201800000848,NonLethal,Daylight,Yes,NoIntersection,LightRain,2Vehicles-Side,10,Monday,14,False,False
201800005000,NonLethal,Daylight,No,NoIntersection,Normal,2Vehicles-BehindVehicles-Frontal,5,Tuesday,17,False,False
201800012387,NonLethal,Daylight,No,NoIntersection,Overcast,NoCollision,10,Tuesday,10,False,False
201800037170,NonLethal,Daylight,Yes,X-type,Normal,2Vehicles-Side,9,Friday,8,False,False
201800027427,NonLethal,TwilightOrDawn,Yes,X-type,Normal,2Vehicles-Side,9,Saturday,20,True,False
201800055296,NonLethal,NightStreelightsOn,Yes,NoIntersection,Normal,2Vehicles-Behind,3,Tuesday,20,False,False
201800042074,NonLethal,TwilightOrDawn,Yes,NoIntersection,Normal,2Vehicles-BehindVehicles-Frontal,1,Monday,17,False,False
201800021796,NonLethal,Daylight,No,NoIntersection,Normal,Other,8,Tuesday,19,False,False
201800010036,NonLethal,Daylight,Yes,X-type,Normal,2Vehicles-Side,11,Monday,9,False,False
201800010685,NonLethal,Daylight,No,NoIntersection,Normal,3+Vehicles-Chain,8,Monday,15,False,False
201800036944,NonLethal,Daylight,Yes,T-type,Normal,2Vehicles-Side,7,Thursday,13,False,False
201800048059,NonLethal,NightNoStreetLight,Yes,T-type,Normal,2Vehicles-Side,1,Tuesday,20,False,False
201800039416,NonLethal,Daylight,Yes,NoIntersection,Normal,3+Vehicles-Chain,8,Tuesday,18,False,False
201800048864,NonLethal,NightStreelightsOn,No,NoIntersection,Normal,2Vehicles-Side,3,Friday,21,False,False
201800048403,NonLethal,NightStreelightsOn,Yes,X-type,Normal,2Vehicles-Side,12,Friday,23,False,False
201800052925,NonLethal,NightStreelightsOn,Yes,NoIntersection,Other,2Vehicles-Side,1,Sunday,17,True,False
201800015552,NonLethal,NightStreelightsOff,Yes,NoIntersection,Normal,Other,10,Saturday,23,True,False
201800014492,NonLethal,Daylight,Yes,NoIntersection,Normal,2Vehicles-Behind,7,Friday,16,False,False
201800034204,NonLethal,NightStreelightsOn,Yes,T-type,LightRain,Other,1,Thursday,19,False,False
201800049601,NonLethal,NightNoStreetLight,No,NoIntersection,Normal,3+Vehicles-Chain,9,Monday,6,False,True
201800017330,NonLethal,NightNoStreetLight,No,NoIntersection,FogOrSmoke,NoCollision,12,Saturday,23,True,False
201800019674,NonLethal,Daylight,No,NoIntersection,Normal,Other,7,Saturday,8,True,False
201800055029,Lethal,Daylight,Yes,T-type,Normal,Other,6,Saturday,18,True,False
201800029994,NonLethal,Daylight,No,T-type,Normal,2Vehicles-Behind,7,Saturday,13,True,False
201800005290,Lethal,Daylight,Yes,NoIntersection,Normal,2Vehicles-BehindVehicles-Frontal,9,Wednesday,13,False,False
201800023790,Lethal,Daylight,Yes,NoIntersection,Normal,2Vehicles-Behind,2,Sunday,15,True,False
201800009650,NonLethal,NightStreelightsOn,Yes,NoIntersection,Normal,2Vehicles-BehindVehicles-Frontal,5,Wednesday,21,False,False
201800026017,NonLethal,Daylight,Yes,X-type,Normal,Other,7,Wednesday,8,False,False
201800021253,NonLethal,TwilightOrDawn,Yes,Roundabout,Normal,2Vehicles-Side,6,Monday,20,False,False
201800008294,NonLethal,TwilightOrDawn,Yes,NoIntersection,Normal,Other,1,Thursday,17,False,False
201800014544,NonLethal,Daylight,No,NoIntersection,Normal,NoCollision,7,Wednesday,15,False,False
201800040988,NonLethal,NightStreelightsOn,Yes,NoIntersection,LightRain,Other,12,Saturday,18,True,False
201800028480,NonLethal,Daylight,Yes,NoIntersection,Normal,Other,6,Thursday,9,False,False
201800007320,NonLethal,Daylight,Yes,NoIntersection,Normal,Other,6,Tuesday,18,False,False
201800046707,NonLethal,TwilightOrDawn,No,NoIntersection,Normal,2Vehicles-Side,6,Wednesday,21,False,False
201800010343,NonLethal,NightNoStreetLight,No,NoIntersection,Overcast,Other,1,Monday,21,False,False
201800002969,NonLethal,NightStreelightsOn,Yes,NoIntersection,Normal,2Vehicles-BehindVehicles-Frontal,12,Thursday,21,False,False
201800056927,NonLethal,Daylight,Yes,NoIntersection,Normal,Other,4,Monday,7,False,False
201800027384,NonLethal,Daylight,Yes,X-type,Normal,2Vehicles-Side,8,Wednesday,16,False,False
201800042689,NonLethal,Daylight,Yes,Other,Normal,2Vehicles-BehindVehicles-Frontal,8,Friday,17,False,False
201800047424,NonLethal,NightStreelightsOn,Yes,NoIntersection,Normal,Other,3,Saturday,21,True,False
201800019285,NonLethal,Daylight,Yes,NoIntersection,Normal,2Vehicles-BehindVehicles-Frontal,5,Monday,15,False,False
201800006005,NonLethal,TwilightOrDawn,No,NoIntersection,Normal,2Vehicles-Behind,1,Monday,7,False,False
201800018632,NonLethal,Daylight,No,NoIntersection,Normal,2Vehicles-Side,4,Thursday,16,False,False
201800051044,NonLethal,Daylight,Yes,X-type,Normal,2Vehicles-Side,11,Sunday,14,True,False
201800049514,NonLethal,Daylight,No,NoIntersection,LightRain,2Vehicles-Side,12,Monday,14,False,False
201800024744,NonLethal,TwilightOrDawn,Yes,NoIntersection,Normal,Other,4,Friday,18,False,False
201800003003,NonLethal,Daylight,Yes,NoIntersection,VeryGood,Other,6,Tuesday,15,False,False
201800039321,NonLethal,Daylight,Yes,X-type,LightRain,Other,7,Wednesday,8,False,False
201800002097,NonLethal,Daylight,Yes,NoIntersection,Normal,2Vehicles-BehindVehicles-Frontal,5,Thursday,8,False,False
201800049051,Lethal,Daylight,No,NoIntersection,Normal,3+Vehicles-Multiple,11,Friday,12,False,False
201800024009,Lethal,Daylight,Yes,NoIntersection,Normal,2Vehicles-Side,9,Thursday,7,False,False
201800031297,NonLethal,Daylight,Yes,NoIntersection,Normal,Other,8,Friday,12,False,False
201800056947,NonLethal,Daylight,Yes,NoIntersection,Normal,2Vehicles-Side,5,Thursday,15,False,False
201800044699,NonLethal,Daylight,No,NoIntersection,Normal,2Vehicles-Behind,3,Sunday,11,True,False
201800011028,NonLethal,NightNoStreetLight,No,NoIntersection,Normal,2Vehicles-BehindVehicles-Frontal,6,Monday,23,False,False
201800033645,NonLethal,Daylight,Yes,NoIntersection,Normal,Other,8,Tuesday,19,False,False
201800003120,NonLethal,NightNoStreetLight,Yes,NoIntersection,Normal,Other,9,Wednesday,20,False,False
201800054389,NonLethal,NightStreelightsOn,Yes,X-type,Normal,Other,4,Saturday,21,True,False
201800012136,NonLethal,NightNoStreetLight,No,NoIntersection,Normal,NoCollision,9,Monday,0,False,True
201800001933,NonLethal,Daylight,Yes,NoIntersection,VeryGood,2Vehicles-BehindVehicles-Frontal,11,Monday,10,False,False
201800036976,NonLethal,Daylight,No,NoIntersection,Overcast,Other,3,Monday,18,False,False
201800011406,NonLethal,Daylight,No,NoIntersection,Normal,2Vehicles-BehindVehicles-Frontal,7,Wednesday,13,False,False
201800004013,NonLethal,Daylight,Yes,T-type,Normal,2Vehicles-Side,12,Tuesday,15,False,False
201800018445,NonLethal,Daylight,No,T-type,Normal,2Vehicles-Side,1,Wednesday,13,False,False
201800008208,NonLethal,Daylight,Yes,NoIntersection,Normal,2Vehicles-Side,2,Tuesday,16,False,False
201800006906,NonLethal,NightNoStreetLight,No,NoIntersection,LightRain,Other,12,Saturday,7,True,False
201800002521,NonLethal,Daylight,No,NoIntersection,Overcast,2Vehicles-BehindVehicles-Frontal,3,Sunday,17,True,False
201800030183,NonLethal,Daylight,Yes,X-type,Normal,Other,3,Wednesday,8,False,False
201800031190,NonLethal,Daylight,No,NoIntersection,Normal,2Vehicles-Side,10,Tuesday,13,False,False
201800056116,NonLethal,NightNoStreetLight,Yes,NoIntersection,Normal,2Vehicles-BehindVehicles-Frontal,11,Thursday,1,False,True
201800009578,NonLethal,NightStreelightsOn,Yes,NoIntersection,Normal,Other,8,Friday,1,False,True
201800016621,NonLethal,NightNoStreetLight,No,NoIntersection,Normal,NoCollision,9,Sunday,2,True,True
201800005521,NonLethal,TwilightOrDawn,Yes,NoIntersection,Normal,Other,6,Monday,20,False,False
201800027355,NonLethal,Daylight,Yes,NoIntersection,Normal,2Vehicles-BehindVehicles-Frontal,6,Tuesday,18,False,False
201800044537,NonLethal,NightNoStreetLight,No,NoIntersection,LightRain,2Vehicles-Behind,1,Tuesday,6,False,True
201800042520,NonLethal,TwilightOrDawn,Yes,Other,Normal,2Vehicles-Side,11,Tuesday,18,False,False
201800011937,NonLethal,Daylight,No,NoIntersection,Normal,Other,6,Saturday,17,True,False
201800015215,NonLethal,Daylight,No,NoIntersection,Normal,Other,3,Monday,14,False,False
201800049479,NonLethal,NightNoStreetLight,No,NoIntersection,Normal,3+Vehicles-Chain,10,Friday,19,False,False
201800050426,NonLethal,Daylight,Yes,X-type,Normal,2Vehicles-Side,2,Friday,14,False,False
201800012567,NonLethal,Daylight,No,Y-type,Normal,NoCollision,7,Tuesday,16,False,False
201800032822,NonLethal,NightNoStreetLight,No,NoIntersection,Normal,Other,12,Saturday,0,True,True
201800017503,NonLethal,Daylight,Yes,NoIntersection,Normal,NoCollision,5,Saturday,15,True,False
201800033949,NonLethal,Daylight,Yes,T-type,Normal,NoCollision,3,Monday,10,False,False
201800035947,NonLethal,NightStreelightsOn,Yes,NoIntersection,Normal,Other,10,Thursday,21,False,False
201800002833,Lethal,TwilightOrDawn,No,NoIntersection,Normal,2Vehicles-BehindVehicles-Frontal,12,Tuesday,16,False,False
201800012062,NonLethal,Daylight,Yes,T-type,Normal,2Vehicles-Side,8,Sunday,11,True,False
201800048222,NonLethal,Daylight,Yes,NoIntersection,Normal,2Vehicles-Behind,4,Thursday,12,False,False
201800012654,NonLethal,Daylight,No,NoIntersection,Normal,2Vehicles-Behind,5,Monday,11,False,False
201800028399,NonLethal,NightStreelightsOn,Yes,NoIntersection,Normal,2Vehicles-Side,1,Friday,21,False,False
201800009430,NonLethal,Daylight,Yes,NoIntersection,Normal,3+Vehicles-Multiple,7,Wednesday,17,False,False
201800037805,NonLethal,Daylight,Yes,NoIntersection,Normal,Other,5,Friday,15,False,False
201800000911,NonLethal,Daylight,Yes,Other,Normal,2Vehicles-Side,1,Monday,8,False,False
201800021179,NonLethal,NightNoStreetLight,No,NoIntersection,Normal,Other,12,Tuesday,7,False,False
201800005082,NonLethal,NightStreelightsOn,Yes,Other,Normal,2Vehicles-Side,10,Monday,23,False,False
201800036771,NonLethal,Daylight,Yes,NoIntersection,Normal,Other,5,Tuesday,17,False,False
201800057658,NonLethal,Daylight,Yes,NoIntersection,Normal,2Vehicles-Behind,2,Wednesday,7,False,False
201800032097,NonLethal,NightStreelightsOn,Yes,X-type,LightRain,2Vehicles-Side,6,Friday,0,False,True
201800038300,NonLethal,NightStreelightsOn,Yes,NoIntersection,Normal,Other,4,Sunday,23,True,False
201800042575,NonLethal,Daylight,Yes,NoIntersection,Normal,2Vehicles-Side,4,Tuesday,8,False,False
201800003515,NonLethal,Daylight,No,X-type,Normal,2Vehicles-Behind,3,Wednesday,15,False,False
201800031172,NonLethal,TwilightOrDawn,Yes,T-type,LightRain,2Vehicles-Side,1,Monday,7,False,False
201800017405,NonLethal,TwilightOrDawn,No,Other,Normal,2Vehicles-Side,5,Thursday,20,False,False
201800020747,NonLethal,Daylight,Yes,T-type,Normal,Other,5,Saturday,11,True,False
201800007194,NonLethal,Daylight,No,NoIntersection,Overcast,Other,9,Sunday,9,True,False
201800000332,NonLethal,TwilightOrDawn,Yes,NoIntersection,Normal,NoCollision,11,Friday,17,False,False
201800053090,NonLethal,Daylight,Yes,X-type,LightRain,2Vehicles-Side,9,Saturday,13,True,False
201800047247,NonLethal,NightNoStreetLight,No,NoIntersection,Normal,Other,8,Monday,3,False,True
201800036114,NonLethal,Daylight,Yes,NoIntersection,Normal,NoCollision,7,Monday,13,False,False
201800033547,NonLethal,NightNoStreetLight,No,NoIntersection,Normal,2Vehicles-Behind,10,Saturday,6,True,True
201800020957,NonLethal,NightNoStreetLight,Yes,NoIntersection,Normal,NoCollision,2,Wednesday,19,False,False
201800045904,NonLethal,NightStreelightsOn,Yes,NoIntersection,Normal,2Vehicles-Behind,6,Friday,3,False,True
201800020113,Lethal,NightNoStreetLight,No,NoIntersection,Normal,Other,9,Thursday,22,False,False
201800053357,NonLethal,Daylight,Yes,NoIntersection,Normal,2Vehicles-Behind,5,Thursday,12,False,False
201800005795,NonLethal,Daylight,Yes,NoIntersection,Normal,Other,9,Saturday,14,True,False
201800045717,NonLethal,Daylight,No,NoIntersection,Normal,Other,2,Saturday,10,True,False
201800044436,NonLethal,Daylight,No,NoIntersection,Normal,3+Vehicles-Chain,6,Tuesday,11,False,False
201800019724,NonLethal,Daylight,Yes,NoIntersection,Normal,2Vehicles-Behind,4,Monday,10,False,False
201800034093,NonLethal,Daylight,Yes,NoIntersection,Normal,Other,10,Monday,16,False,False
201800003896,NonLethal,Daylight,Yes,NoIntersection,Normal,Other,8,Friday,8,False,False
201800016952,NonLethal,NightStreelightsOn,Yes,NoIntersection,Normal,2Vehicles-Side,6,Saturday,22,True,False
201800004756,NonLethal,TwilightOrDawn,No,NoIntersection,Normal,2Vehicles-BehindVehicles-Frontal,11,Wednesday,17,False,False
201800008749,NonLethal,Daylight,Yes,NoIntersection,Normal,2Vehicles-Side,3,Wednesday,13,False,False
201800038012,NonLethal,NightStreelightsOn,Yes,NoIntersection,Normal,NoCollision,11,Friday,18,False,False
201800008835,NonLethal,Daylight,Yes,NoIntersection,Normal,3+Vehicles-Multiple,10,Thursday,13,False,False
201800031111,NonLethal,TwilightOrDawn,Yes,X-type,Normal,2Vehicles-Side,1,Sunday,18,True,False
201800013751,NonLethal,TwilightOrDawn,No,NoIntersection,Normal,NoCollision,9,Thursday,8,False,False
201800018946,NonLethal,Daylight,No,NoIntersection,Normal,Other,5,Sunday,13,True,False
201800046606,NonLethal,Daylight,No,NoIntersection,Normal,2Vehicles-Side,5,Tuesday,8,False,False
201800012092,NonLethal,Daylight,Yes,T-type,VeryGood,Other,6,Wednesday,8,False,False
201800048543,NonLethal,Daylight,Yes,NoIntersection,Normal,2Vehicles-Behind,9,Monday,10,False,False
201800043623,NonLethal,NightStreelightsOn,Yes,NoIntersection,Normal,Other,1,Tuesday,18,False,False
201800005219,NonLethal,Daylight,Yes,NoIntersection,Normal,Other,4,Wednesday,11,False,False
201800014060,NonLethal,Daylight,No,Y-type,HeavyRain,Other,5,Wednesday,14,False,False
201800031527,NonLethal,Daylight,No,NoIntersection,Normal,NoCollision,9,Tuesday,18,False,False
201800003218,NonLethal,Daylight,Yes,Y-type,Normal,3+Vehicles-Multiple,10,Sunday,8,True,False
201800041750,NonLethal,Daylight,Yes,NoIntersection,LightRain,2Vehicles-Side,5,Monday,7,False,False
201800038650,NonLethal,Daylight,Yes,T-type,Normal,Other,11,Monday,11,False,False
201800053374,NonLethal,Daylight,Yes,Square,Normal,2Vehicles-Side,5,Thursday,9,False,False
201800021101,NonLethal,Daylight,No,Roundabout,Normal,2Vehicles-Behind,5,Wednesday,14,False,False
201800049758,NonLethal,Daylight,No,NoIntersection,Normal,2Vehicles-Side,3,Friday,16,False,False
201800034511,NonLethal,TwilightOrDawn,No,Other,Normal,Other,10,Tuesday,7,False,False
201800033035,NonLethal,Daylight,Yes,NoIntersection,Normal,Other,11,Friday,16,False,False
201800012788,NonLethal,Daylight,Yes,X-type,Normal,2Vehicles-Side,7,Tuesday,16,False,False
201800033307,NonLethal,Daylight,No,NoIntersection,Normal,2Vehicles-Side,6,Monday,19,False,False
201800051822,NonLethal,NightStreelightsOn,Yes,X-type,Normal,2Vehicles-Side,10,Wednesday,20,False,False
201800002549,NonLethal,Daylight,No,T-type,VeryGood,2Vehicles-Side,4,Sunday,14,True,False
201800011767,NonLethal,NightNoStreetLight,No,NoIntersection,LightRain,Other,3,Monday,23,False,False
201800019353,NonLethal,Daylight,Yes,X-type,Normal,Other,6,Saturday,14,True,False
201800004749,NonLethal,NightNoStreetLight,No,NoIntersection,Normal,Other,4,Saturday,1,True,True
201800039008,NonLethal,Daylight,Yes,NoIntersection,Normal,Other,10,Friday,12,False,False
201800009832,NonLethal,Daylight,Yes,Square,Normal,NoCollision,2,Saturday,15,True,False
201800035561,NonLethal,Daylight,Yes,X-type,Normal,2Vehicles-Side,6,Wednesday,13,False,False
201800006017,NonLethal,NightNoStreetLight,No,NoIntersection,Normal,Other,4,Friday,3,False,True
201800017628,NonLethal,NightNoStreetLight,No,NoIntersection,Normal,Other,3,Wednesday,0,False,True
201800008897,NonLethal,NightStreelightsOn,Yes,X-type,Normal,Other,4,Monday,21,False,False
201800007888,NonLethal,TwilightOrDawn,Yes,NoIntersection,Normal,Other,1,Thursday,7,False,False
201800047925,NonLethal,Daylight,No,NoIntersection,Normal,2Vehicles-Behind,5,Wednesday,11,False,False
201800002625,NonLethal,Daylight,No,NoIntersection,Normal,2Vehicles-Side,6,Friday,20,False,False
201800019588,NonLethal,NightStreelightsOn,Yes,NoIntersection,LightRain,Other,1,Tuesday,18,False,False
201800035213,NonLethal,NightNoStreetLight,Yes,NoIntersection,Normal,Other,10,Thursday,4,False,True
201800051454,NonLethal,NightStreelightsOn,Yes,T-type,Normal,2Vehicles-Behind,3,Friday,19,False,False
201800032428,NonLethal,Daylight,Yes,X-type,Normal,2Vehicles-BehindVehicles-Frontal,4,Tuesday,17,False,False
201800006478,Lethal,NightNoStreetLight,No,NoIntersection,Normal,Other,12,Thursday,0,False,True
201800030462,NonLethal,Daylight,Yes,X-type,Normal,2Vehicles-Side,9,Thursday,16,False,False
201800002542,NonLethal,Daylight,Yes,NoIntersection,Normal,Other,7,Sunday,21,True,False
201800037696,NonLethal,Daylight,Yes,T-type,Normal,2Vehicles-Side,4,Thursday,8,False,False
201800026365,NonLethal,Daylight,Yes,Other,Normal,2Vehicles-Side,7,Friday,13,False,False
201800025297,NonLethal,Daylight,Yes,NoIntersection,LightRain,NoCollision,3,Sunday,12,True,False
201800030041,NonLethal,Daylight,Yes,NoIntersection,VeryGood,Other,9,Saturday,16,True,False
201800047074,NonLethal,NightNoStreetLight,No,NoIntersection,LightRain,3+Vehicles-Chain,11,Tuesday,19,False,False
201800016691,NonLethal,Daylight,No,X-type,Normal,2Vehicles-BehindVehicles-Frontal,7,Wednesday,19,False,False
201800025615,NonLethal,Daylight,No,NoIntersection,FogOrSmoke,3+Vehicles-Chain,11,Tuesday,8,False,False
201800044746,NonLethal,Daylight,No,NoIntersection,Normal,2Vehicles-Side,6,Monday,16,False,False
201800008304,NonLethal,NightStreelightsOn,Yes,X-type,Normal,2Vehicles-Side,1,Saturday,23,True,False
201800002479,NonLethal,Daylight,No,NoIntersection,Normal,NoCollision,2,Friday,13,False,False
201800050567,NonLethal,Daylight,Yes,T-type,Normal,2Vehicles-Side,6,Friday,18,False,False
201800007655,NonLethal,Daylight,Yes,Roundabout,LightRain,NoCollision,8,Friday,9,False,False
201800035784,NonLethal,Daylight,Yes,X-type,Normal,2Vehicles-Side,11,Monday,13,False,False
201800016920,NonLethal,Daylight,No,X-type,VeryGood,2Vehicles-BehindVehicles-Frontal,5,Thursday,10,False,False
201800022195,NonLethal,Daylight,No,NoIntersection,LightRain,NoCollision,5,Tuesday,14,False,False
201800029749,NonLethal,Daylight,Yes,NoIntersection,HeavyRain,Other,2,Friday,14,False,False
201800006879,NonLethal,TwilightOrDawn,No,NoIntersection,Normal,3+Vehicles-Chain,10,Thursday,19,False,False
201800035122,Lethal,NightStreelightsOn,Yes,NoIntersection,Normal,Other,9,Saturday,22,True,False
201800057717,NonLethal,Daylight,Yes,NoIntersection,Normal,2Vehicles-Side,5,Wednesday,10,False,False
201800050712,NonLethal,NightStreelightsOn,Yes,X-type,Normal,Other,7,Wednesday,1,False,True
201800021265,NonLethal,Daylight,Yes,NoIntersection,Normal,Other,10,Wednesday,14,False,False
201800004816,NonLethal,TwilightOrDawn,Yes,NoIntersection,Normal,Other,10,Monday,20,False,False
201800033549,NonLethal,NightStreelightsOn,Yes,NoIntersection,Normal,2Vehicles-Side,9,Monday,6,False,True
201800056946,NonLethal,Daylight,Yes,NoIntersection,HeavyRain,2Vehicles-Behind,5,Thursday,11,False,False
201800043935,NonLethal,NightNoStreetLight,No,NoIntersection,Normal,3+Vehicles-Multiple,4,Friday,2,False,True
201800014740,NonLethal,Daylight,Yes,NoIntersection,Normal,Other,7,Sunday,8,True,False
201800032325,NonLethal,NightStreelightsOn,Yes,X-type,Normal,2Vehicles-Side,12,Friday,7,False,False
201800055320,NonLethal,NightStreelightsOn,Yes,NoIntersection,Normal,2Vehicles-Behind,6,Monday,21,False,False
201800055342,NonLethal,Daylight,Yes,NoIntersection,Normal,3+Vehicles-Chain,4,Wednesday,9,False,False
201800054988,NonLethal,Daylight,Yes,NoIntersection,Normal,2Vehicles-Behind,4,Monday,17,False,False
201800046250,NonLethal,TwilightOrDawn,No,NoIntersection,Normal,2Vehicles-Behind,11,Tuesday,16,False,False
201800009326,NonLethal,Daylight,Yes,NoIntersection,Normal,NoCollision,8,Tuesday,10,False,False
201800022611,NonLethal,Daylight,Yes,X-type,Overcast,2Vehicles-Behind,9,Friday,14,False,False
201800049506,NonLethal,NightNoStreetLight,No,Other,LightRain,2Vehicles-Side,12,Thursday,7,False,False
201800047411,NonLethal,NightStreelightsOn,Yes,NoIntersection,Overcast,NoCollision,3,Sunday,1,True,True
201800035287,NonLethal,TwilightOrDawn,No,NoIntersection,Normal,Other,7,Monday,21,False,False
201800046614,NonLethal,Daylight,No,NoIntersection,Normal,2Vehicles-Behind,5,Thursday,16,False,False
201800038656,NonLethal,Daylight,Yes,NoIntersection,Normal,2Vehicles-Side,12,Thursday,13,False,False
201800050001,NonLethal,TwilightOrDawn,No,NoIntersection,Normal,3+Vehicles-Chain,7,Monday,18,False,False
201800038138,NonLethal,TwilightOrDawn,Yes,X-type,LightRain,2Vehicles-Side,9,Friday,8,False,False
201800002971,NonLethal,Daylight,No,NoIntersection,Normal,2Vehicles-BehindVehicles-Frontal,7,Monday,11,False,False
201800016185,NonLethal,NightNoStreetLight,Yes,NoIntersection,Normal,Other,9,Saturday,20,True,False
201800017967,Lethal,NightNoStreetLight,No,NoIntersection,Overcast,Other,4,Sunday,5,True,True
201800004315,NonLethal,Daylight,Yes,NoIntersection,Normal,2Vehicles-Side,5,Wednesday,15,False,False
201800026383,NonLethal,NightStreelightsOn,Yes,X-type,Normal,Other,5,Friday,23,False,False
201800039922,NonLethal,Daylight,Yes,T-type,Normal,Other,3,Sunday,10,True,False
201800015980,NonLethal,Daylight,Yes,T-type,Normal,2Vehicles-Side,2,Monday,15,False,False
201800053274,NonLethal,Daylight,Yes,T-type,Normal,Other,2,Wednesday,16,False,False
201800017138,NonLethal,TwilightOrDawn,Yes,NoIntersection,FogOrSmoke,2Vehicles-Behind,11,Friday,16,False,False
201800008226,NonLethal,NightStreelightsOn,Yes,Square,Normal,2Vehicles-Behind,4,Sunday,21,True,False
201800038072,NonLethal,NightStreelightsOn,Yes,NoIntersection,Normal,Other,1,Monday,22,False,False
201800054464,NonLethal,NightStreelightsOn,Yes,X-type,Normal,Other,6,Thursday,23,False,False
201800004049,NonLethal,Daylight,No,NoIntersection,Normal,2Vehicles-Behind,7,Friday,8,False,False
201800007849,Lethal,NightNoStreetLight,No,NoIntersection,Normal,2Vehicles-BehindVehicles-Frontal,1,Friday,21,False,False
201800043644,NonLethal,Daylight,Yes,X-type,Normal,2Vehicles-Side,10,Wednesday,11,False,False
201800039797,NonLethal,Daylight,Yes,NoIntersection,Normal,Other,5,Friday,16,False,False
201800040561,NonLethal,Daylight,Yes,NoIntersection,Normal,2Vehicles-Behind,11,Friday,8,False,False
201800042931,NonLethal,Daylight,Yes,NoIntersection,Normal,2Vehicles-BehindVehicles-Frontal,2,Sunday,16,True,False
201800006354,NonLethal,Daylight,No,Roundabout,Normal,2Vehicles-Side,3,Thursday,8,False,False
201800023627,NonLethal,Daylight,Yes,NoIntersection,Normal,2Vehicles-BehindVehicles-Frontal,4,Saturday,14,True,False
201800036131,NonLethal,Daylight,No,NoIntersection,Normal,Other,7,Friday,15,False,False
201800026052,NonLethal,Daylight,Yes,T-type,VeryGood,2Vehicles-Side,10,Tuesday,16,False,False
201800020452,NonLethal,Daylight,No,Other,Normal,Other,10,Wednesday,16,False,False
201800020041,NonLethal,Daylight,No,T-type,Normal,2Vehicles-Side,5,Friday,16,False,False
201800035463,NonLethal,Daylight,Yes,NoIntersection,Normal,Other,6,Monday,15,False,False
201800007376,NonLethal,TwilightOrDawn,Yes,NoIntersection,Normal,Other,2,Thursday,21,False,False
201800037498,NonLethal,Daylight,Yes,Other,Normal,Other,3,Saturday,18,True,False
201800055364,NonLethal,Daylight,Yes,NoIntersection,HeavyRain,3+Vehicles-Chain,4,Sunday,17,True,False
201800007005,NonLethal,Daylight,No,NoIntersection,Normal,3+Vehicles-Chain,10,Thursday,17,False,False
201800055692,NonLethal,Daylight,Yes,NoIntersection,Normal,2Vehicles-Behind,11,Friday,10,False,False
201800035427,NonLethal,Daylight,Yes,Roundabout,Normal,Other,3,Saturday,10,True,False
201800033000,NonLethal,NightStreelightsOn,Yes,T-type,Normal,NoCollision,7,Monday,22,False,False
201800038344,NonLethal,Daylight,Yes,Other,Normal,Other,12,Tuesday,11,False,False
201800038894,NonLethal,Daylight,Yes,X-type,LightRain,2Vehicles-Side,3,Thursday,17,False,False
201800016532,NonLethal,NightNoStreetLight,No,NoIntersection,Normal,Other,9,Friday,20,False,False
201800048220,NonLethal,Daylight,Yes,NoIntersection,Normal,NoCollision,4,Thursday,8,False,False
201800010502,Lethal,Daylight,No,NoIntersection,Overcast,2Vehicles-BehindVehicles-Frontal,3,Thursday,8,False,False
201800050443,NonLethal,NightStreelightsOn,Yes,T-type,Normal,Other,4,Wednesday,22,False,False
201800041330,NonLethal,NightStreelightsOn,No,Roundabout,Overcast,2Vehicles-BehindVehicles-Frontal,12,Saturday,7,True,False