AccidentId,Gravity,Light,InAgglomeration,IntersectionType,Weather,CollisionType,Month,DayOfWeek,HourOfDay,IsWeekend,IsNight
201800023552,NonLethal,Daylight,No,NoIntersection,Normal,2Vehicles-Side,5,Thursday,7,False,False
201800052630,NonLethal,NightStreelightsOn,Yes,T-type,Normal,2Vehicles-Side,12,Thursday,7,False,False
201800026059,NonLethal,TwilightOrDawn,Yes,T-type,LightRain,2Vehicles-Side,11,Friday,16,False,False
201800040827,NonLethal,NightStreelightsOn,Yes,NoIntersection,Normal,3+Vehicles-Chain,3,Friday,23,False,False
201800047037,NonLethal,NightStreelightsOff,No,NoIntersection,Normal,Other,11,Sunday,21,True,False
201800002665,NonLethal,NightNoStreetLight,No,NoIntersection,FogOrSmoke,2Vehicles-Side,1,Friday,23,False,False
201800045883,NonLethal,Daylight,No,NoIntersection,Normal,2Vehicles-Side,5,Thursday,7,False,False
201800013420,NonLethal,NightNoStreetLight,No,Roundabout,Normal,Other,2,Saturday,4,True,True
201800004010,NonLethal,NightNoStreetLight,No,NoIntersection,Normal,2Vehicles-BehindVehicles-Frontal,10,Sunday,23,True,False
201800020315,NonLethal,Daylight,No,NoIntersection,Normal,2Vehicles-Behind,10,Thursday,14,False,False
201800044089,NonLethal,Daylight,No,NoIntersection,Normal,Other,6,Saturday,15,True,False
201800025184,NonLethal,NightStreelightsOn,Yes,NoIntersection,LightRain,2Vehicles-Behind,1,Tuesday,18,False,False
201800042250,NonLethal,Daylight,Yes,T-type,Normal,2Vehicles-Behind,3,Wednesday,8,False,False
201800024280,NonLethal,Daylight,Yes,NoIntersection,Normal,Other,3,Sunday,14,True,False
201800030827,NonLethal,NightStreelightsOn,Yes,X-type,Normal,2Vehicles-Side,6,Saturday,23,True,False
201800043262,NonLethal,TwilightOrDawn,Yes,Other,Normal,Other,9,Monday,9,False,False
201800034722,NonLethal,Daylight,Yes,NoIntersection,Normal,Other,11,Sunday,16,True,False
201800050454,NonLethal,Daylight,Yes,X-type,Overcast,2Vehicles-Side,5,Monday,12,False,False
201800018918,NonLethal,NightNoStreetLight,Yes,NoIntersection,Normal,Other,5,Sunday,23,True,False
201800051317,NonLethal,Daylight,Yes,X-type,Normal,2Vehicles-Side,2,Friday,12,False,False
201800045849,NonLethal,Daylight,No,NoIntersection,Normal,NoCollision,5,Friday,16,False,False
201800012516,Lethal,Daylight,No,NoIntersection,Normal,Other,9,Saturday,16,True,False
201800055930,NonLethal,Daylight,No,NoIntersection,Normal,3+Vehicles-Multiple,7,Saturday,9,True,False
201800037592,NonLethal,Daylight,Yes,NoIntersection,Normal,Other,11,Monday,17,False,False
201800040421,NonLethal,Daylight,Yes,NoIntersection,Normal,Other,6,Friday,15,False,False
201800005952,NonLethal,Daylight,Yes,T-type,Normal,2Vehicles-Side,2,Friday,10,False,False
201800018229,NonLethal,Daylight,No,NoIntersection,LightRain,2Vehicles-BehindVehicles-Frontal,4,Thursday,13,False,False
201800022523,NonLethal,Daylight,Yes,NoIntersection,Normal,2Vehicles-Behind,12,Monday,16,False,False
201800005478,NonLethal,NightStreelightsOn,Yes,NoIntersection,Normal,Other,10,Tuesday,23,False,False
201800053775,NonLethal,Daylight,Yes,NoIntersection,Normal,Other,4,Friday,9,False,False
201800033519,NonLethal,TwilightOrDawn,Yes,NoIntersection,Normal,Other,8,Thursday,6,False,True
201800021800,NonLethal,NightNoStreetLight,No,Roundabout,Normal,2Vehicles-Behind,11,Saturday,20,True,False
201800012657,NonLethal,NightStreelightsOff,No,NoIntersection,LightRain,Other,9,Tuesday,19,False,False
201800032973,Lethal,TwilightOrDawn,Yes,NoIntersection,Normal,Other,8,Sunday,6,True,True
201800004605,NonLethal,Daylight,Yes,X-type,Normal,2Vehicles-Side,7,Wednesday,11,False,False
201800026382,NonLethal,Daylight,Yes,NoIntersection,Normal,2Vehicles-Behind,7,Friday,17,False,False
201800045857,NonLethal,Daylight,No,NoIntersection,Normal,NoCollision,8,Sunday,18,True,False
201800021126,NonLethal,Daylight,Yes,NoIntersection,LightRain,Other,11,Friday,14,False,False
201800019971,NonLethal,Daylight,No,NoIntersection,Normal,2Vehicles-Side,5,Wednesday,15,False,False
201800015221,NonLethal,Daylight,No,NoIntersection,FogOrSmoke,Other,10,Friday,12,False,False
201800048978,NonLethal,NightStreelightsOn,No,NoIntersection,Normal,Other,8,Thursday,22,False,False
201800038056,NonLethal,TwilightOrDawn,Yes,Roundabout,LightRain,2Vehicles-Side,11,Tuesday,8,False,False
201800032790,NonLethal,TwilightOrDawn,Yes,NoIntersection,Other,Other,3,Friday,7,False,False
201800045753,NonLethal,NightNoStreetLight,No,NoIntersection,Normal,Other,10,Wednesday,5,False,True
201800051042,NonLethal,Daylight,Yes,NoIntersection,Normal,2Vehicles-Side,11,Sunday,11,True,False
201800018017,NonLethal,NightNoStreetLight,No,T-type,FogOrSmoke,3+Vehicles-Multiple,12,Sunday,19,True,False
201800001696,NonLethal,Daylight,No,NoIntersection,Normal,3+Vehicles-Multiple,6,Thursday,19,False,False
201800045012,NonLethal,Daylight,No,NoIntersection,Normal,3+Vehicles-Chain,6,Tuesday,8,False,False
201800026299,NonLethal,Daylight,Yes,T-type,Normal,2Vehicles-Side,2,Sunday,13,True,False
201800015547,NonLethal,NightStreelightsOff,Yes,NoIntersection,Normal,Other,8,Tuesday,0,False,True
201800032744,NonLethal,Daylight,No,NoIntersection,Normal,2Vehicles-Behind,9,Saturday,16,True,False
201800025128,NonLethal,NightNoStreetLight,Yes,NoIntersection,LightRain,Other,8,Friday,21,False,False
201800018058,NonLethal,TwilightOrDawn,No,NoIntersection,Normal,2Vehicles-BehindVehicles-Frontal,3,Sunday,6,True,True
201800010206,NonLethal,Daylight,Yes,NoIntersection,Normal,Other,12,Monday,16,False,False
201800013880,Lethal,Daylight,No,NoIntersection,Normal,2Vehicles-BehindVehicles-Frontal,7,Friday,16,False,False
201800034786,NonLethal,NightStreelightsOff,Yes,NoIntersection,Normal,Other,4,Saturday,23,True,False
201800056652,NonLethal,NightStreelightsOn,Yes,T-type,Normal,2Vehicles-Side,10,Wednesday,18,False,False
201800053447,NonLethal,Daylight,Yes,NoIntersection,Normal,Other,7,Sunday,18,True,False
201800025801,NonLethal,Daylight,Yes,Y-type,Normal,2Vehicles-Side,7,Saturday,10,True,False
201800052625,NonLethal,Daylight,Yes,T-type,Normal,2Vehicles-Side,12,Friday,13,False,False
201800000964,NonLethal,Daylight,Yes,NoIntersection,Normal,Other,8,Friday,10,False,False
201800005680,NonLethal,Daylight,Yes,T-type,Normal,2Vehicles-Side,5,Saturday,15,True,False
201800024409,NonLethal,Daylight,Yes,T-type,Normal,2Vehicles-Side,9,Friday,14,False,False
201800000427,NonLethal,Daylight,No,NoIntersection,Normal,2Vehicles-Behind,3,Saturday,15,True,False
201800025764,NonLethal,NightStreelightsOn,Yes,X-type,LightRain,Other,2,Sunday,18,True,False
201800030758,NonLethal,Daylight,Yes,NoIntersection,Normal,2Vehicles-Behind,3,Friday,7,False,False
201800027626,NonLethal,Daylight,Yes,X-type,Normal,2Vehicles-Side,8,Friday,11,False,False
201800012462,NonLethal,Daylight,No,NoIntersection,Normal,2Vehicles-BehindVehicles-Frontal,8,Thursday,14,False,False
201800044157,NonLethal,Daylight,No,NoIntersection,Normal,Other,8,Thursday,18,False,False
201800019765,NonLethal,Daylight,Yes,Roundabout,Normal,NoCollision,10,Friday,15,False,False
201800025745,NonLethal,Daylight,Yes,NoIntersection,Normal,Other,9,Friday,13,False,False
201800042990,NonLethal,Daylight,Yes,NoIntersection,Normal,2Vehicles-Side,9,Wednesday,9,False,False
201800009510,NonLethal,TwilightOrDawn,Yes,X-type,Normal,2Vehicles-Behind,10,Monday,20,False,False
201800008285,NonLethal,NightStreelightsOn,Yes,NoIntersection,Normal,2Vehicles-Side,1,Tuesday,17,False,False
201800025281,NonLethal,Daylight,Yes,NoIntersection,Normal,Other,4,Sunday,17,True,False
201800035211,NonLethal,Daylight,Yes,NoIntersection,Normal,2Vehicles-Side,11,Friday,17,False,False
201800033561,NonLethal,NightStreelightsOn,Yes,NoIntersection,Normal,2Vehicles-Side,10,Friday,7,False,False
201800022150,NonLethal,Daylight,Yes,Other,Normal,2Vehicles-Side,11,Thursday,8,False,False
201800000714,NonLethal,Daylight,No,NoIntersection,Normal,2Vehicles-BehindVehicles-Frontal,4,Monday,14,False,False
201800047039,NonLethal,Daylight,No,NoIntersection,LightRain,2Vehicles-Side,12,Tuesday,10,False,False
201800023220,NonLethal,Daylight,No,NoIntersection,Normal,2Vehicles-Side,7,Monday,19,False,False
201800021715,NonLethal,Daylight,No,NoIntersection,Normal,Other,8,Friday,17,False,False
201800031400,NonLethal,Daylight,Yes,NoIntersection,Normal,2Vehicles-BehindVehicles-Frontal,6,Wednesday,12,False,False
201800039606,NonLethal,Daylight,Yes,NoIntersection,Normal,2Vehicles-Side,1,Wednesday,16,False,False
201800018540,NonLethal,Daylight,Yes,NoIntersection,Overcast,Other,10,Sunday,17,True,False
201800015955,NonLethal,Daylight,No,NoIntersection,Normal,2Vehicles-BehindVehicles-Frontal,5,Sunday,10,True,False
201800006675,NonLethal,Daylight,Yes,NoIntersection,Normal,Other,5,Monday,14,False,False
201800047319,NonLethal,NightStreelightsOn,Yes,NoIntersection,Normal,Other,1,Sunday,0,True,True
201800019795,NonLethal,NightNoStreetLight,No,NoIntersection,FogOrSmoke,Other,11,Friday,22,False,False
201800028282,Lethal,Daylight,Yes,X-type,Normal,2Vehicles-Side,5,Tuesday,11,False,False
201800039265,NonLethal,NightStreelightsOn,Yes,NoIntersection,LightRain,2Vehicles-Side,12,Thursday,0,False,True
201800037679,NonLethal,Daylight,Yes,Roundabout,Normal,2Vehicles-Side,12,Monday,18,False,False
201800012343,NonLethal,NightNoStreetLight,No,NoIntersection,Normal,Other,10,Saturday,23,True,False
201800039161,NonLethal,Daylight,Yes,T-type,Normal,2Vehicles-BehindVehicles-Frontal,10,Tuesday,16,False,False
201800015677,NonLethal,NightStreelightsOn,No,Roundabout,LightRain,Other,12,Thursday,8,False,False
201800009871,NonLethal,Daylight,Yes,NoIntersection,Normal,3+Vehicles-Multiple,10,Monday,8,False,False
201800057516,NonLethal,Daylight,Yes,T-type,Normal,2Vehicles-Side,9,Friday,12,False,False
201800039137,NonLethal,Daylight,Yes,T-type,Normal,Other,6,Wednesday,13,False,False
201800052896,NonLethal,Daylight,Yes,Y-type,Normal,2Vehicles-Side,12,Wednesday,10,False,False
201800039224,NonLethal,Daylight,Yes,X-type,SnowOrHail,Other,2,Thursday,10,False,False
201800015692,NonLethal,Daylight,No,Square,Normal,Other,6,Thursday,19,False,False
201800016300,NonLethal,Daylight,No,X-type,Normal,2Vehicles-Side,3,Tuesday,7,False,False
201800001577,NonLethal,Daylight,No,NoIntersection,Normal,Other,9,Tuesday,9,False,False
201800053657,NonLethal,NightStreelightsOn,Yes,Y-type,LightRain,Other,2,Thursday,21,False,False
201800003404,NonLethal,NightNoStreetLight,No,NoIntersection,HeavyRain,3+Vehicles-Multiple,2,Monday,17,False,False
201800037130,NonLethal,NightStreelightsOn,Yes,NoIntersection,Overcast,2Vehicles-Side,11,Wednesday,21,False,False
201800005231,NonLethal,Daylight,Yes,Other,LightRain,2Vehicles-BehindVehicles-Frontal,5,Wednesday,18,False,False
201800017954,Lethal,NightNoStreetLight,No,NoIntersection,Normal,2Vehicles-BehindVehicles-Frontal,10,Sunday,20,True,False
201800009868,NonLethal,Daylight,Yes,NoIntersection,Normal,3+Vehicles-Chain,10,Sunday,18,True,False
201800040338,NonLethal,Daylight,Yes,LevelCrossing,Normal,Other,8,Thursday,10,False,False
201800055980,NonLethal,NightNoStreetLight,No,NoIntersection,Normal,Other,9,Saturday,22,True,False
201800040603,NonLethal,Daylight,Yes,NoIntersection,Normal,Other,6,Friday,8,False,False
201800033846,NonLethal,Daylight,Yes,NoIntersection,Normal,Other,9,Sunday,18,True,False
201800029362,NonLethal,NightNoStreetLight,Yes,NoIntersection,Normal,Other,4,Wednesday,21,False,False
201800033340,NonLethal,Daylight,No,Roundabout,LightRain,2Vehicles-Side,11,Friday,15,False,False
201800022334,NonLethal,Daylight,Yes,Roundabout,Normal,3+Vehicles-Chain,5,Tuesday,13,False,False
201800023803,NonLethal,Daylight,Yes,Y-type,Normal,2Vehicles-Side,8,Sunday,11,True,False
201800035058,NonLethal,Daylight,Yes,X-type,Normal,2Vehicles-Side,5,Monday,16,False,False
201800036076,NonLethal,Daylight,Yes,NoIntersection,Normal,Other,5,Thursday,15,False,False
201800001361,NonLethal,Daylight,No,NoIntersection,Normal,2Vehicles-BehindVehicles-Frontal,1,Wednesday,13,False,False
201800038001,NonLethal,NightStreelightsOn,No,NoIntersection,Normal,2Vehicles-Behind,5,Friday,19,False,False
201800052708,NonLethal,Daylight,Yes,NoIntersection,Normal,Other,4,Wednesday,11,False,False
201800021465,NonLethal,NightStreelightsOff,No,NoIntersection,Normal,2Vehicles-BehindVehicles-Frontal,12,Wednesday,7,False,False
201800021207,NonLethal,Daylight,No,NoIntersection,Normal,2Vehicles-BehindVehicles-Frontal,7,Wednesday,10,False,False
201800019801,NonLethal,Daylight,Yes,NoIntersection,Normal,Other,11,Wednesday,10,False,False
201800048535,NonLethal,Daylight,Yes,X-type,Normal,2Vehicles-Side,9,Friday,9,False,False
201800029304,NonLethal,Daylight,Yes,X-type,Normal,2Vehicles-Side,6,Monday,9,False,False
201800046725,NonLethal,NightNoStreetLight,No,NoIntersection,Normal,3+Vehicles-Chain,2,Wednesday,23,False,False
201800011515,NonLethal,Daylight,No,NoIntersection,VeryGood,2Vehicles-BehindVehicles-Frontal,5,Sunday,18,True,False
201800038463,NonLethal,Daylight,Yes,LevelCrossing,Normal,Other,7,Tuesday,9,False,False
201800025527,NonLethal,NightStreelightsOn,Yes,T-type,Normal,2Vehicles-Side,6,Sunday,21,True,False
201800002383,NonLethal,Daylight,Yes,Roundabout,Normal,2Vehicles-Side,10,Friday,13,False,False
201800040300,NonLethal,Daylight,Yes,NoIntersection,Normal,2Vehicles-Behind,6,Tuesday,11,False,False
201800044511,NonLethal,Daylight,No,NoIntersection,Normal,Other,1,Sunday,12,True,False
201800008140,NonLethal,Daylight,Yes,T-type,LightRain,Other,1,Tuesday,11,False,False
201800040719,NonLethal,NightStreelightsOn,Yes,X-type,Normal,2Vehicles-Side,10,Monday,20,False,False
201800056551,NonLethal,Daylight,Yes,Other,Normal,Other,12,Wednesday,6,False,True
201800024903,NonLethal,NightStreelightsOn,Yes,X-type,Normal,2Vehicles-Side,9,Saturday,21,True,False
201800024436,NonLethal,Daylight,Yes,NoIntersection,Normal,Other,10,Tuesday,12,False,False
201800013422,NonLethal,Daylight,No,X-type,Normal,2Vehicles-BehindVehicles-Frontal,6,Saturday,16,True,False
201800048551,NonLethal,Daylight,Yes,X-type,Normal,2Vehicles-Side,9,Wednesday,10,False,False
201800026916,NonLethal,Daylight,Yes,T-type,VeryGood,2Vehicles-Side,9,Tuesday,8,False,False
201800030793,NonLethal,Daylight,Yes,Other,LightRain,2Vehicles-Side,4,Thursday,9,False,False
201800020904,NonLethal,TwilightOrDawn,No,NoIntersection,Normal,2Vehicles-BehindVehicles-Frontal,11,Wednesday,17,False,False
201800007879,NonLethal,Daylight,Yes,Y-type,Overcast,3+Vehicles-Chain,8,Friday,17,False,False
201800034733,NonLethal,NightStreelightsOn,Yes,NoIntersection,LightRain,Other,12,Saturday,18,True,False
201800046248,NonLethal,TwilightOrDawn,No,NoIntersection,Normal,3+Vehicles-Chain,11,Monday,7,False,False
201800030859,NonLethal,Daylight,Yes,NoIntersection,Normal,2Vehicles-Behind,8,Monday,12,False,False
201800054879,NonLethal,NightStreelightsOn,Yes,X-type,Normal,Other,11,Wednesday,19,False,False
201800010316,NonLethal,Daylight,Yes,NoIntersection,Normal,Other,10,Saturday,15,True,False
201800002473,NonLethal,Daylight,No,NoIntersection,Normal,2Vehicles-BehindVehicles-Frontal,6,Thursday,9,False,False
201800036601,NonLethal,Daylight,Yes,NoIntersection,Normal,Other,9,Friday,18,False,False
201800025326,NonLethal,Daylight,Yes,X-type,Normal,2Vehicles-Side,5,Tuesday,13,False,False
201800048347,NonLethal,Daylight,Yes,X-type,Normal,2Vehicles-Side,6,Wednesday,13,False,False
201800044307,NonLethal,NightStreelightsOn,No,NoIntersection,Normal,3+Vehicles-Chain,10,Saturday,20,True,False
201800045518,NonLethal,NightNoStreetLight,No,NoIntersection,LightRain,2Vehicles-Behind,12,Saturday,18,True,False
201800047708,NonLethal,NightStreelightsOn,Yes,X-type,Normal,2Vehicles-Side,9,Saturday,1,True,True
201800040156,NonLethal,NightNoStreetLight,No,NoIntersection,Normal,NoCollision,1,Friday,20,False,False
201800042076,NonLethal,Daylight,Yes,NoIntersection,LightRain,3+Vehicles-Chain,1,Thursday,16,False,False
201800039628,NonLethal,Daylight,Yes,NoIntersection,Normal,2Vehicles-Behind,3,Monday,16,False,False
201800039575,NonLethal,Daylight,Yes,NoIntersection,Normal,2Vehicles-Side,8,Tuesday,19,False,False
201800055571,NonLethal,Daylight,Yes,NoIntersection,LightRain,NoCollision,8,Monday,8,False,False
201800004638,NonLethal,TwilightOrDawn,Yes,T-type,Other,2Vehicles-BehindVehicles-Frontal,12,Sunday,8,True,False
201800054496,NonLethal,NightStreelightsOn,Yes,NoIntersection,Normal,2Vehicles-Behind,7,Sunday,4,True,True
201800001325,NonLethal,Daylight,Yes,Other,LightRain,Other,3,Thursday,17,False,False
201800011813,NonLethal,NightNoStreetLight,No,T-type,Other,2Vehicles-Behind,6,Saturday,23,True,False
201800013445,NonLethal,Daylight,No,NoIntersection,Normal,Other,5,Saturday,16,True,False
201800024062,NonLethal,Daylight,Yes,T-type,Normal,Other,12,Sunday,9,True,False
201800024750,NonLethal,Daylight,Yes,NoIntersection,Normal,Other,5,Friday,11,False,False
201800032774,NonLethal,Daylight,No,NoIntersection,Normal,NoCollision,7,Wednesday,11,False,False
201800032176,NonLethal,NightStreelightsOn,Yes,Other,Normal,Other,11,Sunday,23,True,False
201800007800,NonLethal,Daylight,Yes,NoIntersection,Normal,Other,10,Sunday,17,True,False
201800015697,Lethal,NightNoStreetLight,No,NoIntersection,Normal,2Vehicles-Side,3,Thursday,21,False,False
201800040698,NonLethal,Daylight,Yes,NoIntersection,LightRain,2Vehicles-Behind,9,Saturday,10,True,False
201800026384,NonLethal,Daylight,Yes,NoIntersection,Normal,2Vehicles-Side,7,Friday,13,False,False
201800018595,NonLethal,Daylight,Yes,X-type,Normal,2Vehicles-Side,3,Saturday,14,True,False
201800031882,NonLethal,Daylight,Yes,T-type,Overcast,2Vehicles-Side,8,Thursday,19,False,False
201800036404,NonLethal,NightStreelightsOn,No,Roundabout,SnowOrHail,2Vehicles-Behind,2,Wednesday,7,False,False
201800023689,NonLethal,NightNoStreetLight,No,NoIntersection,Normal,3+Vehicles-Multiple,11,Friday,17,False,False
201800007443,NonLethal,Daylight,Yes,Other,Normal,Other,8,Friday,18,False,False
201800040519,NonLethal,NightStreelightsOn,Yes,X-type,LightRain,2Vehicles-Behind,2,Monday,7,False,False
201800045357,Lethal,NightNoStreetLight,No,NoIntersection,Normal,3+Vehicles-Multiple,10,Sunday,1,True,True
201800003983,NonLethal,NightNoStreetLight,No,NoIntersection,Normal,Other,5,Saturday,21,True,False
201800038393,NonLethal,NightStreelightsOn,Yes,NoIntersection,FogOrSmoke,2Vehicles-Side,11,Thursday,7,False,False
201800019843,NonLethal,Daylight,No,NoIntersection,Normal,2Vehicles-BehindVehicles-Frontal,3,Thursday,15,False,False
201800000555,NonLethal,Daylight,Yes,NoIntersection,Normal,Other,7,Monday,15,False,False
201800041870,Lethal,NightStreelightsOn,Yes,Other,LightRain,NoCollision,6,Tuesday,23,False,False
201800016376,NonLethal,Daylight,No,NoIntersection,Normal,Other,8,Sunday,10,True,False
201800009081,NonLethal,Daylight,Yes,T-type,LightRain,2Vehicles-Side,5,Thursday,9,False,False
201800037034,NonLethal,Daylight,No,NoIntersection,Normal,2Vehicles-Behind,12,Thursday,10,False,False
201800036445,NonLethal,Daylight,Yes,NoIntersection,Normal,2Vehicles-Behind,6,Thursday,20,False,False
201800039732,NonLethal,Daylight,Yes,X-type,Normal,Other,7,Saturday,18,True,False
201800023561,NonLethal,NightNoStreetLight,No,Y-type,Normal,2Vehicles-BehindVehicles-Frontal,8,Tuesday,2,False,True
201800008858,NonLethal,Daylight,Yes,NoIntersection,Overcast,2Vehicles-Behind,4,Saturday,18,True,False
201800052980,NonLethal,Daylight,Yes,X-type,Normal,Other,4,Wednesday,18,False,False
201800007417,NonLethal,Daylight,Yes,Other,Normal,2Vehicles-Side,9,Saturday,20,True,False
201800050796,NonLethal,Daylight,Yes,X-type,Normal,2Vehicles-Behind,10,Tuesday,10,False,False
201800024150,NonLethal,NightNoStreetLight,No,NoIntersection,LightRain,2Vehicles-BehindVehicles-Frontal,12,Sunday,18,True,False
201800042533,NonLethal,TwilightOrDawn,Yes,X-type,Overcast,Other,12,Thursday,8,False,False
201800020574,NonLethal,Daylight,Yes,NoIntersection,LightRain,Other,3,Saturday,17,True,False
201800037435,NonLethal,Daylight,Yes,NoIntersection,Normal,3+Vehicles-Chain,6,Sunday,10,True,False
201800047745,NonLethal,Daylight,Yes,NoIntersection,Normal,Other,10,Saturday,18,True,False
201800033014,NonLethal,Daylight,No,NoIntersection,Normal,NoCollision,8,Thursday,19,False,False
201800002253,NonLethal,Daylight,No,Other,Normal,3+Vehicles-Chain,8,Friday,18,False,False
201800030599,NonLethal,Daylight,Yes,Roundabout,Overcast,3+Vehicles-Chain,8,Thursday,13,False,False
201800024346,NonLethal,NightStreelightsOn,Yes,Other,Normal,2Vehicles-Side,6,Friday,4,False,True
201800055984,NonLethal,Daylight,No,NoIntersection,Normal,2Vehicles-Behind,10,Wednesday,17,False,False
201800040876,NonLethal,Daylight,Yes,X-type,Normal,2Vehicles-Side,5,Sunday,13,True,False
201800037321,NonLethal,Daylight,Yes,T-type,Normal,2Vehicles-BehindVehicles-Frontal,10,Wednesday,16,False,False
201800004925,NonLethal,Daylight,Yes,NoIntersection,Normal,2Vehicles-Side,2,Friday,17,False,False
201800039671,NonLethal,NightStreelightsOn,Yes,Other,LightRain,2Vehicles-Side,10,Thursday,5,False,True
201800057632,NonLethal,TwilightOrDawn,No,Other,Normal,NoCollision,5,Sunday,7,True,False
201800002127,NonLethal,NightNoStreetLight,Yes,NoIntersection,Other,NoCollision,12,Thursday,22,False,False
201800001659,NonLethal,Daylight,Yes,NoIntersection,Normal,Other,7,Tuesday,8,False,False
201800018478,NonLethal,NightNoStreetLight,No,NoIntersection,LightRain,2Vehicles-Side,1,Saturday,20,True,False
201800006337,NonLethal,Daylight,No,NoIntersection,Normal,NoCollision,6,Friday,19,False,False
201800016690,NonLethal,Daylight,Yes,NoIntersection,Overcast,2Vehicles-BehindVehicles-Frontal,11,Tuesday,15,False,False
201800012669,NonLethal,NightNoStreetLight,No,NoIntersection,Normal,Other,9,Sunday,0,True,True
201800005366,NonLethal,NightStreelightsOn,No,NoIntersection,Normal,Other,4,Sunday,1,True,True
201800032837,Lethal,Daylight,Yes,X-type,Normal,2Vehicles-Side,3,Monday,17,False,False
201800050897,NonLethal,Daylight,Yes,X-type,Normal,2Vehicles-Side,6,Thursday,20,False,False
201800023275,NonLethal,Daylight,Yes,NoIntersection,Normal,Other,4,Tuesday,7,False,False
201800038438,NonLethal,Daylight,Yes,NoIntersection,Normal,Other,5,Tuesday,18,False,False
201800030427,NonLethal,NightStreelightsOn,No,NoIntersection,Normal,Other,10,Sunday,6,True,True
201800021733,NonLethal,Daylight,No,NoIntersection,Normal,2Vehicles-Behind,11,Monday,13,False,False
201800016249,NonLethal,Daylight,No,NoIntersection,Normal,2Vehicles-Side,10,Tuesday,10,False,False
201800037636,NonLethal,Daylight,Yes,NoIntersection,Normal,Other,7,Friday,11,False,False
201800040208,NonLethal,Daylight,Yes,NoIntersection,VeryGood,3+Vehicles-Chain,3,Wednesday,10,False,False
201800049304,NonLethal,Daylight,No,NoIntersection,Normal,3+Vehicles-Chain,11,Thursday,13,False,False
201800026440,NonLethal,Daylight,Yes,NoIntersection,Normal,2Vehicles-Side,12,Monday,10,False,False
201800038392,NonLethal,Daylight,Yes,X-type,LightRain,2Vehicles-Side,10,Thursday,12,False,False
201800034366,NonLethal,Daylight,Yes,Roundabout,Normal,Other,6,Wednesday,19,False,False
201800031289,NonLethal,NightNoStreetLight,Yes,NoIntersection,Normal,Other,7,Wednesday,3,False,True
201800030222,NonLethal,Daylight,Yes,X-type,Normal,Other,2,Tuesday,14,False,False
201800041602,NonLethal,Daylight,Yes,T-type,Normal,2Vehicles-Side,9,Thursday,15,False,False
201800039707,NonLethal,Daylight,Yes,X-type,Normal,2Vehicles-Side,4,Friday,20,False,False
201800029346,NonLethal,NightNoStreetLight,Yes,NoIntersection,Normal,2Vehicles-Behind,1,Saturday,18,True,False
201800054851,NonLethal,NightStreelightsOn,Yes,T-type,LightRain,3+Vehicles-Chain,11,Saturday,18,True,False
201800056713,NonLethal,Daylight,No,NoIntersection,Normal,3+Vehicles-Chain,10,Thursday,16,False,False
201800005621,NonLethal,Daylight,Yes,NoIntersection,Normal,Other,3,Thursday,9,False,False
201800001123,NonLethal,Daylight,No,NoIntersection,Normal,3+Vehicles-Multiple,5,Sunday,19,True,False
201800020269,NonLethal,NightStreelightsOn,Yes,T-type,Normal,2Vehicles-BehindVehicles-Frontal,12,Sunday,22,True,False
201800015590,NonLethal,Daylight,No,NoIntersection,Normal,2Vehicles-Behind,7,Sunday,15,True,False
201800013835,NonLethal,Daylight,No,NoIntersection,Normal,Other,7,Sunday,10,True,False
201800039159,NonLethal,NightStreelightsOn,Yes,T-type,Normal,2Vehicles-Side,6,Sunday,0,True,True
201800035478,NonLethal,Daylight,Yes,Roundabout,Normal,2Vehicles-Side,4,Friday,9,False,False
201800056061,Lethal,NightNoStreetLight,No,NoIntersection,Normal,Other,8,Monday,5,False,True
201800053725,NonLethal,Daylight,Yes,Y-type,Normal,2Vehicles-Side,3,Wednesday,14,False,False
201800043836,NonLethal,TwilightOrDawn,No,NoIntersection,Normal,3+Vehicles-Chain,2,Friday,19,False,False
201800053561,NonLethal,Daylight,Yes,NoIntersection,Normal,2Vehicles-Side,10,Monday,18,False,False
201800039034,NonLethal,Daylight,Yes,NoIntersection,Normal,NoCollision,9,Wednesday,8,False,False
201800042200,NonLethal,Daylight,Yes,NoIntersection,Normal,2Vehicles-Side,6,Saturday,18,True,False
201800029359,NonLethal,Daylight,Yes,Roundabout,Normal,2Vehicles-Side,3,Tuesday,17,False,False
201800032667,NonLethal,NightStreelightsOn,Yes,NoIntersection,Overcast,3+Vehicles-Chain,12,Friday,18,False,False
201800010698,NonLethal,Daylight,Yes,NoIntersection,Normal,2Vehicles-BehindVehicles-Frontal,6,Thursday,16,False,False
201800038342,NonLethal,Daylight,Yes,T-type,LightRain,NoCollision,9,Sunday,13,True,False
201800050942,NonLethal,Daylight,Yes,Square,Normal,Other,10,Sunday,11,True,False
201800045784,NonLethal,Daylight,No,NoIntersection,HeavyRain,NoCollision,3,Wednesday,9,False,False
201800013008,NonLethal,TwilightOrDawn,Yes,NoIntersection,Normal,2Vehicles-Side,4,Thursday,7,False,False
201800043099,NonLethal,NightStreelightsOff,Yes,NoIntersection,Normal,2Vehicles-Side,12,Friday,23,False,False
201800033184,Lethal,NightStreelightsOn,Yes,NoIntersection,Normal,Other,11,Saturday,4,True,True
201800045781,NonLethal,Daylight,No,NoIntersection,LightRain,2Vehicles-Side,3,Tuesday,9,False,False
201800019976,Lethal,Daylight,No,NoIntersection,Normal,2Vehicles-BehindVehicles-Frontal,10,Friday,14,False,False