AccidentId,Gravity,Light,InAgglomeration,IntersectionType,Weather,CollisionType,Month,DayOfWeek,HourOfDay,IsWeekend,IsNight
201800037025,NonLethal,NightNoStreetLight,No,NoIntersection,Normal,2Vehicles-Behind,12,Monday,7,False,False
201800044215,NonLethal,Daylight,No,NoIntersection,Normal,2Vehicles-Side,9,Tuesday,7,False,False
201800037739,NonLethal,Daylight,Yes,NoIntersection,Normal,Other,10,Tuesday,10,False,False
201800001284,NonLethal,Daylight,No,NoIntersection,Normal,NoCollision,12,Monday,16,False,False
201800047665,NonLethal,Daylight,Yes,NoIntersection,Normal,Other,9,Wednesday,18,False,False
201800021153,NonLethal,Daylight,Yes,NoIntersection,LightRain,Other,1,Sunday,15,True,False
201800049733,NonLethal,NightNoStreetLight,No,NoIntersection,Normal,2Vehicles-Behind,9,Monday,19,False,False
201800016550,NonLethal,Daylight,No,NoIntersection,Normal,2Vehicles-Side,9,Tuesday,9,False,False
201800001595,NonLethal,Daylight,Yes,NoIntersection,Normal,2Vehicles-BehindVehicles-Frontal,9,Sunday,10,True,False
201800049665,NonLethal,Daylight,No,NoIntersection,HeavyRain,NoCollision,1,Saturday,12,True,False
201800032767,NonLethal,NightNoStreetLight,No,NoIntersection,Normal,Other,9,Wednesday,3,False,True
201800054103,NonLethal,NightStreelightsOn,Yes,Square,Normal,Other,5,Tuesday,0,False,True
201800005416,NonLethal,Daylight,Yes,Other,Normal,2Vehicles-Side,6,Thursday,16,False,False
201800028138,NonLethal,Daylight,Yes,X-type,Normal,2Vehicles-Side,10,Friday,17,False,False
201800033587,NonLethal,NightStreelightsOn,Yes,NoIntersection,Normal,2Vehicles-Side,11,Wednesday,17,False,False
201800034782,NonLethal,NightStreelightsOn,Yes,NoIntersection,LightRain,Other,4,Monday,6,False,True
201800048049,NonLethal,Daylight,Yes,X-type,Normal,Other,1,Thursday,16,False,False
201800016280,NonLethal,Daylight,No,NoIntersection,Normal,Other,9,Wednesday,12,False,False
201800044913,NonLethal,Daylight,No,NoIntersection,Normal,2Vehicles-Side,5,Friday,16,False,False
201800049638,NonLethal,TwilightOrDawn,No,NoIntersection,Normal,3+Vehicles-Chain,10,Friday,17,False,False
201800019249,NonLethal,Daylight,Yes,X-type,Normal,2Vehicles-Side,10,Friday,18,False,False
201800057249,NonLethal,Daylight,Yes,X-type,Normal,Other,4,Tuesday,13,False,False
201800027269,NonLethal,Daylight,Yes,NoIntersection,Normal,NoCollision,4,Friday,14,False,False
201800041276,NonLethal,Daylight,No,NoIntersection,Normal,2Vehicles-Behind,9,Tuesday,8,False,False
201800023501,NonLethal,Daylight,Yes,X-type,LightRain,2Vehicles-Side,10,Sunday,11,True,False
201800027409,NonLethal,Daylight,Yes,X-type,Normal,2Vehicles-Behind,9,Wednesday,18,False,False
201800011836,NonLethal,Daylight,No,NoIntersection,Normal,3+Vehicles-Chain,5,Monday,9,False,False
201800022015,NonLethal,NightStreelightsOn,Yes,X-type,Normal,2Vehicles-Side,7,Tuesday,20,False,False
201800010323,NonLethal,NightNoStreetLight,No,NoIntersection,Normal,Other,8,Friday,18,False,False
201800022148,NonLethal,Daylight,Yes,NoIntersection,Normal,2Vehicles-Behind,11,Sunday,13,True,False
201800024371,NonLethal,Daylight,Yes,NoIntersection,Normal,Other,7,Thursday,14,False,False
201800016540,NonLethal,NightStreelightsOn,Yes,NoIntersection,Normal,2Vehicles-Side,1,Friday,18,False,False
201800042241,NonLethal,Daylight,Yes,NoIntersection,Normal,Other,2,Thursday,8,False,False
201800036305,NonLethal,Daylight,Yes,Other,Normal,Other,7,Friday,16,False,False
201800016023,NonLethal,TwilightOrDawn,No,NoIntersection,SnowOrHail,2Vehicles-BehindVehicles-Frontal,10,Friday,7,False,False
201800009374,NonLethal,Daylight,Yes,Other,Normal,3+Vehicles-Multiple,7,Saturday,17,True,False
201800036440,NonLethal,Daylight,Yes,NoIntersection,Normal,Other,6,Thursday,14,False,False
201800051900,NonLethal,NightStreelightsOn,Yes,X-type,Normal,Other,12,Thursday,21,False,False
201800016148,NonLethal,TwilightOrDawn,Yes,NoIntersection,LightRain,2Vehicles-Side,11,Tuesday,7,False,False
201800011217,NonLethal,Daylight,No,NoIntersection,VeryGood,NoCollision,8,Thursday,13,False,False
201800006773,NonLethal,NightStreelightsOn,Yes,NoIntersection,Normal,Other,11,Sunday,5,True,True
201800029099,NonLethal,NightStreelightsOn,Yes,T-type,Normal,Other,4,Wednesday,23,False,False
201800052535,NonLethal,TwilightOrDawn,Yes,Square,Overcast,2Vehicles-Side,9,Sunday,7,True,False
201800017029,NonLethal,Daylight,No,Y-type,Normal,2Vehicles-Side,8,Friday,12,False,False
201800055124,NonLethal,TwilightOrDawn,Yes,T-type,Normal,Other,9,Saturday,20,True,False
201800010391,NonLethal,Daylight,Yes,X-type,Normal,2Vehicles-Side,6,Tuesday,14,False,False
201800044046,NonLethal,Daylight,No,NoIntersection,Normal,2Vehicles-Side,6,Saturday,19,True,False
201800056696,NonLethal,Daylight,Yes,NoIntersection,Normal,2Vehicles-Side,3,Friday,15,False,False
201800029565,NonLethal,NightStreelightsOn,Yes,X-type,Overcast,2Vehicles-Side,8,Tuesday,20,False,False
201800022411,NonLethal,Daylight,No,NoIntersection,Normal,3+Vehicles-Multiple,10,Wednesday,16,False,False
201800012892,NonLethal,Daylight,Yes,NoIntersection,Normal,2Vehicles-Side,9,Saturday,10,True,False
201800027008,NonLethal,NightNoStreetLight,Yes,Roundabout,Normal,Other,1,Friday,1,False,True
201800044269,NonLethal,Daylight,No,NoIntersection,Normal,2Vehicles-Behind,9,Sunday,13,True,False
201800029578,NonLethal,Daylight,Yes,NoIntersection,Normal,Other,9,Wednesday,15,False,False
201800057213,NonLethal,Daylight,Yes,NoIntersection,Normal,Other,9,Sunday,16,True,False
201800025434,NonLethal,Daylight,Yes,NoIntersection,Normal,2Vehicles-Behind,7,Tuesday,10,False,False
201800049132,NonLethal,Daylight,No,NoIntersection,Normal,3+Vehicles-Chain,4,Monday,11,False,False
201800018166,NonLethal,Daylight,Yes,NoIntersection,Normal,3+Vehicles-Chain,11,Thursday,13,False,False
201800045933,NonLethal,Daylight,No,NoIntersection,LightRain,Other,6,Monday,9,False,False
201800001705,NonLethal,Daylight,Yes,NoIntersection,VeryGood,NoCollision,6,Saturday,15,True,False
201800005118,NonLethal,Daylight,Yes,X-type,Normal,2Vehicles-Side,3,Monday,9,False,False
201800044316,NonLethal,Daylight,No,NoIntersection,Normal,2Vehicles-Behind,10,Wednesday,17,False,False
201800003015,Lethal,TwilightOrDawn,No,NoIntersection,Normal,2Vehicles-BehindVehicles-Frontal,10,Wednesday,20,False,False
201800035565,NonLethal,Daylight,Yes,NoIntersection,Normal,Other,7,Monday,6,False,True
201800047390,NonLethal,TwilightOrDawn,Yes,T-type,Normal,Other,2,Friday,18,False,False
201800052157,NonLethal,Daylight,Yes,X-type,Normal,Other,9,Monday,12,False,False
201800021123,NonLethal,NightStreelightsOn,Yes,X-type,Normal,2Vehicles-Side,11,Friday,7,False,False
201800007409,NonLethal,Daylight,Yes,Roundabout,Normal,2Vehicles-Side,12,Sunday,11,True,False
201800045237,NonLethal,Daylight,No,NoIntersection,LightRain,3+Vehicles-Multiple,9,Sunday,17,True,False
201800040616,NonLethal,Daylight,No,T-type,Normal,2Vehicles-Behind,9,Saturday,13,True,False
201800034262,NonLethal,NightStreelightsOff,No,NoIntersection,LightRain,2Vehicles-Behind,11,Friday,7,False,False
201800034805,NonLethal,Daylight,Yes,X-type,Normal,Other,8,Wednesday,13,False,False
201800050926,NonLethal,Daylight,Yes,T-type,Normal,2Vehicles-Side,9,Sunday,13,True,False
201800012199,NonLethal,Daylight,Yes,Roundabout,Normal,2Vehicles-Side,2,Thursday,13,False,False
201800037404,NonLethal,Daylight,Yes,T-type,Normal,2Vehicles-Side,2,Friday,15,False,False
201800036215,NonLethal,NightStreelightsOn,Yes,NoIntersection,Normal,2Vehicles-Behind,10,Monday,21,False,False
201800055716,NonLethal,NightStreelightsOn,Yes,NoIntersection,Normal,2Vehicles-Side,11,Friday,19,False,False
201800057660,NonLethal,NightNoStreetLight,Yes,NoIntersection,Normal,2Vehicles-Side,7,Monday,19,False,False
201800054373,NonLethal,NightNoStreetLight,Yes,Square,LightRain,2Vehicles-Behind,3,Saturday,20,True,False
201800057481,NonLethal,Daylight,Yes,NoIntersection,Overcast,2Vehicles-Behind,6,Thursday,11,False,False
201800044379,NonLethal,Daylight,No,NoIntersection,Normal,2Vehicles-Behind,11,Tuesday,11,False,False
201800052743,NonLethal,Daylight,Yes,T-type,Normal,Other,7,Friday,12,False,False
201800055227,NonLethal,NightStreelightsOn,Yes,NoIntersection,Normal,2Vehicles-Behind,1,Saturday,22,True,False
201800035640,NonLethal,Daylight,Yes,X-type,Normal,2Vehicles-Side,11,Tuesday,14,False,False
201800019647,NonLethal,Daylight,Yes,T-type,Normal,3+Vehicles-Chain,5,Wednesday,8,False,False
201800030536,NonLethal,Daylight,Yes,NoIntersection,Normal,NoCollision,3,Tuesday,13,False,False
201800027509,NonLethal,Daylight,Yes,Roundabout,Normal,2Vehicles-Side,11,Thursday,14,False,False
201800040890,NonLethal,Daylight,No,NoIntersection,Normal,Other,6,Friday,17,False,False
201800031661,NonLethal,NightStreelightsOn,Yes,T-type,Normal,2Vehicles-Side,12,Sunday,19,True,False
201800036796,NonLethal,Daylight,Yes,NoIntersection,Normal,2Vehicles-Behind,1,Wednesday,12,False,False
201800022128,NonLethal,Daylight,Yes,NoIntersection,LightRain,Other,10,Sunday,18,True,False
201800024691,NonLethal,Daylight,Yes,NoIntersection,Normal,Other,3,Tuesday,12,False,False
201800016335,NonLethal,NightNoStreetLight,No,NoIntersection,Normal,3+Vehicles-Chain,11,Friday,20,False,False
201800000447,NonLethal,Daylight,Yes,NoIntersection,Other,Other,11,Thursday,10,False,False
201800000436,NonLethal,TwilightOrDawn,Yes,Roundabout,VeryGood,Other,9,Wednesday,19,False,False
201800006355,NonLethal,Daylight,No,NoIntersection,Normal,Other,5,Friday,10,False,False
201800018509,Lethal,NightNoStreetLight,No,NoIntersection,Normal,NoCollision,9,Thursday,1,False,True
201800034183,NonLethal,NightNoStreetLight,No,NoIntersection,Normal,Other,9,Monday,0,False,True
201800052699,NonLethal,NightStreelightsOn,Yes,NoIntersection,Other,Other,3,Wednesday,21,False,False
201800000133,NonLethal,Daylight,Yes,NoIntersection,Normal,2Vehicles-Behind,6,Saturday,17,True,False
201800031999,NonLethal,Daylight,Yes,NoIntersection,Normal,2Vehicles-Side,2,Sunday,12,True,False
201800016237,NonLethal,Daylight,No,NoIntersection,SnowOrHail,2Vehicles-Behind,3,Monday,10,False,False
201800006018,NonLethal,NightNoStreetLight,No,Other,Normal,NoCollision,4,Thursday,0,False,True
201800051547,NonLethal,Daylight,Yes,T-type,Normal,Other,8,Sunday,10,True,False
201800006388,NonLethal,Daylight,Yes,NoIntersection,Normal,2Vehicles-Side,7,Monday,12,False,False
201800007548,NonLethal,Daylight,No,NoIntersection,Normal,2Vehicles-Side,4,Wednesday,16,False,False
201800036914,NonLethal,Daylight,Yes,NoIntersection,Normal,2Vehicles-Side,7,Sunday,17,True,False
201800046122,NonLethal,Daylight,No,NoIntersection,Normal,Other,9,Sunday,14,True,False
201800055618,NonLethal,Daylight,Yes,NoIntersection,Normal,2Vehicles-Behind,9,Sunday,19,True,False
201800043069,NonLethal,Daylight,Yes,NoIntersection,Normal,2Vehicles-Side,10,Wednesday,11,False,False
201800019902,Lethal,Daylight,No,NoIntersection,Normal,Other,12,Friday,14,False,False
201800054101,NonLethal,Daylight,Yes,MoreThan4Branches,Normal,2Vehicles-Side,5,Sunday,13,True,False
201800039634,NonLethal,NightStreelightsOn,Yes,T-type,LightRain,2Vehicles-Side,5,Monday,21,False,False
201800016658,Lethal,NightNoStreetLight,No,NoIntersection,Normal,2Vehicles-Side,1,Saturday,18,True,False
201800006978,NonLethal,Daylight,Yes,NoIntersection,LightRain,2Vehicles-BehindVehicles-Frontal,1,Sunday,15,True,False
201800000545,NonLethal,Daylight,No,NoIntersection,Normal,Other,12,Wednesday,9,False,False
201800052507,NonLethal,NightStreelightsOn,Yes,T-type,Normal,Other,8,Monday,23,False,False
201800016807,NonLethal,NightNoStreetLight,No,X-type,Normal,2Vehicles-Side,12,Monday,7,False,False
201800008827,NonLethal,Daylight,Yes,NoIntersection,Normal,Other,4,Monday,12,False,False
201800001991,NonLethal,Daylight,No,NoIntersection,Normal,Other,6,Friday,18,False,False
201800011080,NonLethal,Daylight,Yes,X-type,Normal,2Vehicles-Side,7,Thursday,8,False,False
201800009601,NonLethal,Daylight,Yes,NoIntersection,Normal,Other,8,Tuesday,10,False,False
201800019623,NonLethal,NightStreelightsOn,Yes,T-type,Normal,2Vehicles-Side,3,Saturday,22,True,False
201800002275,NonLethal,Daylight,Yes,Y-type,Normal,2Vehicles-BehindVehicles-Frontal,8,Friday,17,False,False
201800016302,NonLethal,Daylight,No,NoIntersection,Normal,NoCollision,2,Monday,17,False,False
201800036908,NonLethal,Daylight,Yes,NoIntersection,Normal,2Vehicles-Side,6,Monday,12,False,False
201800001306,NonLethal,Daylight,No,T-type,Normal,2Vehicles-Side,8,Friday,19,False,False
201800050919,NonLethal,Daylight,Yes,NoIntersection,Normal,2Vehicles-Side,8,Tuesday,18,False,False
201800008468,NonLethal,Daylight,Yes,NoIntersection,HeavyRain,2Vehicles-Behind,1,Friday,9,False,False
201800016899,NonLethal,Daylight,No,T-type,VeryGood,2Vehicles-Side,7,Sunday,13,True,False
201800016785,NonLethal,Daylight,Yes,T-type,Normal,3+Vehicles-Chain,7,Wednesday,10,False,False
201800046016,NonLethal,Daylight,No,NoIntersection,Normal,3+Vehicles-Chain,7,Thursday,9,False,False
201800055220,NonLethal,Daylight,Yes,Y-type,LightRain,3+Vehicles-Chain,1,Wednesday,15,False,False
201800039712,NonLethal,NightStreelightsOn,Yes,T-type,Normal,2Vehicles-Behind,4,Friday,22,False,False
201800000491,NonLethal,Daylight,Yes,T-type,Normal,2Vehicles-Behind,6,Friday,17,False,False
201800044549,NonLethal,NightNoStreetLight,No,NoIntersection,Normal,3+Vehicles-Chain,1,Friday,22,False,False
201800054447,NonLethal,Daylight,Yes,NoIntersection,LightRain,2Vehicles-Side,6,Monday,7,False,False
201800051177,NonLethal,NightStreelightsOn,Yes,X-type,Normal,Other,8,Friday,22,False,False
201800053737,NonLethal,Daylight,Yes,Y-type,Normal,3+Vehicles-Chain,3,Monday,16,False,False
201800019903,NonLethal,NightNoStreetLight,No,NoIntersection,LightRain,2Vehicles-Behind,2,Thursday,20,False,False
201800007848,Lethal,NightNoStreetLight,No,NoIntersection,HeavyRain,2Vehicles-BehindVehicles-Frontal,11,Friday,4,False,True
201800010199,NonLethal,NightStreelightsOn,Yes,NoIntersection,Normal,2Vehicles-Side,12,Saturday,21,True,False
201800021989,NonLethal,NightStreelightsOn,Yes,X-type,Normal,Other,11,Thursday,7,False,False
201800022841,NonLethal,Daylight,Yes,NoIntersection,VeryGood,2Vehicles-BehindVehicles-Frontal,4,Saturday,8,True,False
201800035618,NonLethal,Daylight,Yes,NoIntersection,Normal,2Vehicles-Behind,10,Saturday,17,True,False
201800017218,NonLethal,Daylight,Yes,Y-type,Normal,2Vehicles-Side,11,Friday,13,False,False
201800009758,NonLethal,Daylight,Yes,NoIntersection,Normal,2Vehicles-Side,9,Friday,13,False,False
201800049874,NonLethal,Daylight,No,NoIntersection,Normal,3+Vehicles-Multiple,5,Sunday,17,True,False
201800048289,NonLethal,Daylight,Yes,X-type,Normal,Other,5,Thursday,14,False,False
201800025284,NonLethal,Daylight,Yes,NoIntersection,Overcast,NoCollision,3,Sunday,17,True,False
201800054532,NonLethal,NightStreelightsOn,Yes,Square,Normal,2Vehicles-Side,9,Saturday,21,True,False
201800024219,NonLethal,Daylight,Yes,Other,Other,2Vehicles-Behind,3,Saturday,16,True,False
201800041070,NonLethal,Daylight,Yes,Other,Normal,2Vehicles-Side,10,Friday,12,False,False
201800020186,NonLethal,Daylight,No,NoIntersection,Normal,2Vehicles-Side,9,Friday,10,False,False
201800026710,Lethal,NightNoStreetLight,Yes,NoIntersection,Overcast,NoCollision,12,Thursday,6,False,True
201800057669,NonLethal,Daylight,Yes,NoIntersection,Normal,Other,7,Friday,14,False,False
201800005392,NonLethal,Daylight,Yes,NoIntersection,Overcast,2Vehicles-Behind,5,Monday,17,False,False
201800053902,NonLethal,Daylight,Yes,NoIntersection,Normal,Other,8,Friday,18,False,False
201800030341,NonLethal,NightStreelightsOn,Yes,NoIntersection,Normal,Other,12,Saturday,5,True,True
201800001208,Lethal,Daylight,No,NoIntersection,Normal,Other,8,Friday,16,False,False
201800036793,NonLethal,NightStreelightsOn,Yes,NoIntersection,Normal,2Vehicles-Side,10,Thursday,21,False,False
201800043986,NonLethal,Daylight,No,NoIntersection,LightRain,2Vehicles-Behind,5,Monday,15,False,False
201800036039,NonLethal,Daylight,No,NoIntersection,Normal,Other,4,Sunday,13,True,False
201800002412,NonLethal,Daylight,Yes,T-type,Normal,2Vehicles-Side,2,Monday,14,False,False
201800055962,NonLethal,TwilightOrDawn,Yes,T-type,Normal,2Vehicles-Side,7,Thursday,18,False,False
201800033748,NonLethal,Daylight,Yes,X-type,Normal,2Vehicles-Side,3,Tuesday,15,False,False
201800026056,NonLethal,NightStreelightsOn,Yes,NoIntersection,Normal,2Vehicles-Behind,11,Saturday,17,True,False
201800055576,NonLethal,Daylight,Yes,NoIntersection,Normal,2Vehicles-Behind,8,Friday,15,False,False
201800014137,NonLethal,Daylight,Yes,NoIntersection,Normal,NoCollision,8,Monday,12,False,False
201800002750,NonLethal,TwilightOrDawn,Yes,NoIntersection,LightRain,2Vehicles-Side,10,Thursday,6,False,True
201800044082,NonLethal,Daylight,No,NoIntersection,Normal,3+Vehicles-Chain,6,Thursday,7,False,False
201800020564,NonLethal,Daylight,Yes,NoIntersection,Normal,Other,8,Thursday,16,False,False
201800005902,NonLethal,Daylight,Yes,NoIntersection,Normal,NoCollision,6,Friday,20,False,False
201800025271,NonLethal,NightStreelightsOn,Yes,NoIntersection,LightRain,2Vehicles-Behind,3,Friday,20,False,False
201800054030,NonLethal,NightStreelightsOn,Yes,X-type,Normal,2Vehicles-Side,3,Saturday,20,True,False
201800020593,NonLethal,Daylight,Yes,NoIntersection,Normal,Other,5,Thursday,17,False,False
201800011668,Lethal,TwilightOrDawn,No,NoIntersection,Normal,NoCollision,2,Saturday,19,True,False
201800018674,NonLethal,NightStreelightsOn,Yes,NoIntersection,Normal,Other,2,Monday,19,False,False
201800009098,NonLethal,Daylight,Yes,NoIntersection,Normal,Other,6,Friday,16,False,False
201800027446,NonLethal,Daylight,Yes,NoIntersection,Normal,2Vehicles-Behind,9,Tuesday,16,False,False
201800021132,NonLethal,Daylight,Yes,NoIntersection,Normal,NoCollision,5,Thursday,20,False,False
201800023533,NonLethal,NightNoStreetLight,No,NoIntersection,Normal,2Vehicles-BehindVehicles-Frontal,6,Thursday,0,False,True
201800036082,NonLethal,Daylight,Yes,Other,Normal,Other,5,Wednesday,13,False,False
201800026469,NonLethal,Daylight,Yes,NoIntersection,Normal,Other,9,Wednesday,17,False,False
201800023750,NonLethal,Daylight,Yes,Roundabout,VeryGood,2Vehicles-Behind,11,Monday,7,False,False
201800050547,NonLethal,NightStreelightsOn,Yes,X-type,Normal,2Vehicles-Side,4,Tuesday,2,False,True
201800003645,NonLethal,TwilightOrDawn,No,NoIntersection,LightRain,Other,8,Friday,8,False,False
201800026664,NonLethal,Daylight,Yes,NoIntersection,Normal,2Vehicles-Behind,6,Tuesday,9,False,False
201800044173,NonLethal,Daylight,No,NoIntersection,Normal,3+Vehicles-Chain,8,Tuesday,18,False,False
201800045697,NonLethal,NightStreelightsOff,No,NoIntersection,Normal,Other,5,Wednesday,9,False,False
201800010836,NonLethal,Daylight,Yes,NoIntersection,Normal,2Vehicles-Behind,7,Sunday,12,True,False
201800041551,NonLethal,NightStreelightsOn,Yes,X-type,Normal,Other,2,Wednesday,18,False,False
201800049693,NonLethal,NightNoStreetLight,No,NoIntersection,Normal,Other,9,Sunday,5,True,True
201800011924,NonLethal,Daylight,Yes,X-type,Normal,2Vehicles-Side,9,Friday,9,False,False
201800054017,NonLethal,NightStreelightsOn,Yes,NoIntersection,Normal,3+Vehicles-Multiple,2,Sunday,6,True,True
201800037797,NonLethal,Daylight,Yes,X-type,Normal,2Vehicles-BehindVehicles-Frontal,5,Saturday,20,True,False
201800026392,NonLethal,Daylight,Yes,NoIntersection,Normal,Other,7,Monday,13,False,False
201800017236,Lethal,Daylight,No,NoIntersection,Normal,2Vehicles-BehindVehicles-Frontal,4,Sunday,15,True,False
201800031196,NonLethal,Daylight,Yes,NoIntersection,Normal,2Vehicles-Behind,2,Wednesday,12,False,False
201800013272,NonLethal,Daylight,Yes,NoIntersection,Normal,Other,6,Tuesday,12,False,False
201800045558,NonLethal,Daylight,No,NoIntersection,Normal,2Vehicles-Side,10,Friday,15,False,False
201800008045,NonLethal,Daylight,Yes,NoIntersection,Normal,2Vehicles-Side,6,Friday,20,False,False
201800054337,NonLethal,Daylight,Yes,X-type,LightRain,Other,2,Monday,15,False,False
201800019392,Lethal,Daylight,No,NoIntersection,VeryGood,2Vehicles-BehindVehicles-Frontal,6,Friday,14,False,False
201800053563,NonLethal,NightStreelightsOn,Yes,X-type,Normal,Other,10,Tuesday,19,False,False
201800022621,NonLethal,Daylight,Yes,NoIntersection,LightRain,Other,10,Wednesday,17,False,False
201800005004,Lethal,NightNoStreetLight,No,NoIntersection,Normal,Other,9,Saturday,1,True,True
201800023673,NonLethal,Daylight,Yes,NoIntersection,SnowOrHail,2Vehicles-BehindVehicles-Frontal,3,Friday,16,False,False
201800030937,NonLethal,TwilightOrDawn,No,Roundabout,Normal,2Vehicles-Behind,11,Friday,7,False,False
201800034915,NonLethal,Daylight,No,NoIntersection,Normal,NoCollision,8,Wednesday,6,False,True
201800051638,NonLethal,Daylight,Yes,NoIntersection,LightRain,2Vehicles-Side,1,Wednesday,9,False,False
201800015291,NonLethal,Daylight,Yes,NoIntersection,Normal,Other,8,Thursday,16,False,False
201800049714,NonLethal,Daylight,No,NoIntersection,Normal,NoCollision,2,Sunday,14,True,False
201800037994,NonLethal,TwilightOrDawn,Yes,NoIntersection,Normal,2Vehicles-Behind,2,Tuesday,11,False,False
201800004439,NonLethal,NightStreelightsOn,Yes,NoIntersection,Normal,2Vehicles-Behind,2,Friday,21,False,False
201800023541,Lethal,Daylight,No,NoIntersection,Normal,2Vehicles-Behind,9,Tuesday,16,False,False
201800018527,NonLethal,TwilightOrDawn,Yes,X-type,Normal,2Vehicles-Side,11,Monday,8,False,False
201800038480,NonLethal,Daylight,Yes,X-type,Normal,2Vehicles-BehindVehicles-Frontal,9,Tuesday,10,False,False
201800010760,NonLethal,NightStreelightsOff,Yes,NoIntersection,Normal,Other,6,Sunday,3,True,True
201800022306,NonLethal,Daylight,Yes,Other,Overcast,Other,3,Thursday,15,False,False
201800002554,NonLethal,NightNoStreetLight,No,NoIntersection,HeavyRain,NoCollision,10,Sunday,7,True,False
201800049631,NonLethal,NightNoStreetLight,No,NoIntersection,LightRain,2Vehicles-Behind,8,Wednesday,19,False,False
201800043634,NonLethal,NightStreelightsOn,Yes,T-type,Overcast,NoCollision,2,Monday,20,False,False
201800028747,NonLethal,Daylight,Yes,Roundabout,Normal,NoCollision,6,Saturday,17,True,False
201800050802,NonLethal,NightStreelightsOn,Yes,Y-type,Normal,2Vehicles-Side,9,Monday,23,False,False
201800054804,NonLethal,Daylight,Yes,T-type,Normal,Other,9,Wednesday,18,False,False
201800056223,NonLethal,Daylight,No,Other,Normal,NoCollision,9,Saturday,15,True,False
201800013827,NonLethal,NightNoStreetLight,No,NoIntersection,Normal,NoCollision,12,Saturday,4,True,True
201800031595,Lethal,NightNoStreetLight,No,NoIntersection,Normal,Other,7,Monday,2,False,True
201800003307,Lethal,TwilightOrDawn,Yes,T-type,Normal,2Vehicles-Side,9,Thursday,19,False,False
201800037875,NonLethal,Daylight,Yes,NoIntersection,Normal,2Vehicles-BehindVehicles-Frontal,11,Wednesday,10,False,False
201800035589,NonLethal,Daylight,Yes,NoIntersection,Normal,2Vehicles-Side,8,Thursday,10,False,False
201800005466,NonLethal,Daylight,Yes,NoIntersection,VeryGood,Other,5,Thursday,13,False,False
201800045790,NonLethal,Daylight,No,NoIntersection,Normal,2Vehicles-Behind,3,Friday,9,False,False
201800052192,NonLethal,NightStreelightsOn,No,NoIntersection,Normal,3+Vehicles-Chain,10,Wednesday,20,False,False
201800008308,NonLethal,Daylight,Yes,NoIntersection,Normal,Other,8,Wednesday,7,False,False
201800014636,NonLethal,NightNoStreetLight,Yes,NoIntersection,LightRain,NoCollision,10,Friday,7,False,False
201800005824,NonLethal,Daylight,Yes,Other,Normal,2Vehicles-Behind,10,Saturday,8,True,False
201800010060,NonLethal,NightStreelightsOn,Yes,X-type,Normal,2Vehicles-Side,11,Tuesday,19,False,False
201800005391,NonLethal,Daylight,Yes,NoIntersection,Normal,Other,5,Sunday,17,True,False
201800055899,NonLethal,Daylight,No,NoIntersection,Normal,2Vehicles-BehindVehicles-Frontal,5,Sunday,16,True,False
201800055541,NonLethal,Daylight,Yes,NoIntersection,Normal,2Vehicles-Side,7,Tuesday,17,False,False
201800040460,NonLethal,NightStreelightsOff,Yes,NoIntersection,Normal,Other,1,Thursday,18,False,False
201800031221,NonLethal,Daylight,Yes,T-type,Normal,2Vehicles-Side,6,Monday,18,False,False
201800043374,NonLethal,Daylight,Yes,NoIntersection,Normal,2Vehicles-Side,6,Thursday,12,False,False
201800015941,NonLethal,Daylight,Yes,X-type,Normal,2Vehicles-Side,6,Monday,12,False,False
201800029462,NonLethal,Daylight,No,NoIntersection,Normal,2Vehicles-Side,1,Tuesday,14,False,False
201800049902,NonLethal,Daylight,No,NoIntersection,Normal,2Vehicles-Side,6,Friday,14,False,False
201800007170,NonLethal,TwilightOrDawn,No,NoIntersection,Normal,2Vehicles-BehindVehicles-Frontal,12,Tuesday,7,False,False
201800055274,NonLethal,NightStreelightsOn,Yes,NoIntersection,Normal,2Vehicles-Side,2,Wednesday,20,False,False
201800057323,NonLethal,Daylight,No,X-type,Normal,2Vehicles-Side,5,Thursday,14,False,False
201800023793,NonLethal,NightStreelightsOn,Yes,T-type,Normal,2Vehicles-Side,1,Wednesday,18,False,False
201800032570,NonLethal,TwilightOrDawn,No,X-type,Normal,2Vehicles-Side,9,Sunday,21,True,False
201800053239,NonLethal,Daylight,Yes,NoIntersection,Normal,Other,1,Tuesday,11,False,False
201800043565,NonLethal,Daylight,Yes,NoIntersection,Normal,Other,7,Friday,13,False,False
201800022571,NonLethal,TwilightOrDawn,Yes,NoIntersection,Normal,2Vehicles-Side,9,Thursday,21,False,False
201800052610,NonLethal,NightStreelightsOn,Yes,X-type,LightRain,2Vehicles-Side,11,Tuesday,18,False,False
201800013528,NonLethal,Daylight,Yes,NoIntersection,Overcast,Other,2,Monday,14,False,False
201800048901,NonLethal,NightStreelightsOn,No,NoIntersection,Normal,2Vehicles-Behind,5,Monday,23,False,False
201800050878,NonLethal,Daylight,Yes,X-type,LightRain,Other,5,Monday,11,False,False
201800008217,NonLethal,Daylight,Yes,NoIntersection,LightRain,Other,5,Tuesday,9,False,False
201800009317,NonLethal,Daylight,Yes,X-type,Normal,2Vehicles-Side,7,Saturday,13,True,False
201800045838,NonLethal,NightNoStreetLight,No,NoIntersection,Normal,3+Vehicles-Chain,4,Thursday,21,False,False
201800040584,NonLethal,Daylight,Yes,NoIntersection,Normal,NoCollision,3,Friday,12,False,False