AccidentId,Gravity,Light,InAgglomeration,IntersectionType,Weather,CollisionType,Month,DayOfWeek,HourOfDay,IsWeekend,IsNight
201800020316,NonLethal,Daylight,No,NoIntersection,Normal,2Vehicles-Behind,10,Thursday,14,False,False
201800022586,NonLethal,Daylight,Yes,X-type,Normal,2Vehicles-Side,7,Friday,12,False,False
201800019624,NonLethal,Daylight,Yes,Roundabout,Normal,2Vehicles-Side,3,Thursday,12,False,False
201800034696,NonLethal,Daylight,Yes,NoIntersection,Normal,Other,9,Monday,17,False,False
201800030930,NonLethal,Daylight,Yes,MoreThan4Branches,LightRain,2Vehicles-Side,11,Tuesday,12,False,False
201800007294,NonLethal,NightStreelightsOn,Yes,Other,Normal,2Vehicles-Side,3,Friday,22,False,False
201800015581,NonLethal,Daylight,No,X-type,VeryGood,2Vehicles-Side,1,Friday,14,False,False
201800029251,NonLethal,NightStreelightsOn,Yes,Roundabout,Normal,2Vehicles-Behind,12,Monday,21,False,False
201800049041,NonLethal,Daylight,No,NoIntersection,Normal,2Vehicles-Behind,4,Wednesday,17,False,False
201800040260,NonLethal,NightStreelightsOn,Yes,NoIntersection,Normal,3+Vehicles-Multiple,12,Thursday,19,False,False
201800033842,NonLethal,Daylight,Yes,NoIntersection,Normal,2Vehicles-Side,9,Monday,9,False,False
201800019716,NonLethal,Daylight,Yes,NoIntersection,Normal,NoCollision,8,Friday,16,False,False
201800000633,NonLethal,NightNoStreetLight,No,Roundabout,Normal,NoCollision,9,Sunday,3,True,True
201800037250,NonLethal,Daylight,Yes,NoIntersection,Normal,2Vehicles-Behind,4,Monday,15,False,False
201800043511,NonLethal,NightStreelightsOn,Yes,NoIntersection,Normal,Other,10,Saturday,19,True,False
201800034102,NonLethal,Daylight,Yes,NoIntersection,FogOrSmoke,Other,11,Thursday,8,False,False
201800041731,NonLethal,Daylight,Yes,NoIntersection,Normal,2Vehicles-Behind,3,Wednesday,17,False,False
201800027028,NonLethal,Daylight,No,Other,HeavyRain,3+Vehicles-Chain,12,Friday,9,False,False
201800054781,NonLethal,Daylight,Yes,X-type,Normal,2Vehicles-Side,6,Friday,14,False,False
201800026917,NonLethal,Daylight,Yes,T-type,Normal,2Vehicles-Behind,9,Tuesday,15,False,False
201800049194,NonLethal,Daylight,No,NoIntersection,LightRain,3+Vehicles-Chain,3,Friday,10,False,False
201800042140,NonLethal,Daylight,Yes,NoIntersection,Normal,Other,2,Sunday,16,True,False
201800003532,NonLethal,NightNoStreetLight,No,NoIntersection,Normal,Other,12,Saturday,7,True,False
201800022363,NonLethal,Daylight,Yes,NoIntersection,Normal,NoCollision,1,Sunday,19,True,False
201800029820,NonLethal,Daylight,Yes,NoIntersection,Normal,2Vehicles-BehindVehicles-Frontal,3,Thursday,17,False,False
201800047918,NonLethal,Daylight,No,NoIntersection,Normal,2Vehicles-Behind,4,Thursday,9,False,False
201800029733,NonLethal,Daylight,Yes,Other,Normal,2Vehicles-Side,11,Tuesday,14,False,False
201800002590,NonLethal,NightNoStreetLight,No,NoIntersection,Normal,NoCollision,9,Sunday,0,True,True
201800045000,NonLethal,Daylight,No,NoIntersection,Normal,2Vehicles-Side,6,Wednesday,7,False,False
201800055997,NonLethal,Daylight,Yes,X-type,Overcast,3+Vehicles-Multiple,5,Wednesday,10,False,False
201800043093,NonLethal,TwilightOrDawn,Yes,X-type,Normal,Other,11,Wednesday,19,False,False
201800016454,NonLethal,Daylight,Yes,NoIntersection,Normal,NoCollision,7,Sunday,19,True,False
201800048406,NonLethal,NightStreelightsOn,Yes,X-type,Normal,2Vehicles-Side,7,Friday,22,False,False
201800019764,NonLethal,TwilightOrDawn,Yes,NoIntersection,Normal,Other,10,Thursday,19,False,False
201800030849,NonLethal,Daylight,Yes,NoIntersection,Normal,Other,4,Sunday,13,True,False
201800047430,NonLethal,Daylight,Yes,T-type,Normal,Other,3,Thursday,17,False,False
201800028251,NonLethal,NightStreelightsOn,Yes,NoIntersection,HeavyRain,Other,2,Friday,17,False,False
201800052675,NonLethal,Daylight,Yes,X-type,LightRain,Other,3,Wednesday,14,False,False
201800021553,NonLethal,NightStreelightsOn,Yes,X-type,Normal,2Vehicles-Side,6,Friday,0,False,True
201800034111,NonLethal,NightStreelightsOn,Yes,T-type,Normal,Other,11,Tuesday,18,False,False
201800033883,NonLethal,Daylight,No,Roundabout,Normal,Other,11,Saturday,13,True,False
201800052312,NonLethal,NightStreelightsOn,Yes,T-type,LightRain,Other,1,Tuesday,19,False,False
201800041761,NonLethal,Daylight,Yes,X-type,Normal,2Vehicles-Side,6,Thursday,18,False,False
201800022340,NonLethal,Daylight,Yes,T-type,Normal,2Vehicles-Behind,5,Sunday,19,True,False
201800020487,NonLethal,NightNoStreetLight,No,NoIntersection,Normal,2Vehicles-Side,9,Sunday,19,True,False
201800008463,NonLethal,Daylight,Yes,NoIntersection,Normal,NoCollision,5,Wednesday,13,False,False
201800011766,NonLethal,Daylight,No,T-type,Normal,2Vehicles-Side,11,Wednesday,15,False,False
201800003767,NonLethal,NightNoStreetLight,No,NoIntersection,Normal,Other,12,Thursday,17,False,False
201800011012,NonLethal,Daylight,Yes,NoIntersection,Normal,Other,2,Thursday,14,False,False
201800018138,NonLethal,NightStreelightsOn,No,Roundabout,LightRain,2Vehicles-Side,11,Friday,17,False,False
201800040395,NonLethal,Daylight,Yes,NoIntersection,Normal,2Vehicles-Behind,1,Tuesday,9,False,False
201800022402,NonLethal,NightStreelightsOn,Yes,Other,LightRain,Other,9,Sunday,5,True,True
201800051699,NonLethal,Daylight,Yes,Square,Normal,Other,4,Friday,12,False,False
201800022452,NonLethal,Daylight,No,NoIntersection,Normal,2Vehicles-Behind,5,Saturday,14,True,False
201800017101,NonLethal,Daylight,No,NoIntersection,Normal,Other,7,Monday,13,False,False
201800011512,NonLethal,Daylight,No,X-type,LightRain,2Vehicles-Side,11,Tuesday,12,False,False
201800029639,NonLethal,Daylight,Yes,Square,Overcast,Other,11,Monday,15,False,False
201800049602,NonLethal,Daylight,No,NoIntersection,HeavyRain,Other,10,Wednesday,11,False,False
201800032435,NonLethal,Daylight,Yes,NoIntersection,Normal,2Vehicles-Side,4,Wednesday,8,False,False
201800001970,NonLethal,Daylight,No,NoIntersection,Normal,2Vehicles-BehindVehicles-Frontal,8,Wednesday,16,False,False
201800046182,NonLethal,NightNoStreetLight,No,NoIntersection,Normal,Other,10,Thursday,1,False,True
201800028139,NonLethal,NightStreelightsOn,Yes,NoIntersection,Normal,2Vehicles-Side,10,Saturday,22,True,False
201800026832,NonLethal,Daylight,Yes,X-type,Normal,2Vehicles-Side,6,Saturday,10,True,False
201800013476,NonLethal,Daylight,No,NoIntersection,Normal,3+Vehicles-Multiple,6,Monday,11,False,False
201800028268,NonLethal,Daylight,Yes,NoIntersection,Normal,2Vehicles-Side,7,Wednesday,17,False,False
201800038879,NonLethal,Daylight,Yes,NoIntersection,Normal,2Vehicles-Side,11,Thursday,11,False,False
201800032322,NonLethal,NightStreelightsOn,Yes,NoIntersection,Normal,Other,12,Thursday,18,False,False
201800055940,NonLethal,NightNoStreetLight,No,NoIntersection,Normal,2Vehicles-Behind,6,Tuesday,18,False,False
201800047733,NonLethal,NightStreelightsOn,Yes,X-type,HeavyRain,2Vehicles-Side,7,Tuesday,2,False,True
201800037504,NonLethal,Daylight,Yes,X-type,Normal,2Vehicles-Side,10,Saturday,13,True,False
201800001468,NonLethal,Daylight,No,X-type,Normal,2Vehicles-Side,4,Monday,12,False,False
201800022753,NonLethal,TwilightOrDawn,Yes,T-type,Normal,2Vehicles-Side,9,Wednesday,19,False,False
201800001773,NonLethal,Daylight,No,T-type,Normal,2Vehicles-Side,6,Monday,16,False,False
201800007446,NonLethal,NightStreelightsOn,Yes,NoIntersection,Normal,Other,10,Sunday,1,True,True
201800050965,NonLethal,Daylight,Yes,Y-type,Overcast,Other,1,Tuesday,9,False,False
201800004344,NonLethal,Daylight,Yes,Other,LightRain,Other,6,Thursday,14,False,False
201800032487,NonLethal,Daylight,Yes,X-type,Normal,2Vehicles-Side,6,Friday,19,False,False
201800022535,Lethal,TwilightOrDawn,No,NoIntersection,HeavyRain,2Vehicles-BehindVehicles-Frontal,1,Friday,17,False,False
201800045268,NonLethal,Daylight,No,NoIntersection,Normal,3+Vehicles-Multiple,4,Tuesday,8,False,False
201800002851,NonLethal,Daylight,Yes,NoIntersection,HeavyRain,Other,1,Thursday,15,False,False
201800005759,NonLethal,Daylight,Yes,NoIntersection,Normal,2Vehicles-Side,11,Thursday,16,False,False
201800024565,NonLethal,Daylight,Yes,X-type,Normal,2Vehicles-BehindVehicles-Frontal,7,Sunday,14,True,False
201800043912,NonLethal,Daylight,No,NoIntersection,Normal,3+Vehicles-Multiple,4,Thursday,8,False,False
201800023395,NonLethal,Daylight,Yes,NoIntersection,FogOrSmoke,Other,11,Monday,7,False,False
201800053911,NonLethal,NightStreelightsOn,Yes,Y-type,Normal,Other,10,Monday,3,False,True
201800034425,NonLethal,Daylight,Yes,NoIntersection,Normal,NoCollision,2,Wednesday,11,False,False
201800023950,NonLethal,Daylight,Yes,T-type,Normal,2Vehicles-Side,6,Friday,17,False,False
201800036531,NonLethal,NightStreelightsOn,Yes,NoIntersection,Normal,3+Vehicles-Multiple,4,Sunday,1,True,True
201800023951,NonLethal,Daylight,Yes,X-type,Normal,Other,7,Wednesday,14,False,False
201800036137,NonLethal,Daylight,Yes,NoIntersection,Normal,Other,7,Saturday,13,True,False
201800017314,NonLethal,Daylight,No,NoIntersection,Normal,2Vehicles-BehindVehicles-Frontal,9,Wednesday,14,False,False
201800027241,NonLethal,Daylight,No,NoIntersection,LightRain,2Vehicles-Behind,4,Friday,16,False,False
201800049237,NonLethal,Daylight,No,NoIntersection,Normal,3+Vehicles-Chain,6,Thursday,9,False,False
201800017195,NonLethal,NightStreelightsOn,Yes,Roundabout,Normal,2Vehicles-Side,6,Friday,23,False,False
201800017709,NonLethal,Daylight,No,NoIntersection,Normal,2Vehicles-Side,8,Friday,15,False,False
201800030958,NonLethal,NightStreelightsOn,Yes,NoIntersection,Normal,2Vehicles-BehindVehicles-Frontal,12,Tuesday,20,False,False
201800013247,NonLethal,Daylight,No,Other,Normal,NoCollision,11,Saturday,12,True,False
201800012439,Lethal,Daylight,No,NoIntersection,Normal,2Vehicles-BehindVehicles-Frontal,2,Wednesday,11,False,False
201800029377,NonLethal,Daylight,No,T-type,Normal,2Vehicles-Side,8,Friday,9,False,False
201800040204,NonLethal,Daylight,Yes,Other,Normal,2Vehicles-BehindVehicles-Frontal,6,Thursday,19,False,False
201800004551,NonLethal,Daylight,No,NoIntersection,Normal,Other,5,Sunday,14,True,False
201800029522,NonLethal,Daylight,Yes,T-type,Normal,2Vehicles-Side,6,Friday,16,False,False
201800005560,NonLethal,Daylight,No,T-type,Normal,2Vehicles-Side,1,Friday,14,False,False
201800015450,NonLethal,Daylight,No,NoIntersection,Normal,NoCollision,10,Wednesday,15,False,False
201800053371,NonLethal,NightStreelightsOn,Yes,NoIntersection,Normal,NoCollision,5,Wednesday,2,False,True
201800044116,NonLethal,Daylight,No,NoIntersection,Normal,2Vehicles-Side,7,Tuesday,14,False,False
201800057779,NonLethal,Daylight,Yes,NoIntersection,Normal,Other,12,Saturday,10,True,False
201800018007,NonLethal,Daylight,No,NoIntersection,Normal,Other,7,Saturday,16,True,False
201800028369,NonLethal,Daylight,Yes,X-type,Normal,2Vehicles-Side,3,Friday,8,False,False
201800050038,NonLethal,NightNoStreetLight,No,Other,Normal,2Vehicles-Side,10,Wednesday,20,False,False
201800022962,NonLethal,TwilightOrDawn,Yes,Roundabout,Normal,2Vehicles-Side,3,Saturday,18,True,False
201800020734,NonLethal,Daylight,Yes,NoIntersection,Normal,Other,10,Tuesday,7,False,False
201800017462,NonLethal,TwilightOrDawn,Yes,NoIntersection,Normal,Other,11,Sunday,17,True,False
201800025343,NonLethal,NightStreelightsOn,Yes,NoIntersection,Normal,Other,5,Sunday,4,True,True
201800032438,NonLethal,Daylight,Yes,T-type,Normal,2Vehicles-Side,4,Thursday,8,False,False
201800020088,NonLethal,NightNoStreetLight,No,NoIntersection,Normal,NoCollision,12,Saturday,21,True,False
201800021446,NonLethal,Daylight,Yes,NoIntersection,Normal,Other,10,Tuesday,13,False,False
201800016264,NonLethal,Daylight,No,NoIntersection,Normal,Other,10,Friday,13,False,False
201800006818,NonLethal,Daylight,No,NoIntersection,Normal,2Vehicles-Side,1,Tuesday,11,False,False
201800043127,NonLethal,Daylight,Yes,NoIntersection,Normal,2Vehicles-Behind,5,Friday,16,False,False
201800056639,Lethal,NightStreelightsOff,No,Other,Normal,2Vehicles-Behind,8,Saturday,2,True,True
201800004874,NonLethal,Daylight,No,NoIntersection,Normal,2Vehicles-BehindVehicles-Frontal,10,Friday,17,False,False
201800029894,NonLethal,Daylight,No,NoIntersection,Normal,NoCollision,6,Saturday,18,True,False
201800028037,NonLethal,TwilightOrDawn,Yes,NoIntersection,VeryGood,Other,6,Tuesday,21,False,False
201800030028,NonLethal,Daylight,Yes,NoIntersection,Normal,Other,5,Thursday,20,False,False
201800057176,NonLethal,Daylight,Yes,Roundabout,Normal,2Vehicles-Side,4,Friday,12,False,False
201800015951,NonLethal,Daylight,No,NoIntersection,Normal,Other,9,Sunday,16,True,False
201800054972,Lethal,Daylight,Yes,X-type,Normal,Other,4,Thursday,9,False,False
201800014264,NonLethal,Daylight,Yes,NoIntersection,Normal,Other,4,Monday,19,False,False
201800034467,NonLethal,Daylight,Yes,NoIntersection,Normal,Other,4,Monday,15,False,False
201800050239,NonLethal,Daylight,Yes,X-type,LightRain,2Vehicles-Side,3,Saturday,12,True,False
201800022205,NonLethal,Daylight,Yes,Other,LightRain,2Vehicles-Side,7,Friday,15,False,False
201800030774,NonLethal,Daylight,Yes,T-type,Normal,2Vehicles-Side,3,Thursday,13,False,False
201800021945,NonLethal,Daylight,No,T-type,Normal,2Vehicles-Behind,5,Wednesday,13,False,False
201800026100,NonLethal,NightStreelightsOn,Yes,T-type,Normal,Other,4,Tuesday,21,False,False
201800050826,NonLethal,NightStreelightsOn,Yes,T-type,Overcast,Other,1,Tuesday,20,False,False
201800026509,NonLethal,NightStreelightsOn,Yes,NoIntersection,HeavyRain,Other,5,Saturday,17,True,False
201800037174,NonLethal,Daylight,Yes,NoIntersection,Normal,NoCollision,9,Thursday,8,False,False
201800048690,NonLethal,Daylight,Yes,X-type,Normal,2Vehicles-Side,11,Monday,9,False,False
201800003149,NonLethal,Daylight,Yes,NoIntersection,Normal,2Vehicles-Side,3,Wednesday,13,False,False
201800002199,NonLethal,NightNoStreetLight,No,NoIntersection,Normal,Other,3,Tuesday,4,False,True
201800033025,Lethal,NightStreelightsOn,Yes,NoIntersection,Normal,2Vehicles-BehindVehicles-Frontal,10,Thursday,20,False,False
201800052671,NonLethal,NightStreelightsOn,Yes,X-type,Normal,2Vehicles-Side,2,Thursday,23,False,False
201800018818,NonLethal,Daylight,No,T-type,Normal,2Vehicles-BehindVehicles-Frontal,4,Thursday,17,False,False
201800046414,NonLethal,NightNoStreetLight,No,NoIntersection,LightRain,NoCollision,2,Thursday,1,False,True
201800007612,NonLethal,Daylight,Yes,T-type,LightRain,2Vehicles-Side,5,Monday,16,False,False
201800037957,NonLethal,Daylight,Yes,Other,Normal,Other,9,Saturday,12,True,False
201800010433,NonLethal,Daylight,Yes,NoIntersection,Normal,Other,11,Saturday,14,True,False
201800039114,NonLethal,Daylight,Yes,NoIntersection,LightRain,2Vehicles-Side,1,Monday,8,False,False
201800013486,Lethal,Daylight,No,NoIntersection,Normal,2Vehicles-BehindVehicles-Frontal,1,Monday,14,False,False
201800021959,NonLethal,Daylight,No,X-type,Normal,2Vehicles-Side,3,Wednesday,16,False,False
201800052455,NonLethal,NightStreelightsOn,Yes,T-type,Normal,NoCollision,6,Monday,22,False,False
201800037888,NonLethal,NightStreelightsOn,Yes,Roundabout,Normal,Other,2,Sunday,7,True,False
201800019077,NonLethal,NightStreelightsOn,Yes,NoIntersection,Normal,NoCollision,4,Sunday,3,True,True
201800048272,NonLethal,Daylight,Yes,NoIntersection,Normal,2Vehicles-Behind,5,Thursday,17,False,False
201800003466,NonLethal,NightNoStreetLight,No,NoIntersection,Normal,NoCollision,12,Friday,4,False,True
201800040731,NonLethal,Daylight,Yes,X-type,Normal,3+Vehicles-Multiple,12,Saturday,14,True,False
201800026262,NonLethal,NightStreelightsOn,Yes,NoIntersection,LightRain,Other,1,Friday,18,False,False
201800048058,NonLethal,NightStreelightsOn,Yes,NoIntersection,Normal,Other,1,Tuesday,18,False,False
201800030737,NonLethal,NightStreelightsOn,Yes,T-type,Normal,2Vehicles-Side,1,Sunday,20,True,False
201800004787,NonLethal,Daylight,No,NoIntersection,Normal,NoCollision,10,Friday,15,False,False
201800038298,NonLethal,NightStreelightsOn,Yes,NoIntersection,Normal,2Vehicles-Side,6,Monday,23,False,False
201800038165,NonLethal,TwilightOrDawn,Yes,X-type,Normal,2Vehicles-Side,11,Wednesday,16,False,False
201800011099,NonLethal,Daylight,Yes,Roundabout,LightRain,Other,12,Saturday,15,True,False
201800000613,NonLethal,Daylight,No,X-type,Overcast,2Vehicles-Side,12,Monday,14,False,False
201800044918,NonLethal,Daylight,No,NoIntersection,Normal,Other,5,Sunday,15,True,False
201800021151,NonLethal,NightStreelightsOn,Yes,T-type,Normal,2Vehicles-Side,10,Saturday,20,True,False
201800004126,Lethal,Daylight,No,Roundabout,Normal,Other,11,Monday,12,False,False
201800052008,NonLethal,Daylight,Yes,NoIntersection,Normal,2Vehicles-Behind,4,Monday,9,False,False
201800056016,NonLethal,Daylight,Yes,NoIntersection,LightRain,2Vehicles-Side,5,Thursday,7,False,False
201800027336,NonLethal,Daylight,Yes,NoIntersection,LightRain,NoCollision,6,Friday,10,False,False
201800052293,NonLethal,Daylight,Yes,X-type,Normal,2Vehicles-Side,12,Wednesday,8,False,False
201800021579,NonLethal,NightStreelightsOn,Yes,NoIntersection,Normal,2Vehicles-BehindVehicles-Frontal,10,Friday,20,False,False
201800030200,NonLethal,TwilightOrDawn,Yes,X-type,Normal,2Vehicles-BehindVehicles-Frontal,12,Wednesday,17,False,False
201800027784,NonLethal,Daylight,Yes,T-type,Normal,2Vehicles-Behind,10,Wednesday,17,False,False
201800037383,NonLethal,NightStreelightsOn,Yes,NoIntersection,LightRain,2Vehicles-BehindVehicles-Frontal,1,Friday,19,False,False
201800056063,NonLethal,Daylight,Yes,NoIntersection,Normal,2Vehicles-BehindVehicles-Frontal,1,Thursday,16,False,False
201800055331,NonLethal,Daylight,Yes,NoIntersection,Normal,2Vehicles-Side,4,Friday,16,False,False
201800002501,NonLethal,Daylight,No,NoIntersection,Normal,NoCollision,1,Sunday,12,True,False
201800030052,NonLethal,NightStreelightsOn,Yes,NoIntersection,LightRain,Other,12,Saturday,18,True,False
201800045694,NonLethal,NightNoStreetLight,No,NoIntersection,Normal,3+Vehicles-Chain,3,Friday,18,False,False
201800004384,Lethal,Daylight,No,NoIntersection,Normal,3+Vehicles-Multiple,9,Monday,14,False,False
201800013019,NonLethal,TwilightOrDawn,No,NoIntersection,LightRain,2Vehicles-BehindVehicles-Frontal,12,Sunday,16,True,False
201800023872,NonLethal,Daylight,Yes,T-type,Normal,2Vehicles-BehindVehicles-Frontal,2,Monday,12,False,False
201800030260,Lethal,Daylight,Yes,Y-type,Normal,Other,5,Friday,15,False,False
201800039099,NonLethal,NightStreelightsOn,Yes,NoIntersection,LightRain,Other,11,Sunday,21,True,False
201800006081,NonLethal,Daylight,No,NoIntersection,Normal,2Vehicles-Behind,7,Monday,13,False,False
201800015901,Lethal,NightNoStreetLight,No,T-type,Normal,Other,4,Saturday,22,True,False
201800001916,NonLethal,TwilightOrDawn,No,NoIntersection,SnowOrHail,2Vehicles-Side,2,Wednesday,7,False,False
201800004480,NonLethal,Daylight,No,NoIntersection,Normal,NoCollision,6,Tuesday,18,False,False
201800005660,NonLethal,Daylight,Yes,X-type,Normal,2Vehicles-Side,12,Wednesday,11,False,False
201800023998,NonLethal,Daylight,Yes,T-type,Normal,2Vehicles-Side,9,Friday,7,False,False
201800003972,NonLethal,Daylight,Yes,T-type,Normal,2Vehicles-Side,8,Thursday,8,False,False
201800037093,NonLethal,Daylight,Yes,T-type,Normal,2Vehicles-Side,3,Monday,17,False,False
201800017880,Lethal,Daylight,No,NoIntersection,Normal,2Vehicles-Side,9,Wednesday,10,False,False
201800047062,NonLethal,Daylight,No,NoIntersection,Normal,3+Vehicles-Multiple,11,Thursday,9,False,False
201800049126,NonLethal,Daylight,No,NoIntersection,Normal,2Vehicles-Behind,3,Tuesday,13,False,False
201800043521,NonLethal,NightNoStreetLight,No,X-type,LightRain,Other,2,Monday,19,False,False
201800025705,NonLethal,Daylight,Yes,NoIntersection,LightRain,Other,3,Friday,16,False,False
201800051220,NonLethal,NightStreelightsOn,Yes,X-type,Normal,2Vehicles-Side,10,Friday,0,False,True
201800015188,NonLethal,Daylight,No,NoIntersection,VeryGood,2Vehicles-BehindVehicles-Frontal,7,Tuesday,14,False,False
201800038353,NonLethal,NightNoStreetLight,Yes,NoIntersection,Normal,Other,2,Sunday,18,True,False
201800032624,NonLethal,Daylight,Yes,NoIntersection,HeavyRain,Other,10,Monday,8,False,False
201800009657,NonLethal,Daylight,Yes,NoIntersection,Normal,Other,6,Saturday,14,True,False
201800009895,NonLethal,TwilightOrDawn,Yes,NoIntersection,Overcast,2Vehicles-Side,10,Thursday,19,False,False
201800013811,NonLethal,Daylight,No,NoIntersection,Normal,3+Vehicles-Multiple,10,Friday,10,False,False
201800050166,NonLethal,Daylight,No,NoIntersection,LightRain,2Vehicles-Behind,12,Thursday,15,False,False
201800027699,NonLethal,NightStreelightsOn,Yes,Y-type,Normal,2Vehicles-Side,3,Friday,22,False,False
201800029098,NonLethal,Daylight,Yes,NoIntersection,LightRain,Other,3,Wednesday,18,False,False
201800049827,NonLethal,TwilightOrDawn,No,NoIntersection,LightRain,2Vehicles-Side,5,Wednesday,20,False,False
201800050362,NonLethal,NightStreelightsOn,Yes,Square,LightRain,2Vehicles-Behind,2,Sunday,21,True,False
201800022342,NonLethal,Daylight,No,NoIntersection,HeavyRain,2Vehicles-Side,5,Tuesday,15,False,False
201800012068,NonLethal,NightNoStreetLight,No,NoIntersection,LightRain,Other,12,Sunday,21,True,False
201800046498,NonLethal,Daylight,No,NoIntersection,Overcast,2Vehicles-Side,4,Wednesday,8,False,False
201800018222,NonLethal,Daylight,No,NoIntersection,Normal,2Vehicles-BehindVehicles-Frontal,9,Wednesday,12,False,False
201800048442,NonLethal,Daylight,No,NoIntersection,Normal,2Vehicles-Behind,7,Tuesday,10,False,False
201800025265,NonLethal,Daylight,Yes,NoIntersection,Normal,NoCollision,3,Monday,8,False,False
201800035076,NonLethal,Daylight,Yes,T-type,Normal,2Vehicles-Side,6,Thursday,13,False,False
201800057725,NonLethal,Daylight,Yes,NoIntersection,Normal,Other,6,Saturday,8,True,False
201800034933,NonLethal,Daylight,Yes,Other,Normal,Other,9,Thursday,15,False,False
201800015631,Lethal,NightStreelightsOn,No,LevelCrossing,HeavyRain,2Vehicles-BehindVehicles-Frontal,12,Tuesday,19,False,False
201800055177,NonLethal,Daylight,Yes,Roundabout,LightRain,2Vehicles-Side,11,Monday,10,False,False
201800050081,NonLethal,NightNoStreetLight,No,NoIntersection,LightRain,NoCollision,10,Sunday,6,True,True
201800010809,NonLethal,NightNoStreetLight,No,NoIntersection,Normal,NoCollision,12,Saturday,0,True,True
201800056047,NonLethal,Daylight,Yes,Other,Normal,2Vehicles-Side,12,Saturday,9,True,False
201800004410,NonLethal,NightStreelightsOn,Yes,NoIntersection,Overcast,Other,1,Thursday,20,False,False
201800056715,NonLethal,NightStreelightsOn,Yes,X-type,Normal,2Vehicles-BehindVehicles-Frontal,11,Wednesday,21,False,False
201800005985,NonLethal,Daylight,No,NoIntersection,Normal,2Vehicles-Behind,7,Friday,12,False,False
201800014650,NonLethal,Daylight,Yes,NoIntersection,Normal,Other,9,Tuesday,15,False,False
201800024169,NonLethal,Daylight,Yes,T-type,Normal,2Vehicles-Side,4,Thursday,10,False,False
201800046858,NonLethal,Daylight,No,NoIntersection,LightRain,NoCollision,9,Thursday,8,False,False
201800039802,NonLethal,Daylight,Yes,T-type,Normal,2Vehicles-Side,5,Monday,14,False,False
201800033051,NonLethal,Daylight,Yes,NoIntersection,Normal,2Vehicles-Side,12,Saturday,10,True,False
201800028090,NonLethal,Daylight,Yes,NoIntersection,Normal,2Vehicles-Behind,8,Monday,18,False,False
201800009029,NonLethal,Daylight,Yes,X-type,Normal,NoCollision,5,Sunday,19,True,False
201800000337,NonLethal,Daylight,No,X-type,Normal,2Vehicles-BehindVehicles-Frontal,2,Friday,15,False,False
201800005362,NonLethal,Daylight,Yes,NoIntersection,Normal,2Vehicles-Behind,7,Wednesday,16,False,False
201800017057,NonLethal,Daylight,Yes,NoIntersection,VeryGood,2Vehicles-BehindVehicles-Frontal,8,Thursday,12,False,False
201800016038,NonLethal,NightNoStreetLight,No,NoIntersection,HeavyRain,Other,10,Saturday,4,True,True
201800048336,NonLethal,NightStreelightsOn,Yes,MoreThan4Branches,Normal,2Vehicles-Side,6,Saturday,23,True,False
201800003589,NonLethal,Daylight,Yes,NoIntersection,Normal,2Vehicles-Behind,7,Thursday,12,False,False
201800004498,NonLethal,Daylight,Yes,NoIntersection,Normal,NoCollision,8,Saturday,12,True,False
201800020642,NonLethal,NightStreelightsOn,Yes,Roundabout,Normal,2Vehicles-BehindVehicles-Frontal,12,Thursday,20,False,False
201800044818,NonLethal,Daylight,No,NoIntersection,Normal,3+Vehicles-Multiple,4,Wednesday,19,False,False
201800041183,NonLethal,Daylight,Yes,NoIntersection,Normal,2Vehicles-Behind,6,Friday,16,False,False
201800025081,NonLethal,Daylight,Yes,NoIntersection,LightRain,2Vehicles-Behind,12,Tuesday,15,False,False
201800047753,NonLethal,Daylight,Yes,X-type,Normal,3+Vehicles-Multiple,10,Wednesday,17,False,False
201800025118,NonLethal,NightStreelightsOn,Yes,T-type,Normal,2Vehicles-BehindVehicles-Frontal,11,Friday,18,False,False
201800049219,Lethal,NightNoStreetLight,No,NoIntersection,Normal,2Vehicles-Behind,11,Friday,19,False,False
201800051764,NonLethal,Daylight,Yes,X-type,Normal,2Vehicles-Side,6,Tuesday,18,False,False
201800002738,NonLethal,Daylight,Yes,Roundabout,Normal,2Vehicles-BehindVehicles-Frontal,4,Tuesday,18,False,False
201800017897,NonLethal,TwilightOrDawn,Yes,Roundabout,Normal,2Vehicles-Side,10,Tuesday,7,False,False
201800016051,NonLethal,TwilightOrDawn,Yes,Y-type,LightRain,2Vehicles-BehindVehicles-Frontal,3,Wednesday,18,False,False
201800047309,Lethal,NightStreelightsOn,Yes,NoIntersection,Normal,Other,7,Sunday,4,True,True
201800038829,NonLethal,NightStreelightsOn,Yes,NoIntersection,Normal,Other,6,Sunday,4,True,True
201800027726,NonLethal,Daylight,Yes,NoIntersection,Normal,Other,5,Monday,17,False,False
201800043405,NonLethal,TwilightOrDawn,Yes,NoIntersection,Normal,2Vehicles-BehindVehicles-Frontal,1,Sunday,17,True,False
201800053679,NonLethal,TwilightOrDawn,Yes,T-type,LightRain,Other,1,Thursday,7,False,False
201800025179,NonLethal,Daylight,Yes,X-type,Normal,2Vehicles-Side,5,Tuesday,7,False,False
201800007074,NonLethal,Daylight,No,NoIntersection,Normal,Other,4,Thursday,12,False,False
201800051855,NonLethal,Daylight,Yes,Square,Normal,Other,11,Thursday,10,False,False
201800005023,NonLethal,Daylight,No,Roundabout,Normal,2Vehicles-Side,11,Sunday,16,True,False
201800028886,NonLethal,Daylight,No,NoIntersection,Normal,Other,5,Saturday,16,True,False