AccidentId,Gravity,Light,InAgglomeration,IntersectionType,Weather,CollisionType,Month,DayOfWeek,HourOfDay,IsWeekend,IsNight
201800013357,NonLethal,Daylight,Yes,X-type,Normal,2Vehicles-Side,11,Friday,17,False,False
201800038615,NonLethal,Daylight,No,X-type,Normal,2Vehicles-Side,9,Saturday,11,True,False
201800042789,NonLethal,Daylight,Yes,NoIntersection,Normal,Other,6,Sunday,14,True,False
201800056877,NonLethal,Daylight,Yes,NoIntersection,Normal,2Vehicles-Behind,3,Saturday,18,True,False
201800047604,NonLethal,Daylight,Yes,Roundabout,VeryGood,2Vehicles-Side,7,Tuesday,13,False,False
201800056521,NonLethal,Daylight,Yes,NoIntersection,Normal,NoCollision,5,Friday,10,False,False
201800027564,NonLethal,TwilightOrDawn,Yes,NoIntersection,Overcast,Other,12,Saturday,7,True,False
201800049688,NonLethal,Daylight,No,NoIntersection,Normal,NoCollision,2,Sunday,10,True,False
201800011556,NonLethal,Daylight,No,NoIntersection,Normal,Other,12,Saturday,12,True,False
201800023230,NonLethal,Daylight,Yes,NoIntersection,Normal,2Vehicles-Side,9,Friday,7,False,False
201800021934,NonLethal,Daylight,Yes,T-type,Normal,2Vehicles-Side,5,Friday,20,False,False
201800052639,NonLethal,NightStreelightsOn,Yes,NoIntersection,Normal,Other,12,Monday,23,False,False
201800021971,Lethal,TwilightOrDawn,Yes,NoIntersection,Normal,NoCollision,11,Thursday,17,False,False
201800017327,NonLethal,Daylight,No,NoIntersection,Normal,NoCollision,11,Monday,11,False,False
201800050555,NonLethal,Daylight,Yes,X-type,Normal,2Vehicles-Side,5,Sunday,10,True,False
201800030673,NonLethal,Daylight,Yes,NoIntersection,HeavyRain,NoCollision,6,Saturday,20,True,False
201800040984,NonLethal,NightStreelightsOn,Yes,NoIntersection,Normal,Other,11,Friday,17,False,False
201800001070,NonLethal,NightNoStreetLight,No,NoIntersection,Normal,3+Vehicles-Multiple,1,Friday,7,False,False
201800045811,NonLethal,TwilightOrDawn,No,NoIntersection,Normal,Other,4,Thursday,7,False,False
201800043552,NonLethal,Daylight,Yes,NoIntersection,Normal,Other,5,Friday,9,False,False
201800018804,NonLethal,Daylight,No,T-type,VeryGood,Other,7,Saturday,10,True,False
201800036003,NonLethal,Daylight,Yes,NoIntersection,Normal,2Vehicles-Side,2,Thursday,8,False,False
201800048097,NonLethal,Daylight,Yes,X-type,Normal,2Vehicles-Side,2,Wednesday,16,False,False
201800044420,NonLethal,NightNoStreetLight,No,NoIntersection,LightRain,3+Vehicles-Chain,1,Friday,19,False,False
201800037534,NonLethal,NightStreelightsOn,Yes,NoIntersection,LightRain,Other,12,Saturday,21,True,False
201800004045,Lethal,Daylight,No,NoIntersection,LightRain,2Vehicles-Behind,2,Thursday,7,False,False
201800016634,NonLethal,Daylight,Yes,NoIntersection,Normal,Other,8,Saturday,11,True,False
201800047316,NonLethal,Daylight,Yes,NoIntersection,Normal,Other,1,Thursday,16,False,False
201800026024,NonLethal,Daylight,Yes,Other,Normal,Other,8,Friday,20,False,False
201800032069,NonLethal,NightNoStreetLight,No,NoIntersection,Normal,NoCollision,3,Saturday,19,True,False
201800014592,Lethal,Daylight,No,NoIntersection,Normal,Other,6,Monday,18,False,False
201800037563,NonLethal,Daylight,Yes,Roundabout,Normal,2Vehicles-Behind,1,Wednesday,15,False,False
201800053498,NonLethal,Daylight,Yes,X-type,Overcast,2Vehicles-Side,9,Tuesday,11,False,False
201800009001,NonLethal,NightStreelightsOn,Yes,NoIntersection,Normal,2Vehicles-BehindVehicles-Frontal,5,Tuesday,21,False,False
201800029075,Lethal,TwilightOrDawn,Yes,NoIntersection,Normal,Other,10,Monday,8,False,False
201800001942,NonLethal,Daylight,No,NoIntersection,Normal,2Vehicles-BehindVehicles-Frontal,10,Monday,16,False,False
201800043875,NonLethal,Daylight,No,NoIntersection,Normal,3+Vehicles-Multiple,3,Thursday,10,False,False
201800040565,NonLethal,Daylight,Yes,X-type,VeryGood,Other,12,Thursday,12,False,False
201800054149,NonLethal,Daylight,Yes,NoIntersection,Normal,Other,7,Wednesday,13,False,False
201800037443,NonLethal,Daylight,Yes,X-type,Normal,2Vehicles-Side,5,Tuesday,8,False,False
201800011884,NonLethal,Daylight,No,NoIntersection,Normal,3+Vehicles-Multiple,6,Monday,7,False,False
201800041932,NonLethal,NightStreelightsOn,Yes,X-type,LightRain,2Vehicles-Side,1,Wednesday,18,False,False
201800047846,NonLethal,NightStreelightsOn,Yes,NoIntersection,Normal,2Vehicles-Behind,12,Saturday,23,True,False
201800012337,NonLethal,Daylight,No,NoIntersection,Normal,2Vehicles-BehindVehicles-Frontal,6,Saturday,16,True,False
201800010019,NonLethal,NightStreelightsOn,Yes,NoIntersection,Normal,2Vehicles-Side,11,Thursday,20,False,False
201800009164,NonLethal,Daylight,Yes,NoIntersection,Normal,2Vehicles-BehindVehicles-Frontal,12,Thursday,11,False,False
201800017283,NonLethal,Daylight,Yes,Y-type,Normal,Other,8,Wednesday,14,False,False
201800028754,NonLethal,Daylight,Yes,Y-type,Normal,2Vehicles-Side,6,Thursday,14,False,False
201800019822,NonLethal,Daylight,Yes,NoIntersection,LightRain,Other,12,Wednesday,10,False,False
201800028712,NonLethal,Daylight,Yes,NoIntersection,Normal,NoCollision,4,Wednesday,12,False,False
201800013354,NonLethal,NightNoStreetLight,No,NoIntersection,Normal,NoCollision,10,Wednesday,5,False,True
201800005131,NonLethal,Daylight,Yes,NoIntersection,Normal,2Vehicles-Side,5,Wednesday,17,False,False
201800037162,NonLethal,Daylight,Yes,NoIntersection,Normal,2Vehicles-Behind,7,Tuesday,15,False,False
201800027380,NonLethal,Daylight,Yes,NoIntersection,Normal,2Vehicles-Side,7,Friday,16,False,False
201800055925,NonLethal,Daylight,Yes,Other,Normal,2Vehicles-Side,7,Sunday,11,True,False
201800030433,NonLethal,Daylight,Yes,T-type,Normal,Other,8,Friday,18,False,False
201800004173,NonLethal,Daylight,No,NoIntersection,Normal,2Vehicles-Side,5,Tuesday,11,False,False
201800045652,NonLethal,NightNoStreetLight,No,NoIntersection,LightRain,Other,1,Thursday,4,False,True
201800032237,NonLethal,Daylight,No,NoIntersection,Normal,Other,2,Wednesday,9,False,False
201800030777,NonLethal,Daylight,Yes,Roundabout,Normal,2Vehicles-Behind,4,Monday,14,False,False
201800026966,NonLethal,Daylight,Yes,NoIntersection,Normal,Other,10,Wednesday,15,False,False
201800056624,NonLethal,Daylight,No,NoIntersection,Normal,2Vehicles-Side,6,Thursday,15,False,False
201800050779,NonLethal,TwilightOrDawn,Yes,X-type,Normal,2Vehicles-Side,5,Friday,21,False,False
201800056604,NonLethal,Daylight,No,X-type,Normal,2Vehicles-Side,5,Monday,17,False,False
201800017315,Lethal,NightNoStreetLight,No,NoIntersection,Normal,Other,11,Thursday,19,False,False
201800054937,NonLethal,Daylight,Yes,Y-type,Normal,3+Vehicles-Chain,2,Sunday,16,True,False
201800035247,NonLethal,NightNoStreetLight,No,Roundabout,LightRain,Other,2,Monday,21,False,False
201800022623,Lethal,Daylight,Yes,X-type,Overcast,Other,10,Tuesday,9,False,False
201800001512,NonLethal,Daylight,Yes,NoIntersection,Normal,2Vehicles-Side,10,Tuesday,13,False,False
201800042742,NonLethal,TwilightOrDawn,Yes,T-type,Normal,2Vehicles-Side,3,Sunday,19,True,False
201800009667,NonLethal,Daylight,Yes,T-type,Normal,Other,9,Friday,13,False,False
201800057139,NonLethal,Daylight,Yes,NoIntersection,Normal,2Vehicles-BehindVehicles-Frontal,11,Saturday,15,True,False
201800036967,NonLethal,NightStreelightsOn,Yes,T-type,Normal,2Vehicles-Side,11,Friday,20,False,False
201800015968,NonLethal,Daylight,No,T-type,Normal,2Vehicles-Side,4,Monday,17,False,False
201800050171,NonLethal,Daylight,No,Other,Normal,3+Vehicles-Chain,12,Friday,14,False,False
201800039583,NonLethal,Daylight,Yes,Roundabout,Overcast,2Vehicles-Side,9,Friday,9,False,False
201800041208,NonLethal,NightStreelightsOn,Yes,X-type,LightRain,Other,3,Sunday,21,True,False
201800005647,NonLethal,NightStreelightsOn,Yes,T-type,Normal,Other,4,Thursday,22,False,False
201800024063,NonLethal,NightStreelightsOn,Yes,X-type,LightRain,2Vehicles-Side,12,Friday,19,False,False
201800005420,NonLethal,Daylight,Yes,NoIntersection,Normal,Other,5,Monday,21,False,False
201800030189,NonLethal,NightStreelightsOff,Yes,NoIntersection,Normal,2Vehicles-Behind,6,Thursday,21,False,False
201800031210,NonLethal,Daylight,Yes,X-type,Normal,Other,3,Monday,14,False,False
201800036263,NonLethal,Daylight,Yes,NoIntersection,Normal,2Vehicles-Side,12,Tuesday,14,False,False
201800039411,NonLethal,Daylight,Yes,X-type,Normal,2Vehicles-Side,8,Thursday,19,False,False
201800026281,NonLethal,NightNoStreetLight,No,T-type,LightRain,3+Vehicles-Multiple,6,Saturday,18,True,False
201800041505,NonLethal,NightStreelightsOn,Yes,NoIntersection,LightRain,NoCollision,10,Friday,18,False,False
201800028615,NonLethal,Daylight,Yes,X-type,Normal,2Vehicles-Side,12,Tuesday,15,False,False
201800031387,NonLethal,Daylight,Yes,NoIntersection,Normal,Other,12,Friday,14,False,False
201800057168,NonLethal,NightStreelightsOn,Yes,Roundabout,LightRain,2Vehicles-Side,3,Tuesday,20,False,False
201800041257,NonLethal,Daylight,Yes,NoIntersection,Normal,2Vehicles-Behind,7,Thursday,15,False,False
201800057429,NonLethal,Daylight,Yes,NoIntersection,Normal,3+Vehicles-Chain,3,Thursday,11,False,False
201800031072,NonLethal,Daylight,Yes,X-type,VeryGood,2Vehicles-BehindVehicles-Frontal,8,Friday,10,False,False
201800038955,NonLethal,Daylight,Yes,Roundabout,Normal,2Vehicles-Side,9,Thursday,13,False,False
201800010907,NonLethal,Daylight,Yes,NoIntersection,Normal,Other,3,Tuesday,16,False,False
201800041959,NonLethal,Daylight,Yes,NoIntersection,LightRain,2Vehicles-Behind,7,Tuesday,14,False,False
201800004715,Lethal,Daylight,No,NoIntersection,LightRain,Other,12,Sunday,15,True,False
201800040066,NonLethal,TwilightOrDawn,Yes,NoIntersection,Normal,Other,10,Friday,8,False,False
201800024952,NonLethal,TwilightOrDawn,Yes,X-type,Normal,Other,10,Tuesday,7,False,False
201800039751,NonLethal,NightStreelightsOn,Yes,NoIntersection,Normal,Other,10,Monday,0,False,True
201800045009,NonLethal,Daylight,No,NoIntersection,Normal,2Vehicles-Behind,6,Monday,8,False,False
201800053332,NonLethal,NightStreelightsOn,Yes,X-type,Normal,Other,4,Friday,23,False,False
201800004769,NonLethal,TwilightOrDawn,No,X-type,Normal,2Vehicles-Side,9,Tuesday,6,False,True
201800011698,NonLethal,NightNoStreetLight,Yes,NoIntersection,Overcast,NoCollision,3,Thursday,0,False,True
201800019829,NonLethal,NightStreelightsOn,Yes,NoIntersection,Normal,2Vehicles-Behind,12,Monday,18,False,False
201800029088,NonLethal,NightStreelightsOn,Yes,NoIntersection,LightRain,Other,1,Tuesday,17,False,False
201800049281,NonLethal,Daylight,No,NoIntersection,LightRain,2Vehicles-Side,7,Friday,17,False,False
201800028793,NonLethal,TwilightOrDawn,Yes,NoIntersection,Normal,2Vehicles-BehindVehicles-Frontal,9,Friday,22,False,False
201800051605,NonLethal,Daylight,Yes,NoIntersection,Normal,2Vehicles-Side,11,Friday,15,False,False
201800024271,NonLethal,NightStreelightsOn,Yes,NoIntersection,Normal,Other,2,Sunday,19,True,False
201800010732,NonLethal,TwilightOrDawn,No,NoIntersection,Overcast,Other,1,Sunday,16,True,False
201800000853,NonLethal,NightStreelightsOn,Yes,X-type,Normal,2Vehicles-BehindVehicles-Frontal,11,Thursday,20,False,False
201800051938,NonLethal,Daylight,Yes,Square,Normal,NoCollision,2,Wednesday,10,False,False
201800052736,NonLethal,Daylight,Yes,X-type,Normal,2Vehicles-Side,5,Saturday,12,True,False
201800026541,Lethal,NightStreelightsOn,Yes,T-type,Normal,2Vehicles-BehindVehicles-Frontal,5,Tuesday,5,False,True
201800015422,NonLethal,NightStreelightsOn,No,Roundabout,LightRain,2Vehicles-Behind,12,Wednesday,19,False,False
201800036159,NonLethal,TwilightOrDawn,Yes,NoIntersection,LightRain,Other,8,Saturday,20,True,False
201800035595,NonLethal,NightStreelightsOn,Yes,NoIntersection,Normal,Other,9,Thursday,21,False,False
201800037671,NonLethal,Daylight,Yes,X-type,Normal,Other,1,Tuesday,14,False,False
201800048582,NonLethal,Daylight,Yes,X-type,Normal,2Vehicles-Side,10,Saturday,16,True,False
201800005418,NonLethal,Daylight,No,NoIntersection,Normal,Other,5,Monday,10,False,False
201800004852,NonLethal,Daylight,No,NoIntersection,LightRain,Other,5,Monday,11,False,False
201800036361,NonLethal,Daylight,Yes,Other,Normal,Other,5,Thursday,11,False,False
201800031346,NonLethal,NightStreelightsOn,Yes,NoIntersection,Normal,Other,6,Monday,20,False,False
201800042647,NonLethal,Daylight,Yes,MoreThan4Branches,HeavyRain,2Vehicles-Behind,3,Friday,15,False,False
201800001392,NonLethal,Daylight,No,X-type,Normal,2Vehicles-BehindVehicles-Frontal,7,Friday,10,False,False
201800025121,NonLethal,NightStreelightsOn,No,Roundabout,Normal,2Vehicles-Behind,1,Wednesday,18,False,False
201800042293,NonLethal,TwilightOrDawn,Yes,NoIntersection,HeavyRain,2Vehicles-BehindVehicles-Frontal,6,Tuesday,5,False,True
201800006598,NonLethal,Daylight,No,NoIntersection,Normal,Other,7,Friday,16,False,False
201800047070,NonLethal,Daylight,No,NoIntersection,LightRain,Other,11,Sunday,13,True,False
201800025768,NonLethal,NightStreelightsOn,Yes,NoIntersection,LightRain,2Vehicles-Side,11,Sunday,21,True,False
201800033024,NonLethal,Daylight,Yes,T-type,Normal,2Vehicles-Side,10,Wednesday,18,False,False
201800003690,NonLethal,Daylight,Yes,NoIntersection,Normal,2Vehicles-Side,2,Monday,11,False,False
201800001701,Lethal,NightNoStreetLight,No,NoIntersection,LightRain,Other,10,Monday,23,False,False
201800047198,NonLethal,Daylight,Yes,NoIntersection,LightRain,2Vehicles-Behind,5,Tuesday,14,False,False
201800030057,NonLethal,NightNoStreetLight,No,NoIntersection,Other,2Vehicles-Behind,4,Tuesday,4,False,True
201800036500,NonLethal,NightStreelightsOff,Yes,NoIntersection,Normal,2Vehicles-Behind,10,Thursday,6,False,True
201800001979,NonLethal,Daylight,Yes,NoIntersection,Normal,2Vehicles-BehindVehicles-Frontal,12,Thursday,9,False,False
201800019594,NonLethal,Daylight,Yes,Roundabout,Normal,2Vehicles-Behind,1,Friday,13,False,False
201800050077,NonLethal,NightNoStreetLight,No,NoIntersection,Normal,2Vehicles-Side,10,Thursday,19,False,False
201800049870,NonLethal,Daylight,No,NoIntersection,Normal,2Vehicles-Behind,5,Thursday,8,False,False
201800052881,NonLethal,TwilightOrDawn,Yes,T-type,LightRain,Other,11,Sunday,17,True,False
201800024432,NonLethal,NightStreelightsOn,Yes,NoIntersection,Normal,2Vehicles-BehindVehicles-Frontal,9,Friday,23,False,False
201800016606,NonLethal,Daylight,No,NoIntersection,Normal,3+Vehicles-Multiple,8,Monday,17,False,False
201800037777,NonLethal,Daylight,Yes,NoIntersection,Normal,Other,3,Wednesday,9,False,False
201800053827,NonLethal,Daylight,Yes,Square,Normal,2Vehicles-Behind,3,Wednesday,17,False,False
201800027179,NonLethal,NightStreelightsOn,Yes,NoIntersection,Normal,NoCollision,8,Friday,7,False,False
201800046857,NonLethal,Daylight,No,NoIntersection,Normal,2Vehicles-Behind,12,Sunday,18,True,False
201800044668,NonLethal,Daylight,No,NoIntersection,LightRain,2Vehicles-Behind,7,Tuesday,16,False,False
201800043271,NonLethal,Daylight,Yes,X-type,Normal,Other,10,Wednesday,14,False,False
201800051073,NonLethal,Daylight,Yes,NoIntersection,Overcast,2Vehicles-Side,5,Wednesday,10,False,False
201800042096,NonLethal,Daylight,Yes,NoIntersection,Normal,Other,7,Saturday,20,True,False
201800012837,NonLethal,NightStreelightsOn,Yes,X-type,Normal,2Vehicles-BehindVehicles-Frontal,2,Friday,21,False,False
201800036235,NonLethal,NightStreelightsOn,Yes,T-type,Normal,2Vehicles-Side,11,Sunday,22,True,False
201800054398,NonLethal,Daylight,Yes,Y-type,Normal,2Vehicles-Side,5,Thursday,11,False,False
201800031485,NonLethal,Daylight,No,NoIntersection,Normal,3+Vehicles-Chain,9,Sunday,17,True,False
201800043389,NonLethal,Daylight,Yes,NoIntersection,LightRain,3+Vehicles-Multiple,7,Tuesday,10,False,False
201800045562,NonLethal,Daylight,No,NoIntersection,Normal,2Vehicles-Behind,12,Tuesday,16,False,False
201800019463,NonLethal,Daylight,No,NoIntersection,Normal,NoCollision,8,Saturday,18,True,False
201800013462,NonLethal,Daylight,Yes,X-type,Normal,2Vehicles-Side,3,Wednesday,8,False,False
201800025242,NonLethal,NightStreelightsOn,Yes,NoIntersection,Normal,NoCollision,2,Saturday,23,True,False
201800033608,NonLethal,NightNoStreetLight,No,NoIntersection,Normal,3+Vehicles-Multiple,4,Thursday,18,False,False
201800050128,NonLethal,TwilightOrDawn,No,NoIntersection,HeavyRain,3+Vehicles-Chain,11,Tuesday,17,False,False
201800054968,NonLethal,NightStreelightsOn,Yes,X-type,Normal,Other,2,Sunday,0,True,True
201800056938,NonLethal,Daylight,Yes,NoIntersection,Normal,Other,5,Monday,13,False,False
201800041286,NonLethal,Daylight,No,NoIntersection,Normal,Other,10,Tuesday,8,False,False
201800040952,NonLethal,NightStreelightsOn,Yes,NoIntersection,Normal,2Vehicles-Side,9,Saturday,22,True,False
201800021634,NonLethal,Daylight,Yes,NoIntersection,LightRain,2Vehicles-Side,2,Wednesday,15,False,False
201800023195,NonLethal,Daylight,Yes,NoIntersection,Normal,2Vehicles-Behind,8,Tuesday,16,False,False
201800018495,NonLethal,Daylight,No,NoIntersection,Normal,2Vehicles-Side,5,Thursday,12,False,False
201800007398,NonLethal,Daylight,Yes,X-type,Normal,2Vehicles-Side,9,Tuesday,14,False,False
201800011986,NonLethal,Daylight,Yes,T-type,Normal,2Vehicles-Side,7,Thursday,18,False,False
201800056231,NonLethal,Daylight,No,NoIntersection,Normal,3+Vehicles-Multiple,7,Friday,14,False,False
201800020413,NonLethal,Daylight,No,NoIntersection,Normal,2Vehicles-BehindVehicles-Frontal,6,Monday,8,False,False
201800010267,NonLethal,NightStreelightsOn,Yes,T-type,Normal,2Vehicles-Side,10,Tuesday,20,False,False
201800057021,NonLethal,Daylight,Yes,NoIntersection,Normal,Other,8,Tuesday,13,False,False
201800035242,NonLethal,Daylight,Yes,NoIntersection,LightRain,Other,1,Saturday,11,True,False
201800037478,NonLethal,Daylight,Yes,Other,LightRain,2Vehicles-BehindVehicles-Frontal,8,Monday,8,False,False
201800004588,NonLethal,Daylight,No,NoIntersection,Normal,Other,4,Sunday,14,True,False
201800056762,NonLethal,Daylight,No,NoIntersection,LightRain,3+Vehicles-Chain,6,Tuesday,8,False,False
201800018178,NonLethal,NightStreelightsOn,Yes,NoIntersection,Normal,Other,7,Sunday,3,True,True
201800048709,NonLethal,Daylight,Yes,NoIntersection,Overcast,Other,11,Monday,9,False,False
201800047830,Lethal,Daylight,Yes,NoIntersection,Normal,Other,12,Saturday,15,True,False
201800006157,NonLethal,TwilightOrDawn,No,NoIntersection,Normal,2Vehicles-Behind,5,Wednesday,6,False,True
201800037366,NonLethal,Daylight,Yes,T-type,Normal,2Vehicles-Side,10,Sunday,20,True,False
201800048396,NonLethal,Daylight,Yes,NoIntersection,Normal,Other,10,Sunday,18,True,False
201800041782,NonLethal,Daylight,Yes,Roundabout,Normal,2Vehicles-Side,8,Friday,8,False,False
201800057734,NonLethal,Daylight,No,NoIntersection,Normal,NoCollision,10,Tuesday,6,False,True
201800014199,NonLethal,Daylight,No,NoIntersection,LightRain,2Vehicles-Side,3,Friday,8,False,False
201800043643,NonLethal,TwilightOrDawn,No,Roundabout,Normal,NoCollision,10,Wednesday,6,False,True
201800021876,NonLethal,NightNoStreetLight,No,NoIntersection,Other,NoCollision,2,Thursday,21,False,False
201800010774,NonLethal,Daylight,Yes,Other,VeryGood,2Vehicles-Side,7,Tuesday,12,False,False
201800016955,NonLethal,TwilightOrDawn,No,NoIntersection,Normal,Other,11,Thursday,17,False,False
201800043274,NonLethal,Daylight,Yes,NoIntersection,Normal,Other,10,Monday,16,False,False
201800031005,Lethal,Daylight,Yes,NoIntersection,HeavyRain,2Vehicles-BehindVehicles-Frontal,6,Saturday,15,True,False
201800052652,NonLethal,NightStreelightsOn,Yes,Y-type,LightRain,Other,1,Sunday,18,True,False
201800020268,NonLethal,NightStreelightsOn,No,NoIntersection,FogOrSmoke,3+Vehicles-Chain,11,Monday,1,False,True
201800008981,NonLethal,Daylight,Yes,Other,Normal,2Vehicles-Behind,4,Wednesday,17,False,False
201800045155,NonLethal,NightNoStreetLight,No,NoIntersection,Normal,2Vehicles-Behind,8,Sunday,21,True,False
201800021378,NonLethal,Daylight,No,NoIntersection,Normal,Other,6,Sunday,17,True,False
201800011121,NonLethal,Daylight,No,NoIntersection,Normal,NoCollision,6,Sunday,19,True,False
201800034923,NonLethal,Daylight,Yes,T-type,FogOrSmoke,2Vehicles-Side,11,Thursday,8,False,False
201800021721,NonLethal,Daylight,No,NoIntersection,Overcast,2Vehicles-Behind,6,Friday,16,False,False
201800056284,NonLethal,Daylight,Yes,NoIntersection,Normal,Other,1,Friday,16,False,False
201800048005,NonLethal,TwilightOrDawn,Yes,T-type,LightRain,2Vehicles-Side,3,Thursday,14,False,False
201800023219,NonLethal,Daylight,No,NoIntersection,LightRain,2Vehicles-Behind,9,Friday,8,False,False
201800016025,NonLethal,Daylight,No,NoIntersection,Normal,2Vehicles-Behind,1,Friday,12,False,False
201800011540,NonLethal,NightNoStreetLight,Yes,X-type,Normal,2Vehicles-BehindVehicles-Frontal,5,Tuesday,18,False,False
201800037831,NonLethal,Daylight,Yes,NoIntersection,Normal,2Vehicles-BehindVehicles-Frontal,7,Friday,7,False,False
201800021142,NonLethal,NightNoStreetLight,No,NoIntersection,Normal,2Vehicles-BehindVehicles-Frontal,4,Saturday,22,True,False
201800003108,NonLethal,Daylight,Yes,NoIntersection,Overcast,Other,10,Monday,16,False,False
201800031626,NonLethal,NightStreelightsOn,Yes,NoIntersection,Normal,Other,7,Sunday,4,True,True
201800037116,NonLethal,TwilightOrDawn,Yes,NoIntersection,Normal,2Vehicles-Side,5,Wednesday,19,False,False
201800027027,NonLethal,NightStreelightsOn,Yes,NoIntersection,LightRain,2Vehicles-Side,12,Thursday,19,False,False
201800040053,NonLethal,Daylight,Yes,Y-type,Normal,2Vehicles-BehindVehicles-Frontal,2,Thursday,10,False,False
201800016184,Lethal,Daylight,No,X-type,Normal,2Vehicles-Side,7,Wednesday,11,False,False
201800045467,NonLethal,NightNoStreetLight,No,NoIntersection,Normal,2Vehicles-Behind,11,Saturday,0,True,True
201800019550,NonLethal,Daylight,Yes,Square,LightRain,Other,5,Thursday,10,False,False
201800002273,Lethal,TwilightOrDawn,No,NoIntersection,Normal,2Vehicles-BehindVehicles-Frontal,7,Tuesday,20,False,False
201800051988,NonLethal,NightStreelightsOn,Yes,NoIntersection,LightRain,2Vehicles-Side,10,Thursday,21,False,False
201800003250,NonLethal,NightStreelightsOn,Yes,X-type,Normal,2Vehicles-Side,11,Sunday,5,True,True
201800014976,NonLethal,Daylight,Yes,NoIntersection,Normal,Other,3,Tuesday,10,False,False
201800036324,NonLethal,Daylight,Yes,NoIntersection,Normal,Other,9,Thursday,18,False,False
201800001025,NonLethal,Daylight,No,Roundabout,LightRain,NoCollision,1,Wednesday,9,False,False
201800011646,NonLethal,Daylight,No,NoIntersection,Normal,3+Vehicles-Multiple,6,Monday,17,False,False
201800023282,NonLethal,Daylight,Yes,NoIntersection,Normal,Other,10,Sunday,16,True,False
201800000425,Lethal,NightNoStreetLight,No,NoIntersection,Other,NoCollision,3,Sunday,7,True,False
201800030205,NonLethal,Daylight,Yes,NoIntersection,Normal,2Vehicles-Behind,6,Thursday,8,False,False
201800014019,NonLethal,Daylight,Yes,NoIntersection,Normal,3+Vehicles-Chain,2,Saturday,15,True,False
201800008115,NonLethal,NightStreelightsOff,No,Roundabout,LightRain,2Vehicles-Side,11,Sunday,22,True,False
201800030109,Lethal,Daylight,Yes,NoIntersection,Normal,2Vehicles-BehindVehicles-Frontal,5,Friday,9,False,False
201800007036,NonLethal,NightNoStreetLight,No,Other,Normal,Other,9,Saturday,5,True,True
201800035657,NonLethal,Daylight,Yes,X-type,Normal,2Vehicles-Side,1,Wednesday,13,False,False
201800012244,NonLethal,Daylight,Yes,NoIntersection,Normal,2Vehicles-Side,7,Wednesday,18,False,False
201800037593,NonLethal,NightStreelightsOn,Yes,X-type,Normal,2Vehicles-Side,5,Tuesday,1,False,True
201800039234,NonLethal,Daylight,Yes,NoIntersection,HeavyRain,Other,3,Wednesday,10,False,False
201800035467,NonLethal,TwilightOrDawn,Yes,NoIntersection,Normal,Other,1,Friday,18,False,False
201800035014,NonLethal,Daylight,Yes,NoIntersection,Normal,2Vehicles-BehindVehicles-Frontal,3,Friday,8,False,False
201800042478,NonLethal,Daylight,Yes,NoIntersection,Normal,2Vehicles-Side,3,Wednesday,16,False,False
201800035767,NonLethal,Daylight,Yes,NoIntersection,HeavyRain,2Vehicles-BehindVehicles-Frontal,7,Thursday,11,False,False
201800047673,NonLethal,Daylight,Yes,NoIntersection,Normal,NoCollision,10,Tuesday,9,False,False
201800018117,NonLethal,Daylight,No,Other,Normal,2Vehicles-BehindVehicles-Frontal,4,Saturday,11,True,False
201800057042,NonLethal,Daylight,Yes,NoIntersection,Normal,2Vehicles-Side,12,Sunday,7,True,False
201800028056,NonLethal,Daylight,Yes,NoIntersection,LightRain,2Vehicles-BehindVehicles-Frontal,5,Monday,17,False,False
201800053949,NonLethal,Daylight,Yes,T-type,Normal,Other,11,Friday,11,False,False
201800005378,NonLethal,Daylight,Yes,NoIntersection,Overcast,2Vehicles-Side,4,Thursday,17,False,False
201800037263,NonLethal,Daylight,Yes,NoIntersection,Normal,Other,6,Wednesday,19,False,False
201800019989,NonLethal,Daylight,No,T-type,Normal,2Vehicles-BehindVehicles-Frontal,9,Saturday,18,True,False
201800053267,NonLethal,Daylight,Yes,T-type,LightRain,2Vehicles-Side,2,Thursday,13,False,False
201800055507,NonLethal,Daylight,Yes,NoIntersection,Normal,Other,12,Friday,18,False,False
201800026255,NonLethal,Daylight,Yes,Roundabout,Normal,2Vehicles-Side,9,Friday,17,False,False
201800006213,NonLethal,NightNoStreetLight,No,NoIntersection,Normal,2Vehicles-Behind,10,Thursday,7,False,False
201800024824,NonLethal,NightStreelightsOn,Yes,NoIntersection,Normal,2Vehicles-Side,7,Monday,23,False,False
201800046509,NonLethal,NightStreelightsOn,No,NoIntersection,Normal,NoCollision,4,Friday,21,False,False
201800005524,NonLethal,Daylight,Yes,Y-type,Normal,2Vehicles-Side,7,Monday,11,False,False
201800039987,NonLethal,NightStreelightsOn,Yes,X-type,Normal,2Vehicles-Side,7,Thursday,0,False,True
201800042490,NonLethal,Daylight,Yes,NoIntersection,Normal,2Vehicles-Side,8,Wednesday,18,False,False
201800027903,NonLethal,NightStreelightsOn,Yes,NoIntersection,Normal,Other,11,Monday,18,False,False
201800055969,NonLethal,Daylight,Yes,T-type,Normal,2Vehicles-BehindVehicles-Frontal,2,Monday,11,False,False
201800039483,NonLethal,NightStreelightsOn,Yes,NoIntersection,Normal,2Vehicles-Behind,5,Saturday,23,True,False
201800010328,NonLethal,Daylight,Yes,X-type,Normal,2Vehicles-BehindVehicles-Frontal,3,Saturday,13,True,False
201800020909,NonLethal,TwilightOrDawn,Yes,NoIntersection,Normal,2Vehicles-Side,5,Saturday,17,True,False