AccidentId,Gravity,Light,InAgglomeration,IntersectionType,Weather,CollisionType,Month,DayOfWeek,HourOfDay,IsWeekend,IsNight
201800001939,NonLethal,TwilightOrDawn,No,NoIntersection,LightRain,2Vehicles-BehindVehicles-Frontal,5,Monday,19,False,False
201800011042,NonLethal,TwilightOrDawn,No,NoIntersection,Normal,Other,5,Thursday,7,False,False
201800004100,NonLethal,Daylight,Yes,NoIntersection,Normal,2Vehicles-Side,6,Monday,15,False,False
201800048527,NonLethal,NightStreelightsOn,No,T-type,Normal,2Vehicles-Side,9,Tuesday,22,False,False
201800007740,NonLethal,Daylight,Yes,NoIntersection,Normal,2Vehicles-Side,3,Wednesday,18,False,False
201800033688,NonLethal,NightStreelightsOn,Yes,NoIntersection,HeavyRain,Other,1,Tuesday,19,False,False
201800051466,NonLethal,Daylight,Yes,Square,LightRain,Other,3,Tuesday,13,False,False
201800055030,NonLethal,NightStreelightsOn,Yes,NoIntersection,Normal,NoCollision,6,Sunday,2,True,True
201800005724,NonLethal,Daylight,Yes,T-type,Normal,2Vehicles-Side,7,Thursday,17,False,False
201800028625,NonLethal,Daylight,Yes,NoIntersection,LightRain,2Vehicles-Side,1,Friday,15,False,False
201800035311,NonLethal,Daylight,No,T-type,Normal,2Vehicles-Side,10,Friday,17,False,False
201800055992,NonLethal,NightNoStreetLight,Yes,NoIntersection,Normal,Other,2,Wednesday,23,False,False
201800000685,NonLethal,Daylight,Yes,T-type,Normal,2Vehicles-Side,4,Saturday,16,True,False
201800034403,NonLethal,Daylight,Yes,NoIntersection,StrongWindOrStorm,Other,3,Thursday,10,False,False
201800013164,NonLethal,Daylight,No,NoIntersection,FogOrSmoke,NoCollision,12,Thursday,13,False,False
201800008159,NonLethal,NightStreelightsOn,Yes,T-type,Normal,2Vehicles-Side,4,Wednesday,22,False,False
201800034014,NonLethal,Daylight,No,NoIntersection,Normal,2Vehicles-Behind,3,Wednesday,15,False,False
201800017054,NonLethal,Daylight,Yes,T-type,Normal,2Vehicles-BehindVehicles-Frontal,3,Tuesday,18,False,False
201800009123,NonLethal,Daylight,Yes,NoIntersection,Normal,Other,6,Tuesday,16,False,False
201800010259,NonLethal,NightNoStreetLight,Yes,T-type,Normal,2Vehicles-Side,12,Sunday,18,True,False
201800052634,NonLethal,NightStreelightsOff,Yes,NoIntersection,Normal,Other,12,Friday,18,False,False
201800019137,NonLethal,Daylight,No,NoIntersection,LightRain,Other,2,Saturday,8,True,False
201800050932,NonLethal,NightStreelightsOn,Yes,T-type,Normal,Other,3,Saturday,19,True,False
201800021972,NonLethal,NightNoStreetLight,No,NoIntersection,Normal,NoCollision,2,Thursday,21,False,False
201800007097,NonLethal,NightStreelightsOn,Yes,NoIntersection,Normal,2Vehicles-Side,7,Thursday,18,False,False
201800028530,NonLethal,Daylight,Yes,NoIntersection,Normal,Other,8,Tuesday,7,False,False
201800010368,NonLethal,NightStreelightsOn,Yes,NoIntersection,Normal,Other,1,Friday,19,False,False
201800025731,NonLethal,Daylight,Yes,T-type,Normal,2Vehicles-Side,7,Sunday,7,True,False
201800001302,NonLethal,Daylight,Yes,NoIntersection,Normal,2Vehicles-Behind,3,Tuesday,17,False,False
201800019100,NonLethal,TwilightOrDawn,Yes,Y-type,Normal,2Vehicles-Side,8,Thursday,21,False,False
201800036037,NonLethal,Daylight,Yes,NoIntersection,LightRain,Other,3,Sunday,18,True,False
201800033962,NonLethal,NightStreelightsOn,Yes,X-type,Normal,2Vehicles-Side,5,Friday,23,False,False
201800023365,NonLethal,TwilightOrDawn,Yes,NoIntersection,Normal,2Vehicles-Side,11,Monday,17,False,False
201800052897,NonLethal,NightStreelightsOn,Yes,T-type,Normal,Other,12,Wednesday,18,False,False
201800008095,NonLethal,Daylight,Yes,Roundabout,Normal,Other,11,Thursday,12,False,False
201800048496,NonLethal,Daylight,Yes,X-type,Normal,2Vehicles-Side,5,Wednesday,8,False,False
201800001626,Lethal,Daylight,No,Other,Normal,Other,2,Tuesday,10,False,False
201800044609,NonLethal,NightStreelightsOff,No,NoIntersection,LightRain,2Vehicles-Behind,2,Thursday,5,False,True
201800006897,Lethal,Daylight,No,NoIntersection,Normal,2Vehicles-BehindVehicles-Frontal,5,Wednesday,8,False,False
201800003721,NonLethal,Daylight,No,T-type,Normal,2Vehicles-Side,5,Monday,12,False,False
201800020013,NonLethal,Daylight,Yes,X-type,LightRain,2Vehicles-Side,5,Wednesday,17,False,False
201800001121,NonLethal,Daylight,Yes,NoIntersection,Normal,Other,11,Wednesday,12,False,False
201800052179,NonLethal,NightStreelightsOn,Yes,NoIntersection,Normal,Other,9,Sunday,5,True,True
201800007820,NonLethal,Daylight,No,NoIntersection,LightRain,NoCollision,1,Saturday,15,True,False
201800052806,NonLethal,NightStreelightsOn,Yes,NoIntersection,Normal,2Vehicles-Side,8,Wednesday,21,False,False
201800045330,NonLethal,Daylight,No,NoIntersection,Normal,Other,10,Monday,11,False,False
201800005810,NonLethal,Daylight,Yes,NoIntersection,Normal,2Vehicles-Side,9,Sunday,18,True,False
201800002547,NonLethal,NightNoStreetLight,No,NoIntersection,Normal,NoCollision,11,Saturday,19,True,False
201800035443,NonLethal,Daylight,Yes,NoIntersection,Normal,3+Vehicles-Chain,6,Tuesday,20,False,False
201800035384,NonLethal,Daylight,No,NoIntersection,Normal,NoCollision,5,Sunday,13,True,False
201800007728,NonLethal,Daylight,No,NoIntersection,Normal,Other,8,Monday,17,False,False
201800022415,NonLethal,NightStreelightsOn,Yes,NoIntersection,Overcast,Other,2,Sunday,4,True,True
201800050449,NonLethal,Daylight,Yes,X-type,Normal,2Vehicles-Side,4,Thursday,16,False,False
201800054681,NonLethal,Daylight,Yes,NoIntersection,Normal,2Vehicles-Side,3,Friday,15,False,False
201800046383,NonLethal,Daylight,No,NoIntersection,Overcast,2Vehicles-Behind,1,Sunday,8,True,False
201800005127,NonLethal,Daylight,Yes,X-type,Overcast,2Vehicles-Side,5,Tuesday,15,False,False
201800021890,NonLethal,Daylight,No,NoIntersection,Normal,NoCollision,8,Sunday,18,True,False
201800041747,NonLethal,NightStreelightsOn,Yes,NoIntersection,Normal,Other,4,Saturday,4,True,True
201800005133,NonLethal,Daylight,Yes,NoIntersection,Normal,2Vehicles-Behind,6,Thursday,12,False,False
201800019568,NonLethal,Daylight,Yes,T-type,Normal,2Vehicles-Side,3,Wednesday,19,False,False
201800019396,NonLethal,Daylight,No,Y-type,Normal,2Vehicles-Side,10,Wednesday,16,False,False
201800047818,NonLethal,NightStreelightsOn,Yes,T-type,LightRain,Other,11,Friday,17,False,False
201800032902,NonLethal,Daylight,Yes,Other,Normal,2Vehicles-BehindVehicles-Frontal,12,Wednesday,11,False,False
201800026599,NonLethal,NightNoStreetLight,Yes,NoIntersection,Normal,3+Vehicles-Chain,10,Wednesday,4,False,True
201800000654,NonLethal,TwilightOrDawn,No,NoIntersection,Normal,3+Vehicles-Multiple,11,Thursday,18,False,False
201800023024,NonLethal,NightStreelightsOn,No,NoIntersection,Normal,Other,4,Sunday,6,True,True
201800038950,NonLethal,Daylight,Yes,Other,Normal,2Vehicles-Side,9,Friday,8,False,False
201800035179,NonLethal,Daylight,Yes,NoIntersection,Normal,Other,12,Sunday,17,True,False
201800050245,NonLethal,Daylight,Yes,NoIntersection,VeryGood,Other,4,Wednesday,17,False,False
201800028670,NonLethal,Daylight,No,NoIntersection,Normal,3+Vehicles-Chain,1,Friday,9,False,False
201800040223,NonLethal,Daylight,Yes,X-type,Normal,2Vehicles-Side,8,Thursday,7,False,False
201800004085,NonLethal,Daylight,No,NoIntersection,Normal,3+Vehicles-Multiple,9,Friday,17,False,False
201800054160,NonLethal,Daylight,Yes,T-type,Normal,2Vehicles-Side,7,Saturday,13,True,False
201800051474,NonLethal,Daylight,Yes,T-type,Normal,2Vehicles-Side,11,Sunday,10,True,False
201800002834,NonLethal,NightStreelightsOn,No,NoIntersection,Normal,2Vehicles-BehindVehicles-Frontal,12,Tuesday,21,False,False
201800023224,NonLethal,Daylight,No,NoIntersection,Normal,3+Vehicles-Multiple,10,Tuesday,18,False,False
201800013910,Lethal,Daylight,No,NoIntersection,LightRain,Other,12,Sunday,10,True,False
201800051871,NonLethal,NightStreelightsOn,Yes,T-type,LightRain,2Vehicles-Side,11,Sunday,5,True,True
201800004726,NonLethal,Daylight,Yes,NoIntersection,LightRain,Other,12,Sunday,15,True,False
201800001146,Lethal,Daylight,No,NoIntersection,LightRain,2Vehicles-BehindVehicles-Frontal,3,Friday,17,False,False
201800023217,NonLethal,NightStreelightsOn,No,T-type,Normal,2Vehicles-BehindVehicles-Frontal,9,Tuesday,23,False,False
201800048167,NonLethal,NightStreelightsOn,Yes,X-type,Normal,2Vehicles-Side,3,Sunday,5,True,True
201800046739,NonLethal,Daylight,No,NoIntersection,Normal,2Vehicles-Side,7,Thursday,19,False,False
201800052320,NonLethal,NightStreelightsOn,Yes,X-type,HeavyRain,Other,1,Sunday,20,True,False
201800041651,NonLethal,Daylight,Yes,NoIntersection,SnowOrHail,Other,9,Sunday,12,True,False
201800039600,NonLethal,Daylight,Yes,NoIntersection,Normal,Other,12,Saturday,12,True,False
201800042345,NonLethal,NightStreelightsOn,Yes,NoIntersection,Normal,Other,8,Sunday,22,True,False
201800049588,NonLethal,Daylight,No,NoIntersection,Normal,3+Vehicles-Multiple,6,Saturday,13,True,False
201800049655,NonLethal,Daylight,No,NoIntersection,LightRain,3+Vehicles-Chain,1,Saturday,16,True,False
201800029501,NonLethal,Daylight,Yes,X-type,Normal,Other,5,Monday,7,False,False
201800057320,NonLethal,NightNoStreetLight,No,NoIntersection,Normal,Other,5,Monday,0,False,True
201800026888,NonLethal,Daylight,Yes,Roundabout,Normal,Other,8,Monday,15,False,False
201800044985,NonLethal,NightNoStreetLight,No,NoIntersection,Normal,2Vehicles-Side,6,Saturday,0,True,True
201800001804,NonLethal,Daylight,Yes,Other,Normal,2Vehicles-Behind,10,Friday,12,False,False
201800004803,Lethal,Daylight,Yes,T-type,Normal,Other,3,Saturday,17,True,False
201800006069,NonLethal,Daylight,No,NoIntersection,Normal,Other,3,Wednesday,15,False,False
201800040985,NonLethal,Daylight,Yes,T-type,Normal,2Vehicles-Side,11,Friday,15,False,False
201800029205,NonLethal,Daylight,Yes,T-type,LightRain,2Vehicles-Side,4,Monday,9,False,False
201800000732,NonLethal,Daylight,Yes,NoIntersection,Normal,Other,9,Thursday,8,False,False
201800052055,NonLethal,Daylight,Yes,X-type,LightRain,2Vehicles-Side,6,Wednesday,9,False,False
201800026241,NonLethal,Daylight,Yes,T-type,VeryGood,2Vehicles-Side,2,Tuesday,11,False,False
201800045809,NonLethal,Daylight,No,NoIntersection,Normal,2Vehicles-Side,11,Sunday,8,True,False
201800034416,NonLethal,NightStreelightsOn,Yes,T-type,Normal,2Vehicles-BehindVehicles-Frontal,5,Tuesday,19,False,False
201800004694,NonLethal,Daylight,Yes,NoIntersection,Normal,Other,7,Tuesday,8,False,False
201800013956,NonLethal,Daylight,Yes,NoIntersection,VeryGood,Other,11,Saturday,16,True,False
201800032891,NonLethal,TwilightOrDawn,Yes,X-type,LightRain,2Vehicles-Side,10,Wednesday,19,False,False
201800037143,NonLethal,Daylight,Yes,X-type,Normal,Other,1,Friday,15,False,False
201800049739,NonLethal,Daylight,No,NoIntersection,Normal,3+Vehicles-Chain,3,Wednesday,8,False,False
201800041829,NonLethal,NightStreelightsOn,Yes,NoIntersection,Overcast,Other,12,Sunday,5,True,True
201800025734,NonLethal,Daylight,Yes,NoIntersection,Normal,Other,7,Monday,6,False,True
201800054127,NonLethal,Daylight,Yes,T-type,Normal,2Vehicles-Side,6,Tuesday,19,False,False
201800013269,NonLethal,Daylight,No,NoIntersection,LightRain,NoCollision,3,Friday,13,False,False
201800040789,NonLethal,NightStreelightsOn,Yes,NoIntersection,LightRain,Other,11,Monday,19,False,False
201800010692,NonLethal,NightNoStreetLight,Yes,NoIntersection,Normal,2Vehicles-BehindVehicles-Frontal,11,Friday,22,False,False
201800005544,NonLethal,NightStreelightsOn,Yes,NoIntersection,Normal,Other,1,Monday,2,False,True
201800022798,NonLethal,Daylight,No,NoIntersection,Normal,NoCollision,6,Thursday,17,False,False
201800026372,NonLethal,Daylight,Yes,NoIntersection,Normal,2Vehicles-Side,7,Friday,18,False,False
201800013312,NonLethal,Daylight,Yes,NoIntersection,Normal,Other,10,Wednesday,12,False,False
201800009322,NonLethal,Daylight,Yes,NoIntersection,Normal,2Vehicles-Behind,7,Saturday,18,True,False
201800030215,NonLethal,Daylight,Yes,NoIntersection,Normal,2Vehicles-Side,6,Friday,17,False,False
201800005755,NonLethal,Daylight,Yes,NoIntersection,Normal,2Vehicles-Behind,8,Wednesday,17,False,False
201800052769,NonLethal,Daylight,Yes,NoIntersection,Normal,Other,7,Monday,15,False,False
201800026612,NonLethal,Daylight,No,NoIntersection,LightRain,2Vehicles-BehindVehicles-Frontal,5,Tuesday,8,False,False
201800019975,NonLethal,NightNoStreetLight,No,NoIntersection,Normal,NoCollision,7,Sunday,0,True,True
201800019961,NonLethal,Daylight,No,NoIntersection,Normal,Other,7,Friday,6,False,True
201800041022,NonLethal,Daylight,Yes,NoIntersection,Normal,3+Vehicles-Multiple,4,Friday,7,False,False
201800026833,NonLethal,Daylight,Yes,NoIntersection,Normal,2Vehicles-Behind,6,Saturday,11,True,False
201800050557,NonLethal,NightStreelightsOn,Yes,X-type,Normal,3+Vehicles-Chain,5,Monday,3,False,True
201800019644,NonLethal,Daylight,Yes,T-type,Normal,2Vehicles-Side,5,Wednesday,20,False,False
201800045880,NonLethal,Daylight,No,NoIntersection,Normal,Other,5,Wednesday,8,False,False
201800006238,NonLethal,Daylight,No,Roundabout,Overcast,NoCollision,9,Tuesday,9,False,False
201800003870,NonLethal,NightNoStreetLight,No,NoIntersection,Normal,Other,2,Friday,3,False,True
201800015825,NonLethal,NightNoStreetLight,No,NoIntersection,Normal,Other,3,Tuesday,2,False,True
201800005834,NonLethal,Daylight,Yes,NoIntersection,Normal,3+Vehicles-Chain,1,Thursday,16,False,False
201800041893,NonLethal,Daylight,Yes,NoIntersection,Normal,2Vehicles-BehindVehicles-Frontal,9,Thursday,14,False,False
201800023438,Lethal,NightNoStreetLight,No,NoIntersection,Overcast,2Vehicles-BehindVehicles-Frontal,12,Wednesday,17,False,False
201800001680,NonLethal,Daylight,Yes,Other,Normal,NoCollision,10,Sunday,13,True,False
201800019915,NonLethal,Daylight,Yes,NoIntersection,Normal,Other,1,Saturday,15,True,False
201800039799,NonLethal,Daylight,Yes,NoIntersection,Normal,Other,5,Saturday,14,True,False
201800028025,NonLethal,Daylight,Yes,X-type,Normal,2Vehicles-Side,6,Tuesday,16,False,False
201800002874,NonLethal,Daylight,Yes,T-type,Normal,2Vehicles-Behind,5,Thursday,18,False,False
201800002064,NonLethal,Daylight,Yes,NoIntersection,Normal,Other,3,Monday,16,False,False
201800048314,NonLethal,Daylight,Yes,NoIntersection,Normal,Other,6,Saturday,13,True,False
201800032083,NonLethal,Daylight,No,NoIntersection,Normal,NoCollision,2,Thursday,9,False,False
201800027433,NonLethal,Daylight,Yes,NoIntersection,Normal,Other,9,Wednesday,14,False,False
201800037621,NonLethal,NightStreelightsOn,Yes,Other,Normal,2Vehicles-Behind,6,Saturday,2,True,True
201800008866,NonLethal,Daylight,Yes,NoIntersection,VeryGood,2Vehicles-BehindVehicles-Frontal,4,Monday,18,False,False
201800049627,NonLethal,TwilightOrDawn,No,NoIntersection,Normal,2Vehicles-Behind,1,Monday,7,False,False
201800004020,NonLethal,Daylight,Yes,NoIntersection,Normal,2Vehicles-Side,9,Monday,11,False,False
201800056208,NonLethal,NightNoStreetLight,No,Other,HeavyRain,2Vehicles-BehindVehicles-Frontal,8,Monday,23,False,False
201800050577,NonLethal,Daylight,Yes,T-type,Normal,2Vehicles-Side,4,Saturday,6,True,True
201800051902,NonLethal,NightStreelightsOn,Yes,Y-type,LightRain,2Vehicles-Side,1,Monday,22,False,False
201800050305,NonLethal,NightStreelightsOn,Yes,X-type,Normal,2Vehicles-Side,10,Monday,4,False,True
201800042720,NonLethal,NightStreelightsOn,Yes,Y-type,Overcast,Other,12,Sunday,20,True,False
201800005879,NonLethal,Daylight,Yes,Other,Normal,Other,12,Thursday,9,False,False
201800028891,NonLethal,NightStreelightsOn,Yes,NoIntersection,Normal,2Vehicles-Side,9,Saturday,17,True,False
201800021557,NonLethal,Daylight,No,NoIntersection,Normal,Other,7,Wednesday,20,False,False
201800049661,NonLethal,NightNoStreetLight,No,NoIntersection,Normal,2Vehicles-Behind,1,Thursday,18,False,False
201800048657,NonLethal,Daylight,Yes,T-type,LightRain,2Vehicles-Side,1,Thursday,9,False,False
201800044729,NonLethal,Daylight,No,NoIntersection,Normal,3+Vehicles-Multiple,3,Friday,15,False,False
201800023933,NonLethal,Daylight,Yes,NoIntersection,Normal,Other,6,Saturday,19,True,False
201800004026,NonLethal,NightStreelightsOn,Yes,NoIntersection,Normal,2Vehicles-BehindVehicles-Frontal,8,Sunday,6,True,True
201800017602,NonLethal,Daylight,No,NoIntersection,LightRain,NoCollision,9,Monday,12,False,False
201800055402,NonLethal,NightStreelightsOn,Yes,NoIntersection,Normal,NoCollision,5,Wednesday,4,False,True
201800048767,NonLethal,Daylight,Yes,NoIntersection,Normal,2Vehicles-Behind,12,Thursday,12,False,False
201800014311,Lethal,NightNoStreetLight,No,Other,LightRain,2Vehicles-Side,10,Tuesday,5,False,True
201800056934,NonLethal,Daylight,Yes,NoIntersection,Normal,2Vehicles-Side,7,Thursday,11,False,False
201800027082,NonLethal,Daylight,Yes,NoIntersection,Normal,Other,5,Thursday,12,False,False
201800016218,NonLethal,TwilightOrDawn,Yes,T-type,StrongWindOrStorm,2Vehicles-Side,1,Thursday,16,False,False
201800047160,NonLethal,Daylight,Yes,NoIntersection,Normal,3+Vehicles-Multiple,1,Saturday,13,True,False
201800002854,Lethal,Daylight,Yes,NoIntersection,Normal,2Vehicles-BehindVehicles-Frontal,5,Friday,16,False,False
201800002876,NonLethal,Daylight,No,NoIntersection,Normal,2Vehicles-BehindVehicles-Frontal,9,Thursday,11,False,False
201800032315,NonLethal,NightStreelightsOn,Yes,NoIntersection,Normal,Other,11,Friday,22,False,False
201800021624,Lethal,Daylight,No,Other,Normal,2Vehicles-Behind,4,Saturday,14,True,False
201800026171,NonLethal,Daylight,No,NoIntersection,Normal,Other,1,Wednesday,14,False,False
201800022969,Lethal,TwilightOrDawn,No,NoIntersection,Normal,Other,3,Tuesday,7,False,False
201800002292,NonLethal,Daylight,No,NoIntersection,Normal,2Vehicles-Behind,7,Thursday,17,False,False
201800037602,NonLethal,Daylight,Yes,X-type,Normal,Other,6,Wednesday,8,False,False
201800043576,NonLethal,Daylight,Yes,NoIntersection,Normal,Other,8,Friday,13,False,False
201800001381,NonLethal,NightStreelightsOn,Yes,T-type,Normal,2Vehicles-Side,10,Wednesday,19,False,False
201800035586,NonLethal,Daylight,Yes,Roundabout,VeryGood,2Vehicles-Side,8,Friday,17,False,False
201800015938,NonLethal,TwilightOrDawn,No,NoIntersection,Normal,NoCollision,4,Wednesday,17,False,False
201800008486,NonLethal,Daylight,Yes,NoIntersection,Normal,2Vehicles-Side,8,Thursday,8,False,False
201800009165,NonLethal,Daylight,Yes,NoIntersection,Normal,Other,6,Tuesday,8,False,False
201800042044,NonLethal,NightStreelightsOff,Yes,NoIntersection,Normal,3+Vehicles-Chain,10,Friday,5,False,True
201800053786,NonLethal,Daylight,Yes,X-type,Normal,2Vehicles-Behind,5,Thursday,20,False,False
201800036208,NonLethal,Daylight,Yes,NoIntersection,Normal,Other,10,Saturday,13,True,False
201800021706,Lethal,Daylight,Yes,Roundabout,LightRain,Other,12,Friday,14,False,False
201800011858,NonLethal,Daylight,No,X-type,Normal,2Vehicles-Side,8,Wednesday,17,False,False
201800050290,NonLethal,Daylight,Yes,X-type,Normal,Other,7,Monday,8,False,False
201800018107,NonLethal,Daylight,Yes,NoIntersection,Normal,Other,5,Saturday,16,True,False
201800015000,NonLethal,Daylight,Yes,NoIntersection,Normal,2Vehicles-Side,10,Friday,15,False,False
201800049947,NonLethal,NightStreelightsOn,No,NoIntersection,Normal,2Vehicles-Side,7,Monday,7,False,False
201800053772,NonLethal,Daylight,Yes,X-type,Normal,2Vehicles-Side,4,Wednesday,17,False,False
201800042886,NonLethal,Daylight,Yes,T-type,Normal,2Vehicles-Side,7,Monday,17,False,False
201800018457,NonLethal,Daylight,Yes,T-type,VeryGood,2Vehicles-Side,6,Monday,7,False,False
201800001930,NonLethal,Daylight,No,NoIntersection,Normal,2Vehicles-Behind,10,Saturday,17,True,False
201800006959,NonLethal,Daylight,No,NoIntersection,Normal,2Vehicles-Behind,12,Saturday,13,True,False
201800014049,NonLethal,Daylight,Yes,NoIntersection,Normal,2Vehicles-Side,6,Tuesday,16,False,False
201800046149,NonLethal,TwilightOrDawn,No,NoIntersection,Normal,2Vehicles-Side,10,Thursday,6,False,True
201800036826,NonLethal,Daylight,Yes,NoIntersection,Normal,Other,5,Saturday,19,True,False
201800040571,NonLethal,Daylight,Yes,NoIntersection,Normal,Other,1,Thursday,14,False,False
201800055665,NonLethal,TwilightOrDawn,Yes,NoIntersection,Normal,Other,10,Tuesday,7,False,False
201800034944,NonLethal,Daylight,Yes,NoIntersection,Normal,2Vehicles-Side,12,Sunday,13,True,False
201800053415,NonLethal,Daylight,Yes,NoIntersection,Normal,Other,6,Thursday,18,False,False
201800041721,Lethal,NightNoStreetLight,Yes,NoIntersection,SnowOrHail,Other,2,Monday,6,False,True
201800031604,NonLethal,Daylight,Yes,NoIntersection,Normal,2Vehicles-BehindVehicles-Frontal,7,Saturday,14,True,False
201800007167,NonLethal,Daylight,No,NoIntersection,HeavyRain,3+Vehicles-Multiple,10,Monday,15,False,False
201800035160,NonLethal,NightStreelightsOn,Yes,T-type,LightRain,2Vehicles-Side,11,Thursday,19,False,False
201800016709,NonLethal,Daylight,No,NoIntersection,Normal,NoCollision,7,Sunday,11,True,False
201800007793,NonLethal,Daylight,Yes,NoIntersection,Normal,Other,9,Wednesday,18,False,False
201800050441,NonLethal,Daylight,Yes,Y-type,Normal,2Vehicles-Behind,4,Friday,15,False,False
201800038155,NonLethal,NightStreelightsOn,Yes,NoIntersection,Normal,2Vehicles-Behind,2,Sunday,22,True,False
201800005534,NonLethal,NightStreelightsOn,Yes,NoIntersection,Normal,2Vehicles-Side,10,Friday,23,False,False
201800033109,NonLethal,Daylight,Yes,X-type,LightRain,Other,4,Tuesday,14,False,False
201800055773,NonLethal,Daylight,No,Y-type,Normal,2Vehicles-Side,2,Sunday,13,True,False
201800015603,NonLethal,TwilightOrDawn,Yes,X-type,Normal,2Vehicles-Side,12,Wednesday,16,False,False
201800046258,NonLethal,NightStreelightsOn,Yes,NoIntersection,HeavyRain,Other,2,Monday,2,False,True
201800046214,NonLethal,NightNoStreetLight,No,NoIntersection,Normal,2Vehicles-Behind,7,Wednesday,17,False,False
201800024900,NonLethal,Daylight,Yes,NoIntersection,Normal,2Vehicles-Behind,9,Friday,15,False,False
201800051116,NonLethal,Daylight,Yes,X-type,Normal,Other,6,Thursday,18,False,False
201800012866,NonLethal,Daylight,Yes,Roundabout,Normal,2Vehicles-Side,6,Saturday,14,True,False
201800011247,NonLethal,Daylight,No,NoIntersection,Normal,2Vehicles-BehindVehicles-Frontal,7,Wednesday,19,False,False
201800013565,NonLethal,Daylight,No,X-type,Normal,NoCollision,5,Saturday,17,True,False
201800001326,NonLethal,Daylight,Yes,X-type,Normal,2Vehicles-Side,4,Monday,10,False,False
201800045146,NonLethal,NightNoStreetLight,No,NoIntersection,Normal,2Vehicles-Behind,8,Monday,22,False,False
201800003201,NonLethal,Daylight,No,NoIntersection,Normal,2Vehicles-Side,3,Monday,16,False,False
201800000503,NonLethal,NightNoStreetLight,No,NoIntersection,Normal,Other,2,Thursday,5,False,True
201800026461,NonLethal,TwilightOrDawn,Yes,NoIntersection,Normal,Other,10,Tuesday,19,False,False
201800031199,NonLethal,Daylight,Yes,NoIntersection,Normal,Other,3,Thursday,12,False,False
201800056558,NonLethal,NightStreelightsOn,Yes,NoIntersection,Normal,2Vehicles-Side,5,Sunday,21,True,False
201800003938,NonLethal,Daylight,Yes,Roundabout,Normal,2Vehicles-Side,11,Thursday,8,False,False
201800005953,NonLethal,NightStreelightsOff,Yes,X-type,LightRain,3+Vehicles-Multiple,2,Wednesday,20,False,False
201800023880,NonLethal,NightStreelightsOn,Yes,T-type,Normal,2Vehicles-Side,3,Tuesday,19,False,False
201800037813,NonLethal,Daylight,Yes,NoIntersection,Normal,3+Vehicles-Chain,6,Monday,12,False,False
201800003849,NonLethal,Daylight,Yes,NoIntersection,Normal,2Vehicles-Side,11,Wednesday,20,False,False
201800041567,NonLethal,Daylight,Yes,Other,Normal,2Vehicles-BehindVehicles-Frontal,4,Saturday,17,True,False
201800017238,NonLethal,Daylight,No,X-type,Normal,2Vehicles-Side,8,Tuesday,12,False,False
201800030483,NonLethal,Daylight,Yes,T-type,Normal,2Vehicles-BehindVehicles-Frontal,9,Friday,9,False,False
201800029511,NonLethal,Daylight,Yes,NoIntersection,Normal,3+Vehicles-Multiple,5,Saturday,21,True,False
201800045615,NonLethal,NightStreelightsOn,No,NoIntersection,Normal,Other,12,Friday,6,False,True
201800009925,Lethal,Daylight,Yes,NoIntersection,Normal,2Vehicles-Side,10,Wednesday,11,False,False
201800029928,NonLethal,Daylight,Yes,NoIntersection,Overcast,2Vehicles-Behind,6,Monday,18,False,False
201800024122,NonLethal,Daylight,Yes,NoIntersection,Normal,Other,9,Wednesday,13,False,False
201800042301,NonLethal,NightStreelightsOn,Yes,NoIntersection,Normal,2Vehicles-Side,6,Thursday,23,False,False
201800032154,NonLethal,Daylight,Yes,X-type,Normal,2Vehicles-Side,11,Sunday,19,True,False
201800011167,NonLethal,Daylight,Yes,NoIntersection,Normal,2Vehicles-BehindVehicles-Frontal,5,Friday,19,False,False
201800054483,NonLethal,TwilightOrDawn,Yes,NoIntersection,Normal,2Vehicles-Side,7,Wednesday,19,False,False
201800016765,NonLethal,Daylight,No,NoIntersection,Normal,2Vehicles-Side,4,Thursday,17,False,False
201800036659,NonLethal,Daylight,Yes,Roundabout,LightRain,3+Vehicles-Chain,6,Wednesday,18,False,False
201800036472,NonLethal,Daylight,Yes,NoIntersection,Normal,2Vehicles-Side,6,Saturday,19,True,False
201800023897,NonLethal,Daylight,Yes,NoIntersection,Normal,2Vehicles-Side,4,Saturday,18,True,False
201800008117,NonLethal,Daylight,No,NoIntersection,Normal,2Vehicles-Behind,4,Tuesday,18,False,False
201800021108,NonLethal,Daylight,Yes,Roundabout,Normal,2Vehicles-Behind,7,Monday,18,False,False
201800046939,NonLethal,Daylight,No,NoIntersection,Normal,3+Vehicles-Chain,6,Sunday,18,True,False
201800042940,NonLethal,Daylight,Yes,X-type,Normal,2Vehicles-Side,12,Wednesday,9,False,False
201800030075,NonLethal,TwilightOrDawn,Yes,NoIntersection,LightRain,Other,12,Monday,17,False,False
201800032474,NonLethal,Daylight,Yes,Other,Normal,2Vehicles-Side,9,Thursday,18,False,False
201800038914,NonLethal,Daylight,Yes,NoIntersection,LightRain,3+Vehicles-Chain,5,Friday,17,False,False
201800013648,NonLethal,Daylight,No,NoIntersection,Normal,NoCollision,7,Thursday,20,False,False
201800032571,NonLethal,Daylight,Yes,NoIntersection,Normal,2Vehicles-Side,9,Tuesday,8,False,False
201800007841,NonLethal,Daylight,No,NoIntersection,Normal,2Vehicles-BehindVehicles-Frontal,9,Tuesday,18,False,False
201800000507,NonLethal,NightStreelightsOff,No,NoIntersection,LightRain,Other,12,Friday,17,False,False
201800043545,NonLethal,Daylight,Yes,NoIntersection,Normal,2Vehicles-Behind,4,Tuesday,16,False,False