AccidentId,Gravity,Light,InAgglomeration,IntersectionType,Weather,CollisionType,Month,DayOfWeek,HourOfDay,IsWeekend,IsNight
201800010136,NonLethal,NightStreelightsOn,Yes,X-type,Normal,2Vehicles-Side,12,Saturday,21,True,False
201800051414,NonLethal,NightStreelightsOn,Yes,MoreThan4Branches,Normal,2Vehicles-Side,11,Saturday,20,True,False
201800016034,Lethal,Daylight,No,NoIntersection,LightRain,NoCollision,12,Sunday,14,True,False
201800013379,NonLethal,Daylight,No,NoIntersection,Normal,Other,9,Tuesday,12,False,False
201800019107,NonLethal,Daylight,No,NoIntersection,Normal,Other,5,Friday,17,False,False
201800031857,NonLethal,NightStreelightsOff,Yes,NoIntersection,Normal,2Vehicles-Side,4,Sunday,22,True,False
201800028459,NonLethal,Daylight,Yes,NoIntersection,Normal,2Vehicles-Side,6,Thursday,15,False,False
201800017694,NonLethal,Daylight,No,NoIntersection,Normal,NoCollision,12,Monday,11,False,False
201800029395,NonLethal,NightStreelightsOff,Yes,Roundabout,LightRain,2Vehicles-Side,11,Thursday,7,False,False
201800050652,NonLethal,NightStreelightsOn,Yes,NoIntersection,LightRain,Other,1,Saturday,22,True,False
201800028778,NonLethal,Daylight,Yes,NoIntersection,Normal,3+Vehicles-Chain,8,Thursday,14,False,False
201800048896,NonLethal,Daylight,No,NoIntersection,Normal,Other,5,Tuesday,14,False,False
201800028400,NonLethal,NightStreelightsOn,Yes,NoIntersection,Normal,2Vehicles-Behind,4,Sunday,0,True,True
201800009896,NonLethal,NightStreelightsOn,Yes,NoIntersection,Normal,2Vehicles-Behind,11,Saturday,23,True,False
201800012632,NonLethal,TwilightOrDawn,No,NoIntersection,LightRain,NoCollision,5,Monday,20,False,False
201800033185,NonLethal,NightStreelightsOn,Yes,X-type,Overcast,2Vehicles-Side,6,Monday,18,False,False
201800033313,NonLethal,Daylight,Yes,NoIntersection,Normal,3+Vehicles-Chain,7,Wednesday,14,False,False
201800015314,NonLethal,Daylight,No,NoIntersection,Normal,2Vehicles-BehindVehicles-Frontal,9,Friday,15,False,False
201800016436,NonLethal,Daylight,No,NoIntersection,Normal,2Vehicles-Behind,9,Saturday,10,True,False
201800014786,NonLethal,TwilightOrDawn,No,NoIntersection,Normal,2Vehicles-Side,4,Tuesday,21,False,False
201800037550,NonLethal,Daylight,Yes,NoIntersection,Normal,Other,6,Thursday,17,False,False
201800054513,NonLethal,Daylight,Yes,X-type,Normal,2Vehicles-Side,8,Tuesday,13,False,False
201800007799,NonLethal,Daylight,Yes,T-type,HeavyRain,2Vehicles-Side,10,Tuesday,12,False,False
201800002787,Lethal,Daylight,Yes,T-type,Normal,Other,2,Monday,9,False,False
201800027462,NonLethal,TwilightOrDawn,Yes,NoIntersection,Normal,Other,2,Saturday,20,True,False
201800051007,NonLethal,NightStreelightsOn,Yes,X-type,Overcast,2Vehicles-Behind,1,Wednesday,21,False,False
201800004337,NonLethal,Daylight,No,NoIntersection,Normal,2Vehicles-Behind,4,Wednesday,10,False,False
201800056920,NonLethal,Daylight,Yes,NoIntersection,Normal,2Vehicles-Behind,4,Thursday,18,False,False
201800015550,NonLethal,NightNoStreetLight,No,NoIntersection,Normal,2Vehicles-BehindVehicles-Frontal,6,Sunday,6,True,True
201800046727,NonLethal,Daylight,No,NoIntersection,Normal,2Vehicles-Behind,7,Tuesday,18,False,False
201800045429,NonLethal,Daylight,No,NoIntersection,Normal,3+Vehicles-Multiple,11,Thursday,8,False,False
201800048909,NonLethal,Daylight,No,NoIntersection,Normal,NoCollision,5,Wednesday,18,False,False
201800049158,NonLethal,NightNoStreetLight,No,NoIntersection,Normal,2Vehicles-Behind,7,Thursday,21,False,False
201800006420,NonLethal,NightNoStreetLight,No,NoIntersection,Normal,Other,9,Tuesday,1,False,True
201800003423,NonLethal,NightNoStreetLight,No,NoIntersection,Normal,2Vehicles-Behind,8,Saturday,2,True,True
201800018551,NonLethal,Daylight,No,NoIntersection,Normal,NoCollision,8,Wednesday,16,False,False
201800003787,NonLethal,Daylight,Yes,NoIntersection,Normal,2Vehicles-BehindVehicles-Frontal,6,Friday,17,False,False
201800003891,NonLethal,Daylight,No,NoIntersection,Normal,2Vehicles-Side,4,Tuesday,14,False,False
201800017766,NonLethal,Daylight,Yes,NoIntersection,Normal,Other,5,Sunday,16,True,False
201800028696,NonLethal,Daylight,No,NoIntersection,Normal,2Vehicles-Side,3,Thursday,16,False,False
201800011819,NonLethal,TwilightOrDawn,Yes,T-type,Normal,2Vehicles-BehindVehicles-Frontal,8,Thursday,19,False,False
201800004300,NonLethal,NightNoStreetLight,No,NoIntersection,Normal,Other,4,Monday,22,False,False
201800005697,NonLethal,Daylight,Yes,NoIntersection,Normal,2Vehicles-Side,6,Friday,14,False,False
201800034055,NonLethal,Daylight,Yes,T-type,Normal,2Vehicles-BehindVehicles-Frontal,5,Wednesday,14,False,False
201800027793,NonLethal,NightNoStreetLight,Yes,T-type,Normal,2Vehicles-Behind,10,Tuesday,18,False,False
201800052138,NonLethal,Daylight,Yes,NoIntersection,Normal,2Vehicles-Behind,8,Thursday,19,False,False
201800044205,NonLethal,Daylight,No,NoIntersection,Normal,3+Vehicles-Multiple,9,Thursday,8,False,False
201800000207,NonLethal,TwilightOrDawn,Yes,T-type,Normal,2Vehicles-Side,9,Saturday,19,True,False
201800054523,NonLethal,Daylight,Yes,T-type,Overcast,Other,5,Wednesday,11,False,False
201800003560,NonLethal,Daylight,No,NoIntersection,Overcast,2Vehicles-BehindVehicles-Frontal,5,Thursday,13,False,False
201800021329,NonLethal,Daylight,No,Other,Normal,2Vehicles-Side,8,Thursday,12,False,False
201800052677,NonLethal,NightStreelightsOn,Yes,X-type,LightRain,NoCollision,8,Friday,19,False,False
201800020685,NonLethal,Daylight,Yes,T-type,Normal,2Vehicles-Side,9,Thursday,8,False,False
201800057377,NonLethal,NightStreelightsOn,Yes,T-type,Normal,2Vehicles-BehindVehicles-Frontal,10,Thursday,23,False,False
201800053992,NonLethal,NightStreelightsOn,Yes,T-type,LightRain,2Vehicles-Side,1,Monday,21,False,False
201800043189,NonLethal,Daylight,Yes,X-type,Normal,2Vehicles-Side,3,Wednesday,17,False,False
201800032526,NonLethal,Daylight,Yes,X-type,Normal,2Vehicles-Side,11,Thursday,18,False,False
201800016524,NonLethal,Daylight,No,NoIntersection,Normal,Other,2,Saturday,17,True,False
201800042775,NonLethal,TwilightOrDawn,Yes,X-type,Normal,2Vehicles-Side,2,Friday,19,False,False
201800056247,NonLethal,NightStreelightsOn,No,X-type,Normal,2Vehicles-BehindVehicles-Frontal,5,Sunday,20,True,False
201800017419,NonLethal,Daylight,No,T-type,Normal,2Vehicles-Behind,12,Wednesday,10,False,False
201800016576,NonLethal,Daylight,Yes,NoIntersection,Normal,Other,5,Wednesday,12,False,False
201800053175,NonLethal,Daylight,No,Y-type,Normal,2Vehicles-Side,5,Friday,9,False,False
201800011354,NonLethal,Daylight,No,T-type,Normal,2Vehicles-Behind,8,Monday,12,False,False
201800033689,NonLethal,NightStreelightsOn,Yes,NoIntersection,Normal,2Vehicles-Side,4,Tuesday,6,False,True
201800042501,NonLethal,Daylight,Yes,NoIntersection,Normal,Other,9,Monday,13,False,False
201800033741,NonLethal,Daylight,Yes,NoIntersection,Normal,Other,3,Wednesday,16,False,False
201800048155,NonLethal,Daylight,Yes,NoIntersection,Normal,Other,3,Wednesday,16,False,False
201800026649,NonLethal,Daylight,Yes,NoIntersection,Normal,Other,11,Monday,18,False,False
201800027466,NonLethal,NightStreelightsOn,Yes,X-type,Normal,2Vehicles-Behind,10,Saturday,0,True,True
201800038905,NonLethal,Daylight,Yes,Other,Normal,Other,4,Friday,11,False,False
201800040592,NonLethal,Daylight,Yes,X-type,Normal,2Vehicles-Side,4,Friday,14,False,False
201800022619,NonLethal,Daylight,Yes,NoIntersection,Normal,Other,3,Saturday,7,True,False
201800029955,NonLethal,Daylight,Yes,NoIntersection,Normal,Other,4,Wednesday,8,False,False
201800034776,NonLethal,Daylight,No,Other,Normal,2Vehicles-Side,11,Wednesday,9,False,False
201800053637,NonLethal,NightStreelightsOn,Yes,Square,LightRain,Other,12,Sunday,6,True,True
201800019729,NonLethal,Daylight,Yes,X-type,Normal,2Vehicles-Side,9,Monday,9,False,False
201800030992,NonLethal,Daylight,No,NoIntersection,Normal,2Vehicles-Behind,4,Saturday,10,True,False
201800003379,NonLethal,Daylight,No,NoIntersection,Normal,Other,3,Monday,7,False,False
201800011640,Lethal,NightNoStreetLight,No,NoIntersection,Normal,NoCollision,1,Friday,0,False,True
201800022360,NonLethal,Daylight,Yes,NoIntersection,Normal,Other,6,Thursday,7,False,False
201800010598,NonLethal,Daylight,Yes,NoIntersection,LightRain,Other,8,Wednesday,9,False,False
201800010462,NonLethal,NightNoStreetLight,No,NoIntersection,Normal,3+Vehicles-Chain,10,Wednesday,17,False,False
201800017035,NonLethal,Daylight,No,NoIntersection,Normal,2Vehicles-BehindVehicles-Frontal,4,Monday,16,False,False
201800045045,NonLethal,Daylight,No,NoIntersection,Normal,2Vehicles-Behind,5,Monday,9,False,False
201800008631,NonLethal,Daylight,Yes,Roundabout,Normal,2Vehicles-Side,3,Sunday,16,True,False
201800010339,Lethal,Daylight,No,NoIntersection,Normal,2Vehicles-Side,1,Wednesday,16,False,False
201800047869,NonLethal,NightStreelightsOn,Yes,NoIntersection,LightRain,Other,12,Friday,18,False,False
201800048557,NonLethal,Daylight,Yes,NoIntersection,Normal,2Vehicles-Side,9,Thursday,14,False,False
201800015180,NonLethal,Daylight,Yes,NoIntersection,Normal,2Vehicles-BehindVehicles-Frontal,9,Thursday,11,False,False
201800007166,NonLethal,NightNoStreetLight,No,NoIntersection,Normal,3+Vehicles-Chain,10,Wednesday,22,False,False
201800042816,NonLethal,NightStreelightsOn,Yes,X-type,Normal,Other,1,Friday,19,False,False
201800009483,NonLethal,Daylight,Yes,NoIntersection,Normal,2Vehicles-BehindVehicles-Frontal,4,Sunday,19,True,False
201800005645,NonLethal,Daylight,Yes,T-type,Normal,2Vehicles-Side,4,Wednesday,19,False,False
201800052255,NonLethal,Daylight,Yes,X-type,Overcast,2Vehicles-Behind,11,Friday,9,False,False
201800001216,NonLethal,Daylight,Yes,LevelCrossing,HeavyRain,2Vehicles-Side,1,Thursday,9,False,False
201800025273,NonLethal,TwilightOrDawn,Yes,NoIntersection,LightRain,NoCollision,3,Wednesday,7,False,False
201800045693,NonLethal,NightStreelightsOn,No,NoIntersection,LightRain,Other,3,Friday,18,False,False
201800055923,NonLethal,Daylight,No,NoIntersection,Normal,2Vehicles-BehindVehicles-Frontal,10,Monday,16,False,False
201800051184,NonLethal,NightStreelightsOn,Yes,X-type,Normal,NoCollision,9,Sunday,23,True,False
201800030708,NonLethal,NightStreelightsOn,Yes,NoIntersection,Normal,3+Vehicles-Multiple,12,Sunday,18,True,False
201800024442,NonLethal,Daylight,Yes,NoIntersection,Normal,Other,10,Thursday,15,False,False
201800016736,NonLethal,Daylight,No,NoIntersection,Normal,NoCollision,6,Wednesday,18,False,False
201800010608,NonLethal,Daylight,Yes,NoIntersection,Overcast,Other,12,Friday,10,False,False
201800011702,NonLethal,Daylight,Yes,NoIntersection,Normal,Other,5,Sunday,10,True,False
201800000172,NonLethal,Daylight,No,NoIntersection,StrongWindOrStorm,NoCollision,8,Sunday,13,True,False
201800012740,Lethal,TwilightOrDawn,No,NoIntersection,Normal,2Vehicles-BehindVehicles-Frontal,9,Thursday,6,False,True
201800043891,NonLethal,NightStreelightsOn,No,NoIntersection,Normal,Other,2,Sunday,5,True,True
201800035794,NonLethal,Daylight,Yes,Y-type,Normal,2Vehicles-Side,12,Friday,20,False,False
201800048041,NonLethal,Daylight,Yes,NoIntersection,HeavyRain,Other,1,Saturday,12,True,False
201800016537,NonLethal,Daylight,Yes,NoIntersection,Normal,2Vehicles-Behind,7,Wednesday,13,False,False
201800020679,NonLethal,NightStreelightsOn,No,NoIntersection,LightRain,Other,12,Saturday,4,True,True
201800000069,NonLethal,Daylight,No,NoIntersection,Normal,Other,3,Saturday,11,True,False
201800047276,NonLethal,Daylight,Yes,T-type,Normal,2Vehicles-Side,8,Friday,15,False,False
201800014869,NonLethal,NightStreelightsOff,Yes,NoIntersection,LightRain,NoCollision,12,Monday,0,False,True
201800018096,NonLethal,Daylight,Yes,NoIntersection,Normal,NoCollision,1,Thursday,12,False,False
201800052687,NonLethal,TwilightOrDawn,Yes,Square,Normal,2Vehicles-Side,3,Tuesday,6,False,True
201800024739,NonLethal,Daylight,Yes,NoIntersection,Normal,Other,4,Tuesday,13,False,False
201800024972,NonLethal,Daylight,Yes,NoIntersection,Normal,2Vehicles-Side,10,Wednesday,17,False,False
201800009724,NonLethal,Daylight,Yes,NoIntersection,Normal,Other,9,Monday,14,False,False
201800053344,NonLethal,Daylight,Yes,NoIntersection,Normal,2Vehicles-Behind,4,Monday,9,False,False
201800030212,NonLethal,NightStreelightsOn,Yes,NoIntersection,Overcast,Other,4,Saturday,6,True,True
201800038017,NonLethal,Daylight,Yes,T-type,LightRain,2Vehicles-Side,1,Wednesday,17,False,False
201800006219,NonLethal,Daylight,Yes,NoIntersection,Normal,Other,1,Sunday,14,True,False
201800025659,NonLethal,TwilightOrDawn,Yes,NoIntersection,LightRain,NoCollision,12,Friday,8,False,False
201800025698,NonLethal,Daylight,Yes,NoIntersection,Normal,Other,3,Thursday,13,False,False
201800051473,NonLethal,Daylight,Yes,Y-type,Normal,2Vehicles-Side,4,Tuesday,9,False,False
201800024349,NonLethal,Daylight,Yes,NoIntersection,Normal,Other,6,Friday,17,False,False
201800019832,NonLethal,TwilightOrDawn,Yes,NoIntersection,Normal,Other,12,Saturday,17,True,False
201800028934,NonLethal,NightNoStreetLight,No,Y-type,Normal,2Vehicles-BehindVehicles-Frontal,7,Friday,0,False,True
201800025587,NonLethal,NightStreelightsOn,Yes,NoIntersection,LightRain,2Vehicles-Behind,11,Friday,21,False,False
201800024091,NonLethal,NightStreelightsOn,Yes,Y-type,LightRain,Other,2,Wednesday,7,False,False
201800011172,NonLethal,NightStreelightsOn,Yes,T-type,Normal,2Vehicles-Side,9,Saturday,20,True,False
201800052684,NonLethal,Daylight,Yes,T-type,SnowOrHail,Other,3,Sunday,17,True,False
201800028422,NonLethal,Daylight,Yes,NoIntersection,Normal,2Vehicles-Side,5,Friday,13,False,False
201800016130,NonLethal,Daylight,No,NoIntersection,Normal,NoCollision,4,Saturday,16,True,False
201800023825,NonLethal,NightNoStreetLight,No,NoIntersection,Normal,Other,10,Thursday,19,False,False
201800029140,NonLethal,NightStreelightsOn,Yes,NoIntersection,LightRain,Other,9,Tuesday,21,False,False
201800015702,NonLethal,Daylight,No,NoIntersection,Normal,Other,9,Sunday,14,True,False
201800015198,NonLethal,Daylight,Yes,NoIntersection,Normal,2Vehicles-Side,9,Wednesday,18,False,False
201800021605,NonLethal,Daylight,Yes,NoIntersection,Normal,2Vehicles-Side,2,Sunday,12,True,False
201800020752,NonLethal,Daylight,No,NoIntersection,Normal,2Vehicles-BehindVehicles-Frontal,5,Sunday,15,True,False
201800032966,Lethal,Daylight,No,NoIntersection,LightRain,Other,1,Monday,14,False,False
201800022601,NonLethal,NightStreelightsOn,Yes,NoIntersection,Normal,Other,9,Monday,22,False,False
201800039661,NonLethal,Daylight,Yes,NoIntersection,Normal,2Vehicles-Behind,9,Thursday,12,False,False
201800042757,NonLethal,Daylight,Yes,NoIntersection,Normal,2Vehicles-Side,5,Monday,7,False,False
201800008922,NonLethal,Daylight,Yes,NoIntersection,Normal,2Vehicles-Behind,4,Friday,11,False,False
201800019184,NonLethal,NightNoStreetLight,No,NoIntersection,Normal,Other,7,Saturday,4,True,True
201800039151,NonLethal,Daylight,Yes,Y-type,Normal,2Vehicles-Side,7,Tuesday,18,False,False
201800019085,NonLethal,Daylight,Yes,NoIntersection,Normal,NoCollision,7,Sunday,19,True,False
201800005245,NonLethal,Daylight,Yes,NoIntersection,Normal,2Vehicles-BehindVehicles-Frontal,8,Monday,19,False,False
201800046886,NonLethal,Daylight,No,NoIntersection,Normal,2Vehicles-Side,9,Thursday,17,False,False
201800048731,NonLethal,NightStreelightsOn,Yes,X-type,LightRain,NoCollision,12,Saturday,20,True,False
201800032951,NonLethal,NightStreelightsOn,No,NoIntersection,Normal,2Vehicles-BehindVehicles-Frontal,11,Sunday,17,True,False
201800025808,NonLethal,Daylight,No,NoIntersection,Normal,2Vehicles-Side,10,Sunday,15,True,False
201800008762,NonLethal,Daylight,Yes,Roundabout,Normal,2Vehicles-Side,3,Friday,11,False,False
201800001102,NonLethal,TwilightOrDawn,Yes,NoIntersection,Normal,Other,10,Sunday,21,True,False
201800043765,NonLethal,NightStreelightsOn,Yes,NoIntersection,LightRain,2Vehicles-Behind,12,Thursday,19,False,False
201800048303,NonLethal,TwilightOrDawn,Yes,NoIntersection,Normal,2Vehicles-BehindVehicles-Frontal,6,Tuesday,6,False,True
201800045973,NonLethal,Daylight,No,NoIntersection,Normal,2Vehicles-Side,5,Monday,6,False,True
201800008525,NonLethal,TwilightOrDawn,Yes,NoIntersection,Normal,2Vehicles-Behind,2,Tuesday,17,False,False
201800056915,NonLethal,Daylight,No,Other,Normal,2Vehicles-Side,4,Monday,9,False,False
201800029248,NonLethal,NightStreelightsOn,Yes,T-type,Normal,2Vehicles-Side,11,Sunday,20,True,False
201800043621,NonLethal,TwilightOrDawn,Yes,NoIntersection,Overcast,2Vehicles-Side,1,Tuesday,7,False,False
201800002646,NonLethal,Daylight,No,NoIntersection,Normal,2Vehicles-Behind,10,Monday,9,False,False
201800015969,NonLethal,Daylight,No,NoIntersection,Normal,NoCollision,2,Tuesday,17,False,False
201800038840,NonLethal,NightStreelightsOn,Yes,Y-type,Normal,NoCollision,7,Sunday,1,True,True
201800054257,NonLethal,Daylight,Yes,X-type,LightRain,Other,11,Saturday,16,True,False
201800006542,NonLethal,Daylight,No,NoIntersection,Normal,2Vehicles-BehindVehicles-Frontal,4,Tuesday,15,False,False
201800053114,NonLethal,Daylight,Yes,X-type,LightRain,2Vehicles-Side,9,Thursday,9,False,False
201800024837,NonLethal,Daylight,No,NoIntersection,Normal,2Vehicles-Behind,5,Sunday,11,True,False
201800016905,NonLethal,TwilightOrDawn,No,T-type,Normal,Other,9,Wednesday,7,False,False
201800027542,NonLethal,NightStreelightsOff,No,X-type,LightRain,Other,11,Friday,18,False,False
201800004392,NonLethal,NightNoStreetLight,No,NoIntersection,Normal,2Vehicles-Side,5,Saturday,3,True,True
201800020953,NonLethal,TwilightOrDawn,Yes,X-type,Normal,2Vehicles-Side,1,Sunday,7,True,False
201800006726,NonLethal,Daylight,No,NoIntersection,Normal,2Vehicles-Side,8,Friday,8,False,False
201800035475,NonLethal,Daylight,Yes,X-type,Overcast,2Vehicles-Side,9,Tuesday,10,False,False
201800024357,NonLethal,NightStreelightsOn,Yes,X-type,Normal,2Vehicles-Side,6,Friday,2,False,True
201800043506,NonLethal,TwilightOrDawn,Yes,Y-type,LightRain,2Vehicles-Side,9,Wednesday,16,False,False
201800002229,NonLethal,NightStreelightsOn,Yes,NoIntersection,Normal,Other,10,Thursday,21,False,False
201800041123,NonLethal,NightStreelightsOn,Yes,T-type,LightRain,2Vehicles-Side,2,Monday,21,False,False
201800055137,NonLethal,NightStreelightsOn,Yes,NoIntersection,Normal,NoCollision,9,Thursday,2,False,True
201800024151,NonLethal,NightStreelightsOn,Yes,NoIntersection,Normal,Other,1,Monday,18,False,False
201800026866,NonLethal,Daylight,Yes,NoIntersection,Normal,2Vehicles-Behind,7,Monday,10,False,False
201800041771,NonLethal,NightStreelightsOff,No,NoIntersection,Normal,NoCollision,6,Thursday,1,False,True
201800024420,NonLethal,Daylight,Yes,NoIntersection,Normal,Other,9,Saturday,10,True,False
201800053688,NonLethal,Daylight,Yes,T-type,LightRain,Other,1,Tuesday,14,False,False
201800006850,NonLethal,Daylight,No,NoIntersection,LightRain,Other,2,Tuesday,9,False,False
201800033811,NonLethal,NightStreelightsOn,Yes,NoIntersection,Normal,Other,7,Friday,0,False,True
201800029554,NonLethal,Daylight,Yes,NoIntersection,Normal,3+Vehicles-Multiple,7,Wednesday,18,False,False
201800001138,NonLethal,Daylight,No,X-type,Normal,2Vehicles-Side,5,Wednesday,8,False,False
201800029611,NonLethal,NightStreelightsOn,Yes,NoIntersection,Normal,Other,10,Sunday,4,True,True
201800057512,NonLethal,Daylight,Yes,NoIntersection,Normal,2Vehicles-Side,9,Friday,7,False,False
201800025839,NonLethal,Daylight,Yes,T-type,Normal,2Vehicles-Side,9,Thursday,15,False,False
201800010752,NonLethal,Daylight,Yes,NoIntersection,LightRain,NoCollision,3,Saturday,16,True,False
201800038222,NonLethal,Daylight,Yes,NoIntersection,Normal,2Vehicles-Side,8,Monday,19,False,False
201800019125,NonLethal,Daylight,No,NoIntersection,Normal,Other,8,Thursday,18,False,False
201800019602,NonLethal,Daylight,Yes,NoIntersection,Normal,Other,2,Sunday,12,True,False
201800004656,NonLethal,Daylight,Yes,NoIntersection,Normal,2Vehicles-Behind,10,Thursday,13,False,False
201800026654,NonLethal,Daylight,Yes,X-type,Normal,2Vehicles-Side,6,Thursday,21,False,False
201800030922,NonLethal,Daylight,Yes,T-type,Normal,2Vehicles-Side,10,Tuesday,16,False,False
201800052561,NonLethal,Daylight,Yes,NoIntersection,Normal,Other,10,Friday,9,False,False
201800043780,NonLethal,NightNoStreetLight,No,NoIntersection,LightRain,2Vehicles-Side,1,Tuesday,17,False,False
201800028855,NonLethal,Daylight,Yes,X-type,Overcast,Other,11,Tuesday,15,False,False
201800000468,NonLethal,NightNoStreetLight,No,NoIntersection,LightRain,NoCollision,9,Sunday,0,True,True
201800046170,NonLethal,Daylight,No,NoIntersection,FogOrSmoke,2Vehicles-Side,10,Friday,9,False,False
201800054650,NonLethal,NightStreelightsOn,Yes,X-type,Normal,Other,1,Tuesday,21,False,False
201800028936,NonLethal,Daylight,Yes,Roundabout,Normal,Other,7,Friday,17,False,False
201800023722,NonLethal,Daylight,Yes,NoIntersection,HeavyRain,NoCollision,3,Thursday,8,False,False
201800001568,NonLethal,Daylight,Yes,Square,Normal,Other,4,Saturday,15,True,False
201800051372,NonLethal,Daylight,Yes,Square,Normal,Other,7,Saturday,12,True,False
201800032842,NonLethal,Daylight,No,NoIntersection,Normal,2Vehicles-Behind,12,Thursday,16,False,False
201800054247,NonLethal,Daylight,Yes,X-type,Normal,2Vehicles-Side,10,Tuesday,14,False,False
201800016024,NonLethal,NightNoStreetLight,No,NoIntersection,Normal,2Vehicles-BehindVehicles-Frontal,12,Tuesday,18,False,False
201800006056,NonLethal,Daylight,No,NoIntersection,Normal,2Vehicles-Behind,5,Thursday,8,False,False
201800031853,NonLethal,Daylight,Yes,T-type,Normal,Other,8,Thursday,9,False,False
201800036707,NonLethal,Daylight,Yes,NoIntersection,Normal,NoCollision,4,Thursday,11,False,False
201800008264,NonLethal,Daylight,No,NoIntersection,Other,Other,9,Monday,9,False,False
201800018344,NonLethal,Daylight,No,T-type,LightRain,2Vehicles-Side,4,Saturday,12,True,False
201800016546,NonLethal,Daylight,No,NoIntersection,Normal,Other,7,Sunday,15,True,False
201800036650,NonLethal,Daylight,Yes,X-type,Normal,2Vehicles-Side,4,Friday,11,False,False
201800030455,NonLethal,NightStreelightsOn,Yes,Other,Overcast,2Vehicles-Side,12,Thursday,17,False,False
201800000607,NonLethal,Daylight,No,NoIntersection,Normal,2Vehicles-BehindVehicles-Frontal,8,Wednesday,19,False,False
201800052003,NonLethal,Daylight,Yes,NoIntersection,Normal,3+Vehicles-Multiple,4,Saturday,18,True,False
201800019076,NonLethal,Daylight,No,Other,Overcast,NoCollision,3,Saturday,8,True,False
201800024175,NonLethal,Daylight,Yes,T-type,Normal,2Vehicles-Side,9,Saturday,12,True,False
201800047575,NonLethal,NightStreelightsOn,Yes,X-type,Normal,2Vehicles-Side,6,Tuesday,0,False,True
201800005986,NonLethal,Daylight,No,X-type,Normal,2Vehicles-Side,8,Tuesday,19,False,False
201800041764,NonLethal,Daylight,Yes,NoIntersection,Normal,3+Vehicles-Chain,6,Wednesday,10,False,False
201800014200,NonLethal,Daylight,No,NoIntersection,Normal,2Vehicles-BehindVehicles-Frontal,4,Friday,14,False,False
201800006642,NonLethal,NightNoStreetLight,No,NoIntersection,Normal,Other,11,Friday,23,False,False
201800011686,NonLethal,Daylight,Yes,NoIntersection,Normal,Other,5,Thursday,12,False,False
201800022339,NonLethal,Daylight,Yes,NoIntersection,HeavyRain,Other,5,Friday,19,False,False
201800014182,Lethal,NightNoStreetLight,No,NoIntersection,Normal,Other,11,Thursday,21,False,False
201800022941,NonLethal,Daylight,Yes,Roundabout,Normal,3+Vehicles-Multiple,2,Monday,15,False,False
201800048998,NonLethal,TwilightOrDawn,No,NoIntersection,Normal,2Vehicles-Side,9,Wednesday,7,False,False
201800014712,NonLethal,TwilightOrDawn,No,NoIntersection,Normal,2Vehicles-BehindVehicles-Frontal,8,Friday,21,False,False
201800001049,NonLethal,Daylight,No,NoIntersection,Normal,2Vehicles-Behind,9,Wednesday,8,False,False
201800007397,NonLethal,Daylight,Yes,NoIntersection,Normal,2Vehicles-Behind,4,Monday,11,False,False
201800048733,NonLethal,NightStreelightsOn,Yes,NoIntersection,Normal,NoCollision,12,Wednesday,22,False,False
201800013725,NonLethal,Daylight,Yes,NoIntersection,Normal,NoCollision,5,Friday,10,False,False
201800008731,NonLethal,Daylight,Yes,T-type,Normal,2Vehicles-BehindVehicles-Frontal,3,Sunday,17,True,False
201800025565,NonLethal,Daylight,Yes,NoIntersection,VeryGood,Other,10,Sunday,17,True,False
201800027098,NonLethal,NightStreelightsOn,Yes,Square,Overcast,Other,12,Tuesday,17,False,False
201800011736,NonLethal,Daylight,No,NoIntersection,Normal,2Vehicles-Behind,11,Friday,17,False,False
201800009528,NonLethal,TwilightOrDawn,Yes,X-type,Normal,2Vehicles-Side,8,Monday,19,False,False
201800015779,NonLethal,NightNoStreetLight,No,NoIntersection,Normal,Other,4,Sunday,23,True,False
201800029051,NonLethal,TwilightOrDawn,Yes,NoIntersection,Normal,2Vehicles-Side,3,Saturday,19,True,False
201800042799,NonLethal,NightStreelightsOn,Yes,NoIntersection,LightRain,Other,12,Saturday,18,True,False
201800001895,NonLethal,Daylight,Yes,NoIntersection,LightRain,Other,12,Monday,16,False,False
201800022911,NonLethal,Daylight,Yes,NoIntersection,Normal,Other,1,Tuesday,15,False,False
201800022270,NonLethal,NightNoStreetLight,No,NoIntersection,Normal,Other,1,Wednesday,20,False,False
201800047731,NonLethal,Daylight,Yes,NoIntersection,Normal,Other,10,Friday,14,False,False
201800051941,NonLethal,Daylight,Yes,T-type,Normal,2Vehicles-Side,2,Friday,8,False,False
201800005594,NonLethal,NightStreelightsOn,Yes,NoIntersection,Overcast,Other,2,Saturday,21,True,False
201800015318,NonLethal,NightStreelightsOn,Yes,NoIntersection,HeavyRain,Other,3,Thursday,18,False,False
201800040948,NonLethal,NightStreelightsOn,Yes,NoIntersection,Normal,2Vehicles-Behind,9,Wednesday,20,False,False
201800026380,NonLethal,Daylight,Yes,NoIntersection,Normal,Other,6,Tuesday,7,False,False
201800009196,NonLethal,Daylight,No,T-type,Normal,2Vehicles-Side,6,Tuesday,16,False,False
201800010710,NonLethal,TwilightOrDawn,Yes,NoIntersection,Normal,2Vehicles-Side,4,Saturday,20,True,False
201800042190,NonLethal,Daylight,Yes,T-type,Normal,2Vehicles-Side,6,Friday,14,False,False
201800036631,NonLethal,Daylight,Yes,NoIntersection,Normal,Other,11,Wednesday,19,False,False
201800024213,NonLethal,NightStreelightsOn,Yes,NoIntersection,Normal,Other,8,Thursday,22,False,False