AccidentId,Gravity,Light,InAgglomeration,IntersectionType,Weather,CollisionType,Month,DayOfWeek,HourOfDay,IsWeekend,IsNight
201800024859,NonLethal,Daylight,Yes,Roundabout,Normal,2Vehicles-Side,4,Sunday,7,True,False
201800035531,NonLethal,Daylight,Yes,T-type,Normal,2Vehicles-Side,4,Friday,12,False,False
201800021206,NonLethal,Daylight,No,NoIntersection,Normal,2Vehicles-BehindVehicles-Frontal,3,Friday,16,False,False
201800018415,NonLethal,Daylight,Yes,NoIntersection,Normal,NoCollision,5,Wednesday,14,False,False
201800057109,NonLethal,Daylight,Yes,NoIntersection,Normal,Other,11,Thursday,11,False,False
201800014919,NonLethal,Daylight,No,NoIntersection,Normal,2Vehicles-BehindVehicles-Frontal,2,Sunday,16,True,False
201800052012,NonLethal,NightStreelightsOn,Yes,NoIntersection,Normal,2Vehicles-Side,4,Thursday,21,False,False
201800044722,NonLethal,Daylight,No,NoIntersection,LightRain,2Vehicles-Behind,3,Tuesday,14,False,False
201800053908,NonLethal,Daylight,Yes,X-type,Normal,Other,10,Saturday,17,True,False
201800001772,NonLethal,Daylight,Yes,NoIntersection,Normal,2Vehicles-BehindVehicles-Frontal,9,Wednesday,18,False,False
201800016191,NonLethal,Daylight,No,NoIntersection,Normal,Other,11,Wednesday,9,False,False
201800029024,NonLethal,TwilightOrDawn,Yes,NoIntersection,Normal,2Vehicles-Side,7,Wednesday,20,False,False
201800011116,NonLethal,Daylight,Yes,Other,Normal,2Vehicles-Side,4,Thursday,10,False,False
201800042583,NonLethal,Daylight,Yes,NoIntersection,Normal,Other,10,Friday,13,False,False
201800051916,NonLethal,NightStreelightsOn,Yes,X-type,Normal,Other,1,Wednesday,19,False,False
201800043663,NonLethal,Daylight,Yes,NoIntersection,LightRain,NoCollision,5,Monday,19,False,False
201800004517,NonLethal,Daylight,Yes,NoIntersection,Normal,Other,10,Monday,12,False,False
201800038383,NonLethal,Daylight,Yes,T-type,Normal,NoCollision,8,Sunday,17,True,False
201800005797,NonLethal,TwilightOrDawn,Yes,NoIntersection,Normal,2Vehicles-Behind,9,Sunday,18,True,False
201800012720,Lethal,Daylight,No,NoIntersection,Normal,Other,1,Thursday,13,False,False
201800033535,NonLethal,Daylight,Yes,NoIntersection,Normal,2Vehicles-Side,9,Thursday,17,False,False
201800044662,NonLethal,NightNoStreetLight,No,NoIntersection,Normal,3+Vehicles-Chain,6,Sunday,20,True,False
201800021815,NonLethal,Daylight,Yes,NoIntersection,Normal,Other,12,Thursday,14,False,False
201800051041,NonLethal,Daylight,Yes,Square,Normal,3+Vehicles-Multiple,10,Thursday,14,False,False
201800024251,NonLethal,Daylight,Yes,NoIntersection,Normal,NoCollision,1,Monday,16,False,False
201800001999,NonLethal,NightStreelightsOn,Yes,NoIntersection,Normal,Other,10,Friday,19,False,False
201800048160,NonLethal,NightStreelightsOn,Yes,Other,Normal,Other,4,Sunday,22,True,False
201800030667,NonLethal,Daylight,Yes,NoIntersection,Normal,2Vehicles-Behind,6,Sunday,10,True,False
201800047639,Lethal,Daylight,Yes,NoIntersection,Normal,2Vehicles-Behind,8,Tuesday,14,False,False
201800037612,NonLethal,Daylight,Yes,NoIntersection,Normal,2Vehicles-Behind,7,Saturday,15,True,False
201800041202,NonLethal,Daylight,Yes,NoIntersection,Normal,3+Vehicles-Chain,2,Monday,9,False,False
201800038535,NonLethal,NightStreelightsOn,Yes,NoIntersection,Normal,Other,1,Wednesday,19,False,False
201800047291,NonLethal,Daylight,Yes,T-type,Normal,2Vehicles-Side,11,Saturday,15,True,False
201800000785,NonLethal,Daylight,Yes,Roundabout,Normal,2Vehicles-Behind,10,Wednesday,13,False,False
201800050532,NonLethal,NightStreelightsOn,Yes,X-type,LightRain,Other,6,Sunday,19,True,False
201800054186,NonLethal,Daylight,Yes,NoIntersection,Normal,Other,8,Monday,15,False,False
201800000184,NonLethal,NightNoStreetLight,No,Roundabout,FogOrSmoke,2Vehicles-Side,11,Sunday,6,True,True
201800047850,NonLethal,Daylight,Yes,NoIntersection,Normal,Other,12,Tuesday,12,False,False
201800051487,NonLethal,Daylight,Yes,NoIntersection,Normal,Other,7,Thursday,19,False,False
201800017996,NonLethal,Daylight,No,X-type,Normal,2Vehicles-Side,5,Wednesday,12,False,False
201800033488,NonLethal,NightStreelightsOn,Yes,NoIntersection,Normal,Other,6,Wednesday,0,False,True
201800017142,NonLethal,TwilightOrDawn,Yes,NoIntersection,Normal,Other,1,Friday,18,False,False
201800035666,NonLethal,NightNoStreetLight,No,NoIntersection,Normal,2Vehicles-BehindVehicles-Frontal,4,Saturday,6,True,True
201800026339,NonLethal,Daylight,Yes,NoIntersection,Normal,2Vehicles-BehindVehicles-Frontal,5,Wednesday,6,False,True
201800052164,NonLethal,NightStreelightsOn,Yes,Square,Normal,Other,9,Saturday,23,True,False
201800054611,NonLethal,NightStreelightsOn,Yes,X-type,Normal,NoCollision,11,Thursday,17,False,False
201800008522,NonLethal,Daylight,Yes,NoIntersection,Normal,NoCollision,2,Tuesday,14,False,False
201800010097,NonLethal,NightStreelightsOn,Yes,NoIntersection,LightRain,NoCollision,11,Tuesday,22,False,False
201800020050,NonLethal,TwilightOrDawn,No,NoIntersection,Normal,Other,8,Tuesday,5,False,True
201800012721,Lethal,NightNoStreetLight,No,NoIntersection,Overcast,2Vehicles-BehindVehicles-Frontal,2,Thursday,23,False,False
201800007547,Lethal,Daylight,No,Roundabout,LightRain,3+Vehicles-Multiple,3,Thursday,14,False,False
201800035345,NonLethal,Daylight,Yes,NoIntersection,Normal,2Vehicles-Side,5,Tuesday,14,False,False
201800016984,NonLethal,Daylight,No,NoIntersection,Normal,Other,9,Thursday,15,False,False
201800009134,NonLethal,NightStreelightsOn,Yes,T-type,Normal,2Vehicles-Side,6,Wednesday,22,False,False
201800006345,NonLethal,Daylight,No,NoIntersection,Overcast,3+Vehicles-Chain,1,Tuesday,11,False,False
201800016989,Lethal,Daylight,No,NoIntersection,Normal,2Vehicles-BehindVehicles-Frontal,4,Saturday,14,True,False
201800010379,NonLethal,Daylight,No,NoIntersection,Normal,3+Vehicles-Chain,4,Tuesday,16,False,False
201800043737,NonLethal,Daylight,Yes,Roundabout,Overcast,2Vehicles-Side,10,Wednesday,9,False,False
201800027956,NonLethal,NightStreelightsOn,Yes,NoIntersection,Normal,Other,2,Friday,23,False,False
201800020248,NonLethal,Daylight,Yes,NoIntersection,Normal,2Vehicles-Behind,7,Wednesday,19,False,False
201800040457,NonLethal,NightStreelightsOn,Yes,NoIntersection,Normal,Other,12,Friday,17,False,False
201800002148,NonLethal,Daylight,No,NoIntersection,Normal,2Vehicles-Behind,10,Thursday,10,False,False
201800052266,NonLethal,Daylight,Yes,Y-type,Normal,Other,11,Saturday,16,True,False
201800003605,NonLethal,Daylight,No,Roundabout,Normal,2Vehicles-Behind,11,Saturday,10,True,False
201800023920,NonLethal,Daylight,Yes,X-type,Normal,2Vehicles-Side,5,Thursday,15,False,False
201800003194,Lethal,NightStreelightsOn,Yes,NoIntersection,Normal,Other,5,Tuesday,0,False,True
201800035231,Lethal,Daylight,No,NoIntersection,Normal,Other,5,Saturday,20,True,False
201800055210,NonLethal,NightStreelightsOn,Yes,NoIntersection,LightRain,Other,12,Tuesday,23,False,False
201800052228,NonLethal,NightStreelightsOn,Yes,X-type,Normal,2Vehicles-Behind,10,Tuesday,22,False,False
201800055548,NonLethal,Daylight,Yes,NoIntersection,Normal,2Vehicles-Behind,3,Thursday,7,False,False
201800027968,NonLethal,Daylight,Yes,NoIntersection,Normal,2Vehicles-Side,3,Monday,18,False,False
201800036424,NonLethal,Daylight,Yes,NoIntersection,Normal,3+Vehicles-Chain,4,Friday,17,False,False
201800023487,NonLethal,Daylight,Yes,NoIntersection,Normal,2Vehicles-BehindVehicles-Frontal,6,Thursday,20,False,False
201800000163,NonLethal,Daylight,Yes,NoIntersection,Normal,Other,1,Friday,14,False,False
201800015866,NonLethal,TwilightOrDawn,No,NoIntersection,Normal,NoCollision,7,Sunday,20,True,False
201800011261,NonLethal,Daylight,No,NoIntersection,Normal,2Vehicles-BehindVehicles-Frontal,10,Tuesday,12,False,False
201800011425,NonLethal,Daylight,No,NoIntersection,Normal,2Vehicles-BehindVehicles-Frontal,9,Thursday,19,False,False
201800009610,NonLethal,Daylight,Yes,NoIntersection,Normal,Other,8,Wednesday,17,False,False
201800021407,NonLethal,Daylight,Yes,NoIntersection,VeryGood,2Vehicles-Side,4,Sunday,12,True,False
201800023683,NonLethal,NightNoStreetLight,No,NoIntersection,Normal,NoCollision,12,Tuesday,20,False,False
201800021005,NonLethal,Daylight,Yes,NoIntersection,Normal,Other,6,Saturday,20,True,False
201800045840,NonLethal,NightStreelightsOn,No,NoIntersection,LightRain,3+Vehicles-Multiple,4,Monday,22,False,False
201800016795,NonLethal,Daylight,No,NoIntersection,StrongWindOrStorm,Other,3,Thursday,12,False,False
201800008597,NonLethal,Daylight,Yes,Other,Normal,2Vehicles-Side,2,Monday,8,False,False
201800021070,NonLethal,Daylight,Yes,Y-type,Normal,Other,11,Saturday,16,True,False
201800004416,NonLethal,Daylight,Yes,NoIntersection,Normal,Other,6,Thursday,13,False,False
201800041941,NonLethal,NightStreelightsOff,Yes,Roundabout,LightRain,2Vehicles-Side,1,Sunday,18,True,False
201800055597,NonLethal,Daylight,Yes,NoIntersection,Normal,Other,9,Thursday,8,False,False
201800038470,NonLethal,Daylight,Yes,NoIntersection,Normal,2Vehicles-Side,8,Saturday,5,True,True
201800016521,NonLethal,Daylight,Yes,Roundabout,Normal,2Vehicles-Side,12,Monday,10,False,False
201800052404,NonLethal,Daylight,Yes,X-type,Normal,2Vehicles-Side,4,Thursday,8,False,False
201800022767,NonLethal,NightNoStreetLight,No,NoIntersection,Normal,Other,5,Saturday,23,True,False
201800023436,Lethal,TwilightOrDawn,No,X-type,Normal,3+Vehicles-Multiple,7,Wednesday,17,False,False
201800055946,NonLethal,Daylight,Yes,NoIntersection,Normal,2Vehicles-Side,7,Saturday,11,True,False
201800052919,NonLethal,Daylight,Yes,Square,LightRain,Other,1,Monday,12,False,False
201800042222,NonLethal,Daylight,Yes,X-type,Normal,2Vehicles-Side,1,Thursday,13,False,False
201800050368,NonLethal,Daylight,Yes,Square,Normal,Other,5,Saturday,19,True,False
201800015004,NonLethal,TwilightOrDawn,Yes,NoIntersection,Overcast,Other,11,Wednesday,16,False,False
201800017323,NonLethal,Daylight,Yes,NoIntersection,Normal,Other,9,Tuesday,8,False,False
201800020366,Lethal,NightNoStreetLight,No,NoIntersection,LightRain,Other,12,Sunday,7,True,False
201800032919,NonLethal,NightNoStreetLight,No,NoIntersection,Normal,2Vehicles-Side,5,Friday,1,False,True
201800043318,NonLethal,Daylight,Yes,NoIntersection,Normal,2Vehicles-Behind,4,Sunday,12,True,False
201800044065,NonLethal,Daylight,No,NoIntersection,Normal,NoCollision,6,Wednesday,20,False,False
201800029743,NonLethal,NightNoStreetLight,No,NoIntersection,Normal,2Vehicles-BehindVehicles-Frontal,1,Friday,19,False,False
201800050604,NonLethal,Daylight,Yes,NoIntersection,Normal,Other,9,Monday,17,False,False
201800034896,NonLethal,Daylight,Yes,NoIntersection,LightRain,2Vehicles-Side,12,Thursday,12,False,False
201800016926,NonLethal,NightNoStreetLight,No,NoIntersection,LightRain,2Vehicles-BehindVehicles-Frontal,12,Friday,17,False,False
201800029351,NonLethal,NightStreelightsOn,Yes,NoIntersection,Normal,2Vehicles-Side,1,Tuesday,19,False,False
201800029706,NonLethal,TwilightOrDawn,Yes,NoIntersection,Normal,2Vehicles-BehindVehicles-Frontal,6,Thursday,22,False,False
201800011210,Lethal,NightStreelightsOn,Yes,Other,HeavyRain,Other,3,Thursday,18,False,False
201800057280,NonLethal,Daylight,No,NoIntersection,Normal,2Vehicles-BehindVehicles-Frontal,12,Saturday,15,True,False
201800009010,NonLethal,NightStreelightsOn,Yes,NoIntersection,Normal,2Vehicles-Behind,5,Wednesday,22,False,False
201800004833,NonLethal,Daylight,Yes,T-type,Normal,Other,7,Sunday,21,True,False
201800041421,NonLethal,Daylight,Yes,NoIntersection,LightRain,2Vehicles-Side,4,Monday,16,False,False
201800040851,NonLethal,TwilightOrDawn,Yes,NoIntersection,Normal,2Vehicles-Side,4,Friday,20,False,False
201800041231,NonLethal,Daylight,Yes,NoIntersection,Normal,2Vehicles-Side,5,Friday,20,False,False
201800037115,NonLethal,Daylight,Yes,NoIntersection,Normal,2Vehicles-Side,9,Saturday,14,True,False
201800002084,NonLethal,NightNoStreetLight,No,NoIntersection,Normal,Other,2,Saturday,23,True,False
201800016219,NonLethal,NightNoStreetLight,No,Y-type,HeavyRain,2Vehicles-BehindVehicles-Frontal,1,Friday,17,False,False
201800010317,NonLethal,NightNoStreetLight,Yes,NoIntersection,HeavyRain,Other,10,Wednesday,17,False,False
201800049886,NonLethal,Daylight,No,NoIntersection,Normal,2Vehicles-Behind,6,Thursday,8,False,False
201800006016,NonLethal,Daylight,No,NoIntersection,Normal,2Vehicles-Behind,4,Monday,10,False,False
201800021834,NonLethal,Daylight,No,NoIntersection,Normal,2Vehicles-Side,5,Monday,8,False,False
201800006334,NonLethal,NightNoStreetLight,No,NoIntersection,Normal,3+Vehicles-Chain,1,Saturday,4,True,True
201800045263,Lethal,Daylight,No,NoIntersection,Normal,2Vehicles-Behind,10,Tuesday,17,False,False
201800037342,NonLethal,TwilightOrDawn,Yes,NoIntersection,Normal,Other,12,Friday,8,False,False
201800057308,NonLethal,Daylight,No,NoIntersection,Normal,2Vehicles-Side,12,Tuesday,12,False,False
201800047775,NonLethal,Daylight,Yes,T-type,Overcast,2Vehicles-BehindVehicles-Frontal,10,Wednesday,8,False,False
201800049313,NonLethal,NightNoStreetLight,No,NoIntersection,Normal,3+Vehicles-Chain,1,Sunday,20,True,False
201800041168,NonLethal,NightStreelightsOn,Yes,T-type,Normal,2Vehicles-Side,10,Thursday,21,False,False
201800031338,NonLethal,TwilightOrDawn,No,NoIntersection,Normal,Other,10,Tuesday,19,False,False
201800022271,NonLethal,NightNoStreetLight,Yes,NoIntersection,LightRain,Other,1,Thursday,8,False,False
201800039200,NonLethal,Daylight,Yes,Other,Normal,2Vehicles-Side,8,Monday,20,False,False
201800030481,NonLethal,NightStreelightsOn,Yes,Roundabout,Normal,2Vehicles-Side,9,Friday,22,False,False
201800017306,NonLethal,Daylight,Yes,X-type,Normal,2Vehicles-Side,7,Monday,10,False,False
201800048796,NonLethal,Daylight,No,NoIntersection,Normal,2Vehicles-Side,1,Monday,8,False,False
201800033918,Lethal,Daylight,Yes,NoIntersection,Normal,Other,1,Friday,15,False,False
201800039277,NonLethal,NightStreelightsOff,Yes,Other,Normal,2Vehicles-Side,7,Thursday,6,False,True
201800018449,NonLethal,Daylight,No,NoIntersection,Normal,2Vehicles-Side,7,Tuesday,15,False,False
201800012113,NonLethal,Daylight,No,NoIntersection,Normal,Other,7,Friday,7,False,False
201800006817,NonLethal,Daylight,No,NoIntersection,Normal,Other,8,Wednesday,17,False,False
201800030449,NonLethal,NightNoStreetLight,Yes,NoIntersection,LightRain,Other,1,Sunday,18,True,False
201800053350,NonLethal,Daylight,Yes,NoIntersection,Normal,2Vehicles-Side,4,Wednesday,19,False,False
201800049156,NonLethal,Daylight,No,NoIntersection,Normal,2Vehicles-Behind,6,Friday,16,False,False
201800014567,NonLethal,NightNoStreetLight,No,NoIntersection,LightRain,NoCollision,1,Monday,7,False,False
201800020718,NonLethal,Daylight,Yes,NoIntersection,Normal,Other,3,Monday,13,False,False
201800024185,NonLethal,Daylight,Yes,X-type,Normal,2Vehicles-Side,11,Friday,16,False,False
201800014087,NonLethal,Daylight,No,NoIntersection,Normal,Other,9,Sunday,13,True,False
201800016501,NonLethal,Daylight,No,NoIntersection,Normal,2Vehicles-Side,4,Saturday,9,True,False
201800009755,NonLethal,Daylight,Yes,Y-type,Normal,2Vehicles-Side,9,Friday,9,False,False
201800030753,NonLethal,Daylight,Yes,NoIntersection,LightRain,2Vehicles-Side,2,Wednesday,11,False,False
201800028225,NonLethal,NightStreelightsOn,Yes,NoIntersection,LightRain,Other,1,Wednesday,7,False,False
201800013905,NonLethal,Daylight,Yes,NoIntersection,Normal,2Vehicles-Behind,4,Tuesday,17,False,False
201800033832,NonLethal,NightNoStreetLight,Yes,NoIntersection,Normal,Other,8,Tuesday,5,False,True
201800049484,NonLethal,NightStreelightsOff,No,NoIntersection,LightRain,Other,11,Sunday,3,True,True
201800048265,NonLethal,Daylight,Yes,X-type,LightRain,Other,5,Wednesday,10,False,False
201800010313,NonLethal,NightNoStreetLight,No,NoIntersection,Normal,Other,10,Monday,21,False,False
201800035977,NonLethal,TwilightOrDawn,Yes,T-type,HeavyRain,2Vehicles-Side,1,Tuesday,19,False,False
201800050943,NonLethal,Daylight,Yes,X-type,Normal,2Vehicles-Side,10,Wednesday,8,False,False
201800012615,NonLethal,Daylight,No,NoIntersection,Normal,NoCollision,6,Wednesday,16,False,False
201800034676,NonLethal,TwilightOrDawn,Yes,T-type,SnowOrHail,2Vehicles-Side,3,Sunday,18,True,False
201800015398,NonLethal,Daylight,No,Roundabout,VeryGood,2Vehicles-BehindVehicles-Frontal,7,Friday,20,False,False
201800003633,NonLethal,Daylight,No,NoIntersection,Normal,Other,10,Saturday,14,True,False
201800034628,NonLethal,NightStreelightsOn,Yes,Roundabout,LightRain,3+Vehicles-Chain,11,Saturday,22,True,False
201800056342,NonLethal,Daylight,Yes,X-type,Normal,2Vehicles-Side,12,Sunday,18,True,False
201800041277,NonLethal,NightNoStreetLight,Yes,Other,Normal,2Vehicles-Behind,9,Friday,21,False,False
201800038616,NonLethal,Daylight,Yes,Roundabout,Normal,2Vehicles-Behind,10,Tuesday,18,False,False
201800039565,NonLethal,Daylight,Yes,NoIntersection,Overcast,Other,6,Tuesday,15,False,False
201800040106,NonLethal,NightStreelightsOn,Yes,X-type,Normal,2Vehicles-Side,6,Sunday,1,True,True
201800008994,NonLethal,Daylight,Yes,NoIntersection,Normal,2Vehicles-Behind,5,Monday,10,False,False
201800002693,NonLethal,Daylight,Yes,X-type,Normal,2Vehicles-Side,5,Friday,9,False,False
201800022888,NonLethal,NightStreelightsOff,No,NoIntersection,Normal,2Vehicles-Behind,1,Thursday,22,False,False
201800018385,NonLethal,Daylight,No,X-type,Normal,2Vehicles-Side,4,Sunday,14,True,False
201800054592,NonLethal,NightStreelightsOn,Yes,T-type,Normal,Other,11,Monday,21,False,False
201800017730,NonLethal,Daylight,No,Other,Normal,Other,10,Saturday,16,True,False
201800021220,NonLethal,Daylight,No,NoIntersection,Normal,Other,6,Saturday,15,True,False
201800027829,NonLethal,Daylight,Yes,NoIntersection,Normal,2Vehicles-Side,12,Wednesday,16,False,False
201800014753,NonLethal,Daylight,No,T-type,Normal,2Vehicles-Behind,5,Tuesday,17,False,False
201800032239,NonLethal,Daylight,Yes,NoIntersection,LightRain,2Vehicles-BehindVehicles-Frontal,3,Saturday,11,True,False
201800026933,NonLethal,Daylight,Yes,NoIntersection,Normal,Other,9,Tuesday,18,False,False
201800021956,NonLethal,NightNoStreetLight,No,NoIntersection,Normal,2Vehicles-BehindVehicles-Frontal,1,Thursday,21,False,False
201800049924,NonLethal,NightStreelightsOn,No,NoIntersection,Normal,Other,7,Sunday,3,True,True
201800021744,NonLethal,Daylight,No,NoIntersection,Normal,2Vehicles-Behind,8,Friday,11,False,False
201800028553,NonLethal,Daylight,Yes,NoIntersection,Normal,Other,9,Monday,15,False,False
201800050737,NonLethal,Daylight,Yes,X-type,Normal,2Vehicles-Side,10,Monday,8,False,False
201800007861,NonLethal,NightNoStreetLight,No,NoIntersection,Normal,3+Vehicles-Chain,10,Monday,20,False,False
201800039885,NonLethal,Daylight,Yes,NoIntersection,Normal,Other,11,Monday,14,False,False
201800040627,NonLethal,Daylight,Yes,NoIntersection,Normal,2Vehicles-Side,10,Saturday,14,True,False
201800002597,NonLethal,Daylight,No,T-type,Normal,2Vehicles-Behind,7,Friday,18,False,False
201800031449,NonLethal,Daylight,No,NoIntersection,Normal,2Vehicles-Side,5,Wednesday,11,False,False
201800055804,NonLethal,Daylight,No,NoIntersection,Normal,2Vehicles-BehindVehicles-Frontal,8,Sunday,12,True,False
201800037959,NonLethal,Daylight,Yes,NoIntersection,Normal,2Vehicles-Behind,9,Monday,18,False,False
201800031554,Lethal,NightNoStreetLight,Yes,NoIntersection,Normal,Other,9,Saturday,20,True,False
201800015408,NonLethal,TwilightOrDawn,No,NoIntersection,Normal,NoCollision,4,Tuesday,6,False,True
201800046899,NonLethal,NightStreelightsOn,No,NoIntersection,Normal,2Vehicles-Behind,9,Monday,20,False,False
201800034601,NonLethal,Daylight,Yes,Other,Normal,2Vehicles-BehindVehicles-Frontal,5,Friday,17,False,False
201800050744,NonLethal,Daylight,Yes,NoIntersection,Normal,2Vehicles-Side,11,Tuesday,8,False,False
201800011578,NonLethal,Daylight,No,NoIntersection,Normal,2Vehicles-BehindVehicles-Frontal,1,Wednesday,12,False,False
201800035635,NonLethal,Daylight,Yes,NoIntersection,Normal,2Vehicles-BehindVehicles-Frontal,11,Sunday,13,True,False
201800034333,NonLethal,Daylight,Yes,T-type,Normal,2Vehicles-Side,9,Saturday,18,True,False
201800009566,NonLethal,Daylight,Yes,X-type,Normal,Other,4,Saturday,20,True,False
201800000747,NonLethal,NightStreelightsOn,Yes,T-type,Overcast,2Vehicles-Side,12,Monday,18,False,False
201800015948,Lethal,Daylight,No,NoIntersection,Normal,NoCollision,8,Thursday,8,False,False
201800045145,NonLethal,Daylight,No,NoIntersection,Normal,2Vehicles-Behind,8,Monday,16,False,False
201800005964,NonLethal,Daylight,No,NoIntersection,Normal,Other,3,Saturday,14,True,False
201800033739,Lethal,Daylight,Yes,NoIntersection,Normal,Other,3,Sunday,7,True,False
201800057761,NonLethal,Daylight,Yes,Other,Normal,NoCollision,11,Wednesday,8,False,False
201800045777,NonLethal,Daylight,No,NoIntersection,Normal,Other,3,Friday,14,False,False
201800014176,NonLethal,NightNoStreetLight,No,NoIntersection,HeavyRain,NoCollision,11,Monday,16,False,False
201800047947,NonLethal,NightNoStreetLight,No,NoIntersection,Normal,2Vehicles-Behind,7,Saturday,23,True,False
201800035289,NonLethal,Daylight,Yes,Y-type,Normal,Other,7,Friday,16,False,False
201800023189,NonLethal,Daylight,Yes,NoIntersection,Normal,2Vehicles-Side,8,Sunday,17,True,False
201800029860,NonLethal,Daylight,Yes,NoIntersection,Normal,Other,10,Friday,13,False,False
201800006164,Lethal,NightNoStreetLight,No,NoIntersection,Normal,2Vehicles-BehindVehicles-Frontal,9,Monday,4,False,True
201800013634,NonLethal,NightNoStreetLight,No,NoIntersection,Normal,Other,9,Thursday,6,False,True
201800020587,NonLethal,Daylight,Yes,T-type,Normal,2Vehicles-Behind,5,Tuesday,9,False,False
201800032101,NonLethal,TwilightOrDawn,Yes,NoIntersection,Normal,Other,1,Tuesday,7,False,False
201800044034,NonLethal,TwilightOrDawn,No,NoIntersection,HeavyRain,Other,6,Wednesday,6,False,True
201800001372,Lethal,Daylight,Yes,Roundabout,Normal,Other,1,Tuesday,17,False,False
201800049064,NonLethal,Daylight,No,NoIntersection,LightRain,2Vehicles-Side,11,Friday,8,False,False
201800042944,NonLethal,Daylight,Yes,X-type,LightRain,2Vehicles-Side,12,Saturday,15,True,False
201800026132,NonLethal,Daylight,No,Roundabout,Normal,2Vehicles-Behind,6,Saturday,14,True,False
201800000569,NonLethal,Daylight,No,X-type,Other,2Vehicles-Side,5,Friday,18,False,False
201800027177,NonLethal,Daylight,Yes,NoIntersection,Normal,2Vehicles-Behind,5,Thursday,14,False,False
201800011452,NonLethal,Daylight,No,NoIntersection,Normal,NoCollision,8,Monday,6,False,True
201800004060,NonLethal,Daylight,No,NoIntersection,Normal,Other,5,Friday,7,False,False
201800044958,NonLethal,Daylight,No,NoIntersection,Normal,2Vehicles-Behind,6,Thursday,10,False,False
201800015619,NonLethal,TwilightOrDawn,No,X-type,LightRain,2Vehicles-Side,2,Sunday,17,True,False
201800020941,NonLethal,Daylight,Yes,NoIntersection,Normal,Other,9,Monday,10,False,False
201800057563,NonLethal,TwilightOrDawn,Yes,NoIntersection,Normal,NoCollision,10,Monday,18,False,False
201800021537,NonLethal,TwilightOrDawn,Yes,X-type,Normal,2Vehicles-Side,11,Monday,17,False,False
201800055414,NonLethal,Daylight,Yes,Y-type,Normal,Other,5,Tuesday,14,False,False
201800012054,NonLethal,Daylight,No,NoIntersection,Normal,NoCollision,8,Sunday,17,True,False
201800026787,NonLethal,Daylight,Yes,X-type,Normal,2Vehicles-Side,4,Thursday,17,False,False
201800038242,NonLethal,Daylight,Yes,T-type,Normal,2Vehicles-Side,11,Tuesday,11,False,False
201800003198,NonLethal,NightNoStreetLight,No,X-type,Normal,2Vehicles-Side,11,Wednesday,17,False,False
201800014065,NonLethal,NightNoStreetLight,No,NoIntersection,Overcast,Other,1,Thursday,5,False,True
201800016660,NonLethal,Daylight,No,NoIntersection,Normal,Other,4,Saturday,16,True,False
201800001297,Lethal,NightStreelightsOff,Yes,NoIntersection,HeavyRain,Other,1,Tuesday,17,False,False
201800023042,NonLethal,Daylight,Yes,NoIntersection,Normal,Other,4,Thursday,15,False,False
201800037195,NonLethal,Daylight,Yes,NoIntersection,FogOrSmoke,Other,11,Thursday,8,False,False
201800025367,NonLethal,Daylight,Yes,NoIntersection,Normal,Other,6,Wednesday,6,False,True
201800046967,NonLethal,Daylight,No,NoIntersection,Normal,2Vehicles-Behind,10,Tuesday,17,False,False
201800012940,NonLethal,Daylight,No,NoIntersection,Normal,2Vehicles-Side,8,Wednesday,8,False,False
201800008609,NonLethal,NightStreelightsOn,Yes,X-type,Normal,2Vehicles-Side,2,Tuesday,21,False,False
201800006195,NonLethal,Daylight,No,Y-type,Normal,2Vehicles-BehindVehicles-Frontal,2,Wednesday,12,False,False
201800012017,NonLethal,Daylight,No,NoIntersection,Normal,Other,6,Tuesday,10,False,False
201800023043,NonLethal,Daylight,Yes,NoIntersection,Normal,3+Vehicles-Chain,4,Thursday,17,False,False
201800033706,NonLethal,NightStreelightsOn,Yes,X-type,Normal,NoCollision,5,Tuesday,1,False,True
201800002247,NonLethal,Daylight,No,NoIntersection,Normal,NoCollision,4,Tuesday,13,False,False
201800003458,NonLethal,Daylight,No,Other,Normal,2Vehicles-Behind,6,Thursday,17,False,False
201800023397,NonLethal,NightStreelightsOn,Yes,NoIntersection,Normal,Other,12,Tuesday,18,False,False
201800037337,NonLethal,Daylight,Yes,NoIntersection,Normal,2Vehicles-Behind,7,Thursday,12,False,False
201800000759,NonLethal,Daylight,No,NoIntersection,Normal,Other,10,Wednesday,13,False,False
201800046447,Lethal,Daylight,No,NoIntersection,Normal,2Vehicles-BehindVehicles-Frontal,6,Sunday,16,True,False
201800033916,NonLethal,Daylight,Yes,NoIntersection,Normal,Other,1,Monday,16,False,False
201800033579,NonLethal,TwilightOrDawn,Yes,T-type,Overcast,2Vehicles-Side,11,Wednesday,7,False,False
201800005006,NonLethal,Daylight,No,NoIntersection,Normal,3+Vehicles-Multiple,10,Friday,10,False,False
201800017425,NonLethal,Daylight,No,NoIntersection,Normal,2Vehicles-Behind,8,Saturday,15,True,False
201800020285,NonLethal,NightNoStreetLight,No,NoIntersection,Normal,Other,9,Tuesday,0,False,True
201800032711,NonLethal,NightNoStreetLight,No,Other,LightRain,2Vehicles-BehindVehicles-Frontal,11,Friday,18,False,False
201800049508,NonLethal,TwilightOrDawn,No,NoIntersection,Normal,2Vehicles-Side,12,Tuesday,17,False,False
201800019737,NonLethal,Daylight,Yes,NoIntersection,Normal,NoCollision,9,Saturday,11,True,False