AccidentId,Gravity,Light,InAgglomeration,IntersectionType,Weather,CollisionType,Month,DayOfWeek,HourOfDay,IsWeekend,IsNight
201800009393,NonLethal,Daylight,Yes,NoIntersection,Normal,2Vehicles-Side,7,Wednesday,15,False,False
201800005444,NonLethal,Daylight,Yes,NoIntersection,Normal,2Vehicles-BehindVehicles-Frontal,8,Tuesday,9,False,False
201800045709,NonLethal,NightNoStreetLight,No,NoIntersection,LightRain,3+Vehicles-Multiple,2,Tuesday,22,False,False
201800007494,NonLethal,Daylight,Yes,Other,Other,Other,12,Sunday,16,True,False
201800053095,NonLethal,TwilightOrDawn,Yes,Square,Normal,Other,8,Wednesday,6,False,True
201800041758,NonLethal,Daylight,Yes,Roundabout,Overcast,2Vehicles-Side,6,Wednesday,17,False,False
201800027494,NonLethal,TwilightOrDawn,Yes,NoIntersection,Normal,2Vehicles-Side,10,Monday,19,False,False
201800031246,NonLethal,Daylight,No,NoIntersection,Normal,2Vehicles-Side,6,Friday,7,False,False
201800050523,NonLethal,NightStreelightsOn,Yes,X-type,LightRain,2Vehicles-Side,1,Sunday,3,True,True
201800014633,NonLethal,Daylight,No,X-type,Normal,3+Vehicles-Multiple,9,Thursday,16,False,False
201800013847,NonLethal,Daylight,No,NoIntersection,Normal,3+Vehicles-Multiple,3,Thursday,11,False,False
201800018835,NonLethal,NightStreelightsOn,Yes,NoIntersection,LightRain,Other,3,Friday,22,False,False
201800039965,NonLethal,Daylight,Yes,NoIntersection,Normal,2Vehicles-BehindVehicles-Frontal,2,Tuesday,20,False,False
201800033273,Lethal,NightStreelightsOn,Yes,Roundabout,Normal,Other,2,Friday,18,False,False
201800000388,Lethal,Daylight,No,Y-type,Normal,3+Vehicles-Multiple,5,Wednesday,16,False,False
201800016330,NonLethal,Daylight,No,T-type,Normal,2Vehicles-Side,5,Thursday,19,False,False
201800050312,NonLethal,Daylight,Yes,X-type,Normal,2Vehicles-Side,8,Friday,17,False,False
201800002613,NonLethal,Daylight,Yes,NoIntersection,Normal,2Vehicles-BehindVehicles-Frontal,11,Sunday,14,True,False
201800030823,NonLethal,Daylight,Yes,NoIntersection,Normal,3+Vehicles-Chain,6,Wednesday,15,False,False
201800006658,Lethal,Daylight,Yes,NoIntersection,Normal,2Vehicles-BehindVehicles-Frontal,10,Friday,16,False,False
201800056601,NonLethal,Daylight,No,NoIntersection,Normal,3+Vehicles-Multiple,4,Thursday,12,False,False
201800044593,NonLethal,NightNoStreetLight,No,NoIntersection,LightRain,3+Vehicles-Chain,3,Friday,19,False,False
201800006106,NonLethal,NightNoStreetLight,No,NoIntersection,HeavyRain,2Vehicles-Side,11,Friday,21,False,False
201800052065,NonLethal,Daylight,Yes,X-type,Normal,NoCollision,6,Thursday,8,False,False
201800014531,NonLethal,Daylight,Yes,NoIntersection,Overcast,NoCollision,7,Saturday,9,True,False
201800009976,NonLethal,Daylight,Yes,X-type,Normal,2Vehicles-Side,10,Wednesday,13,False,False
201800007257,NonLethal,Daylight,No,NoIntersection,Normal,3+Vehicles-Chain,6,Sunday,11,True,False
201800033607,NonLethal,Daylight,Yes,T-type,Normal,2Vehicles-BehindVehicles-Frontal,11,Friday,8,False,False
201800024007,NonLethal,Daylight,Yes,X-type,Normal,2Vehicles-Behind,9,Sunday,16,True,False
201800031117,NonLethal,NightNoStreetLight,No,NoIntersection,Normal,Other,6,Sunday,3,True,True
201800045804,NonLethal,NightNoStreetLight,No,Other,Normal,2Vehicles-Side,4,Saturday,3,True,True
201800017743,NonLethal,Daylight,Yes,Square,Normal,2Vehicles-BehindVehicles-Frontal,4,Wednesday,20,False,False
201800039484,NonLethal,Daylight,Yes,NoIntersection,Normal,Other,5,Monday,11,False,False
201800010089,NonLethal,Daylight,Yes,NoIntersection,Normal,2Vehicles-Side,11,Monday,13,False,False
201800000231,NonLethal,TwilightOrDawn,Yes,NoIntersection,Normal,2Vehicles-BehindVehicles-Frontal,3,Sunday,17,True,False
201800041395,NonLethal,NightStreelightsOn,Yes,X-type,Normal,2Vehicles-Side,2,Wednesday,1,False,True
201800003964,Lethal,Daylight,Yes,Other,Normal,2Vehicles-Side,10,Friday,7,False,False
201800009629,NonLethal,Daylight,Yes,NoIntersection,Normal,Other,9,Sunday,12,True,False
201800038765,NonLethal,Daylight,Yes,NoIntersection,Normal,2Vehicles-Behind,7,Tuesday,19,False,False
201800054158,NonLethal,Daylight,Yes,T-type,Normal,2Vehicles-Behind,11,Wednesday,20,False,False
201800053034,NonLethal,Daylight,Yes,X-type,Normal,2Vehicles-Side,6,Monday,13,False,False
201800027791,NonLethal,Daylight,Yes,Roundabout,VeryGood,Other,10,Wednesday,18,False,False
201800021528,NonLethal,NightStreelightsOn,Yes,Roundabout,Normal,Other,2,Tuesday,18,False,False
201800036821,NonLethal,Daylight,Yes,NoIntersection,Normal,3+Vehicles-Chain,5,Friday,17,False,False
201800026562,NonLethal,Daylight,Yes,X-type,Normal,2Vehicles-Side,7,Monday,12,False,False
201800018453,NonLethal,TwilightOrDawn,No,NoIntersection,Normal,NoCollision,1,Sunday,16,True,False
201800036624,NonLethal,NightStreelightsOn,Yes,T-type,Normal,2Vehicles-Side,7,Thursday,2,False,True
201800029981,Lethal,TwilightOrDawn,No,NoIntersection,LightRain,2Vehicles-Side,12,Monday,7,False,False
201800032896,NonLethal,Daylight,No,NoIntersection,LightRain,2Vehicles-BehindVehicles-Frontal,11,Wednesday,12,False,False
201800028311,NonLethal,Daylight,Yes,NoIntersection,Normal,Other,1,Saturday,16,True,False
201800030809,NonLethal,Daylight,Yes,NoIntersection,HeavyRain,2Vehicles-Behind,4,Friday,13,False,False
201800057038,NonLethal,Daylight,Yes,NoIntersection,Normal,2Vehicles-Side,7,Monday,14,False,False
201800025943,NonLethal,Daylight,Yes,NoIntersection,Normal,2Vehicles-Behind,8,Saturday,16,True,False
201800056377,NonLethal,Daylight,No,NoIntersection,Normal,2Vehicles-Behind,9,Saturday,14,True,False
201800047703,NonLethal,Daylight,Yes,Other,Normal,2Vehicles-BehindVehicles-Frontal,9,Friday,16,False,False
201800034240,NonLethal,NightStreelightsOn,Yes,T-type,Normal,2Vehicles-Side,7,Tuesday,0,False,True
201800042136,Lethal,Daylight,Yes,X-type,Normal,2Vehicles-BehindVehicles-Frontal,2,Friday,13,False,False
201800001898,NonLethal,Daylight,Yes,Roundabout,Normal,2Vehicles-Side,3,Tuesday,10,False,False
201800032245,NonLethal,NightNoStreetLight,Yes,NoIntersection,Normal,Other,5,Sunday,4,True,True
201800037507,NonLethal,Daylight,Yes,NoIntersection,Normal,2Vehicles-Side,10,Friday,9,False,False
201800053831,NonLethal,Daylight,Yes,NoIntersection,Normal,Other,5,Monday,16,False,False
201800029984,NonLethal,Daylight,No,NoIntersection,LightRain,Other,12,Friday,9,False,False
201800001631,NonLethal,Daylight,No,T-type,Normal,2Vehicles-BehindVehicles-Frontal,3,Saturday,19,True,False
201800025120,NonLethal,NightStreelightsOn,Yes,X-type,Normal,2Vehicles-Side,12,Thursday,4,False,True
201800009030,NonLethal,NightStreelightsOn,Yes,NoIntersection,Normal,Other,5,Sunday,21,True,False
201800046421,NonLethal,Daylight,No,NoIntersection,Normal,2Vehicles-Behind,2,Thursday,18,False,False
201800040902,NonLethal,Daylight,Yes,NoIntersection,Normal,2Vehicles-Side,6,Monday,15,False,False
201800022608,NonLethal,Daylight,Yes,NoIntersection,Normal,2Vehicles-BehindVehicles-Frontal,9,Thursday,12,False,False
201800017899,NonLethal,NightStreelightsOn,Yes,NoIntersection,Normal,Other,12,Friday,21,False,False
201800054864,NonLethal,Daylight,Yes,T-type,Normal,Other,12,Tuesday,14,False,False
201800009210,NonLethal,Daylight,Yes,NoIntersection,Normal,3+Vehicles-Multiple,6,Thursday,8,False,False
201800015560,NonLethal,NightNoStreetLight,No,X-type,Normal,2Vehicles-Side,11,Wednesday,17,False,False
201800034699,NonLethal,NightStreelightsOn,Yes,Other,Normal,2Vehicles-Side,10,Friday,19,False,False
201800008818,NonLethal,Daylight,Yes,NoIntersection,Normal,2Vehicles-Behind,4,Saturday,13,True,False
201800049711,NonLethal,Daylight,No,Y-type,Normal,Other,2,Sunday,13,True,False
201800019013,NonLethal,Daylight,Yes,NoIntersection,Normal,Other,6,Wednesday,22,False,False
201800046412,NonLethal,Daylight,No,NoIntersection,LightRain,2Vehicles-Behind,2,Wednesday,17,False,False
201800035282,NonLethal,Daylight,Yes,NoIntersection,Normal,Other,6,Monday,19,False,False
201800052124,NonLethal,TwilightOrDawn,Yes,NoIntersection,Normal,Other,12,Saturday,7,True,False
201800013145,NonLethal,Daylight,Yes,NoIntersection,Normal,2Vehicles-Side,6,Tuesday,6,False,True
201800048389,NonLethal,NightStreelightsOn,Yes,NoIntersection,Normal,2Vehicles-Side,7,Sunday,3,True,True
201800043172,NonLethal,NightStreelightsOn,Yes,T-type,Overcast,2Vehicles-BehindVehicles-Frontal,1,Thursday,7,False,False
201800039275,NonLethal,Daylight,Yes,NoIntersection,Normal,2Vehicles-Side,6,Thursday,13,False,False
201800001101,NonLethal,NightStreelightsOn,Yes,T-type,Normal,Other,5,Saturday,3,True,True
201800045104,NonLethal,Daylight,No,NoIntersection,Normal,3+Vehicles-Chain,7,Thursday,18,False,False
201800024665,NonLethal,Daylight,Yes,T-type,Normal,2Vehicles-Side,2,Thursday,12,False,False
201800000088,NonLethal,NightStreelightsOff,Yes,NoIntersection,Normal,Other,3,Thursday,1,False,True
201800040588,NonLethal,NightStreelightsOn,Yes,NoIntersection,Overcast,2Vehicles-Side,12,Tuesday,20,False,False
201800036869,NonLethal,Daylight,Yes,X-type,Normal,2Vehicles-Side,10,Friday,13,False,False
201800046292,NonLethal,Daylight,No,NoIntersection,Normal,Other,12,Saturday,9,True,False
201800031184,NonLethal,NightStreelightsOn,Yes,NoIntersection,LightRain,Other,2,Saturday,19,True,False
201800035346,NonLethal,Daylight,Yes,Roundabout,Normal,Other,6,Tuesday,20,False,False
201800038850,NonLethal,Daylight,Yes,NoIntersection,Normal,2Vehicles-Behind,9,Saturday,12,True,False
201800023145,NonLethal,Daylight,No,NoIntersection,Normal,2Vehicles-Side,7,Thursday,7,False,False
201800029171,NonLethal,TwilightOrDawn,No,NoIntersection,Overcast,2Vehicles-BehindVehicles-Frontal,10,Monday,19,False,False
201800019587,NonLethal,Daylight,Yes,NoIntersection,LightRain,Other,1,Monday,13,False,False
201800002469,NonLethal,Daylight,No,NoIntersection,Normal,2Vehicles-Side,10,Wednesday,15,False,False
201800013757,NonLethal,Daylight,Yes,NoIntersection,Normal,NoCollision,10,Monday,9,False,False
201800015348,NonLethal,Daylight,No,Roundabout,Normal,2Vehicles-Side,9,Wednesday,9,False,False
201800034080,NonLethal,Daylight,Yes,NoIntersection,Normal,Other,10,Monday,8,False,False
201800040263,NonLethal,Daylight,Yes,T-type,VeryGood,2Vehicles-Side,12,Monday,14,False,False
201800023019,NonLethal,Daylight,No,NoIntersection,Normal,3+Vehicles-Chain,4,Thursday,8,False,False
201800014056,NonLethal,Daylight,No,NoIntersection,Normal,Other,7,Thursday,17,False,False
201800042041,NonLethal,Daylight,Yes,Other,Normal,2Vehicles-Side,10,Friday,12,False,False
201800011764,NonLethal,Daylight,Yes,NoIntersection,Normal,Other,11,Wednesday,11,False,False
201800017292,Lethal,TwilightOrDawn,No,NoIntersection,Normal,2Vehicles-BehindVehicles-Frontal,5,Thursday,6,False,True
201800012342,NonLethal,Daylight,No,NoIntersection,Normal,2Vehicles-Side,11,Saturday,16,True,False
201800005445,NonLethal,Daylight,Yes,NoIntersection,Normal,2Vehicles-BehindVehicles-Frontal,8,Thursday,14,False,False
201800057760,NonLethal,Daylight,No,NoIntersection,Normal,Other,11,Wednesday,7,False,False
201800018084,NonLethal,TwilightOrDawn,Yes,NoIntersection,Normal,2Vehicles-Side,9,Friday,22,False,False
201800006155,NonLethal,Daylight,No,NoIntersection,Normal,NoCollision,3,Monday,18,False,False
201800013831,NonLethal,Daylight,No,NoIntersection,Normal,2Vehicles-BehindVehicles-Frontal,5,Wednesday,18,False,False
201800038446,NonLethal,NightStreelightsOn,Yes,X-type,Normal,2Vehicles-Side,6,Monday,23,False,False
201800056207,NonLethal,Daylight,No,Other,Normal,2Vehicles-BehindVehicles-Frontal,8,Friday,13,False,False
201800019028,NonLethal,Daylight,No,NoIntersection,Normal,2Vehicles-BehindVehicles-Frontal,3,Sunday,17,True,False
201800019529,NonLethal,NightStreelightsOn,Yes,T-type,Normal,2Vehicles-Side,8,Friday,22,False,False
201800037100,NonLethal,TwilightOrDawn,Yes,NoIntersection,LightRain,Other,5,Monday,20,False,False
201800033578,NonLethal,NightStreelightsOn,Yes,NoIntersection,Normal,2Vehicles-Side,11,Wednesday,6,False,True
201800057482,NonLethal,NightStreelightsOn,Yes,T-type,Normal,2Vehicles-Side,6,Friday,19,False,False
201800024708,NonLethal,Daylight,Yes,NoIntersection,Normal,Other,3,Wednesday,18,False,False
201800020812,NonLethal,Daylight,Yes,NoIntersection,Normal,Other,3,Sunday,14,True,False
201800019425,NonLethal,NightNoStreetLight,No,NoIntersection,Normal,Other,10,Friday,0,False,True
201800051867,NonLethal,NightStreelightsOn,Yes,T-type,Overcast,2Vehicles-Side,11,Tuesday,21,False,False
201800040082,NonLethal,Daylight,Yes,NoIntersection,Overcast,2Vehicles-Behind,2,Friday,9,False,False
201800043321,NonLethal,Daylight,Yes,NoIntersection,Normal,Other,5,Friday,16,False,False
201800030799,NonLethal,Daylight,Yes,NoIntersection,HeavyRain,3+Vehicles-Chain,5,Monday,16,False,False
201800047910,NonLethal,Daylight,No,NoIntersection,Normal,NoCollision,3,Sunday,15,True,False
201800049456,NonLethal,NightStreelightsOn,No,Other,Normal,2Vehicles-Behind,10,Saturday,20,True,False
201800033371,Lethal,Daylight,Yes,X-type,Normal,Other,4,Thursday,18,False,False
201800027060,NonLethal,NightStreelightsOn,Yes,X-type,Normal,2Vehicles-Side,7,Sunday,23,True,False
201800038462,NonLethal,Daylight,Yes,NoIntersection,Normal,Other,7,Wednesday,13,False,False
201800003737,NonLethal,TwilightOrDawn,No,NoIntersection,Normal,Other,7,Sunday,20,True,False
201800019134,Lethal,NightNoStreetLight,No,NoIntersection,Normal,2Vehicles-BehindVehicles-Frontal,2,Saturday,18,True,False
201800020875,NonLethal,Daylight,Yes,NoIntersection,Normal,2Vehicles-Side,9,Tuesday,10,False,False
201800013653,NonLethal,Daylight,No,NoIntersection,HeavyRain,2Vehicles-Side,10,Saturday,11,True,False
201800033154,NonLethal,Daylight,Yes,NoIntersection,Normal,2Vehicles-BehindVehicles-Frontal,9,Tuesday,12,False,False
201800052601,NonLethal,NightStreelightsOn,Yes,X-type,Normal,Other,11,Friday,20,False,False
201800016310,NonLethal,Daylight,No,NoIntersection,Normal,NoCollision,3,Wednesday,10,False,False
201800031975,NonLethal,Daylight,Yes,T-type,VeryGood,Other,10,Friday,13,False,False
201800055953,NonLethal,NightStreelightsOff,Yes,NoIntersection,Normal,2Vehicles-BehindVehicles-Frontal,11,Sunday,3,True,True
201800018878,NonLethal,NightNoStreetLight,No,NoIntersection,Normal,Other,12,Saturday,4,True,True
201800022825,NonLethal,Daylight,Yes,NoIntersection,Normal,2Vehicles-Side,3,Thursday,15,False,False
201800044801,NonLethal,Daylight,No,NoIntersection,Normal,3+Vehicles-Chain,4,Saturday,18,True,False
201800015311,Lethal,Daylight,No,NoIntersection,Normal,3+Vehicles-Multiple,8,Thursday,14,False,False
201800037198,Lethal,TwilightOrDawn,Yes,NoIntersection,HeavyRain,Other,11,Monday,8,False,False
201800028333,NonLethal,Daylight,Yes,X-type,LightRain,2Vehicles-Side,2,Saturday,10,True,False
201800030392,NonLethal,Daylight,Yes,T-type,Normal,2Vehicles-Side,2,Wednesday,19,False,False
201800053668,NonLethal,NightStreelightsOn,Yes,X-type,LightRain,Other,1,Tuesday,6,False,True
201800000395,NonLethal,Daylight,Yes,NoIntersection,Normal,Other,4,Friday,16,False,False
201800021494,NonLethal,Daylight,Yes,NoIntersection,Normal,Other,5,Wednesday,15,False,False
201800039624,NonLethal,Daylight,Yes,NoIntersection,VeryGood,Other,4,Wednesday,9,False,False
201800025789,NonLethal,TwilightOrDawn,Yes,NoIntersection,LightRain,2Vehicles-Behind,4,Sunday,17,True,False
201800017647,NonLethal,NightNoStreetLight,No,NoIntersection,Normal,Other,8,Thursday,3,False,True
201800011631,NonLethal,Daylight,Yes,Roundabout,Normal,2Vehicles-Side,3,Tuesday,11,False,False
201800041120,NonLethal,NightStreelightsOn,Yes,NoIntersection,Normal,2Vehicles-Side,12,Sunday,18,True,False
201800018136,NonLethal,Daylight,No,NoIntersection,Normal,2Vehicles-BehindVehicles-Frontal,11,Friday,7,False,False
201800055756,NonLethal,NightStreelightsOn,Yes,NoIntersection,Normal,3+Vehicles-Chain,12,Friday,17,False,False
201800047803,NonLethal,Daylight,No,NoIntersection,LightRain,2Vehicles-BehindVehicles-Frontal,11,Saturday,10,True,False
201800045842,NonLethal,NightStreelightsOn,No,Other,LightRain,NoCollision,5,Tuesday,5,False,True
201800036502,NonLethal,Daylight,Yes,NoIntersection,Normal,2Vehicles-Side,10,Monday,15,False,False
201800027365,NonLethal,Daylight,Yes,NoIntersection,Normal,Other,7,Thursday,14,False,False
201800026061,NonLethal,Daylight,Yes,NoIntersection,Normal,Other,11,Wednesday,15,False,False
201800046045,NonLethal,Daylight,No,NoIntersection,Normal,Other,8,Friday,11,False,False
201800042183,NonLethal,Daylight,Yes,X-type,Normal,2Vehicles-Side,5,Saturday,17,True,False
201800011760,NonLethal,Daylight,No,NoIntersection,Normal,2Vehicles-BehindVehicles-Frontal,1,Tuesday,12,False,False
201800012074,Lethal,Daylight,No,X-type,Normal,2Vehicles-Side,12,Thursday,8,False,False
201800055130,NonLethal,Daylight,Yes,T-type,Normal,3+Vehicles-Multiple,9,Friday,10,False,False
201800032507,NonLethal,NightStreelightsOn,Yes,NoIntersection,Normal,2Vehicles-BehindVehicles-Frontal,7,Saturday,3,True,True
201800003975,NonLethal,NightStreelightsOn,Yes,Roundabout,Normal,Other,10,Friday,18,False,False
201800020093,NonLethal,NightNoStreetLight,No,NoIntersection,Normal,NoCollision,6,Saturday,0,True,True
201800037771,NonLethal,Daylight,Yes,X-type,Normal,2Vehicles-Side,2,Monday,13,False,False
201800020208,NonLethal,Daylight,No,NoIntersection,VeryGood,2Vehicles-BehindVehicles-Frontal,7,Saturday,18,True,False
201800024008,NonLethal,NightStreelightsOn,Yes,NoIntersection,Normal,Other,9,Sunday,2,True,True
201800029184,NonLethal,NightNoStreetLight,No,NoIntersection,Normal,Other,3,Sunday,7,True,False
201800044573,NonLethal,Daylight,No,NoIntersection,LightRain,Other,1,Sunday,11,True,False
201800001251,NonLethal,NightNoStreetLight,No,NoIntersection,Normal,2Vehicles-BehindVehicles-Frontal,12,Wednesday,18,False,False
201800027895,NonLethal,Daylight,No,NoIntersection,Normal,NoCollision,7,Tuesday,17,False,False
201800056837,NonLethal,NightStreelightsOn,Yes,NoIntersection,Normal,Other,1,Wednesday,20,False,False
201800024536,NonLethal,Daylight,Yes,X-type,Overcast,Other,12,Wednesday,15,False,False
201800043674,NonLethal,Daylight,Yes,NoIntersection,Normal,NoCollision,5,Sunday,11,True,False
201800023613,Lethal,NightNoStreetLight,No,NoIntersection,LightRain,Other,2,Sunday,20,True,False
201800015496,NonLethal,Daylight,Yes,NoIntersection,Normal,Other,8,Tuesday,16,False,False
201800026408,NonLethal,Daylight,Yes,NoIntersection,Normal,3+Vehicles-Chain,5,Sunday,18,True,False
201800000454,NonLethal,Daylight,No,T-type,Normal,2Vehicles-Side,8,Wednesday,7,False,False
201800007088,NonLethal,Daylight,No,X-type,Normal,2Vehicles-Side,9,Tuesday,8,False,False
201800048196,NonLethal,Daylight,Yes,NoIntersection,Normal,2Vehicles-Behind,4,Tuesday,12,False,False
201800011867,NonLethal,NightStreelightsOn,Yes,Square,Normal,Other,2,Friday,21,False,False
201800024757,NonLethal,Daylight,Yes,NoIntersection,Normal,Other,7,Thursday,13,False,False
201800034238,NonLethal,Daylight,Yes,X-type,Normal,2Vehicles-Side,7,Saturday,8,True,False
201800046770,NonLethal,Daylight,No,NoIntersection,Normal,Other,7,Tuesday,9,False,False
201800007758,NonLethal,Daylight,No,NoIntersection,Normal,Other,5,Monday,9,False,False
201800020855,NonLethal,Daylight,Yes,NoIntersection,Normal,Other,7,Friday,20,False,False
201800047546,NonLethal,Daylight,No,NoIntersection,HeavyRain,NoCollision,12,Thursday,19,False,False
201800055943,NonLethal,Daylight,No,NoIntersection,Normal,3+Vehicles-Multiple,3,Saturday,15,True,False
201800055702,NonLethal,Daylight,Yes,NoIntersection,Normal,2Vehicles-Side,11,Saturday,12,True,False
201800049458,NonLethal,Daylight,No,NoIntersection,Overcast,NoCollision,10,Sunday,13,True,False
201800047395,NonLethal,Daylight,Yes,NoIntersection,SnowOrHail,NoCollision,3,Thursday,8,False,False
201800007345,NonLethal,NightStreelightsOn,Yes,X-type,Normal,2Vehicles-Side,6,Sunday,0,True,True
201800005009,Lethal,Daylight,Yes,NoIntersection,Normal,Other,2,Monday,10,False,False
201800055552,NonLethal,Daylight,Yes,NoIntersection,Normal,NoCollision,7,Sunday,9,True,False
201800011295,Lethal,NightNoStreetLight,No,NoIntersection,Normal,2Vehicles-BehindVehicles-Frontal,2,Friday,19,False,False
201800025050,NonLethal,NightStreelightsOn,Yes,Other,Normal,2Vehicles-Side,11,Friday,19,False,False
201800002719,NonLethal,Daylight,No,Other,Normal,2Vehicles-Side,5,Wednesday,11,False,False
201800036730,NonLethal,Daylight,No,Roundabout,Normal,NoCollision,7,Thursday,10,False,False
201800029582,NonLethal,Daylight,Yes,NoIntersection,Normal,Other,11,Friday,14,False,False
201800045939,NonLethal,NightStreelightsOn,No,NoIntersection,Normal,2Vehicles-Behind,6,Friday,4,False,True
201800013666,NonLethal,Daylight,No,NoIntersection,LightRain,2Vehicles-BehindVehicles-Frontal,3,Thursday,15,False,False
201800015179,NonLethal,Daylight,Yes,NoIntersection,Normal,Other,8,Sunday,19,True,False
201800026475,NonLethal,Daylight,Yes,NoIntersection,Normal,Other,11,Thursday,16,False,False
201800032887,NonLethal,Daylight,Yes,X-type,Normal,2Vehicles-Side,9,Sunday,17,True,False
201800009653,NonLethal,Daylight,Yes,NoIntersection,Normal,3+Vehicles-Chain,9,Wednesday,19,False,False
201800046554,NonLethal,Daylight,No,NoIntersection,LightRain,Other,3,Friday,20,False,False
201800005701,NonLethal,Daylight,Yes,NoIntersection,Normal,Other,6,Monday,20,False,False
201800012792,NonLethal,Daylight,No,X-type,Normal,2Vehicles-Side,11,Thursday,14,False,False
201800051043,NonLethal,Daylight,Yes,Square,Normal,2Vehicles-Side,11,Sunday,13,True,False
201800032668,NonLethal,NightStreelightsOn,Yes,NoIntersection,Other,NoCollision,12,Wednesday,21,False,False
201800019366,NonLethal,Daylight,No,T-type,Normal,Other,7,Tuesday,20,False,False
201800008496,NonLethal,Daylight,Yes,NoIntersection,LightRain,2Vehicles-Side,9,Sunday,16,True,False
201800029755,NonLethal,TwilightOrDawn,Yes,NoIntersection,Normal,Other,3,Sunday,7,True,False
201800008071,NonLethal,Daylight,Yes,NoIntersection,Normal,Other,9,Monday,18,False,False
201800020004,Lethal,NightNoStreetLight,No,NoIntersection,Other,3+Vehicles-Multiple,12,Thursday,17,False,False
201800036192,NonLethal,NightStreelightsOn,No,NoIntersection,Normal,Other,9,Sunday,4,True,True
201800055584,NonLethal,NightStreelightsOn,Yes,NoIntersection,Normal,2Vehicles-Behind,5,Wednesday,23,False,False
201800015538,Lethal,NightNoStreetLight,No,T-type,Normal,Other,11,Saturday,22,True,False
201800039502,NonLethal,Daylight,Yes,Square,Normal,Other,7,Thursday,21,False,False
201800038213,NonLethal,Daylight,Yes,NoIntersection,Normal,Other,1,Sunday,15,True,False
201800042750,NonLethal,Daylight,Yes,X-type,Normal,2Vehicles-Side,2,Monday,17,False,False
201800037439,NonLethal,Daylight,Yes,NoIntersection,Normal,3+Vehicles-Chain,5,Tuesday,19,False,False
201800047116,NonLethal,NightStreelightsOn,No,NoIntersection,Normal,3+Vehicles-Chain,12,Wednesday,17,False,False
201800040423,NonLethal,Daylight,Yes,NoIntersection,Normal,Other,6,Friday,16,False,False
201800011999,Lethal,NightNoStreetLight,No,NoIntersection,Normal,Other,8,Sunday,22,True,False
201800041608,NonLethal,Daylight,Yes,NoIntersection,Normal,Other,10,Wednesday,11,False,False
201800016636,NonLethal,TwilightOrDawn,Yes,NoIntersection,Normal,Other,11,Sunday,7,True,False
201800044496,NonLethal,Daylight,No,NoIntersection,Normal,2Vehicles-Behind,1,Wednesday,11,False,False
201800000826,NonLethal,Daylight,No,T-type,Normal,2Vehicles-Side,5,Thursday,18,False,False
201800024946,NonLethal,NightNoStreetLight,No,NoIntersection,HeavyRain,2Vehicles-Behind,7,Tuesday,5,False,True
201800029291,NonLethal,Daylight,No,NoIntersection,Normal,2Vehicles-BehindVehicles-Frontal,2,Monday,11,False,False
201800022827,NonLethal,Daylight,No,Other,Normal,3+Vehicles-Multiple,8,Thursday,19,False,False
201800037120,NonLethal,Daylight,Yes,NoIntersection,Normal,2Vehicles-BehindVehicles-Frontal,6,Sunday,13,True,False
201800035321,NonLethal,Daylight,Yes,NoIntersection,Normal,2Vehicles-Side,5,Wednesday,12,False,False
201800040542,NonLethal,NightStreelightsOn,Yes,X-type,Overcast,2Vehicles-Side,8,Sunday,23,True,False
201800022631,NonLethal,Daylight,Yes,NoIntersection,Normal,NoCollision,11,Saturday,13,True,False
201800026301,NonLethal,NightNoStreetLight,No,NoIntersection,Normal,Other,4,Tuesday,22,False,False
201800024937,NonLethal,Daylight,Yes,Other,Normal,Other,3,Saturday,18,True,False
201800031029,NonLethal,Daylight,Yes,NoIntersection,Normal,2Vehicles-Side,7,Tuesday,10,False,False
201800043174,NonLethal,Daylight,Yes,T-type,Normal,2Vehicles-Behind,1,Monday,9,False,False
201800052747,NonLethal,Daylight,Yes,T-type,Normal,2Vehicles-Side,12,Thursday,16,False,False
201800031240,NonLethal,Daylight,No,Roundabout,Normal,2Vehicles-Side,5,Sunday,13,True,False
201800046772,NonLethal,Daylight,No,NoIntersection,Normal,2Vehicles-Side,7,Wednesday,10,False,False
201800057370,NonLethal,NightStreelightsOff,Yes,X-type,Normal,2Vehicles-BehindVehicles-Frontal,10,Friday,20,False,False
201800001011,NonLethal,NightNoStreetLight,No,NoIntersection,Normal,Other,12,Monday,18,False,False
201800032171,NonLethal,Daylight,Yes,NoIntersection,Normal,Other,2,Saturday,12,True,False
201800003558,NonLethal,NightNoStreetLight,No,NoIntersection,StrongWindOrStorm,NoCollision,4,Saturday,22,True,False
201800028692,NonLethal,Daylight,No,Roundabout,Normal,2Vehicles-Side,3,Wednesday,11,False,False
201800035925,NonLethal,Daylight,Yes,NoIntersection,Normal,NoCollision,8,Monday,20,False,False
201800038748,NonLethal,Daylight,Yes,X-type,Normal,2Vehicles-Side,4,Sunday,16,True,False
201800014180,NonLethal,Daylight,No,NoIntersection,Normal,2Vehicles-BehindVehicles-Frontal,4,Saturday,8,True,False
201800052423,NonLethal,Daylight,Yes,NoIntersection,LightRain,Other,5,Saturday,18,True,False
201800024382,NonLethal,Daylight,Yes,X-type,LightRain,2Vehicles-Side,8,Thursday,16,False,False
201800038644,NonLethal,Daylight,Yes,Y-type,HeavyRain,2Vehicles-Side,11,Monday,9,False,False
201800014057,NonLethal,Daylight,Yes,NoIntersection,Normal,2Vehicles-BehindVehicles-Frontal,5,Tuesday,16,False,False
201800018029,NonLethal,Daylight,No,NoIntersection,Normal,2Vehicles-Side,5,Monday,9,False,False