AccidentId,Gravity,Light,InAgglomeration,IntersectionType,Weather,CollisionType,Month,DayOfWeek,HourOfDay,IsWeekend,IsNight
201800041058,NonLethal,Daylight,Yes,Other,Normal,Other,9,Wednesday,13,False,False
201800009926,NonLethal,Daylight,Yes,NoIntersection,Normal,2Vehicles-Side,10,Wednesday,16,False,False
201800049754,NonLethal,Daylight,No,NoIntersection,Normal,NoCollision,3,Friday,8,False,False
201800012368,NonLethal,NightNoStreetLight,No,NoIntersection,LightRain,NoCollision,5,Tuesday,22,False,False
201800008965,NonLethal,NightStreelightsOn,Yes,T-type,Normal,2Vehicles-Side,5,Wednesday,4,False,True
201800035142,NonLethal,Daylight,Yes,NoIntersection,Normal,2Vehicles-BehindVehicles-Frontal,10,Tuesday,15,False,False
201800022011,NonLethal,NightStreelightsOn,Yes,NoIntersection,SnowOrHail,Other,2,Monday,6,False,True
201800006506,NonLethal,NightStreelightsOn,Yes,NoIntersection,HeavyRain,Other,4,Sunday,8,True,False
201800007618,NonLethal,Daylight,Yes,NoIntersection,Normal,2Vehicles-Behind,5,Saturday,15,True,False
201800011073,NonLethal,NightStreelightsOn,Yes,T-type,Normal,2Vehicles-Side,1,Friday,21,False,False
201800012435,NonLethal,Daylight,No,NoIntersection,Normal,Other,7,Sunday,7,True,False
201800025620,NonLethal,Daylight,Yes,NoIntersection,Normal,2Vehicles-Side,11,Friday,10,False,False
201800033460,NonLethal,Daylight,Yes,T-type,Normal,NoCollision,8,Saturday,13,True,False
201800026077,NonLethal,Daylight,No,NoIntersection,Normal,NoCollision,10,Tuesday,12,False,False
201800027064,NonLethal,Daylight,Yes,NoIntersection,Normal,Other,9,Thursday,8,False,False
201800050593,NonLethal,Daylight,Yes,X-type,Normal,Other,8,Tuesday,13,False,False
201800040579,NonLethal,NightStreelightsOn,Yes,NoIntersection,Normal,Other,5,Thursday,18,False,False
201800026490,NonLethal,TwilightOrDawn,Yes,Other,Normal,Other,11,Tuesday,19,False,False
201800034876,NonLethal,NightStreelightsOn,Yes,T-type,Normal,2Vehicles-Side,5,Saturday,23,True,False
201800029647,NonLethal,Daylight,Yes,NoIntersection,Normal,Other,11,Monday,13,False,False
201800054423,NonLethal,Daylight,Yes,Y-type,Normal,Other,5,Friday,10,False,False
201800016953,NonLethal,Daylight,Yes,NoIntersection,Normal,Other,6,Monday,15,False,False
201800014390,NonLethal,Daylight,No,X-type,Normal,2Vehicles-Side,10,Wednesday,16,False,False
201800003343,NonLethal,Daylight,Yes,NoIntersection,Normal,Other,8,Tuesday,19,False,False
201800051907,NonLethal,Daylight,Yes,Y-type,Normal,2Vehicles-Behind,1,Saturday,10,True,False
201800055107,NonLethal,Daylight,Yes,NoIntersection,Normal,NoCollision,3,Friday,11,False,False
201800008563,NonLethal,Daylight,Yes,X-type,Normal,2Vehicles-Side,2,Tuesday,10,False,False
201800035470,NonLethal,Daylight,Yes,Roundabout,Normal,Other,10,Friday,13,False,False
201800026011,NonLethal,TwilightOrDawn,Yes,NoIntersection,Normal,2Vehicles-BehindVehicles-Frontal,6,Saturday,21,True,False
201800010858,NonLethal,NightStreelightsOn,No,NoIntersection,Overcast,NoCollision,6,Sunday,22,True,False
201800028314,NonLethal,TwilightOrDawn,Yes,NoIntersection,Normal,2Vehicles-Side,1,Saturday,17,True,False
201800034117,NonLethal,NightStreelightsOn,No,NoIntersection,Normal,3+Vehicles-Multiple,11,Monday,17,False,False
201800056244,NonLethal,Daylight,No,NoIntersection,Normal,2Vehicles-Side,11,Saturday,13,True,False
201800048921,NonLethal,Daylight,No,NoIntersection,Normal,2Vehicles-Side,6,Thursday,18,False,False
201800024520,NonLethal,NightStreelightsOn,Yes,NoIntersection,LightRain,Other,11,Friday,3,False,True
201800051108,NonLethal,Daylight,Yes,Y-type,Normal,Other,6,Saturday,20,True,False
201800025107,NonLethal,Daylight,Yes,X-type,Normal,2Vehicles-Side,9,Friday,11,False,False
201800045318,NonLethal,Daylight,No,NoIntersection,Normal,2Vehicles-Side,10,Friday,16,False,False
201800001399,NonLethal,NightStreelightsOn,Yes,X-type,Normal,2Vehicles-Side,3,Thursday,19,False,False
201800044855,NonLethal,Daylight,No,NoIntersection,Normal,2Vehicles-Side,5,Friday,17,False,False
201800017563,NonLethal,Daylight,No,X-type,Normal,2Vehicles-Behind,9,Sunday,12,True,False
201800015396,NonLethal,TwilightOrDawn,No,NoIntersection,Normal,Other,6,Tuesday,6,False,True
201800046317,NonLethal,Daylight,No,NoIntersection,Normal,Other,12,Wednesday,12,False,False
201800024244,NonLethal,Daylight,Yes,NoIntersection,Normal,NoCollision,1,Wednesday,17,False,False
201800035381,NonLethal,Daylight,Yes,NoIntersection,Normal,2Vehicles-Behind,5,Monday,18,False,False
201800037081,NonLethal,Daylight,Yes,NoIntersection,Normal,Other,10,Thursday,16,False,False
201800034498,NonLethal,NightStreelightsOn,Yes,T-type,Normal,Other,11,Thursday,20,False,False
201800030714,NonLethal,Daylight,Yes,NoIntersection,Normal,2Vehicles-Behind,4,Sunday,11,True,False
201800028584,NonLethal,NightStreelightsOn,Yes,NoIntersection,Normal,Other,9,Wednesday,22,False,False
201800034707,NonLethal,TwilightOrDawn,Yes,NoIntersection,Normal,Other,12,Thursday,17,False,False
201800015110,NonLethal,Daylight,Yes,Other,Normal,2Vehicles-Side,7,Friday,10,False,False
201800005532,NonLethal,Daylight,Yes,T-type,Normal,2Vehicles-Side,8,Monday,16,False,False
201800006079,NonLethal,Daylight,No,NoIntersection,Normal,3+Vehicles-Chain,6,Thursday,18,False,False
201800041037,NonLethal,Daylight,Yes,NoIntersection,Normal,2Vehicles-Behind,6,Saturday,18,True,False
201800028381,NonLethal,Daylight,Yes,NoIntersection,HeavyRain,2Vehicles-Side,4,Wednesday,9,False,False
201800050680,NonLethal,NightStreelightsOn,Yes,NoIntersection,Normal,Other,4,Monday,21,False,False
201800050207,NonLethal,Daylight,Yes,T-type,Normal,2Vehicles-Side,11,Thursday,8,False,False
201800021734,NonLethal,Daylight,No,NoIntersection,Normal,Other,7,Sunday,14,True,False
201800055069,NonLethal,Daylight,Yes,NoIntersection,Normal,Other,7,Sunday,7,True,False
201800055477,NonLethal,NightStreelightsOn,Yes,Y-type,Normal,2Vehicles-Side,6,Friday,22,False,False
201800019930,NonLethal,Daylight,No,NoIntersection,Normal,2Vehicles-Behind,9,Tuesday,17,False,False
201800024872,NonLethal,Daylight,Yes,X-type,Normal,2Vehicles-BehindVehicles-Frontal,8,Friday,16,False,False
201800017941,Lethal,Daylight,No,X-type,Normal,2Vehicles-Side,11,Tuesday,13,False,False
201800029272,NonLethal,NightNoStreetLight,Yes,NoIntersection,Normal,Other,6,Saturday,1,True,True
201800052857,NonLethal,Daylight,Yes,T-type,Normal,2Vehicles-Behind,10,Saturday,13,True,False
201800030748,NonLethal,Daylight,Yes,X-type,LightRain,2Vehicles-Side,2,Wednesday,9,False,False
201800006718,NonLethal,Daylight,No,NoIntersection,Normal,2Vehicles-Behind,6,Friday,10,False,False
201800050468,NonLethal,Daylight,Yes,NoIntersection,Normal,2Vehicles-Behind,7,Wednesday,20,False,False
201800036861,NonLethal,TwilightOrDawn,Yes,NoIntersection,HeavyRain,Other,9,Friday,8,False,False
201800036117,NonLethal,Daylight,Yes,NoIntersection,Normal,Other,2,Wednesday,19,False,False
201800011520,NonLethal,Daylight,Yes,NoIntersection,Normal,2Vehicles-Behind,9,Friday,16,False,False
201800040292,NonLethal,Daylight,Yes,NoIntersection,Normal,2Vehicles-Side,5,Friday,15,False,False
201800054007,NonLethal,NightStreelightsOn,Yes,X-type,LightRain,Other,10,Tuesday,23,False,False
201800027722,NonLethal,NightStreelightsOn,Yes,X-type,Normal,2Vehicles-Side,1,Friday,0,False,True
201800017247,NonLethal,Daylight,No,NoIntersection,LightRain,Other,8,Friday,14,False,False
201800038974,NonLethal,NightStreelightsOn,Yes,NoIntersection,Overcast,Other,12,Friday,3,False,True
201800009473,NonLethal,Daylight,Yes,T-type,Normal,2Vehicles-BehindVehicles-Frontal,3,Thursday,9,False,False
201800034783,NonLethal,NightStreelightsOn,Yes,T-type,Normal,2Vehicles-Side,3,Monday,1,False,True
201800028353,NonLethal,Daylight,Yes,X-type,Normal,Other,3,Monday,13,False,False
201800018095,NonLethal,Daylight,No,NoIntersection,Normal,2Vehicles-BehindVehicles-Frontal,1,Thursday,15,False,False
201800038281,NonLethal,Daylight,Yes,Other,Normal,Other,5,Tuesday,14,False,False
201800053826,NonLethal,Daylight,Yes,NoIntersection,Normal,Other,7,Tuesday,11,False,False
201800045893,NonLethal,Daylight,No,NoIntersection,Normal,2Vehicles-Side,1,Saturday,16,True,False
201800014029,NonLethal,NightStreelightsOn,Yes,NoIntersection,Normal,Other,4,Saturday,1,True,True
201800040786,NonLethal,NightStreelightsOn,Yes,NoIntersection,LightRain,2Vehicles-Side,11,Saturday,22,True,False
201800004340,NonLethal,Daylight,Yes,NoIntersection,Normal,2Vehicles-Side,5,Thursday,17,False,False
201800049285,Lethal,NightNoStreetLight,No,NoIntersection,Normal,NoCollision,9,Friday,6,False,True
201800018944,Lethal,NightNoStreetLight,No,NoIntersection,Normal,NoCollision,3,Tuesday,22,False,False
201800038212,NonLethal,Daylight,Yes,NoIntersection,Normal,2Vehicles-Behind,6,Monday,13,False,False
201800004623,NonLethal,Daylight,Yes,Roundabout,Normal,2Vehicles-Side,5,Thursday,8,False,False
201800046759,NonLethal,Daylight,No,NoIntersection,Normal,NoCollision,7,Friday,14,False,False
201800016553,NonLethal,NightNoStreetLight,No,T-type,FogOrSmoke,Other,10,Friday,7,False,False
201800029250,NonLethal,Daylight,Yes,NoIntersection,Normal,2Vehicles-Behind,12,Tuesday,17,False,False
201800043285,NonLethal,TwilightOrDawn,Yes,Other,Normal,3+Vehicles-Chain,11,Thursday,8,False,False
201800057144,NonLethal,NightStreelightsOn,Yes,NoIntersection,HeavyRain,NoCollision,12,Saturday,22,True,False
201800016630,NonLethal,Daylight,No,NoIntersection,Normal,Other,8,Monday,15,False,False
201800002396,NonLethal,Daylight,No,T-type,Normal,3+Vehicles-Multiple,5,Friday,14,False,False
201800054032,NonLethal,Daylight,Yes,Y-type,Normal,Other,3,Wednesday,9,False,False
201800002903,Lethal,NightStreelightsOn,Yes,Square,Normal,2Vehicles-Side,9,Thursday,3,False,True
201800030364,NonLethal,Daylight,Yes,NoIntersection,Normal,2Vehicles-Side,1,Thursday,15,False,False
201800037830,NonLethal,Daylight,Yes,NoIntersection,Normal,2Vehicles-BehindVehicles-Frontal,7,Tuesday,13,False,False
201800016573,NonLethal,Daylight,No,NoIntersection,VeryGood,Other,4,Thursday,20,False,False
201800048644,NonLethal,NightStreelightsOn,No,NoIntersection,Normal,2Vehicles-Side,10,Friday,22,False,False
201800028081,NonLethal,Daylight,Yes,T-type,Normal,2Vehicles-Side,8,Wednesday,17,False,False
201800052393,NonLethal,Daylight,Yes,X-type,Normal,2Vehicles-Side,4,Tuesday,15,False,False
201800036910,NonLethal,Daylight,Yes,MoreThan4Branches,Normal,2Vehicles-Behind,7,Sunday,19,True,False
201800041340,NonLethal,TwilightOrDawn,Yes,NoIntersection,Normal,Other,1,Thursday,19,False,False
201800042873,NonLethal,Daylight,Yes,NoIntersection,Normal,Other,6,Friday,11,False,False
201800015262,NonLethal,Daylight,Yes,NoIntersection,Normal,Other,7,Thursday,9,False,False
201800056040,NonLethal,Daylight,Yes,X-type,Normal,2Vehicles-Side,11,Tuesday,16,False,False
201800041763,NonLethal,Daylight,Yes,NoIntersection,LightRain,Other,12,Thursday,8,False,False
201800002632,NonLethal,NightNoStreetLight,No,NoIntersection,Normal,Other,4,Saturday,5,True,True
201800014347,NonLethal,Daylight,No,NoIntersection,Normal,NoCollision,7,Wednesday,15,False,False
201800022256,NonLethal,Daylight,No,NoIntersection,Normal,2Vehicles-BehindVehicles-Frontal,2,Sunday,15,True,False
201800004413,NonLethal,Daylight,Yes,Other,Normal,Other,6,Sunday,19,True,False
201800008084,NonLethal,NightNoStreetLight,Yes,NoIntersection,Normal,Other,11,Sunday,21,True,False
201800031513,NonLethal,Daylight,No,NoIntersection,HeavyRain,Other,9,Thursday,17,False,False
201800000074,NonLethal,Daylight,Yes,X-type,Normal,Other,5,Saturday,18,True,False
201800038739,NonLethal,Daylight,Yes,NoIntersection,Normal,2Vehicles-Behind,1,Saturday,11,True,False
201800011909,NonLethal,Daylight,No,Y-type,LightRain,2Vehicles-Side,1,Thursday,10,False,False
201800004445,NonLethal,Daylight,Yes,X-type,Normal,3+Vehicles-Multiple,3,Saturday,11,True,False
201800051071,NonLethal,Daylight,Yes,MoreThan4Branches,Normal,Other,5,Sunday,9,True,False
201800005579,NonLethal,NightStreelightsOn,Yes,NoIntersection,Normal,Other,2,Thursday,2,False,True
201800046576,NonLethal,NightNoStreetLight,No,NoIntersection,Normal,2Vehicles-Behind,5,Tuesday,5,False,True
201800048048,NonLethal,Daylight,Yes,NoIntersection,Normal,Other,1,Wednesday,16,False,False
201800015230,NonLethal,Daylight,No,NoIntersection,Normal,2Vehicles-Side,10,Tuesday,15,False,False
201800033943,NonLethal,NightStreelightsOn,Yes,T-type,Other,Other,1,Tuesday,18,False,False
201800019031,NonLethal,Daylight,Yes,Roundabout,Normal,2Vehicles-Side,6,Wednesday,15,False,False
201800047227,NonLethal,Daylight,Yes,Roundabout,Normal,2Vehicles-Side,7,Wednesday,16,False,False
201800005399,NonLethal,Daylight,Yes,T-type,HeavyRain,NoCollision,4,Monday,12,False,False
201800038967,NonLethal,Daylight,Yes,NoIntersection,Normal,Other,10,Tuesday,17,False,False
201800046349,NonLethal,NightNoStreetLight,No,NoIntersection,Other,2Vehicles-Behind,1,Saturday,0,True,True
201800051739,NonLethal,Daylight,Yes,X-type,Normal,Other,6,Sunday,11,True,False
201800032873,NonLethal,Daylight,Yes,Other,Normal,2Vehicles-Behind,6,Thursday,13,False,False
201800055750,NonLethal,Daylight,Yes,Y-type,Overcast,Other,12,Wednesday,9,False,False
201800032427,NonLethal,Daylight,Yes,NoIntersection,Normal,Other,4,Monday,19,False,False
201800027385,NonLethal,NightStreelightsOff,Yes,NoIntersection,Normal,Other,8,Saturday,21,True,False
201800052651,NonLethal,NightStreelightsOn,Yes,X-type,LightRain,Other,1,Saturday,6,True,True
201800023149,NonLethal,Daylight,Yes,NoIntersection,Normal,Other,7,Saturday,17,True,False
201800046389,NonLethal,Daylight,No,NoIntersection,LightRain,2Vehicles-Behind,1,Wednesday,14,False,False
201800049728,NonLethal,NightNoStreetLight,No,Other,Normal,2Vehicles-Behind,3,Wednesday,21,False,False
201800048144,Lethal,Daylight,Yes,NoIntersection,Overcast,Other,3,Friday,9,False,False
201800003926,NonLethal,Daylight,No,NoIntersection,Normal,3+Vehicles-Multiple,8,Saturday,17,True,False
201800055979,NonLethal,Daylight,No,NoIntersection,Normal,2Vehicles-BehindVehicles-Frontal,8,Saturday,8,True,False
201800034800,NonLethal,NightNoStreetLight,Yes,NoIntersection,Other,NoCollision,11,Friday,0,False,True
201800020844,NonLethal,Daylight,No,NoIntersection,Normal,NoCollision,6,Monday,7,False,False
201800038098,NonLethal,Daylight,Yes,NoIntersection,Normal,Other,4,Wednesday,9,False,False
201800020352,Lethal,NightNoStreetLight,No,NoIntersection,Normal,3+Vehicles-Multiple,8,Monday,20,False,False
201800048819,NonLethal,TwilightOrDawn,No,NoIntersection,Normal,NoCollision,5,Wednesday,7,False,False
201800022203,NonLethal,Daylight,No,X-type,Normal,2Vehicles-Side,9,Friday,20,False,False
201800017028,NonLethal,TwilightOrDawn,No,NoIntersection,Normal,Other,7,Saturday,21,True,False
201800036388,NonLethal,NightStreelightsOn,Yes,NoIntersection,Normal,2Vehicles-BehindVehicles-Frontal,1,Friday,19,False,False
201800008911,NonLethal,Daylight,Yes,NoIntersection,Normal,2Vehicles-Side,4,Wednesday,18,False,False
201800034927,Lethal,NightNoStreetLight,Yes,NoIntersection,FogOrSmoke,NoCollision,12,Monday,0,False,True
201800023858,NonLethal,Daylight,Yes,NoIntersection,LightRain,2Vehicles-Behind,2,Tuesday,11,False,False
201800050090,NonLethal,NightNoStreetLight,No,NoIntersection,Overcast,2Vehicles-Behind,1,Thursday,18,False,False
201800050092,NonLethal,Daylight,No,NoIntersection,LightRain,Other,11,Friday,14,False,False
201800024968,NonLethal,Daylight,Yes,NoIntersection,Normal,NoCollision,10,Monday,13,False,False
201800022546,Lethal,Daylight,No,NoIntersection,Normal,NoCollision,2,Friday,8,False,False
201800044502,NonLethal,TwilightOrDawn,No,NoIntersection,Overcast,3+Vehicles-Chain,5,Tuesday,8,False,False
201800029540,NonLethal,Daylight,Yes,T-type,Normal,Other,7,Friday,13,False,False
201800040170,NonLethal,Daylight,Yes,T-type,LightRain,2Vehicles-Behind,4,Tuesday,16,False,False
201800026204,NonLethal,NightStreelightsOn,Yes,NoIntersection,Normal,3+Vehicles-Chain,10,Tuesday,21,False,False
201800041824,NonLethal,Daylight,Yes,NoIntersection,Overcast,Other,12,Friday,13,False,False
201800001740,NonLethal,Daylight,Yes,Other,Normal,3+Vehicles-Chain,4,Tuesday,14,False,False
201800015541,NonLethal,TwilightOrDawn,Yes,Roundabout,LightRain,2Vehicles-Behind,1,Tuesday,8,False,False
201800042965,NonLethal,Daylight,Yes,T-type,Normal,2Vehicles-Behind,5,Wednesday,8,False,False
201800031693,NonLethal,TwilightOrDawn,Yes,T-type,Normal,2Vehicles-Side,3,Thursday,19,False,False
201800036456,NonLethal,NightStreelightsOn,Yes,NoIntersection,Normal,NoCollision,7,Friday,23,False,False
201800016389,NonLethal,Daylight,No,NoIntersection,LightRain,Other,12,Wednesday,12,False,False
201800056650,NonLethal,Daylight,No,NoIntersection,Normal,Other,10,Friday,6,False,True
201800019038,NonLethal,Daylight,Yes,NoIntersection,LightRain,NoCollision,3,Saturday,10,True,False
201800024613,NonLethal,Daylight,Yes,NoIntersection,LightRain,2Vehicles-Behind,1,Saturday,16,True,False
201800044805,NonLethal,Daylight,No,NoIntersection,Normal,3+Vehicles-Chain,4,Sunday,15,True,False
201800051165,NonLethal,NightStreelightsOn,Yes,X-type,Normal,Other,12,Saturday,0,True,True
201800053004,NonLethal,Daylight,Yes,Square,Normal,Other,5,Wednesday,13,False,False
201800056832,NonLethal,Daylight,Yes,T-type,Normal,2Vehicles-Side,1,Saturday,9,True,False
201800057195,NonLethal,Daylight,Yes,Other,Normal,3+Vehicles-Chain,4,Saturday,13,True,False
201800000028,NonLethal,Daylight,Yes,NoIntersection,Normal,Other,6,Sunday,12,True,False
201800039805,NonLethal,NightStreelightsOn,Yes,T-type,Normal,Other,6,Sunday,22,True,False
201800008340,NonLethal,NightStreelightsOn,Yes,T-type,Normal,2Vehicles-Side,1,Friday,7,False,False
201800051271,NonLethal,NightStreelightsOn,Yes,NoIntersection,Normal,NoCollision,11,Wednesday,18,False,False
201800019144,NonLethal,NightStreelightsOn,Yes,NoIntersection,LightRain,NoCollision,7,Friday,23,False,False
201800057367,NonLethal,Daylight,Yes,Other,Normal,Other,10,Wednesday,12,False,False
201800037695,NonLethal,NightStreelightsOn,Yes,X-type,LightRain,2Vehicles-Side,2,Monday,21,False,False
201800014170,NonLethal,Daylight,No,NoIntersection,Normal,2Vehicles-Behind,9,Sunday,15,True,False
201800000810,NonLethal,Daylight,No,NoIntersection,Normal,2Vehicles-Side,11,Friday,12,False,False
201800051776,NonLethal,Daylight,Yes,Square,Normal,2Vehicles-Behind,7,Monday,14,False,False
201800044068,NonLethal,Daylight,No,NoIntersection,Normal,2Vehicles-Behind,6,Friday,9,False,False
201800052199,NonLethal,Daylight,Yes,Square,Normal,2Vehicles-Side,10,Sunday,18,True,False
201800039980,NonLethal,Daylight,Yes,X-type,Normal,2Vehicles-Side,9,Friday,21,False,False
201800032860,NonLethal,NightStreelightsOn,Yes,NoIntersection,LightRain,Other,11,Saturday,1,True,True
201800005526,NonLethal,NightStreelightsOn,Yes,T-type,Normal,2Vehicles-Side,11,Wednesday,21,False,False
201800013141,NonLethal,Daylight,Yes,NoIntersection,Normal,NoCollision,10,Tuesday,11,False,False
201800003867,NonLethal,Daylight,No,NoIntersection,Normal,2Vehicles-Side,11,Monday,10,False,False
201800001847,NonLethal,TwilightOrDawn,Yes,NoIntersection,Normal,Other,12,Wednesday,7,False,False
201800006500,NonLethal,NightNoStreetLight,No,NoIntersection,Normal,Other,9,Sunday,21,True,False
201800030159,Lethal,Daylight,No,NoIntersection,Overcast,2Vehicles-Side,6,Monday,7,False,False
201800021911,NonLethal,Daylight,No,NoIntersection,Normal,Other,5,Thursday,12,False,False
201800031312,NonLethal,NightStreelightsOn,Yes,NoIntersection,Normal,Other,9,Monday,22,False,False
201800049989,NonLethal,Daylight,No,NoIntersection,Normal,2Vehicles-Behind,8,Monday,19,False,False
201800052728,NonLethal,Daylight,Yes,X-type,Normal,Other,5,Sunday,9,True,False
201800040661,NonLethal,Daylight,Yes,T-type,Normal,NoCollision,8,Saturday,18,True,False
201800026503,NonLethal,Daylight,Yes,NoIntersection,Normal,2Vehicles-Behind,11,Wednesday,10,False,False
201800016969,Lethal,Daylight,No,NoIntersection,Normal,Other,5,Tuesday,8,False,False
201800005634,NonLethal,Daylight,No,NoIntersection,Normal,2Vehicles-BehindVehicles-Frontal,7,Wednesday,15,False,False
201800009617,NonLethal,Daylight,Yes,NoIntersection,Normal,Other,8,Thursday,12,False,False
201800044069,NonLethal,Daylight,No,Other,Normal,2Vehicles-Behind,6,Friday,13,False,False
201800044284,NonLethal,Daylight,No,NoIntersection,Normal,2Vehicles-Side,5,Thursday,17,False,False
201800004105,Lethal,NightNoStreetLight,No,NoIntersection,Normal,2Vehicles-BehindVehicles-Frontal,11,Monday,19,False,False
201800051161,NonLethal,Daylight,Yes,Square,Normal,2Vehicles-Behind,3,Thursday,10,False,False
201800039755,NonLethal,NightStreelightsOn,Yes,NoIntersection,FogOrSmoke,2Vehicles-Behind,11,Friday,20,False,False
201800042209,NonLethal,Daylight,Yes,T-type,Normal,NoCollision,10,Sunday,10,True,False
201800053343,NonLethal,Daylight,Yes,X-type,Normal,2Vehicles-Side,4,Sunday,19,True,False
201800024974,NonLethal,Daylight,No,NoIntersection,Normal,2Vehicles-Behind,10,Thursday,8,False,False
201800029189,NonLethal,Daylight,No,X-type,Normal,2Vehicles-Side,7,Monday,9,False,False
201800043366,NonLethal,Daylight,Yes,NoIntersection,Normal,Other,2,Monday,8,False,False
201800008440,NonLethal,Daylight,Yes,T-type,Normal,2Vehicles-Side,1,Tuesday,13,False,False
201800044493,NonLethal,NightStreelightsOff,No,NoIntersection,LightRain,3+Vehicles-Chain,1,Tuesday,17,False,False
201800008412,NonLethal,NightStreelightsOn,Yes,NoIntersection,HeavyRain,2Vehicles-Behind,1,Friday,18,False,False
201800003350,NonLethal,Daylight,No,NoIntersection,LightRain,2Vehicles-BehindVehicles-Frontal,11,Friday,13,False,False
201800031900,NonLethal,Daylight,Yes,NoIntersection,LightRain,2Vehicles-BehindVehicles-Frontal,9,Sunday,15,True,False
201800028994,NonLethal,NightNoStreetLight,No,NoIntersection,Normal,2Vehicles-BehindVehicles-Frontal,1,Thursday,21,False,False
201800047341,NonLethal,Daylight,Yes,T-type,LightRain,2Vehicles-Side,1,Monday,13,False,False
201800057509,NonLethal,Daylight,Yes,T-type,Normal,2Vehicles-Behind,10,Tuesday,9,False,False
201800030402,NonLethal,NightNoStreetLight,No,NoIntersection,Normal,2Vehicles-BehindVehicles-Frontal,7,Monday,4,False,True
201800008705,NonLethal,NightStreelightsOn,Yes,NoIntersection,Normal,NoCollision,3,Tuesday,22,False,False
201800002411,NonLethal,Daylight,Yes,NoIntersection,Normal,Other,4,Friday,17,False,False
201800019316,NonLethal,Daylight,No,NoIntersection,Normal,2Vehicles-Side,5,Saturday,16,True,False
201800024902,NonLethal,Daylight,Yes,NoIntersection,Normal,2Vehicles-Behind,9,Saturday,12,True,False
201800021645,NonLethal,Daylight,No,NoIntersection,Normal,NoCollision,7,Thursday,10,False,False
201800010203,NonLethal,NightStreelightsOn,Yes,Roundabout,LightRain,2Vehicles-Behind,12,Sunday,21,True,False
201800044967,NonLethal,Daylight,No,NoIntersection,Normal,NoCollision,10,Saturday,16,True,False
201800034740,NonLethal,NightStreelightsOn,Yes,NoIntersection,LightRain,2Vehicles-Behind,1,Tuesday,6,False,True
201800021396,NonLethal,Daylight,No,NoIntersection,HeavyRain,2Vehicles-Behind,3,Sunday,12,True,False
201800005097,Lethal,NightStreelightsOn,Yes,NoIntersection,Normal,Other,9,Wednesday,5,False,True
201800025645,NonLethal,NightNoStreetLight,No,NoIntersection,Overcast,NoCollision,12,Saturday,5,True,True
201800038049,NonLethal,TwilightOrDawn,Yes,NoIntersection,Normal,2Vehicles-Side,10,Saturday,18,True,False
201800055354,NonLethal,Daylight,Yes,NoIntersection,Normal,3+Vehicles-Chain,4,Monday,17,False,False
201800005715,NonLethal,Daylight,Yes,NoIntersection,Normal,Other,4,Saturday,10,True,False
201800056824,NonLethal,Daylight,Yes,NoIntersection,Normal,2Vehicles-Side,10,Monday,17,False,False
201800029411,NonLethal,Daylight,Yes,NoIntersection,Normal,3+Vehicles-Chain,5,Thursday,8,False,False
201800044170,NonLethal,Daylight,No,NoIntersection,Normal,Other,8,Sunday,13,True,False
201800020374,NonLethal,Daylight,No,NoIntersection,Normal,NoCollision,5,Saturday,14,True,False
201800014266,NonLethal,Daylight,No,NoIntersection,Normal,3+Vehicles-Multiple,7,Sunday,18,True,False
201800027220,NonLethal,NightStreelightsOn,Yes,NoIntersection,Normal,Other,4,Tuesday,5,False,True
201800057339,NonLethal,Daylight,Yes,NoIntersection,Normal,Other,7,Monday,17,False,False
201800007178,NonLethal,NightNoStreetLight,No,NoIntersection,Normal,2Vehicles-Behind,3,Saturday,23,True,False
201800052490,NonLethal,Daylight,Yes,X-type,Normal,2Vehicles-Side,3,Thursday,20,False,False
201800032087,NonLethal,Daylight,No,X-type,Normal,Other,3,Wednesday,6,False,True
201800031486,NonLethal,Daylight,No,NoIntersection,HeavyRain,3+Vehicles-Chain,9,Monday,16,False,False
201800031705,NonLethal,Daylight,Yes,NoIntersection,Normal,Other,7,Wednesday,16,False,False
201800004611,NonLethal,Daylight,Yes,NoIntersection,Normal,Other,1,Wednesday,12,False,False
201800047678,NonLethal,Daylight,Yes,T-type,Normal,2Vehicles-BehindVehicles-Frontal,9,Thursday,18,False,False
201800023599,NonLethal,Daylight,No,NoIntersection,Normal,Other,2,Sunday,15,True,False
201800022599,NonLethal,Daylight,Yes,T-type,Normal,2Vehicles-Side,8,Tuesday,7,False,False
201800049171,NonLethal,Daylight,No,NoIntersection,Normal,2Vehicles-Side,11,Friday,7,False,False
201800021401,NonLethal,Daylight,Yes,T-type,Normal,2Vehicles-Side,3,Monday,17,False,False
201800008954,NonLethal,Daylight,Yes,NoIntersection,Normal,NoCollision,5,Friday,12,False,False
201800016502,Lethal,Daylight,No,X-type,Normal,2Vehicles-Side,5,Tuesday,9,False,False
201800034621,NonLethal,NightNoStreetLight,No,NoIntersection,Normal,3+Vehicles-Chain,1,Wednesday,20,False,False
201800053259,NonLethal,Daylight,Yes,NoIntersection,LightRain,Other,1,Wednesday,16,False,False
201800053636,NonLethal,Daylight,Yes,T-type,Normal,Other,12,Friday,10,False,False
201800000247,NonLethal,Daylight,Yes,NoIntersection,Normal,NoCollision,4,Saturday,19,True,False
201800032739,NonLethal,Daylight,No,NoIntersection,Normal,2Vehicles-BehindVehicles-Frontal,5,Thursday,19,False,False
201800018388,NonLethal,Daylight,No,NoIntersection,Normal,2Vehicles-Side,9,Wednesday,14,False,False