AccidentId,Gravity,Light,InAgglomeration,IntersectionType,Weather,CollisionType,Month,DayOfWeek,HourOfDay,IsWeekend,IsNight
201800007505,NonLethal,NightNoStreetLight,No,NoIntersection,LightRain,2Vehicles-Side,1,Sunday,20,True,False
201800044362,NonLethal,NightNoStreetLight,No,NoIntersection,Normal,Other,7,Wednesday,0,False,True
201800014806,NonLethal,Daylight,No,X-type,VeryGood,2Vehicles-Side,2,Monday,14,False,False
201800018749,NonLethal,Daylight,No,NoIntersection,Normal,2Vehicles-BehindVehicles-Frontal,1,Thursday,17,False,False
201800010131,NonLethal,Daylight,Yes,T-type,HeavyRain,2Vehicles-Side,11,Friday,13,False,False
201800004880,Lethal,Daylight,No,NoIntersection,Normal,NoCollision,3,Thursday,10,False,False
201800038229,NonLethal,TwilightOrDawn,Yes,X-type,Normal,Other,9,Friday,7,False,False
201800044782,NonLethal,Daylight,No,NoIntersection,Normal,3+Vehicles-Multiple,4,Tuesday,14,False,False
201800040619,NonLethal,Daylight,Yes,NoIntersection,Normal,Other,9,Thursday,17,False,False
201800037840,NonLethal,Daylight,Yes,X-type,Normal,Other,8,Wednesday,20,False,False
201800031431,Lethal,TwilightOrDawn,No,NoIntersection,Normal,Other,6,Friday,21,False,False
201800051457,NonLethal,Daylight,Yes,NoIntersection,Normal,Other,3,Tuesday,13,False,False
201800024424,NonLethal,NightStreelightsOn,Yes,X-type,Normal,2Vehicles-Side,9,Monday,21,False,False
201800046542,NonLethal,Daylight,No,NoIntersection,Normal,3+Vehicles-Chain,4,Thursday,17,False,False
201800018649,NonLethal,Daylight,Yes,X-type,LightRain,2Vehicles-Side,11,Thursday,8,False,False
201800012475,Lethal,Daylight,No,NoIntersection,VeryGood,Other,10,Thursday,10,False,False
201800017506,Lethal,Daylight,No,NoIntersection,Normal,2Vehicles-Behind,7,Tuesday,15,False,False
201800031195,NonLethal,Daylight,No,Roundabout,Normal,2Vehicles-Side,2,Tuesday,16,False,False
201800000877,NonLethal,Daylight,Yes,Roundabout,Normal,2Vehicles-Behind,9,Monday,11,False,False
201800037945,NonLethal,Daylight,Yes,Y-type,Normal,2Vehicles-Side,8,Sunday,12,True,False
201800048924,NonLethal,Daylight,No,NoIntersection,Normal,3+Vehicles-Multiple,6,Wednesday,13,False,False
201800045937,NonLethal,Daylight,No,NoIntersection,Normal,2Vehicles-Behind,6,Tuesday,12,False,False
201800020025,NonLethal,Daylight,No,NoIntersection,Normal,2Vehicles-Side,11,Tuesday,11,False,False
201800019513,NonLethal,Daylight,Yes,NoIntersection,Normal,2Vehicles-Behind,10,Friday,11,False,False
201800024912,NonLethal,Daylight,Yes,Other,Normal,Other,9,Wednesday,12,False,False
201800006405,Lethal,Daylight,No,NoIntersection,LightRain,3+Vehicles-Multiple,4,Monday,12,False,False
201800006263,NonLethal,Daylight,No,NoIntersection,Normal,Other,4,Monday,12,False,False
201800056566,NonLethal,Daylight,Yes,NoIntersection,Normal,Other,11,Wednesday,15,False,False
201800028718,NonLethal,Daylight,Yes,NoIntersection,Normal,Other,4,Wednesday,19,False,False
201800011630,NonLethal,Daylight,Yes,X-type,Normal,2Vehicles-BehindVehicles-Frontal,5,Tuesday,19,False,False
201800018240,NonLethal,Daylight,Yes,NoIntersection,Normal,2Vehicles-Behind,9,Monday,15,False,False
201800055136,NonLethal,Daylight,Yes,NoIntersection,Normal,2Vehicles-Behind,9,Wednesday,15,False,False
201800030539,NonLethal,Daylight,Yes,Roundabout,Normal,2Vehicles-Behind,3,Thursday,10,False,False
201800021224,NonLethal,Daylight,Yes,NoIntersection,LightRain,3+Vehicles-Chain,1,Friday,16,False,False
201800032082,NonLethal,NightNoStreetLight,No,NoIntersection,LightRain,2Vehicles-BehindVehicles-Frontal,11,Saturday,3,True,True
201800041809,NonLethal,Daylight,Yes,NoIntersection,LightRain,2Vehicles-Behind,11,Monday,10,False,False
201800040977,NonLethal,NightStreelightsOn,Yes,NoIntersection,Normal,2Vehicles-Side,11,Tuesday,20,False,False
201800008651,NonLethal,Daylight,Yes,NoIntersection,Normal,Other,10,Wednesday,12,False,False
201800000890,NonLethal,Daylight,No,NoIntersection,Normal,2Vehicles-Behind,12,Monday,8,False,False
201800055292,NonLethal,Daylight,Yes,NoIntersection,Normal,3+Vehicles-Chain,3,Friday,16,False,False
201800020094,NonLethal,NightNoStreetLight,No,NoIntersection,StrongWindOrStorm,NoCollision,1,Wednesday,20,False,False
201800028182,NonLethal,Daylight,Yes,Other,Overcast,2Vehicles-Side,12,Monday,9,False,False
201800001443,NonLethal,NightNoStreetLight,No,X-type,Normal,2Vehicles-Side,1,Tuesday,19,False,False
201800032535,NonLethal,Daylight,Yes,X-type,Normal,Other,8,Sunday,9,True,False
201800007060,NonLethal,Daylight,No,X-type,Normal,2Vehicles-Side,9,Friday,10,False,False
201800037427,NonLethal,Daylight,Yes,NoIntersection,Normal,2Vehicles-Behind,4,Friday,9,False,False
201800034901,NonLethal,NightStreelightsOn,Yes,X-type,Normal,2Vehicles-Side,1,Wednesday,19,False,False
201800017040,NonLethal,Daylight,No,T-type,Normal,2Vehicles-Side,6,Thursday,20,False,False
201800018810,Lethal,Daylight,No,T-type,Normal,3+Vehicles-Multiple,10,Tuesday,14,False,False
201800034188,Lethal,Daylight,No,X-type,VeryGood,3+Vehicles-Multiple,6,Tuesday,18,False,False
201800003764,NonLethal,Daylight,No,NoIntersection,Normal,2Vehicles-BehindVehicles-Frontal,12,Saturday,14,True,False
201800042484,NonLethal,Daylight,Yes,NoIntersection,Normal,Other,7,Thursday,11,False,False
201800053568,NonLethal,NightStreelightsOn,Yes,NoIntersection,Normal,NoCollision,10,Saturday,20,True,False
201800029276,NonLethal,NightNoStreetLight,No,NoIntersection,Normal,Other,7,Friday,22,False,False
201800034079,NonLethal,NightStreelightsOn,Yes,X-type,Normal,2Vehicles-Side,10,Friday,7,False,False
201800014203,NonLethal,Daylight,No,NoIntersection,Normal,3+Vehicles-Chain,6,Thursday,7,False,False
201800005474,NonLethal,Daylight,No,NoIntersection,LightRain,2Vehicles-Side,10,Tuesday,18,False,False
201800038814,NonLethal,Daylight,Yes,NoIntersection,Normal,3+Vehicles-Multiple,5,Tuesday,16,False,False
201800021481,NonLethal,Daylight,Yes,NoIntersection,Normal,Other,2,Saturday,16,True,False
201800047017,NonLethal,NightNoStreetLight,No,NoIntersection,Normal,2Vehicles-Behind,11,Tuesday,3,False,True
201800011536,NonLethal,Daylight,No,X-type,Normal,2Vehicles-Side,9,Tuesday,16,False,False
201800056578,NonLethal,Daylight,Yes,NoIntersection,Overcast,Other,2,Friday,11,False,False
201800054055,NonLethal,Daylight,Yes,T-type,Normal,2Vehicles-Side,6,Monday,19,False,False
201800021652,NonLethal,Daylight,No,NoIntersection,Normal,Other,10,Wednesday,12,False,False
201800023362,NonLethal,NightStreelightsOn,Yes,T-type,Normal,2Vehicles-Side,11,Thursday,21,False,False
201800052288,NonLethal,NightStreelightsOn,Yes,NoIntersection,Normal,2Vehicles-Side,12,Friday,7,False,False
201800001126,NonLethal,Daylight,Yes,NoIntersection,Normal,2Vehicles-Side,3,Friday,18,False,False
201800048774,NonLethal,NightStreelightsOn,Yes,X-type,Overcast,2Vehicles-BehindVehicles-Frontal,12,Friday,20,False,False
201800054780,NonLethal,NightStreelightsOn,Yes,T-type,Normal,2Vehicles-Side,4,Sunday,23,True,False
201800021257,NonLethal,Daylight,Yes,T-type,Normal,2Vehicles-Behind,7,Thursday,11,False,False
201800045339,NonLethal,NightStreelightsOff,No,NoIntersection,Normal,3+Vehicles-Multiple,10,Thursday,7,False,False
201800020662,NonLethal,NightStreelightsOn,Yes,NoIntersection,LightRain,Other,12,Friday,17,False,False
201800036458,NonLethal,Daylight,Yes,NoIntersection,Normal,2Vehicles-Side,7,Saturday,15,True,False
201800035954,NonLethal,Daylight,Yes,NoIntersection,Normal,Other,11,Monday,8,False,False
201800040707,NonLethal,Daylight,Yes,NoIntersection,VeryGood,Other,9,Monday,9,False,False
201800039292,NonLethal,Daylight,Yes,NoIntersection,Normal,2Vehicles-Side,8,Tuesday,10,False,False
201800006212,NonLethal,Daylight,No,NoIntersection,Normal,2Vehicles-BehindVehicles-Frontal,10,Saturday,10,True,False
201800013218,NonLethal,Daylight,No,NoIntersection,VeryGood,2Vehicles-Side,8,Thursday,16,False,False
201800027984,NonLethal,Daylight,Yes,NoIntersection,Normal,Other,7,Wednesday,12,False,False
201800043570,NonLethal,Daylight,Yes,X-type,Normal,2Vehicles-Side,7,Thursday,21,False,False
201800052202,NonLethal,Daylight,Yes,Square,Normal,NoCollision,10,Wednesday,8,False,False
201800026665,NonLethal,Daylight,Yes,NoIntersection,Normal,2Vehicles-BehindVehicles-Frontal,7,Monday,7,False,False
201800039354,NonLethal,Daylight,Yes,NoIntersection,Normal,2Vehicles-Side,3,Sunday,20,True,False
201800051846,NonLethal,NightStreelightsOn,Yes,T-type,Overcast,2Vehicles-Side,11,Thursday,20,False,False
201800022275,NonLethal,Daylight,No,NoIntersection,LightRain,Other,1,Monday,14,False,False
201800054341,NonLethal,Daylight,Yes,Y-type,Normal,Other,2,Monday,15,False,False
201800038613,NonLethal,Daylight,Yes,Other,Normal,Other,8,Tuesday,20,False,False
201800056517,NonLethal,NightNoStreetLight,Yes,NoIntersection,LightRain,NoCollision,2,Wednesday,19,False,False
201800006909,NonLethal,NightNoStreetLight,No,NoIntersection,Normal,3+Vehicles-Chain,11,Thursday,17,False,False
201800013986,Lethal,NightNoStreetLight,No,NoIntersection,Normal,Other,7,Sunday,2,True,True
201800038505,NonLethal,NightStreelightsOn,Yes,NoIntersection,LightRain,Other,10,Wednesday,18,False,False
201800028774,NonLethal,Daylight,Yes,NoIntersection,Normal,3+Vehicles-Chain,8,Thursday,15,False,False
201800004279,NonLethal,Daylight,No,NoIntersection,VeryGood,2Vehicles-BehindVehicles-Frontal,8,Thursday,8,False,False
201800023023,NonLethal,Daylight,Yes,NoIntersection,Normal,2Vehicles-Behind,4,Monday,8,False,False
201800043182,NonLethal,Daylight,Yes,T-type,SnowOrHail,2Vehicles-Side,7,Monday,12,False,False
201800014524,NonLethal,NightNoStreetLight,No,NoIntersection,Normal,Other,3,Thursday,20,False,False
201800017072,NonLethal,Daylight,Yes,X-type,Normal,2Vehicles-Side,5,Sunday,12,True,False
201800049670,NonLethal,Daylight,No,NoIntersection,Normal,2Vehicles-Side,1,Wednesday,8,False,False
201800034662,NonLethal,Daylight,Yes,NoIntersection,Normal,2Vehicles-Behind,10,Sunday,9,True,False
201800015588,NonLethal,Daylight,No,X-type,Normal,2Vehicles-Side,5,Friday,16,False,False
201800037690,NonLethal,Daylight,Yes,X-type,Normal,3+Vehicles-Chain,4,Tuesday,8,False,False
201800015885,NonLethal,NightNoStreetLight,No,NoIntersection,LightRain,Other,11,Wednesday,19,False,False
201800038890,NonLethal,NightStreelightsOn,Yes,T-type,Normal,2Vehicles-Side,2,Friday,5,False,True
201800057014,Lethal,NightStreelightsOn,Yes,NoIntersection,Normal,3+Vehicles-Multiple,8,Saturday,23,True,False
201800037895,NonLethal,Daylight,Yes,NoIntersection,Normal,Other,3,Tuesday,8,False,False
201800056393,NonLethal,Daylight,Yes,T-type,Normal,2Vehicles-BehindVehicles-Frontal,8,Sunday,15,True,False
201800057348,Lethal,Daylight,Yes,NoIntersection,Normal,Other,8,Thursday,11,False,False
201800055215,NonLethal,Daylight,Yes,Y-type,Normal,Other,12,Thursday,13,False,False
201800034034,NonLethal,Daylight,Yes,NoIntersection,Normal,2Vehicles-Side,7,Saturday,15,True,False
201800018909,NonLethal,Daylight,Yes,Other,Normal,2Vehicles-Side,10,Monday,14,False,False
201800050319,NonLethal,Daylight,Yes,T-type,Normal,Other,9,Monday,13,False,False
201800008546,NonLethal,Daylight,Yes,Other,LightRain,NoCollision,2,Saturday,9,True,False
201800027534,NonLethal,Daylight,Yes,NoIntersection,Normal,2Vehicles-Side,11,Tuesday,12,False,False
201800015943,NonLethal,Daylight,Yes,X-type,Normal,2Vehicles-Side,7,Friday,10,False,False
201800042036,NonLethal,Daylight,Yes,NoIntersection,Normal,2Vehicles-Side,4,Tuesday,10,False,False
201800005928,NonLethal,Daylight,Yes,T-type,HeavyRain,2Vehicles-BehindVehicles-Frontal,7,Wednesday,11,False,False
201800028222,NonLethal,TwilightOrDawn,Yes,Roundabout,Overcast,2Vehicles-Side,1,Monday,17,False,False
201800056527,NonLethal,NightStreelightsOn,Yes,NoIntersection,Normal,Other,9,Saturday,23,True,False
201800045700,NonLethal,Daylight,No,NoIntersection,SnowOrHail,NoCollision,2,Tuesday,9,False,False
201800005853,NonLethal,TwilightOrDawn,Yes,NoIntersection,Normal,Other,11,Wednesday,16,False,False
201800024701,NonLethal,NightStreelightsOn,Yes,X-type,Normal,2Vehicles-Side,3,Monday,20,False,False
201800010475,NonLethal,NightNoStreetLight,No,NoIntersection,Normal,Other,12,Thursday,3,False,True
201800053718,NonLethal,NightStreelightsOn,Yes,Y-type,Overcast,Other,3,Friday,20,False,False
201800004014,Lethal,NightNoStreetLight,No,NoIntersection,Normal,2Vehicles-Behind,2,Friday,18,False,False
201800023425,NonLethal,Daylight,Yes,T-type,Normal,Other,5,Tuesday,14,False,False
201800055319,NonLethal,Daylight,Yes,NoIntersection,Normal,2Vehicles-Behind,4,Friday,19,False,False
201800036034,NonLethal,Daylight,Yes,NoIntersection,LightRain,2Vehicles-Behind,3,Wednesday,14,False,False
201800036452,NonLethal,Daylight,Yes,NoIntersection,Normal,2Vehicles-Behind,7,Sunday,7,True,False
201800010635,NonLethal,Daylight,No,X-type,Normal,2Vehicles-BehindVehicles-Frontal,5,Saturday,11,True,False
201800007116,NonLethal,Daylight,No,NoIntersection,VeryGood,3+Vehicles-Multiple,12,Saturday,9,True,False
201800015852,NonLethal,TwilightOrDawn,No,NoIntersection,Normal,Other,8,Monday,5,False,True
201800044768,NonLethal,Daylight,No,NoIntersection,Normal,2Vehicles-Behind,4,Friday,7,False,False
201800007009,NonLethal,Daylight,No,NoIntersection,Normal,3+Vehicles-Chain,7,Saturday,11,True,False
201800017532,NonLethal,Daylight,No,NoIntersection,Overcast,2Vehicles-BehindVehicles-Frontal,11,Tuesday,9,False,False
201800036960,NonLethal,NightStreelightsOn,Yes,NoIntersection,Normal,3+Vehicles-Chain,1,Monday,19,False,False
201800005569,NonLethal,NightStreelightsOn,No,NoIntersection,Normal,3+Vehicles-Multiple,1,Monday,20,False,False
201800045763,NonLethal,Daylight,No,NoIntersection,Normal,2Vehicles-Behind,3,Friday,8,False,False
201800027459,NonLethal,Daylight,Yes,X-type,Normal,2Vehicles-Side,2,Saturday,8,True,False
201800056160,NonLethal,Daylight,No,NoIntersection,Normal,2Vehicles-BehindVehicles-Frontal,12,Sunday,16,True,False
201800001358,NonLethal,Daylight,Yes,NoIntersection,Normal,2Vehicles-BehindVehicles-Frontal,9,Monday,13,False,False
201800035540,NonLethal,Daylight,Yes,NoIntersection,Normal,3+Vehicles-Multiple,5,Wednesday,16,False,False
201800031191,NonLethal,Daylight,Yes,NoIntersection,Normal,Other,12,Sunday,7,True,False
201800003827,NonLethal,NightStreelightsOn,Yes,Roundabout,SnowOrHail,Other,2,Monday,18,False,False
201800053515,NonLethal,Daylight,Yes,X-type,LightRain,Other,9,Thursday,10,False,False
201800017063,NonLethal,Daylight,Yes,Other,Normal,NoCollision,10,Thursday,16,False,False
201800032205,NonLethal,Daylight,Yes,T-type,Normal,2Vehicles-Side,12,Saturday,16,True,False
201800057311,NonLethal,TwilightOrDawn,No,NoIntersection,Normal,2Vehicles-BehindVehicles-Frontal,4,Saturday,6,True,True
201800042360,NonLethal,Daylight,Yes,NoIntersection,Normal,2Vehicles-Side,9,Friday,18,False,False
201800044910,NonLethal,Daylight,No,NoIntersection,Normal,3+Vehicles-Chain,5,Friday,14,False,False
201800051791,NonLethal,Daylight,Yes,X-type,Normal,2Vehicles-Side,3,Thursday,8,False,False
201800053254,NonLethal,Daylight,Yes,MoreThan4Branches,Normal,2Vehicles-Side,1,Monday,15,False,False
201800046043,NonLethal,Daylight,No,NoIntersection,Normal,2Vehicles-Side,8,Thursday,8,False,False
201800021190,NonLethal,NightStreelightsOn,Yes,NoIntersection,HeavyRain,2Vehicles-BehindVehicles-Frontal,12,Monday,17,False,False
201800022624,NonLethal,Daylight,No,NoIntersection,LightRain,2Vehicles-BehindVehicles-Frontal,10,Monday,17,False,False
201800049822,NonLethal,Daylight,No,NoIntersection,Normal,2Vehicles-Behind,5,Thursday,18,False,False
201800050344,NonLethal,Daylight,Yes,T-type,LightRain,Other,12,Tuesday,8,False,False
201800052339,NonLethal,NightStreelightsOn,Yes,NoIntersection,Normal,Other,2,Saturday,17,True,False
201800023357,NonLethal,Daylight,Yes,NoIntersection,Normal,3+Vehicles-Chain,6,Monday,9,False,False
201800001386,NonLethal,Daylight,No,NoIntersection,Normal,NoCollision,4,Thursday,12,False,False
201800049062,NonLethal,Daylight,No,NoIntersection,Normal,2Vehicles-Behind,11,Sunday,15,True,False
201800000614,NonLethal,TwilightOrDawn,No,NoIntersection,Normal,2Vehicles-BehindVehicles-Frontal,2,Monday,7,False,False
201800042114,NonLethal,NightStreelightsOn,Yes,X-type,LightRain,2Vehicles-Side,11,Wednesday,22,False,False
201800049859,NonLethal,Daylight,No,NoIntersection,Normal,2Vehicles-Behind,5,Monday,18,False,False
201800027521,NonLethal,NightStreelightsOff,No,NoIntersection,Overcast,Other,11,Tuesday,23,False,False
201800023293,NonLethal,Daylight,No,NoIntersection,Normal,2Vehicles-Behind,10,Tuesday,8,False,False
201800041506,NonLethal,Daylight,Yes,NoIntersection,Normal,Other,10,Sunday,10,True,False
201800000224,NonLethal,Daylight,Yes,NoIntersection,Normal,2Vehicles-Side,10,Saturday,18,True,False
201800035528,NonLethal,Daylight,Yes,Other,Normal,3+Vehicles-Multiple,4,Saturday,14,True,False
201800034590,NonLethal,Daylight,Yes,NoIntersection,LightRain,Other,10,Wednesday,11,False,False
201800011780,NonLethal,Daylight,No,NoIntersection,Normal,2Vehicles-Side,8,Friday,15,False,False
201800038907,NonLethal,NightStreelightsOn,Yes,NoIntersection,HeavyRain,NoCollision,4,Monday,5,False,True
201800036608,NonLethal,NightStreelightsOn,Yes,T-type,LightRain,2Vehicles-Side,10,Thursday,7,False,False
201800051200,NonLethal,Daylight,Yes,Square,Normal,2Vehicles-Side,9,Wednesday,8,False,False
201800027663,NonLethal,NightStreelightsOn,Yes,Roundabout,Normal,2Vehicles-Side,12,Wednesday,8,False,False
201800017836,NonLethal,Daylight,No,NoIntersection,LightRain,Other,12,Monday,9,False,False
201800033965,NonLethal,Daylight,Yes,NoIntersection,Normal,2Vehicles-Side,4,Wednesday,11,False,False
201800002496,NonLethal,NightStreelightsOn,Yes,T-type,Normal,2Vehicles-Side,8,Thursday,22,False,False
201800048773,NonLethal,Daylight,Yes,NoIntersection,LightRain,2Vehicles-Behind,12,Friday,12,False,False
201800021282,NonLethal,Daylight,Yes,NoIntersection,Overcast,Other,4,Friday,14,False,False
201800035092,NonLethal,NightStreelightsOn,Yes,NoIntersection,Normal,NoCollision,7,Friday,23,False,False
201800054964,NonLethal,Daylight,Yes,T-type,HeavyRain,Other,3,Wednesday,9,False,False
201800056126,Lethal,NightNoStreetLight,No,NoIntersection,Normal,2Vehicles-BehindVehicles-Frontal,10,Thursday,21,False,False
201800052239,NonLethal,TwilightOrDawn,Yes,T-type,Normal,2Vehicles-Side,7,Wednesday,18,False,False
201800043612,NonLethal,Daylight,Yes,NoIntersection,Normal,Other,5,Saturday,12,True,False
201800047174,NonLethal,TwilightOrDawn,Yes,NoIntersection,VeryGood,2Vehicles-Behind,2,Thursday,7,False,False
201800015048,NonLethal,Daylight,No,NoIntersection,LightRain,Other,5,Sunday,17,True,False
201800010348,NonLethal,Daylight,Yes,T-type,Normal,Other,3,Friday,16,False,False
201800036000,NonLethal,NightStreelightsOn,Yes,NoIntersection,Normal,Other,2,Wednesday,3,False,True
201800027307,NonLethal,Daylight,Yes,NoIntersection,LightRain,NoCollision,5,Saturday,19,True,False
201800056366,NonLethal,Daylight,Yes,NoIntersection,Normal,2Vehicles-BehindVehicles-Frontal,11,Friday,17,False,False
201800052035,NonLethal,Daylight,Yes,NoIntersection,LightRain,2Vehicles-Side,5,Monday,18,False,False
201800009185,NonLethal,Daylight,Yes,NoIntersection,Normal,NoCollision,6,Sunday,20,True,False
201800029010,NonLethal,Daylight,Yes,NoIntersection,Normal,Other,11,Tuesday,12,False,False
201800029983,NonLethal,Daylight,Yes,NoIntersection,LightRain,2Vehicles-Behind,12,Wednesday,8,False,False
201800014420,NonLethal,TwilightOrDawn,Yes,NoIntersection,Normal,Other,8,Friday,5,False,True
201800032488,NonLethal,Daylight,Yes,NoIntersection,Normal,NoCollision,6,Friday,19,False,False
201800005546,NonLethal,Daylight,Yes,NoIntersection,Overcast,Other,1,Wednesday,10,False,False
201800023811,NonLethal,Daylight,Yes,NoIntersection,SnowOrHail,Other,1,Wednesday,14,False,False
201800005031,NonLethal,TwilightOrDawn,Yes,T-type,Normal,NoCollision,9,Sunday,19,True,False
201800042643,NonLethal,NightStreelightsOn,Yes,X-type,Normal,2Vehicles-BehindVehicles-Frontal,1,Sunday,19,True,False
201800003292,Lethal,Daylight,No,NoIntersection,Normal,Other,7,Saturday,18,True,False
201800027858,NonLethal,Daylight,No,NoIntersection,Normal,2Vehicles-BehindVehicles-Frontal,6,Friday,17,False,False
201800011084,NonLethal,Daylight,Yes,NoIntersection,Normal,NoCollision,7,Tuesday,18,False,False
201800032296,NonLethal,Daylight,Yes,Roundabout,Normal,2Vehicles-Side,7,Saturday,16,True,False
201800015874,NonLethal,Daylight,No,NoIntersection,Normal,2Vehicles-BehindVehicles-Frontal,9,Tuesday,15,False,False
201800039937,NonLethal,Daylight,Yes,X-type,Normal,2Vehicles-Side,12,Monday,15,False,False
201800011656,NonLethal,Daylight,Yes,NoIntersection,LightRain,Other,4,Saturday,9,True,False
201800049698,NonLethal,Daylight,No,NoIntersection,Normal,3+Vehicles-Multiple,2,Tuesday,8,False,False
201800034199,Lethal,Daylight,No,NoIntersection,Normal,2Vehicles-BehindVehicles-Frontal,8,Friday,17,False,False
201800021317,NonLethal,Daylight,No,X-type,VeryGood,2Vehicles-Side,1,Friday,15,False,False
201800034768,NonLethal,NightNoStreetLight,No,NoIntersection,Normal,2Vehicles-BehindVehicles-Frontal,9,Monday,21,False,False
201800048859,NonLethal,Daylight,No,NoIntersection,LightRain,Other,3,Wednesday,9,False,False
201800003553,NonLethal,NightStreelightsOn,Yes,NoIntersection,Normal,Other,7,Monday,19,False,False
201800043101,NonLethal,Daylight,Yes,NoIntersection,Normal,Other,12,Monday,14,False,False
201800016447,NonLethal,Daylight,No,NoIntersection,Other,Other,1,Tuesday,7,False,False
201800019994,NonLethal,Daylight,No,NoIntersection,Normal,Other,4,Monday,19,False,False
201800051827,NonLethal,Daylight,Yes,X-type,Overcast,Other,10,Sunday,18,True,False
201800048597,NonLethal,Daylight,Yes,MoreThan4Branches,Normal,2Vehicles-Side,10,Saturday,12,True,False
201800045974,NonLethal,Daylight,No,NoIntersection,Normal,2Vehicles-Behind,5,Monday,8,False,False
201800000849,NonLethal,TwilightOrDawn,No,T-type,FogOrSmoke,2Vehicles-Side,8,Saturday,8,True,False
201800040494,NonLethal,Daylight,Yes,Y-type,LightRain,3+Vehicles-Chain,9,Thursday,14,False,False
201800023936,NonLethal,Daylight,Yes,X-type,Normal,2Vehicles-Side,6,Sunday,7,True,False
201800045487,NonLethal,NightNoStreetLight,No,NoIntersection,Normal,3+Vehicles-Chain,11,Friday,19,False,False
201800018504,NonLethal,Daylight,No,X-type,Normal,2Vehicles-Side,5,Friday,19,False,False
201800033913,NonLethal,NightStreelightsOn,Yes,NoIntersection,Normal,Other,12,Saturday,5,True,True
201800034573,NonLethal,NightStreelightsOn,No,Other,Overcast,2Vehicles-Behind,11,Monday,18,False,False
201800006842,NonLethal,Daylight,Yes,NoIntersection,Normal,Other,3,Thursday,9,False,False
201800002532,NonLethal,NightStreelightsOn,Yes,NoIntersection,Normal,2Vehicles-BehindVehicles-Frontal,11,Friday,19,False,False
201800021421,NonLethal,Daylight,Yes,NoIntersection,LightRain,3+Vehicles-Chain,12,Thursday,13,False,False
201800053310,NonLethal,Daylight,Yes,NoIntersection,Normal,2Vehicles-Behind,3,Thursday,9,False,False
201800014091,NonLethal,NightNoStreetLight,No,NoIntersection,Normal,NoCollision,10,Wednesday,7,False,False
201800032130,NonLethal,Daylight,Yes,T-type,Normal,2Vehicles-Side,9,Saturday,19,True,False
201800055060,NonLethal,Daylight,Yes,NoIntersection,Normal,2Vehicles-Behind,7,Sunday,14,True,False
201800050590,NonLethal,Daylight,Yes,X-type,Normal,2Vehicles-Side,8,Wednesday,11,False,False
201800032122,NonLethal,NightStreelightsOn,Yes,T-type,Normal,NoCollision,7,Friday,1,False,True
201800035303,NonLethal,NightStreelightsOn,Yes,NoIntersection,Normal,2Vehicles-Side,10,Friday,22,False,False
201800003856,NonLethal,NightStreelightsOn,Yes,NoIntersection,Normal,Other,10,Saturday,0,True,True
201800043495,NonLethal,Daylight,Yes,NoIntersection,Normal,Other,9,Monday,16,False,False
201800055291,NonLethal,Daylight,Yes,NoIntersection,Normal,2Vehicles-Behind,3,Friday,8,False,False
201800037881,NonLethal,Daylight,Yes,NoIntersection,Normal,2Vehicles-BehindVehicles-Frontal,11,Monday,16,False,False
201800014821,NonLethal,Daylight,No,NoIntersection,Normal,3+Vehicles-Chain,9,Saturday,16,True,False
201800039133,NonLethal,Daylight,Yes,T-type,LightRain,2Vehicles-Side,6,Friday,17,False,False
201800020355,NonLethal,Daylight,No,NoIntersection,Normal,Other,6,Saturday,8,True,False
201800037857,NonLethal,Daylight,Yes,NoIntersection,Normal,2Vehicles-Side,10,Sunday,17,True,False
201800014054,NonLethal,TwilightOrDawn,No,NoIntersection,Normal,2Vehicles-Side,2,Sunday,7,True,False
201800034298,NonLethal,NightStreelightsOn,Yes,X-type,Normal,Other,9,Thursday,21,False,False
201800038031,NonLethal,Daylight,Yes,Other,Normal,2Vehicles-Side,5,Wednesday,13,False,False
201800035001,NonLethal,Daylight,Yes,NoIntersection,Normal,2Vehicles-Behind,3,Thursday,17,False,False
201800053264,NonLethal,NightStreelightsOn,Yes,Roundabout,Normal,2Vehicles-Side,2,Saturday,18,True,False
201800002555,NonLethal,NightNoStreetLight,No,NoIntersection,Other,NoCollision,11,Saturday,4,True,True
201800030508,NonLethal,Daylight,Yes,Roundabout,Normal,2Vehicles-Side,11,Tuesday,16,False,False
201800013508,NonLethal,Daylight,No,NoIntersection,Normal,2Vehicles-BehindVehicles-Frontal,3,Sunday,8,True,False
201800036282,NonLethal,Daylight,Yes,NoIntersection,Normal,2Vehicles-Side,10,Monday,17,False,False
201800029397,NonLethal,Daylight,No,NoIntersection,StrongWindOrStorm,Other,1,Wednesday,14,False,False
201800053460,NonLethal,Daylight,Yes,Square,Normal,Other,7,Tuesday,9,False,False
201800003462,NonLethal,Daylight,Yes,T-type,Normal,2Vehicles-Side,10,Tuesday,17,False,False
201800005249,NonLethal,Daylight,Yes,NoIntersection,Normal,2Vehicles-Behind,6,Wednesday,10,False,False
201800050751,NonLethal,Daylight,Yes,Y-type,Overcast,Other,11,Thursday,9,False,False
201800002701,Lethal,Daylight,Yes,NoIntersection,Normal,2Vehicles-BehindVehicles-Frontal,7,Sunday,16,True,False
201800041210,NonLethal,Daylight,No,T-type,Normal,2Vehicles-Side,3,Friday,17,False,False
201800040718,NonLethal,NightStreelightsOn,Yes,X-type,Normal,2Vehicles-BehindVehicles-Frontal,10,Thursday,18,False,False
201800013452,NonLethal,Daylight,No,NoIntersection,Normal,NoCollision,8,Friday,12,False,False