AccidentId,Gravity,Light,InAgglomeration,IntersectionType,Weather,CollisionType,Month,DayOfWeek,HourOfDay,IsWeekend,IsNight
201800002265,NonLethal,Daylight,No,LevelCrossing,Normal,2Vehicles-Side,2,Friday,9,False,False
201800053813,NonLethal,Daylight,Yes,MoreThan4Branches,Normal,2Vehicles-Side,6,Wednesday,18,False,False
201800005347,NonLethal,Daylight,Yes,NoIntersection,SnowOrHail,Other,2,Wednesday,12,False,False
201800000803,NonLethal,Daylight,No,X-type,Normal,2Vehicles-Side,5,Wednesday,8,False,False
201800056772,Lethal,Daylight,Yes,NoIntersection,Normal,2Vehicles-BehindVehicles-Frontal,12,Wednesday,17,False,False
201800008948,NonLethal,Daylight,Yes,X-type,Normal,2Vehicles-Side,3,Monday,10,False,False
201800039747,NonLethal,Daylight,Yes,NoIntersection,Normal,Other,11,Saturday,8,True,False
201800034237,NonLethal,Daylight,Yes,NoIntersection,Normal,2Vehicles-Behind,7,Thursday,9,False,False
201800034900,NonLethal,Daylight,Yes,NoIntersection,LightRain,2Vehicles-Behind,1,Thursday,16,False,False
201800003334,NonLethal,NightNoStreetLight,No,NoIntersection,Normal,Other,6,Friday,22,False,False
201800015648,NonLethal,NightStreelightsOn,Yes,NoIntersection,Other,NoCollision,1,Saturday,1,True,True
201800052692,NonLethal,Daylight,Yes,T-type,Normal,2Vehicles-BehindVehicles-Frontal,3,Sunday,19,True,False
201800002566,NonLethal,Daylight,No,NoIntersection,Normal,Other,2,Tuesday,14,False,False
201800005951,NonLethal,Daylight,Yes,NoIntersection,Normal,2Vehicles-Side,1,Friday,15,False,False
201800030099,NonLethal,NightNoStreetLight,Yes,NoIntersection,Normal,2Vehicles-BehindVehicles-Frontal,4,Friday,22,False,False
201800054545,NonLethal,NightStreelightsOn,Yes,X-type,Normal,2Vehicles-Behind,9,Tuesday,20,False,False
201800048945,NonLethal,Daylight,No,NoIntersection,Normal,2Vehicles-Behind,7,Monday,14,False,False
201800012296,NonLethal,Daylight,No,NoIntersection,Normal,NoCollision,7,Sunday,16,True,False
201800008432,NonLethal,Daylight,Yes,NoIntersection,Normal,2Vehicles-Side,1,Wednesday,9,False,False
201800022717,Lethal,Daylight,Yes,NoIntersection,HeavyRain,Other,4,Wednesday,12,False,False
201800041589,NonLethal,NightStreelightsOn,Yes,NoIntersection,Normal,Other,8,Saturday,23,True,False
201800010409,NonLethal,Daylight,Yes,Other,Normal,3+Vehicles-Chain,8,Monday,12,False,False
201800046156,NonLethal,NightNoStreetLight,No,NoIntersection,Normal,2Vehicles-Behind,10,Saturday,20,True,False
201800010842,NonLethal,Daylight,No,NoIntersection,Overcast,NoCollision,10,Sunday,16,True,False
201800020473,NonLethal,Daylight,Yes,Roundabout,Normal,Other,11,Sunday,14,True,False
201800053595,NonLethal,Daylight,Yes,X-type,LightRain,Other,11,Monday,11,False,False
201800051243,NonLethal,Daylight,Yes,X-type,Normal,2Vehicles-Side,10,Wednesday,12,False,False
201800025334,NonLethal,NightStreelightsOn,Yes,Y-type,Normal,Other,5,Monday,23,False,False
201800011995,NonLethal,TwilightOrDawn,Yes,Roundabout,Normal,2Vehicles-Side,11,Saturday,17,True,False
201800022500,NonLethal,Daylight,Yes,Roundabout,Normal,2Vehicles-Side,8,Sunday,12,True,False
201800015505,NonLethal,Daylight,Yes,NoIntersection,Normal,Other,3,Tuesday,17,False,False
201800002624,NonLethal,Daylight,No,NoIntersection,Normal,2Vehicles-BehindVehicles-Frontal,1,Monday,13,False,False
201800050161,NonLethal,NightNoStreetLight,No,NoIntersection,Normal,2Vehicles-Side,12,Monday,17,False,False
201800021016,NonLethal,Daylight,Yes,NoIntersection,Normal,2Vehicles-Side,10,Sunday,9,True,False
201800044133,NonLethal,Daylight,No,Other,Normal,2Vehicles-Behind,7,Tuesday,14,False,False
201800005078,NonLethal,NightStreelightsOn,Yes,NoIntersection,Normal,2Vehicles-BehindVehicles-Frontal,7,Sunday,23,True,False
201800039610,NonLethal,NightStreelightsOn,Yes,X-type,LightRain,Other,1,Tuesday,17,False,False
201800046761,NonLethal,Daylight,No,NoIntersection,Normal,3+Vehicles-Chain,7,Saturday,14,True,False
201800012602,NonLethal,Daylight,No,NoIntersection,Normal,2Vehicles-Side,7,Thursday,14,False,False
201800012825,NonLethal,NightNoStreetLight,No,NoIntersection,Normal,2Vehicles-BehindVehicles-Frontal,11,Wednesday,18,False,False
201800045544,NonLethal,Daylight,No,NoIntersection,LightRain,Other,12,Thursday,11,False,False
201800045716,NonLethal,NightNoStreetLight,No,NoIntersection,Normal,2Vehicles-Behind,2,Saturday,3,True,True
201800046656,NonLethal,Daylight,No,NoIntersection,Normal,3+Vehicles-Chain,7,Friday,15,False,False
201800023746,NonLethal,NightStreelightsOn,Yes,NoIntersection,LightRain,2Vehicles-Side,1,Saturday,18,True,False
201800038397,NonLethal,NightStreelightsOn,Yes,Square,Other,2Vehicles-Side,10,Thursday,23,False,False
201800021731,NonLethal,Daylight,No,Y-type,Normal,2Vehicles-Behind,10,Thursday,11,False,False
201800010876,NonLethal,Daylight,No,NoIntersection,Normal,Other,11,Wednesday,14,False,False
201800014523,NonLethal,Daylight,Yes,Roundabout,Normal,2Vehicles-BehindVehicles-Frontal,11,Saturday,12,True,False
201800015209,NonLethal,Daylight,No,NoIntersection,Normal,Other,6,Wednesday,10,False,False
201800038160,NonLethal,NightStreelightsOn,Yes,NoIntersection,Normal,Other,11,Monday,18,False,False
201800048559,NonLethal,Daylight,Yes,NoIntersection,Normal,2Vehicles-Side,9,Tuesday,13,False,False
201800010972,NonLethal,Daylight,No,Other,Normal,2Vehicles-Side,3,Sunday,16,True,False
201800035130,NonLethal,Daylight,Yes,NoIntersection,Normal,2Vehicles-Side,9,Thursday,17,False,False
201800027477,NonLethal,Daylight,Yes,X-type,Overcast,2Vehicles-Side,10,Wednesday,17,False,False
201800012203,NonLethal,Daylight,No,NoIntersection,VeryGood,2Vehicles-BehindVehicles-Frontal,8,Monday,12,False,False
201800011707,NonLethal,Daylight,Yes,NoIntersection,Normal,Other,7,Sunday,17,True,False
201800021866,NonLethal,Daylight,No,NoIntersection,Normal,2Vehicles-BehindVehicles-Frontal,9,Monday,8,False,False
201800054310,NonLethal,Daylight,Yes,T-type,Normal,Other,1,Thursday,17,False,False
201800013496,NonLethal,Daylight,No,NoIntersection,Normal,Other,8,Thursday,9,False,False
201800030773,NonLethal,Daylight,Yes,NoIntersection,Normal,2Vehicles-Side,3,Wednesday,12,False,False
201800006013,NonLethal,Daylight,No,X-type,Normal,2Vehicles-Side,3,Monday,16,False,False
201800024056,NonLethal,Daylight,Yes,X-type,LightRain,Other,12,Monday,11,False,False
201800038461,NonLethal,TwilightOrDawn,Yes,X-type,Normal,Other,7,Saturday,21,True,False
201800027705,NonLethal,Daylight,Yes,NoIntersection,Normal,NoCollision,3,Wednesday,11,False,False
201800009863,NonLethal,Daylight,Yes,Other,Normal,NoCollision,2,Saturday,11,True,False
201800019509,NonLethal,Daylight,Yes,NoIntersection,Normal,2Vehicles-BehindVehicles-Frontal,11,Friday,13,False,False
201800009846,NonLethal,Daylight,Yes,NoIntersection,Normal,Other,10,Thursday,7,False,False
201800050618,NonLethal,NightStreelightsOn,Yes,NoIntersection,Normal,2Vehicles-Behind,10,Saturday,20,True,False
201800013935,NonLethal,NightNoStreetLight,No,NoIntersection,LightRain,Other,1,Tuesday,0,False,True
201800022889,NonLethal,NightStreelightsOn,No,NoIntersection,LightRain,3+Vehicles-Chain,1,Friday,18,False,False
201800043179,NonLethal,Daylight,Yes,T-type,SnowOrHail,Other,5,Wednesday,12,False,False
201800038086,NonLethal,Daylight,Yes,NoIntersection,Normal,2Vehicles-Side,3,Saturday,14,True,False
201800038320,NonLethal,NightStreelightsOn,Yes,X-type,Normal,2Vehicles-Side,12,Sunday,2,True,True
201800020211,NonLethal,Daylight,No,NoIntersection,Normal,NoCollision,5,Tuesday,16,False,False
201800006707,NonLethal,Daylight,No,NoIntersection,Normal,Other,4,Friday,7,False,False
201800029790,NonLethal,NightStreelightsOff,Yes,T-type,FogOrSmoke,Other,11,Friday,19,False,False
201800047377,NonLethal,Daylight,Yes,NoIntersection,Normal,2Vehicles-BehindVehicles-Frontal,2,Tuesday,13,False,False
201800057207,NonLethal,Daylight,No,NoIntersection,Normal,NoCollision,8,Thursday,13,False,False
201800002726,NonLethal,NightStreelightsOn,Yes,Other,LightRain,Other,5,Tuesday,6,False,True
201800016137,Lethal,Daylight,No,NoIntersection,Normal,Other,6,Wednesday,13,False,False
201800050711,NonLethal,Daylight,Yes,T-type,Normal,2Vehicles-Side,7,Monday,11,False,False
201800056849,NonLethal,Daylight,Yes,NoIntersection,Normal,2Vehicles-Side,2,Saturday,14,True,False
201800013010,NonLethal,Daylight,No,NoIntersection,Normal,Other,3,Sunday,16,True,False
201800011565,NonLethal,Daylight,No,NoIntersection,Normal,2Vehicles-Side,10,Wednesday,7,False,False
201800031331,NonLethal,Daylight,Yes,Y-type,Normal,2Vehicles-Side,12,Monday,8,False,False
201800032501,NonLethal,Daylight,Yes,NoIntersection,Normal,Other,7,Monday,10,False,False
201800042798,NonLethal,Daylight,Yes,X-type,Normal,2Vehicles-Side,12,Tuesday,11,False,False
201800041903,NonLethal,Daylight,Yes,Other,Normal,2Vehicles-Side,10,Wednesday,12,False,False
201800045132,NonLethal,Daylight,No,NoIntersection,Normal,3+Vehicles-Chain,8,Wednesday,18,False,False
201800037644,NonLethal,NightStreelightsOn,Yes,Other,Normal,2Vehicles-Behind,9,Sunday,18,True,False
201800046788,NonLethal,Daylight,No,NoIntersection,Normal,2Vehicles-Behind,7,Sunday,19,True,False
201800032760,NonLethal,TwilightOrDawn,Yes,T-type,Normal,2Vehicles-BehindVehicles-Frontal,6,Saturday,5,True,True
201800028866,NonLethal,Daylight,Yes,Roundabout,Overcast,2Vehicles-Side,12,Monday,13,False,False
201800031769,NonLethal,Daylight,Yes,T-type,Normal,2Vehicles-Side,8,Monday,16,False,False
201800055852,NonLethal,NightNoStreetLight,No,Other,Normal,2Vehicles-Side,10,Thursday,19,False,False
201800054945,NonLethal,NightStreelightsOn,Yes,T-type,Normal,Other,9,Monday,1,False,True
201800002598,NonLethal,Daylight,Yes,X-type,Normal,2Vehicles-Side,8,Thursday,18,False,False
201800048120,NonLethal,Daylight,Yes,NoIntersection,Normal,2Vehicles-Side,9,Monday,11,False,False
201800047567,NonLethal,Daylight,Yes,NoIntersection,Normal,Other,6,Friday,19,False,False
201800008094,NonLethal,Daylight,Yes,X-type,Other,Other,11,Wednesday,9,False,False
201800051843,NonLethal,Daylight,Yes,NoIntersection,Normal,2Vehicles-Side,10,Wednesday,15,False,False
201800027240,NonLethal,Daylight,No,Other,Normal,2Vehicles-Behind,4,Friday,16,False,False
201800035353,NonLethal,Daylight,Yes,NoIntersection,Normal,2Vehicles-Behind,8,Tuesday,17,False,False
201800019338,NonLethal,Daylight,Yes,NoIntersection,Normal,2Vehicles-Side,8,Sunday,13,True,False
201800044137,NonLethal,TwilightOrDawn,No,NoIntersection,Normal,2Vehicles-Side,7,Thursday,6,False,True
201800048659,NonLethal,Daylight,Yes,X-type,Normal,Other,10,Saturday,18,True,False
201800055836,NonLethal,Daylight,Yes,NoIntersection,Normal,NoCollision,3,Monday,7,False,False
201800029574,NonLethal,NightStreelightsOn,Yes,X-type,Normal,2Vehicles-Side,1,Tuesday,20,False,False
201800018134,NonLethal,NightNoStreetLight,No,NoIntersection,Normal,NoCollision,10,Friday,22,False,False
201800031067,NonLethal,Daylight,Yes,NoIntersection,Normal,2Vehicles-Behind,10,Thursday,17,False,False
201800037893,NonLethal,Daylight,Yes,NoIntersection,VeryGood,Other,2,Thursday,16,False,False
201800025216,NonLethal,NightStreelightsOn,Yes,NoIntersection,Normal,Other,1,Saturday,5,True,True
201800023001,NonLethal,Daylight,No,NoIntersection,Normal,Other,3,Thursday,18,False,False
201800050509,NonLethal,Daylight,Yes,MoreThan4Branches,Normal,2Vehicles-Side,12,Tuesday,16,False,False
201800029407,NonLethal,Daylight,Yes,X-type,Normal,2Vehicles-Side,4,Friday,14,False,False
201800011498,NonLethal,Daylight,No,NoIntersection,Normal,NoCollision,10,Sunday,17,True,False
201800037049,NonLethal,Daylight,Yes,NoIntersection,Normal,NoCollision,6,Monday,13,False,False
201800053197,NonLethal,Daylight,Yes,X-type,LightRain,NoCollision,11,Sunday,14,True,False
201800024666,NonLethal,Daylight,Yes,Y-type,Normal,2Vehicles-Behind,2,Thursday,10,False,False
201800050255,NonLethal,Daylight,Yes,X-type,Normal,2Vehicles-Side,4,Thursday,19,False,False
201800007396,NonLethal,Daylight,Yes,LevelCrossing,Normal,2Vehicles-Side,9,Sunday,8,True,False
201800035105,NonLethal,Daylight,Yes,NoIntersection,Normal,2Vehicles-Side,8,Friday,19,False,False
201800055818,NonLethal,NightStreelightsOff,Yes,NoIntersection,Normal,Other,3,Thursday,18,False,False
201800055951,Lethal,NightStreelightsOn,No,NoIntersection,Normal,Other,9,Tuesday,19,False,False
201800009881,NonLethal,TwilightOrDawn,Yes,NoIntersection,Normal,2Vehicles-Side,10,Tuesday,19,False,False
201800057028,NonLethal,Daylight,Yes,T-type,Normal,2Vehicles-Side,8,Saturday,12,True,False
201800029868,NonLethal,NightStreelightsOn,No,X-type,Overcast,2Vehicles-Side,3,Monday,17,False,False
201800045773,Lethal,NightStreelightsOn,Yes,NoIntersection,Normal,3+Vehicles-Chain,3,Tuesday,21,False,False
201800057569,NonLethal,TwilightOrDawn,Yes,NoIntersection,Normal,Other,1,Thursday,16,False,False
201800031493,NonLethal,Daylight,Yes,T-type,Normal,2Vehicles-BehindVehicles-Frontal,2,Wednesday,15,False,False
201800022044,NonLethal,Daylight,Yes,X-type,Overcast,2Vehicles-Side,4,Friday,9,False,False
201800045323,NonLethal,TwilightOrDawn,No,NoIntersection,Normal,2Vehicles-Side,10,Saturday,19,True,False
201800000703,NonLethal,Daylight,No,NoIntersection,Normal,NoCollision,2,Sunday,15,True,False
201800021633,NonLethal,Daylight,Yes,NoIntersection,Normal,Other,2,Friday,9,False,False
201800056825,NonLethal,Daylight,Yes,X-type,Normal,2Vehicles-Side,11,Thursday,7,False,False
201800053242,NonLethal,NightStreelightsOn,Yes,Square,LightRain,Other,1,Friday,18,False,False
201800056851,NonLethal,Daylight,Yes,NoIntersection,Overcast,Other,2,Tuesday,12,False,False
201800043622,NonLethal,Daylight,Yes,NoIntersection,Normal,Other,1,Friday,16,False,False
201800046845,NonLethal,Daylight,No,NoIntersection,Normal,2Vehicles-Side,6,Saturday,16,True,False
201800051878,NonLethal,NightStreelightsOn,Yes,X-type,Normal,2Vehicles-Side,12,Saturday,2,True,True
201800054752,NonLethal,NightStreelightsOn,Yes,Square,Normal,Other,6,Sunday,4,True,True
201800003878,NonLethal,Daylight,No,NoIntersection,Normal,Other,5,Saturday,16,True,False
201800008889,NonLethal,NightStreelightsOn,Yes,NoIntersection,Normal,2Vehicles-Side,4,Saturday,23,True,False
201800050283,NonLethal,NightStreelightsOn,Yes,X-type,Normal,Other,6,Tuesday,2,False,True
201800022521,NonLethal,Daylight,No,NoIntersection,Normal,Other,12,Friday,11,False,False
201800006695,NonLethal,NightNoStreetLight,No,NoIntersection,Normal,Other,12,Saturday,19,True,False
201800005364,NonLethal,Daylight,Yes,NoIntersection,Normal,2Vehicles-Behind,4,Friday,11,False,False
201800031283,NonLethal,Daylight,Yes,NoIntersection,Normal,Other,7,Friday,11,False,False
201800051570,NonLethal,Daylight,Yes,NoIntersection,Other,Other,9,Tuesday,10,False,False
201800003089,NonLethal,NightNoStreetLight,No,NoIntersection,Normal,Other,10,Wednesday,23,False,False
201800017109,Lethal,NightNoStreetLight,No,NoIntersection,Normal,Other,5,Sunday,22,True,False
201800047152,NonLethal,NightNoStreetLight,No,NoIntersection,Normal,3+Vehicles-Chain,12,Wednesday,19,False,False
201800017014,NonLethal,Daylight,No,NoIntersection,Normal,Other,9,Friday,13,False,False
201800022756,NonLethal,Daylight,No,NoIntersection,Normal,2Vehicles-BehindVehicles-Frontal,4,Wednesday,8,False,False
201800012848,NonLethal,Daylight,No,X-type,Normal,2Vehicles-Side,4,Friday,8,False,False
201800025308,Lethal,Daylight,Yes,Other,Normal,Other,4,Friday,15,False,False
201800015908,NonLethal,Daylight,No,NoIntersection,Normal,2Vehicles-BehindVehicles-Frontal,1,Sunday,14,True,False
201800028651,NonLethal,NightStreelightsOn,Yes,NoIntersection,LightRain,Other,1,Tuesday,19,False,False
201800000344,NonLethal,Daylight,No,NoIntersection,LightRain,Other,7,Tuesday,11,False,False
201800033126,Lethal,Daylight,Yes,NoIntersection,Normal,Other,5,Thursday,9,False,False
201800051209,NonLethal,NightStreelightsOn,Yes,X-type,Normal,Other,9,Wednesday,20,False,False
201800013022,Lethal,TwilightOrDawn,No,NoIntersection,Normal,2Vehicles-BehindVehicles-Frontal,3,Wednesday,7,False,False
201800002596,NonLethal,Daylight,No,T-type,Normal,2Vehicles-Side,6,Tuesday,15,False,False
201800051327,NonLethal,Daylight,Yes,T-type,HeavyRain,2Vehicles-Side,3,Tuesday,12,False,False
201800037127,NonLethal,TwilightOrDawn,Yes,NoIntersection,Normal,3+Vehicles-Multiple,11,Tuesday,7,False,False
201800041623,NonLethal,Daylight,Yes,LevelCrossing,Normal,Other,11,Thursday,9,False,False
201800032688,NonLethal,NightNoStreetLight,No,NoIntersection,Normal,Other,9,Saturday,23,True,False
201800026684,NonLethal,Daylight,Yes,NoIntersection,Normal,3+Vehicles-Chain,9,Friday,18,False,False
201800032125,NonLethal,Daylight,Yes,Other,Normal,2Vehicles-Side,8,Wednesday,12,False,False
201800022418,NonLethal,Daylight,Yes,T-type,Normal,Other,11,Tuesday,13,False,False
201800034179,Lethal,NightStreelightsOn,Yes,NoIntersection,LightRain,Other,1,Wednesday,3,False,True
201800025234,NonLethal,Daylight,Yes,X-type,Other,NoCollision,2,Wednesday,8,False,False
201800019005,NonLethal,Daylight,No,NoIntersection,Normal,2Vehicles-BehindVehicles-Frontal,3,Sunday,15,True,False
201800036415,NonLethal,Daylight,Yes,NoIntersection,HeavyRain,2Vehicles-Behind,3,Sunday,7,True,False
201800002957,NonLethal,Daylight,No,NoIntersection,Normal,3+Vehicles-Chain,7,Monday,7,False,False
201800010810,NonLethal,Daylight,No,NoIntersection,Normal,2Vehicles-Behind,5,Wednesday,15,False,False
201800039824,NonLethal,Daylight,Yes,NoIntersection,Normal,2Vehicles-Behind,8,Thursday,11,False,False
201800042166,NonLethal,Daylight,Yes,NoIntersection,Normal,Other,4,Thursday,17,False,False
201800001162,NonLethal,Daylight,Yes,Roundabout,Normal,2Vehicles-Side,4,Friday,19,False,False
201800023982,NonLethal,Daylight,Yes,X-type,Normal,2Vehicles-Side,8,Friday,10,False,False
201800054328,NonLethal,Daylight,Yes,X-type,Overcast,NoCollision,5,Wednesday,9,False,False
201800012606,NonLethal,Daylight,No,NoIntersection,Normal,Other,8,Thursday,16,False,False
201800000505,NonLethal,NightStreelightsOff,Yes,NoIntersection,Other,Other,11,Sunday,5,True,True
201800015614,NonLethal,Daylight,Yes,NoIntersection,Normal,2Vehicles-BehindVehicles-Frontal,8,Friday,17,False,False
201800055968,NonLethal,Daylight,Yes,T-type,Normal,2Vehicles-Side,11,Wednesday,16,False,False
201800057331,NonLethal,Daylight,Yes,NoIntersection,Normal,2Vehicles-Behind,7,Thursday,16,False,False
201800020774,NonLethal,NightStreelightsOn,Yes,NoIntersection,Normal,Other,9,Friday,22,False,False
201800048487,NonLethal,Daylight,Yes,NoIntersection,Normal,2Vehicles-Side,9,Saturday,15,True,False
201800008998,NonLethal,Daylight,Yes,NoIntersection,LightRain,2Vehicles-Side,5,Tuesday,7,False,False
201800043338,NonLethal,Daylight,Yes,X-type,Normal,Other,7,Tuesday,12,False,False
201800013556,NonLethal,NightNoStreetLight,No,NoIntersection,Normal,Other,9,Sunday,0,True,True
201800014819,NonLethal,TwilightOrDawn,No,NoIntersection,Normal,NoCollision,9,Sunday,20,True,False
201800056581,NonLethal,TwilightOrDawn,Yes,NoIntersection,LightRain,Other,4,Tuesday,6,False,True
201800014336,NonLethal,Daylight,No,Y-type,Normal,NoCollision,12,Sunday,13,True,False
201800040963,NonLethal,Daylight,Yes,NoIntersection,Normal,2Vehicles-Behind,10,Wednesday,14,False,False
201800044739,NonLethal,Daylight,No,NoIntersection,LightRain,2Vehicles-Behind,4,Tuesday,12,False,False
201800016196,NonLethal,NightNoStreetLight,No,NoIntersection,Normal,Other,4,Friday,22,False,False
201800036042,NonLethal,Daylight,No,NoIntersection,LightRain,3+Vehicles-Chain,4,Monday,9,False,False
201800026733,NonLethal,Daylight,Yes,NoIntersection,SnowOrHail,2Vehicles-Behind,6,Saturday,14,True,False
201800042711,NonLethal,Daylight,Yes,NoIntersection,LightRain,Other,11,Wednesday,9,False,False
201800034633,NonLethal,NightStreelightsOn,Yes,T-type,LightRain,Other,1,Tuesday,19,False,False
201800028710,NonLethal,Daylight,Yes,NoIntersection,Normal,2Vehicles-Side,4,Monday,14,False,False
201800054796,NonLethal,NightStreelightsOn,Yes,X-type,Normal,2Vehicles-Side,9,Tuesday,3,False,True
201800007603,NonLethal,Daylight,No,NoIntersection,Normal,NoCollision,4,Tuesday,16,False,False
201800024438,NonLethal,NightStreelightsOn,Yes,NoIntersection,Normal,2Vehicles-Side,2,Saturday,20,True,False
201800005053,NonLethal,NightNoStreetLight,No,NoIntersection,Normal,Other,8,Friday,21,False,False
201800044372,NonLethal,NightNoStreetLight,No,NoIntersection,LightRain,2Vehicles-BehindVehicles-Frontal,12,Tuesday,6,False,True
201800044451,NonLethal,NightNoStreetLight,No,NoIntersection,Normal,Other,12,Wednesday,18,False,False
201800053531,NonLethal,NightStreelightsOn,Yes,T-type,Normal,Other,9,Saturday,7,True,False
201800008214,NonLethal,Daylight,No,NoIntersection,Normal,2Vehicles-BehindVehicles-Frontal,5,Saturday,19,True,False
201800032264,NonLethal,Daylight,Yes,NoIntersection,Overcast,Other,12,Friday,13,False,False
201800042919,NonLethal,Daylight,Yes,X-type,Normal,2Vehicles-Side,10,Tuesday,14,False,False
201800052918,NonLethal,NightStreelightsOn,Yes,X-type,Normal,2Vehicles-Behind,1,Sunday,20,True,False
201800019187,NonLethal,NightNoStreetLight,No,NoIntersection,Normal,2Vehicles-Side,10,Sunday,19,True,False
201800006632,Lethal,NightNoStreetLight,No,NoIntersection,Normal,Other,1,Friday,2,False,True
201800037339,NonLethal,TwilightOrDawn,Yes,NoIntersection,LightRain,Other,10,Wednesday,19,False,False
201800044942,NonLethal,NightNoStreetLight,No,NoIntersection,Normal,2Vehicles-Behind,6,Monday,1,False,True
201800047183,NonLethal,NightStreelightsOn,Yes,NoIntersection,Normal,2Vehicles-Behind,3,Thursday,19,False,False
201800015471,NonLethal,Daylight,Yes,X-type,Normal,3+Vehicles-Chain,6,Thursday,15,False,False
201800053473,NonLethal,Daylight,Yes,Y-type,Normal,2Vehicles-Behind,6,Friday,11,False,False
201800057174,NonLethal,NightNoStreetLight,No,NoIntersection,Normal,2Vehicles-Behind,4,Sunday,22,True,False
201800041009,NonLethal,NightStreelightsOff,Yes,NoIntersection,Normal,3+Vehicles-Chain,2,Sunday,19,True,False
201800017592,NonLethal,NightNoStreetLight,No,NoIntersection,Normal,2Vehicles-BehindVehicles-Frontal,10,Sunday,6,True,True
201800028416,NonLethal,NightStreelightsOn,Yes,T-type,Normal,Other,4,Saturday,5,True,True
201800053052,NonLethal,Daylight,Yes,NoIntersection,Normal,Other,6,Sunday,15,True,False
201800037856,NonLethal,Daylight,Yes,NoIntersection,Normal,2Vehicles-Side,10,Saturday,8,True,False
201800002441,NonLethal,NightStreelightsOn,Yes,Y-type,Normal,Other,12,Saturday,4,True,True
201800023400,NonLethal,Daylight,No,NoIntersection,LightRain,2Vehicles-Side,12,Wednesday,13,False,False
201800005994,NonLethal,Daylight,No,NoIntersection,Normal,Other,1,Sunday,11,True,False
201800005566,NonLethal,Daylight,Yes,NoIntersection,Normal,2Vehicles-Behind,1,Tuesday,13,False,False
201800044485,NonLethal,NightStreelightsOn,No,NoIntersection,Normal,3+Vehicles-Chain,12,Sunday,3,True,True
201800044440,NonLethal,Daylight,No,NoIntersection,LightRain,2Vehicles-Behind,12,Sunday,16,True,False
201800038042,NonLethal,NightStreelightsOn,Yes,X-type,Normal,NoCollision,8,Wednesday,23,False,False
201800003568,NonLethal,Daylight,Yes,T-type,Normal,2Vehicles-Side,5,Sunday,10,True,False
201800021294,NonLethal,Daylight,Yes,T-type,Normal,Other,6,Tuesday,8,False,False
201800012923,NonLethal,Daylight,No,NoIntersection,Overcast,2Vehicles-Side,11,Thursday,8,False,False
201800003139,NonLethal,TwilightOrDawn,No,NoIntersection,Normal,2Vehicles-Behind,5,Friday,21,False,False
201800043549,NonLethal,Daylight,Yes,NoIntersection,Normal,2Vehicles-Side,4,Thursday,18,False,False
201800043831,NonLethal,NightNoStreetLight,No,Other,LightRain,2Vehicles-Side,2,Tuesday,19,False,False
201800005861,Lethal,Daylight,Yes,LevelCrossing,Normal,Other,12,Tuesday,12,False,False
201800051013,NonLethal,Daylight,Yes,Square,LightRain,2Vehicles-Side,3,Friday,12,False,False
201800031201,NonLethal,Daylight,Yes,X-type,Normal,Other,2,Saturday,16,True,False
201800013136,NonLethal,NightStreelightsOn,Yes,NoIntersection,SnowOrHail,Other,11,Tuesday,19,False,False
201800044840,NonLethal,Daylight,No,NoIntersection,LightRain,Other,4,Monday,15,False,False
201800038928,NonLethal,NightStreelightsOn,Yes,T-type,Normal,2Vehicles-Side,6,Sunday,1,True,True
201800001993,Lethal,NightNoStreetLight,No,NoIntersection,Normal,2Vehicles-BehindVehicles-Frontal,7,Saturday,4,True,True
201800019135,NonLethal,Daylight,No,NoIntersection,Normal,Other,2,Sunday,11,True,False
201800020691,NonLethal,Daylight,Yes,T-type,Overcast,2Vehicles-Side,10,Tuesday,16,False,False
201800025452,NonLethal,Daylight,Yes,NoIntersection,Normal,Other,8,Tuesday,8,False,False
201800027907,NonLethal,NightStreelightsOn,Yes,Roundabout,Normal,NoCollision,4,Sunday,17,True,False
201800054231,NonLethal,NightStreelightsOn,Yes,T-type,Normal,3+Vehicles-Multiple,10,Wednesday,1,False,True
201800009612,NonLethal,NightStreelightsOn,Yes,T-type,Normal,Other,8,Wednesday,21,False,False
201800013585,NonLethal,Daylight,No,NoIntersection,Normal,NoCollision,5,Sunday,19,True,False
201800017849,Lethal,Daylight,No,NoIntersection,Normal,Other,3,Tuesday,13,False,False
201800028796,NonLethal,Daylight,Yes,Roundabout,Normal,2Vehicles-Side,9,Wednesday,15,False,False
201800042770,NonLethal,Daylight,Yes,X-type,Normal,2Vehicles-Side,8,Saturday,15,True,False
201800026580,NonLethal,NightNoStreetLight,Yes,NoIntersection,Normal,2Vehicles-Side,9,Thursday,4,False,True
201800037807,NonLethal,Daylight,Yes,NoIntersection,Normal,Other,5,Sunday,10,True,False
201800040452,NonLethal,NightStreelightsOn,Yes,T-type,LightRain,Other,11,Monday,19,False,False
201800054993,NonLethal,Daylight,Yes,NoIntersection,Normal,NoCollision,4,Thursday,19,False,False
201800005287,NonLethal,Daylight,Yes,NoIntersection,Normal,Other,9,Monday,17,False,False
201800001984,NonLethal,NightNoStreetLight,No,NoIntersection,Normal,NoCollision,6,Monday,20,False,False
201800011615,NonLethal,NightNoStreetLight,No,NoIntersection,Normal,2Vehicles-Side,12,Monday,18,False,False
201800015851,Lethal,Daylight,No,NoIntersection,Normal,2Vehicles-Behind,4,Monday,8,False,False
201800025817,NonLethal,TwilightOrDawn,No,Roundabout,Normal,2Vehicles-Side,6,Saturday,5,True,True