AccidentId,Gravity,Light,InAgglomeration,IntersectionType,Weather,CollisionType,Month,DayOfWeek,HourOfDay,IsWeekend,IsNight
201800046819,NonLethal,Daylight,No,NoIntersection,Normal,2Vehicles-Behind,8,Wednesday,15,False,False
201800009618,NonLethal,Daylight,Yes,NoIntersection,Normal,Other,8,Thursday,8,False,False
201800001853,NonLethal,NightNoStreetLight,No,Roundabout,Overcast,NoCollision,2,Sunday,4,True,True
201800019277,Lethal,Daylight,No,NoIntersection,Normal,2Vehicles-BehindVehicles-Frontal,8,Saturday,19,True,False
201800050589,NonLethal,Daylight,Yes,T-type,Normal,Other,8,Thursday,10,False,False
201800055097,Lethal,Daylight,Yes,NoIntersection,Normal,Other,8,Saturday,13,True,False
201800026543,NonLethal,TwilightOrDawn,Yes,T-type,Normal,2Vehicles-Side,5,Wednesday,8,False,False
201800024105,NonLethal,NightStreelightsOn,Yes,X-type,Normal,2Vehicles-Side,11,Sunday,23,True,False
201800053713,NonLethal,NightStreelightsOn,Yes,MoreThan4Branches,Normal,2Vehicles-Side,2,Saturday,21,True,False
201800057192,NonLethal,Daylight,No,NoIntersection,Normal,3+Vehicles-Multiple,6,Tuesday,9,False,False
201800003603,NonLethal,Daylight,Yes,NoIntersection,Normal,2Vehicles-Side,10,Tuesday,13,False,False
201800044309,NonLethal,TwilightOrDawn,No,NoIntersection,Normal,2Vehicles-Behind,10,Sunday,20,True,False
201800055427,NonLethal,Daylight,Yes,NoIntersection,Normal,2Vehicles-Side,6,Wednesday,14,False,False
201800048820,NonLethal,TwilightOrDawn,No,NoIntersection,Normal,3+Vehicles-Multiple,2,Tuesday,7,False,False
201800031547,NonLethal,Daylight,No,NoIntersection,LightRain,Other,3,Thursday,16,False,False
201800038997,NonLethal,Daylight,Yes,NoIntersection,Normal,2Vehicles-Side,4,Friday,12,False,False
201800013656,NonLethal,Daylight,Yes,T-type,VeryGood,Other,10,Wednesday,11,False,False
201800004897,NonLethal,Daylight,Yes,Roundabout,Normal,2Vehicles-Side,2,Monday,18,False,False
201800016917,NonLethal,Daylight,No,NoIntersection,Normal,Other,7,Thursday,10,False,False
201800042169,NonLethal,Daylight,Yes,T-type,Normal,2Vehicles-BehindVehicles-Frontal,8,Sunday,18,True,False
201800022210,NonLethal,Daylight,Yes,Roundabout,Normal,2Vehicles-Side,8,Saturday,17,True,False
201800011967,NonLethal,Daylight,No,NoIntersection,Normal,2Vehicles-BehindVehicles-Frontal,5,Wednesday,15,False,False
201800038760,NonLethal,Daylight,Yes,NoIntersection,Normal,2Vehicles-Behind,6,Tuesday,19,False,False
201800011599,NonLethal,Daylight,No,NoIntersection,LightRain,2Vehicles-BehindVehicles-Frontal,3,Thursday,14,False,False
201800017915,NonLethal,Daylight,Yes,NoIntersection,Normal,2Vehicles-BehindVehicles-Frontal,8,Wednesday,17,False,False
201800033496,NonLethal,Daylight,Yes,T-type,Normal,2Vehicles-BehindVehicles-Frontal,6,Saturday,11,True,False
201800045550,NonLethal,NightNoStreetLight,No,NoIntersection,HeavyRain,2Vehicles-Behind,12,Saturday,23,True,False
201800005856,Lethal,NightNoStreetLight,Yes,NoIntersection,Normal,Other,1,Friday,20,False,False
201800045230,NonLethal,Daylight,No,NoIntersection,Overcast,Other,9,Saturday,13,True,False
201800056831,NonLethal,NightNoStreetLight,Yes,NoIntersection,Normal,2Vehicles-Side,1,Friday,6,False,True
201800033278,NonLethal,Daylight,No,NoIntersection,LightRain,Other,2,Thursday,8,False,False
201800018020,NonLethal,Daylight,Yes,NoIntersection,Normal,2Vehicles-Side,4,Sunday,16,True,False
201800012910,NonLethal,TwilightOrDawn,Yes,NoIntersection,Normal,Other,4,Sunday,7,True,False
201800035071,NonLethal,Daylight,Yes,X-type,Normal,2Vehicles-Side,6,Tuesday,16,False,False
201800053920,NonLethal,Daylight,Yes,Square,Normal,Other,10,Friday,9,False,False
201800004364,NonLethal,Daylight,No,NoIntersection,Normal,Other,6,Saturday,19,True,False
201800005862,NonLethal,Daylight,Yes,T-type,Normal,Other,7,Thursday,9,False,False
201800029873,NonLethal,Daylight,Yes,X-type,Normal,2Vehicles-Side,11,Friday,15,False,False
201800019701,NonLethal,Daylight,Yes,NoIntersection,Normal,NoCollision,8,Thursday,10,False,False
201800010892,NonLethal,Daylight,Yes,NoIntersection,Normal,2Vehicles-Behind,11,Thursday,13,False,False
201800012184,NonLethal,Daylight,No,X-type,Normal,2Vehicles-Behind,2,Wednesday,16,False,False
201800042751,NonLethal,Daylight,Yes,X-type,Normal,Other,5,Wednesday,19,False,False
201800039477,NonLethal,Daylight,Yes,NoIntersection,LightRain,2Vehicles-Side,9,Tuesday,17,False,False
201800055105,NonLethal,NightStreelightsOn,Yes,T-type,Normal,2Vehicles-Side,2,Friday,0,False,True
201800042115,NonLethal,Daylight,Yes,NoIntersection,Normal,2Vehicles-Side,12,Wednesday,16,False,False
201800020886,NonLethal,Daylight,No,Roundabout,Normal,2Vehicles-Side,9,Monday,8,False,False
201800050289,NonLethal,Daylight,Yes,NoIntersection,Normal,Other,7,Friday,18,False,False
201800025732,NonLethal,Daylight,Yes,X-type,Normal,Other,7,Wednesday,9,False,False
201800041170,NonLethal,NightStreelightsOn,Yes,X-type,Normal,2Vehicles-Side,10,Tuesday,6,False,True
201800029266,NonLethal,Daylight,Yes,NoIntersection,HeavyRain,Other,12,Sunday,10,True,False
201800023263,NonLethal,NightNoStreetLight,Yes,NoIntersection,Normal,2Vehicles-Side,9,Wednesday,5,False,True
201800011720,NonLethal,Daylight,Yes,NoIntersection,Normal,2Vehicles-BehindVehicles-Frontal,7,Sunday,14,True,False
201800017128,NonLethal,Daylight,No,NoIntersection,Normal,Other,4,Saturday,16,True,False
201800026219,NonLethal,Daylight,Yes,NoIntersection,Normal,Other,9,Thursday,9,False,False
201800054267,NonLethal,NightStreelightsOn,Yes,X-type,Normal,2Vehicles-Side,11,Saturday,5,True,True
201800015263,NonLethal,Daylight,No,T-type,Normal,2Vehicles-BehindVehicles-Frontal,5,Saturday,11,True,False
201800039044,NonLethal,NightStreelightsOn,Yes,NoIntersection,LightRain,Other,10,Friday,19,False,False
201800043814,NonLethal,Daylight,No,NoIntersection,HeavyRain,3+Vehicles-Chain,1,Tuesday,9,False,False
201800053397,NonLethal,Daylight,Yes,NoIntersection,Normal,2Vehicles-Side,6,Thursday,17,False,False
201800036269,NonLethal,NightStreelightsOn,Yes,NoIntersection,Normal,Other,12,Saturday,0,True,True
201800039662,NonLethal,Daylight,Yes,T-type,Normal,Other,9,Monday,18,False,False
201800037172,NonLethal,Daylight,Yes,NoIntersection,Normal,Other,9,Tuesday,15,False,False
201800029326,NonLethal,NightStreelightsOn,Yes,NoIntersection,Normal,Other,7,Thursday,18,False,False
201800014730,NonLethal,TwilightOrDawn,No,NoIntersection,LightRain,2Vehicles-BehindVehicles-Frontal,3,Thursday,16,False,False
201800036972,NonLethal,Daylight,Yes,X-type,Normal,2Vehicles-Side,5,Thursday,15,False,False
201800033020,NonLethal,NightNoStreetLight,No,NoIntersection,Normal,NoCollision,9,Tuesday,23,False,False
201800039819,NonLethal,Daylight,Yes,NoIntersection,Normal,2Vehicles-Side,8,Thursday,18,False,False
201800051633,NonLethal,Daylight,Yes,X-type,Overcast,2Vehicles-Side,5,Tuesday,9,False,False
201800052679,NonLethal,Daylight,Yes,NoIntersection,LightRain,2Vehicles-Side,12,Monday,8,False,False
201800028539,NonLethal,Daylight,Yes,NoIntersection,Normal,Other,9,Monday,16,False,False
201800031786,NonLethal,Daylight,Yes,NoIntersection,Normal,2Vehicles-BehindVehicles-Frontal,6,Wednesday,7,False,False
201800035822,NonLethal,Daylight,Yes,Roundabout,Normal,Other,2,Friday,8,False,False
201800035537,NonLethal,Daylight,Yes,NoIntersection,Overcast,2Vehicles-BehindVehicles-Frontal,5,Sunday,16,True,False
201800048541,NonLethal,TwilightOrDawn,Yes,NoIntersection,Normal,2Vehicles-Behind,9,Saturday,19,True,False
201800004947,Lethal,NightNoStreetLight,No,NoIntersection,Overcast,2Vehicles-BehindVehicles-Frontal,12,Wednesday,18,False,False
201800054413,NonLethal,Daylight,Yes,Square,Normal,Other,5,Tuesday,11,False,False
201800007436,NonLethal,Daylight,Yes,NoIntersection,Overcast,2Vehicles-Behind,10,Wednesday,13,False,False
201800041484,NonLethal,Daylight,Yes,T-type,Normal,2Vehicles-BehindVehicles-Frontal,9,Tuesday,14,False,False
201800041399,NonLethal,Daylight,Yes,Roundabout,Normal,Other,2,Monday,17,False,False
201800057744,NonLethal,NightStreelightsOn,Yes,NoIntersection,Normal,NoCollision,10,Sunday,1,True,True
201800054016,NonLethal,NightStreelightsOn,Yes,Square,Normal,2Vehicles-Side,2,Friday,20,False,False
201800047080,NonLethal,Daylight,No,NoIntersection,LightRain,2Vehicles-Side,11,Wednesday,11,False,False
201800044283,NonLethal,Daylight,No,Other,Normal,2Vehicles-Behind,5,Thursday,10,False,False
201800050108,NonLethal,NightStreelightsOn,No,NoIntersection,LightRain,2Vehicles-Behind,10,Sunday,18,True,False
201800056805,NonLethal,NightNoStreetLight,No,NoIntersection,Normal,2Vehicles-BehindVehicles-Frontal,10,Tuesday,18,False,False
201800004775,NonLethal,TwilightOrDawn,No,NoIntersection,Normal,3+Vehicles-Multiple,6,Sunday,6,True,True
201800017567,NonLethal,Daylight,No,NoIntersection,Normal,2Vehicles-Side,7,Saturday,17,True,False
201800032231,NonLethal,NightNoStreetLight,No,NoIntersection,Normal,NoCollision,12,Friday,23,False,False
201800009611,NonLethal,Daylight,Yes,X-type,Normal,2Vehicles-Side,8,Wednesday,17,False,False
201800018439,NonLethal,Daylight,No,NoIntersection,Normal,Other,8,Saturday,18,True,False
201800030580,NonLethal,NightStreelightsOff,Yes,Y-type,Normal,NoCollision,6,Sunday,5,True,True
201800032267,NonLethal,Daylight,No,NoIntersection,Normal,2Vehicles-Behind,1,Tuesday,11,False,False
201800020187,NonLethal,Daylight,No,NoIntersection,Normal,3+Vehicles-Multiple,9,Friday,12,False,False
201800041928,NonLethal,NightStreelightsOn,No,NoIntersection,LightRain,2Vehicles-Side,12,Sunday,19,True,False
201800005327,NonLethal,Daylight,Yes,Roundabout,Normal,2Vehicles-Side,10,Monday,11,False,False
201800008797,NonLethal,NightStreelightsOn,Yes,NoIntersection,Normal,Other,5,Friday,21,False,False
201800038682,NonLethal,NightStreelightsOn,Yes,Other,Normal,2Vehicles-Side,4,Sunday,22,True,False
201800053481,NonLethal,TwilightOrDawn,Yes,NoIntersection,Normal,Other,8,Saturday,21,True,False
201800034701,NonLethal,Daylight,Yes,X-type,Overcast,2Vehicles-Side,11,Wednesday,12,False,False
201800025642,NonLethal,Daylight,Yes,X-type,Normal,2Vehicles-Side,12,Friday,8,False,False
201800034417,NonLethal,NightStreelightsOn,No,T-type,Normal,2Vehicles-Side,1,Saturday,18,True,False
201800026419,NonLethal,Daylight,No,Other,Normal,2Vehicles-Behind,9,Tuesday,17,False,False
201800005918,NonLethal,Daylight,Yes,T-type,Normal,2Vehicles-Side,7,Monday,7,False,False
201800055546,NonLethal,Daylight,Yes,NoIntersection,Normal,2Vehicles-Behind,8,Thursday,17,False,False
201800032756,NonLethal,Daylight,Yes,NoIntersection,Normal,Other,9,Monday,8,False,False
201800049651,NonLethal,Daylight,No,NoIntersection,Normal,Other,1,Monday,14,False,False
201800031270,NonLethal,Daylight,Yes,NoIntersection,Normal,Other,6,Monday,19,False,False
201800029562,NonLethal,Daylight,Yes,NoIntersection,Normal,Other,8,Monday,9,False,False
201800036094,NonLethal,Daylight,Yes,T-type,Normal,2Vehicles-Side,6,Wednesday,14,False,False
201800035138,NonLethal,Daylight,Yes,NoIntersection,Normal,2Vehicles-Behind,5,Thursday,18,False,False
201800029103,Lethal,NightStreelightsOn,Yes,NoIntersection,Normal,Other,4,Friday,22,False,False
201800054399,NonLethal,Daylight,Yes,X-type,Normal,2Vehicles-Behind,5,Thursday,14,False,False
201800006641,NonLethal,Daylight,No,NoIntersection,Normal,Other,8,Tuesday,18,False,False
201800015277,NonLethal,Daylight,Yes,Roundabout,Normal,Other,8,Sunday,9,True,False
201800026356,Lethal,NightStreelightsOn,Yes,NoIntersection,Normal,Other,5,Monday,23,False,False
201800004836,NonLethal,Daylight,Yes,T-type,VeryGood,2Vehicles-Side,12,Wednesday,15,False,False
201800025316,NonLethal,NightNoStreetLight,Yes,Y-type,Normal,NoCollision,5,Tuesday,0,False,True
201800014716,NonLethal,Daylight,No,NoIntersection,Normal,NoCollision,10,Tuesday,17,False,False
201800052931,NonLethal,Daylight,Yes,NoIntersection,Overcast,2Vehicles-Behind,1,Tuesday,9,False,False
201800022065,NonLethal,Daylight,Yes,NoIntersection,Normal,Other,6,Thursday,16,False,False
201800042427,NonLethal,NightNoStreetLight,Yes,X-type,Normal,2Vehicles-Side,12,Saturday,6,True,True
201800008660,NonLethal,Daylight,Yes,T-type,Normal,2Vehicles-Side,3,Tuesday,8,False,False
201800005096,NonLethal,Daylight,Yes,NoIntersection,Normal,Other,12,Saturday,9,True,False
201800015465,NonLethal,Daylight,No,NoIntersection,Normal,2Vehicles-Behind,1,Friday,11,False,False
201800017062,NonLethal,TwilightOrDawn,Yes,NoIntersection,Normal,NoCollision,10,Friday,18,False,False
201800036240,NonLethal,Daylight,Yes,NoIntersection,Normal,3+Vehicles-Chain,11,Saturday,15,True,False
201800033659,NonLethal,Daylight,No,NoIntersection,Normal,2Vehicles-BehindVehicles-Frontal,4,Wednesday,13,False,False
201800030329,NonLethal,Daylight,Yes,X-type,Normal,Other,11,Tuesday,16,False,False
201800051163,NonLethal,NightStreelightsOn,Yes,X-type,Normal,2Vehicles-Side,8,Wednesday,21,False,False
201800043531,NonLethal,NightStreelightsOn,Yes,NoIntersection,SnowOrHail,Other,3,Saturday,21,True,False
201800020467,Lethal,Daylight,Yes,NoIntersection,Normal,Other,8,Tuesday,9,False,False
201800004379,NonLethal,Daylight,Yes,Other,Normal,2Vehicles-BehindVehicles-Frontal,12,Wednesday,18,False,False
201800024919,NonLethal,Daylight,Yes,NoIntersection,Normal,2Vehicles-Behind,9,Saturday,12,True,False
201800008725,NonLethal,Daylight,Yes,T-type,Normal,2Vehicles-Side,3,Saturday,13,True,False
201800054836,NonLethal,Daylight,Yes,X-type,Overcast,NoCollision,10,Friday,14,False,False
201800041463,NonLethal,Daylight,Yes,NoIntersection,Normal,2Vehicles-Side,7,Tuesday,19,False,False
201800039439,NonLethal,NightStreelightsOn,Yes,LevelCrossing,Normal,Other,11,Monday,17,False,False
201800047815,NonLethal,NightStreelightsOn,Yes,NoIntersection,Normal,Other,11,Sunday,2,True,True
201800006275,NonLethal,TwilightOrDawn,No,NoIntersection,Normal,2Vehicles-Behind,12,Saturday,7,True,False
201800012154,NonLethal,NightNoStreetLight,Yes,NoIntersection,Normal,NoCollision,8,Sunday,5,True,True
201800047317,NonLethal,Daylight,Yes,NoIntersection,Normal,Other,1,Friday,16,False,False
201800041852,NonLethal,Daylight,Yes,T-type,Normal,Other,4,Friday,20,False,False
201800032821,NonLethal,Daylight,No,NoIntersection,Normal,2Vehicles-BehindVehicles-Frontal,8,Saturday,14,True,False
201800030736,NonLethal,NightStreelightsOn,Yes,X-type,LightRain,2Vehicles-BehindVehicles-Frontal,1,Friday,20,False,False
201800038352,NonLethal,Daylight,Yes,NoIntersection,Normal,Other,12,Thursday,8,False,False
201800047096,NonLethal,NightStreelightsOn,No,NoIntersection,LightRain,Other,2,Monday,3,False,True
201800022302,NonLethal,NightStreelightsOn,Yes,NoIntersection,Normal,NoCollision,2,Saturday,21,True,False
201800011851,NonLethal,Daylight,No,NoIntersection,Normal,2Vehicles-Side,9,Monday,13,False,False
201800002071,NonLethal,Daylight,No,NoIntersection,Normal,2Vehicles-Side,6,Wednesday,10,False,False
201800007330,NonLethal,Daylight,Yes,Roundabout,Normal,2Vehicles-Side,5,Friday,5,False,True
201800007597,NonLethal,Daylight,Yes,Roundabout,LightRain,NoCollision,4,Sunday,10,True,False
201800022254,NonLethal,Daylight,Yes,NoIntersection,Normal,Other,10,Sunday,13,True,False
201800040398,NonLethal,NightStreelightsOn,Yes,NoIntersection,SnowOrHail,Other,10,Tuesday,3,False,True
201800054594,NonLethal,Daylight,Yes,T-type,LightRain,2Vehicles-Side,11,Monday,8,False,False
201800004585,NonLethal,Daylight,No,NoIntersection,Normal,2Vehicles-BehindVehicles-Frontal,7,Tuesday,17,False,False
201800018205,NonLethal,Daylight,No,NoIntersection,Normal,NoCollision,10,Monday,18,False,False
201800005164,NonLethal,Daylight,Yes,NoIntersection,Normal,2Vehicles-Side,9,Monday,13,False,False
201800024825,NonLethal,NightStreelightsOn,Yes,T-type,Normal,2Vehicles-Side,1,Wednesday,18,False,False
201800018653,NonLethal,NightNoStreetLight,Yes,NoIntersection,Normal,Other,5,Sunday,21,True,False
201800048788,NonLethal,Daylight,Yes,NoIntersection,Normal,Other,12,Monday,14,False,False
201800049532,NonLethal,NightNoStreetLight,No,NoIntersection,Normal,2Vehicles-Behind,1,Sunday,1,True,True
201800027846,NonLethal,NightStreelightsOn,Yes,NoIntersection,LightRain,Other,1,Wednesday,18,False,False
201800048692,NonLethal,NightStreelightsOn,Yes,Other,Normal,2Vehicles-Behind,11,Monday,17,False,False
201800036717,NonLethal,Daylight,Yes,X-type,Normal,2Vehicles-Side,8,Monday,8,False,False
201800004396,NonLethal,Daylight,No,NoIntersection,Normal,2Vehicles-Side,8,Saturday,11,True,False
201800024543,Lethal,TwilightOrDawn,Yes,NoIntersection,Normal,Other,12,Saturday,17,True,False
201800015282,Lethal,Daylight,No,X-type,Normal,2Vehicles-Side,4,Thursday,16,False,False
201800034133,NonLethal,NightStreelightsOn,Yes,NoIntersection,LightRain,NoCollision,1,Saturday,23,True,False
201800004645,NonLethal,NightNoStreetLight,No,NoIntersection,Normal,NoCollision,7,Saturday,2,True,True
201800000114,NonLethal,Daylight,No,T-type,Normal,2Vehicles-BehindVehicles-Frontal,5,Sunday,18,True,False
201800047878,NonLethal,Daylight,Yes,NoIntersection,Normal,Other,12,Thursday,10,False,False
201800042603,NonLethal,NightStreelightsOn,Yes,NoIntersection,Normal,Other,4,Wednesday,20,False,False
201800001574,NonLethal,NightStreelightsOn,Yes,Square,HeavyRain,2Vehicles-Side,11,Thursday,18,False,False
201800014046,NonLethal,Daylight,Yes,NoIntersection,VeryGood,2Vehicles-BehindVehicles-Frontal,8,Saturday,16,True,False
201800015936,Lethal,NightNoStreetLight,No,NoIntersection,Normal,Other,9,Sunday,3,True,True
201800047362,NonLethal,Daylight,Yes,X-type,Normal,Other,6,Saturday,11,True,False
201800027806,NonLethal,Daylight,Yes,NoIntersection,StrongWindOrStorm,2Vehicles-Side,11,Monday,10,False,False
201800031585,NonLethal,NightNoStreetLight,No,NoIntersection,Normal,Other,10,Wednesday,2,False,True
201800019577,NonLethal,Daylight,No,NoIntersection,Normal,2Vehicles-Behind,11,Thursday,14,False,False
201800018997,NonLethal,Daylight,Yes,Roundabout,Normal,2Vehicles-Side,5,Monday,12,False,False
201800031263,NonLethal,Daylight,Yes,NoIntersection,Normal,Other,6,Tuesday,9,False,False
201800032109,NonLethal,Daylight,Yes,Other,Normal,2Vehicles-Side,5,Saturday,19,True,False
201800008944,NonLethal,NightStreelightsOn,Yes,NoIntersection,Normal,Other,1,Friday,23,False,False
201800000925,NonLethal,NightNoStreetLight,Yes,NoIntersection,Normal,NoCollision,2,Friday,3,False,True
201800030435,NonLethal,NightStreelightsOn,Yes,NoIntersection,LightRain,Other,11,Friday,17,False,False
201800050829,NonLethal,TwilightOrDawn,Yes,X-type,Normal,Other,1,Monday,17,False,False
201800022739,NonLethal,Daylight,No,NoIntersection,VeryGood,2Vehicles-Behind,8,Sunday,10,True,False
201800018295,NonLethal,Daylight,No,NoIntersection,Normal,2Vehicles-Side,4,Friday,16,False,False
201800022740,Lethal,Daylight,No,X-type,Normal,Other,4,Monday,9,False,False
201800020101,NonLethal,NightStreelightsOn,No,NoIntersection,Normal,2Vehicles-Side,6,Friday,21,False,False
201800011278,Lethal,Daylight,No,NoIntersection,FogOrSmoke,Other,12,Tuesday,8,False,False
201800043450,NonLethal,Daylight,Yes,NoIntersection,Normal,3+Vehicles-Multiple,2,Wednesday,20,False,False
201800036482,NonLethal,Daylight,Yes,X-type,Normal,2Vehicles-Side,9,Tuesday,16,False,False
201800040161,NonLethal,NightStreelightsOn,Yes,NoIntersection,LightRain,2Vehicles-Behind,3,Friday,20,False,False
201800009206,NonLethal,Daylight,Yes,X-type,Normal,2Vehicles-Side,6,Wednesday,16,False,False
201800026140,NonLethal,Daylight,Yes,T-type,Normal,2Vehicles-Side,7,Saturday,17,True,False
201800002980,NonLethal,NightNoStreetLight,No,NoIntersection,LightRain,NoCollision,11,Wednesday,17,False,False
201800014162,NonLethal,NightNoStreetLight,No,NoIntersection,Normal,2Vehicles-BehindVehicles-Frontal,12,Sunday,19,True,False
201800002076,NonLethal,Daylight,No,NoIntersection,Normal,NoCollision,4,Sunday,12,True,False
201800030833,NonLethal,Daylight,Yes,Other,Normal,2Vehicles-Behind,5,Monday,11,False,False
201800050526,NonLethal,NightStreelightsOn,Yes,Square,HeavyRain,Other,2,Sunday,3,True,True
201800047983,NonLethal,NightNoStreetLight,No,NoIntersection,Normal,Other,10,Tuesday,5,False,True
201800048161,NonLethal,Daylight,Yes,T-type,Normal,2Vehicles-Side,4,Tuesday,10,False,False
201800049554,NonLethal,NightStreelightsOn,No,NoIntersection,Normal,2Vehicles-Side,3,Tuesday,0,False,True
201800035756,NonLethal,Daylight,Yes,Other,Normal,2Vehicles-Side,10,Tuesday,18,False,False
201800009156,NonLethal,NightStreelightsOn,Yes,X-type,HeavyRain,2Vehicles-Side,6,Monday,5,False,True
201800026811,NonLethal,Daylight,Yes,X-type,Normal,2Vehicles-Side,5,Tuesday,8,False,False
201800057088,NonLethal,NightStreelightsOn,Yes,NoIntersection,Normal,NoCollision,10,Saturday,23,True,False
201800043030,NonLethal,Daylight,Yes,Roundabout,Normal,Other,7,Saturday,16,True,False
201800047383,NonLethal,TwilightOrDawn,Yes,NoIntersection,LightRain,2Vehicles-Behind,2,Saturday,17,True,False
201800019325,NonLethal,NightStreelightsOn,Yes,NoIntersection,HeavyRain,Other,6,Friday,17,False,False
201800022764,NonLethal,NightStreelightsOn,Yes,NoIntersection,Normal,2Vehicles-BehindVehicles-Frontal,2,Wednesday,19,False,False
201800000160,Lethal,Daylight,No,NoIntersection,Normal,NoCollision,6,Sunday,11,True,False
201800003080,NonLethal,Daylight,Yes,X-type,Normal,2Vehicles-Side,3,Sunday,12,True,False
201800038121,NonLethal,Daylight,Yes,X-type,Normal,2Vehicles-Side,7,Tuesday,17,False,False
201800053990,NonLethal,Daylight,Yes,T-type,LightRain,Other,1,Monday,9,False,False
201800008505,NonLethal,NightStreelightsOn,Yes,X-type,Normal,2Vehicles-Behind,2,Sunday,6,True,True
201800024573,NonLethal,Daylight,Yes,X-type,Normal,2Vehicles-BehindVehicles-Frontal,1,Friday,13,False,False
201800054200,NonLethal,Daylight,Yes,T-type,Normal,Other,9,Wednesday,10,False,False
201800017461,NonLethal,NightStreelightsOn,Yes,X-type,Normal,Other,11,Friday,18,False,False
201800051733,NonLethal,NightStreelightsOn,Yes,X-type,HeavyRain,NoCollision,5,Friday,22,False,False
201800031851,NonLethal,Daylight,Yes,T-type,Normal,2Vehicles-Side,7,Tuesday,14,False,False
201800049454,NonLethal,Daylight,No,NoIntersection,Normal,3+Vehicles-Multiple,4,Tuesday,18,False,False
201800005169,NonLethal,Daylight,Yes,Other,Normal,2Vehicles-Behind,9,Friday,16,False,False
201800017859,NonLethal,Daylight,Yes,NoIntersection,Normal,Other,7,Tuesday,13,False,False
201800004612,NonLethal,Daylight,Yes,NoIntersection,LightRain,Other,1,Sunday,12,True,False
201800044968,NonLethal,NightStreelightsOff,No,NoIntersection,Normal,2Vehicles-Behind,6,Sunday,3,True,True
201800054856,NonLethal,NightStreelightsOn,Yes,NoIntersection,Normal,2Vehicles-Side,11,Saturday,20,True,False
201800018923,Lethal,Daylight,No,X-type,Normal,2Vehicles-Behind,8,Friday,17,False,False
201800046563,NonLethal,Daylight,No,NoIntersection,Normal,NoCollision,5,Thursday,18,False,False
201800015415,NonLethal,TwilightOrDawn,Yes,NoIntersection,Normal,Other,8,Saturday,6,True,True
201800033276,NonLethal,NightStreelightsOff,No,NoIntersection,Normal,2Vehicles-Behind,12,Sunday,22,True,False
201800002197,NonLethal,TwilightOrDawn,No,NoIntersection,Overcast,Other,2,Sunday,6,True,True
201800038999,NonLethal,Daylight,Yes,T-type,Normal,2Vehicles-Side,7,Wednesday,12,False,False
201800040109,NonLethal,NightStreelightsOn,Yes,NoIntersection,Normal,2Vehicles-Side,6,Tuesday,23,False,False
201800014933,NonLethal,Daylight,No,NoIntersection,Normal,2Vehicles-Side,1,Tuesday,14,False,False
201800056507,NonLethal,NightNoStreetLight,No,NoIntersection,Normal,2Vehicles-BehindVehicles-Frontal,8,Monday,23,False,False
201800043800,NonLethal,Daylight,No,NoIntersection,Normal,2Vehicles-Side,1,Wednesday,15,False,False
201800026882,NonLethal,NightStreelightsOn,Yes,NoIntersection,Normal,Other,7,Sunday,0,True,True
201800000772,Lethal,Daylight,No,NoIntersection,Normal,Other,7,Thursday,17,False,False
201800030301,NonLethal,Daylight,Yes,NoIntersection,Normal,Other,5,Wednesday,9,False,False
201800054676,NonLethal,Daylight,Yes,X-type,Normal,2Vehicles-Side,6,Sunday,9,True,False
201800021367,NonLethal,Daylight,No,NoIntersection,Normal,Other,8,Friday,16,False,False
201800041738,NonLethal,Daylight,Yes,X-type,LightRain,2Vehicles-Side,9,Tuesday,18,False,False
201800016039,NonLethal,NightNoStreetLight,Yes,NoIntersection,Normal,NoCollision,11,Thursday,18,False,False
201800015373,NonLethal,Daylight,No,NoIntersection,Normal,2Vehicles-BehindVehicles-Frontal,1,Monday,16,False,False
201800001762,NonLethal,Daylight,Yes,Roundabout,Overcast,Other,12,Sunday,9,True,False
201800016827,Lethal,Daylight,No,NoIntersection,Normal,2Vehicles-BehindVehicles-Frontal,10,Thursday,12,False,False
201800013404,NonLethal,NightNoStreetLight,No,T-type,Normal,Other,4,Friday,21,False,False
201800010660,NonLethal,Daylight,Yes,NoIntersection,Normal,2Vehicles-Side,9,Sunday,18,True,False
201800015662,NonLethal,NightStreelightsOn,Yes,Other,Normal,2Vehicles-Side,1,Tuesday,21,False,False
201800054826,NonLethal,NightStreelightsOn,Yes,X-type,Normal,2Vehicles-Side,10,Friday,22,False,False
201800042226,NonLethal,NightStreelightsOn,Yes,NoIntersection,Normal,2Vehicles-Side,1,Monday,7,False,False
201800033814,NonLethal,NightStreelightsOn,Yes,NoIntersection,Normal,Other,7,Saturday,1,True,True
201800012948,NonLethal,Daylight,Yes,NoIntersection,Normal,Other,8,Tuesday,16,False,False
201800008591,NonLethal,Daylight,Yes,NoIntersection,HeavyRain,2Vehicles-Side,2,Saturday,14,True,False
201800022602,NonLethal,NightStreelightsOn,Yes,X-type,Normal,2Vehicles-Side,6,Saturday,0,True,True
201800005310,NonLethal,Daylight,Yes,NoIntersection,Normal,Other,1,Friday,16,False,False
201800023634,NonLethal,Daylight,Yes,NoIntersection,Normal,2Vehicles-BehindVehicles-Frontal,6,Wednesday,18,False,False
201800054957,NonLethal,NightStreelightsOn,Yes,Square,SnowOrHail,2Vehicles-Side,3,Saturday,18,True,False
201800038645,NonLethal,Daylight,Yes,NoIntersection,Normal,3+Vehicles-Multiple,11,Tuesday,8,False,False
201800006182,NonLethal,NightNoStreetLight,No,NoIntersection,Normal,Other,6,Tuesday,0,False,True
201800052962,NonLethal,Daylight,Yes,X-type,Normal,Other,3,Friday,9,False,False