AccidentId,Gravity,Light,InAgglomeration,IntersectionType,Weather,CollisionType,Month,DayOfWeek,HourOfDay,IsWeekend,IsNight
201800039866,NonLethal,NightStreelightsOn,Yes,NoIntersection,Normal,2Vehicles-Side,1,Sunday,19,True,False
201800014461,NonLethal,Daylight,Yes,T-type,Normal,Other,4,Tuesday,18,False,False
201800022121,NonLethal,Daylight,Yes,NoIntersection,Normal,2Vehicles-BehindVehicles-Frontal,10,Tuesday,12,False,False
201800012458,NonLethal,NightNoStreetLight,No,NoIntersection,LightRain,Other,1,Sunday,5,True,True
201800026347,NonLethal,Daylight,Yes,NoIntersection,Normal,2Vehicles-Behind,5,Tuesday,8,False,False
201800003459,NonLethal,Daylight,Yes,T-type,Normal,2Vehicles-BehindVehicles-Frontal,8,Tuesday,16,False,False
201800036604,NonLethal,Daylight,Yes,NoIntersection,Normal,Other,9,Tuesday,18,False,False
201800023886,NonLethal,NightStreelightsOn,Yes,NoIntersection,LightRain,2Vehicles-BehindVehicles-Frontal,3,Sunday,6,True,True
201800055223,NonLethal,NightStreelightsOn,Yes,Y-type,StrongWindOrStorm,NoCollision,1,Sunday,5,True,True
201800012280,NonLethal,Daylight,No,NoIntersection,Normal,Other,7,Wednesday,17,False,False
201800050803,NonLethal,NightStreelightsOn,Yes,X-type,Normal,2Vehicles-Side,9,Thursday,6,False,True
201800047782,NonLethal,Daylight,Yes,NoIntersection,Normal,Other,11,Friday,12,False,False
201800046040,NonLethal,NightNoStreetLight,No,NoIntersection,Normal,2Vehicles-Behind,8,Tuesday,1,False,True
201800024570,NonLethal,Daylight,No,NoIntersection,Normal,3+Vehicles-Multiple,11,Thursday,12,False,False
201800040728,NonLethal,Daylight,Yes,NoIntersection,Normal,Other,11,Monday,8,False,False
201800018730,NonLethal,TwilightOrDawn,Yes,NoIntersection,Normal,2Vehicles-BehindVehicles-Frontal,7,Thursday,7,False,False
201800052887,NonLethal,NightStreelightsOn,Yes,T-type,LightRain,Other,1,Friday,19,False,False
201800035590,NonLethal,NightStreelightsOn,Yes,X-type,Normal,2Vehicles-Side,5,Wednesday,22,False,False
201800022687,NonLethal,Daylight,No,NoIntersection,Normal,NoCollision,8,Friday,11,False,False
201800010250,NonLethal,TwilightOrDawn,Yes,NoIntersection,Normal,NoCollision,12,Thursday,8,False,False
201800003707,NonLethal,Daylight,No,NoIntersection,Overcast,2Vehicles-BehindVehicles-Frontal,11,Wednesday,12,False,False
201800005178,NonLethal,NightStreelightsOn,Yes,NoIntersection,Normal,2Vehicles-Side,11,Thursday,18,False,False
201800009786,NonLethal,Daylight,Yes,NoIntersection,Normal,2Vehicles-Behind,9,Tuesday,8,False,False
201800003877,NonLethal,TwilightOrDawn,No,NoIntersection,Normal,2Vehicles-BehindVehicles-Frontal,8,Sunday,20,True,False
201800041452,NonLethal,NightNoStreetLight,Yes,Other,Normal,Other,6,Sunday,2,True,True
201800034494,NonLethal,NightStreelightsOn,Yes,NoIntersection,Overcast,Other,10,Friday,2,False,True
201800031886,NonLethal,Daylight,Yes,X-type,Normal,2Vehicles-Side,8,Monday,17,False,False
201800036427,NonLethal,NightStreelightsOn,Yes,Roundabout,Normal,Other,5,Saturday,22,True,False
201800055247,NonLethal,TwilightOrDawn,Yes,NoIntersection,Normal,3+Vehicles-Chain,1,Saturday,8,True,False
201800028860,NonLethal,TwilightOrDawn,Yes,Roundabout,LightRain,NoCollision,11,Sunday,17,True,False
201800000828,NonLethal,Daylight,Yes,NoIntersection,Normal,2Vehicles-Side,5,Saturday,17,True,False
201800018722,NonLethal,Daylight,Yes,NoIntersection,Normal,Other,10,Wednesday,13,False,False
201800039562,NonLethal,Daylight,Yes,X-type,Normal,Other,5,Saturday,20,True,False
201800021824,NonLethal,Daylight,Yes,NoIntersection,Overcast,2Vehicles-Side,1,Tuesday,12,False,False
201800030695,NonLethal,TwilightOrDawn,Yes,NoIntersection,LightRain,2Vehicles-Side,9,Thursday,7,False,False
201800029583,NonLethal,NightStreelightsOn,Yes,NoIntersection,Normal,2Vehicles-Side,9,Saturday,0,True,True
201800018754,Lethal,TwilightOrDawn,Yes,NoIntersection,Overcast,NoCollision,11,Friday,17,False,False
201800028267,NonLethal,Daylight,Yes,NoIntersection,Normal,Other,4,Tuesday,14,False,False
201800019317,NonLethal,NightNoStreetLight,No,NoIntersection,Normal,Other,5,Saturday,23,True,False
201800031281,NonLethal,NightStreelightsOn,Yes,NoIntersection,Normal,Other,12,Friday,21,False,False
201800032358,NonLethal,Daylight,Yes,X-type,Normal,2Vehicles-Side,1,Wednesday,8,False,False
201800038652,NonLethal,NightStreelightsOn,Yes,T-type,Overcast,2Vehicles-Side,3,Monday,0,False,True
201800015313,NonLethal,Daylight,No,NoIntersection,Normal,2Vehicles-BehindVehicles-Frontal,9,Thursday,15,False,False
201800047480,NonLethal,Daylight,Yes,X-type,LightRain,2Vehicles-Side,5,Thursday,9,False,False
201800036461,NonLethal,NightStreelightsOn,Yes,NoIntersection,Normal,2Vehicles-Behind,5,Tuesday,0,False,True
201800027731,NonLethal,Daylight,Yes,NoIntersection,Normal,NoCollision,5,Monday,19,False,False
201800012741,NonLethal,Daylight,No,T-type,Overcast,2Vehicles-Side,10,Tuesday,10,False,False
201800035597,NonLethal,Daylight,Yes,NoIntersection,Normal,Other,9,Tuesday,13,False,False
201800036408,NonLethal,Daylight,Yes,NoIntersection,Normal,2Vehicles-BehindVehicles-Frontal,3,Friday,18,False,False
201800056671,NonLethal,NightStreelightsOn,Yes,NoIntersection,Normal,2Vehicles-BehindVehicles-Frontal,4,Sunday,21,True,False
201800006470,Lethal,NightNoStreetLight,No,NoIntersection,Normal,Other,8,Wednesday,1,False,True
201800055034,NonLethal,NightStreelightsOn,Yes,X-type,Normal,3+Vehicles-Multiple,6,Sunday,1,True,True
201800019996,NonLethal,Daylight,No,T-type,Normal,2Vehicles-Side,8,Sunday,18,True,False
201800042107,NonLethal,Daylight,Yes,X-type,Normal,2Vehicles-Side,10,Wednesday,8,False,False
201800037689,NonLethal,Daylight,Yes,NoIntersection,Normal,2Vehicles-Side,4,Saturday,11,True,False
201800044424,NonLethal,Daylight,No,NoIntersection,Normal,NoCollision,2,Monday,12,False,False
201800022733,NonLethal,Daylight,No,X-type,Normal,2Vehicles-Side,4,Monday,15,False,False
201800044012,NonLethal,NightNoStreetLight,No,Other,HeavyRain,Other,5,Saturday,1,True,True
201800001160,NonLethal,NightNoStreetLight,No,NoIntersection,Normal,2Vehicles-Behind,1,Sunday,4,True,True
201800016523,Lethal,TwilightOrDawn,No,NoIntersection,LightRain,Other,1,Sunday,7,True,False
201800049242,NonLethal,Daylight,No,Other,Normal,NoCollision,7,Friday,16,False,False
201800035699,NonLethal,TwilightOrDawn,Yes,Y-type,Normal,2Vehicles-Side,7,Friday,18,False,False
201800044109,NonLethal,Daylight,No,NoIntersection,Normal,3+Vehicles-Chain,7,Monday,7,False,False
201800015245,NonLethal,NightNoStreetLight,No,NoIntersection,Normal,Other,5,Saturday,6,True,True
201800021811,NonLethal,NightNoStreetLight,Yes,NoIntersection,Normal,Other,12,Saturday,1,True,True
201800010994,NonLethal,Daylight,No,NoIntersection,Normal,2Vehicles-Side,8,Saturday,12,True,False
201800015732,NonLethal,NightStreelightsOff,Yes,NoIntersection,Normal,Other,11,Tuesday,7,False,False
201800003361,NonLethal,NightNoStreetLight,No,NoIntersection,Normal,Other,2,Wednesday,20,False,False
201800040907,NonLethal,Daylight,Yes,NoIntersection,Normal,2Vehicles-BehindVehicles-Frontal,7,Saturday,13,True,False
201800002012,NonLethal,NightNoStreetLight,No,NoIntersection,Normal,2Vehicles-BehindVehicles-Frontal,1,Tuesday,21,False,False
201800011852,NonLethal,Daylight,Yes,NoIntersection,Normal,Other,10,Thursday,16,False,False
201800055703,NonLethal,NightStreelightsOn,Yes,Y-type,Normal,Other,11,Sunday,19,True,False
201800045549,NonLethal,NightNoStreetLight,No,NoIntersection,HeavyRain,NoCollision,8,Sunday,22,True,False
201800049018,NonLethal,Daylight,No,NoIntersection,Normal,2Vehicles-Behind,10,Wednesday,14,False,False
201800008080,NonLethal,NightStreelightsOn,Yes,NoIntersection,Normal,2Vehicles-Side,11,Saturday,0,True,True
201800015869,NonLethal,Daylight,Yes,X-type,Normal,2Vehicles-Side,2,Saturday,15,True,False
201800004346,NonLethal,Daylight,No,NoIntersection,Normal,Other,7,Saturday,17,True,False
201800006463,NonLethal,Daylight,No,NoIntersection,Normal,Other,4,Tuesday,17,False,False
201800026695,NonLethal,TwilightOrDawn,Yes,X-type,Normal,2Vehicles-BehindVehicles-Frontal,10,Friday,8,False,False
201800055288,NonLethal,Daylight,Yes,NoIntersection,SnowOrHail,3+Vehicles-Multiple,3,Tuesday,9,False,False
201800012736,NonLethal,Daylight,No,T-type,Normal,2Vehicles-Behind,6,Wednesday,11,False,False
201800036637,NonLethal,Daylight,Yes,NoIntersection,Normal,Other,9,Thursday,18,False,False
201800038187,NonLethal,NightStreelightsOn,Yes,X-type,LightRain,2Vehicles-BehindVehicles-Frontal,2,Tuesday,21,False,False
201800001725,NonLethal,Daylight,Yes,NoIntersection,VeryGood,2Vehicles-Behind,9,Tuesday,14,False,False
201800007929,NonLethal,NightStreelightsOn,Yes,T-type,LightRain,2Vehicles-Side,5,Monday,23,False,False
201800010687,NonLethal,NightStreelightsOn,No,NoIntersection,Normal,2Vehicles-BehindVehicles-Frontal,1,Friday,21,False,False
201800008006,NonLethal,Daylight,No,NoIntersection,Normal,NoCollision,7,Friday,6,False,True
201800054966,NonLethal,NightStreelightsOn,Yes,MoreThan4Branches,Normal,Other,3,Friday,21,False,False
201800053767,NonLethal,Daylight,Yes,X-type,Normal,2Vehicles-Side,4,Saturday,18,True,False
201800024899,NonLethal,TwilightOrDawn,No,Other,Normal,2Vehicles-Side,9,Friday,9,False,False
201800044831,NonLethal,Daylight,No,NoIntersection,Normal,Other,4,Sunday,15,True,False
201800033504,NonLethal,Daylight,Yes,NoIntersection,Normal,2Vehicles-Behind,7,Tuesday,12,False,False
201800050326,NonLethal,NightNoStreetLight,Yes,Square,LightRain,2Vehicles-Side,10,Tuesday,20,False,False
201800023302,NonLethal,Daylight,Yes,NoIntersection,LightRain,2Vehicles-Behind,10,Sunday,7,True,False
201800029427,NonLethal,TwilightOrDawn,Yes,X-type,VeryGood,2Vehicles-BehindVehicles-Frontal,9,Thursday,19,False,False
201800029287,NonLethal,Daylight,Yes,NoIntersection,VeryGood,Other,10,Friday,10,False,False
201800018943,NonLethal,Daylight,No,NoIntersection,Normal,Other,3,Tuesday,15,False,False
201800007665,NonLethal,Daylight,Yes,T-type,Normal,2Vehicles-Behind,9,Thursday,15,False,False
201800006888,NonLethal,NightNoStreetLight,No,NoIntersection,Normal,Other,5,Thursday,20,False,False
201800037124,NonLethal,NightStreelightsOn,Yes,X-type,Normal,2Vehicles-Side,10,Tuesday,22,False,False
201800010506,NonLethal,Daylight,Yes,NoIntersection,Normal,2Vehicles-Behind,6,Wednesday,17,False,False
201800057641,NonLethal,Daylight,Yes,NoIntersection,Normal,Other,9,Thursday,12,False,False
201800002113,NonLethal,NightStreelightsOn,Yes,Y-type,Normal,2Vehicles-Side,11,Monday,19,False,False
201800022981,NonLethal,NightStreelightsOff,No,NoIntersection,Normal,3+Vehicles-Multiple,3,Thursday,19,False,False
201800007645,NonLethal,Daylight,Yes,NoIntersection,Normal,2Vehicles-Side,7,Monday,14,False,False
201800004564,NonLethal,Daylight,No,NoIntersection,Normal,2Vehicles-BehindVehicles-Frontal,6,Friday,20,False,False
201800035718,NonLethal,Daylight,Yes,NoIntersection,Normal,Other,11,Monday,10,False,False
201800025463,NonLethal,Daylight,Yes,NoIntersection,Normal,Other,8,Saturday,11,True,False
201800052389,NonLethal,Daylight,No,NoIntersection,Normal,2Vehicles-Behind,4,Friday,9,False,False
201800014073,NonLethal,Daylight,No,NoIntersection,Normal,3+Vehicles-Multiple,7,Thursday,18,False,False
201800012983,NonLethal,Daylight,No,NoIntersection,LightRain,2Vehicles-BehindVehicles-Frontal,12,Saturday,16,True,False
201800027754,NonLethal,Daylight,Yes,X-type,Normal,2Vehicles-Behind,7,Wednesday,18,False,False
201800026325,NonLethal,Daylight,Yes,NoIntersection,Normal,2Vehicles-BehindVehicles-Frontal,4,Friday,14,False,False
201800009458,NonLethal,Daylight,Yes,NoIntersection,Normal,2Vehicles-Behind,7,Tuesday,9,False,False
201800055730,NonLethal,NightStreelightsOn,Yes,NoIntersection,Normal,Other,12,Sunday,6,True,True
201800056904,NonLethal,Daylight,No,NoIntersection,Normal,3+Vehicles-Multiple,12,Tuesday,17,False,False
201800032164,NonLethal,Daylight,Yes,NoIntersection,Normal,Other,6,Thursday,17,False,False
201800027315,NonLethal,Daylight,No,NoIntersection,Normal,Other,5,Wednesday,12,False,False
201800027057,NonLethal,Daylight,Yes,NoIntersection,Normal,Other,7,Saturday,9,True,False
201800002492,NonLethal,NightStreelightsOn,Yes,NoIntersection,LightRain,Other,7,Monday,0,False,True
201800039501,NonLethal,Daylight,Yes,X-type,Normal,2Vehicles-Side,7,Thursday,10,False,False
201800054923,NonLethal,NightStreelightsOn,Yes,X-type,Normal,2Vehicles-Side,2,Sunday,21,True,False
201800034853,NonLethal,TwilightOrDawn,Yes,NoIntersection,Overcast,2Vehicles-Side,9,Tuesday,16,False,False
201800054129,NonLethal,Daylight,Yes,T-type,Normal,Other,6,Wednesday,13,False,False
201800001554,NonLethal,TwilightOrDawn,No,NoIntersection,Normal,NoCollision,6,Wednesday,20,False,False
201800050572,NonLethal,Daylight,Yes,NoIntersection,Normal,Other,6,Saturday,15,True,False
201800009044,NonLethal,Daylight,Yes,NoIntersection,Normal,2Vehicles-Side,5,Wednesday,12,False,False
201800047883,NonLethal,Daylight,Yes,NoIntersection,Overcast,2Vehicles-Behind,12,Monday,12,False,False
201800025445,NonLethal,Daylight,Yes,NoIntersection,Normal,2Vehicles-Side,2,Thursday,5,False,True
201800037568,NonLethal,Daylight,Yes,X-type,HeavyRain,2Vehicles-Side,1,Tuesday,8,False,False
201800045165,NonLethal,Daylight,No,NoIntersection,Normal,2Vehicles-Side,8,Friday,14,False,False
201800010257,NonLethal,Daylight,Yes,NoIntersection,Normal,2Vehicles-Behind,12,Saturday,15,True,False
201800000554,NonLethal,Daylight,No,NoIntersection,Normal,2Vehicles-Side,7,Tuesday,18,False,False
201800018200,NonLethal,NightStreelightsOn,Yes,NoIntersection,LightRain,2Vehicles-BehindVehicles-Frontal,12,Saturday,18,True,False
201800049847,NonLethal,Daylight,No,NoIntersection,LightRain,2Vehicles-Side,5,Monday,15,False,False
201800040911,NonLethal,Daylight,Yes,NoIntersection,Normal,2Vehicles-Side,7,Tuesday,17,False,False
201800049772,NonLethal,NightNoStreetLight,No,NoIntersection,Normal,Other,3,Saturday,21,True,False
201800043357,NonLethal,NightStreelightsOn,Yes,X-type,LightRain,2Vehicles-Side,12,Friday,20,False,False
201800001511,NonLethal,NightStreelightsOn,Yes,T-type,LightRain,2Vehicles-Side,12,Monday,19,False,False
201800053928,NonLethal,NightStreelightsOn,Yes,X-type,Normal,Other,11,Saturday,6,True,True
201800015974,NonLethal,Daylight,Yes,T-type,Normal,2Vehicles-Side,1,Saturday,11,True,False
201800029925,NonLethal,Daylight,Yes,NoIntersection,Normal,2Vehicles-Behind,4,Tuesday,14,False,False
201800031743,NonLethal,Daylight,Yes,Other,Normal,2Vehicles-Side,5,Wednesday,17,False,False
201800036154,NonLethal,Daylight,No,NoIntersection,Normal,2Vehicles-BehindVehicles-Frontal,8,Tuesday,14,False,False
201800030078,NonLethal,Daylight,Yes,X-type,Normal,2Vehicles-Side,4,Sunday,11,True,False
201800055267,NonLethal,Daylight,Yes,NoIntersection,Normal,NoCollision,2,Friday,15,False,False
201800053173,NonLethal,NightStreelightsOn,Yes,NoIntersection,LightRain,NoCollision,11,Thursday,20,False,False
201800000498,Lethal,NightNoStreetLight,No,NoIntersection,Normal,2Vehicles-BehindVehicles-Frontal,1,Monday,7,False,False
201800040370,NonLethal,Daylight,Yes,Roundabout,LightRain,Other,11,Sunday,16,True,False
201800041376,NonLethal,Daylight,Yes,NoIntersection,Normal,NoCollision,1,Tuesday,12,False,False
201800016591,NonLethal,Daylight,Yes,NoIntersection,Normal,Other,7,Wednesday,9,False,False
201800033864,NonLethal,Daylight,Yes,T-type,Normal,NoCollision,10,Friday,9,False,False
201800046008,NonLethal,Daylight,No,NoIntersection,Normal,2Vehicles-Side,7,Friday,16,False,False
201800014554,NonLethal,TwilightOrDawn,No,NoIntersection,Normal,2Vehicles-BehindVehicles-Frontal,8,Friday,21,False,False
201800049078,NonLethal,TwilightOrDawn,No,NoIntersection,LightRain,Other,3,Monday,8,False,False
201800014790,NonLethal,NightNoStreetLight,Yes,NoIntersection,Normal,2Vehicles-BehindVehicles-Frontal,12,Friday,21,False,False
201800028767,NonLethal,Daylight,Yes,NoIntersection,Normal,Other,7,Tuesday,10,False,False
201800034057,NonLethal,Daylight,Yes,NoIntersection,Normal,2Vehicles-Side,9,Friday,7,False,False
201800055260,NonLethal,NightStreelightsOn,Yes,NoIntersection,SnowOrHail,2Vehicles-Behind,2,Tuesday,19,False,False
201800031983,NonLethal,Daylight,No,NoIntersection,Normal,Other,10,Thursday,17,False,False
201800031522,NonLethal,NightStreelightsOn,Yes,Roundabout,HeavyRain,Other,1,Tuesday,18,False,False
201800006024,NonLethal,Daylight,No,NoIntersection,Normal,2Vehicles-Behind,8,Tuesday,12,False,False
201800012527,NonLethal,Daylight,Yes,NoIntersection,Normal,NoCollision,7,Tuesday,18,False,False
201800028729,NonLethal,Daylight,Yes,NoIntersection,Normal,Other,5,Thursday,20,False,False
201800035195,NonLethal,NightNoStreetLight,No,NoIntersection,Normal,Other,12,Thursday,23,False,False
201800027997,NonLethal,Daylight,Yes,Roundabout,VeryGood,2Vehicles-Side,4,Thursday,17,False,False
201800054440,NonLethal,Daylight,Yes,MoreThan4Branches,Normal,2Vehicles-Side,3,Tuesday,14,False,False
201800020320,NonLethal,Daylight,No,NoIntersection,Normal,Other,12,Thursday,15,False,False
201800004254,NonLethal,NightStreelightsOn,Yes,NoIntersection,Normal,Other,1,Monday,0,False,True
201800030216,NonLethal,NightStreelightsOn,Yes,X-type,Normal,2Vehicles-Side,7,Sunday,0,True,True
201800052131,NonLethal,Daylight,No,NoIntersection,Normal,3+Vehicles-Multiple,8,Saturday,13,True,False
201800020858,NonLethal,Daylight,No,NoIntersection,Normal,Other,7,Tuesday,8,False,False
201800027510,NonLethal,Daylight,Yes,NoIntersection,Normal,2Vehicles-Behind,1,Thursday,13,False,False
201800012854,NonLethal,Daylight,Yes,Roundabout,Normal,NoCollision,3,Thursday,10,False,False
201800018734,NonLethal,Daylight,No,Roundabout,Normal,2Vehicles-Side,5,Friday,16,False,False
201800043122,NonLethal,Daylight,Yes,T-type,Normal,2Vehicles-Side,4,Friday,11,False,False
201800000363,NonLethal,Daylight,No,X-type,Normal,3+Vehicles-Multiple,3,Friday,15,False,False
201800005587,NonLethal,NightStreelightsOn,Yes,Other,Normal,Other,2,Sunday,5,True,True
201800050835,NonLethal,TwilightOrDawn,Yes,T-type,Normal,2Vehicles-Side,2,Friday,18,False,False
201800016557,NonLethal,Daylight,Yes,T-type,Normal,2Vehicles-BehindVehicles-Frontal,5,Tuesday,16,False,False
201800000176,NonLethal,Daylight,No,NoIntersection,Normal,NoCollision,4,Sunday,12,True,False
201800054917,NonLethal,Daylight,Yes,X-type,HeavyRain,2Vehicles-Side,1,Wednesday,14,False,False
201800002910,NonLethal,NightNoStreetLight,No,NoIntersection,Normal,Other,4,Saturday,22,True,False
201800024508,NonLethal,NightNoStreetLight,No,NoIntersection,Normal,Other,11,Sunday,3,True,True
201800038381,NonLethal,Daylight,Yes,NoIntersection,Normal,NoCollision,8,Saturday,13,True,False
201800048337,NonLethal,NightStreelightsOn,Yes,NoIntersection,Normal,2Vehicles-Behind,6,Sunday,0,True,True
201800052578,NonLethal,Daylight,Yes,NoIntersection,Normal,2Vehicles-Behind,10,Tuesday,14,False,False
201800057267,NonLethal,Daylight,No,NoIntersection,Normal,NoCollision,5,Tuesday,12,False,False
201800038428,NonLethal,NightStreelightsOn,Yes,NoIntersection,Normal,2Vehicles-Side,4,Wednesday,21,False,False
201800039903,NonLethal,Daylight,Yes,Other,Normal,2Vehicles-Side,7,Thursday,8,False,False
201800051434,NonLethal,Daylight,Yes,Y-type,Normal,NoCollision,1,Wednesday,14,False,False
201800009530,NonLethal,NightStreelightsOn,Yes,NoIntersection,Normal,Other,8,Tuesday,4,False,True
201800018431,Lethal,Daylight,No,NoIntersection,Normal,2Vehicles-Behind,8,Thursday,13,False,False
201800040311,NonLethal,NightNoStreetLight,Yes,NoIntersection,Normal,2Vehicles-Side,5,Monday,23,False,False
201800021913,NonLethal,NightStreelightsOn,Yes,Roundabout,Normal,Other,10,Thursday,23,False,False
201800037987,NonLethal,NightStreelightsOn,Yes,T-type,LightRain,2Vehicles-Side,12,Saturday,19,True,False
201800022749,NonLethal,Daylight,No,NoIntersection,Normal,Other,2,Thursday,14,False,False
201800000367,Lethal,NightNoStreetLight,No,Other,Normal,Other,11,Tuesday,17,False,False
201800010376,NonLethal,Daylight,Yes,X-type,Normal,2Vehicles-Side,3,Saturday,16,True,False
201800051067,NonLethal,Daylight,Yes,Square,Normal,2Vehicles-Side,9,Wednesday,19,False,False
201800004819,Lethal,NightNoStreetLight,No,T-type,Normal,Other,4,Sunday,2,True,True
201800031479,NonLethal,NightNoStreetLight,No,NoIntersection,Normal,2Vehicles-Side,7,Monday,0,False,True
201800036955,NonLethal,Daylight,Yes,NoIntersection,Normal,Other,12,Tuesday,8,False,False
201800013897,NonLethal,Daylight,No,NoIntersection,HeavyRain,Other,6,Sunday,17,True,False
201800025372,NonLethal,Daylight,Yes,NoIntersection,Overcast,Other,6,Saturday,19,True,False
201800041407,NonLethal,Daylight,Yes,T-type,Normal,2Vehicles-Behind,3,Thursday,14,False,False
201800018227,NonLethal,Daylight,No,NoIntersection,Normal,3+Vehicles-Chain,4,Wednesday,9,False,False
201800004308,NonLethal,Daylight,No,NoIntersection,Normal,2Vehicles-Behind,4,Sunday,10,True,False
201800050376,NonLethal,Daylight,Yes,T-type,Normal,3+Vehicles-Chain,6,Saturday,15,True,False
201800056333,Lethal,NightStreelightsOn,Yes,NoIntersection,Normal,Other,7,Saturday,6,True,True
201800047013,NonLethal,Daylight,No,NoIntersection,Normal,3+Vehicles-Chain,11,Friday,15,False,False
201800024316,NonLethal,Daylight,Yes,NoIntersection,Normal,Other,2,Monday,10,False,False
201800036941,NonLethal,Daylight,Yes,NoIntersection,Normal,Other,6,Monday,16,False,False
201800040689,NonLethal,Daylight,Yes,NoIntersection,Normal,Other,2,Wednesday,7,False,False
201800028044,NonLethal,Daylight,Yes,NoIntersection,Normal,2Vehicles-Side,6,Wednesday,16,False,False
201800048204,NonLethal,Daylight,Yes,NoIntersection,Normal,Other,4,Friday,8,False,False
201800007247,NonLethal,Daylight,No,NoIntersection,Normal,Other,11,Thursday,8,False,False
201800028427,NonLethal,Daylight,Yes,NoIntersection,Normal,Other,5,Monday,11,False,False
201800002194,NonLethal,NightStreelightsOn,Yes,NoIntersection,Normal,2Vehicles-Side,12,Sunday,20,True,False
201800026666,NonLethal,Daylight,Yes,NoIntersection,Normal,Other,7,Tuesday,20,False,False
201800002676,NonLethal,Daylight,No,NoIntersection,LightRain,NoCollision,10,Wednesday,17,False,False
201800039881,NonLethal,TwilightOrDawn,Yes,NoIntersection,Normal,2Vehicles-Side,4,Monday,19,False,False
201800023980,NonLethal,NightStreelightsOn,Yes,X-type,Normal,2Vehicles-Side,8,Tuesday,5,False,True
201800023380,NonLethal,NightStreelightsOn,No,NoIntersection,Normal,2Vehicles-Behind,11,Friday,19,False,False
201800052422,NonLethal,NightStreelightsOn,Yes,Y-type,Normal,Other,5,Friday,3,False,True
201800009211,NonLethal,Daylight,Yes,T-type,Normal,2Vehicles-Behind,6,Thursday,8,False,False
201800017908,NonLethal,NightNoStreetLight,No,NoIntersection,Normal,Other,12,Wednesday,18,False,False
201800038621,NonLethal,Daylight,Yes,NoIntersection,Normal,2Vehicles-Side,9,Friday,18,False,False
201800019857,NonLethal,Daylight,Yes,Other,Normal,2Vehicles-Side,7,Friday,10,False,False
201800035677,NonLethal,Daylight,Yes,Other,Normal,2Vehicles-Behind,10,Sunday,10,True,False
201800016126,NonLethal,NightStreelightsOn,Yes,NoIntersection,HeavyRain,Other,1,Tuesday,18,False,False
201800037077,NonLethal,Daylight,Yes,Roundabout,LightRain,2Vehicles-Side,10,Tuesday,10,False,False
201800043058,NonLethal,TwilightOrDawn,Yes,NoIntersection,Normal,2Vehicles-Side,9,Saturday,21,True,False
201800000802,NonLethal,Daylight,No,Roundabout,Normal,NoCollision,4,Saturday,13,True,False
201800038891,NonLethal,Daylight,Yes,NoIntersection,Normal,2Vehicles-Behind,2,Friday,11,False,False
201800050638,NonLethal,Daylight,Yes,T-type,Overcast,NoCollision,12,Wednesday,14,False,False
201800040123,NonLethal,NightStreelightsOn,Yes,NoIntersection,Normal,2Vehicles-Side,9,Saturday,21,True,False
201800025244,NonLethal,Daylight,Yes,NoIntersection,Normal,NoCollision,2,Wednesday,12,False,False
201800020704,NonLethal,Daylight,Yes,X-type,VeryGood,Other,2,Tuesday,11,False,False
201800004478,NonLethal,Daylight,Yes,NoIntersection,Normal,2Vehicles-Behind,6,Monday,18,False,False
201800047210,NonLethal,Daylight,Yes,NoIntersection,Normal,NoCollision,3,Tuesday,15,False,False
201800020331,NonLethal,Daylight,No,NoIntersection,Normal,Other,4,Wednesday,17,False,False
201800029824,NonLethal,Daylight,Yes,Other,Normal,Other,3,Monday,13,False,False
201800009446,NonLethal,Daylight,Yes,T-type,Normal,2Vehicles-Behind,7,Sunday,20,True,False
201800001497,Lethal,TwilightOrDawn,No,NoIntersection,Normal,Other,8,Sunday,7,True,False
201800048854,NonLethal,NightStreelightsOn,No,Y-type,Normal,2Vehicles-Side,3,Tuesday,22,False,False
201800020586,NonLethal,Daylight,Yes,T-type,Normal,2Vehicles-Side,4,Wednesday,12,False,False
201800029950,NonLethal,NightNoStreetLight,No,NoIntersection,LightRain,Other,3,Friday,6,False,True
201800030021,NonLethal,Daylight,Yes,NoIntersection,Overcast,NoCollision,1,Wednesday,9,False,False
201800006373,NonLethal,NightStreelightsOn,Yes,T-type,Normal,2Vehicles-BehindVehicles-Frontal,1,Friday,20,False,False
201800030633,NonLethal,NightStreelightsOn,Yes,NoIntersection,Normal,Other,10,Thursday,18,False,False
201800055385,NonLethal,NightStreelightsOn,Yes,NoIntersection,Normal,Other,11,Monday,23,False,False
201800018753,NonLethal,NightStreelightsOn,Yes,NoIntersection,Normal,NoCollision,10,Saturday,3,True,True
201800042667,NonLethal,Daylight,Yes,NoIntersection,Normal,NoCollision,5,Sunday,13,True,False
201800018865,NonLethal,NightNoStreetLight,No,NoIntersection,FogOrSmoke,Other,1,Friday,21,False,False
201800036537,NonLethal,NightStreelightsOn,Yes,NoIntersection,Normal,Other,5,Friday,23,False,False
201800036600,NonLethal,NightStreelightsOn,Yes,T-type,Normal,2Vehicles-Side,8,Wednesday,23,False,False
201800026426,NonLethal,Daylight,Yes,NoIntersection,Normal,Other,10,Thursday,18,False,False
201800047199,NonLethal,Daylight,Yes,NoIntersection,Normal,2Vehicles-Behind,5,Saturday,15,True,False
201800051169,NonLethal,Daylight,Yes,NoIntersection,Normal,Other,8,Sunday,7,True,False
201800051648,NonLethal,Daylight,Yes,X-type,LightRain,Other,1,Wednesday,10,False,False
201800021757,NonLethal,NightNoStreetLight,No,NoIntersection,Normal,Other,12,Monday,19,False,False