AccidentId,Gravity,Light,InAgglomeration,IntersectionType,Weather,CollisionType,Month,DayOfWeek,HourOfDay,IsWeekend,IsNight
201800004023,NonLethal,Daylight,Yes,X-type,Normal,2Vehicles-Side,2,Tuesday,9,False,False
201800032103,NonLethal,TwilightOrDawn,Yes,T-type,Normal,Other,2,Tuesday,7,False,False
201800043438,NonLethal,NightStreelightsOn,Yes,X-type,Normal,Other,4,Thursday,5,False,True
201800046496,NonLethal,TwilightOrDawn,No,NoIntersection,Normal,2Vehicles-Behind,3,Sunday,19,True,False
201800007007,NonLethal,Daylight,No,NoIntersection,VeryGood,Other,12,Sunday,11,True,False
201800031940,NonLethal,Daylight,Yes,T-type,Normal,2Vehicles-BehindVehicles-Frontal,9,Tuesday,8,False,False
201800027580,NonLethal,Daylight,Yes,T-type,Normal,2Vehicles-Side,1,Sunday,12,True,False
201800033673,NonLethal,Daylight,Yes,X-type,Normal,2Vehicles-Side,3,Monday,15,False,False
201800044177,NonLethal,Daylight,No,NoIntersection,Normal,Other,8,Saturday,14,True,False
201800032888,NonLethal,Daylight,Yes,NoIntersection,Normal,NoCollision,9,Friday,17,False,False
201800015195,Lethal,Daylight,No,T-type,Normal,2Vehicles-Side,7,Friday,6,False,True
201800048433,NonLethal,Daylight,Yes,NoIntersection,Normal,Other,7,Thursday,20,False,False
201800039353,NonLethal,NightStreelightsOn,Yes,X-type,LightRain,2Vehicles-Side,3,Thursday,19,False,False
201800057430,NonLethal,NightStreelightsOn,No,NoIntersection,Normal,Other,3,Saturday,0,True,True
201800023254,NonLethal,Daylight,Yes,NoIntersection,Normal,Other,9,Monday,16,False,False
201800029126,NonLethal,Daylight,No,Roundabout,Normal,2Vehicles-Side,8,Friday,18,False,False
201800015022,NonLethal,Daylight,Yes,NoIntersection,LightRain,Other,12,Saturday,14,True,False
201800057520,NonLethal,Daylight,No,Other,Normal,Other,3,Saturday,18,True,False
201800046366,NonLethal,Daylight,No,NoIntersection,LightRain,NoCollision,1,Sunday,13,True,False
201800012630,Lethal,Daylight,No,NoIntersection,Normal,2Vehicles-BehindVehicles-Frontal,11,Saturday,11,True,False
201800003491,NonLethal,Daylight,No,NoIntersection,Normal,2Vehicles-BehindVehicles-Frontal,9,Monday,13,False,False
201800042977,NonLethal,Daylight,Yes,NoIntersection,Normal,2Vehicles-Side,3,Thursday,13,False,False
201800008520,NonLethal,Daylight,Yes,NoIntersection,Normal,Other,2,Tuesday,10,False,False
201800018173,NonLethal,Daylight,No,X-type,Normal,2Vehicles-BehindVehicles-Frontal,4,Tuesday,10,False,False
201800023691,NonLethal,Daylight,No,NoIntersection,Normal,Other,5,Friday,13,False,False
201800012394,Lethal,NightNoStreetLight,No,NoIntersection,FogOrSmoke,Other,12,Saturday,0,True,True
201800020317,NonLethal,NightNoStreetLight,No,NoIntersection,Normal,2Vehicles-Side,11,Sunday,2,True,True
201800015993,NonLethal,Daylight,No,T-type,Normal,2Vehicles-Side,3,Sunday,13,True,False
201800002967,Lethal,NightStreelightsOn,Yes,NoIntersection,Normal,Other,10,Wednesday,20,False,False
201800028118,NonLethal,Daylight,Yes,Roundabout,LightRain,3+Vehicles-Multiple,10,Tuesday,17,False,False
201800014788,Lethal,Daylight,No,NoIntersection,LightRain,2Vehicles-Side,3,Monday,16,False,False
201800015990,NonLethal,Daylight,Yes,NoIntersection,Normal,2Vehicles-Behind,1,Wednesday,13,False,False
201800028844,NonLethal,Daylight,Yes,T-type,LightRain,2Vehicles-Side,6,Monday,14,False,False
201800028110,NonLethal,Daylight,Yes,NoIntersection,Normal,2Vehicles-Side,9,Friday,17,False,False
201800009459,NonLethal,Daylight,Yes,Other,Normal,2Vehicles-Side,7,Tuesday,15,False,False
201800049481,NonLethal,Daylight,No,NoIntersection,Normal,2Vehicles-Behind,3,Tuesday,14,False,False
201800019542,NonLethal,NightStreelightsOn,Yes,X-type,Normal,2Vehicles-BehindVehicles-Frontal,12,Sunday,20,True,False
201800032735,NonLethal,Daylight,No,NoIntersection,Normal,2Vehicles-Behind,2,Saturday,14,True,False
201800025623,NonLethal,TwilightOrDawn,Yes,NoIntersection,Overcast,Other,11,Friday,17,False,False
201800021764,NonLethal,NightNoStreetLight,No,NoIntersection,HeavyRain,2Vehicles-Side,12,Wednesday,20,False,False
201800026555,NonLethal,NightStreelightsOn,Yes,X-type,Normal,2Vehicles-Side,6,Saturday,0,True,True
201800049599,NonLethal,Daylight,No,NoIntersection,Normal,3+Vehicles-Multiple,3,Saturday,17,True,False
201800019896,NonLethal,Daylight,No,NoIntersection,Normal,NoCollision,5,Wednesday,16,False,False
201800000532,NonLethal,Daylight,No,X-type,Normal,2Vehicles-Side,5,Saturday,18,True,False
201800011679,NonLethal,TwilightOrDawn,No,NoIntersection,Normal,Other,11,Thursday,16,False,False
201800003769,NonLethal,Daylight,No,NoIntersection,Normal,NoCollision,2,Sunday,9,True,False
201800030274,NonLethal,Daylight,Yes,NoIntersection,Normal,2Vehicles-Behind,1,Thursday,12,False,False
201800051002,NonLethal,Daylight,Yes,Y-type,Normal,2Vehicles-Side,2,Wednesday,12,False,False
201800007750,NonLethal,Daylight,Yes,NoIntersection,Normal,2Vehicles-Behind,4,Friday,15,False,False
201800005201,NonLethal,Daylight,Yes,NoIntersection,Normal,2Vehicles-Behind,2,Friday,10,False,False
201800050759,NonLethal,Daylight,Yes,T-type,SnowOrHail,Other,2,Tuesday,11,False,False
201800028148,NonLethal,Daylight,Yes,Roundabout,LightRain,Other,11,Saturday,15,True,False
201800015234,NonLethal,Daylight,Yes,NoIntersection,Normal,Other,8,Saturday,12,True,False
201800020644,NonLethal,Daylight,Yes,X-type,HeavyRain,2Vehicles-BehindVehicles-Frontal,12,Friday,8,False,False
201800013235,NonLethal,Daylight,No,NoIntersection,Normal,Other,6,Thursday,11,False,False
201800040369,NonLethal,NightStreelightsOn,Yes,NoIntersection,LightRain,2Vehicles-Behind,11,Sunday,6,True,True
201800045649,NonLethal,NightStreelightsOn,No,NoIntersection,LightRain,NoCollision,1,Tuesday,6,False,True
201800020741,NonLethal,NightStreelightsOn,Yes,T-type,Normal,2Vehicles-Side,10,Monday,19,False,False
201800007746,NonLethal,Daylight,Yes,NoIntersection,Normal,Other,4,Wednesday,17,False,False
201800057342,NonLethal,NightStreelightsOn,Yes,NoIntersection,Normal,NoCollision,7,Tuesday,8,False,False
201800046789,NonLethal,Daylight,No,NoIntersection,Normal,2Vehicles-Behind,7,Tuesday,20,False,False
201800008783,NonLethal,Daylight,Yes,T-type,Normal,2Vehicles-Side,4,Tuesday,13,False,False
201800043132,NonLethal,NightStreelightsOn,Yes,T-type,Overcast,2Vehicles-Side,1,Saturday,3,True,True
201800004306,NonLethal,TwilightOrDawn,No,NoIntersection,Normal,2Vehicles-Side,6,Sunday,18,True,False
201800055846,NonLethal,Daylight,No,Other,Normal,2Vehicles-Side,3,Monday,16,False,False
201800018863,NonLethal,Daylight,No,NoIntersection,Normal,Other,11,Thursday,16,False,False
201800031306,NonLethal,Daylight,Yes,NoIntersection,Normal,Other,3,Friday,19,False,False
201800022545,NonLethal,Daylight,Yes,Other,Normal,Other,11,Friday,10,False,False
201800043754,NonLethal,Daylight,Yes,Roundabout,Normal,NoCollision,11,Friday,14,False,False
201800031667,NonLethal,Daylight,Yes,NoIntersection,Overcast,Other,2,Tuesday,15,False,False
201800011532,NonLethal,Daylight,No,NoIntersection,Normal,NoCollision,10,Monday,7,False,False
201800036064,NonLethal,Daylight,Yes,NoIntersection,Normal,2Vehicles-BehindVehicles-Frontal,2,Monday,12,False,False
201800011609,NonLethal,Daylight,No,X-type,Normal,2Vehicles-Side,7,Tuesday,18,False,False
201800023939,Lethal,Daylight,Yes,X-type,Normal,Other,7,Monday,15,False,False
201800004834,NonLethal,NightNoStreetLight,No,NoIntersection,HeavyRain,Other,8,Monday,1,False,True
201800037228,NonLethal,NightStreelightsOn,Yes,NoIntersection,Normal,2Vehicles-Side,1,Friday,22,False,False
201800012524,NonLethal,Daylight,No,NoIntersection,Normal,Other,4,Friday,16,False,False
201800028937,NonLethal,Daylight,Yes,NoIntersection,Normal,Other,7,Thursday,17,False,False
201800006698,NonLethal,NightNoStreetLight,No,Other,Normal,Other,2,Saturday,20,True,False
201800044010,NonLethal,Daylight,No,Other,Normal,2Vehicles-Side,5,Friday,13,False,False
201800015502,NonLethal,Daylight,No,NoIntersection,Normal,2Vehicles-Side,2,Sunday,15,True,False
201800045016,NonLethal,Daylight,No,NoIntersection,Normal,2Vehicles-Side,6,Wednesday,8,False,False
201800053661,NonLethal,Daylight,Yes,T-type,Normal,2Vehicles-Side,1,Thursday,9,False,False
201800036345,NonLethal,Daylight,Yes,Other,Normal,2Vehicles-BehindVehicles-Frontal,7,Wednesday,14,False,False
201800000706,NonLethal,Daylight,No,NoIntersection,Normal,Other,5,Wednesday,12,False,False
201800047418,NonLethal,Daylight,Yes,NoIntersection,Normal,Other,3,Monday,14,False,False
201800014855,NonLethal,TwilightOrDawn,No,NoIntersection,Normal,2Vehicles-Side,6,Friday,21,False,False
201800043388,NonLethal,Daylight,Yes,NoIntersection,Normal,2Vehicles-Side,5,Thursday,12,False,False
201800009309,NonLethal,Daylight,Yes,NoIntersection,Normal,2Vehicles-Behind,6,Thursday,12,False,False
201800032423,NonLethal,Daylight,Yes,NoIntersection,Normal,2Vehicles-BehindVehicles-Frontal,4,Friday,18,False,False
201800003072,NonLethal,Daylight,No,NoIntersection,Normal,2Vehicles-BehindVehicles-Frontal,8,Saturday,17,True,False
201800005871,Lethal,Daylight,Yes,T-type,Normal,Other,12,Thursday,15,False,False
201800004135,NonLethal,Daylight,No,Roundabout,Normal,2Vehicles-Behind,2,Thursday,11,False,False
201800039096,NonLethal,Daylight,Yes,NoIntersection,LightRain,2Vehicles-Behind,11,Wednesday,12,False,False
201800030969,NonLethal,TwilightOrDawn,Yes,NoIntersection,Normal,Other,12,Tuesday,8,False,False
201800029267,NonLethal,NightStreelightsOn,Yes,NoIntersection,Normal,2Vehicles-Side,12,Saturday,23,True,False
201800044738,NonLethal,Daylight,No,NoIntersection,Normal,2Vehicles-Side,4,Tuesday,7,False,False
201800034940,NonLethal,NightStreelightsOn,Yes,NoIntersection,FogOrSmoke,2Vehicles-BehindVehicles-Frontal,11,Friday,19,False,False
201800007770,NonLethal,Daylight,Yes,NoIntersection,Normal,Other,4,Saturday,14,True,False
201800036917,NonLethal,NightNoStreetLight,Yes,X-type,Normal,2Vehicles-Side,1,Tuesday,20,False,False
201800002959,Lethal,Daylight,No,NoIntersection,Normal,2Vehicles-BehindVehicles-Frontal,7,Monday,8,False,False
201800040668,NonLethal,NightStreelightsOn,Yes,Square,Normal,2Vehicles-Side,4,Thursday,23,False,False
201800000776,NonLethal,TwilightOrDawn,Yes,NoIntersection,LightRain,NoCollision,12,Tuesday,16,False,False
201800029169,NonLethal,NightNoStreetLight,No,NoIntersection,HeavyRain,2Vehicles-BehindVehicles-Frontal,2,Wednesday,4,False,True
201800023241,NonLethal,NightStreelightsOn,Yes,NoIntersection,Normal,Other,9,Wednesday,20,False,False
201800023311,NonLethal,Daylight,Yes,NoIntersection,Normal,Other,10,Thursday,12,False,False
201800032987,NonLethal,Daylight,Yes,NoIntersection,Normal,NoCollision,5,Tuesday,17,False,False
201800012375,NonLethal,Daylight,Yes,NoIntersection,Normal,Other,4,Friday,11,False,False
201800002246,NonLethal,TwilightOrDawn,Yes,NoIntersection,Normal,NoCollision,2,Sunday,7,True,False
201800051133,NonLethal,Daylight,Yes,X-type,Normal,Other,7,Tuesday,14,False,False
201800005973,NonLethal,Daylight,No,NoIntersection,Normal,2Vehicles-Behind,7,Friday,11,False,False
201800022553,NonLethal,NightStreelightsOn,Yes,X-type,Normal,2Vehicles-Side,3,Wednesday,0,False,True
201800025504,NonLethal,Daylight,Yes,NoIntersection,LightRain,Other,9,Sunday,15,True,False
201800035448,NonLethal,TwilightOrDawn,No,NoIntersection,Normal,NoCollision,7,Friday,5,False,True
201800038674,NonLethal,Daylight,Yes,NoIntersection,Normal,Other,3,Thursday,10,False,False
201800013231,Lethal,Daylight,No,Other,LightRain,2Vehicles-BehindVehicles-Frontal,12,Monday,9,False,False
201800031302,NonLethal,Daylight,Yes,NoIntersection,Normal,2Vehicles-Side,8,Tuesday,17,False,False
201800051982,NonLethal,Daylight,Yes,X-type,Normal,Other,4,Saturday,12,True,False
201800008256,NonLethal,Daylight,No,NoIntersection,Normal,2Vehicles-BehindVehicles-Frontal,7,Friday,15,False,False
201800039036,NonLethal,Daylight,Yes,NoIntersection,LightRain,NoCollision,9,Tuesday,15,False,False
201800012177,NonLethal,Daylight,Yes,NoIntersection,VeryGood,Other,9,Saturday,17,True,False
201800050042,NonLethal,NightStreelightsOn,No,NoIntersection,Normal,Other,6,Sunday,1,True,True
201800040189,NonLethal,Daylight,Yes,NoIntersection,Normal,Other,7,Thursday,19,False,False
201800043210,NonLethal,Daylight,Yes,T-type,Normal,2Vehicles-Side,4,Wednesday,16,False,False
201800003425,NonLethal,Daylight,No,NoIntersection,Normal,3+Vehicles-Multiple,10,Friday,11,False,False
201800011922,NonLethal,Daylight,Yes,Y-type,Normal,3+Vehicles-Multiple,6,Wednesday,13,False,False
201800024546,NonLethal,Daylight,Yes,NoIntersection,Normal,2Vehicles-Behind,12,Wednesday,13,False,False
201800007139,Lethal,Daylight,No,NoIntersection,FogOrSmoke,Other,12,Friday,9,False,False
201800001913,NonLethal,NightStreelightsOn,Yes,X-type,Normal,2Vehicles-Side,7,Sunday,3,True,True
201800016484,NonLethal,NightNoStreetLight,No,NoIntersection,LightRain,2Vehicles-BehindVehicles-Frontal,1,Sunday,20,True,False
201800008628,NonLethal,NightStreelightsOn,Yes,NoIntersection,Normal,NoCollision,3,Saturday,20,True,False
201800010919,NonLethal,Daylight,No,NoIntersection,Normal,3+Vehicles-Multiple,3,Thursday,14,False,False
201800003968,NonLethal,Daylight,Yes,NoIntersection,Normal,NoCollision,5,Saturday,13,True,False
201800023665,NonLethal,NightNoStreetLight,No,NoIntersection,Normal,NoCollision,12,Sunday,5,True,True
201800015808,NonLethal,Daylight,No,NoIntersection,Normal,2Vehicles-BehindVehicles-Frontal,11,Monday,9,False,False
201800030468,NonLethal,NightStreelightsOn,Yes,NoIntersection,Normal,Other,11,Sunday,3,True,True
201800048972,NonLethal,Daylight,No,NoIntersection,Normal,2Vehicles-Side,6,Friday,12,False,False
201800015008,NonLethal,Daylight,Yes,NoIntersection,Normal,Other,5,Saturday,10,True,False
201800050315,NonLethal,Daylight,Yes,NoIntersection,Normal,2Vehicles-Side,6,Saturday,11,True,False
201800016592,NonLethal,Daylight,No,T-type,VeryGood,2Vehicles-Side,7,Monday,7,False,False
201800006685,NonLethal,Daylight,No,NoIntersection,Normal,Other,4,Wednesday,11,False,False
201800033005,NonLethal,Daylight,Yes,NoIntersection,Normal,Other,10,Monday,8,False,False
201800017321,NonLethal,Daylight,No,X-type,Normal,2Vehicles-Side,6,Friday,13,False,False
201800006625,NonLethal,Daylight,No,NoIntersection,Normal,2Vehicles-Behind,3,Saturday,18,True,False
201800044947,NonLethal,Daylight,No,NoIntersection,Normal,2Vehicles-Behind,5,Sunday,18,True,False
201800053919,NonLethal,NightStreelightsOn,Yes,X-type,Normal,Other,10,Monday,22,False,False
201800028939,NonLethal,Daylight,Yes,NoIntersection,Normal,Other,2,Thursday,15,False,False
201800046585,NonLethal,Daylight,No,NoIntersection,LightRain,Other,5,Monday,13,False,False
201800022751,NonLethal,Daylight,No,X-type,Normal,2Vehicles-Side,8,Sunday,13,True,False
201800023831,NonLethal,NightStreelightsOff,Yes,NoIntersection,Normal,Other,1,Monday,3,False,True
201800021549,NonLethal,Daylight,No,Y-type,Normal,2Vehicles-Side,6,Tuesday,11,False,False
201800010417,NonLethal,TwilightOrDawn,Yes,NoIntersection,Normal,2Vehicles-BehindVehicles-Frontal,9,Saturday,19,True,False
201800009615,NonLethal,Daylight,Yes,Other,Normal,3+Vehicles-Chain,8,Thursday,8,False,False
201800002274,NonLethal,Daylight,Yes,NoIntersection,Normal,3+Vehicles-Multiple,8,Friday,14,False,False
201800044120,NonLethal,Daylight,No,NoIntersection,Normal,Other,7,Wednesday,18,False,False
201800037215,NonLethal,NightStreelightsOn,Yes,NoIntersection,Normal,Other,2,Monday,7,False,False
201800006004,Lethal,NightNoStreetLight,No,NoIntersection,Normal,Other,4,Wednesday,1,False,True
201800034005,NonLethal,TwilightOrDawn,Yes,NoIntersection,Normal,2Vehicles-BehindVehicles-Frontal,6,Monday,22,False,False
201800043128,NonLethal,Daylight,Yes,NoIntersection,Normal,2Vehicles-Side,5,Saturday,14,True,False
201800018778,NonLethal,Daylight,Yes,T-type,Normal,NoCollision,10,Tuesday,8,False,False
201800025696,NonLethal,Daylight,Yes,T-type,Normal,2Vehicles-Side,3,Friday,17,False,False
201800056341,Lethal,NightStreelightsOn,Yes,NoIntersection,Normal,Other,2,Wednesday,23,False,False
201800027598,NonLethal,Daylight,Yes,X-type,Normal,2Vehicles-Side,6,Monday,11,False,False
201800003368,NonLethal,TwilightOrDawn,No,T-type,Normal,2Vehicles-Side,9,Saturday,18,True,False
201800054834,NonLethal,Daylight,Yes,X-type,Normal,Other,10,Tuesday,15,False,False
201800036285,NonLethal,Daylight,Yes,T-type,Normal,2Vehicles-Side,9,Thursday,14,False,False
201800025174,NonLethal,Daylight,Yes,NoIntersection,Normal,Other,12,Wednesday,14,False,False
201800054450,NonLethal,Daylight,Yes,Square,Normal,Other,6,Thursday,13,False,False
201800019059,NonLethal,Daylight,No,NoIntersection,Normal,NoCollision,6,Tuesday,9,False,False
201800032102,NonLethal,Daylight,Yes,Y-type,Normal,Other,1,Tuesday,12,False,False
201800006982,Lethal,Daylight,No,X-type,VeryGood,2Vehicles-Side,11,Friday,8,False,False
201800023622,NonLethal,NightStreelightsOn,Yes,NoIntersection,Normal,NoCollision,2,Tuesday,1,False,True
201800026062,Lethal,Daylight,No,NoIntersection,Normal,2Vehicles-BehindVehicles-Frontal,11,Thursday,9,False,False
201800014396,NonLethal,Daylight,No,Other,Normal,Other,1,Sunday,15,True,False
201800050157,NonLethal,Daylight,No,NoIntersection,Normal,2Vehicles-Behind,12,Friday,10,False,False
201800027018,NonLethal,Daylight,Yes,T-type,FogOrSmoke,2Vehicles-Behind,12,Tuesday,15,False,False
201800033459,NonLethal,Daylight,Yes,NoIntersection,LightRain,Other,5,Friday,17,False,False
201800006502,NonLethal,NightStreelightsOff,No,NoIntersection,Normal,Other,7,Friday,1,False,True
201800034413,NonLethal,Daylight,No,T-type,Normal,Other,8,Saturday,16,True,False
201800016283,NonLethal,NightStreelightsOn,Yes,X-type,Normal,2Vehicles-Side,2,Saturday,6,True,True
201800020222,NonLethal,Daylight,No,NoIntersection,LightRain,NoCollision,8,Thursday,17,False,False
201800039002,NonLethal,NightStreelightsOn,Yes,NoIntersection,LightRain,2Vehicles-Side,12,Tuesday,21,False,False
201800022971,NonLethal,Daylight,Yes,NoIntersection,Normal,Other,3,Tuesday,8,False,False
201800021086,NonLethal,Daylight,No,NoIntersection,Normal,2Vehicles-BehindVehicles-Frontal,10,Thursday,7,False,False
201800007616,NonLethal,Daylight,Yes,NoIntersection,Normal,2Vehicles-Behind,5,Saturday,16,True,False
201800016936,Lethal,NightNoStreetLight,No,NoIntersection,Normal,Other,10,Thursday,2,False,True
201800030537,NonLethal,Daylight,Yes,NoIntersection,Normal,NoCollision,6,Sunday,16,True,False
201800052479,NonLethal,NightStreelightsOn,Yes,X-type,Normal,2Vehicles-Behind,7,Tuesday,23,False,False
201800025936,NonLethal,Daylight,Yes,NoIntersection,Normal,2Vehicles-Side,7,Tuesday,11,False,False
201800008843,NonLethal,Daylight,Yes,Square,HeavyRain,2Vehicles-Behind,11,Sunday,17,True,False
201800007881,NonLethal,Daylight,No,NoIntersection,Normal,NoCollision,5,Wednesday,13,False,False
201800012152,NonLethal,Daylight,Yes,X-type,Normal,2Vehicles-Side,5,Tuesday,18,False,False
201800029483,NonLethal,Daylight,Yes,Other,Normal,2Vehicles-Side,4,Wednesday,10,False,False
201800006634,NonLethal,TwilightOrDawn,No,NoIntersection,Normal,Other,1,Friday,7,False,False
201800013425,NonLethal,Daylight,No,X-type,VeryGood,2Vehicles-Side,9,Friday,18,False,False
201800048374,NonLethal,NightStreelightsOn,Yes,X-type,Normal,Other,6,Saturday,22,True,False
201800008350,NonLethal,Daylight,Yes,NoIntersection,Normal,NoCollision,1,Monday,16,False,False
201800006382,NonLethal,Daylight,No,Other,Normal,Other,5,Thursday,19,False,False
201800056195,NonLethal,Daylight,Yes,NoIntersection,Normal,Other,10,Monday,15,False,False
201800015429,NonLethal,TwilightOrDawn,No,NoIntersection,Normal,2Vehicles-BehindVehicles-Frontal,7,Saturday,22,True,False
201800053658,NonLethal,NightStreelightsOn,Yes,X-type,Overcast,2Vehicles-Behind,3,Thursday,18,False,False
201800022795,NonLethal,Daylight,No,NoIntersection,Normal,Other,2,Saturday,13,True,False
201800049848,NonLethal,Daylight,No,NoIntersection,Normal,2Vehicles-Behind,5,Wednesday,8,False,False
201800002534,NonLethal,Daylight,Yes,T-type,Normal,2Vehicles-Side,6,Tuesday,16,False,False
201800040871,NonLethal,Daylight,Yes,NoIntersection,Normal,Other,5,Tuesday,17,False,False
201800003110,NonLethal,NightNoStreetLight,No,NoIntersection,LightRain,Other,10,Wednesday,1,False,True
201800035472,NonLethal,NightStreelightsOn,Yes,NoIntersection,Overcast,2Vehicles-Side,3,Thursday,19,False,False
201800055936,NonLethal,TwilightOrDawn,No,NoIntersection,Normal,Other,11,Thursday,5,False,True
201800006278,Lethal,TwilightOrDawn,No,NoIntersection,Normal,3+Vehicles-Multiple,2,Thursday,17,False,False
201800017825,NonLethal,Daylight,Yes,X-type,Normal,Other,1,Thursday,17,False,False
201800023374,NonLethal,NightStreelightsOn,Yes,NoIntersection,Normal,Other,11,Thursday,21,False,False
201800028795,NonLethal,Daylight,No,NoIntersection,Normal,Other,9,Sunday,19,True,False
201800015273,NonLethal,NightNoStreetLight,No,NoIntersection,HeavyRain,Other,5,Wednesday,2,False,True
201800054105,NonLethal,Daylight,Yes,T-type,HeavyRain,Other,5,Tuesday,17,False,False
201800023670,NonLethal,Daylight,No,NoIntersection,LightRain,2Vehicles-BehindVehicles-Frontal,2,Thursday,11,False,False
201800049322,Lethal,NightNoStreetLight,No,NoIntersection,Normal,NoCollision,2,Monday,21,False,False
201800049882,NonLethal,Daylight,No,NoIntersection,Normal,Other,6,Friday,17,False,False
201800027911,NonLethal,Daylight,Yes,NoIntersection,Normal,Other,2,Monday,17,False,False
201800024385,NonLethal,Daylight,Yes,X-type,Normal,Other,8,Monday,16,False,False
201800049074,NonLethal,Daylight,No,NoIntersection,Normal,2Vehicles-Behind,11,Friday,15,False,False
201800006785,NonLethal,NightStreelightsOn,No,NoIntersection,Normal,Other,12,Monday,22,False,False
201800012340,NonLethal,Daylight,Yes,NoIntersection,Normal,NoCollision,8,Thursday,15,False,False
201800041006,NonLethal,NightStreelightsOff,Yes,NoIntersection,Normal,Other,2,Saturday,20,True,False
201800053450,NonLethal,Daylight,Yes,Square,Normal,Other,7,Sunday,18,True,False
201800048517,NonLethal,Daylight,Yes,Square,Normal,Other,9,Thursday,15,False,False
201800015872,NonLethal,Daylight,No,NoIntersection,Normal,NoCollision,5,Sunday,19,True,False
201800048782,NonLethal,Daylight,Yes,X-type,Normal,2Vehicles-Side,12,Friday,8,False,False
201800023094,NonLethal,Daylight,Yes,NoIntersection,Normal,2Vehicles-Side,5,Monday,18,False,False
201800033897,NonLethal,Daylight,Yes,NoIntersection,LightRain,Other,7,Thursday,11,False,False
201800044001,NonLethal,Daylight,No,NoIntersection,Normal,2Vehicles-Behind,5,Monday,20,False,False
201800054609,NonLethal,NightStreelightsOn,Yes,NoIntersection,HeavyRain,Other,11,Tuesday,20,False,False
201800035796,NonLethal,Daylight,No,NoIntersection,Normal,2Vehicles-Side,7,Friday,19,False,False
201800003570,NonLethal,Daylight,No,NoIntersection,Normal,2Vehicles-Behind,9,Thursday,14,False,False
201800012171,NonLethal,Daylight,No,NoIntersection,Normal,NoCollision,5,Friday,9,False,False
201800036789,NonLethal,NightStreelightsOn,Yes,NoIntersection,Normal,Other,10,Saturday,1,True,True
201800026863,NonLethal,Daylight,No,NoIntersection,Normal,Other,7,Friday,13,False,False
201800055642,NonLethal,NightStreelightsOn,Yes,Y-type,Normal,2Vehicles-Side,10,Wednesday,20,False,False
201800015886,NonLethal,Daylight,No,NoIntersection,LightRain,Other,6,Tuesday,15,False,False
201800025186,NonLethal,NightNoStreetLight,Yes,NoIntersection,Normal,Other,1,Thursday,0,False,True
201800016715,Lethal,Daylight,Yes,NoIntersection,Normal,Other,8,Tuesday,10,False,False
201800033114,NonLethal,Daylight,Yes,Roundabout,Normal,2Vehicles-Side,4,Wednesday,13,False,False
201800006532,NonLethal,Daylight,Yes,NoIntersection,VeryGood,Other,8,Friday,9,False,False
201800013974,NonLethal,Daylight,Yes,Y-type,Normal,Other,8,Friday,18,False,False
201800005845,NonLethal,Daylight,Yes,X-type,Normal,2Vehicles-Side,11,Sunday,16,True,False
201800031954,NonLethal,Daylight,Yes,T-type,Overcast,2Vehicles-Side,10,Wednesday,10,False,False
201800048850,NonLethal,Daylight,No,NoIntersection,Normal,Other,3,Thursday,7,False,False
201800005077,Lethal,Daylight,Yes,Other,Normal,Other,10,Sunday,19,True,False
201800022980,NonLethal,Daylight,No,NoIntersection,Normal,3+Vehicles-Chain,3,Thursday,17,False,False
201800053027,NonLethal,NightStreelightsOn,Yes,X-type,LightRain,NoCollision,5,Monday,22,False,False
201800020178,Lethal,Daylight,Yes,NoIntersection,VeryGood,Other,7,Saturday,10,True,False
201800045563,NonLethal,Daylight,No,NoIntersection,Normal,3+Vehicles-Chain,12,Wednesday,10,False,False
201800022421,NonLethal,NightNoStreetLight,No,Roundabout,Normal,3+Vehicles-Chain,11,Tuesday,21,False,False
201800046974,NonLethal,Daylight,No,NoIntersection,Normal,NoCollision,10,Saturday,14,True,False
201800023904,NonLethal,TwilightOrDawn,Yes,T-type,Other,2Vehicles-Behind,4,Friday,6,False,True
201800009186,NonLethal,NightStreelightsOn,Yes,NoIntersection,Normal,2Vehicles-Side,6,Sunday,23,True,False
201800044412,NonLethal,NightStreelightsOn,No,NoIntersection,Normal,3+Vehicles-Chain,11,Thursday,19,False,False
201800034126,NonLethal,NightStreelightsOn,Yes,X-type,Normal,2Vehicles-Side,12,Thursday,22,False,False
201800024246,NonLethal,TwilightOrDawn,Yes,NoIntersection,Normal,NoCollision,1,Saturday,7,True,False
201800027747,NonLethal,Daylight,Yes,T-type,Normal,Other,7,Monday,9,False,False
201800050916,NonLethal,Daylight,Yes,X-type,Normal,2Vehicles-Side,8,Wednesday,18,False,False
201800056826,NonLethal,Daylight,Yes,NoIntersection,Normal,Other,1,Friday,11,False,False
201800037574,NonLethal,NightStreelightsOn,Yes,NoIntersection,Normal,2Vehicles-Behind,3,Tuesday,20,False,False
201800048328,NonLethal,Daylight,Yes,X-type,Normal,2Vehicles-Side,6,Thursday,17,False,False
201800033306,NonLethal,Daylight,Yes,T-type,Normal,2Vehicles-Behind,6,Monday,9,False,False
201800023124,NonLethal,Daylight,Yes,NoIntersection,Normal,Other,6,Tuesday,19,False,False
201800050912,NonLethal,Daylight,Yes,Y-type,Normal,Other,7,Friday,9,False,False
201800035525,NonLethal,Daylight,Yes,NoIntersection,Normal,2Vehicles-Side,4,Friday,13,False,False
201800031876,NonLethal,NightStreelightsOn,Yes,NoIntersection,Normal,Other,8,Monday,0,False,True