AccidentId,Gravity,Light,InAgglomeration,IntersectionType,Weather,CollisionType,Month,DayOfWeek,HourOfDay,IsWeekend,IsNight
201800047332,NonLethal,NightStreelightsOn,Yes,NoIntersection,LightRain,Other,1,Monday,18,False,False
201800041645,NonLethal,Daylight,Yes,T-type,Normal,Other,6,Friday,14,False,False
201800041347,NonLethal,Daylight,Yes,NoIntersection,Normal,Other,5,Friday,11,False,False
201800009591,NonLethal,Daylight,Yes,X-type,Normal,Other,8,Monday,11,False,False
201800056893,NonLethal,NightStreelightsOn,Yes,NoIntersection,HeavyRain,2Vehicles-Side,7,Wednesday,0,False,True
201800040580,NonLethal,Daylight,Yes,Y-type,LightRain,2Vehicles-Side,3,Saturday,9,True,False
201800037432,NonLethal,Daylight,Yes,T-type,Normal,2Vehicles-Side,4,Thursday,18,False,False
201800001246,NonLethal,Daylight,Yes,NoIntersection,Normal,NoCollision,10,Sunday,14,True,False
201800030197,NonLethal,Daylight,Yes,NoIntersection,Normal,Other,10,Wednesday,12,False,False
201800000856,Lethal,Daylight,No,NoIntersection,Normal,Other,2,Wednesday,13,False,False
201800024930,NonLethal,Daylight,No,NoIntersection,Normal,3+Vehicles-Chain,9,Thursday,9,False,False
201800049336,NonLethal,TwilightOrDawn,No,Other,Normal,2Vehicles-Behind,2,Sunday,7,True,False
201800044596,NonLethal,NightNoStreetLight,No,Other,LightRain,Other,2,Sunday,6,True,True
201800038268,NonLethal,Daylight,Yes,T-type,LightRain,Other,3,Tuesday,8,False,False
201800048603,NonLethal,Daylight,Yes,NoIntersection,Normal,2Vehicles-Behind,10,Monday,8,False,False
201800035016,NonLethal,NightStreelightsOn,Yes,X-type,Normal,2Vehicles-Side,4,Tuesday,22,False,False
201800047797,NonLethal,Daylight,Yes,NoIntersection,Normal,Other,11,Thursday,13,False,False
201800019067,NonLethal,Daylight,No,MoreThan4Branches,Normal,2Vehicles-Side,9,Tuesday,16,False,False
201800010894,NonLethal,Daylight,No,NoIntersection,Normal,Other,11,Tuesday,13,False,False
201800029139,NonLethal,TwilightOrDawn,No,NoIntersection,LightRain,2Vehicles-BehindVehicles-Frontal,2,Sunday,16,True,False
201800032615,NonLethal,NightStreelightsOn,Yes,NoIntersection,Normal,NoCollision,10,Thursday,19,False,False
201800007096,NonLethal,TwilightOrDawn,Yes,T-type,Normal,2Vehicles-Side,11,Tuesday,17,False,False
201800002608,NonLethal,Daylight,Yes,NoIntersection,Normal,Other,6,Monday,8,False,False
201800057607,NonLethal,Daylight,Yes,NoIntersection,Normal,Other,3,Monday,14,False,False
201800037338,NonLethal,Daylight,Yes,NoIntersection,Normal,2Vehicles-Side,12,Tuesday,8,False,False
201800052043,NonLethal,Daylight,Yes,Y-type,LightRain,Other,5,Tuesday,12,False,False
201800013563,NonLethal,Daylight,Yes,NoIntersection,Normal,Other,1,Sunday,11,True,False
201800035617,NonLethal,Daylight,Yes,Other,Normal,2Vehicles-Side,10,Thursday,17,False,False
201800034818,Lethal,Daylight,Yes,NoIntersection,LightRain,Other,4,Sunday,11,True,False
201800046235,NonLethal,Daylight,No,NoIntersection,Normal,Other,11,Monday,9,False,False
201800047649,NonLethal,NightStreelightsOn,Yes,NoIntersection,Normal,2Vehicles-Behind,8,Saturday,3,True,True
201800016940,NonLethal,Daylight,Yes,NoIntersection,Normal,Other,5,Wednesday,11,False,False
201800004147,NonLethal,Daylight,Yes,NoIntersection,Normal,2Vehicles-Side,6,Tuesday,18,False,False
201800003184,NonLethal,NightNoStreetLight,No,NoIntersection,Normal,Other,7,Sunday,2,True,True
201800014642,NonLethal,Daylight,Yes,NoIntersection,Normal,NoCollision,1,Wednesday,11,False,False
201800008289,NonLethal,NightStreelightsOn,Yes,NoIntersection,LightRain,2Vehicles-Side,1,Thursday,2,False,True
201800000993,NonLethal,TwilightOrDawn,Yes,NoIntersection,Normal,2Vehicles-Side,1,Monday,7,False,False
201800047463,NonLethal,NightStreelightsOn,Yes,NoIntersection,Normal,NoCollision,4,Saturday,22,True,False
201800040776,Lethal,Daylight,Yes,NoIntersection,Normal,Other,4,Saturday,12,True,False
201800040794,NonLethal,NightStreelightsOn,Yes,Other,LightRain,Other,12,Saturday,17,True,False
201800008103,NonLethal,Daylight,No,NoIntersection,VeryGood,2Vehicles-BehindVehicles-Frontal,5,Saturday,9,True,False
201800017866,NonLethal,NightNoStreetLight,No,NoIntersection,Normal,Other,3,Wednesday,1,False,True
201800044750,NonLethal,NightNoStreetLight,No,NoIntersection,Normal,Other,4,Saturday,4,True,True
201800013175,NonLethal,Daylight,Yes,T-type,Normal,2Vehicles-Side,9,Saturday,14,True,False
201800008360,NonLethal,NightStreelightsOn,Yes,NoIntersection,LightRain,2Vehicles-Side,1,Monday,18,False,False
201800042504,NonLethal,Daylight,Yes,NoIntersection,Normal,Other,9,Saturday,15,True,False
201800035638,NonLethal,NightStreelightsOn,Yes,T-type,HeavyRain,2Vehicles-Behind,11,Friday,20,False,False
201800002155,NonLethal,Daylight,No,NoIntersection,Normal,3+Vehicles-Chain,10,Thursday,9,False,False
201800004571,NonLethal,Daylight,No,NoIntersection,LightRain,Other,12,Sunday,14,True,False
201800050653,NonLethal,NightStreelightsOn,Yes,T-type,Normal,2Vehicles-BehindVehicles-Frontal,1,Monday,18,False,False
201800003227,NonLethal,NightNoStreetLight,No,NoIntersection,Normal,NoCollision,4,Sunday,3,True,True
201800029001,NonLethal,NightNoStreetLight,No,T-type,Normal,2Vehicles-Side,8,Sunday,0,True,True
201800019933,NonLethal,Daylight,No,NoIntersection,HeavyRain,2Vehicles-Behind,12,Friday,10,False,False
201800004619,NonLethal,Daylight,No,NoIntersection,Normal,NoCollision,12,Tuesday,8,False,False
201800028995,NonLethal,TwilightOrDawn,No,NoIntersection,Normal,Other,4,Saturday,5,True,True
201800057118,NonLethal,NightStreelightsOn,Yes,NoIntersection,Normal,Other,11,Saturday,18,True,False
201800053604,NonLethal,Daylight,Yes,Square,Normal,2Vehicles-Side,11,Sunday,15,True,False
201800017286,NonLethal,NightNoStreetLight,No,NoIntersection,LightRain,NoCollision,10,Sunday,18,True,False
201800004431,NonLethal,TwilightOrDawn,Yes,Roundabout,Normal,2Vehicles-BehindVehicles-Frontal,12,Saturday,7,True,False
201800030418,Lethal,TwilightOrDawn,No,NoIntersection,Normal,2Vehicles-BehindVehicles-Frontal,9,Thursday,19,False,False
201800039478,NonLethal,Daylight,Yes,NoIntersection,Normal,2Vehicles-Behind,4,Friday,17,False,False
201800024531,NonLethal,Daylight,Yes,NoIntersection,VeryGood,Other,6,Tuesday,16,False,False
201800016577,Lethal,Daylight,No,NoIntersection,Normal,2Vehicles-BehindVehicles-Frontal,6,Tuesday,17,False,False
201800005570,NonLethal,Daylight,Yes,NoIntersection,VeryGood,2Vehicles-Behind,1,Wednesday,10,False,False
201800002913,Lethal,NightNoStreetLight,No,NoIntersection,Normal,Other,6,Saturday,22,True,False
201800024793,NonLethal,Daylight,Yes,NoIntersection,Normal,2Vehicles-Side,7,Friday,12,False,False
201800012390,NonLethal,TwilightOrDawn,No,Y-type,LightRain,2Vehicles-BehindVehicles-Frontal,3,Friday,18,False,False
201800052581,NonLethal,TwilightOrDawn,Yes,T-type,Normal,Other,6,Monday,17,False,False
201800050566,NonLethal,Daylight,Yes,X-type,Normal,2Vehicles-Side,6,Friday,14,False,False
201800027441,NonLethal,Daylight,No,NoIntersection,Normal,NoCollision,9,Friday,12,False,False
201800054862,NonLethal,Daylight,Yes,X-type,Overcast,2Vehicles-Side,3,Monday,7,False,False
201800013539,Lethal,Daylight,No,NoIntersection,LightRain,2Vehicles-Behind,10,Friday,14,False,False
201800013561,NonLethal,Daylight,Yes,T-type,Normal,2Vehicles-Side,11,Thursday,16,False,False
201800005238,NonLethal,Daylight,Yes,Other,Normal,2Vehicles-Behind,5,Tuesday,11,False,False
201800042366,NonLethal,Daylight,Yes,T-type,Normal,2Vehicles-Side,9,Tuesday,8,False,False
201800015716,NonLethal,Daylight,Yes,NoIntersection,Normal,2Vehicles-Behind,7,Friday,17,False,False
201800024521,NonLethal,Daylight,Yes,NoIntersection,Normal,Other,11,Wednesday,10,False,False
201800010927,NonLethal,Daylight,No,T-type,Normal,2Vehicles-Side,6,Friday,17,False,False
201800021009,NonLethal,Daylight,Yes,NoIntersection,Normal,Other,6,Thursday,16,False,False
201800002654,NonLethal,Daylight,No,T-type,Normal,2Vehicles-BehindVehicles-Frontal,6,Wednesday,18,False,False
201800009718,NonLethal,Daylight,Yes,X-type,Normal,2Vehicles-Side,9,Saturday,18,True,False
201800024179,NonLethal,TwilightOrDawn,No,NoIntersection,Normal,2Vehicles-Side,9,Sunday,19,True,False
201800004295,NonLethal,NightNoStreetLight,No,Other,Normal,2Vehicles-Side,7,Tuesday,22,False,False
201800017088,NonLethal,Daylight,No,NoIntersection,Normal,2Vehicles-Behind,9,Friday,11,False,False
201800046987,NonLethal,Daylight,No,NoIntersection,Normal,2Vehicles-Side,10,Wednesday,8,False,False
201800024390,NonLethal,Daylight,Yes,X-type,Normal,3+Vehicles-Multiple,8,Wednesday,14,False,False
201800014682,NonLethal,Daylight,Yes,NoIntersection,Normal,2Vehicles-BehindVehicles-Frontal,11,Sunday,12,True,False
201800041050,NonLethal,Daylight,Yes,NoIntersection,Normal,Other,8,Wednesday,7,False,False
201800014854,NonLethal,TwilightOrDawn,No,X-type,Normal,3+Vehicles-Chain,6,Sunday,4,True,True
201800031394,NonLethal,TwilightOrDawn,No,NoIntersection,Normal,Other,6,Friday,5,False,True
201800041185,NonLethal,Daylight,Yes,NoIntersection,Normal,2Vehicles-Behind,1,Friday,9,False,False
201800006128,Lethal,Daylight,No,NoIntersection,Normal,NoCollision,1,Friday,11,False,False
201800007412,NonLethal,Daylight,Yes,NoIntersection,Normal,2Vehicles-Side,9,Friday,18,False,False
201800041108,NonLethal,NightStreelightsOn,Yes,Other,Normal,2Vehicles-BehindVehicles-Frontal,10,Saturday,21,True,False
201800012476,NonLethal,Daylight,No,NoIntersection,Normal,Other,11,Monday,14,False,False
201800046797,NonLethal,Daylight,No,NoIntersection,Normal,NoCollision,8,Wednesday,19,False,False
201800023520,NonLethal,Daylight,No,NoIntersection,Normal,Other,7,Wednesday,18,False,False
201800031382,Lethal,NightStreelightsOn,No,NoIntersection,Normal,2Vehicles-Behind,12,Friday,23,False,False
201800011563,NonLethal,Daylight,Yes,T-type,Normal,2Vehicles-Side,7,Friday,17,False,False
201800031464,NonLethal,Daylight,No,NoIntersection,Normal,Other,9,Wednesday,15,False,False
201800043706,NonLethal,Daylight,Yes,NoIntersection,Normal,2Vehicles-Side,8,Sunday,8,True,False
201800010193,NonLethal,Daylight,Yes,NoIntersection,Normal,2Vehicles-Behind,12,Friday,11,False,False
201800011462,NonLethal,Daylight,No,NoIntersection,LightRain,Other,2,Monday,16,False,False
201800044360,NonLethal,NightNoStreetLight,No,NoIntersection,Normal,NoCollision,11,Tuesday,17,False,False
201800036313,NonLethal,Daylight,Yes,Roundabout,Normal,2Vehicles-Side,11,Tuesday,14,False,False
201800057461,NonLethal,TwilightOrDawn,No,T-type,Normal,2Vehicles-Side,5,Wednesday,17,False,False
201800044156,NonLethal,Daylight,No,NoIntersection,Normal,2Vehicles-Side,2,Thursday,17,False,False
201800041685,NonLethal,Daylight,Yes,NoIntersection,Normal,Other,9,Saturday,11,True,False
201800015427,NonLethal,Daylight,Yes,NoIntersection,Normal,2Vehicles-Side,7,Thursday,20,False,False
201800042173,NonLethal,Daylight,Yes,NoIntersection,Normal,Other,5,Monday,15,False,False
201800053271,NonLethal,Daylight,Yes,Square,Normal,2Vehicles-Behind,2,Tuesday,7,False,False
201800032663,NonLethal,NightStreelightsOn,Yes,NoIntersection,Normal,2Vehicles-Side,12,Wednesday,18,False,False
201800014410,NonLethal,Daylight,Yes,NoIntersection,Normal,Other,5,Tuesday,12,False,False
201800034487,NonLethal,Daylight,Yes,X-type,Normal,2Vehicles-Side,8,Wednesday,17,False,False
201800049361,NonLethal,Daylight,No,NoIntersection,Normal,3+Vehicles-Multiple,4,Monday,16,False,False
201800055095,NonLethal,Daylight,Yes,NoIntersection,Normal,Other,8,Thursday,8,False,False
201800005032,NonLethal,Daylight,No,NoIntersection,Normal,2Vehicles-Behind,10,Friday,11,False,False
201800004125,NonLethal,NightStreelightsOn,No,X-type,Normal,2Vehicles-Side,11,Saturday,19,True,False
201800051475,NonLethal,Daylight,Yes,NoIntersection,Normal,2Vehicles-Side,4,Wednesday,19,False,False
201800044342,NonLethal,NightNoStreetLight,No,NoIntersection,LightRain,3+Vehicles-Chain,10,Wednesday,19,False,False
201800019582,NonLethal,NightStreelightsOn,Yes,NoIntersection,HeavyRain,Other,3,Thursday,18,False,False
201800001932,NonLethal,NightNoStreetLight,No,NoIntersection,FogOrSmoke,Other,11,Friday,23,False,False
201800048553,NonLethal,Daylight,Yes,X-type,Normal,Other,9,Thursday,11,False,False
201800048248,NonLethal,Daylight,Yes,NoIntersection,Normal,Other,5,Wednesday,20,False,False
201800053121,NonLethal,Daylight,Yes,X-type,Normal,Other,9,Monday,12,False,False
201800047598,NonLethal,Daylight,Yes,Other,Normal,2Vehicles-Side,7,Saturday,15,True,False
201800051019,NonLethal,NightStreelightsOn,Yes,Square,Other,Other,3,Sunday,3,True,True
201800031689,NonLethal,TwilightOrDawn,Yes,NoIntersection,Normal,Other,3,Tuesday,20,False,False
201800007165,NonLethal,NightNoStreetLight,No,NoIntersection,Normal,NoCollision,7,Wednesday,1,False,True
201800000991,NonLethal,TwilightOrDawn,Yes,Roundabout,LightRain,2Vehicles-Side,2,Thursday,8,False,False
201800026615,NonLethal,TwilightOrDawn,Yes,NoIntersection,LightRain,2Vehicles-Behind,1,Wednesday,17,False,False
201800017527,NonLethal,Daylight,Yes,NoIntersection,Normal,Other,11,Saturday,11,True,False
201800031697,NonLethal,Daylight,No,T-type,Normal,2Vehicles-Side,4,Monday,19,False,False
201800023879,NonLethal,Daylight,Yes,NoIntersection,Normal,Other,3,Friday,10,False,False
201800031261,NonLethal,Daylight,Yes,NoIntersection,Normal,2Vehicles-Side,6,Monday,7,False,False
201800034047,NonLethal,Daylight,Yes,NoIntersection,Normal,2Vehicles-Side,8,Saturday,13,True,False
201800033639,NonLethal,Daylight,Yes,NoIntersection,Normal,Other,6,Saturday,13,True,False
201800010175,Lethal,NightStreelightsOn,Yes,NoIntersection,Normal,NoCollision,12,Wednesday,2,False,True
201800031841,NonLethal,Daylight,Yes,NoIntersection,Normal,2Vehicles-BehindVehicles-Frontal,7,Tuesday,11,False,False
201800006597,NonLethal,NightNoStreetLight,No,NoIntersection,Normal,Other,7,Thursday,23,False,False
201800019071,Lethal,TwilightOrDawn,No,NoIntersection,LightRain,Other,11,Saturday,8,True,False
201800016655,NonLethal,NightNoStreetLight,No,NoIntersection,FogOrSmoke,Other,12,Tuesday,18,False,False
201800057246,NonLethal,NightStreelightsOn,Yes,NoIntersection,HeavyRain,Other,6,Monday,18,False,False
201800024960,NonLethal,NightStreelightsOn,Yes,X-type,Normal,2Vehicles-Side,10,Saturday,0,True,True
201800024329,NonLethal,Daylight,Yes,Y-type,Normal,Other,9,Wednesday,19,False,False
201800017255,NonLethal,Daylight,Yes,NoIntersection,FogOrSmoke,Other,4,Tuesday,7,False,False
201800005136,NonLethal,Daylight,Yes,NoIntersection,Normal,2Vehicles-Side,8,Monday,8,False,False
201800002304,NonLethal,NightNoStreetLight,No,NoIntersection,Normal,NoCollision,7,Saturday,22,True,False
201800019472,NonLethal,NightNoStreetLight,No,NoIntersection,Normal,Other,12,Friday,4,False,True
201800014993,NonLethal,Daylight,Yes,Other,Normal,2Vehicles-Side,4,Tuesday,12,False,False
201800000347,NonLethal,NightNoStreetLight,No,NoIntersection,Normal,Other,12,Tuesday,22,False,False
201800002389,NonLethal,Daylight,Yes,Other,Normal,Other,12,Thursday,15,False,False
201800041879,NonLethal,Daylight,Yes,NoIntersection,Normal,Other,6,Friday,19,False,False
201800032405,NonLethal,Daylight,No,NoIntersection,Normal,Other,3,Saturday,17,True,False
201800051945,NonLethal,Daylight,Yes,NoIntersection,Normal,2Vehicles-Side,2,Sunday,15,True,False
201800056075,Lethal,Daylight,No,NoIntersection,VeryGood,Other,7,Wednesday,17,False,False
201800053849,NonLethal,Daylight,Yes,Square,Normal,2Vehicles-Side,8,Tuesday,19,False,False
201800007420,NonLethal,Daylight,Yes,NoIntersection,Normal,2Vehicles-Behind,9,Thursday,16,False,False
201800001038,NonLethal,NightStreelightsOff,No,T-type,SnowOrHail,Other,2,Tuesday,4,False,True
201800033168,NonLethal,Daylight,Yes,Roundabout,Normal,2Vehicles-Side,10,Monday,20,False,False
201800013940,Lethal,NightNoStreetLight,No,NoIntersection,Normal,Other,8,Tuesday,1,False,True
201800021364,NonLethal,Daylight,Yes,NoIntersection,Normal,Other,9,Friday,11,False,False
201800028419,NonLethal,TwilightOrDawn,Yes,NoIntersection,Normal,2Vehicles-Behind,5,Monday,8,False,False
201800022974,NonLethal,Daylight,Yes,T-type,Normal,2Vehicles-Side,3,Tuesday,16,False,False
201800048276,NonLethal,Daylight,Yes,X-type,Normal,2Vehicles-Side,5,Saturday,14,True,False
201800036422,NonLethal,NightStreelightsOn,Yes,NoIntersection,Normal,Other,4,Tuesday,3,False,True
201800002700,NonLethal,Daylight,Yes,Other,Normal,2Vehicles-Side,7,Tuesday,17,False,False
201800000798,NonLethal,Daylight,No,NoIntersection,Normal,3+Vehicles-Chain,3,Wednesday,18,False,False
201800012088,NonLethal,Daylight,Yes,T-type,Normal,2Vehicles-BehindVehicles-Frontal,3,Sunday,14,True,False
201800037930,Lethal,Daylight,Yes,NoIntersection,Normal,Other,6,Friday,19,False,False
201800037708,NonLethal,Daylight,Yes,T-type,Normal,Other,8,Monday,19,False,False
201800043334,NonLethal,Daylight,Yes,NoIntersection,Normal,2Vehicles-Side,6,Wednesday,18,False,False
201800036725,NonLethal,Daylight,Yes,NoIntersection,Normal,NoCollision,6,Monday,17,False,False
201800017887,NonLethal,NightStreelightsOff,No,NoIntersection,Normal,2Vehicles-BehindVehicles-Frontal,7,Saturday,5,True,True
201800043339,NonLethal,Daylight,Yes,T-type,Normal,2Vehicles-Side,6,Thursday,21,False,False
201800056155,NonLethal,Daylight,Yes,NoIntersection,Normal,Other,10,Friday,13,False,False
201800052158,NonLethal,Daylight,Yes,NoIntersection,Normal,2Vehicles-Side,12,Sunday,9,True,False
201800029390,Lethal,Daylight,No,NoIntersection,LightRain,2Vehicles-BehindVehicles-Frontal,10,Thursday,13,False,False
201800047495,NonLethal,Daylight,Yes,Other,Normal,2Vehicles-Behind,5,Wednesday,11,False,False
201800043183,NonLethal,Daylight,Yes,T-type,SnowOrHail,2Vehicles-Side,9,Sunday,13,True,False
201800047510,NonLethal,Daylight,Yes,Y-type,Overcast,Other,5,Wednesday,10,False,False
201800019937,NonLethal,Daylight,No,NoIntersection,Normal,NoCollision,4,Saturday,15,True,False
201800045494,NonLethal,Daylight,No,NoIntersection,LightRain,3+Vehicles-Multiple,11,Sunday,13,True,False
201800023984,NonLethal,Daylight,Yes,Roundabout,Normal,2Vehicles-Side,9,Tuesday,11,False,False
201800016571,NonLethal,Daylight,No,NoIntersection,LightRain,NoCollision,8,Friday,10,False,False
201800036294,NonLethal,NightStreelightsOn,Yes,NoIntersection,Normal,Other,12,Monday,17,False,False
201800018541,NonLethal,NightStreelightsOn,Yes,X-type,Normal,2Vehicles-BehindVehicles-Frontal,11,Sunday,2,True,True
201800028506,NonLethal,Daylight,Yes,NoIntersection,Normal,2Vehicles-Side,8,Thursday,7,False,False
201800038699,NonLethal,Daylight,Yes,NoIntersection,HeavyRain,2Vehicles-BehindVehicles-Frontal,5,Friday,16,False,False
201800029713,NonLethal,TwilightOrDawn,No,X-type,Normal,2Vehicles-Side,8,Thursday,5,False,True
201800053776,NonLethal,Daylight,Yes,X-type,Normal,2Vehicles-Side,4,Friday,16,False,False
201800018099,NonLethal,Daylight,No,NoIntersection,Normal,Other,5,Wednesday,7,False,False
201800019578,NonLethal,NightStreelightsOn,Yes,Roundabout,LightRain,2Vehicles-Side,7,Thursday,8,False,False
201800055745,NonLethal,NightStreelightsOn,Yes,NoIntersection,Normal,NoCollision,12,Monday,21,False,False
201800021703,NonLethal,Daylight,Yes,Roundabout,Normal,2Vehicles-BehindVehicles-Frontal,5,Saturday,8,True,False
201800004705,Lethal,Daylight,No,NoIntersection,Overcast,2Vehicles-Side,10,Friday,15,False,False
201800044218,NonLethal,NightNoStreetLight,No,NoIntersection,Normal,Other,11,Friday,22,False,False
201800038082,NonLethal,Daylight,Yes,X-type,Normal,2Vehicles-Side,3,Wednesday,14,False,False
201800050490,NonLethal,Daylight,Yes,NoIntersection,Overcast,Other,10,Monday,14,False,False
201800020592,NonLethal,Daylight,Yes,NoIntersection,LightRain,3+Vehicles-Multiple,5,Monday,18,False,False
201800039174,NonLethal,Daylight,Yes,X-type,Normal,2Vehicles-Side,12,Saturday,9,True,False
201800002290,NonLethal,Daylight,No,X-type,Normal,2Vehicles-Side,3,Wednesday,8,False,False
201800048874,NonLethal,Daylight,No,NoIntersection,Normal,3+Vehicles-Chain,4,Friday,17,False,False
201800035378,NonLethal,Daylight,Yes,Roundabout,Normal,2Vehicles-Behind,4,Saturday,16,True,False
201800031731,NonLethal,Daylight,Yes,X-type,Normal,2Vehicles-Behind,1,Friday,10,False,False
201800035125,NonLethal,NightStreelightsOn,Yes,NoIntersection,Normal,2Vehicles-BehindVehicles-Frontal,9,Thursday,4,False,True
201800044040,NonLethal,Daylight,No,NoIntersection,Normal,2Vehicles-Behind,6,Friday,12,False,False
201800036143,NonLethal,NightStreelightsOn,Yes,X-type,Normal,2Vehicles-Side,8,Thursday,23,False,False
201800054122,NonLethal,Daylight,Yes,MoreThan4Branches,Normal,Other,6,Friday,9,False,False
201800005667,NonLethal,Daylight,Yes,NoIntersection,Normal,2Vehicles-Behind,5,Thursday,9,False,False
201800005515,Lethal,Daylight,Yes,NoIntersection,Overcast,Other,5,Wednesday,11,False,False
201800024861,NonLethal,NightStreelightsOn,Yes,T-type,Normal,2Vehicles-Side,5,Tuesday,1,False,True
201800004110,Lethal,TwilightOrDawn,No,NoIntersection,Normal,2Vehicles-BehindVehicles-Frontal,3,Sunday,6,True,True
201800019848,NonLethal,Daylight,Yes,X-type,Normal,2Vehicles-BehindVehicles-Frontal,11,Monday,11,False,False
201800047937,NonLethal,Daylight,No,NoIntersection,Normal,2Vehicles-Side,6,Tuesday,20,False,False
201800019266,Lethal,Daylight,Yes,NoIntersection,Normal,Other,10,Saturday,12,True,False
201800033875,NonLethal,Daylight,Yes,NoIntersection,Normal,Other,11,Monday,16,False,False
201800057673,NonLethal,Daylight,Yes,NoIntersection,Normal,NoCollision,12,Friday,13,False,False
201800030770,NonLethal,Daylight,Yes,NoIntersection,LightRain,Other,3,Monday,8,False,False
201800007369,NonLethal,Daylight,Yes,T-type,Normal,2Vehicles-Side,7,Monday,17,False,False
201800006844,NonLethal,Daylight,Yes,X-type,Normal,3+Vehicles-Multiple,10,Thursday,17,False,False
201800026455,NonLethal,Daylight,Yes,NoIntersection,Normal,2Vehicles-Side,10,Wednesday,15,False,False
201800031836,NonLethal,Daylight,Yes,NoIntersection,Normal,2Vehicles-Side,7,Thursday,18,False,False
201800021678,NonLethal,NightNoStreetLight,No,NoIntersection,Normal,NoCollision,3,Friday,6,False,True
201800016897,NonLethal,Daylight,Yes,NoIntersection,VeryGood,2Vehicles-BehindVehicles-Frontal,6,Wednesday,9,False,False
201800031264,NonLethal,Daylight,No,Roundabout,Normal,2Vehicles-Behind,6,Friday,7,False,False
201800013102,NonLethal,Daylight,No,NoIntersection,FogOrSmoke,2Vehicles-Behind,11,Thursday,14,False,False
201800052935,NonLethal,Daylight,Yes,T-type,Overcast,Other,2,Thursday,16,False,False
201800039795,NonLethal,Daylight,Yes,NoIntersection,Normal,2Vehicles-Behind,5,Monday,17,False,False
201800021170,NonLethal,Daylight,No,X-type,Normal,2Vehicles-Side,6,Tuesday,19,False,False
201800037927,NonLethal,Daylight,Yes,T-type,HeavyRain,2Vehicles-Side,12,Thursday,8,False,False
201800001544,NonLethal,Daylight,No,NoIntersection,Normal,2Vehicles-BehindVehicles-Frontal,6,Tuesday,10,False,False
201800042664,NonLethal,Daylight,Yes,NoIntersection,Normal,Other,5,Wednesday,17,False,False
201800022694,NonLethal,Daylight,No,NoIntersection,Normal,Other,1,Sunday,13,True,False
201800046333,NonLethal,Daylight,No,NoIntersection,SnowOrHail,Other,1,Wednesday,10,False,False
201800017595,NonLethal,NightNoStreetLight,No,NoIntersection,Normal,2Vehicles-BehindVehicles-Frontal,12,Saturday,7,True,False
201800033902,NonLethal,Daylight,Yes,T-type,Normal,2Vehicles-Side,12,Tuesday,9,False,False
201800017293,Lethal,Daylight,Yes,NoIntersection,LightRain,2Vehicles-Behind,7,Thursday,15,False,False
201800023229,NonLethal,Daylight,Yes,NoIntersection,Normal,2Vehicles-Behind,9,Thursday,16,False,False
201800053617,NonLethal,NightStreelightsOff,Yes,NoIntersection,LightRain,NoCollision,11,Saturday,3,True,True
201800007411,NonLethal,Daylight,No,NoIntersection,LightRain,Other,9,Thursday,13,False,False
201800001922,NonLethal,NightStreelightsOn,Yes,NoIntersection,Normal,NoCollision,9,Thursday,0,False,True
201800040416,NonLethal,Daylight,Yes,NoIntersection,Normal,Other,5,Thursday,17,False,False
201800001037,NonLethal,NightNoStreetLight,No,NoIntersection,Normal,2Vehicles-BehindVehicles-Frontal,11,Tuesday,5,False,True
201800000002,NonLethal,Daylight,Yes,Square,VeryGood,NoCollision,2,Monday,10,False,False
201800019814,NonLethal,NightNoStreetLight,Yes,Other,Normal,2Vehicles-Side,7,Thursday,18,False,False
201800030850,NonLethal,Daylight,Yes,NoIntersection,Normal,2Vehicles-Behind,7,Sunday,17,True,False
201800013613,Lethal,Daylight,Yes,T-type,Normal,2Vehicles-Side,6,Friday,21,False,False
201800027338,NonLethal,Daylight,Yes,NoIntersection,Normal,NoCollision,6,Friday,16,False,False
201800047774,NonLethal,Daylight,Yes,Y-type,LightRain,Other,10,Tuesday,10,False,False
201800029004,NonLethal,Daylight,Yes,NoIntersection,Normal,Other,4,Sunday,9,True,False
201800025268,NonLethal,Daylight,Yes,NoIntersection,VeryGood,2Vehicles-Behind,3,Tuesday,18,False,False
201800035921,NonLethal,Daylight,Yes,NoIntersection,Normal,2Vehicles-Side,8,Thursday,17,False,False
201800017675,NonLethal,Daylight,No,NoIntersection,Normal,NoCollision,8,Saturday,15,True,False
201800014156,NonLethal,Daylight,No,NoIntersection,HeavyRain,Other,4,Saturday,20,True,False
201800042544,NonLethal,Daylight,Yes,X-type,Normal,2Vehicles-Side,3,Sunday,17,True,False
201800026368,NonLethal,TwilightOrDawn,Yes,NoIntersection,Normal,Other,6,Saturday,20,True,False
201800007677,Lethal,Daylight,Yes,NoIntersection,Normal,Other,9,Friday,9,False,False
201800057285,Lethal,Daylight,No,NoIntersection,Normal,2Vehicles-BehindVehicles-Frontal,1,Wednesday,18,False,False
201800006582,NonLethal,Daylight,No,NoIntersection,Normal,NoCollision,7,Friday,16,False,False
201800029136,NonLethal,Daylight,Yes,NoIntersection,Normal,Other,10,Friday,8,False,False
201800057392,NonLethal,Daylight,Yes,NoIntersection,Normal,Other,12,Saturday,17,True,False
201800043857,NonLethal,NightNoStreetLight,No,NoIntersection,LightRain,3+Vehicles-Multiple,3,Thursday,23,False,False
201800054579,NonLethal,TwilightOrDawn,Yes,NoIntersection,Normal,Other,10,Sunday,17,True,False
201800038380,NonLethal,NightNoStreetLight,No,Other,Normal,NoCollision,8,Wednesday,0,False,True