AccidentId,Gravity,Light,InAgglomeration,IntersectionType,Weather,CollisionType,Month,DayOfWeek,HourOfDay,IsWeekend,IsNight
201800027643,NonLethal,Daylight,Yes,NoIntersection,Normal,3+Vehicles-Chain,9,Saturday,17,True,False
201800009998,NonLethal,TwilightOrDawn,Yes,NoIntersection,LightRain,NoCollision,10,Sunday,19,True,False
201800006827,NonLethal,TwilightOrDawn,No,NoIntersection,Normal,2Vehicles-Behind,5,Saturday,16,True,False
201800004995,Lethal,NightNoStreetLight,No,NoIntersection,Normal,Other,4,Saturday,2,True,True
201800053091,NonLethal,Daylight,Yes,NoIntersection,Normal,2Vehicles-Behind,10,Monday,11,False,False
201800013756,NonLethal,Daylight,Yes,NoIntersection,LightRain,2Vehicles-Behind,10,Wednesday,17,False,False
201800010767,NonLethal,Daylight,Yes,NoIntersection,Normal,2Vehicles-Behind,3,Wednesday,17,False,False
201800035114,NonLethal,TwilightOrDawn,Yes,NoIntersection,Normal,Other,9,Thursday,20,False,False
201800027960,NonLethal,Daylight,Yes,T-type,LightRain,Other,3,Saturday,9,True,False
201800054521,NonLethal,Daylight,Yes,T-type,Overcast,2Vehicles-Behind,9,Tuesday,9,False,False
201800025679,Lethal,NightStreelightsOn,Yes,T-type,Normal,2Vehicles-Side,11,Thursday,20,False,False
201800039347,NonLethal,Daylight,Yes,NoIntersection,SnowOrHail,2Vehicles-Side,7,Tuesday,15,False,False
201800008395,NonLethal,Daylight,Yes,NoIntersection,Normal,3+Vehicles-Chain,1,Wednesday,16,False,False
201800026736,NonLethal,Daylight,Yes,NoIntersection,Normal,Other,2,Thursday,7,False,False
201800020667,NonLethal,Daylight,Yes,NoIntersection,Overcast,Other,3,Thursday,17,False,False
201800047892,NonLethal,NightNoStreetLight,No,NoIntersection,Normal,3+Vehicles-Multiple,1,Saturday,20,True,False
201800031692,NonLethal,Daylight,Yes,NoIntersection,Normal,Other,3,Thursday,16,False,False
201800025530,NonLethal,Daylight,Yes,T-type,Normal,2Vehicles-Side,9,Monday,8,False,False
201800025647,NonLethal,Daylight,Yes,Roundabout,Normal,NoCollision,12,Sunday,9,True,False
201800009115,Lethal,Daylight,Yes,NoIntersection,Normal,2Vehicles-Side,4,Friday,15,False,False
201800030474,NonLethal,Daylight,Yes,NoIntersection,Normal,Other,2,Friday,15,False,False
201800012120,NonLethal,Daylight,No,NoIntersection,Normal,NoCollision,6,Saturday,11,True,False
201800044453,NonLethal,Daylight,No,NoIntersection,Normal,Other,12,Thursday,14,False,False
201800003635,NonLethal,Daylight,No,NoIntersection,Normal,Other,6,Saturday,18,True,False
201800047614,NonLethal,Daylight,Yes,NoIntersection,Normal,2Vehicles-Behind,7,Saturday,19,True,False
201800052203,NonLethal,NightStreelightsOn,Yes,MoreThan4Branches,LightRain,2Vehicles-Side,11,Saturday,23,True,False
201800007285,NonLethal,Daylight,No,NoIntersection,LightRain,NoCollision,1,Thursday,10,False,False
201800005299,NonLethal,Daylight,Yes,X-type,Normal,2Vehicles-Side,10,Monday,14,False,False
201800042851,NonLethal,Daylight,Yes,X-type,Normal,2Vehicles-Side,4,Thursday,19,False,False
201800013151,NonLethal,Daylight,Yes,T-type,Normal,Other,6,Friday,19,False,False
201800018701,NonLethal,Daylight,Yes,X-type,Normal,2Vehicles-Side,10,Thursday,11,False,False
201800032354,NonLethal,Daylight,Yes,X-type,Normal,2Vehicles-Side,1,Thursday,13,False,False
201800008927,NonLethal,Daylight,Yes,Roundabout,Normal,2Vehicles-Side,4,Saturday,15,True,False
201800039877,NonLethal,NightStreelightsOn,No,NoIntersection,LightRain,2Vehicles-Side,4,Wednesday,23,False,False
201800004631,NonLethal,Daylight,No,NoIntersection,Normal,2Vehicles-BehindVehicles-Frontal,9,Saturday,8,True,False
201800030153,Lethal,NightNoStreetLight,No,Other,Normal,Other,12,Saturday,7,True,False
201800046523,NonLethal,Daylight,No,NoIntersection,Normal,2Vehicles-Side,4,Friday,17,False,False
201800028575,NonLethal,Daylight,Yes,NoIntersection,Normal,2Vehicles-Side,11,Wednesday,15,False,False
201800004121,NonLethal,Daylight,Yes,NoIntersection,Normal,Other,8,Friday,9,False,False
201800052664,NonLethal,Daylight,Yes,X-type,Normal,2Vehicles-Side,2,Saturday,12,True,False
201800032149,NonLethal,TwilightOrDawn,Yes,NoIntersection,Normal,Other,10,Monday,17,False,False
201800057369,Lethal,Daylight,Yes,NoIntersection,Normal,Other,6,Sunday,9,True,False
201800033161,NonLethal,Daylight,Yes,NoIntersection,Normal,Other,9,Friday,17,False,False
201800032469,NonLethal,Daylight,Yes,X-type,Normal,2Vehicles-BehindVehicles-Frontal,6,Wednesday,17,False,False
201800014440,NonLethal,Daylight,No,NoIntersection,Normal,2Vehicles-Behind,1,Sunday,8,True,False
201800052081,NonLethal,Daylight,Yes,T-type,Normal,2Vehicles-Behind,6,Thursday,8,False,False
201800000166,NonLethal,Daylight,Yes,NoIntersection,Normal,2Vehicles-Behind,4,Thursday,19,False,False
201800007006,NonLethal,Daylight,No,NoIntersection,FogOrSmoke,2Vehicles-Behind,12,Tuesday,14,False,False
201800048023,NonLethal,Daylight,Yes,NoIntersection,Normal,2Vehicles-Behind,11,Thursday,12,False,False
201800019812,NonLethal,TwilightOrDawn,Yes,X-type,LightRain,2Vehicles-Side,7,Thursday,7,False,False
201800009291,NonLethal,Daylight,Yes,NoIntersection,Normal,Other,6,Wednesday,18,False,False
201800046790,NonLethal,Daylight,No,NoIntersection,Normal,2Vehicles-Side,8,Thursday,18,False,False
201800045253,NonLethal,Daylight,No,NoIntersection,Normal,Other,9,Sunday,13,True,False
201800040886,NonLethal,TwilightOrDawn,Yes,NoIntersection,Normal,2Vehicles-Side,6,Saturday,21,True,False
201800054725,NonLethal,Daylight,Yes,T-type,Normal,2Vehicles-Side,5,Saturday,20,True,False
201800003545,NonLethal,Daylight,Yes,NoIntersection,Normal,Other,9,Thursday,16,False,False
201800020582,NonLethal,Daylight,Yes,Roundabout,Normal,2Vehicles-Side,4,Saturday,12,True,False
201800027107,NonLethal,Daylight,Yes,Roundabout,LightRain,Other,5,Tuesday,13,False,False
201800005954,NonLethal,Daylight,No,NoIntersection,Normal,Other,6,Wednesday,15,False,False
201800037119,NonLethal,NightStreelightsOn,Yes,T-type,Normal,2Vehicles-Side,2,Saturday,20,True,False
201800030083,NonLethal,Daylight,No,X-type,Normal,3+Vehicles-Multiple,7,Saturday,13,True,False
201800049028,NonLethal,Daylight,No,NoIntersection,Normal,2Vehicles-Side,10,Wednesday,7,False,False
201800038906,NonLethal,NightNoStreetLight,Yes,X-type,Normal,2Vehicles-BehindVehicles-Frontal,4,Friday,21,False,False
201800040080,NonLethal,Daylight,Yes,Roundabout,LightRain,2Vehicles-Behind,1,Saturday,13,True,False
201800008123,NonLethal,Daylight,Yes,NoIntersection,Normal,Other,9,Friday,9,False,False
201800031610,NonLethal,Daylight,Yes,T-type,Normal,2Vehicles-Side,4,Thursday,17,False,False
201800009972,NonLethal,Daylight,Yes,NoIntersection,Normal,Other,10,Tuesday,10,False,False
201800023646,NonLethal,Daylight,Yes,NoIntersection,Normal,Other,1,Tuesday,18,False,False
201800047969,NonLethal,Daylight,No,NoIntersection,Normal,2Vehicles-BehindVehicles-Frontal,9,Saturday,11,True,False
201800026763,NonLethal,Daylight,Yes,NoIntersection,LightRain,2Vehicles-BehindVehicles-Frontal,3,Friday,14,False,False
201800044954,NonLethal,NightNoStreetLight,No,NoIntersection,LightRain,Other,6,Wednesday,22,False,False
201800041653,Lethal,NightStreelightsOn,Yes,T-type,Normal,2Vehicles-BehindVehicles-Frontal,2,Saturday,5,True,True
201800039436,NonLethal,TwilightOrDawn,Yes,NoIntersection,Normal,Other,11,Tuesday,17,False,False
201800026690,NonLethal,NightNoStreetLight,No,NoIntersection,LightRain,NoCollision,11,Saturday,4,True,True
201800009705,NonLethal,Daylight,Yes,Other,Normal,2Vehicles-Side,9,Thursday,17,False,False
201800024147,NonLethal,TwilightOrDawn,No,Y-type,VeryGood,2Vehicles-Side,7,Tuesday,20,False,False
201800040796,NonLethal,NightStreelightsOn,Yes,NoIntersection,Overcast,Other,12,Sunday,18,True,False
201800007706,NonLethal,NightNoStreetLight,No,NoIntersection,LightRain,3+Vehicles-Chain,1,Tuesday,5,False,True
201800030771,NonLethal,Daylight,Yes,NoIntersection,LightRain,Other,3,Monday,13,False,False
201800049066,NonLethal,Daylight,No,NoIntersection,Normal,NoCollision,11,Sunday,8,True,False
201800056890,NonLethal,NightStreelightsOn,Yes,NoIntersection,Normal,2Vehicles-Side,4,Wednesday,20,False,False
201800002805,NonLethal,Daylight,Yes,T-type,Normal,Other,10,Monday,11,False,False
201800004179,NonLethal,Daylight,No,NoIntersection,Normal,2Vehicles-Side,7,Wednesday,10,False,False
201800042903,NonLethal,NightStreelightsOn,Yes,MoreThan4Branches,Normal,NoCollision,8,Wednesday,0,False,True
201800014409,NonLethal,Daylight,Yes,X-type,Normal,2Vehicles-BehindVehicles-Frontal,5,Monday,14,False,False
201800012172,NonLethal,Daylight,No,T-type,VeryGood,NoCollision,5,Sunday,19,True,False
201800045779,NonLethal,Daylight,No,NoIntersection,Normal,2Vehicles-Side,3,Sunday,19,True,False
201800026793,NonLethal,Daylight,Yes,NoIntersection,Normal,2Vehicles-Side,1,Friday,9,False,False
201800004074,NonLethal,Daylight,No,T-type,Normal,2Vehicles-Behind,4,Friday,8,False,False
201800011359,NonLethal,Daylight,No,NoIntersection,Normal,2Vehicles-BehindVehicles-Frontal,11,Sunday,11,True,False
201800055508,NonLethal,Daylight,Yes,NoIntersection,Normal,2Vehicles-Behind,12,Friday,19,False,False
201800001556,NonLethal,Daylight,No,NoIntersection,Normal,3+Vehicles-Multiple,9,Friday,13,False,False
201800022083,NonLethal,Daylight,No,T-type,Normal,2Vehicles-BehindVehicles-Frontal,7,Friday,12,False,False
201800038279,NonLethal,Daylight,Yes,X-type,Normal,Other,5,Tuesday,8,False,False
201800016562,NonLethal,NightNoStreetLight,No,NoIntersection,Normal,Other,12,Sunday,23,True,False
201800030223,NonLethal,TwilightOrDawn,Yes,NoIntersection,Normal,2Vehicles-Side,1,Tuesday,17,False,False
201800018731,NonLethal,Daylight,Yes,NoIntersection,Normal,2Vehicles-Behind,8,Tuesday,18,False,False
201800006117,NonLethal,TwilightOrDawn,No,NoIntersection,Overcast,Other,6,Sunday,7,True,False
201800017729,NonLethal,Daylight,No,NoIntersection,Normal,Other,5,Sunday,19,True,False
201800035614,NonLethal,Daylight,Yes,NoIntersection,HeavyRain,Other,10,Wednesday,15,False,False
201800025850,NonLethal,Daylight,Yes,T-type,Normal,2Vehicles-Side,3,Wednesday,11,False,False
201800021536,NonLethal,Daylight,No,NoIntersection,Normal,2Vehicles-BehindVehicles-Frontal,9,Saturday,12,True,False
201800031869,NonLethal,Daylight,Yes,NoIntersection,Normal,2Vehicles-Behind,8,Thursday,18,False,False
201800030603,NonLethal,Daylight,Yes,NoIntersection,Normal,2Vehicles-Side,8,Tuesday,16,False,False
201800034287,NonLethal,Daylight,Yes,NoIntersection,Normal,Other,5,Wednesday,15,False,False
201800037565,NonLethal,TwilightOrDawn,Yes,LevelCrossing,Normal,NoCollision,12,Saturday,20,True,False
201800035422,NonLethal,NightStreelightsOn,Yes,T-type,Normal,2Vehicles-Side,1,Wednesday,18,False,False
201800003079,NonLethal,Daylight,No,NoIntersection,HeavyRain,2Vehicles-Side,1,Tuesday,15,False,False
201800018264,NonLethal,Daylight,No,NoIntersection,Normal,2Vehicles-BehindVehicles-Frontal,4,Wednesday,8,False,False
201800001129,NonLethal,TwilightOrDawn,No,NoIntersection,Normal,NoCollision,4,Friday,19,False,False
201800019282,NonLethal,NightNoStreetLight,No,NoIntersection,Normal,2Vehicles-BehindVehicles-Frontal,1,Tuesday,18,False,False
201800056891,NonLethal,Daylight,Yes,NoIntersection,Normal,Other,5,Friday,7,False,False
201800050740,NonLethal,Daylight,Yes,NoIntersection,Normal,Other,10,Tuesday,13,False,False
201800041267,NonLethal,Daylight,Yes,NoIntersection,Normal,Other,8,Sunday,17,True,False
201800043486,NonLethal,Daylight,Yes,T-type,Normal,2Vehicles-Side,6,Friday,9,False,False
201800016733,Lethal,NightNoStreetLight,No,NoIntersection,Normal,Other,11,Thursday,18,False,False
201800049734,NonLethal,NightNoStreetLight,Yes,NoIntersection,LightRain,2Vehicles-Behind,11,Saturday,3,True,True
201800039774,NonLethal,NightStreelightsOn,Yes,Roundabout,LightRain,Other,2,Thursday,7,False,False
201800053458,NonLethal,Daylight,Yes,Square,Normal,Other,7,Monday,15,False,False
201800043351,NonLethal,Daylight,Yes,NoIntersection,Overcast,Other,11,Thursday,16,False,False
201800043043,NonLethal,Daylight,Yes,NoIntersection,Normal,2Vehicles-Behind,8,Tuesday,12,False,False
201800018153,NonLethal,NightStreelightsOn,Yes,NoIntersection,Normal,Other,12,Thursday,18,False,False
201800030977,NonLethal,Daylight,Yes,NoIntersection,Normal,2Vehicles-BehindVehicles-Frontal,1,Wednesday,17,False,False
201800005297,NonLethal,Daylight,Yes,NoIntersection,Normal,2Vehicles-Behind,10,Thursday,8,False,False
201800028981,Lethal,Daylight,No,NoIntersection,Overcast,Other,1,Sunday,12,True,False
201800050877,NonLethal,TwilightOrDawn,Yes,T-type,Normal,2Vehicles-Side,5,Monday,20,False,False
201800056065,Lethal,NightNoStreetLight,No,NoIntersection,Normal,Other,7,Monday,22,False,False
201800046547,NonLethal,TwilightOrDawn,No,NoIntersection,LightRain,NoCollision,4,Sunday,6,True,True
201800047018,NonLethal,Daylight,No,NoIntersection,Normal,3+Vehicles-Multiple,6,Monday,9,False,False
201800048703,NonLethal,NightStreelightsOn,Yes,NoIntersection,HeavyRain,Other,11,Friday,18,False,False
201800015586,NonLethal,Daylight,Yes,T-type,Normal,Other,4,Sunday,16,True,False
201800037967,NonLethal,Daylight,Yes,NoIntersection,Normal,Other,10,Monday,17,False,False
201800044790,NonLethal,NightStreelightsOff,No,NoIntersection,Normal,Other,4,Thursday,21,False,False
201800045278,NonLethal,NightNoStreetLight,No,NoIntersection,Normal,3+Vehicles-Chain,10,Friday,20,False,False
201800045315,NonLethal,NightNoStreetLight,No,NoIntersection,Overcast,Other,10,Friday,1,False,True
201800030345,NonLethal,Daylight,Yes,NoIntersection,Normal,NoCollision,6,Monday,14,False,False
201800045730,NonLethal,Daylight,No,NoIntersection,Normal,2Vehicles-Behind,2,Friday,17,False,False
201800050486,NonLethal,Daylight,Yes,NoIntersection,Normal,Other,11,Saturday,17,True,False
201800012523,NonLethal,NightNoStreetLight,No,NoIntersection,Normal,NoCollision,4,Saturday,23,True,False
201800017400,NonLethal,TwilightOrDawn,No,NoIntersection,Normal,Other,11,Thursday,6,False,True
201800018949,NonLethal,NightNoStreetLight,Yes,NoIntersection,Normal,Other,6,Sunday,0,True,True
201800013087,NonLethal,Daylight,Yes,NoIntersection,Normal,2Vehicles-BehindVehicles-Frontal,6,Tuesday,15,False,False
201800018180,NonLethal,Daylight,Yes,NoIntersection,LightRain,Other,12,Tuesday,12,False,False
201800054414,NonLethal,Daylight,Yes,X-type,Normal,2Vehicles-Side,5,Tuesday,17,False,False
201800012447,Lethal,Daylight,No,NoIntersection,Normal,2Vehicles-Behind,12,Monday,15,False,False
201800037242,NonLethal,Daylight,Yes,NoIntersection,Normal,Other,4,Wednesday,8,False,False
201800002004,NonLethal,Daylight,Yes,Y-type,Normal,2Vehicles-Side,3,Sunday,15,True,False
201800052829,NonLethal,TwilightOrDawn,Yes,NoIntersection,Normal,Other,9,Saturday,6,True,True
201800034400,NonLethal,NightNoStreetLight,Yes,Other,Normal,Other,10,Friday,20,False,False
201800030522,NonLethal,Daylight,Yes,Y-type,Normal,2Vehicles-Side,1,Sunday,12,True,False
201800035814,NonLethal,Daylight,Yes,X-type,Normal,2Vehicles-Side,11,Friday,11,False,False
201800005275,NonLethal,Daylight,No,NoIntersection,LightRain,Other,9,Saturday,17,True,False
201800001052,Lethal,NightNoStreetLight,No,NoIntersection,Normal,2Vehicles-Side,11,Thursday,20,False,False
201800026400,NonLethal,Daylight,Yes,NoIntersection,Normal,3+Vehicles-Chain,8,Thursday,17,False,False
201800037464,NonLethal,NightStreelightsOn,Yes,X-type,Normal,2Vehicles-Side,10,Sunday,23,True,False
201800011075,NonLethal,Daylight,Yes,NoIntersection,Normal,Other,1,Tuesday,14,False,False
201800025410,NonLethal,Daylight,Yes,NoIntersection,Normal,Other,7,Wednesday,15,False,False
201800033516,NonLethal,Daylight,No,NoIntersection,Normal,Other,8,Thursday,11,False,False
201800045637,NonLethal,Daylight,No,NoIntersection,Normal,2Vehicles-Behind,8,Wednesday,14,False,False
201800020836,NonLethal,TwilightOrDawn,Yes,NoIntersection,Normal,Other,3,Friday,7,False,False
201800026501,NonLethal,Daylight,Yes,NoIntersection,Normal,NoCollision,6,Saturday,17,True,False
201800005470,NonLethal,Daylight,Yes,NoIntersection,HeavyRain,Other,10,Wednesday,15,False,False
201800011226,NonLethal,Daylight,Yes,X-type,Normal,2Vehicles-Side,2,Tuesday,13,False,False
201800001783,NonLethal,NightStreelightsOn,Yes,NoIntersection,Normal,3+Vehicles-Multiple,3,Sunday,17,True,False
201800056884,NonLethal,Daylight,Yes,NoIntersection,Normal,Other,3,Tuesday,13,False,False
201800048561,NonLethal,Daylight,Yes,NoIntersection,Normal,3+Vehicles-Multiple,9,Friday,13,False,False
201800016667,NonLethal,Daylight,No,T-type,Normal,2Vehicles-Side,9,Friday,8,False,False
201800012196,Lethal,Daylight,No,T-type,Normal,NoCollision,9,Saturday,15,True,False
201800021828,NonLethal,Daylight,Yes,NoIntersection,Normal,2Vehicles-Side,8,Thursday,14,False,False
201800002879,Lethal,Daylight,No,NoIntersection,VeryGood,NoCollision,4,Friday,15,False,False
201800014240,NonLethal,Daylight,No,NoIntersection,Normal,NoCollision,8,Wednesday,8,False,False
201800054255,NonLethal,Daylight,Yes,X-type,Normal,Other,11,Thursday,9,False,False
201800034378,NonLethal,Daylight,Yes,NoIntersection,Normal,2Vehicles-BehindVehicles-Frontal,10,Sunday,10,True,False
201800031235,NonLethal,Daylight,No,NoIntersection,Normal,2Vehicles-Side,11,Monday,17,False,False
201800049042,NonLethal,NightStreelightsOn,No,NoIntersection,Normal,3+Vehicles-Chain,5,Friday,7,False,False
201800027126,NonLethal,TwilightOrDawn,Yes,NoIntersection,Normal,Other,1,Friday,7,False,False
201800009923,NonLethal,NightStreelightsOn,Yes,NoIntersection,LightRain,2Vehicles-BehindVehicles-Frontal,10,Tuesday,0,False,True
201800056989,NonLethal,Daylight,Yes,X-type,Normal,2Vehicles-Side,7,Monday,10,False,False
201800048806,NonLethal,Daylight,No,NoIntersection,Normal,2Vehicles-Side,1,Wednesday,9,False,False
201800054275,NonLethal,NightStreelightsOn,Yes,X-type,Normal,2Vehicles-Side,11,Sunday,18,True,False
201800009538,NonLethal,Daylight,Yes,NoIntersection,Normal,Other,8,Wednesday,14,False,False
201800029399,Lethal,NightNoStreetLight,No,NoIntersection,FogOrSmoke,NoCollision,1,Thursday,19,False,False
201800018953,NonLethal,Daylight,No,T-type,Normal,2Vehicles-Side,7,Sunday,16,True,False
201800051093,NonLethal,Daylight,Yes,Square,Normal,2Vehicles-Behind,5,Sunday,20,True,False
201800004114,NonLethal,Daylight,Yes,NoIntersection,Normal,NoCollision,1,Wednesday,9,False,False
201800049428,NonLethal,NightNoStreetLight,No,NoIntersection,Normal,2Vehicles-Behind,8,Thursday,3,False,True
201800019786,NonLethal,Daylight,Yes,NoIntersection,Normal,Other,10,Thursday,16,False,False
201800034279,NonLethal,NightStreelightsOn,Yes,T-type,Normal,Other,10,Monday,18,False,False
201800028794,NonLethal,Daylight,Yes,Roundabout,Normal,2Vehicles-Side,8,Thursday,8,False,False
201800048384,NonLethal,Daylight,Yes,T-type,Normal,NoCollision,5,Monday,8,False,False
201800044345,NonLethal,NightStreelightsOff,No,NoIntersection,LightRain,Other,1,Thursday,21,False,False
201800030997,NonLethal,NightStreelightsOn,Yes,NoIntersection,Normal,Other,5,Friday,1,False,True
201800048602,NonLethal,NightStreelightsOn,Yes,X-type,Normal,2Vehicles-Side,10,Monday,1,False,True
201800050667,NonLethal,Daylight,Yes,T-type,HeavyRain,2Vehicles-Side,8,Friday,15,False,False
201800046437,NonLethal,Daylight,No,NoIntersection,Normal,NoCollision,2,Wednesday,14,False,False
201800001359,NonLethal,Daylight,Yes,NoIntersection,Normal,Other,10,Thursday,11,False,False
201800016284,NonLethal,Daylight,No,NoIntersection,Normal,NoCollision,6,Sunday,15,True,False
201800005150,NonLethal,Daylight,Yes,NoIntersection,Normal,Other,8,Wednesday,19,False,False
201800025809,NonLethal,Daylight,Yes,NoIntersection,Normal,3+Vehicles-Chain,10,Tuesday,10,False,False
201800049424,NonLethal,NightNoStreetLight,No,NoIntersection,Normal,Other,7,Monday,2,False,True
201800022712,NonLethal,Daylight,No,NoIntersection,Overcast,3+Vehicles-Multiple,11,Wednesday,12,False,False
201800011056,Lethal,Daylight,Yes,NoIntersection,Normal,Other,7,Wednesday,10,False,False
201800046345,NonLethal,NightNoStreetLight,No,NoIntersection,Normal,3+Vehicles-Chain,1,Wednesday,18,False,False
201800028316,NonLethal,NightStreelightsOn,Yes,NoIntersection,LightRain,Other,1,Monday,17,False,False
201800032865,NonLethal,Daylight,Yes,T-type,Normal,2Vehicles-Side,5,Thursday,11,False,False
201800053472,NonLethal,Daylight,Yes,NoIntersection,Normal,Other,6,Friday,8,False,False
201800052188,NonLethal,Daylight,Yes,NoIntersection,Normal,2Vehicles-Side,10,Monday,13,False,False
201800056335,NonLethal,NightNoStreetLight,No,NoIntersection,Normal,2Vehicles-Behind,10,Friday,4,False,True
201800029343,NonLethal,NightStreelightsOn,Yes,NoIntersection,Normal,2Vehicles-BehindVehicles-Frontal,4,Sunday,20,True,False
201800024753,NonLethal,TwilightOrDawn,No,NoIntersection,Normal,2Vehicles-Behind,5,Saturday,19,True,False
201800031347,NonLethal,NightStreelightsOn,Yes,NoIntersection,Normal,2Vehicles-Behind,7,Wednesday,6,False,True
201800033110,NonLethal,Daylight,Yes,NoIntersection,Normal,2Vehicles-Side,4,Friday,7,False,False
201800057263,NonLethal,Daylight,Yes,NoIntersection,Normal,2Vehicles-Side,7,Wednesday,10,False,False
201800007920,NonLethal,Daylight,Yes,Other,Normal,Other,8,Tuesday,19,False,False
201800037188,NonLethal,Daylight,Yes,T-type,LightRain,Other,10,Monday,14,False,False
201800053436,NonLethal,Daylight,Yes,Roundabout,Normal,2Vehicles-Side,6,Thursday,9,False,False
201800013558,NonLethal,Daylight,Yes,T-type,Normal,2Vehicles-Side,9,Friday,18,False,False
201800035558,NonLethal,Daylight,Yes,T-type,Normal,2Vehicles-Side,6,Wednesday,18,False,False
201800057603,NonLethal,NightStreelightsOn,Yes,Roundabout,Normal,Other,4,Thursday,20,False,False
201800045446,NonLethal,NightNoStreetLight,No,NoIntersection,HeavyRain,Other,11,Monday,0,False,True
201800031453,Lethal,Daylight,Yes,T-type,Normal,2Vehicles-Side,9,Monday,9,False,False
201800048951,NonLethal,Daylight,No,NoIntersection,Normal,2Vehicles-Behind,12,Friday,15,False,False
201800002413,NonLethal,NightStreelightsOn,Yes,X-type,Normal,2Vehicles-Side,12,Friday,22,False,False
201800056810,NonLethal,Daylight,No,NoIntersection,Normal,3+Vehicles-Chain,9,Wednesday,11,False,False
201800025158,NonLethal,Daylight,Yes,Roundabout,Normal,2Vehicles-Side,3,Tuesday,16,False,False
201800051306,NonLethal,NightStreelightsOn,Yes,X-type,LightRain,Other,1,Saturday,22,True,False
201800043102,NonLethal,NightStreelightsOn,Yes,NoIntersection,Normal,2Vehicles-Side,12,Monday,19,False,False
201800000021,NonLethal,Daylight,Yes,NoIntersection,Normal,Other,6,Tuesday,17,False,False
201800021562,NonLethal,Daylight,Yes,Other,Normal,3+Vehicles-Multiple,12,Sunday,12,True,False
201800029531,NonLethal,Daylight,No,NoIntersection,Normal,2Vehicles-Side,6,Friday,8,False,False
201800005113,Lethal,Daylight,Yes,NoIntersection,Normal,Other,3,Friday,15,False,False
201800024459,NonLethal,Daylight,Yes,NoIntersection,Overcast,2Vehicles-Side,10,Thursday,16,False,False
201800045826,NonLethal,TwilightOrDawn,No,NoIntersection,Normal,Other,4,Wednesday,7,False,False
201800030287,NonLethal,NightStreelightsOn,Yes,NoIntersection,LightRain,Other,1,Saturday,18,True,False
201800023290,NonLethal,Daylight,No,NoIntersection,Normal,3+Vehicles-Chain,12,Monday,17,False,False
201800023560,NonLethal,Daylight,No,NoIntersection,Normal,Other,4,Sunday,15,True,False
201800045381,NonLethal,NightNoStreetLight,No,NoIntersection,Normal,3+Vehicles-Multiple,10,Monday,20,False,False
201800025860,NonLethal,Daylight,Yes,Roundabout,Normal,Other,8,Friday,14,False,False
201800010770,NonLethal,Daylight,Yes,Other,Normal,2Vehicles-Behind,5,Wednesday,18,False,False
201800055799,NonLethal,NightStreelightsOn,Yes,NoIntersection,Normal,Other,8,Sunday,19,True,False
201800046233,NonLethal,NightNoStreetLight,No,NoIntersection,Normal,NoCollision,11,Sunday,2,True,True
201800045508,NonLethal,NightNoStreetLight,No,NoIntersection,LightRain,Other,11,Thursday,6,False,True
201800053926,NonLethal,Daylight,Yes,T-type,Normal,2Vehicles-Side,2,Sunday,11,True,False
201800002588,NonLethal,Daylight,Yes,NoIntersection,Normal,2Vehicles-BehindVehicles-Frontal,8,Thursday,14,False,False
201800049642,Lethal,Daylight,No,NoIntersection,Normal,NoCollision,1,Saturday,16,True,False
201800021666,NonLethal,NightStreelightsOn,Yes,T-type,Normal,2Vehicles-BehindVehicles-Frontal,12,Tuesday,18,False,False
201800046943,NonLethal,Daylight,No,NoIntersection,Normal,3+Vehicles-Multiple,10,Tuesday,11,False,False
201800008532,NonLethal,Daylight,Yes,NoIntersection,Normal,Other,2,Thursday,10,False,False
201800022335,NonLethal,Daylight,No,NoIntersection,Normal,Other,5,Wednesday,14,False,False
201800003673,NonLethal,Daylight,No,NoIntersection,Normal,2Vehicles-BehindVehicles-Frontal,12,Thursday,15,False,False
201800014581,NonLethal,NightNoStreetLight,No,NoIntersection,Normal,Other,4,Saturday,3,True,True
201800045402,NonLethal,Daylight,No,NoIntersection,LightRain,2Vehicles-Side,1,Thursday,16,False,False
201800001807,NonLethal,Daylight,No,NoIntersection,LightRain,NoCollision,12,Thursday,15,False,False
201800024398,NonLethal,NightStreelightsOn,Yes,NoIntersection,Normal,Other,2,Friday,4,False,True
201800044297,NonLethal,NightNoStreetLight,No,Other,LightRain,3+Vehicles-Multiple,12,Monday,0,False,True
201800038215,NonLethal,Daylight,Yes,NoIntersection,Normal,Other,7,Wednesday,8,False,False
201800051491,NonLethal,Daylight,Yes,X-type,Normal,2Vehicles-Behind,5,Friday,9,False,False
201800020807,NonLethal,Daylight,Yes,NoIntersection,Normal,2Vehicles-Behind,2,Wednesday,11,False,False
201800043068,NonLethal,Daylight,Yes,NoIntersection,Normal,Other,10,Saturday,14,True,False
201800026814,NonLethal,Daylight,Yes,X-type,Normal,2Vehicles-Side,5,Thursday,15,False,False
201800038258,NonLethal,Daylight,Yes,Other,LightRain,2Vehicles-Behind,1,Tuesday,15,False,False
201800010980,NonLethal,Daylight,Yes,NoIntersection,Overcast,2Vehicles-BehindVehicles-Frontal,11,Wednesday,9,False,False
201800046917,NonLethal,Daylight,No,NoIntersection,Normal,3+Vehicles-Chain,9,Saturday,18,True,False
201800020345,NonLethal,NightNoStreetLight,No,NoIntersection,Normal,2Vehicles-Behind,3,Saturday,3,True,True