AccidentId,Gravity,Light,InAgglomeration,IntersectionType,Weather,CollisionType,Month,DayOfWeek,HourOfDay,IsWeekend,IsNight
201800010584,NonLethal,Daylight,No,Other,LightRain,Other,1,Friday,16,False,False
201800000830,NonLethal,Daylight,Yes,X-type,Normal,2Vehicles-Side,6,Thursday,10,False,False
201800041773,NonLethal,Daylight,Yes,X-type,Normal,2Vehicles-Side,6,Friday,19,False,False
201800035734,NonLethal,TwilightOrDawn,Yes,NoIntersection,Normal,2Vehicles-BehindVehicles-Frontal,4,Sunday,21,True,False
201800050595,NonLethal,NightStreelightsOn,Yes,X-type,Overcast,2Vehicles-Side,8,Thursday,22,False,False
201800023751,NonLethal,Daylight,Yes,Roundabout,Normal,Other,12,Wednesday,10,False,False
201800018558,NonLethal,TwilightOrDawn,No,NoIntersection,VeryGood,Other,8,Monday,21,False,False
201800036727,NonLethal,Daylight,Yes,NoIntersection,Normal,NoCollision,4,Saturday,16,True,False
201800007010,NonLethal,Daylight,No,NoIntersection,Normal,3+Vehicles-Chain,8,Friday,12,False,False
201800025761,NonLethal,Daylight,No,NoIntersection,Normal,2Vehicles-BehindVehicles-Frontal,10,Thursday,7,False,False
201800013186,NonLethal,Daylight,No,NoIntersection,Normal,2Vehicles-BehindVehicles-Frontal,6,Saturday,17,True,False
201800013805,NonLethal,Daylight,No,NoIntersection,Normal,2Vehicles-BehindVehicles-Frontal,11,Monday,15,False,False
201800045662,NonLethal,NightStreelightsOn,No,NoIntersection,HeavyRain,Other,1,Monday,7,False,False
201800017456,Lethal,NightNoStreetLight,No,NoIntersection,Normal,NoCollision,9,Wednesday,2,False,True
201800002662,NonLethal,NightNoStreetLight,No,NoIntersection,HeavyRain,2Vehicles-BehindVehicles-Frontal,12,Friday,17,False,False
201800046449,NonLethal,Daylight,No,NoIntersection,LightRain,2Vehicles-Side,7,Tuesday,9,False,False
201800024551,NonLethal,NightNoStreetLight,No,NoIntersection,Normal,2Vehicles-BehindVehicles-Frontal,7,Tuesday,21,False,False
201800001404,Lethal,NightNoStreetLight,No,NoIntersection,LightRain,Other,9,Saturday,1,True,True
201800019122,NonLethal,Daylight,No,NoIntersection,Normal,2Vehicles-Side,6,Saturday,18,True,False
201800043192,NonLethal,Daylight,Yes,T-type,HeavyRain,2Vehicles-BehindVehicles-Frontal,3,Saturday,14,True,False
201800010070,NonLethal,TwilightOrDawn,Yes,T-type,Normal,Other,11,Friday,7,False,False
201800051880,NonLethal,TwilightOrDawn,Yes,X-type,LightRain,Other,12,Monday,7,False,False
201800033758,NonLethal,Daylight,No,Roundabout,Normal,2Vehicles-Behind,4,Thursday,14,False,False
201800007974,NonLethal,Daylight,No,NoIntersection,Normal,Other,6,Friday,12,False,False
201800055438,NonLethal,Daylight,Yes,NoIntersection,Normal,2Vehicles-Behind,12,Thursday,11,False,False
201800035417,NonLethal,Daylight,No,NoIntersection,LightRain,2Vehicles-BehindVehicles-Frontal,1,Thursday,7,False,False
201800003000,NonLethal,Daylight,Yes,NoIntersection,Normal,2Vehicles-BehindVehicles-Frontal,7,Thursday,16,False,False
201800047447,NonLethal,NightStreelightsOn,Yes,X-type,LightRain,2Vehicles-Side,3,Friday,3,False,True
201800005591,NonLethal,NightStreelightsOn,Yes,NoIntersection,Normal,Other,2,Wednesday,23,False,False
201800026363,NonLethal,Daylight,No,NoIntersection,Normal,3+Vehicles-Multiple,6,Thursday,8,False,False
201800048450,NonLethal,Daylight,Yes,NoIntersection,Normal,NoCollision,5,Tuesday,17,False,False
201800040461,NonLethal,NightStreelightsOn,Yes,NoIntersection,LightRain,Other,1,Saturday,18,True,False
201800051813,NonLethal,NightStreelightsOn,Yes,NoIntersection,Normal,Other,9,Thursday,0,False,True
201800055672,NonLethal,NightStreelightsOn,Yes,Y-type,Normal,NoCollision,10,Saturday,19,True,False
201800007792,NonLethal,Daylight,Yes,NoIntersection,Normal,2Vehicles-Side,9,Wednesday,10,False,False
201800008465,NonLethal,Daylight,Yes,NoIntersection,LightRain,Other,6,Saturday,7,True,False
201800026822,NonLethal,Daylight,Yes,NoIntersection,Normal,NoCollision,6,Saturday,13,True,False
201800032988,NonLethal,Daylight,Yes,NoIntersection,Normal,2Vehicles-Behind,6,Tuesday,17,False,False
201800026049,NonLethal,Daylight,Yes,NoIntersection,Normal,2Vehicles-Side,10,Tuesday,11,False,False
201800038123,Lethal,Daylight,Yes,X-type,Normal,2Vehicles-Side,7,Thursday,10,False,False
201800023856,NonLethal,Daylight,Yes,T-type,Normal,Other,9,Sunday,16,True,False
201800031372,NonLethal,NightStreelightsOn,Yes,X-type,Normal,Other,12,Saturday,5,True,True
201800050981,NonLethal,NightStreelightsOn,Yes,T-type,Normal,Other,1,Saturday,20,True,False
201800039644,NonLethal,Daylight,Yes,MoreThan4Branches,Normal,Other,3,Thursday,14,False,False
201800012853,NonLethal,Daylight,Yes,NoIntersection,Normal,Other,7,Monday,15,False,False
201800030526,NonLethal,Daylight,Yes,NoIntersection,Normal,3+Vehicles-Chain,2,Friday,12,False,False
201800029998,NonLethal,Daylight,Yes,X-type,Normal,2Vehicles-BehindVehicles-Frontal,8,Tuesday,20,False,False
201800031427,Lethal,Daylight,No,NoIntersection,Normal,2Vehicles-BehindVehicles-Frontal,4,Monday,17,False,False
201800030674,NonLethal,Daylight,Yes,NoIntersection,Normal,3+Vehicles-Multiple,11,Wednesday,17,False,False
201800022688,NonLethal,Daylight,Yes,T-type,Normal,2Vehicles-BehindVehicles-Frontal,8,Monday,19,False,False
201800050785,NonLethal,Daylight,Yes,X-type,Normal,2Vehicles-Side,7,Monday,9,False,False
201800024656,NonLethal,TwilightOrDawn,Yes,NoIntersection,Normal,2Vehicles-Side,2,Monday,7,False,False
201800029015,NonLethal,Daylight,No,NoIntersection,SnowOrHail,2Vehicles-BehindVehicles-Frontal,6,Saturday,8,True,False
201800047081,NonLethal,NightNoStreetLight,No,NoIntersection,LightRain,3+Vehicles-Chain,11,Wednesday,17,False,False
201800022679,NonLethal,Daylight,No,NoIntersection,Normal,2Vehicles-Side,1,Wednesday,12,False,False
201800016555,NonLethal,Daylight,No,NoIntersection,HeavyRain,3+Vehicles-Multiple,3,Friday,16,False,False
201800018075,NonLethal,Daylight,Yes,NoIntersection,Normal,2Vehicles-Side,10,Saturday,11,True,False
201800027799,NonLethal,NightStreelightsOn,Yes,NoIntersection,Normal,Other,10,Thursday,23,False,False
201800054778,NonLethal,Daylight,Yes,T-type,Normal,Other,7,Tuesday,15,False,False
201800044562,NonLethal,TwilightOrDawn,No,NoIntersection,Normal,3+Vehicles-Chain,1,Monday,18,False,False
201800001905,NonLethal,Daylight,Yes,T-type,Normal,2Vehicles-BehindVehicles-Frontal,6,Tuesday,20,False,False
201800051743,NonLethal,NightStreelightsOff,Yes,T-type,LightRain,Other,6,Wednesday,21,False,False
201800040141,NonLethal,TwilightOrDawn,Yes,NoIntersection,Normal,2Vehicles-Side,11,Thursday,16,False,False
201800056770,NonLethal,NightStreelightsOn,Yes,X-type,Normal,NoCollision,12,Monday,20,False,False
201800052425,NonLethal,Daylight,Yes,NoIntersection,Normal,Other,5,Thursday,12,False,False
201800041301,NonLethal,Daylight,Yes,NoIntersection,Normal,Other,6,Monday,15,False,False
201800024896,NonLethal,Daylight,Yes,X-type,Overcast,2Vehicles-Side,9,Thursday,8,False,False
201800042319,NonLethal,Daylight,Yes,NoIntersection,Normal,3+Vehicles-Multiple,7,Monday,7,False,False
201800012835,NonLethal,TwilightOrDawn,Yes,T-type,Normal,NoCollision,7,Saturday,21,True,False
201800025303,NonLethal,Daylight,No,NoIntersection,Normal,3+Vehicles-Chain,4,Thursday,9,False,False
201800035524,NonLethal,Daylight,Yes,NoIntersection,Normal,2Vehicles-Side,4,Wednesday,17,False,False
201800045068,NonLethal,Daylight,No,NoIntersection,Normal,2Vehicles-Behind,7,Wednesday,7,False,False
201800035559,NonLethal,Daylight,Yes,NoIntersection,Normal,2Vehicles-Side,6,Tuesday,6,False,True
201800003973,NonLethal,Daylight,Yes,NoIntersection,Normal,NoCollision,9,Monday,14,False,False
201800013167,NonLethal,Daylight,No,Roundabout,Normal,2Vehicles-Side,6,Friday,8,False,False
201800038406,NonLethal,NightStreelightsOn,Yes,NoIntersection,Normal,3+Vehicles-Chain,1,Tuesday,20,False,False
201800021590,Lethal,Daylight,No,NoIntersection,Normal,NoCollision,6,Friday,10,False,False
201800037738,NonLethal,Daylight,Yes,NoIntersection,Normal,2Vehicles-Behind,10,Monday,14,False,False
201800023606,NonLethal,NightNoStreetLight,No,NoIntersection,Normal,2Vehicles-Side,8,Wednesday,21,False,False
201800051330,NonLethal,NightStreelightsOn,Yes,X-type,Normal,Other,3,Wednesday,19,False,False
201800014115,NonLethal,Daylight,No,NoIntersection,Normal,2Vehicles-Side,11,Thursday,17,False,False
201800046282,NonLethal,Daylight,No,NoIntersection,Normal,2Vehicles-Behind,10,Friday,9,False,False
201800023784,NonLethal,Daylight,No,NoIntersection,Normal,NoCollision,12,Thursday,12,False,False
201800053055,NonLethal,Daylight,Yes,X-type,Normal,2Vehicles-Side,6,Tuesday,11,False,False
201800007797,NonLethal,Daylight,Yes,T-type,Normal,2Vehicles-Side,10,Wednesday,17,False,False
201800002159,NonLethal,NightStreelightsOn,Yes,T-type,Normal,2Vehicles-BehindVehicles-Frontal,2,Friday,20,False,False
201800032809,NonLethal,NightStreelightsOn,Yes,NoIntersection,Normal,2Vehicles-Side,9,Thursday,20,False,False
201800056462,NonLethal,Daylight,No,NoIntersection,VeryGood,3+Vehicles-Multiple,9,Wednesday,16,False,False
201800002336,NonLethal,Daylight,No,NoIntersection,Normal,2Vehicles-Side,12,Friday,15,False,False
201800030608,NonLethal,Daylight,Yes,X-type,Overcast,3+Vehicles-Multiple,5,Wednesday,17,False,False
201800043024,NonLethal,Daylight,Yes,NoIntersection,Normal,NoCollision,7,Saturday,17,True,False
201800017149,NonLethal,Daylight,No,NoIntersection,Normal,NoCollision,9,Monday,17,False,False
201800032169,NonLethal,NightStreelightsOn,Yes,NoIntersection,Normal,2Vehicles-BehindVehicles-Frontal,9,Monday,20,False,False
201800008420,NonLethal,NightStreelightsOn,Yes,NoIntersection,Normal,2Vehicles-Side,1,Sunday,6,True,True
201800014259,Lethal,NightNoStreetLight,No,NoIntersection,Normal,NoCollision,1,Saturday,22,True,False
201800013819,NonLethal,Daylight,No,NoIntersection,Normal,3+Vehicles-Chain,9,Thursday,17,False,False
201800009263,NonLethal,Daylight,Yes,NoIntersection,Normal,2Vehicles-Side,6,Friday,20,False,False
201800020127,NonLethal,NightNoStreetLight,No,NoIntersection,Normal,Other,3,Friday,22,False,False
201800039458,NonLethal,NightStreelightsOn,Yes,T-type,LightRain,3+Vehicles-Chain,1,Wednesday,6,False,True
201800026841,NonLethal,Daylight,Yes,MoreThan4Branches,Normal,NoCollision,6,Monday,6,False,True
201800005137,NonLethal,Daylight,Yes,NoIntersection,Normal,Other,6,Thursday,8,False,False
201800014370,NonLethal,NightNoStreetLight,Yes,NoIntersection,FogOrSmoke,Other,11,Wednesday,16,False,False
201800031930,NonLethal,Daylight,Yes,T-type,Normal,2Vehicles-Side,9,Thursday,9,False,False
201800037787,NonLethal,Daylight,Yes,NoIntersection,Normal,2Vehicles-Side,4,Friday,8,False,False
201800023971,NonLethal,NightStreelightsOn,Yes,NoIntersection,Normal,Other,12,Saturday,3,True,True
201800036236,NonLethal,NightStreelightsOn,Yes,T-type,Normal,2Vehicles-Behind,11,Monday,20,False,False
201800042112,NonLethal,NightNoStreetLight,Yes,NoIntersection,Normal,2Vehicles-Behind,11,Saturday,19,True,False
201800030699,NonLethal,Daylight,Yes,NoIntersection,Normal,Other,9,Wednesday,18,False,False
201800040569,NonLethal,Daylight,Yes,NoIntersection,Overcast,2Vehicles-Side,4,Sunday,11,True,False
201800046009,NonLethal,Daylight,No,NoIntersection,Normal,2Vehicles-Behind,7,Friday,18,False,False
201800016087,Lethal,Daylight,No,NoIntersection,Normal,NoCollision,6,Sunday,11,True,False
201800016612,NonLethal,Daylight,Yes,Other,Normal,2Vehicles-BehindVehicles-Frontal,6,Friday,12,False,False
201800035348,NonLethal,Daylight,No,NoIntersection,Normal,2Vehicles-Side,6,Tuesday,21,False,False
201800049611,NonLethal,Daylight,No,NoIntersection,HeavyRain,2Vehicles-Behind,6,Monday,8,False,False
201800035843,NonLethal,NightStreelightsOn,Yes,NoIntersection,LightRain,2Vehicles-Side,1,Thursday,19,False,False
201800041631,NonLethal,NightStreelightsOff,Yes,X-type,Normal,2Vehicles-Side,11,Thursday,0,False,True
201800004944,NonLethal,Daylight,No,NoIntersection,LightRain,Other,10,Sunday,16,True,False
201800055349,NonLethal,Daylight,Yes,NoIntersection,Normal,3+Vehicles-Chain,4,Friday,18,False,False
201800038331,NonLethal,Daylight,Yes,NoIntersection,Overcast,2Vehicles-Behind,7,Tuesday,13,False,False
201800028043,NonLethal,Daylight,Yes,NoIntersection,Normal,Other,6,Wednesday,17,False,False
201800043165,NonLethal,Daylight,Yes,X-type,Overcast,2Vehicles-Side,11,Monday,11,False,False
201800008982,NonLethal,Daylight,Yes,T-type,Normal,2Vehicles-Side,11,Monday,9,False,False
201800017299,NonLethal,Daylight,Yes,X-type,Normal,2Vehicles-Side,3,Wednesday,13,False,False
201800041817,NonLethal,NightStreelightsOn,Yes,NoIntersection,Normal,NoCollision,11,Friday,22,False,False
201800031474,NonLethal,Daylight,No,NoIntersection,Normal,Other,4,Monday,13,False,False
201800014765,NonLethal,Daylight,No,NoIntersection,Normal,Other,9,Thursday,11,False,False
201800045744,NonLethal,NightStreelightsOn,No,NoIntersection,Normal,Other,3,Sunday,23,True,False
201800003876,NonLethal,TwilightOrDawn,Yes,NoIntersection,HeavyRain,Other,4,Sunday,19,True,False
201800057237,NonLethal,Daylight,No,Roundabout,Normal,Other,9,Wednesday,15,False,False
201800026680,NonLethal,Daylight,Yes,NoIntersection,Normal,3+Vehicles-Chain,8,Thursday,12,False,False
201800056062,NonLethal,Daylight,Yes,Roundabout,Normal,NoCollision,10,Monday,10,False,False
201800050917,NonLethal,Daylight,Yes,T-type,Normal,2Vehicles-Behind,8,Friday,9,False,False
201800027138,NonLethal,NightStreelightsOn,Yes,NoIntersection,Normal,Other,1,Monday,19,False,False
201800007937,NonLethal,Daylight,Yes,NoIntersection,Normal,2Vehicles-Side,6,Thursday,13,False,False
201800012167,NonLethal,Daylight,No,NoIntersection,Normal,NoCollision,4,Tuesday,18,False,False
201800021518,Lethal,NightNoStreetLight,No,NoIntersection,Overcast,Other,11,Friday,19,False,False
201800003893,NonLethal,Daylight,No,NoIntersection,Normal,2Vehicles-Side,5,Tuesday,13,False,False
201800022603,NonLethal,Daylight,Yes,NoIntersection,Normal,2Vehicles-Behind,9,Thursday,7,False,False
201800046094,NonLethal,Daylight,No,NoIntersection,Normal,3+Vehicles-Chain,9,Tuesday,11,False,False
201800016397,Lethal,NightStreelightsOn,Yes,NoIntersection,HeavyRain,Other,10,Wednesday,18,False,False
201800048961,NonLethal,Daylight,No,NoIntersection,Normal,3+Vehicles-Chain,7,Monday,13,False,False
201800017421,NonLethal,Daylight,Yes,T-type,Normal,2Vehicles-Side,6,Monday,16,False,False
201800015966,NonLethal,Daylight,Yes,NoIntersection,VeryGood,Other,10,Monday,9,False,False
201800039409,NonLethal,Daylight,Yes,NoIntersection,Normal,Other,8,Sunday,13,True,False
201800028602,NonLethal,Daylight,No,NoIntersection,LightRain,2Vehicles-Side,5,Monday,12,False,False
201800021137,NonLethal,Daylight,Yes,NoIntersection,LightRain,Other,11,Friday,8,False,False
201800040751,NonLethal,Daylight,Yes,X-type,LightRain,2Vehicles-BehindVehicles-Frontal,4,Monday,20,False,False
201800049545,NonLethal,Daylight,No,NoIntersection,HeavyRain,Other,3,Thursday,8,False,False
201800053178,NonLethal,NightStreelightsOn,Yes,T-type,Normal,Other,8,Saturday,7,True,False
201800019334,Lethal,NightStreelightsOff,Yes,NoIntersection,Normal,Other,2,Saturday,19,True,False
201800048973,NonLethal,Daylight,No,NoIntersection,Normal,2Vehicles-Behind,8,Wednesday,14,False,False
201800004526,NonLethal,Daylight,Yes,NoIntersection,Normal,3+Vehicles-Chain,10,Tuesday,11,False,False
201800016796,NonLethal,Daylight,No,X-type,Normal,2Vehicles-Side,1,Monday,11,False,False
201800032713,NonLethal,Daylight,No,NoIntersection,Normal,2Vehicles-BehindVehicles-Frontal,12,Saturday,16,True,False
201800031329,NonLethal,Daylight,Yes,X-type,LightRain,2Vehicles-Side,10,Wednesday,8,False,False
201800057559,NonLethal,NightStreelightsOn,Yes,X-type,Normal,2Vehicles-Side,12,Tuesday,21,False,False
201800031116,NonLethal,NightStreelightsOn,Yes,NoIntersection,Normal,2Vehicles-Side,9,Thursday,1,False,True
201800001605,NonLethal,Daylight,No,NoIntersection,Normal,Other,4,Friday,13,False,False
201800002761,NonLethal,Daylight,No,NoIntersection,LightRain,Other,11,Saturday,10,True,False
201800016828,NonLethal,Daylight,Yes,NoIntersection,Normal,2Vehicles-Side,11,Friday,12,False,False
201800023185,NonLethal,NightStreelightsOn,No,NoIntersection,Normal,2Vehicles-Side,11,Thursday,1,False,True
201800023005,NonLethal,Daylight,Yes,T-type,Normal,Other,3,Friday,16,False,False
201800048335,NonLethal,Daylight,Yes,X-type,Normal,2Vehicles-Side,6,Saturday,20,True,False
201800017966,Lethal,NightNoStreetLight,No,NoIntersection,Normal,2Vehicles-Side,3,Sunday,19,True,False
201800052090,NonLethal,Daylight,Yes,NoIntersection,Normal,Other,7,Tuesday,8,False,False
201800057186,NonLethal,NightNoStreetLight,No,NoIntersection,Normal,Other,5,Thursday,21,False,False
201800018463,NonLethal,Daylight,No,NoIntersection,Normal,3+Vehicles-Chain,1,Saturday,14,True,False
201800001482,NonLethal,Daylight,Yes,NoIntersection,Normal,Other,8,Saturday,11,True,False
201800008900,NonLethal,Daylight,Yes,Other,Normal,2Vehicles-Behind,4,Tuesday,9,False,False
201800031709,NonLethal,Daylight,Yes,NoIntersection,Normal,2Vehicles-Behind,4,Monday,8,False,False
201800048823,NonLethal,Daylight,No,NoIntersection,LightRain,2Vehicles-Behind,2,Tuesday,15,False,False
201800054657,NonLethal,Daylight,Yes,NoIntersection,Normal,NoCollision,1,Tuesday,8,False,False
201800052036,NonLethal,Daylight,Yes,NoIntersection,Overcast,2Vehicles-BehindVehicles-Frontal,5,Tuesday,9,False,False
201800051461,NonLethal,Daylight,Yes,Y-type,Normal,2Vehicles-Side,3,Friday,9,False,False
201800051339,NonLethal,Daylight,Yes,NoIntersection,Normal,Other,4,Monday,19,False,False
201800038882,NonLethal,Daylight,Yes,NoIntersection,LightRain,2Vehicles-Behind,1,Monday,10,False,False
201800014911,NonLethal,Daylight,No,T-type,Normal,2Vehicles-Side,6,Monday,7,False,False
201800030256,NonLethal,Daylight,Yes,NoIntersection,HeavyRain,2Vehicles-Behind,3,Thursday,10,False,False
201800027622,NonLethal,NightStreelightsOff,Yes,Roundabout,LightRain,Other,2,Monday,19,False,False
201800042495,NonLethal,Daylight,Yes,NoIntersection,Normal,2Vehicles-Side,8,Friday,17,False,False
201800032601,NonLethal,Daylight,Yes,Other,Normal,Other,10,Tuesday,13,False,False
201800020161,Lethal,Daylight,No,NoIntersection,Normal,Other,1,Monday,9,False,False
201800015492,Lethal,Daylight,No,NoIntersection,Normal,2Vehicles-BehindVehicles-Frontal,7,Thursday,18,False,False
201800057233,NonLethal,Daylight,Yes,NoIntersection,Normal,2Vehicles-Behind,6,Tuesday,16,False,False
201800003136,NonLethal,NightNoStreetLight,No,NoIntersection,Normal,Other,2,Friday,22,False,False
201800008554,NonLethal,NightStreelightsOn,Yes,T-type,Normal,2Vehicles-Behind,2,Sunday,19,True,False
201800021348,NonLethal,NightNoStreetLight,No,NoIntersection,Normal,Other,10,Sunday,1,True,True
201800011572,NonLethal,TwilightOrDawn,No,NoIntersection,Normal,Other,4,Tuesday,6,False,True
201800000695,NonLethal,TwilightOrDawn,Yes,NoIntersection,FogOrSmoke,Other,9,Monday,7,False,False
201800055423,NonLethal,Daylight,Yes,NoIntersection,Normal,2Vehicles-Behind,6,Saturday,19,True,False
201800044775,NonLethal,Daylight,No,NoIntersection,LightRain,Other,4,Sunday,15,True,False
201800006845,Lethal,Daylight,Yes,NoIntersection,Normal,Other,10,Saturday,12,True,False
201800012159,Lethal,Daylight,No,NoIntersection,VeryGood,Other,5,Sunday,11,True,False
201800005069,NonLethal,Daylight,No,NoIntersection,Normal,2Vehicles-BehindVehicles-Frontal,5,Friday,16,False,False
201800052190,NonLethal,NightStreelightsOn,Yes,X-type,LightRain,Other,2,Saturday,19,True,False
201800005995,NonLethal,Daylight,Yes,T-type,Normal,Other,5,Monday,10,False,False
201800010935,NonLethal,Daylight,No,NoIntersection,Normal,2Vehicles-Side,9,Friday,15,False,False
201800042558,NonLethal,Daylight,Yes,NoIntersection,Normal,Other,8,Friday,17,False,False
201800044654,NonLethal,NightNoStreetLight,No,NoIntersection,Normal,Other,4,Tuesday,23,False,False
201800024100,NonLethal,NightStreelightsOn,Yes,X-type,Normal,Other,4,Tuesday,21,False,False
201800051630,NonLethal,TwilightOrDawn,Yes,X-type,Normal,Other,12,Wednesday,10,False,False
201800031219,NonLethal,Daylight,No,NoIntersection,Normal,2Vehicles-Behind,7,Wednesday,12,False,False
201800031665,NonLethal,Daylight,Yes,NoIntersection,SnowOrHail,Other,2,Thursday,8,False,False
201800040155,NonLethal,NightStreelightsOn,Yes,NoIntersection,LightRain,3+Vehicles-Chain,1,Saturday,18,True,False
201800026628,NonLethal,NightNoStreetLight,No,NoIntersection,LightRain,NoCollision,3,Saturday,21,True,False
201800001617,NonLethal,Daylight,Yes,NoIntersection,LightRain,2Vehicles-Side,12,Saturday,15,True,False
201800012564,NonLethal,Daylight,No,NoIntersection,Normal,2Vehicles-Side,7,Sunday,19,True,False
201800012846,NonLethal,Daylight,Yes,NoIntersection,Normal,2Vehicles-BehindVehicles-Frontal,10,Tuesday,9,False,False
201800054192,NonLethal,Daylight,Yes,T-type,Normal,2Vehicles-BehindVehicles-Frontal,2,Friday,15,False,False
201800006538,NonLethal,Daylight,Yes,NoIntersection,Normal,2Vehicles-Side,12,Monday,8,False,False
201800009343,NonLethal,Daylight,Yes,Roundabout,Normal,2Vehicles-Side,7,Wednesday,11,False,False
201800046959,NonLethal,Daylight,No,NoIntersection,Normal,3+Vehicles-Chain,12,Monday,16,False,False
201800010042,NonLethal,NightStreelightsOn,Yes,NoIntersection,LightRain,2Vehicles-Behind,7,Wednesday,18,False,False
201800003252,NonLethal,Daylight,No,NoIntersection,VeryGood,2Vehicles-Side,5,Sunday,17,True,False
201800056147,NonLethal,Daylight,No,NoIntersection,HeavyRain,Other,1,Friday,17,False,False
201800021158,Lethal,Daylight,No,Other,Normal,2Vehicles-BehindVehicles-Frontal,6,Tuesday,13,False,False
201800056307,NonLethal,Daylight,No,NoIntersection,LightRain,2Vehicles-BehindVehicles-Frontal,6,Monday,9,False,False
201800030550,NonLethal,Daylight,Yes,NoIntersection,Normal,2Vehicles-BehindVehicles-Frontal,3,Friday,17,False,False
201800049225,NonLethal,NightNoStreetLight,No,Other,SnowOrHail,2Vehicles-Behind,3,Monday,5,False,True
201800033392,NonLethal,Daylight,Yes,Other,Normal,Other,8,Wednesday,15,False,False
201800050285,NonLethal,Daylight,Yes,X-type,Normal,2Vehicles-Side,6,Friday,21,False,False
201800037146,NonLethal,NightStreelightsOn,Yes,T-type,Normal,Other,11,Saturday,20,True,False
201800044383,NonLethal,Daylight,No,NoIntersection,Normal,Other,11,Wednesday,11,False,False
201800021128,NonLethal,NightNoStreetLight,Yes,NoIntersection,Normal,2Vehicles-Side,6,Friday,23,False,False
201800013317,NonLethal,Daylight,Yes,NoIntersection,Normal,Other,1,Tuesday,8,False,False
201800034905,NonLethal,Daylight,Yes,NoIntersection,Normal,Other,8,Sunday,13,True,False
201800050425,NonLethal,NightStreelightsOn,Yes,Y-type,LightRain,2Vehicles-Behind,2,Tuesday,19,False,False
201800035737,NonLethal,Daylight,Yes,NoIntersection,VeryGood,NoCollision,4,Sunday,11,True,False
201800049239,NonLethal,Daylight,No,NoIntersection,Normal,3+Vehicles-Chain,7,Saturday,15,True,False
201800018098,NonLethal,Daylight,Yes,NoIntersection,Normal,2Vehicles-Side,4,Sunday,11,True,False
201800021865,Lethal,Daylight,No,NoIntersection,Normal,2Vehicles-BehindVehicles-Frontal,11,Wednesday,21,False,False
201800032539,NonLethal,Daylight,Yes,X-type,Normal,2Vehicles-Side,9,Saturday,12,True,False
201800042830,NonLethal,Daylight,Yes,T-type,Normal,2Vehicles-Behind,2,Wednesday,15,False,False
201800053983,NonLethal,TwilightOrDawn,Yes,Square,LightRain,Other,1,Friday,17,False,False
201800009753,NonLethal,Daylight,Yes,X-type,Normal,2Vehicles-Side,9,Friday,12,False,False
201800035150,NonLethal,Daylight,Yes,NoIntersection,LightRain,Other,10,Tuesday,10,False,False
201800035264,NonLethal,NightStreelightsOn,Yes,NoIntersection,LightRain,Other,12,Friday,7,False,False
201800019876,NonLethal,Daylight,Yes,T-type,Normal,2Vehicles-Side,11,Wednesday,16,False,False
201800038787,NonLethal,NightStreelightsOn,Yes,T-type,Normal,2Vehicles-Side,11,Friday,17,False,False
201800010357,NonLethal,Daylight,Yes,T-type,Normal,3+Vehicles-Multiple,10,Wednesday,17,False,False
201800013953,NonLethal,NightNoStreetLight,No,NoIntersection,Normal,Other,12,Saturday,7,True,False
201800029282,NonLethal,Daylight,Yes,NoIntersection,LightRain,2Vehicles-Side,3,Friday,9,False,False
201800045998,NonLethal,Daylight,No,NoIntersection,Normal,3+Vehicles-Chain,7,Saturday,10,True,False
201800028780,NonLethal,Daylight,Yes,T-type,Normal,2Vehicles-Side,8,Saturday,12,True,False
201800020841,NonLethal,NightNoStreetLight,Yes,Roundabout,Normal,NoCollision,6,Monday,3,False,True
201800045248,NonLethal,Daylight,No,NoIntersection,Normal,2Vehicles-Behind,9,Wednesday,18,False,False
201800011554,NonLethal,Daylight,No,NoIntersection,Normal,2Vehicles-Side,10,Sunday,12,True,False
201800000373,Lethal,Daylight,Yes,T-type,Normal,Other,5,Monday,10,False,False
201800007204,Lethal,NightNoStreetLight,No,NoIntersection,Normal,2Vehicles-Behind,8,Thursday,0,False,True
201800011570,NonLethal,NightStreelightsOn,Yes,NoIntersection,FogOrSmoke,Other,1,Thursday,18,False,False
201800003791,Lethal,NightNoStreetLight,No,NoIntersection,Normal,2Vehicles-BehindVehicles-Frontal,4,Wednesday,18,False,False
201800037269,NonLethal,Daylight,Yes,NoIntersection,Normal,NoCollision,6,Friday,19,False,False
201800020387,NonLethal,Daylight,No,Other,Normal,Other,11,Monday,19,False,False
201800046281,NonLethal,Daylight,No,NoIntersection,Normal,2Vehicles-Side,10,Friday,8,False,False
201800034826,NonLethal,Daylight,Yes,NoIntersection,Normal,2Vehicles-Side,6,Friday,14,False,False
201800005889,NonLethal,NightStreelightsOn,No,NoIntersection,LightRain,2Vehicles-BehindVehicles-Frontal,10,Wednesday,1,False,True
201800001912,NonLethal,Daylight,Yes,NoIntersection,Normal,2Vehicles-Side,12,Tuesday,11,False,False
201800038903,NonLethal,Daylight,Yes,T-type,Normal,Other,9,Tuesday,19,False,False
201800012783,Lethal,Daylight,No,NoIntersection,Overcast,NoCollision,8,Monday,9,False,False
201800030436,NonLethal,TwilightOrDawn,No,T-type,Other,2Vehicles-BehindVehicles-Frontal,12,Wednesday,8,False,False
201800014513,NonLethal,NightNoStreetLight,No,NoIntersection,Normal,NoCollision,8,Sunday,1,True,True