AccidentId,Gravity,Light,InAgglomeration,IntersectionType,Weather,CollisionType,Month,DayOfWeek,HourOfDay,IsWeekend,IsNight
201800002289,NonLethal,NightNoStreetLight,No,NoIntersection,Normal,2Vehicles-BehindVehicles-Frontal,12,Friday,4,False,True
201800044623,NonLethal,Daylight,No,NoIntersection,LightRain,2Vehicles-Behind,2,Monday,14,False,False
201800048423,NonLethal,Daylight,Yes,NoIntersection,Normal,Other,7,Monday,11,False,False
201800057564,NonLethal,Daylight,Yes,Other,Normal,Other,1,Tuesday,10,False,False
201800048899,NonLethal,Daylight,No,NoIntersection,Normal,2Vehicles-Behind,5,Friday,18,False,False
201800027690,NonLethal,Daylight,Yes,NoIntersection,Normal,Other,2,Saturday,12,True,False
201800057326,NonLethal,TwilightOrDawn,Yes,Square,LightRain,2Vehicles-Side,3,Tuesday,17,False,False
201800052209,NonLethal,NightStreelightsOn,Yes,T-type,Normal,Other,10,Monday,20,False,False
201800025358,NonLethal,Daylight,Yes,NoIntersection,Normal,2Vehicles-BehindVehicles-Frontal,5,Thursday,7,False,False
201800046010,NonLethal,Daylight,No,NoIntersection,Normal,2Vehicles-Behind,7,Friday,18,False,False
201800011737,NonLethal,Daylight,No,NoIntersection,Normal,Other,10,Wednesday,16,False,False
201800034203,NonLethal,NightNoStreetLight,No,X-type,Normal,2Vehicles-Side,11,Thursday,19,False,False
201800033696,NonLethal,Daylight,Yes,X-type,Normal,2Vehicles-Side,8,Wednesday,19,False,False
201800000928,NonLethal,Daylight,Yes,T-type,Normal,2Vehicles-Side,8,Thursday,11,False,False
201800009903,NonLethal,NightNoStreetLight,Yes,X-type,Normal,2Vehicles-Side,10,Saturday,6,True,True
201800033039,NonLethal,Daylight,Yes,NoIntersection,Normal,2Vehicles-Side,3,Monday,12,False,False
201800043601,NonLethal,Daylight,Yes,NoIntersection,LightRain,3+Vehicles-Multiple,10,Tuesday,12,False,False
201800010447,NonLethal,Daylight,No,NoIntersection,Normal,Other,3,Friday,7,False,False
201800014123,Lethal,Daylight,No,NoIntersection,Normal,2Vehicles-Side,3,Thursday,18,False,False
201800004759,NonLethal,Daylight,Yes,NoIntersection,Normal,Other,2,Friday,12,False,False
201800044483,NonLethal,NightNoStreetLight,No,Other,Normal,3+Vehicles-Chain,12,Saturday,19,True,False
201800054613,NonLethal,NightStreelightsOn,Yes,Square,Normal,2Vehicles-Side,11,Friday,19,False,False
201800034519,NonLethal,NightNoStreetLight,No,Other,Normal,Other,5,Sunday,1,True,True
201800015627,NonLethal,NightNoStreetLight,No,Other,Normal,2Vehicles-Side,8,Wednesday,2,False,True
201800051361,NonLethal,Daylight,Yes,X-type,Normal,2Vehicles-BehindVehicles-Frontal,6,Saturday,17,True,False
201800003464,NonLethal,Daylight,Yes,X-type,Normal,2Vehicles-Side,10,Wednesday,11,False,False
201800035952,NonLethal,Daylight,Yes,NoIntersection,LightRain,2Vehicles-Side,11,Wednesday,7,False,False
201800053719,NonLethal,Daylight,Yes,X-type,LightRain,2Vehicles-Side,10,Wednesday,10,False,False
201800048944,NonLethal,Daylight,No,NoIntersection,Normal,2Vehicles-Behind,7,Monday,14,False,False
201800022890,NonLethal,Daylight,Yes,T-type,Normal,2Vehicles-BehindVehicles-Frontal,1,Friday,17,False,False
201800001412,NonLethal,Daylight,Yes,NoIntersection,Normal,2Vehicles-Behind,5,Tuesday,8,False,False
201800035480,NonLethal,TwilightOrDawn,Yes,Other,VeryGood,2Vehicles-BehindVehicles-Frontal,5,Wednesday,6,False,True
201800046574,NonLethal,Daylight,No,NoIntersection,Normal,2Vehicles-Side,7,Thursday,14,False,False
201800030280,NonLethal,NightNoStreetLight,Yes,NoIntersection,Normal,Other,6,Thursday,22,False,False
201800046781,NonLethal,Daylight,No,NoIntersection,Normal,2Vehicles-Behind,7,Tuesday,8,False,False
201800021596,NonLethal,Daylight,Yes,NoIntersection,Normal,Other,2,Monday,12,False,False
201800017817,NonLethal,Daylight,Yes,NoIntersection,Normal,Other,10,Friday,17,False,False
201800024101,NonLethal,NightStreelightsOn,Yes,T-type,Normal,2Vehicles-Behind,4,Monday,6,False,True
201800038953,NonLethal,Daylight,Yes,NoIntersection,Normal,Other,9,Monday,17,False,False
201800028172,NonLethal,NightStreelightsOn,Yes,T-type,LightRain,2Vehicles-Side,11,Wednesday,18,False,False
201800004549,NonLethal,NightNoStreetLight,No,NoIntersection,Normal,NoCollision,1,Sunday,8,True,False
201800016596,NonLethal,NightNoStreetLight,No,NoIntersection,Normal,Other,4,Thursday,0,False,True
201800055253,NonLethal,NightStreelightsOn,Yes,NoIntersection,Normal,2Vehicles-Side,2,Thursday,20,False,False
201800019310,NonLethal,NightStreelightsOn,Yes,NoIntersection,Normal,NoCollision,10,Saturday,20,True,False
201800015323,NonLethal,Daylight,Yes,Roundabout,LightRain,2Vehicles-Behind,2,Saturday,14,True,False
201800042606,NonLethal,NightStreelightsOn,Yes,NoIntersection,Normal,Other,11,Thursday,17,False,False
201800048994,NonLethal,Daylight,No,NoIntersection,Normal,3+Vehicles-Chain,11,Friday,9,False,False
201800053160,NonLethal,Daylight,Yes,NoIntersection,Normal,2Vehicles-Side,10,Thursday,15,False,False
201800025840,NonLethal,Daylight,Yes,NoIntersection,Normal,2Vehicles-BehindVehicles-Frontal,5,Saturday,13,True,False
201800032569,NonLethal,Daylight,Yes,NoIntersection,Normal,Other,9,Sunday,14,True,False
201800039643,NonLethal,Daylight,Yes,X-type,Normal,2Vehicles-Side,7,Monday,6,False,True
201800030577,NonLethal,Daylight,Yes,NoIntersection,Overcast,NoCollision,2,Tuesday,14,False,False
201800043341,NonLethal,NightStreelightsOn,Yes,Y-type,Normal,2Vehicles-Side,8,Tuesday,0,False,True
201800013011,NonLethal,NightNoStreetLight,No,NoIntersection,Normal,NoCollision,6,Monday,5,False,True
201800020457,NonLethal,NightStreelightsOn,Yes,NoIntersection,Normal,Other,3,Sunday,1,True,True
201800044873,NonLethal,Daylight,No,NoIntersection,LightRain,2Vehicles-Behind,12,Wednesday,20,False,False
201800038429,Lethal,Daylight,Yes,NoIntersection,Normal,Other,5,Friday,13,False,False
201800015740,Lethal,Daylight,No,NoIntersection,Normal,Other,7,Tuesday,20,False,False
201800047489,NonLethal,TwilightOrDawn,Yes,NoIntersection,Normal,NoCollision,5,Saturday,7,True,False
201800041883,NonLethal,Daylight,Yes,T-type,Normal,2Vehicles-BehindVehicles-Frontal,8,Sunday,16,True,False
201800055400,NonLethal,Daylight,Yes,Y-type,Normal,3+Vehicles-Chain,5,Tuesday,12,False,False
201800047553,NonLethal,Daylight,Yes,NoIntersection,Normal,Other,6,Sunday,13,True,False
201800019626,NonLethal,Daylight,Yes,T-type,Normal,2Vehicles-Side,4,Friday,16,False,False
201800018962,Lethal,TwilightOrDawn,No,NoIntersection,Normal,Other,11,Friday,8,False,False
201800041555,NonLethal,Daylight,Yes,X-type,LightRain,2Vehicles-Side,3,Friday,11,False,False
201800040070,NonLethal,NightStreelightsOn,Yes,NoIntersection,Normal,2Vehicles-Behind,4,Thursday,18,False,False
201800015257,NonLethal,NightNoStreetLight,No,NoIntersection,HeavyRain,Other,1,Saturday,21,True,False
201800011082,NonLethal,Daylight,No,NoIntersection,HeavyRain,2Vehicles-Behind,5,Thursday,10,False,False
201800028008,NonLethal,Daylight,Yes,X-type,Normal,2Vehicles-BehindVehicles-Frontal,5,Wednesday,12,False,False
201800000566,NonLethal,TwilightOrDawn,No,T-type,Normal,2Vehicles-BehindVehicles-Frontal,1,Thursday,8,False,False
201800007838,NonLethal,NightNoStreetLight,No,NoIntersection,Normal,Other,6,Tuesday,4,False,True
201800005499,NonLethal,NightStreelightsOn,Yes,NoIntersection,Normal,Other,12,Friday,19,False,False
201800048740,NonLethal,NightStreelightsOn,Yes,NoIntersection,LightRain,Other,12,Friday,20,False,False
201800037076,NonLethal,Daylight,Yes,NoIntersection,Normal,Other,10,Monday,17,False,False
201800039589,NonLethal,Daylight,Yes,NoIntersection,Normal,2Vehicles-Behind,12,Monday,10,False,False
201800054872,NonLethal,NightStreelightsOn,Yes,T-type,LightRain,2Vehicles-Side,12,Sunday,2,True,True
201800027629,NonLethal,Daylight,Yes,X-type,Normal,2Vehicles-Side,3,Wednesday,17,False,False
201800039325,NonLethal,Daylight,Yes,NoIntersection,Normal,Other,11,Monday,13,False,False
201800001163,NonLethal,Daylight,No,NoIntersection,Normal,Other,5,Monday,12,False,False
201800009670,NonLethal,NightStreelightsOn,Yes,Other,Normal,NoCollision,8,Thursday,6,False,True
201800012162,NonLethal,Daylight,No,NoIntersection,Normal,2Vehicles-Side,7,Wednesday,18,False,False
201800050052,NonLethal,NightNoStreetLight,No,NoIntersection,Normal,Other,10,Wednesday,4,False,True
201800049668,NonLethal,Daylight,No,NoIntersection,Normal,2Vehicles-Side,1,Tuesday,9,False,False
201800004700,NonLethal,Daylight,Yes,NoIntersection,Normal,2Vehicles-BehindVehicles-Frontal,2,Tuesday,17,False,False
201800013171,Lethal,Daylight,Yes,NoIntersection,Normal,Other,4,Thursday,11,False,False
201800029123,NonLethal,TwilightOrDawn,Yes,NoIntersection,LightRain,Other,7,Sunday,19,True,False
201800023104,NonLethal,Daylight,Yes,NoIntersection,HeavyRain,Other,5,Sunday,17,True,False
201800005306,NonLethal,Daylight,Yes,NoIntersection,Normal,2Vehicles-Behind,11,Sunday,9,True,False
201800021670,NonLethal,Daylight,Yes,Other,Normal,Other,4,Wednesday,10,False,False
201800013551,NonLethal,Daylight,No,NoIntersection,Normal,2Vehicles-Side,7,Wednesday,11,False,False
201800028950,NonLethal,Daylight,Yes,Roundabout,Normal,2Vehicles-Behind,10,Thursday,15,False,False
201800022134,NonLethal,Daylight,Yes,Roundabout,Normal,2Vehicles-Side,10,Wednesday,8,False,False
201800017799,NonLethal,NightStreelightsOn,Yes,NoIntersection,Normal,Other,10,Wednesday,19,False,False
201800004019,NonLethal,Daylight,Yes,NoIntersection,Normal,Other,9,Friday,10,False,False
201800051375,NonLethal,Daylight,Yes,X-type,Normal,3+Vehicles-Multiple,7,Wednesday,8,False,False
201800023170,NonLethal,Daylight,Yes,NoIntersection,Normal,2Vehicles-Side,7,Friday,18,False,False
201800029577,NonLethal,NightStreelightsOn,Yes,NoIntersection,Normal,Other,4,Monday,2,False,True
201800012767,NonLethal,Daylight,Yes,Y-type,Normal,2Vehicles-Side,4,Sunday,19,True,False
201800023765,NonLethal,Daylight,Yes,T-type,Normal,2Vehicles-Side,6,Wednesday,15,False,False
201800022323,NonLethal,Daylight,Yes,NoIntersection,Normal,Other,4,Monday,12,False,False
201800052585,NonLethal,Daylight,Yes,NoIntersection,Normal,Other,11,Thursday,10,False,False
201800039743,NonLethal,Daylight,Yes,NoIntersection,Normal,3+Vehicles-Chain,9,Saturday,15,True,False
201800006209,NonLethal,Daylight,No,NoIntersection,Normal,2Vehicles-BehindVehicles-Frontal,9,Wednesday,13,False,False
201800043057,NonLethal,TwilightOrDawn,Yes,X-type,Normal,Other,9,Friday,19,False,False
201800039342,NonLethal,NightNoStreetLight,Yes,NoIntersection,Normal,3+Vehicles-Chain,1,Tuesday,18,False,False
201800027039,NonLethal,NightNoStreetLight,No,NoIntersection,Normal,NoCollision,4,Sunday,5,True,True
201800043967,NonLethal,Daylight,No,NoIntersection,Normal,Other,4,Thursday,8,False,False
201800012237,NonLethal,Daylight,No,NoIntersection,Normal,2Vehicles-BehindVehicles-Frontal,5,Monday,17,False,False
201800041079,NonLethal,TwilightOrDawn,Yes,NoIntersection,LightRain,2Vehicles-BehindVehicles-Frontal,11,Sunday,16,True,False
201800011474,Lethal,Daylight,No,NoIntersection,Normal,Other,6,Wednesday,10,False,False
201800038637,NonLethal,Daylight,No,NoIntersection,Normal,2Vehicles-Behind,10,Wednesday,17,False,False
201800043170,NonLethal,NightNoStreetLight,Yes,NoIntersection,LightRain,Other,12,Sunday,19,True,False
201800005430,NonLethal,Daylight,Yes,NoIntersection,Normal,2Vehicles-Side,7,Wednesday,17,False,False
201800013199,NonLethal,NightStreelightsOn,Yes,NoIntersection,LightRain,2Vehicles-BehindVehicles-Frontal,1,Thursday,19,False,False
201800035270,NonLethal,Daylight,Yes,NoIntersection,Normal,Other,3,Saturday,8,True,False
201800003381,NonLethal,Daylight,No,NoIntersection,Normal,2Vehicles-BehindVehicles-Frontal,5,Tuesday,10,False,False
201800000309,NonLethal,NightStreelightsOn,No,Other,Normal,Other,2,Friday,18,False,False
201800005281,NonLethal,Daylight,Yes,NoIntersection,Normal,Other,8,Saturday,15,True,False
201800026038,NonLethal,Daylight,No,NoIntersection,LightRain,2Vehicles-BehindVehicles-Frontal,9,Friday,18,False,False
201800052551,NonLethal,NightStreelightsOn,Yes,T-type,Normal,2Vehicles-Side,4,Tuesday,20,False,False
201800037936,NonLethal,TwilightOrDawn,Yes,NoIntersection,VeryGood,Other,7,Monday,8,False,False
201800019761,NonLethal,Daylight,Yes,Other,Normal,2Vehicles-Behind,10,Saturday,12,True,False
201800034422,NonLethal,Daylight,Yes,X-type,LightRain,NoCollision,1,Thursday,15,False,False
201800014130,NonLethal,NightStreelightsOff,Yes,NoIntersection,Overcast,Other,12,Friday,8,False,False
201800004871,NonLethal,NightNoStreetLight,No,NoIntersection,Overcast,Other,5,Saturday,23,True,False
201800020581,NonLethal,NightStreelightsOn,Yes,NoIntersection,Normal,Other,4,Sunday,6,True,True
201800003432,NonLethal,Daylight,No,Other,SnowOrHail,2Vehicles-Behind,3,Wednesday,9,False,False
201800046631,NonLethal,Daylight,No,NoIntersection,Overcast,NoCollision,5,Tuesday,6,False,True
201800013046,NonLethal,NightNoStreetLight,No,NoIntersection,Normal,Other,7,Friday,21,False,False
201800008029,NonLethal,NightStreelightsOn,No,Other,Normal,2Vehicles-Behind,4,Sunday,5,True,True
201800011525,NonLethal,NightNoStreetLight,Yes,NoIntersection,Overcast,Other,1,Sunday,18,True,False
201800001676,NonLethal,Daylight,Yes,NoIntersection,Normal,2Vehicles-Side,6,Sunday,14,True,False
201800033008,NonLethal,TwilightOrDawn,Yes,NoIntersection,Normal,2Vehicles-Side,8,Sunday,19,True,False
201800046721,NonLethal,Daylight,No,NoIntersection,Normal,3+Vehicles-Multiple,7,Monday,8,False,False
201800039715,NonLethal,NightStreelightsOn,Yes,T-type,LightRain,2Vehicles-Side,5,Sunday,23,True,False
201800047762,NonLethal,Daylight,Yes,X-type,Normal,2Vehicles-Side,10,Sunday,12,True,False
201800014163,NonLethal,Daylight,No,NoIntersection,Normal,Other,4,Sunday,10,True,False
201800000189,NonLethal,Daylight,Yes,T-type,VeryGood,2Vehicles-Side,9,Thursday,16,False,False
201800008658,NonLethal,Daylight,Yes,NoIntersection,Normal,Other,3,Monday,17,False,False
201800031381,NonLethal,NightStreelightsOn,Yes,NoIntersection,Normal,2Vehicles-Behind,12,Thursday,22,False,False
201800024366,NonLethal,Daylight,Yes,NoIntersection,Normal,3+Vehicles-Multiple,10,Sunday,14,True,False
201800003023,NonLethal,Daylight,No,NoIntersection,Normal,Other,6,Tuesday,14,False,False
201800018498,Lethal,Daylight,No,NoIntersection,Normal,Other,8,Saturday,16,True,False
201800032832,NonLethal,TwilightOrDawn,Yes,NoIntersection,LightRain,Other,11,Thursday,7,False,False
201800044118,NonLethal,Daylight,No,NoIntersection,Normal,Other,10,Sunday,19,True,False
201800007753,NonLethal,NightStreelightsOn,Yes,NoIntersection,LightRain,Other,5,Sunday,6,True,True
201800012663,Lethal,Daylight,Yes,NoIntersection,LightRain,Other,6,Thursday,17,False,False
201800037290,NonLethal,Daylight,Yes,NoIntersection,Normal,2Vehicles-Behind,9,Saturday,16,True,False
201800048351,NonLethal,TwilightOrDawn,Yes,NoIntersection,Normal,2Vehicles-Side,6,Wednesday,21,False,False
201800019799,NonLethal,TwilightOrDawn,Yes,NoIntersection,Normal,2Vehicles-Side,11,Tuesday,18,False,False
201800032195,Lethal,Daylight,Yes,NoIntersection,Overcast,Other,5,Wednesday,11,False,False
201800012456,NonLethal,TwilightOrDawn,Yes,NoIntersection,VeryGood,Other,11,Friday,16,False,False
201800009609,NonLethal,Daylight,Yes,NoIntersection,Normal,NoCollision,8,Wednesday,12,False,False
201800056067,NonLethal,Daylight,No,NoIntersection,Normal,2Vehicles-Side,11,Saturday,13,True,False
201800050146,NonLethal,Daylight,No,NoIntersection,Normal,2Vehicles-Side,12,Saturday,12,True,False
201800050410,NonLethal,Daylight,Yes,MoreThan4Branches,Overcast,Other,12,Sunday,13,True,False
201800024905,NonLethal,Daylight,Yes,NoIntersection,Normal,NoCollision,9,Monday,14,False,False
201800017655,NonLethal,TwilightOrDawn,No,NoIntersection,FogOrSmoke,3+Vehicles-Multiple,1,Sunday,9,True,False
201800022662,NonLethal,Daylight,Yes,NoIntersection,SnowOrHail,2Vehicles-BehindVehicles-Frontal,11,Saturday,13,True,False
201800040920,NonLethal,Daylight,Yes,NoIntersection,Normal,2Vehicles-Side,8,Wednesday,20,False,False
201800006826,Lethal,NightNoStreetLight,No,NoIntersection,LightRain,2Vehicles-Behind,11,Saturday,3,True,True
201800043604,NonLethal,Daylight,No,NoIntersection,Normal,2Vehicles-BehindVehicles-Frontal,11,Tuesday,11,False,False
201800042881,NonLethal,TwilightOrDawn,Yes,NoIntersection,Normal,2Vehicles-Behind,6,Wednesday,6,False,True
201800006501,NonLethal,Daylight,No,NoIntersection,Normal,3+Vehicles-Chain,12,Tuesday,9,False,False
201800032958,NonLethal,NightNoStreetLight,No,NoIntersection,Normal,Other,7,Monday,1,False,True
201800007907,NonLethal,Daylight,No,NoIntersection,Normal,Other,8,Saturday,11,True,False
201800042994,NonLethal,Daylight,Yes,Roundabout,Normal,NoCollision,5,Tuesday,13,False,False
201800014577,NonLethal,Daylight,No,NoIntersection,Normal,2Vehicles-Behind,5,Friday,16,False,False
201800055048,NonLethal,NightStreelightsOff,Yes,Square,Normal,Other,6,Friday,2,False,True
201800010820,NonLethal,NightNoStreetLight,No,NoIntersection,FogOrSmoke,Other,10,Saturday,2,True,True
201800023017,NonLethal,Daylight,Yes,NoIntersection,Normal,2Vehicles-Side,4,Wednesday,11,False,False
201800007231,NonLethal,TwilightOrDawn,No,NoIntersection,Normal,2Vehicles-BehindVehicles-Frontal,3,Wednesday,6,False,True
201800012232,NonLethal,Daylight,No,T-type,Normal,2Vehicles-Side,1,Thursday,13,False,False
201800003078,NonLethal,NightNoStreetLight,No,Y-type,Normal,2Vehicles-BehindVehicles-Frontal,1,Sunday,18,True,False
201800023696,NonLethal,Daylight,Yes,T-type,Normal,2Vehicles-Side,3,Sunday,9,True,False
201800004120,NonLethal,Daylight,No,NoIntersection,Normal,2Vehicles-BehindVehicles-Frontal,7,Sunday,9,True,False
201800055058,NonLethal,NightStreelightsOn,Yes,X-type,Normal,2Vehicles-Side,6,Saturday,0,True,True
201800049094,NonLethal,Daylight,No,NoIntersection,Normal,Other,12,Friday,10,False,False
201800015029,NonLethal,Daylight,No,X-type,Normal,2Vehicles-Side,10,Wednesday,14,False,False
201800006398,Lethal,Daylight,Yes,NoIntersection,Normal,Other,12,Thursday,15,False,False
201800026643,NonLethal,NightStreelightsOn,Yes,NoIntersection,Normal,Other,6,Tuesday,4,False,True
201800046413,NonLethal,NightStreelightsOn,No,NoIntersection,LightRain,Other,2,Thursday,2,False,True
201800027034,NonLethal,Daylight,No,Other,Overcast,2Vehicles-Side,12,Monday,13,False,False
201800045129,NonLethal,Daylight,No,NoIntersection,Normal,2Vehicles-Side,8,Tuesday,13,False,False
201800049759,NonLethal,NightNoStreetLight,No,NoIntersection,Normal,2Vehicles-Side,3,Saturday,5,True,True
201800041762,NonLethal,Daylight,Yes,NoIntersection,Normal,Other,8,Monday,11,False,False
201800037178,NonLethal,Daylight,Yes,Other,Normal,Other,10,Friday,16,False,False
201800029670,NonLethal,Daylight,Yes,NoIntersection,Normal,Other,2,Friday,13,False,False
201800026685,NonLethal,NightStreelightsOn,Yes,NoIntersection,Normal,2Vehicles-Behind,9,Friday,22,False,False
201800009476,NonLethal,Daylight,Yes,NoIntersection,Normal,2Vehicles-Side,3,Thursday,14,False,False
201800023238,NonLethal,Daylight,No,NoIntersection,Normal,2Vehicles-Behind,9,Monday,18,False,False
201800036711,NonLethal,NightStreelightsOn,Yes,NoIntersection,Normal,NoCollision,5,Saturday,4,True,True
201800013467,NonLethal,Daylight,Yes,Y-type,Normal,2Vehicles-Side,9,Wednesday,17,False,False
201800005781,NonLethal,Daylight,Yes,NoIntersection,Normal,3+Vehicles-Chain,9,Saturday,15,True,False
201800050845,NonLethal,Daylight,Yes,NoIntersection,LightRain,2Vehicles-Side,3,Saturday,12,True,False
201800010874,NonLethal,Daylight,No,NoIntersection,Normal,NoCollision,9,Sunday,10,True,False
201800029445,NonLethal,Daylight,Yes,T-type,Normal,2Vehicles-Behind,7,Wednesday,15,False,False
201800001082,NonLethal,Daylight,Yes,Square,Normal,2Vehicles-Side,9,Thursday,17,False,False
201800041566,NonLethal,Daylight,Yes,Other,Normal,2Vehicles-Side,4,Thursday,17,False,False
201800039428,NonLethal,NightStreelightsOn,Yes,NoIntersection,Overcast,2Vehicles-Behind,1,Wednesday,21,False,False
201800030934,NonLethal,Daylight,Yes,X-type,Normal,2Vehicles-Side,10,Thursday,16,False,False
201800000605,NonLethal,Daylight,No,NoIntersection,VeryGood,2Vehicles-BehindVehicles-Frontal,6,Tuesday,7,False,False
201800020087,NonLethal,Daylight,No,NoIntersection,Normal,Other,8,Saturday,9,True,False
201800032208,NonLethal,Daylight,No,NoIntersection,Normal,2Vehicles-BehindVehicles-Frontal,5,Sunday,19,True,False
201800032606,NonLethal,TwilightOrDawn,Yes,NoIntersection,Normal,NoCollision,10,Friday,18,False,False
201800039041,NonLethal,Daylight,Yes,Other,Normal,NoCollision,11,Saturday,15,True,False
201800038000,NonLethal,NightStreelightsOn,Yes,Other,Normal,2Vehicles-Side,10,Friday,23,False,False
201800009229,NonLethal,Daylight,Yes,Roundabout,Normal,3+Vehicles-Chain,6,Monday,12,False,False
201800017278,Lethal,NightNoStreetLight,No,NoIntersection,FogOrSmoke,Other,12,Thursday,21,False,False
201800057742,NonLethal,NightStreelightsOn,Yes,NoIntersection,Normal,Other,12,Monday,22,False,False
201800010605,NonLethal,Daylight,Yes,T-type,VeryGood,NoCollision,6,Friday,9,False,False
201800028996,NonLethal,Daylight,Yes,NoIntersection,VeryGood,2Vehicles-Behind,5,Tuesday,17,False,False
201800055262,NonLethal,Daylight,Yes,NoIntersection,Normal,NoCollision,12,Sunday,7,True,False
201800039435,NonLethal,Daylight,Yes,NoIntersection,LightRain,Other,1,Thursday,14,False,False
201800053233,NonLethal,NightStreelightsOn,Yes,Square,Normal,Other,1,Thursday,22,False,False
201800054372,NonLethal,Daylight,Yes,MoreThan4Branches,Normal,2Vehicles-Side,3,Saturday,6,True,True
201800008088,Lethal,NightNoStreetLight,No,NoIntersection,Overcast,2Vehicles-BehindVehicles-Frontal,11,Friday,17,False,False
201800029963,NonLethal,Daylight,Yes,NoIntersection,Normal,2Vehicles-Side,7,Tuesday,15,False,False
201800039750,NonLethal,Daylight,Yes,T-type,Normal,Other,10,Thursday,11,False,False
201800029047,NonLethal,Daylight,Yes,Roundabout,Normal,2Vehicles-Side,2,Friday,15,False,False
201800004051,NonLethal,Daylight,Yes,NoIntersection,VeryGood,2Vehicles-Side,10,Thursday,16,False,False
201800055150,NonLethal,NightStreelightsOff,Yes,NoIntersection,Normal,Other,10,Saturday,18,True,False
201800037494,NonLethal,Daylight,Yes,NoIntersection,Normal,2Vehicles-Side,9,Sunday,13,True,False
201800023458,NonLethal,Daylight,No,NoIntersection,Normal,NoCollision,8,Sunday,18,True,False
201800057111,NonLethal,NightStreelightsOn,Yes,NoIntersection,Normal,2Vehicles-Side,11,Friday,19,False,False
201800005720,NonLethal,TwilightOrDawn,Yes,NoIntersection,Normal,Other,8,Tuesday,6,False,True
201800048281,NonLethal,Daylight,Yes,X-type,Normal,2Vehicles-Behind,5,Tuesday,14,False,False
201800052145,NonLethal,Daylight,Yes,NoIntersection,Normal,2Vehicles-Side,8,Thursday,10,False,False
201800024970,NonLethal,Daylight,Yes,NoIntersection,Normal,Other,10,Wednesday,9,False,False
201800018490,NonLethal,Daylight,Yes,NoIntersection,Normal,Other,3,Monday,13,False,False
201800042924,NonLethal,Daylight,Yes,X-type,Normal,2Vehicles-Side,10,Friday,15,False,False
201800044955,NonLethal,NightNoStreetLight,No,NoIntersection,LightRain,2Vehicles-Behind,7,Friday,1,False,True
201800039702,NonLethal,NightStreelightsOn,Yes,T-type,HeavyRain,2Vehicles-BehindVehicles-Frontal,3,Sunday,2,True,True
201800026353,NonLethal,Daylight,Yes,NoIntersection,Normal,2Vehicles-Side,4,Friday,14,False,False
201800036622,NonLethal,Daylight,Yes,NoIntersection,Normal,3+Vehicles-Multiple,4,Saturday,17,True,False
201800056058,NonLethal,Daylight,No,NoIntersection,Normal,2Vehicles-Behind,11,Sunday,12,True,False
201800023808,NonLethal,Daylight,No,T-type,Normal,2Vehicles-Behind,9,Tuesday,11,False,False
201800014229,NonLethal,Daylight,No,NoIntersection,Normal,2Vehicles-Side,4,Thursday,12,False,False
201800014960,NonLethal,Daylight,No,X-type,Normal,3+Vehicles-Multiple,7,Wednesday,15,False,False
201800023899,NonLethal,Daylight,Yes,Y-type,Normal,Other,4,Tuesday,19,False,False
201800013355,NonLethal,NightStreelightsOn,Yes,NoIntersection,Normal,Other,10,Wednesday,23,False,False
201800021677,NonLethal,NightStreelightsOn,Yes,Other,FogOrSmoke,Other,12,Thursday,18,False,False
201800056337,Lethal,Daylight,No,T-type,Normal,2Vehicles-Side,2,Friday,14,False,False
201800036055,NonLethal,Daylight,Yes,Other,Normal,Other,4,Friday,9,False,False
201800043406,NonLethal,Daylight,Yes,NoIntersection,Normal,2Vehicles-Behind,1,Monday,8,False,False
201800055532,NonLethal,Daylight,Yes,NoIntersection,Normal,Other,7,Friday,6,False,True
201800034937,NonLethal,Daylight,Yes,NoIntersection,Normal,Other,10,Thursday,10,False,False
201800031608,NonLethal,NightStreelightsOn,Yes,X-type,HeavyRain,2Vehicles-Side,1,Thursday,17,False,False
201800029964,NonLethal,Daylight,Yes,NoIntersection,Normal,Other,7,Wednesday,12,False,False
201800012298,NonLethal,Daylight,No,NoIntersection,Normal,NoCollision,3,Thursday,8,False,False
201800031776,NonLethal,Daylight,Yes,NoIntersection,LightRain,2Vehicles-BehindVehicles-Frontal,12,Thursday,20,False,False
201800054106,NonLethal,Daylight,Yes,X-type,Normal,Other,5,Wednesday,15,False,False
201800029050,NonLethal,Daylight,Yes,X-type,SnowOrHail,2Vehicles-Side,3,Saturday,14,True,False
201800049901,NonLethal,Daylight,No,NoIntersection,Normal,NoCollision,6,Friday,12,False,False
201800051428,NonLethal,NightStreelightsOn,Yes,T-type,StrongWindOrStorm,Other,3,Thursday,7,False,False
201800016687,NonLethal,Daylight,No,X-type,Normal,2Vehicles-Side,4,Friday,18,False,False
201800011246,NonLethal,NightNoStreetLight,No,NoIntersection,LightRain,NoCollision,3,Saturday,5,True,True
201800043954,NonLethal,Daylight,No,NoIntersection,Normal,3+Vehicles-Multiple,4,Thursday,13,False,False
201800002117,NonLethal,Daylight,No,NoIntersection,Normal,NoCollision,5,Saturday,17,True,False
201800011149,NonLethal,Daylight,No,NoIntersection,Normal,NoCollision,10,Friday,17,False,False
201800045309,NonLethal,Daylight,No,NoIntersection,Normal,Other,10,Wednesday,10,False,False
201800023926,NonLethal,Daylight,Yes,NoIntersection,Normal,Other,6,Wednesday,19,False,False
201800035667,NonLethal,TwilightOrDawn,No,Other,Normal,2Vehicles-Side,3,Thursday,18,False,False
201800038605,NonLethal,Daylight,Yes,Roundabout,Normal,Other,7,Friday,15,False,False