AccidentId,Gravity,Light,InAgglomeration,IntersectionType,Weather,CollisionType,Month,DayOfWeek,HourOfDay,IsWeekend,IsNight
201800045420,NonLethal,NightNoStreetLight,No,NoIntersection,Normal,2Vehicles-Side,6,Monday,17,False,False
201800012518,NonLethal,Daylight,No,NoIntersection,Normal,NoCollision,10,Monday,13,False,False
201800006467,NonLethal,NightNoStreetLight,No,Other,Normal,2Vehicles-Behind,5,Monday,1,False,True
201800001532,NonLethal,Daylight,No,NoIntersection,Normal,Other,5,Friday,17,False,False
201800040446,NonLethal,Daylight,Yes,X-type,Normal,2Vehicles-Side,10,Thursday,12,False,False
201800037913,NonLethal,Daylight,Yes,NoIntersection,Normal,2Vehicles-Side,5,Sunday,10,True,False
201800050973,NonLethal,Daylight,Yes,X-type,LightRain,2Vehicles-Side,10,Monday,10,False,False
201800053897,NonLethal,NightStreelightsOn,Yes,Y-type,Normal,Other,5,Thursday,21,False,False
201800012330,NonLethal,TwilightOrDawn,Yes,NoIntersection,LightRain,2Vehicles-BehindVehicles-Frontal,12,Sunday,17,True,False
201800009395,NonLethal,Daylight,No,NoIntersection,Normal,Other,7,Wednesday,17,False,False
201800054900,NonLethal,NightStreelightsOn,Yes,X-type,Normal,2Vehicles-Side,1,Friday,18,False,False
201800051282,NonLethal,NightStreelightsOn,Yes,T-type,LightRain,2Vehicles-Side,7,Thursday,17,False,False
201800045212,NonLethal,Daylight,No,NoIntersection,Normal,2Vehicles-Behind,9,Wednesday,18,False,False
201800038799,NonLethal,NightStreelightsOn,Yes,Roundabout,LightRain,2Vehicles-Side,1,Tuesday,22,False,False
201800005613,NonLethal,Daylight,Yes,NoIntersection,Normal,3+Vehicles-Chain,3,Wednesday,7,False,False
201800031546,NonLethal,NightStreelightsOn,Yes,NoIntersection,Normal,2Vehicles-Behind,12,Friday,21,False,False
201800042652,NonLethal,Daylight,Yes,X-type,Normal,2Vehicles-Side,5,Thursday,13,False,False
201800027889,NonLethal,Daylight,Yes,Roundabout,Normal,Other,3,Friday,13,False,False
201800051265,NonLethal,Daylight,Yes,X-type,Normal,NoCollision,11,Saturday,10,True,False
201800025178,NonLethal,Daylight,Yes,Other,HeavyRain,Other,4,Sunday,16,True,False
201800010565,NonLethal,Daylight,Yes,Roundabout,Normal,Other,9,Thursday,17,False,False
201800007762,NonLethal,Daylight,Yes,NoIntersection,Normal,Other,6,Monday,7,False,False
201800002788,NonLethal,Daylight,Yes,NoIntersection,Normal,Other,11,Saturday,15,True,False
201800037096,NonLethal,Daylight,Yes,T-type,VeryGood,2Vehicles-Side,4,Thursday,8,False,False
201800036261,NonLethal,Daylight,Yes,NoIntersection,LightRain,Other,12,Saturday,16,True,False
201800000581,NonLethal,NightNoStreetLight,No,T-type,Normal,2Vehicles-Side,10,Thursday,21,False,False
201800033053,NonLethal,TwilightOrDawn,Yes,NoIntersection,Normal,2Vehicles-Behind,12,Monday,17,False,False
201800037788,NonLethal,Daylight,Yes,X-type,Normal,2Vehicles-Side,7,Wednesday,13,False,False
201800031134,NonLethal,NightNoStreetLight,Yes,NoIntersection,LightRain,Other,10,Sunday,4,True,True
201800054276,NonLethal,NightStreelightsOn,Yes,X-type,LightRain,Other,11,Tuesday,19,False,False
201800027451,NonLethal,Daylight,Yes,NoIntersection,Normal,Other,9,Thursday,17,False,False
201800014224,NonLethal,Daylight,No,Y-type,Overcast,2Vehicles-Side,8,Friday,18,False,False
201800020024,NonLethal,TwilightOrDawn,No,NoIntersection,Normal,2Vehicles-BehindVehicles-Frontal,2,Sunday,8,True,False
201800025703,NonLethal,Daylight,Yes,X-type,Normal,2Vehicles-Side,4,Friday,14,False,False
201800002557,NonLethal,NightNoStreetLight,No,Roundabout,FogOrSmoke,Other,12,Friday,1,False,True
201800056304,NonLethal,Daylight,Yes,NoIntersection,LightRain,2Vehicles-BehindVehicles-Frontal,3,Tuesday,6,False,True
201800038443,NonLethal,Daylight,Yes,NoIntersection,LightRain,2Vehicles-Behind,1,Saturday,14,True,False
201800038348,NonLethal,Daylight,Yes,NoIntersection,Normal,2Vehicles-Side,12,Thursday,11,False,False
201800008560,NonLethal,Daylight,Yes,T-type,Normal,2Vehicles-Side,2,Monday,17,False,False
201800017678,Lethal,NightStreelightsOn,Yes,NoIntersection,Normal,NoCollision,4,Tuesday,3,False,True
201800036380,NonLethal,Daylight,No,X-type,Normal,Other,11,Thursday,16,False,False
201800025012,NonLethal,Daylight,Yes,NoIntersection,Normal,Other,11,Thursday,8,False,False
201800024939,NonLethal,Daylight,Yes,T-type,Normal,2Vehicles-Side,10,Thursday,15,False,False
201800040777,NonLethal,NightStreelightsOn,Yes,NoIntersection,Normal,2Vehicles-Side,7,Tuesday,22,False,False
201800051080,NonLethal,Daylight,Yes,X-type,Normal,Other,5,Saturday,18,True,False
201800046168,NonLethal,NightNoStreetLight,No,NoIntersection,Normal,2Vehicles-Side,10,Thursday,19,False,False
201800038545,NonLethal,Daylight,Yes,NoIntersection,Normal,Other,2,Friday,8,False,False
201800013730,NonLethal,NightNoStreetLight,No,NoIntersection,Normal,Other,12,Saturday,3,True,True
201800022459,NonLethal,Daylight,Yes,NoIntersection,Normal,Other,6,Sunday,13,True,False
201800005637,NonLethal,Daylight,Yes,NoIntersection,LightRain,Other,4,Tuesday,15,False,False
201800017753,NonLethal,Daylight,No,NoIntersection,Normal,Other,4,Thursday,17,False,False
201800004741,NonLethal,Daylight,No,NoIntersection,Normal,2Vehicles-Side,4,Friday,13,False,False
201800054516,NonLethal,NightStreelightsOn,Yes,X-type,Normal,2Vehicles-Side,8,Wednesday,1,False,True
201800023038,NonLethal,Daylight,Yes,NoIntersection,Normal,2Vehicles-Side,4,Monday,19,False,False
201800038183,NonLethal,Daylight,Yes,X-type,Normal,Other,9,Monday,14,False,False
201800041132,NonLethal,Daylight,Yes,NoIntersection,Normal,Other,6,Monday,8,False,False
201800004083,NonLethal,Daylight,No,NoIntersection,Normal,NoCollision,9,Saturday,14,True,False
201800048633,NonLethal,Daylight,Yes,X-type,Normal,Other,9,Thursday,17,False,False
201800045951,NonLethal,Daylight,No,NoIntersection,Normal,2Vehicles-Behind,6,Monday,8,False,False
201800015358,Lethal,NightNoStreetLight,No,NoIntersection,Normal,Other,6,Thursday,3,False,True
201800016053,NonLethal,Daylight,No,NoIntersection,LightRain,Other,6,Wednesday,12,False,False
201800009793,NonLethal,Daylight,Yes,Other,Normal,2Vehicles-Side,9,Tuesday,18,False,False
201800044090,NonLethal,NightStreelightsOff,No,NoIntersection,Normal,2Vehicles-Behind,6,Saturday,2,True,True
201800027927,NonLethal,Daylight,Yes,NoIntersection,Normal,2Vehicles-Behind,1,Monday,15,False,False
201800017901,NonLethal,Daylight,No,NoIntersection,LightRain,Other,4,Tuesday,19,False,False
201800018364,NonLethal,Daylight,No,NoIntersection,HeavyRain,2Vehicles-Side,3,Saturday,16,True,False
201800022384,NonLethal,Daylight,No,NoIntersection,VeryGood,Other,8,Monday,16,False,False
201800028383,NonLethal,Daylight,Yes,T-type,Normal,Other,4,Friday,12,False,False
201800044208,NonLethal,Daylight,No,NoIntersection,Normal,3+Vehicles-Chain,9,Friday,16,False,False
201800028184,NonLethal,Daylight,Yes,Y-type,LightRain,2Vehicles-Side,12,Thursday,8,False,False
201800011192,NonLethal,Daylight,Yes,NoIntersection,Normal,Other,9,Monday,11,False,False
201800037023,NonLethal,Daylight,No,NoIntersection,Normal,2Vehicles-Behind,12,Thursday,11,False,False
201800056804,NonLethal,Daylight,No,NoIntersection,Normal,2Vehicles-BehindVehicles-Frontal,9,Wednesday,17,False,False
201800007972,NonLethal,Daylight,No,NoIntersection,Normal,Other,5,Wednesday,12,False,False
201800035041,NonLethal,TwilightOrDawn,Yes,NoIntersection,Normal,2Vehicles-BehindVehicles-Frontal,4,Saturday,21,True,False
201800031456,Lethal,NightNoStreetLight,No,NoIntersection,Normal,NoCollision,6,Sunday,5,True,True
201800024029,NonLethal,NightStreelightsOn,Yes,X-type,Normal,3+Vehicles-Multiple,10,Sunday,20,True,False
201800030788,NonLethal,Daylight,Yes,NoIntersection,Normal,2Vehicles-Side,4,Thursday,11,False,False
201800034877,NonLethal,Daylight,Yes,NoIntersection,Normal,Other,6,Wednesday,18,False,False
201800050815,NonLethal,Daylight,Yes,T-type,LightRain,2Vehicles-BehindVehicles-Frontal,11,Sunday,9,True,False
201800028438,NonLethal,Daylight,Yes,NoIntersection,Normal,3+Vehicles-Multiple,3,Tuesday,6,False,True
201800041192,NonLethal,NightNoStreetLight,Yes,NoIntersection,Overcast,2Vehicles-Side,1,Wednesday,6,False,True
201800035535,NonLethal,Daylight,Yes,NoIntersection,Normal,Other,5,Sunday,18,True,False
201800049168,NonLethal,NightNoStreetLight,No,NoIntersection,Normal,3+Vehicles-Multiple,10,Saturday,3,True,True
201800024697,NonLethal,Daylight,Yes,T-type,Normal,2Vehicles-Side,3,Friday,15,False,False
201800047237,NonLethal,Daylight,Yes,NoIntersection,Normal,2Vehicles-Side,7,Wednesday,18,False,False
201800026606,NonLethal,Daylight,No,NoIntersection,Normal,2Vehicles-Behind,11,Monday,10,False,False
201800040899,NonLethal,Daylight,Yes,X-type,Normal,2Vehicles-Side,6,Sunday,5,True,True
201800016714,NonLethal,TwilightOrDawn,No,NoIntersection,Normal,2Vehicles-BehindVehicles-Frontal,8,Sunday,7,True,False
201800006067,NonLethal,NightNoStreetLight,No,NoIntersection,Normal,2Vehicles-Side,6,Saturday,6,True,True
201800050127,NonLethal,Daylight,No,NoIntersection,LightRain,Other,11,Thursday,8,False,False
201800046061,NonLethal,Daylight,No,NoIntersection,Normal,3+Vehicles-Chain,2,Friday,17,False,False
201800039907,NonLethal,NightStreelightsOn,Yes,X-type,Normal,2Vehicles-Side,8,Thursday,2,False,True
201800031739,NonLethal,Daylight,Yes,Other,Overcast,2Vehicles-Side,5,Tuesday,12,False,False
201800001571,NonLethal,NightStreelightsOn,Yes,NoIntersection,Normal,Other,6,Friday,22,False,False
201800025835,NonLethal,Daylight,Yes,NoIntersection,Normal,Other,2,Sunday,17,True,False
201800006886,NonLethal,TwilightOrDawn,No,NoIntersection,LightRain,2Vehicles-Behind,7,Tuesday,20,False,False
201800007891,NonLethal,NightNoStreetLight,Yes,NoIntersection,Normal,2Vehicles-BehindVehicles-Frontal,5,Thursday,2,False,True
201800000965,NonLethal,TwilightOrDawn,Yes,NoIntersection,Overcast,NoCollision,3,Sunday,7,True,False
201800004745,NonLethal,TwilightOrDawn,No,NoIntersection,Normal,2Vehicles-Side,10,Saturday,6,True,True
201800040252,NonLethal,Daylight,Yes,X-type,Other,2Vehicles-Behind,4,Thursday,8,False,False
201800031445,NonLethal,Daylight,No,NoIntersection,Normal,Other,6,Friday,18,False,False
201800032836,Lethal,NightNoStreetLight,No,NoIntersection,LightRain,2Vehicles-BehindVehicles-Frontal,11,Saturday,6,True,True
201800042317,NonLethal,Daylight,Yes,NoIntersection,Normal,2Vehicles-Behind,6,Friday,16,False,False
201800047677,NonLethal,Daylight,Yes,NoIntersection,Normal,2Vehicles-Behind,12,Sunday,17,True,False
201800016941,NonLethal,Daylight,Yes,NoIntersection,Normal,Other,6,Friday,11,False,False
201800024589,NonLethal,NightStreelightsOn,No,NoIntersection,Normal,2Vehicles-Behind,1,Thursday,19,False,False
201800050339,NonLethal,Daylight,Yes,NoIntersection,HeavyRain,2Vehicles-Behind,11,Sunday,14,True,False
201800027718,NonLethal,NightStreelightsOn,Yes,X-type,Normal,2Vehicles-Side,4,Wednesday,22,False,False
201800026406,NonLethal,NightStreelightsOn,Yes,X-type,Normal,Other,8,Sunday,22,True,False
201800012722,Lethal,Daylight,No,NoIntersection,Normal,3+Vehicles-Multiple,2,Monday,16,False,False
201800032584,NonLethal,Daylight,Yes,T-type,Normal,Other,10,Thursday,13,False,False
201800014380,NonLethal,Daylight,No,NoIntersection,Normal,2Vehicles-Side,6,Sunday,10,True,False
201800037900,NonLethal,Daylight,Yes,NoIntersection,Normal,2Vehicles-Side,3,Saturday,11,True,False
201800048426,NonLethal,Daylight,Yes,NoIntersection,Normal,Other,7,Thursday,10,False,False
201800031856,NonLethal,Daylight,Yes,NoIntersection,Normal,2Vehicles-Behind,8,Saturday,16,True,False
201800005246,NonLethal,Daylight,Yes,NoIntersection,Normal,2Vehicles-Side,9,Thursday,12,False,False
201800016168,NonLethal,TwilightOrDawn,Yes,X-type,Normal,2Vehicles-BehindVehicles-Frontal,11,Tuesday,17,False,False
201800045734,NonLethal,Daylight,No,NoIntersection,Normal,2Vehicles-Behind,2,Tuesday,9,False,False
201800030104,NonLethal,Daylight,No,NoIntersection,LightRain,2Vehicles-Side,1,Monday,12,False,False
201800013548,NonLethal,Daylight,No,NoIntersection,Normal,Other,4,Tuesday,7,False,False
201800002848,NonLethal,Daylight,Yes,MoreThan4Branches,Normal,2Vehicles-BehindVehicles-Frontal,7,Friday,18,False,False
201800039604,NonLethal,NightStreelightsOn,Yes,NoIntersection,Normal,Other,12,Saturday,18,True,False
201800016327,Lethal,Daylight,Yes,NoIntersection,Normal,Other,3,Tuesday,10,False,False
201800019484,NonLethal,Daylight,No,NoIntersection,Normal,NoCollision,6,Tuesday,12,False,False
201800017719,NonLethal,Daylight,No,NoIntersection,Normal,2Vehicles-BehindVehicles-Frontal,12,Saturday,16,True,False
201800003168,NonLethal,Daylight,No,NoIntersection,LightRain,Other,3,Saturday,18,True,False
201800016052,Lethal,Daylight,No,NoIntersection,Normal,NoCollision,4,Sunday,8,True,False
201800054361,NonLethal,NightStreelightsOn,Yes,Square,Normal,2Vehicles-Side,3,Monday,20,False,False
201800050742,NonLethal,Daylight,Yes,X-type,Normal,Other,10,Thursday,14,False,False
201800000553,NonLethal,Daylight,No,X-type,VeryGood,2Vehicles-Side,7,Friday,9,False,False
201800053191,NonLethal,Daylight,Yes,Square,Normal,2Vehicles-Side,11,Monday,11,False,False
201800021003,NonLethal,Daylight,Yes,NoIntersection,Normal,Other,6,Saturday,15,True,False
201800047361,NonLethal,Daylight,Yes,NoIntersection,Normal,NoCollision,4,Monday,9,False,False
201800004205,NonLethal,TwilightOrDawn,Yes,Roundabout,Normal,Other,12,Monday,17,False,False
201800036956,NonLethal,TwilightOrDawn,Yes,Roundabout,Normal,Other,11,Thursday,19,False,False
201800041204,NonLethal,Daylight,Yes,NoIntersection,Normal,Other,12,Monday,13,False,False
201800010673,NonLethal,Daylight,Yes,NoIntersection,Normal,Other,7,Monday,17,False,False
201800029764,NonLethal,Daylight,Yes,NoIntersection,Normal,Other,4,Tuesday,13,False,False
201800002293,NonLethal,Daylight,No,NoIntersection,Normal,Other,4,Sunday,19,True,False
201800023679,NonLethal,Daylight,No,X-type,VeryGood,2Vehicles-Side,7,Tuesday,17,False,False
201800010468,NonLethal,TwilightOrDawn,No,Roundabout,Normal,Other,6,Saturday,21,True,False
201800046406,NonLethal,NightNoStreetLight,No,NoIntersection,HeavyRain,3+Vehicles-Chain,2,Sunday,0,True,True
201800024975,NonLethal,Daylight,Yes,X-type,Normal,Other,10,Friday,8,False,False
201800043558,NonLethal,Daylight,Yes,NoIntersection,Normal,Other,6,Wednesday,18,False,False
201800045807,NonLethal,NightNoStreetLight,No,NoIntersection,Normal,2Vehicles-Behind,4,Sunday,19,True,False
201800037938,NonLethal,Daylight,Yes,X-type,Normal,3+Vehicles-Multiple,12,Friday,20,False,False
201800027522,NonLethal,Daylight,Yes,Roundabout,Normal,2Vehicles-Side,9,Tuesday,8,False,False
201800036997,NonLethal,Daylight,Yes,NoIntersection,Normal,3+Vehicles-Multiple,10,Sunday,10,True,False
201800034066,NonLethal,NightStreelightsOn,Yes,NoIntersection,Normal,2Vehicles-BehindVehicles-Frontal,9,Monday,21,False,False
201800046359,NonLethal,NightNoStreetLight,No,NoIntersection,Normal,2Vehicles-Side,1,Wednesday,19,False,False
201800002574,NonLethal,Daylight,No,NoIntersection,Normal,NoCollision,9,Thursday,19,False,False
201800015024,NonLethal,NightStreelightsOn,Yes,X-type,HeavyRain,2Vehicles-BehindVehicles-Frontal,12,Friday,21,False,False
201800039827,NonLethal,NightStreelightsOn,Yes,X-type,Normal,2Vehicles-Side,11,Friday,3,False,True
201800027333,NonLethal,Daylight,Yes,NoIntersection,LightRain,2Vehicles-Side,12,Thursday,19,False,False
201800041859,NonLethal,Daylight,Yes,NoIntersection,Normal,2Vehicles-Side,5,Thursday,11,False,False
201800024736,NonLethal,Daylight,Yes,NoIntersection,Normal,2Vehicles-Side,12,Tuesday,18,False,False
201800038705,NonLethal,NightStreelightsOn,Yes,NoIntersection,Normal,3+Vehicles-Chain,7,Friday,1,False,True
201800022937,NonLethal,Daylight,Yes,T-type,Normal,2Vehicles-Side,2,Friday,17,False,False
201800033474,NonLethal,Daylight,No,NoIntersection,Normal,NoCollision,5,Saturday,17,True,False
201800043534,NonLethal,Daylight,Yes,NoIntersection,Normal,Other,3,Wednesday,12,False,False
201800049151,NonLethal,Daylight,No,NoIntersection,Normal,3+Vehicles-Chain,12,Thursday,8,False,False
201800008943,NonLethal,Daylight,Yes,NoIntersection,Normal,Other,1,Friday,14,False,False
201800012671,NonLethal,Daylight,No,NoIntersection,HeavyRain,NoCollision,1,Monday,12,False,False
201800018808,NonLethal,Daylight,No,Y-type,LightRain,2Vehicles-BehindVehicles-Frontal,9,Sunday,12,True,False
201800052986,NonLethal,Daylight,Yes,X-type,Normal,2Vehicles-Side,4,Friday,19,False,False
201800038216,NonLethal,Daylight,Yes,NoIntersection,Normal,2Vehicles-Side,7,Thursday,18,False,False
201800010102,NonLethal,Daylight,Yes,NoIntersection,Normal,2Vehicles-Side,11,Thursday,9,False,False
201800043222,NonLethal,NightStreelightsOn,Yes,X-type,HeavyRain,2Vehicles-Side,5,Tuesday,23,False,False
201800018316,NonLethal,NightNoStreetLight,No,T-type,Normal,2Vehicles-Side,11,Thursday,17,False,False
201800005808,NonLethal,Daylight,Yes,NoIntersection,Normal,2Vehicles-Behind,9,Saturday,18,True,False
201800013807,NonLethal,Daylight,No,NoIntersection,Normal,2Vehicles-Behind,11,Monday,8,False,False
201800056537,NonLethal,Daylight,Yes,T-type,VeryGood,2Vehicles-Side,12,Friday,15,False,False
201800043259,NonLethal,NightNoStreetLight,Yes,T-type,Normal,2Vehicles-Side,9,Friday,20,False,False
201800016960,Lethal,Daylight,No,NoIntersection,Normal,Other,6,Friday,20,False,False
201800031052,NonLethal,Daylight,Yes,NoIntersection,Normal,2Vehicles-BehindVehicles-Frontal,9,Monday,18,False,False
201800049210,NonLethal,NightNoStreetLight,No,NoIntersection,Normal,2Vehicles-Behind,9,Sunday,5,True,True
201800023231,NonLethal,Daylight,Yes,NoIntersection,Normal,2Vehicles-Side,9,Friday,10,False,False
201800028331,NonLethal,Daylight,Yes,NoIntersection,Normal,3+Vehicles-Chain,2,Tuesday,11,False,False
201800044099,NonLethal,Daylight,No,NoIntersection,Normal,2Vehicles-Behind,4,Saturday,14,True,False
201800005486,NonLethal,NightStreelightsOn,Yes,NoIntersection,Normal,NoCollision,11,Tuesday,18,False,False
201800031510,NonLethal,Daylight,No,NoIntersection,Normal,NoCollision,7,Saturday,6,True,True
201800025446,NonLethal,TwilightOrDawn,Yes,NoIntersection,Normal,2Vehicles-Side,8,Friday,21,False,False
201800013900,NonLethal,Daylight,Yes,NoIntersection,Normal,Other,7,Wednesday,9,False,False
201800004425,NonLethal,NightStreelightsOn,Yes,T-type,SnowOrHail,Other,1,Tuesday,6,False,True
201800007122,NonLethal,Daylight,No,NoIntersection,Normal,NoCollision,3,Saturday,12,True,False
201800038701,NonLethal,NightStreelightsOn,Yes,NoIntersection,Normal,Other,5,Wednesday,3,False,True
201800046323,NonLethal,NightNoStreetLight,No,NoIntersection,LightRain,2Vehicles-BehindVehicles-Frontal,12,Monday,1,False,True
201800018367,NonLethal,Daylight,Yes,NoIntersection,Normal,2Vehicles-BehindVehicles-Frontal,7,Friday,18,False,False
201800020424,NonLethal,NightStreelightsOn,Yes,NoIntersection,Normal,Other,11,Tuesday,18,False,False
201800014565,NonLethal,Daylight,No,NoIntersection,Normal,Other,4,Sunday,15,True,False
201800032233,NonLethal,TwilightOrDawn,No,NoIntersection,Normal,2Vehicles-Side,12,Sunday,19,True,False
201800052659,NonLethal,Daylight,Yes,Y-type,Normal,Other,2,Thursday,10,False,False
201800052716,NonLethal,Daylight,Yes,NoIntersection,Normal,Other,4,Monday,9,False,False
201800026981,NonLethal,Daylight,Yes,NoIntersection,Normal,2Vehicles-Behind,11,Saturday,15,True,False
201800033040,NonLethal,Daylight,Yes,NoIntersection,Normal,2Vehicles-Behind,12,Monday,14,False,False
201800016836,NonLethal,Daylight,No,T-type,Normal,2Vehicles-Side,12,Friday,15,False,False
201800052862,NonLethal,NightStreelightsOn,No,NoIntersection,Normal,2Vehicles-Behind,1,Thursday,18,False,False
201800003729,NonLethal,Daylight,No,NoIntersection,Normal,NoCollision,2,Friday,11,False,False
201800051681,NonLethal,Daylight,Yes,T-type,Normal,2Vehicles-Behind,3,Thursday,10,False,False
201800037659,NonLethal,TwilightOrDawn,Yes,T-type,LightRain,2Vehicles-Side,7,Thursday,16,False,False
201800044659,NonLethal,Daylight,No,NoIntersection,Normal,NoCollision,6,Sunday,13,True,False
201800022548,NonLethal,NightStreelightsOn,Yes,NoIntersection,Normal,Other,1,Saturday,20,True,False
201800005880,NonLethal,Daylight,Yes,X-type,Normal,2Vehicles-Side,12,Saturday,14,True,False
201800039649,NonLethal,NightStreelightsOn,Yes,NoIntersection,Normal,NoCollision,9,Saturday,21,True,False
201800032607,NonLethal,Daylight,Yes,NoIntersection,Normal,2Vehicles-Side,10,Friday,18,False,False
201800035785,NonLethal,Daylight,Yes,Roundabout,Normal,2Vehicles-Side,5,Wednesday,15,False,False
201800031063,NonLethal,NightStreelightsOn,Yes,NoIntersection,Normal,2Vehicles-Side,9,Saturday,22,True,False
201800003231,NonLethal,NightNoStreetLight,No,NoIntersection,Normal,Other,9,Sunday,5,True,True
201800053850,NonLethal,Daylight,Yes,Y-type,Normal,2Vehicles-Side,8,Wednesday,15,False,False
201800006206,NonLethal,Daylight,No,NoIntersection,Normal,2Vehicles-Behind,9,Sunday,9,True,False
201800031905,NonLethal,Daylight,Yes,NoIntersection,Normal,Other,9,Wednesday,11,False,False
201800003469,Lethal,NightNoStreetLight,No,Other,Normal,2Vehicles-Side,3,Monday,3,False,True
201800033153,NonLethal,Daylight,Yes,NoIntersection,Normal,3+Vehicles-Chain,9,Monday,12,False,False
201800052691,NonLethal,Daylight,Yes,X-type,Normal,Other,3,Friday,17,False,False
201800026884,NonLethal,Daylight,Yes,Other,Normal,2Vehicles-Side,7,Tuesday,21,False,False
201800056744,NonLethal,Daylight,Yes,Roundabout,HeavyRain,NoCollision,10,Sunday,15,True,False
201800040134,NonLethal,Daylight,Yes,T-type,Normal,Other,10,Monday,12,False,False
201800024045,NonLethal,NightStreelightsOn,Yes,T-type,Normal,Other,11,Monday,18,False,False
201800055516,NonLethal,Daylight,Yes,NoIntersection,Normal,3+Vehicles-Multiple,7,Friday,10,False,False
201800047457,NonLethal,Daylight,Yes,NoIntersection,Normal,Other,4,Thursday,11,False,False
201800009956,NonLethal,Daylight,Yes,Other,Normal,2Vehicles-Behind,10,Sunday,16,True,False
201800038424,NonLethal,Daylight,Yes,T-type,Normal,2Vehicles-Side,3,Saturday,16,True,False
201800031772,NonLethal,Daylight,Yes,NoIntersection,Normal,Other,6,Sunday,13,True,False
201800005817,NonLethal,Daylight,Yes,NoIntersection,Normal,2Vehicles-Behind,10,Monday,14,False,False
201800007351,NonLethal,Daylight,Yes,NoIntersection,Normal,Other,6,Monday,12,False,False
201800054395,NonLethal,TwilightOrDawn,Yes,T-type,Overcast,Other,4,Saturday,7,True,False
201800028233,NonLethal,Daylight,Yes,NoIntersection,Normal,2Vehicles-Side,5,Thursday,17,False,False
201800016103,NonLethal,Daylight,No,T-type,Normal,2Vehicles-Side,8,Friday,17,False,False
201800019757,NonLethal,Daylight,Yes,T-type,Normal,2Vehicles-Side,11,Saturday,17,True,False
201800003300,NonLethal,NightNoStreetLight,Yes,NoIntersection,LightRain,2Vehicles-BehindVehicles-Frontal,12,Friday,19,False,False
201800018328,NonLethal,TwilightOrDawn,No,T-type,Normal,2Vehicles-Side,8,Saturday,6,True,True
201800024048,NonLethal,TwilightOrDawn,Yes,T-type,LightRain,3+Vehicles-Multiple,11,Friday,17,False,False
201800038024,NonLethal,NightStreelightsOn,Yes,NoIntersection,Normal,2Vehicles-Behind,4,Saturday,21,True,False
201800019399,NonLethal,TwilightOrDawn,No,Roundabout,Normal,Other,11,Thursday,7,False,False
201800050598,NonLethal,Daylight,Yes,Square,Normal,Other,7,Monday,16,False,False
201800057247,NonLethal,NightNoStreetLight,No,NoIntersection,Normal,Other,5,Thursday,19,False,False
201800005093,NonLethal,Daylight,Yes,NoIntersection,LightRain,3+Vehicles-Multiple,11,Friday,8,False,False
201800048688,NonLethal,Daylight,Yes,NoIntersection,LightRain,2Vehicles-BehindVehicles-Frontal,11,Monday,8,False,False
201800044595,NonLethal,NightNoStreetLight,No,NoIntersection,LightRain,Other,4,Monday,3,False,True
201800040064,NonLethal,Daylight,Yes,NoIntersection,Normal,Other,10,Tuesday,14,False,False
201800025786,NonLethal,Daylight,Yes,NoIntersection,Normal,Other,3,Wednesday,7,False,False
201800016189,NonLethal,Daylight,Yes,T-type,Normal,2Vehicles-Behind,10,Sunday,11,True,False
201800027096,NonLethal,Daylight,No,NoIntersection,Normal,Other,8,Saturday,12,True,False
201800057447,NonLethal,Daylight,No,Other,Normal,Other,4,Thursday,15,False,False
201800025597,NonLethal,Daylight,No,NoIntersection,LightRain,2Vehicles-Behind,12,Tuesday,8,False,False
201800017016,Lethal,Daylight,No,NoIntersection,Overcast,2Vehicles-BehindVehicles-Frontal,11,Tuesday,12,False,False
201800021644,NonLethal,Daylight,Yes,Other,Normal,2Vehicles-Side,6,Thursday,7,False,False
201800042728,Lethal,NightStreelightsOn,Yes,X-type,Normal,Other,7,Sunday,17,True,False
201800008777,NonLethal,Daylight,Yes,NoIntersection,Normal,2Vehicles-Side,2,Sunday,9,True,False
201800002314,NonLethal,Daylight,Yes,NoIntersection,Normal,NoCollision,6,Saturday,18,True,False
201800002510,NonLethal,Daylight,No,NoIntersection,Normal,NoCollision,4,Saturday,11,True,False
201800033500,NonLethal,Daylight,Yes,NoIntersection,Normal,Other,7,Tuesday,14,False,False
201800024658,NonLethal,NightStreelightsOn,Yes,NoIntersection,Overcast,NoCollision,2,Monday,22,False,False
201800052861,NonLethal,Daylight,Yes,NoIntersection,LightRain,Other,10,Wednesday,16,False,False
201800018329,NonLethal,Daylight,Yes,NoIntersection,Normal,2Vehicles-BehindVehicles-Frontal,9,Monday,11,False,False
201800057610,NonLethal,Daylight,Yes,NoIntersection,Normal,Other,5,Thursday,13,False,False
201800026655,NonLethal,Daylight,Yes,Other,Normal,2Vehicles-Side,6,Wednesday,12,False,False
201800029036,NonLethal,NightNoStreetLight,No,NoIntersection,LightRain,2Vehicles-BehindVehicles-Frontal,12,Sunday,19,True,False
201800038244,NonLethal,Daylight,Yes,NoIntersection,Normal,Other,11,Thursday,8,False,False
201800031747,NonLethal,Daylight,Yes,T-type,Normal,2Vehicles-Side,5,Wednesday,10,False,False
201800002298,NonLethal,NightNoStreetLight,No,NoIntersection,LightRain,Other,12,Sunday,4,True,True
201800007256,NonLethal,Daylight,No,NoIntersection,Normal,2Vehicles-Behind,4,Saturday,14,True,False
201800027280,NonLethal,NightNoStreetLight,No,NoIntersection,Normal,2Vehicles-Side,5,Tuesday,4,False,True