AccidentId,Gravity,Light,InAgglomeration,IntersectionType,Weather,CollisionType,Month,DayOfWeek,HourOfDay,IsWeekend,IsNight
201800055854,NonLethal,NightNoStreetLight,No,T-type,LightRain,Other,12,Wednesday,20,False,False
201800004798,NonLethal,Daylight,Yes,T-type,Normal,2Vehicles-Behind,6,Thursday,15,False,False
201800006696,NonLethal,Daylight,No,NoIntersection,Normal,3+Vehicles-Chain,1,Friday,8,False,False
201800053497,NonLethal,Daylight,Yes,Square,Normal,2Vehicles-Side,3,Friday,16,False,False
201800002789,NonLethal,Daylight,Yes,NoIntersection,Normal,Other,2,Monday,16,False,False
201800027820,NonLethal,Daylight,Yes,Roundabout,StrongWindOrStorm,Other,9,Wednesday,10,False,False
201800012252,NonLethal,Daylight,Yes,NoIntersection,Normal,2Vehicles-Behind,10,Thursday,12,False,False
201800040402,NonLethal,Daylight,Yes,NoIntersection,Normal,Other,11,Friday,12,False,False
201800045668,NonLethal,Daylight,No,NoIntersection,Overcast,Other,1,Tuesday,15,False,False
201800056843,Lethal,TwilightOrDawn,Yes,NoIntersection,Normal,2Vehicles-Behind,6,Sunday,5,True,True
201800050473,NonLethal,Daylight,Yes,X-type,Normal,Other,8,Wednesday,14,False,False
201800022197,NonLethal,Daylight,Yes,NoIntersection,LightRain,NoCollision,6,Thursday,12,False,False
201800021017,NonLethal,Daylight,Yes,Roundabout,Normal,2Vehicles-Behind,7,Tuesday,16,False,False
201800006464,NonLethal,Daylight,No,NoIntersection,Normal,Other,6,Sunday,10,True,False
201800004005,NonLethal,Daylight,No,T-type,LightRain,2Vehicles-Side,1,Saturday,13,True,False
201800054511,NonLethal,Daylight,Yes,NoIntersection,Normal,Other,8,Friday,15,False,False
201800005415,NonLethal,Daylight,Yes,Other,Other,Other,6,Thursday,8,False,False
201800012117,NonLethal,NightNoStreetLight,No,T-type,HeavyRain,2Vehicles-Side,1,Thursday,19,False,False
201800048143,NonLethal,Daylight,Yes,NoIntersection,Normal,Other,3,Wednesday,11,False,False
201800055539,NonLethal,Daylight,Yes,Y-type,Normal,Other,7,Monday,14,False,False
201800002226,NonLethal,Daylight,Yes,T-type,Normal,2Vehicles-Side,6,Wednesday,18,False,False
201800043572,NonLethal,NightStreelightsOn,Yes,NoIntersection,Normal,2Vehicles-Behind,7,Sunday,0,True,True
201800007292,NonLethal,Daylight,Yes,NoIntersection,Normal,Other,2,Wednesday,18,False,False
201800009131,NonLethal,Daylight,Yes,NoIntersection,Normal,Other,6,Wednesday,15,False,False
201800015448,NonLethal,Daylight,No,NoIntersection,VeryGood,2Vehicles-BehindVehicles-Frontal,9,Thursday,8,False,False
201800033820,NonLethal,TwilightOrDawn,No,X-type,Normal,2Vehicles-Side,7,Sunday,6,True,True
201800034420,NonLethal,NightStreelightsOn,Yes,NoIntersection,LightRain,NoCollision,1,Monday,7,False,False
201800052170,NonLethal,Daylight,Yes,Square,Normal,2Vehicles-Side,9,Tuesday,8,False,False
201800038053,NonLethal,TwilightOrDawn,Yes,Y-type,Normal,3+Vehicles-Chain,8,Saturday,17,True,False
201800033573,NonLethal,NightNoStreetLight,Yes,NoIntersection,LightRain,Other,11,Tuesday,18,False,False
201800046387,NonLethal,Daylight,No,NoIntersection,LightRain,3+Vehicles-Chain,1,Tuesday,12,False,False
201800036311,NonLethal,Daylight,Yes,NoIntersection,Normal,NoCollision,9,Saturday,10,True,False
201800036523,NonLethal,Daylight,Yes,NoIntersection,Normal,Other,12,Thursday,10,False,False
201800051138,NonLethal,NightStreelightsOn,Yes,NoIntersection,Normal,2Vehicles-Behind,7,Thursday,2,False,True
201800043628,NonLethal,Daylight,Yes,T-type,Normal,2Vehicles-Side,1,Friday,7,False,False
201800008768,NonLethal,Daylight,Yes,NoIntersection,Normal,Other,3,Saturday,16,True,False
201800037575,NonLethal,Daylight,Yes,NoIntersection,SnowOrHail,Other,3,Monday,9,False,False
201800017725,NonLethal,NightNoStreetLight,No,NoIntersection,Normal,Other,9,Sunday,1,True,True
201800053319,NonLethal,NightStreelightsOn,Yes,X-type,Normal,2Vehicles-Behind,4,Wednesday,22,False,False
201800024074,NonLethal,Daylight,Yes,X-type,LightRain,3+Vehicles-Multiple,12,Thursday,12,False,False
201800035438,NonLethal,TwilightOrDawn,Yes,NoIntersection,Normal,2Vehicles-Behind,5,Sunday,19,True,False
201800034692,NonLethal,Daylight,Yes,Other,Normal,Other,6,Monday,10,False,False
201800028706,NonLethal,Daylight,No,NoIntersection,Normal,3+Vehicles-Chain,6,Monday,17,False,False
201800052536,NonLethal,Daylight,Yes,X-type,LightRain,Other,9,Sunday,11,True,False
201800017780,NonLethal,Daylight,Yes,Square,Normal,Other,4,Wednesday,9,False,False
201800031755,NonLethal,Daylight,Yes,T-type,Normal,2Vehicles-BehindVehicles-Frontal,5,Saturday,16,True,False
201800055219,NonLethal,Daylight,Yes,NoIntersection,Normal,2Vehicles-Side,1,Wednesday,10,False,False
201800039334,NonLethal,Daylight,Yes,NoIntersection,Normal,Other,12,Wednesday,14,False,False
201800020872,NonLethal,Daylight,No,Roundabout,Normal,NoCollision,6,Saturday,13,True,False
201800055374,NonLethal,Daylight,Yes,NoIntersection,Normal,2Vehicles-Behind,5,Saturday,11,True,False
201800038708,NonLethal,Daylight,Yes,NoIntersection,Normal,2Vehicles-Behind,7,Tuesday,14,False,False
201800011391,NonLethal,Daylight,No,NoIntersection,VeryGood,Other,5,Friday,16,False,False
201800025095,NonLethal,NightStreelightsOn,Yes,X-type,Normal,2Vehicles-Side,12,Sunday,19,True,False
201800004976,NonLethal,Daylight,Yes,NoIntersection,Normal,Other,10,Wednesday,10,False,False
201800027356,NonLethal,Daylight,Yes,NoIntersection,Normal,2Vehicles-Side,6,Tuesday,16,False,False
201800041360,NonLethal,NightStreelightsOn,Yes,T-type,Normal,2Vehicles-Side,10,Tuesday,19,False,False
201800026898,NonLethal,Daylight,Yes,NoIntersection,Normal,3+Vehicles-Chain,8,Monday,16,False,False
201800042083,NonLethal,NightStreelightsOn,Yes,Roundabout,Normal,2Vehicles-Behind,4,Tuesday,22,False,False
201800012025,NonLethal,NightStreelightsOn,Yes,T-type,Normal,2Vehicles-Side,2,Friday,19,False,False
201800035477,NonLethal,TwilightOrDawn,Yes,X-type,VeryGood,Other,4,Tuesday,8,False,False
201800053031,NonLethal,Daylight,Yes,NoIntersection,Normal,2Vehicles-Side,5,Thursday,19,False,False
201800032183,NonLethal,Daylight,Yes,X-type,Normal,2Vehicles-BehindVehicles-Frontal,4,Wednesday,15,False,False
201800051180,NonLethal,Daylight,Yes,NoIntersection,LightRain,Other,4,Monday,13,False,False
201800004710,NonLethal,Daylight,No,NoIntersection,Normal,2Vehicles-BehindVehicles-Frontal,5,Wednesday,19,False,False
201800000451,NonLethal,NightNoStreetLight,No,NoIntersection,Overcast,NoCollision,10,Saturday,19,True,False
201800050536,NonLethal,Daylight,Yes,NoIntersection,Overcast,Other,3,Friday,15,False,False
201800004501,NonLethal,NightNoStreetLight,Yes,T-type,Normal,2Vehicles-Side,8,Friday,23,False,False
201800034708,NonLethal,Daylight,No,X-type,LightRain,2Vehicles-Side,12,Saturday,16,True,False
201800034833,NonLethal,Daylight,Yes,NoIntersection,Normal,2Vehicles-Side,1,Sunday,18,True,False
201800007464,NonLethal,Daylight,Yes,T-type,Normal,2Vehicles-Side,11,Wednesday,12,False,False
201800048103,NonLethal,Daylight,Yes,X-type,Normal,2Vehicles-Side,2,Saturday,16,True,False
201800040644,NonLethal,Daylight,Yes,NoIntersection,Normal,NoCollision,1,Tuesday,9,False,False
201800032829,NonLethal,TwilightOrDawn,No,NoIntersection,Normal,2Vehicles-BehindVehicles-Frontal,10,Friday,6,False,True
201800015862,NonLethal,NightNoStreetLight,No,NoIntersection,Normal,2Vehicles-BehindVehicles-Frontal,6,Friday,1,False,True
201800039991,NonLethal,Daylight,Yes,T-type,Normal,2Vehicles-Side,11,Thursday,11,False,False
201800044274,NonLethal,NightStreelightsOn,No,NoIntersection,Normal,3+Vehicles-Chain,2,Saturday,6,True,True
201800011115,Lethal,Daylight,No,NoIntersection,Normal,2Vehicles-BehindVehicles-Frontal,3,Monday,17,False,False
201800021600,NonLethal,TwilightOrDawn,Yes,NoIntersection,Normal,NoCollision,7,Saturday,20,True,False
201800029879,Lethal,Daylight,Yes,T-type,Normal,Other,4,Friday,19,False,False
201800000953,NonLethal,Daylight,No,NoIntersection,Normal,2Vehicles-Side,10,Monday,11,False,False
201800035604,NonLethal,Daylight,Yes,Other,Normal,Other,9,Wednesday,9,False,False
201800016509,NonLethal,NightStreelightsOn,Yes,NoIntersection,LightRain,Other,1,Thursday,18,False,False
201800033162,NonLethal,Daylight,No,NoIntersection,Normal,3+Vehicles-Chain,9,Saturday,15,True,False
201800000391,NonLethal,Daylight,No,NoIntersection,Normal,Other,11,Friday,10,False,False
201800030116,NonLethal,Daylight,Yes,X-type,Normal,2Vehicles-Side,8,Saturday,18,True,False
201800002377,NonLethal,NightStreelightsOn,Yes,NoIntersection,Normal,2Vehicles-Side,8,Wednesday,23,False,False
201800053811,NonLethal,Daylight,Yes,T-type,Normal,Other,6,Tuesday,17,False,False
201800017053,NonLethal,Daylight,Yes,NoIntersection,Normal,Other,4,Tuesday,8,False,False
201800002627,NonLethal,NightNoStreetLight,No,Y-type,FogOrSmoke,2Vehicles-Side,11,Friday,18,False,False
201800056739,NonLethal,Daylight,Yes,T-type,Normal,Other,10,Friday,12,False,False
201800038332,NonLethal,NightStreelightsOn,Yes,X-type,Normal,Other,10,Thursday,20,False,False
201800034859,NonLethal,Daylight,Yes,X-type,Normal,2Vehicles-Side,5,Saturday,15,True,False
201800002660,NonLethal,NightStreelightsOn,Yes,T-type,Normal,NoCollision,11,Sunday,18,True,False
201800007208,Lethal,Daylight,No,Other,Normal,3+Vehicles-Multiple,12,Tuesday,7,False,False
201800018065,NonLethal,NightNoStreetLight,Yes,NoIntersection,Normal,NoCollision,6,Friday,3,False,True
201800040653,NonLethal,Daylight,Yes,NoIntersection,Normal,2Vehicles-Side,3,Saturday,9,True,False
201800017498,NonLethal,Daylight,No,NoIntersection,Normal,2Vehicles-Behind,10,Friday,15,False,False
201800029633,NonLethal,NightStreelightsOn,Yes,NoIntersection,Normal,2Vehicles-Behind,11,Sunday,17,True,False
201800042983,NonLethal,NightStreelightsOn,Yes,NoIntersection,Normal,2Vehicles-Behind,4,Friday,20,False,False
201800008588,NonLethal,NightStreelightsOn,Yes,NoIntersection,Normal,Other,2,Friday,21,False,False
201800039896,NonLethal,TwilightOrDawn,Yes,X-type,VeryGood,2Vehicles-Side,6,Wednesday,20,False,False
201800022996,NonLethal,Daylight,Yes,NoIntersection,LightRain,2Vehicles-Behind,3,Saturday,11,True,False
201800031455,NonLethal,Daylight,No,T-type,Normal,2Vehicles-Side,9,Tuesday,14,False,False
201800023396,NonLethal,Daylight,Yes,T-type,Normal,2Vehicles-Side,11,Monday,8,False,False
201800048039,NonLethal,NightStreelightsOn,Yes,NoIntersection,Other,2Vehicles-Side,1,Friday,22,False,False
201800030917,NonLethal,Daylight,Yes,NoIntersection,Normal,2Vehicles-BehindVehicles-Frontal,10,Tuesday,14,False,False
201800018263,NonLethal,Daylight,No,NoIntersection,Normal,NoCollision,1,Tuesday,12,False,False
201800016544,NonLethal,Daylight,Yes,Other,LightRain,2Vehicles-Side,5,Wednesday,10,False,False
201800031638,NonLethal,NightStreelightsOn,Yes,NoIntersection,Normal,3+Vehicles-Multiple,1,Thursday,21,False,False
201800055188,NonLethal,NightStreelightsOn,Yes,NoIntersection,Normal,3+Vehicles-Chain,11,Monday,17,False,False
201800019000,NonLethal,Daylight,No,NoIntersection,Normal,2Vehicles-BehindVehicles-Frontal,8,Tuesday,16,False,False
201800005622,NonLethal,Daylight,Yes,NoIntersection,Normal,Other,3,Wednesday,12,False,False
201800013481,NonLethal,NightNoStreetLight,No,T-type,Normal,2Vehicles-Side,9,Saturday,20,True,False
201800002319,NonLethal,Daylight,No,NoIntersection,VeryGood,2Vehicles-Behind,11,Monday,16,False,False
201800023948,NonLethal,Daylight,Yes,X-type,Normal,3+Vehicles-Chain,7,Monday,11,False,False
201800048419,NonLethal,Daylight,Yes,NoIntersection,Normal,Other,7,Sunday,6,True,True
201800028451,NonLethal,Daylight,Yes,X-type,Normal,2Vehicles-Side,6,Saturday,17,True,False
201800007580,NonLethal,NightStreelightsOn,Yes,NoIntersection,HeavyRain,Other,2,Tuesday,1,False,True
201800046025,NonLethal,NightNoStreetLight,No,NoIntersection,Normal,Other,4,Sunday,2,True,True
201800024554,NonLethal,NightNoStreetLight,No,NoIntersection,LightRain,2Vehicles-BehindVehicles-Frontal,2,Tuesday,21,False,False
201800042638,NonLethal,NightStreelightsOn,Yes,NoIntersection,Normal,Other,12,Saturday,1,True,True
201800040092,NonLethal,Daylight,Yes,NoIntersection,LightRain,Other,4,Monday,13,False,False
201800046889,NonLethal,Daylight,No,NoIntersection,Normal,2Vehicles-Behind,9,Friday,17,False,False
201800034468,NonLethal,Daylight,No,NoIntersection,Normal,2Vehicles-Behind,2,Wednesday,14,False,False
201800039708,NonLethal,NightStreelightsOff,Yes,NoIntersection,Normal,2Vehicles-Behind,4,Friday,21,False,False
201800032348,NonLethal,Daylight,Yes,T-type,Normal,Other,1,Friday,14,False,False
201800039081,NonLethal,Daylight,Yes,NoIntersection,VeryGood,2Vehicles-Side,3,Wednesday,20,False,False
201800025531,NonLethal,Daylight,Yes,NoIntersection,Normal,3+Vehicles-Chain,10,Tuesday,18,False,False
201800046578,NonLethal,Daylight,No,NoIntersection,Normal,2Vehicles-Side,9,Wednesday,9,False,False
201800033310,NonLethal,NightStreelightsOn,Yes,Y-type,Normal,NoCollision,6,Thursday,22,False,False
201800044461,NonLethal,Daylight,No,NoIntersection,Normal,2Vehicles-Behind,12,Tuesday,7,False,False
201800021027,NonLethal,Daylight,Yes,NoIntersection,Normal,2Vehicles-Side,8,Saturday,20,True,False
201800008141,NonLethal,Daylight,Yes,NoIntersection,Normal,2Vehicles-Side,2,Friday,11,False,False
201800005582,NonLethal,Daylight,Yes,NoIntersection,Normal,Other,2,Friday,13,False,False
201800049185,NonLethal,Daylight,No,NoIntersection,Normal,3+Vehicles-Multiple,12,Tuesday,13,False,False
201800015933,Lethal,Daylight,No,NoIntersection,Normal,Other,7,Sunday,19,True,False
201800028070,NonLethal,Daylight,Yes,NoIntersection,Normal,Other,7,Tuesday,14,False,False
201800004227,NonLethal,Daylight,No,NoIntersection,Normal,2Vehicles-BehindVehicles-Frontal,6,Thursday,7,False,False
201800041532,NonLethal,Daylight,Yes,NoIntersection,Normal,Other,12,Thursday,14,False,False
201800036369,NonLethal,Daylight,Yes,NoIntersection,Normal,Other,10,Sunday,17,True,False
201800017873,Lethal,Daylight,No,T-type,HeavyRain,2Vehicles-BehindVehicles-Frontal,1,Saturday,14,True,False
201800004980,NonLethal,Daylight,No,NoIntersection,Normal,2Vehicles-Side,11,Friday,9,False,False
201800020020,NonLethal,Daylight,No,X-type,Normal,2Vehicles-Side,6,Wednesday,16,False,False
201800014454,NonLethal,NightStreelightsOn,No,X-type,Overcast,3+Vehicles-Chain,8,Saturday,17,True,False
201800026583,NonLethal,NightStreelightsOn,Yes,Roundabout,Normal,2Vehicles-Side,9,Monday,20,False,False
201800037252,NonLethal,Daylight,Yes,NoIntersection,Normal,Other,4,Monday,13,False,False
201800031107,NonLethal,Daylight,Yes,NoIntersection,Normal,2Vehicles-Side,12,Saturday,13,True,False
201800031367,NonLethal,Daylight,Yes,NoIntersection,Normal,Other,10,Friday,12,False,False
201800021612,NonLethal,NightNoStreetLight,No,NoIntersection,Normal,3+Vehicles-Chain,7,Sunday,18,True,False
201800048344,NonLethal,Daylight,Yes,X-type,Normal,2Vehicles-Side,6,Tuesday,8,False,False
201800012157,NonLethal,Daylight,No,NoIntersection,Normal,2Vehicles-Behind,2,Thursday,15,False,False
201800050119,NonLethal,NightStreelightsOn,No,NoIntersection,Normal,3+Vehicles-Chain,11,Tuesday,17,False,False
201800009874,NonLethal,NightStreelightsOn,Yes,NoIntersection,Overcast,NoCollision,8,Friday,19,False,False
201800025321,NonLethal,NightStreelightsOn,Yes,X-type,Normal,2Vehicles-Side,5,Saturday,23,True,False
201800030387,NonLethal,Daylight,No,NoIntersection,Normal,2Vehicles-Side,6,Saturday,18,True,False
201800030681,NonLethal,Daylight,Yes,NoIntersection,Normal,Other,7,Wednesday,16,False,False
201800031037,NonLethal,Daylight,Yes,NoIntersection,Normal,2Vehicles-Behind,11,Thursday,15,False,False
201800029987,NonLethal,Daylight,Yes,T-type,Normal,3+Vehicles-Multiple,3,Friday,18,False,False
201800013265,NonLethal,NightNoStreetLight,No,NoIntersection,FogOrSmoke,NoCollision,1,Monday,21,False,False
201800042961,NonLethal,Daylight,Yes,NoIntersection,LightRain,2Vehicles-BehindVehicles-Frontal,1,Friday,16,False,False
201800021330,NonLethal,Daylight,Yes,NoIntersection,Normal,Other,8,Thursday,18,False,False
201800049530,NonLethal,NightNoStreetLight,No,NoIntersection,Normal,2Vehicles-Side,1,Tuesday,18,False,False
201800018799,NonLethal,Daylight,No,X-type,Normal,2Vehicles-Side,2,Friday,12,False,False
201800003677,NonLethal,Daylight,No,T-type,Normal,2Vehicles-Side,5,Thursday,15,False,False
201800031716,NonLethal,Daylight,Yes,NoIntersection,Normal,2Vehicles-Behind,4,Monday,7,False,False
201800030184,NonLethal,NightStreelightsOn,Yes,T-type,Normal,Other,3,Saturday,21,True,False
201800052584,NonLethal,Daylight,Yes,Y-type,Overcast,2Vehicles-Side,7,Wednesday,15,False,False
201800003624,NonLethal,Daylight,Yes,NoIntersection,Normal,3+Vehicles-Chain,6,Wednesday,11,False,False
201800051323,NonLethal,Daylight,Yes,X-type,Normal,Other,3,Wednesday,10,False,False
201800037907,NonLethal,Daylight,Yes,NoIntersection,Normal,2Vehicles-Side,4,Friday,16,False,False
201800041491,NonLethal,Daylight,Yes,NoIntersection,Normal,Other,10,Wednesday,14,False,False
201800018305,NonLethal,Daylight,No,Roundabout,Normal,Other,5,Wednesday,11,False,False
201800057583,NonLethal,Daylight,Yes,NoIntersection,Normal,Other,12,Monday,15,False,False
201800005315,NonLethal,NightStreelightsOn,Yes,NoIntersection,Normal,Other,12,Friday,19,False,False
201800033073,NonLethal,TwilightOrDawn,Yes,NoIntersection,Normal,Other,6,Friday,21,False,False
201800024670,NonLethal,Daylight,Yes,T-type,Normal,2Vehicles-BehindVehicles-Frontal,2,Monday,13,False,False
201800019216,NonLethal,Daylight,Yes,NoIntersection,Normal,2Vehicles-BehindVehicles-Frontal,11,Wednesday,9,False,False
201800025052,NonLethal,NightStreelightsOn,Yes,NoIntersection,Normal,Other,2,Monday,6,False,True
201800042374,NonLethal,Daylight,Yes,Other,Normal,2Vehicles-Side,10,Wednesday,18,False,False
201800057297,NonLethal,Daylight,No,NoIntersection,LightRain,2Vehicles-BehindVehicles-Frontal,3,Thursday,15,False,False
201800025464,NonLethal,Daylight,Yes,Other,Normal,2Vehicles-Side,8,Monday,15,False,False
201800023329,NonLethal,Daylight,Yes,Other,Normal,2Vehicles-Side,5,Friday,8,False,False
201800016050,NonLethal,Daylight,No,Y-type,Normal,Other,12,Saturday,10,True,False
201800055735,NonLethal,Daylight,Yes,NoIntersection,Normal,2Vehicles-Side,12,Wednesday,15,False,False
201800010524,NonLethal,Daylight,No,NoIntersection,LightRain,NoCollision,7,Monday,10,False,False
201800026070,NonLethal,Daylight,Yes,T-type,Normal,2Vehicles-Side,1,Tuesday,16,False,False
201800016477,NonLethal,Daylight,No,NoIntersection,VeryGood,Other,6,Wednesday,13,False,False
201800055809,NonLethal,NightNoStreetLight,No,NoIntersection,Normal,NoCollision,4,Saturday,23,True,False
201800029599,NonLethal,Daylight,Yes,NoIntersection,Normal,2Vehicles-Side,4,Tuesday,16,False,False
201800032889,NonLethal,Daylight,Yes,NoIntersection,Normal,2Vehicles-Behind,9,Wednesday,8,False,False
201800040812,NonLethal,NightStreelightsOn,Yes,NoIntersection,LightRain,2Vehicles-BehindVehicles-Frontal,1,Monday,18,False,False
201800013015,NonLethal,Daylight,No,NoIntersection,Normal,2Vehicles-Side,6,Tuesday,7,False,False
201800008584,NonLethal,Daylight,Yes,NoIntersection,Normal,2Vehicles-Behind,2,Friday,9,False,False
201800027588,NonLethal,Daylight,Yes,NoIntersection,Normal,2Vehicles-Side,4,Saturday,14,True,False
201800030494,NonLethal,Daylight,No,NoIntersection,Normal,2Vehicles-BehindVehicles-Frontal,7,Wednesday,16,False,False
201800023363,NonLethal,Daylight,Yes,T-type,Normal,2Vehicles-Side,11,Tuesday,8,False,False
201800013808,NonLethal,Daylight,No,NoIntersection,Normal,2Vehicles-BehindVehicles-Frontal,11,Friday,13,False,False
201800019207,Lethal,NightNoStreetLight,No,NoIntersection,Normal,Other,9,Wednesday,19,False,False
201800029322,NonLethal,NightStreelightsOn,Yes,T-type,Normal,Other,12,Friday,17,False,False
201800025509,NonLethal,Daylight,Yes,T-type,Normal,Other,9,Wednesday,15,False,False
201800031032,NonLethal,Daylight,Yes,NoIntersection,Normal,2Vehicles-Side,8,Saturday,14,True,False
201800002471,NonLethal,NightStreelightsOn,Yes,Y-type,SnowOrHail,Other,2,Tuesday,23,False,False
201800030229,NonLethal,Daylight,Yes,Y-type,Normal,2Vehicles-Side,5,Friday,10,False,False
201800002927,Lethal,Daylight,Yes,T-type,Normal,Other,6,Sunday,6,True,True
201800016147,NonLethal,NightNoStreetLight,No,Roundabout,Normal,NoCollision,10,Saturday,5,True,True
201800038504,Lethal,NightStreelightsOn,Yes,X-type,Normal,Other,10,Tuesday,18,False,False
201800051345,NonLethal,Daylight,Yes,Square,Normal,Other,10,Friday,17,False,False
201800033656,NonLethal,Daylight,No,NoIntersection,Normal,NoCollision,11,Tuesday,15,False,False
201800004168,NonLethal,NightStreelightsOn,Yes,X-type,Normal,2Vehicles-Side,7,Sunday,21,True,False
201800050040,NonLethal,Daylight,No,NoIntersection,Normal,3+Vehicles-Chain,5,Thursday,15,False,False
201800046397,NonLethal,Daylight,No,NoIntersection,Overcast,Other,2,Sunday,10,True,False
201800052400,NonLethal,NightStreelightsOn,Yes,X-type,Normal,Other,4,Friday,1,False,True
201800048769,NonLethal,NightStreelightsOn,Yes,NoIntersection,Normal,Other,12,Thursday,18,False,False
201800019788,NonLethal,Daylight,Yes,X-type,Overcast,2Vehicles-Side,11,Sunday,11,True,False
201800021383,NonLethal,Daylight,No,NoIntersection,FogOrSmoke,2Vehicles-Behind,12,Thursday,10,False,False
201800036628,NonLethal,Daylight,Yes,Roundabout,Normal,2Vehicles-Side,3,Tuesday,13,False,False
201800014578,NonLethal,Daylight,No,NoIntersection,Normal,NoCollision,7,Tuesday,19,False,False
201800019280,NonLethal,NightNoStreetLight,No,NoIntersection,LightRain,NoCollision,10,Monday,4,False,True
201800054828,NonLethal,Daylight,Yes,Y-type,Normal,2Vehicles-Side,10,Friday,16,False,False
201800046990,NonLethal,Daylight,No,NoIntersection,Normal,3+Vehicles-Multiple,10,Wednesday,17,False,False
201800053045,NonLethal,NightStreelightsOn,Yes,NoIntersection,Normal,Other,6,Tuesday,23,False,False
201800028286,NonLethal,NightStreelightsOn,No,X-type,HeavyRain,Other,5,Tuesday,17,False,False
201800023819,NonLethal,Daylight,No,T-type,Normal,Other,6,Saturday,12,True,False
201800014246,Lethal,NightNoStreetLight,No,NoIntersection,FogOrSmoke,NoCollision,11,Saturday,19,True,False
201800003512,NonLethal,NightNoStreetLight,No,NoIntersection,Normal,NoCollision,2,Saturday,6,True,True
201800003484,NonLethal,TwilightOrDawn,No,NoIntersection,Normal,Other,2,Tuesday,19,False,False
201800024979,NonLethal,Daylight,Yes,NoIntersection,Normal,2Vehicles-Behind,10,Monday,18,False,False
201800053656,NonLethal,NightStreelightsOn,Yes,NoIntersection,Normal,2Vehicles-Behind,1,Monday,5,False,True
201800056255,NonLethal,NightNoStreetLight,No,NoIntersection,Normal,2Vehicles-Behind,10,Sunday,22,True,False
201800004293,NonLethal,NightNoStreetLight,No,NoIntersection,Normal,Other,2,Tuesday,1,False,True
201800030715,NonLethal,NightStreelightsOn,Yes,NoIntersection,Normal,2Vehicles-Side,4,Sunday,19,True,False
201800041339,NonLethal,Daylight,Yes,NoIntersection,Normal,Other,4,Tuesday,8,False,False
201800032316,NonLethal,TwilightOrDawn,Yes,NoIntersection,Normal,2Vehicles-Behind,11,Wednesday,18,False,False
201800018001,NonLethal,NightNoStreetLight,No,NoIntersection,Normal,Other,10,Thursday,3,False,True
201800030630,Lethal,Daylight,Yes,NoIntersection,Normal,2Vehicles-Side,11,Friday,15,False,False
201800038384,NonLethal,Daylight,Yes,NoIntersection,Normal,Other,9,Saturday,17,True,False
201800011623,NonLethal,NightNoStreetLight,No,NoIntersection,LightRain,NoCollision,1,Wednesday,18,False,False
201800038038,NonLethal,Daylight,Yes,MoreThan4Branches,Normal,2Vehicles-BehindVehicles-Frontal,7,Friday,10,False,False
201800054776,NonLethal,Daylight,Yes,X-type,Normal,2Vehicles-Side,7,Thursday,17,False,False
201800021768,NonLethal,Daylight,No,NoIntersection,Normal,2Vehicles-Behind,5,Wednesday,12,False,False
201800023559,NonLethal,Daylight,No,NoIntersection,Normal,NoCollision,9,Friday,14,False,False
201800000325,NonLethal,Daylight,Yes,Roundabout,Normal,2Vehicles-Side,6,Wednesday,10,False,False
201800015635,NonLethal,Daylight,No,X-type,LightRain,2Vehicles-Side,8,Saturday,15,True,False
201800025029,NonLethal,Daylight,Yes,Roundabout,HeavyRain,3+Vehicles-Chain,11,Friday,14,False,False
201800041213,NonLethal,Daylight,Yes,X-type,LightRain,2Vehicles-Side,4,Tuesday,18,False,False
201800024476,NonLethal,Daylight,Yes,T-type,Normal,2Vehicles-Side,10,Tuesday,15,False,False
201800004081,NonLethal,Daylight,No,NoIntersection,Normal,NoCollision,7,Wednesday,19,False,False
201800047938,NonLethal,Daylight,No,NoIntersection,Normal,2Vehicles-Behind,6,Thursday,7,False,False
201800044524,NonLethal,NightNoStreetLight,No,NoIntersection,Normal,2Vehicles-Behind,1,Sunday,7,True,False
201800031229,NonLethal,Daylight,Yes,NoIntersection,Normal,2Vehicles-Side,4,Tuesday,19,False,False
201800010186,NonLethal,Daylight,Yes,NoIntersection,LightRain,2Vehicles-BehindVehicles-Frontal,12,Thursday,11,False,False
201800036931,NonLethal,TwilightOrDawn,Yes,Roundabout,LightRain,3+Vehicles-Multiple,9,Saturday,17,True,False
201800004214,NonLethal,Daylight,Yes,Other,Normal,Other,7,Wednesday,8,False,False
201800002824,NonLethal,TwilightOrDawn,No,NoIntersection,Normal,2Vehicles-Side,3,Tuesday,6,False,True
201800033594,NonLethal,Daylight,Yes,NoIntersection,LightRain,NoCollision,12,Monday,15,False,False
201800053770,NonLethal,Daylight,Yes,T-type,Normal,2Vehicles-Behind,4,Monday,14,False,False
201800026676,NonLethal,Daylight,No,NoIntersection,Normal,NoCollision,8,Saturday,13,True,False
201800035704,NonLethal,Daylight,Yes,NoIntersection,Normal,2Vehicles-Behind,12,Monday,14,False,False
201800030846,NonLethal,Daylight,Yes,Other,Normal,2Vehicles-Side,7,Friday,21,False,False
201800054370,NonLethal,Daylight,Yes,X-type,LightRain,2Vehicles-Side,3,Wednesday,10,False,False
201800034035,NonLethal,Daylight,Yes,NoIntersection,Normal,Other,3,Thursday,18,False,False
201800002472,NonLethal,Daylight,Yes,T-type,Normal,2Vehicles-Side,6,Monday,8,False,False
201800021621,NonLethal,NightNoStreetLight,No,NoIntersection,Normal,Other,1,Wednesday,22,False,False
201800000628,NonLethal,Daylight,No,NoIntersection,Normal,Other,2,Wednesday,8,False,False
201800054061,NonLethal,Daylight,Yes,NoIntersection,LightRain,Other,9,Tuesday,18,False,False