AccidentId,Gravity,Light,InAgglomeration,IntersectionType,Weather,CollisionType,Month,DayOfWeek,HourOfDay,IsWeekend,IsNight
201800050622,NonLethal,Daylight,Yes,Square,LightRain,Other,11,Saturday,15,True,False
201800037001,NonLethal,Daylight,Yes,Roundabout,Normal,2Vehicles-Side,8,Friday,19,False,False
201800016699,NonLethal,Daylight,No,NoIntersection,LightRain,2Vehicles-Side,1,Monday,11,False,False
201800036905,NonLethal,TwilightOrDawn,Yes,Square,Normal,2Vehicles-Behind,5,Sunday,21,True,False
201800025423,NonLethal,Daylight,Yes,NoIntersection,Normal,Other,10,Sunday,13,True,False
201800056162,NonLethal,Daylight,Yes,NoIntersection,Normal,Other,2,Wednesday,7,False,False
201800040670,NonLethal,TwilightOrDawn,Yes,T-type,LightRain,2Vehicles-Behind,4,Monday,18,False,False
201800051984,NonLethal,TwilightOrDawn,Yes,NoIntersection,Normal,Other,7,Wednesday,20,False,False
201800012622,NonLethal,NightNoStreetLight,Yes,NoIntersection,Normal,Other,1,Sunday,3,True,True
201800018672,NonLethal,Daylight,Yes,T-type,Normal,2Vehicles-BehindVehicles-Frontal,11,Sunday,10,True,False
201800031165,NonLethal,Daylight,Yes,Y-type,Normal,2Vehicles-BehindVehicles-Frontal,2,Wednesday,13,False,False
201800007817,NonLethal,TwilightOrDawn,Yes,NoIntersection,Normal,2Vehicles-Behind,12,Tuesday,17,False,False
201800050302,NonLethal,Daylight,Yes,T-type,Normal,2Vehicles-Side,8,Wednesday,12,False,False
201800045418,NonLethal,NightStreelightsOn,No,NoIntersection,Normal,NoCollision,5,Friday,20,False,False
201800041182,NonLethal,NightNoStreetLight,No,NoIntersection,Overcast,NoCollision,5,Tuesday,6,False,True
201800009511,NonLethal,NightStreelightsOn,Yes,NoIntersection,Normal,Other,11,Thursday,0,False,True
201800023775,NonLethal,NightNoStreetLight,No,NoIntersection,HeavyRain,Other,7,Friday,0,False,True
201800038751,NonLethal,Daylight,Yes,X-type,LightRain,2Vehicles-Side,4,Sunday,20,True,False
201800024767,NonLethal,Daylight,Yes,T-type,Normal,2Vehicles-Behind,5,Monday,17,False,False
201800001842,NonLethal,TwilightOrDawn,Yes,NoIntersection,Normal,2Vehicles-BehindVehicles-Frontal,10,Saturday,19,True,False
201800014189,NonLethal,Daylight,No,T-type,Normal,2Vehicles-Side,5,Friday,16,False,False
201800030897,NonLethal,Daylight,Yes,NoIntersection,Normal,2Vehicles-Behind,9,Wednesday,8,False,False
201800019515,NonLethal,Daylight,Yes,T-type,Normal,2Vehicles-Behind,5,Friday,12,False,False
201800011940,NonLethal,NightNoStreetLight,No,NoIntersection,Normal,NoCollision,1,Tuesday,22,False,False
201800005731,NonLethal,Daylight,Yes,NoIntersection,Normal,3+Vehicles-Chain,7,Tuesday,12,False,False
201800012734,NonLethal,TwilightOrDawn,No,NoIntersection,LightRain,2Vehicles-BehindVehicles-Frontal,12,Monday,7,False,False
201800008663,NonLethal,NightStreelightsOn,Yes,NoIntersection,Normal,Other,3,Tuesday,21,False,False
201800003803,NonLethal,NightNoStreetLight,No,NoIntersection,LightRain,NoCollision,11,Friday,17,False,False
201800042744,NonLethal,Daylight,Yes,NoIntersection,Normal,2Vehicles-Side,3,Friday,14,False,False
201800035986,NonLethal,Daylight,Yes,NoIntersection,LightRain,Other,1,Thursday,17,False,False
201800021928,NonLethal,NightNoStreetLight,No,NoIntersection,LightRain,NoCollision,11,Sunday,0,True,True
201800012785,NonLethal,NightNoStreetLight,Yes,NoIntersection,LightRain,Other,3,Tuesday,19,False,False
201800006452,NonLethal,Daylight,Yes,NoIntersection,Normal,Other,6,Wednesday,8,False,False
201800053107,NonLethal,Daylight,Yes,NoIntersection,Normal,2Vehicles-Behind,6,Saturday,17,True,False
201800006802,NonLethal,Daylight,Yes,Roundabout,Normal,Other,8,Wednesday,18,False,False
201800016741,NonLethal,Daylight,No,NoIntersection,Normal,3+Vehicles-Multiple,8,Wednesday,11,False,False
201800011602,NonLethal,Daylight,Yes,X-type,Normal,2Vehicles-Side,5,Thursday,19,False,False
201800031988,NonLethal,Daylight,Yes,NoIntersection,Normal,Other,10,Wednesday,15,False,False
201800044430,NonLethal,NightNoStreetLight,No,NoIntersection,LightRain,2Vehicles-Behind,12,Tuesday,7,False,False
201800055806,NonLethal,NightNoStreetLight,No,NoIntersection,Overcast,Other,12,Sunday,22,True,False
201800017215,NonLethal,Daylight,No,NoIntersection,Normal,Other,6,Saturday,18,True,False
201800044035,NonLethal,Daylight,No,NoIntersection,LightRain,Other,6,Wednesday,8,False,False
201800030295,Lethal,Daylight,Yes,LevelCrossing,Overcast,2Vehicles-Side,4,Tuesday,16,False,False
201800040657,NonLethal,NightStreelightsOn,Yes,T-type,LightRain,Other,3,Tuesday,6,False,True
201800056383,Lethal,Daylight,Yes,X-type,Normal,2Vehicles-Side,10,Wednesday,15,False,False
201800023033,NonLethal,Daylight,No,NoIntersection,Normal,3+Vehicles-Multiple,4,Tuesday,19,False,False
201800004677,NonLethal,Daylight,No,Roundabout,Normal,2Vehicles-Side,6,Monday,12,False,False
201800036041,NonLethal,Daylight,Yes,NoIntersection,Normal,Other,4,Monday,12,False,False
201800040288,NonLethal,NightStreelightsOn,Yes,X-type,Normal,2Vehicles-Side,3,Friday,21,False,False
201800041109,NonLethal,Daylight,Yes,T-type,Normal,Other,10,Monday,17,False,False
201800024845,NonLethal,Daylight,Yes,NoIntersection,Normal,2Vehicles-Side,7,Tuesday,13,False,False
201800027181,NonLethal,NightStreelightsOn,Yes,NoIntersection,Normal,2Vehicles-Behind,9,Monday,22,False,False
201800043279,NonLethal,Daylight,Yes,T-type,Normal,Other,10,Thursday,8,False,False
201800048830,NonLethal,NightStreelightsOn,No,NoIntersection,Normal,2Vehicles-Behind,2,Monday,22,False,False
201800053258,NonLethal,Daylight,Yes,X-type,HeavyRain,Other,1,Wednesday,13,False,False
201800017357,NonLethal,Daylight,No,NoIntersection,Normal,NoCollision,7,Sunday,14,True,False
201800011781,NonLethal,Daylight,No,NoIntersection,Normal,2Vehicles-BehindVehicles-Frontal,3,Friday,10,False,False
201800027304,NonLethal,NightStreelightsOn,Yes,NoIntersection,Normal,NoCollision,5,Thursday,1,False,True
201800039309,NonLethal,Daylight,Yes,X-type,Normal,2Vehicles-Side,10,Thursday,8,False,False
201800049526,NonLethal,NightNoStreetLight,No,NoIntersection,Normal,3+Vehicles-Multiple,10,Monday,18,False,False
201800025153,NonLethal,Daylight,Yes,T-type,Normal,2Vehicles-Side,3,Monday,17,False,False
201800003574,NonLethal,Daylight,Yes,NoIntersection,Normal,2Vehicles-Side,12,Friday,14,False,False
201800016879,NonLethal,Daylight,Yes,NoIntersection,Normal,Other,10,Tuesday,9,False,False
201800045209,NonLethal,TwilightOrDawn,No,NoIntersection,Normal,2Vehicles-Side,9,Wednesday,7,False,False
201800004162,NonLethal,Daylight,No,T-type,Normal,2Vehicles-Side,6,Wednesday,8,False,False
201800011427,NonLethal,Daylight,No,X-type,Normal,2Vehicles-Side,8,Friday,14,False,False
201800048842,NonLethal,Daylight,No,NoIntersection,Normal,2Vehicles-Side,3,Friday,14,False,False
201800020800,Lethal,Daylight,Yes,NoIntersection,Normal,Other,11,Friday,10,False,False
201800055842,NonLethal,NightNoStreetLight,No,NoIntersection,Normal,NoCollision,12,Tuesday,3,False,True
201800034847,NonLethal,Daylight,No,NoIntersection,Normal,3+Vehicles-Chain,9,Sunday,13,True,False
201800011036,NonLethal,Daylight,No,NoIntersection,Normal,2Vehicles-BehindVehicles-Frontal,8,Thursday,13,False,False
201800001779,NonLethal,Daylight,Yes,NoIntersection,Normal,2Vehicles-Side,6,Friday,6,False,True
201800029040,NonLethal,NightStreelightsOn,Yes,NoIntersection,LightRain,2Vehicles-Side,5,Tuesday,17,False,False
201800047065,NonLethal,NightNoStreetLight,No,NoIntersection,Overcast,2Vehicles-Side,11,Friday,19,False,False
201800037654,NonLethal,Daylight,Yes,NoIntersection,Normal,Other,11,Monday,15,False,False
201800034958,NonLethal,NightNoStreetLight,No,NoIntersection,SnowOrHail,Other,1,Wednesday,5,False,True
201800048082,NonLethal,NightStreelightsOn,Yes,Roundabout,LightRain,Other,12,Sunday,1,True,True
201800047554,NonLethal,Daylight,Yes,NoIntersection,Normal,Other,6,Monday,8,False,False
201800050228,NonLethal,NightStreelightsOn,Yes,X-type,Normal,Other,3,Thursday,18,False,False
201800030841,NonLethal,Daylight,Yes,MoreThan4Branches,LightRain,2Vehicles-Side,7,Friday,20,False,False
201800053444,NonLethal,Daylight,Yes,NoIntersection,Normal,2Vehicles-Behind,7,Monday,12,False,False
201800019780,NonLethal,Daylight,Yes,T-type,Normal,Other,11,Monday,16,False,False
201800021628,NonLethal,Daylight,No,NoIntersection,Normal,2Vehicles-Behind,12,Wednesday,11,False,False
201800043138,NonLethal,Daylight,Yes,NoIntersection,VeryGood,2Vehicles-Side,7,Monday,18,False,False
201800050865,NonLethal,NightStreelightsOn,Yes,X-type,Normal,2Vehicles-Side,4,Sunday,2,True,True
201800045011,NonLethal,Daylight,No,NoIntersection,Normal,3+Vehicles-Chain,6,Tuesday,8,False,False
201800048637,NonLethal,Daylight,Yes,NoIntersection,Normal,2Vehicles-Side,10,Monday,17,False,False
201800012786,NonLethal,Daylight,No,X-type,Normal,2Vehicles-Side,4,Tuesday,15,False,False
201800017335,NonLethal,Daylight,No,T-type,Normal,2Vehicles-Side,7,Sunday,11,True,False
201800029776,NonLethal,Daylight,Yes,T-type,Normal,2Vehicles-Side,7,Wednesday,17,False,False
201800037905,NonLethal,Daylight,Yes,NoIntersection,LightRain,2Vehicles-Side,12,Tuesday,18,False,False
201800056172,NonLethal,Daylight,No,NoIntersection,Normal,Other,12,Wednesday,15,False,False
201800051815,NonLethal,NightStreelightsOff,Yes,NoIntersection,LightRain,Other,9,Saturday,20,True,False
201800001374,NonLethal,Daylight,No,T-type,Normal,2Vehicles-Behind,9,Thursday,16,False,False
201800017751,NonLethal,NightNoStreetLight,No,NoIntersection,SnowOrHail,2Vehicles-BehindVehicles-Frontal,2,Thursday,7,False,False
201800036981,NonLethal,Daylight,Yes,NoIntersection,Normal,Other,4,Monday,18,False,False
201800001908,NonLethal,Daylight,No,NoIntersection,Normal,Other,9,Sunday,10,True,False
201800027139,NonLethal,Daylight,Yes,X-type,Normal,Other,1,Friday,17,False,False
201800005143,NonLethal,Daylight,Yes,Other,Normal,2Vehicles-Behind,7,Friday,9,False,False
201800043816,NonLethal,Daylight,No,NoIntersection,Overcast,3+Vehicles-Chain,2,Thursday,14,False,False
201800008399,NonLethal,Daylight,Yes,NoIntersection,Normal,Other,1,Thursday,11,False,False
201800033988,NonLethal,NightStreelightsOff,No,NoIntersection,LightRain,Other,4,Monday,23,False,False
201800001200,NonLethal,Daylight,No,X-type,Normal,Other,6,Saturday,15,True,False
201800026941,NonLethal,Daylight,Yes,NoIntersection,Normal,2Vehicles-Side,10,Tuesday,16,False,False
201800050635,NonLethal,Daylight,Yes,X-type,Normal,2Vehicles-Side,12,Thursday,15,False,False
201800037226,NonLethal,TwilightOrDawn,Yes,NoIntersection,Normal,NoCollision,3,Tuesday,19,False,False
201800050126,NonLethal,NightNoStreetLight,No,NoIntersection,HeavyRain,Other,11,Tuesday,20,False,False
201800045421,NonLethal,NightStreelightsOn,No,NoIntersection,Normal,2Vehicles-Side,7,Wednesday,7,False,False
201800048194,NonLethal,Daylight,Yes,Other,Normal,Other,4,Monday,9,False,False
201800057140,NonLethal,NightNoStreetLight,No,T-type,Normal,2Vehicles-Side,12,Thursday,20,False,False
201800034076,NonLethal,Daylight,Yes,Other,Normal,2Vehicles-Side,10,Thursday,12,False,False
201800002581,NonLethal,NightNoStreetLight,No,NoIntersection,LightRain,2Vehicles-BehindVehicles-Frontal,11,Friday,19,False,False
201800009691,NonLethal,Daylight,Yes,NoIntersection,Normal,2Vehicles-Side,11,Friday,12,False,False
201800021871,NonLethal,Daylight,Yes,NoIntersection,Normal,2Vehicles-BehindVehicles-Frontal,5,Tuesday,16,False,False
201800010862,NonLethal,NightNoStreetLight,No,NoIntersection,SnowOrHail,Other,10,Saturday,23,True,False
201800051037,NonLethal,Daylight,Yes,X-type,HeavyRain,2Vehicles-Side,4,Friday,17,False,False
201800037573,NonLethal,NightStreelightsOn,Yes,NoIntersection,Normal,3+Vehicles-Multiple,2,Sunday,19,True,False
201800033104,NonLethal,TwilightOrDawn,Yes,NoIntersection,LightRain,Other,7,Tuesday,18,False,False
201800026306,NonLethal,Daylight,Yes,NoIntersection,Normal,Other,3,Wednesday,8,False,False
201800004797,NonLethal,NightNoStreetLight,No,NoIntersection,Normal,Other,6,Sunday,3,True,True
201800046665,NonLethal,Daylight,No,NoIntersection,Normal,2Vehicles-Side,6,Monday,9,False,False
201800003202,NonLethal,Daylight,No,NoIntersection,Normal,2Vehicles-BehindVehicles-Frontal,6,Tuesday,19,False,False
201800000992,NonLethal,Daylight,Yes,Roundabout,LightRain,2Vehicles-Behind,1,Tuesday,12,False,False
201800022049,NonLethal,Daylight,Yes,T-type,Normal,2Vehicles-Side,5,Thursday,14,False,False
201800042257,NonLethal,Daylight,Yes,NoIntersection,Normal,2Vehicles-Behind,5,Friday,7,False,False
201800033328,NonLethal,NightStreelightsOn,Yes,Y-type,Normal,2Vehicles-Behind,9,Friday,21,False,False
201800032038,NonLethal,NightStreelightsOn,Yes,NoIntersection,Normal,2Vehicles-Side,8,Sunday,2,True,True
201800013591,NonLethal,NightNoStreetLight,No,NoIntersection,Normal,2Vehicles-BehindVehicles-Frontal,7,Monday,5,False,True
201800026975,NonLethal,Daylight,Yes,T-type,LightRain,Other,10,Sunday,14,True,False
201800028011,NonLethal,Daylight,Yes,NoIntersection,Normal,Other,5,Friday,19,False,False
201800002560,NonLethal,Daylight,No,NoIntersection,Normal,2Vehicles-BehindVehicles-Frontal,4,Sunday,18,True,False
201800043304,NonLethal,NightStreelightsOn,Yes,X-type,LightRain,Other,12,Friday,20,False,False
201800045862,NonLethal,Daylight,No,NoIntersection,Normal,NoCollision,5,Friday,12,False,False
201800031642,NonLethal,NightStreelightsOn,Yes,NoIntersection,LightRain,2Vehicles-Side,1,Tuesday,18,False,False
201800000109,NonLethal,Daylight,Yes,X-type,Normal,3+Vehicles-Chain,6,Friday,17,False,False
201800014144,NonLethal,Daylight,No,NoIntersection,Normal,NoCollision,6,Saturday,19,True,False
201800016548,NonLethal,Daylight,Yes,T-type,Normal,2Vehicles-Side,8,Tuesday,16,False,False
201800010670,NonLethal,NightNoStreetLight,Yes,NoIntersection,HeavyRain,Other,1,Tuesday,19,False,False
201800016717,NonLethal,Daylight,No,NoIntersection,Normal,2Vehicles-BehindVehicles-Frontal,5,Thursday,18,False,False
201800050281,NonLethal,Daylight,Yes,T-type,Normal,Other,6,Wednesday,9,False,False
201800016871,NonLethal,NightNoStreetLight,No,Roundabout,Normal,Other,11,Wednesday,0,False,True
201800047368,NonLethal,NightStreelightsOn,Yes,NoIntersection,Normal,2Vehicles-Side,2,Thursday,20,False,False
201800055682,NonLethal,NightStreelightsOn,Yes,Y-type,Normal,3+Vehicles-Chain,11,Saturday,20,True,False
201800056638,Lethal,NightStreelightsOn,No,NoIntersection,Normal,Other,8,Sunday,1,True,True
201800028027,NonLethal,Daylight,Yes,NoIntersection,Normal,2Vehicles-Behind,6,Saturday,12,True,False
201800013143,NonLethal,TwilightOrDawn,No,NoIntersection,Normal,Other,4,Monday,19,False,False
201800031599,NonLethal,Daylight,Yes,NoIntersection,Normal,NoCollision,11,Thursday,16,False,False
201800031042,NonLethal,Daylight,Yes,NoIntersection,Normal,Other,8,Sunday,11,True,False
201800016716,NonLethal,Daylight,No,X-type,Normal,2Vehicles-Side,3,Friday,18,False,False
201800001050,NonLethal,Daylight,No,NoIntersection,Normal,2Vehicles-BehindVehicles-Frontal,9,Friday,18,False,False
201800052185,NonLethal,Daylight,Yes,NoIntersection,Normal,2Vehicles-Side,9,Friday,11,False,False
201800029641,NonLethal,NightStreelightsOn,Yes,NoIntersection,HeavyRain,2Vehicles-Side,12,Saturday,20,True,False
201800015357,NonLethal,Daylight,No,T-type,Normal,2Vehicles-Behind,6,Friday,14,False,False
201800050947,NonLethal,Daylight,Yes,T-type,Normal,2Vehicles-Side,11,Thursday,9,False,False
201800002753,NonLethal,Daylight,No,NoIntersection,VeryGood,2Vehicles-Behind,3,Friday,15,False,False
201800033637,NonLethal,Daylight,Yes,NoIntersection,Normal,2Vehicles-Side,8,Monday,16,False,False
201800023061,NonLethal,Daylight,Yes,NoIntersection,Normal,Other,5,Tuesday,17,False,False
201800015270,NonLethal,Daylight,No,NoIntersection,Normal,2Vehicles-BehindVehicles-Frontal,7,Wednesday,10,False,False
201800050519,NonLethal,Daylight,Yes,X-type,Normal,2Vehicles-Behind,1,Thursday,16,False,False
201800049300,NonLethal,NightNoStreetLight,No,NoIntersection,Normal,3+Vehicles-Chain,12,Saturday,17,True,False
201800046131,NonLethal,Daylight,No,NoIntersection,Normal,2Vehicles-Behind,3,Saturday,16,True,False
201800011740,NonLethal,NightNoStreetLight,No,NoIntersection,Normal,Other,3,Friday,0,False,True
201800014147,Lethal,NightNoStreetLight,No,NoIntersection,Normal,Other,9,Friday,4,False,True
201800037473,NonLethal,Daylight,Yes,NoIntersection,Normal,2Vehicles-Behind,7,Friday,18,False,False
201800057143,NonLethal,Daylight,Yes,NoIntersection,Normal,Other,12,Friday,18,False,False
201800050884,NonLethal,TwilightOrDawn,Yes,X-type,Normal,Other,6,Saturday,5,True,True
201800030506,NonLethal,Daylight,Yes,T-type,Normal,2Vehicles-Side,8,Tuesday,10,False,False
201800013129,NonLethal,Daylight,Yes,Other,Normal,Other,3,Wednesday,14,False,False
201800016323,NonLethal,Daylight,No,NoIntersection,Normal,NoCollision,12,Friday,18,False,False
201800008490,NonLethal,Daylight,Yes,NoIntersection,Normal,Other,8,Thursday,16,False,False
201800057309,NonLethal,Daylight,No,NoIntersection,Normal,NoCollision,4,Friday,11,False,False
201800041317,NonLethal,NightNoStreetLight,No,T-type,Normal,2Vehicles-Side,11,Tuesday,6,False,True
201800056057,Lethal,Daylight,No,Other,Normal,2Vehicles-Side,7,Wednesday,13,False,False
201800040892,NonLethal,Daylight,Yes,NoIntersection,Normal,2Vehicles-Side,6,Wednesday,11,False,False
201800033761,NonLethal,NightNoStreetLight,No,NoIntersection,Normal,Other,4,Monday,21,False,False
201800010934,Lethal,NightNoStreetLight,No,T-type,Normal,Other,8,Sunday,5,True,True
201800015762,NonLethal,NightNoStreetLight,No,NoIntersection,Normal,2Vehicles-BehindVehicles-Frontal,2,Saturday,1,True,True
201800043792,NonLethal,NightNoStreetLight,No,NoIntersection,LightRain,2Vehicles-Behind,1,Tuesday,19,False,False
201800054386,NonLethal,Daylight,Yes,X-type,Normal,2Vehicles-Side,4,Thursday,17,False,False
201800044158,NonLethal,Daylight,No,NoIntersection,Normal,NoCollision,8,Friday,9,False,False
201800054190,NonLethal,Daylight,Yes,X-type,Normal,Other,8,Friday,18,False,False
201800052908,NonLethal,Daylight,Yes,NoIntersection,Overcast,2Vehicles-Behind,5,Tuesday,15,False,False
201800030156,NonLethal,Daylight,Yes,NoIntersection,Normal,2Vehicles-BehindVehicles-Frontal,3,Sunday,15,True,False
201800049553,NonLethal,NightNoStreetLight,No,NoIntersection,Normal,NoCollision,3,Saturday,0,True,True
201800038865,NonLethal,TwilightOrDawn,Yes,NoIntersection,Normal,2Vehicles-Behind,9,Tuesday,8,False,False
201800038252,NonLethal,TwilightOrDawn,Yes,X-type,Normal,2Vehicles-Side,1,Thursday,18,False,False
201800008453,NonLethal,Daylight,Yes,X-type,Normal,2Vehicles-Side,2,Saturday,14,True,False
201800012206,NonLethal,NightNoStreetLight,No,NoIntersection,Overcast,Other,9,Sunday,7,True,False
201800007309,NonLethal,Daylight,Yes,X-type,Normal,2Vehicles-Side,4,Tuesday,14,False,False
201800054543,NonLethal,Daylight,Yes,NoIntersection,VeryGood,Other,9,Monday,19,False,False
201800018935,Lethal,Daylight,No,NoIntersection,Normal,Other,7,Tuesday,17,False,False
201800033108,NonLethal,NightStreelightsOn,Yes,NoIntersection,LightRain,Other,3,Friday,21,False,False
201800015787,NonLethal,Daylight,No,NoIntersection,Normal,2Vehicles-Behind,7,Sunday,19,True,False
201800011677,NonLethal,Daylight,No,X-type,Normal,NoCollision,10,Thursday,16,False,False
201800000653,NonLethal,Daylight,No,NoIntersection,VeryGood,3+Vehicles-Multiple,6,Friday,12,False,False
201800017351,NonLethal,NightNoStreetLight,No,NoIntersection,Normal,2Vehicles-Behind,7,Tuesday,3,False,True
201800015715,NonLethal,Daylight,No,NoIntersection,Normal,2Vehicles-Side,7,Wednesday,16,False,False
201800039470,NonLethal,Daylight,Yes,X-type,Normal,2Vehicles-BehindVehicles-Frontal,3,Friday,17,False,False
201800019861,NonLethal,Daylight,Yes,X-type,Normal,2Vehicles-BehindVehicles-Frontal,6,Thursday,16,False,False
201800043626,NonLethal,NightStreelightsOn,Yes,NoIntersection,Normal,2Vehicles-Side,1,Wednesday,18,False,False
201800037416,NonLethal,Daylight,Yes,X-type,Normal,Other,4,Wednesday,14,False,False
201800052858,NonLethal,NightStreelightsOn,Yes,T-type,Normal,Other,10,Sunday,5,True,True
201800042923,NonLethal,Daylight,Yes,NoIntersection,Normal,2Vehicles-Side,10,Friday,8,False,False
201800004923,NonLethal,NightStreelightsOn,Yes,Other,Overcast,Other,2,Thursday,18,False,False
201800025551,NonLethal,Daylight,Yes,NoIntersection,Normal,NoCollision,10,Tuesday,14,False,False
201800000748,NonLethal,NightNoStreetLight,No,X-type,Overcast,2Vehicles-Side,12,Monday,19,False,False
201800012328,NonLethal,Daylight,No,NoIntersection,Normal,NoCollision,7,Saturday,14,True,False
201800011170,NonLethal,NightStreelightsOn,Yes,NoIntersection,Normal,Other,6,Friday,23,False,False
201800025507,NonLethal,TwilightOrDawn,Yes,NoIntersection,Normal,2Vehicles-BehindVehicles-Frontal,9,Tuesday,5,False,True
201800053998,NonLethal,NightStreelightsOn,Yes,NoIntersection,Normal,Other,2,Saturday,0,True,True
201800057687,NonLethal,Daylight,Yes,NoIntersection,Normal,2Vehicles-Behind,7,Saturday,10,True,False
201800017520,NonLethal,Daylight,No,NoIntersection,LightRain,2Vehicles-BehindVehicles-Frontal,5,Monday,18,False,False
201800047993,NonLethal,TwilightOrDawn,No,NoIntersection,Normal,Other,3,Monday,12,False,False
201800021315,NonLethal,Daylight,No,NoIntersection,Normal,NoCollision,8,Friday,10,False,False
201800018845,NonLethal,Daylight,No,NoIntersection,Normal,2Vehicles-BehindVehicles-Frontal,2,Thursday,20,False,False
201800007539,NonLethal,Daylight,No,NoIntersection,Normal,2Vehicles-Behind,7,Monday,11,False,False
201800021412,NonLethal,Daylight,Yes,NoIntersection,Normal,Other,3,Monday,17,False,False
201800013381,Lethal,NightNoStreetLight,Yes,NoIntersection,FogOrSmoke,2Vehicles-BehindVehicles-Frontal,11,Sunday,2,True,True
201800041480,NonLethal,Daylight,Yes,T-type,Normal,2Vehicles-Side,6,Saturday,11,True,False
201800002821,NonLethal,Daylight,Yes,NoIntersection,Normal,2Vehicles-Side,12,Saturday,13,True,False
201800026355,NonLethal,Daylight,Yes,NoIntersection,Normal,2Vehicles-Side,5,Saturday,10,True,False
201800041035,NonLethal,Daylight,Yes,NoIntersection,Normal,Other,6,Thursday,9,False,False
201800048369,NonLethal,Daylight,Yes,T-type,Normal,Other,6,Friday,9,False,False
201800056320,NonLethal,TwilightOrDawn,Yes,T-type,Normal,Other,9,Sunday,6,True,True
201800037896,NonLethal,Daylight,Yes,NoIntersection,LightRain,2Vehicles-Side,3,Wednesday,8,False,False
201800020782,NonLethal,TwilightOrDawn,No,NoIntersection,LightRain,Other,12,Tuesday,8,False,False
201800030422,Lethal,NightStreelightsOn,Yes,NoIntersection,Normal,Other,9,Thursday,20,False,False
201800001142,NonLethal,NightStreelightsOn,No,T-type,FogOrSmoke,2Vehicles-Side,1,Tuesday,6,False,True
201800001385,NonLethal,NightStreelightsOn,Yes,NoIntersection,Normal,2Vehicles-Behind,4,Tuesday,21,False,False
201800049260,NonLethal,Daylight,No,NoIntersection,LightRain,2Vehicles-Side,1,Friday,14,False,False
201800036050,NonLethal,Daylight,Yes,NoIntersection,Normal,Other,4,Monday,16,False,False
201800022818,NonLethal,NightStreelightsOn,Yes,NoIntersection,LightRain,2Vehicles-Side,4,Saturday,21,True,False
201800004132,NonLethal,Daylight,Yes,Other,Normal,Other,3,Wednesday,11,False,False
201800004866,Lethal,Daylight,No,NoIntersection,Normal,2Vehicles-BehindVehicles-Frontal,10,Monday,17,False,False
201800015470,NonLethal,Daylight,No,X-type,Normal,2Vehicles-Behind,7,Friday,18,False,False
201800032795,NonLethal,NightNoStreetLight,No,NoIntersection,Normal,Other,8,Sunday,0,True,True
201800032886,NonLethal,Daylight,Yes,NoIntersection,Normal,2Vehicles-BehindVehicles-Frontal,8,Thursday,16,False,False
201800057686,NonLethal,Daylight,Yes,NoIntersection,Normal,2Vehicles-BehindVehicles-Frontal,7,Friday,12,False,False
201800035256,NonLethal,Daylight,No,NoIntersection,LightRain,2Vehicles-Behind,7,Sunday,8,True,False
201800051351,NonLethal,Daylight,Yes,X-type,Normal,2Vehicles-Side,5,Tuesday,17,False,False
201800019043,NonLethal,Daylight,No,NoIntersection,Overcast,Other,5,Thursday,15,False,False
201800033873,NonLethal,NightStreelightsOn,Yes,NoIntersection,Normal,NoCollision,3,Sunday,18,True,False
201800004987,NonLethal,Daylight,No,NoIntersection,Normal,Other,3,Tuesday,10,False,False
201800008167,NonLethal,Daylight,Yes,NoIntersection,Normal,Other,6,Friday,12,False,False
201800016081,NonLethal,Daylight,Yes,T-type,Normal,2Vehicles-Side,10,Thursday,13,False,False
201800046055,NonLethal,Daylight,No,NoIntersection,LightRain,Other,8,Wednesday,12,False,False
201800046217,NonLethal,Daylight,No,NoIntersection,Normal,3+Vehicles-Chain,9,Tuesday,8,False,False
201800010336,Lethal,Daylight,Yes,Roundabout,Normal,Other,9,Monday,8,False,False
201800008535,NonLethal,Daylight,Yes,Other,Normal,2Vehicles-Side,2,Thursday,13,False,False
201800040202,NonLethal,Daylight,Yes,X-type,Normal,2Vehicles-Side,6,Thursday,16,False,False
201800016705,Lethal,Daylight,No,T-type,Normal,2Vehicles-Side,4,Friday,16,False,False
201800019549,NonLethal,Daylight,Yes,NoIntersection,Normal,2Vehicles-BehindVehicles-Frontal,9,Monday,17,False,False
201800049400,NonLethal,Daylight,No,NoIntersection,Normal,2Vehicles-Behind,6,Tuesday,6,False,True
201800016441,NonLethal,Daylight,Yes,NoIntersection,Normal,2Vehicles-BehindVehicles-Frontal,3,Sunday,16,True,False
201800041119,NonLethal,NightStreelightsOn,Yes,NoIntersection,LightRain,Other,3,Friday,18,False,False
201800053622,NonLethal,Daylight,Yes,Square,LightRain,2Vehicles-Side,11,Wednesday,10,False,False
201800037079,NonLethal,Daylight,Yes,NoIntersection,Normal,2Vehicles-Side,9,Monday,17,False,False
201800002449,NonLethal,NightStreelightsOn,Yes,Y-type,Normal,Other,8,Friday,1,False,True
201800002173,Lethal,Daylight,No,NoIntersection,Normal,2Vehicles-Side,6,Sunday,13,True,False
201800016317,NonLethal,Daylight,No,NoIntersection,HeavyRain,NoCollision,3,Sunday,13,True,False
201800008623,NonLethal,Daylight,Yes,NoIntersection,Normal,2Vehicles-Behind,2,Saturday,13,True,False
201800020814,NonLethal,Daylight,Yes,NoIntersection,LightRain,2Vehicles-BehindVehicles-Frontal,3,Sunday,12,True,False
201800047133,NonLethal,NightNoStreetLight,No,NoIntersection,Normal,2Vehicles-Behind,12,Tuesday,18,False,False