AccidentId,Gravity,Light,InAgglomeration,IntersectionType,Weather,CollisionType,Month,DayOfWeek,HourOfDay,IsWeekend,IsNight
201800051526,NonLethal,Daylight,Yes,X-type,Normal,Other,6,Friday,14,False,False
201800053524,NonLethal,Daylight,Yes,Y-type,Normal,2Vehicles-BehindVehicles-Frontal,9,Tuesday,17,False,False
201800053385,NonLethal,Daylight,Yes,X-type,Normal,2Vehicles-Side,5,Wednesday,13,False,False
201800017295,NonLethal,NightNoStreetLight,No,NoIntersection,Normal,Other,10,Thursday,1,False,True
201800000443,Lethal,Daylight,No,NoIntersection,Normal,2Vehicles-BehindVehicles-Frontal,6,Sunday,14,True,False
201800044538,NonLethal,NightNoStreetLight,No,Other,LightRain,Other,1,Tuesday,22,False,False
201800025448,NonLethal,Daylight,Yes,NoIntersection,Normal,2Vehicles-Side,5,Tuesday,7,False,False
201800007478,NonLethal,NightStreelightsOn,Yes,NoIntersection,Normal,Other,12,Saturday,5,True,True
201800041507,NonLethal,Daylight,Yes,NoIntersection,Normal,Other,10,Monday,8,False,False
201800033991,NonLethal,NightStreelightsOn,Yes,NoIntersection,Normal,2Vehicles-Behind,5,Sunday,4,True,True
201800030623,NonLethal,Daylight,Yes,NoIntersection,Overcast,2Vehicles-Side,10,Friday,12,False,False
201800017485,NonLethal,NightStreelightsOn,Yes,NoIntersection,Overcast,2Vehicles-BehindVehicles-Frontal,12,Sunday,19,True,False
201800048109,NonLethal,Daylight,Yes,X-type,Normal,2Vehicles-Side,1,Wednesday,8,False,False
201800043725,NonLethal,Daylight,Yes,Other,Normal,Other,9,Friday,12,False,False
201800021679,NonLethal,Daylight,No,NoIntersection,Normal,2Vehicles-Behind,5,Saturday,10,True,False
201800053756,NonLethal,Daylight,Yes,X-type,Normal,3+Vehicles-Multiple,4,Friday,8,False,False
201800004641,NonLethal,Daylight,Yes,NoIntersection,Normal,3+Vehicles-Multiple,4,Wednesday,9,False,False
201800033030,NonLethal,Daylight,Yes,Other,Normal,Other,11,Thursday,8,False,False
201800055380,NonLethal,Daylight,Yes,NoIntersection,Normal,3+Vehicles-Chain,7,Thursday,19,False,False
201800038786,NonLethal,TwilightOrDawn,Yes,Roundabout,Overcast,NoCollision,11,Monday,18,False,False
201800038078,NonLethal,NightStreelightsOn,Yes,NoIntersection,LightRain,Other,2,Saturday,20,True,False
201800025191,NonLethal,Daylight,Yes,T-type,Normal,3+Vehicles-Chain,1,Saturday,15,True,False
201800024255,NonLethal,NightStreelightsOff,Yes,T-type,Normal,Other,1,Saturday,20,True,False
201800001396,NonLethal,Daylight,No,NoIntersection,Normal,Other,8,Wednesday,11,False,False
201800027565,NonLethal,NightNoStreetLight,Yes,NoIntersection,LightRain,2Vehicles-Side,12,Tuesday,19,False,False
201800056841,NonLethal,Daylight,Yes,NoIntersection,Normal,2Vehicles-Side,1,Monday,8,False,False
201800052855,NonLethal,Daylight,Yes,X-type,Normal,2Vehicles-Behind,10,Friday,13,False,False
201800045294,NonLethal,Daylight,No,NoIntersection,Overcast,3+Vehicles-Multiple,10,Sunday,12,True,False
201800019439,NonLethal,Daylight,No,NoIntersection,Normal,2Vehicles-BehindVehicles-Frontal,8,Thursday,7,False,False
201800019562,NonLethal,TwilightOrDawn,Yes,NoIntersection,Overcast,2Vehicles-Side,10,Tuesday,7,False,False
201800047035,NonLethal,Daylight,No,NoIntersection,LightRain,NoCollision,11,Sunday,16,True,False
201800024838,NonLethal,TwilightOrDawn,Yes,X-type,Normal,2Vehicles-Side,7,Thursday,20,False,False
201800018009,NonLethal,Daylight,Yes,Square,Normal,Other,9,Saturday,11,True,False
201800057706,NonLethal,Daylight,Yes,NoIntersection,Normal,Other,8,Thursday,16,False,False
201800057612,NonLethal,Daylight,Yes,Other,Normal,Other,5,Sunday,12,True,False
201800019053,Lethal,Daylight,No,NoIntersection,LightRain,2Vehicles-BehindVehicles-Frontal,9,Thursday,14,False,False
201800050839,NonLethal,NightStreelightsOn,Yes,T-type,LightRain,2Vehicles-BehindVehicles-Frontal,6,Sunday,19,True,False
201800015142,NonLethal,NightNoStreetLight,Yes,X-type,Normal,2Vehicles-Side,9,Tuesday,7,False,False
201800035336,NonLethal,NightStreelightsOn,Yes,NoIntersection,Normal,2Vehicles-Behind,12,Wednesday,21,False,False
201800053567,NonLethal,NightStreelightsOn,Yes,T-type,Normal,Other,10,Saturday,1,True,True
201800019170,Lethal,Daylight,No,NoIntersection,Normal,2Vehicles-BehindVehicles-Frontal,9,Thursday,7,False,False
201800014155,Lethal,Daylight,No,NoIntersection,Normal,2Vehicles-BehindVehicles-Frontal,6,Tuesday,9,False,False
201800008391,NonLethal,Daylight,Yes,NoIntersection,Normal,Other,1,Wednesday,14,False,False
201800006214,NonLethal,TwilightOrDawn,Yes,Y-type,Overcast,2Vehicles-Behind,7,Wednesday,17,False,False
201800049883,NonLethal,Daylight,No,NoIntersection,Normal,2Vehicles-Behind,6,Saturday,18,True,False
201800017466,NonLethal,Daylight,Yes,X-type,Normal,2Vehicles-Side,3,Saturday,13,True,False
201800020349,NonLethal,TwilightOrDawn,No,NoIntersection,LightRain,Other,7,Friday,20,False,False
201800015424,NonLethal,NightNoStreetLight,No,NoIntersection,Normal,Other,12,Friday,22,False,False
201800041211,NonLethal,Daylight,Yes,X-type,LightRain,2Vehicles-Side,3,Tuesday,11,False,False
201800018159,NonLethal,Daylight,Yes,NoIntersection,Normal,Other,4,Monday,13,False,False
201800027011,NonLethal,Daylight,No,NoIntersection,HeavyRain,NoCollision,12,Sunday,15,True,False
201800012890,NonLethal,Daylight,Yes,Square,LightRain,Other,8,Thursday,10,False,False
201800031162,NonLethal,Daylight,No,NoIntersection,Normal,2Vehicles-BehindVehicles-Frontal,5,Sunday,8,True,False
201800042238,NonLethal,NightStreelightsOn,Yes,Y-type,Other,Other,2,Monday,5,False,True
201800024942,NonLethal,NightStreelightsOn,Yes,NoIntersection,Normal,Other,10,Saturday,4,True,True
201800056777,NonLethal,NightStreelightsOn,No,NoIntersection,LightRain,NoCollision,2,Thursday,0,False,True
201800051094,NonLethal,NightStreelightsOn,Yes,X-type,Normal,2Vehicles-Side,6,Wednesday,23,False,False
201800009107,NonLethal,TwilightOrDawn,Yes,X-type,Normal,3+Vehicles-Multiple,6,Monday,6,False,True
201800056526,NonLethal,Daylight,Yes,NoIntersection,Normal,Other,7,Sunday,10,True,False
201800025398,NonLethal,TwilightOrDawn,Yes,X-type,Normal,2Vehicles-Side,6,Thursday,21,False,False
201800046319,NonLethal,Daylight,No,NoIntersection,Normal,3+Vehicles-Chain,12,Thursday,14,False,False
201800004740,NonLethal,TwilightOrDawn,No,T-type,HeavyRain,2Vehicles-Side,1,Thursday,7,False,False
201800048905,NonLethal,Daylight,No,NoIntersection,LightRain,2Vehicles-Behind,5,Friday,11,False,False
201800057252,NonLethal,Daylight,Yes,NoIntersection,Normal,Other,5,Friday,13,False,False
201800027818,NonLethal,TwilightOrDawn,Yes,Roundabout,LightRain,NoCollision,1,Friday,17,False,False
201800005753,NonLethal,Daylight,Yes,X-type,Normal,2Vehicles-Side,7,Sunday,8,True,False
201800023226,NonLethal,Daylight,Yes,X-type,Normal,2Vehicles-BehindVehicles-Frontal,11,Friday,9,False,False
201800002512,NonLethal,Daylight,No,NoIntersection,Normal,2Vehicles-Side,6,Wednesday,16,False,False
201800031948,NonLethal,Daylight,Yes,T-type,Normal,Other,9,Saturday,9,True,False
201800025468,NonLethal,Daylight,Yes,NoIntersection,Normal,NoCollision,8,Friday,17,False,False
201800010473,NonLethal,Daylight,No,NoIntersection,Normal,2Vehicles-Behind,3,Thursday,19,False,False
201800019448,NonLethal,NightNoStreetLight,No,NoIntersection,Overcast,Other,12,Monday,3,False,True
201800045390,NonLethal,Daylight,No,NoIntersection,LightRain,2Vehicles-Behind,10,Tuesday,9,False,False
201800011416,Lethal,Daylight,Yes,NoIntersection,VeryGood,Other,1,Friday,16,False,False
201800044498,NonLethal,Daylight,No,NoIntersection,LightRain,Other,4,Sunday,13,True,False
201800000305,NonLethal,Daylight,No,NoIntersection,Normal,2Vehicles-Side,4,Thursday,17,False,False
201800050671,NonLethal,Daylight,Yes,X-type,SnowOrHail,2Vehicles-Side,3,Sunday,8,True,False
201800024239,NonLethal,Daylight,Yes,NoIntersection,Normal,2Vehicles-Side,1,Wednesday,14,False,False
201800039425,NonLethal,Daylight,Yes,Roundabout,VeryGood,2Vehicles-Side,9,Tuesday,19,False,False
201800015155,NonLethal,Daylight,No,NoIntersection,Normal,2Vehicles-BehindVehicles-Frontal,3,Friday,17,False,False
201800051845,NonLethal,Daylight,Yes,NoIntersection,Normal,Other,10,Wednesday,8,False,False
201800004793,NonLethal,Daylight,No,X-type,Normal,2Vehicles-Side,2,Saturday,15,True,False
201800029218,NonLethal,Daylight,Yes,Roundabout,Normal,NoCollision,6,Sunday,11,True,False
201800056606,NonLethal,Daylight,Yes,NoIntersection,Normal,3+Vehicles-Chain,7,Thursday,9,False,False
201800005196,NonLethal,Daylight,Yes,NoIntersection,Normal,NoCollision,2,Friday,13,False,False
201800023119,NonLethal,Daylight,Yes,NoIntersection,Normal,Other,6,Friday,16,False,False
201800002134,NonLethal,Daylight,No,X-type,Normal,2Vehicles-Side,9,Thursday,18,False,False
201800003794,Lethal,NightNoStreetLight,No,NoIntersection,LightRain,Other,1,Saturday,21,True,False
201800041728,NonLethal,NightStreelightsOn,Yes,NoIntersection,Overcast,2Vehicles-BehindVehicles-Frontal,3,Tuesday,19,False,False
201800006652,NonLethal,Daylight,No,NoIntersection,Normal,2Vehicles-Behind,6,Friday,13,False,False
201800048760,NonLethal,NightStreelightsOn,Yes,NoIntersection,FogOrSmoke,NoCollision,12,Tuesday,7,False,False
201800021293,NonLethal,NightStreelightsOn,Yes,NoIntersection,Normal,2Vehicles-BehindVehicles-Frontal,3,Sunday,6,True,True
201800017922,NonLethal,Daylight,Yes,Other,LightRain,Other,3,Monday,11,False,False
201800020935,NonLethal,Daylight,Yes,NoIntersection,Normal,NoCollision,7,Saturday,21,True,False
201800044320,NonLethal,Daylight,No,NoIntersection,Normal,2Vehicles-Behind,10,Friday,15,False,False
201800016291,Lethal,NightNoStreetLight,No,NoIntersection,Normal,NoCollision,7,Sunday,0,True,True
201800031469,NonLethal,NightStreelightsOn,Yes,X-type,Normal,2Vehicles-Side,10,Saturday,22,True,False
201800042384,NonLethal,Daylight,No,Other,Normal,NoCollision,10,Thursday,12,False,False
201800044223,NonLethal,Daylight,No,NoIntersection,LightRain,Other,9,Thursday,8,False,False
201800022069,NonLethal,Daylight,Yes,X-type,LightRain,2Vehicles-Side,6,Saturday,8,True,False
201800047615,NonLethal,Daylight,Yes,NoIntersection,Normal,3+Vehicles-Chain,7,Tuesday,9,False,False
201800001483,NonLethal,Daylight,No,X-type,Normal,2Vehicles-Side,9,Saturday,15,True,False
201800014896,NonLethal,Daylight,No,NoIntersection,Normal,NoCollision,2,Monday,16,False,False
201800035745,NonLethal,Daylight,No,NoIntersection,Normal,Other,6,Monday,15,False,False
201800013448,NonLethal,Daylight,No,NoIntersection,Normal,3+Vehicles-Multiple,7,Sunday,17,True,False
201800015945,NonLethal,Daylight,No,NoIntersection,Normal,2Vehicles-BehindVehicles-Frontal,8,Monday,15,False,False
201800022162,NonLethal,TwilightOrDawn,Yes,NoIntersection,HeavyRain,Other,12,Friday,9,False,False
201800023325,NonLethal,Daylight,No,NoIntersection,Normal,3+Vehicles-Chain,2,Sunday,16,True,False
201800000046,NonLethal,NightStreelightsOn,No,T-type,Overcast,NoCollision,10,Sunday,0,True,True
201800034187,NonLethal,Daylight,No,NoIntersection,Normal,2Vehicles-Behind,4,Sunday,16,True,False
201800002195,NonLethal,TwilightOrDawn,No,NoIntersection,Normal,2Vehicles-BehindVehicles-Frontal,2,Thursday,17,False,False
201800040372,NonLethal,NightStreelightsOn,Yes,NoIntersection,Normal,Other,12,Tuesday,18,False,False
201800056359,Lethal,Daylight,No,NoIntersection,Normal,2Vehicles-BehindVehicles-Frontal,9,Friday,13,False,False
201800011289,NonLethal,Daylight,Yes,NoIntersection,FogOrSmoke,Other,11,Saturday,16,True,False
201800008043,NonLethal,Daylight,No,NoIntersection,Normal,2Vehicles-Side,6,Monday,8,False,False
201800023529,NonLethal,Daylight,No,NoIntersection,Normal,NoCollision,12,Sunday,7,True,False
201800053843,NonLethal,NightStreelightsOn,Yes,Square,Normal,2Vehicles-Side,7,Saturday,1,True,True
201800011926,NonLethal,Daylight,Yes,NoIntersection,VeryGood,Other,9,Tuesday,8,False,False
201800006607,NonLethal,Daylight,No,NoIntersection,FogOrSmoke,NoCollision,12,Friday,11,False,False
201800039171,NonLethal,NightStreelightsOn,Yes,NoIntersection,LightRain,Other,7,Thursday,17,False,False
201800039212,NonLethal,Daylight,Yes,NoIntersection,Normal,2Vehicles-Side,1,Saturday,11,True,False
201800025386,NonLethal,Daylight,Yes,X-type,Normal,2Vehicles-Side,6,Friday,16,False,False
201800008738,NonLethal,Daylight,Yes,NoIntersection,Normal,3+Vehicles-Chain,3,Monday,17,False,False
201800030187,NonLethal,Daylight,Yes,X-type,Normal,2Vehicles-Side,4,Saturday,11,True,False
201800025054,NonLethal,NightStreelightsOn,Yes,Roundabout,HeavyRain,2Vehicles-Side,12,Monday,8,False,False
201800018805,NonLethal,Daylight,No,Y-type,Normal,Other,2,Friday,13,False,False
201800028719,NonLethal,Daylight,Yes,X-type,Normal,2Vehicles-Side,4,Wednesday,20,False,False
201800015897,NonLethal,Daylight,No,NoIntersection,Normal,2Vehicles-Side,8,Wednesday,14,False,False
201800056375,NonLethal,Daylight,Yes,NoIntersection,Normal,Other,8,Monday,12,False,False
201800012101,Lethal,NightNoStreetLight,No,NoIntersection,Normal,Other,8,Friday,23,False,False
201800032797,NonLethal,Daylight,Yes,NoIntersection,Normal,Other,6,Saturday,17,True,False
201800036547,NonLethal,Daylight,Yes,NoIntersection,Normal,3+Vehicles-Chain,7,Tuesday,13,False,False
201800054083,NonLethal,Daylight,Yes,T-type,Normal,2Vehicles-Side,4,Saturday,14,True,False
201800039011,NonLethal,Daylight,Yes,NoIntersection,Normal,2Vehicles-Behind,5,Saturday,19,True,False
201800021761,NonLethal,Daylight,No,NoIntersection,Normal,Other,8,Friday,10,False,False
201800040699,NonLethal,NightStreelightsOn,Yes,X-type,Normal,2Vehicles-Side,8,Saturday,4,True,True
201800007839,NonLethal,Daylight,No,NoIntersection,Normal,2Vehicles-Side,7,Tuesday,15,False,False
201800033931,NonLethal,TwilightOrDawn,Yes,Roundabout,Normal,2Vehicles-BehindVehicles-Frontal,1,Friday,8,False,False
201800016772,NonLethal,Daylight,No,NoIntersection,Normal,2Vehicles-BehindVehicles-Frontal,5,Sunday,15,True,False
201800026785,NonLethal,Daylight,Yes,NoIntersection,Normal,2Vehicles-Side,4,Monday,8,False,False
201800038579,NonLethal,Daylight,Yes,X-type,Normal,2Vehicles-Side,5,Thursday,9,False,False
201800042174,NonLethal,Daylight,Yes,NoIntersection,Normal,Other,5,Friday,9,False,False
201800022350,NonLethal,Daylight,Yes,Other,Normal,2Vehicles-Side,6,Sunday,8,True,False
201800052810,NonLethal,NightStreelightsOn,Yes,NoIntersection,Normal,Other,8,Thursday,21,False,False
201800036036,NonLethal,NightNoStreetLight,No,NoIntersection,Normal,Other,6,Monday,5,False,True
201800004813,NonLethal,Daylight,Yes,NoIntersection,Normal,2Vehicles-Behind,5,Tuesday,9,False,False
201800038789,NonLethal,NightStreelightsOn,Yes,T-type,Normal,2Vehicles-Side,12,Tuesday,21,False,False
201800013370,NonLethal,Daylight,No,NoIntersection,Normal,Other,10,Saturday,18,True,False
201800006852,NonLethal,TwilightOrDawn,No,NoIntersection,SnowOrHail,3+Vehicles-Chain,3,Saturday,18,True,False
201800048702,NonLethal,NightStreelightsOn,Yes,X-type,HeavyRain,2Vehicles-Side,11,Friday,17,False,False
201800003953,NonLethal,Daylight,Yes,T-type,Normal,2Vehicles-Behind,2,Friday,14,False,False
201800032857,NonLethal,NightStreelightsOn,Yes,NoIntersection,Normal,2Vehicles-Side,9,Wednesday,19,False,False
201800016153,NonLethal,Daylight,No,X-type,Normal,Other,1,Wednesday,10,False,False
201800053924,NonLethal,NightStreelightsOn,Yes,NoIntersection,Normal,2Vehicles-Side,10,Tuesday,19,False,False
201800026190,NonLethal,Daylight,Yes,X-type,LightRain,Other,6,Tuesday,19,False,False
201800049509,NonLethal,Daylight,No,NoIntersection,Normal,3+Vehicles-Multiple,12,Tuesday,13,False,False
201800036532,NonLethal,Daylight,Yes,X-type,Normal,2Vehicles-Side,4,Sunday,7,True,False
201800051254,Lethal,TwilightOrDawn,Yes,X-type,Normal,Other,11,Thursday,16,False,False
201800009307,NonLethal,Daylight,Yes,T-type,Normal,Other,6,Thursday,10,False,False
201800026087,NonLethal,NightStreelightsOn,Yes,NoIntersection,LightRain,Other,1,Sunday,19,True,False
201800037547,NonLethal,Daylight,Yes,Square,Normal,Other,5,Thursday,17,False,False
201800009020,NonLethal,NightStreelightsOn,Yes,Other,Normal,2Vehicles-Side,5,Friday,21,False,False
201800019655,NonLethal,Daylight,Yes,NoIntersection,Normal,Other,5,Saturday,18,True,False
201800027519,NonLethal,Daylight,Yes,NoIntersection,Normal,NoCollision,12,Tuesday,11,False,False
201800031612,NonLethal,Daylight,No,Roundabout,Normal,NoCollision,5,Saturday,9,True,False
201800050560,NonLethal,Daylight,Yes,NoIntersection,LightRain,NoCollision,5,Sunday,11,True,False
201800049701,NonLethal,Daylight,No,NoIntersection,LightRain,NoCollision,2,Saturday,13,True,False
201800046907,NonLethal,Daylight,No,NoIntersection,Normal,3+Vehicles-Chain,9,Thursday,8,False,False
201800051523,NonLethal,Daylight,Yes,NoIntersection,Normal,2Vehicles-Behind,6,Tuesday,8,False,False
201800044835,NonLethal,NightNoStreetLight,No,NoIntersection,HeavyRain,2Vehicles-Behind,4,Monday,1,False,True
201800023548,NonLethal,Daylight,No,NoIntersection,Normal,2Vehicles-Behind,4,Sunday,12,True,False
201800028358,NonLethal,Daylight,Yes,NoIntersection,Normal,Other,3,Wednesday,10,False,False
201800031213,NonLethal,Daylight,No,NoIntersection,Normal,Other,3,Friday,8,False,False
201800036393,NonLethal,Daylight,Yes,NoIntersection,LightRain,Other,11,Thursday,8,False,False
201800057067,NonLethal,Daylight,Yes,Other,Normal,2Vehicles-Side,10,Wednesday,10,False,False
201800014231,NonLethal,Daylight,Yes,NoIntersection,Normal,NoCollision,7,Saturday,19,True,False
201800009565,NonLethal,Daylight,Yes,T-type,Normal,2Vehicles-BehindVehicles-Frontal,8,Saturday,19,True,False
201800051696,NonLethal,NightStreelightsOn,Yes,T-type,Normal,Other,10,Thursday,20,False,False
201800035386,NonLethal,Daylight,Yes,NoIntersection,Normal,2Vehicles-Side,6,Tuesday,17,False,False
201800031121,Lethal,Daylight,Yes,NoIntersection,Normal,Other,7,Friday,20,False,False
201800019409,NonLethal,Daylight,Yes,NoIntersection,Normal,2Vehicles-Behind,3,Tuesday,11,False,False
201800027318,NonLethal,Daylight,Yes,NoIntersection,Normal,2Vehicles-Side,5,Sunday,20,True,False
201800027052,NonLethal,Daylight,Yes,NoIntersection,Normal,2Vehicles-Side,5,Tuesday,14,False,False
201800025894,NonLethal,TwilightOrDawn,Yes,NoIntersection,Normal,NoCollision,5,Thursday,5,False,True
201800043350,NonLethal,Daylight,Yes,NoIntersection,LightRain,2Vehicles-BehindVehicles-Frontal,10,Monday,11,False,False
201800024818,NonLethal,Daylight,Yes,T-type,Normal,2Vehicles-Behind,6,Sunday,18,True,False
201800033904,NonLethal,Daylight,Yes,X-type,Normal,Other,12,Wednesday,17,False,False
201800023866,NonLethal,NightStreelightsOn,Yes,T-type,Overcast,Other,2,Tuesday,23,False,False
201800052009,NonLethal,Daylight,Yes,NoIntersection,Normal,2Vehicles-Side,4,Monday,19,False,False
201800031591,NonLethal,Daylight,No,NoIntersection,Normal,Other,3,Wednesday,15,False,False
201800014161,NonLethal,TwilightOrDawn,No,NoIntersection,Normal,2Vehicles-BehindVehicles-Frontal,9,Friday,8,False,False
201800009269,NonLethal,TwilightOrDawn,Yes,X-type,Normal,2Vehicles-Side,6,Saturday,21,True,False
201800016745,NonLethal,NightNoStreetLight,No,NoIntersection,Overcast,Other,10,Monday,22,False,False
201800012315,NonLethal,Daylight,Yes,NoIntersection,Normal,2Vehicles-BehindVehicles-Frontal,10,Sunday,14,True,False
201800015236,NonLethal,NightNoStreetLight,No,NoIntersection,LightRain,Other,1,Wednesday,23,False,False
201800049102,NonLethal,TwilightOrDawn,No,NoIntersection,LightRain,2Vehicles-Side,12,Monday,7,False,False
201800040054,NonLethal,Daylight,Yes,X-type,Normal,2Vehicles-Side,8,Friday,9,False,False
201800004414,NonLethal,TwilightOrDawn,Yes,NoIntersection,Normal,Other,6,Tuesday,20,False,False
201800040632,NonLethal,NightStreelightsOn,Yes,NoIntersection,Normal,Other,11,Friday,6,False,True
201800050818,NonLethal,Daylight,Yes,Y-type,Normal,2Vehicles-Side,12,Tuesday,9,False,False
201800020250,NonLethal,Daylight,Yes,NoIntersection,Normal,Other,7,Sunday,14,True,False
201800001256,NonLethal,NightNoStreetLight,No,NoIntersection,LightRain,Other,4,Saturday,4,True,True
201800006849,NonLethal,Daylight,No,NoIntersection,Normal,Other,1,Tuesday,16,False,False
201800017002,NonLethal,Daylight,Yes,T-type,VeryGood,2Vehicles-Side,2,Thursday,14,False,False
201800023044,NonLethal,Daylight,Yes,NoIntersection,Normal,2Vehicles-Side,4,Thursday,18,False,False
201800045378,NonLethal,Daylight,No,NoIntersection,Normal,2Vehicles-Behind,10,Sunday,8,True,False
201800021996,NonLethal,Daylight,Yes,T-type,Normal,2Vehicles-Side,1,Friday,17,False,False
201800038537,NonLethal,TwilightOrDawn,Yes,NoIntersection,Normal,2Vehicles-Side,1,Friday,17,False,False
201800025203,NonLethal,NightStreelightsOn,Yes,NoIntersection,Normal,Other,1,Sunday,20,True,False
201800051430,NonLethal,TwilightOrDawn,Yes,Y-type,Normal,2Vehicles-Side,1,Friday,8,False,False
201800033655,NonLethal,NightStreelightsOn,Yes,T-type,Normal,2Vehicles-Side,11,Wednesday,20,False,False
201800045886,NonLethal,NightStreelightsOn,No,NoIntersection,Normal,3+Vehicles-Chain,5,Thursday,18,False,False
201800016603,NonLethal,Daylight,Yes,NoIntersection,VeryGood,Other,8,Friday,8,False,False
201800057675,NonLethal,NightNoStreetLight,Yes,NoIntersection,Normal,Other,7,Sunday,0,True,True
201800026180,NonLethal,Daylight,Yes,NoIntersection,Normal,2Vehicles-Behind,4,Friday,18,False,False
201800008678,NonLethal,Daylight,Yes,NoIntersection,Normal,Other,3,Friday,8,False,False
201800031098,NonLethal,Daylight,Yes,Other,Normal,Other,6,Friday,13,False,False
201800020132,NonLethal,TwilightOrDawn,Yes,X-type,FogOrSmoke,Other,11,Monday,7,False,False
201800022921,NonLethal,NightStreelightsOff,No,NoIntersection,Normal,2Vehicles-Behind,9,Sunday,4,True,True
201800030691,NonLethal,Daylight,Yes,Other,Normal,2Vehicles-BehindVehicles-Frontal,8,Thursday,15,False,False
201800009516,NonLethal,NightStreelightsOn,Yes,NoIntersection,Normal,2Vehicles-Side,12,Saturday,1,True,True
201800045867,NonLethal,Daylight,No,NoIntersection,Normal,Other,5,Monday,10,False,False
201800051905,NonLethal,TwilightOrDawn,Yes,Y-type,Normal,2Vehicles-Side,1,Thursday,18,False,False
201800044684,NonLethal,TwilightOrDawn,No,NoIntersection,LightRain,2Vehicles-Behind,3,Tuesday,7,False,False
201800015081,NonLethal,Daylight,No,NoIntersection,Normal,3+Vehicles-Chain,11,Thursday,8,False,False
201800020219,NonLethal,Daylight,No,NoIntersection,Normal,NoCollision,10,Saturday,15,True,False
201800044044,NonLethal,Daylight,No,NoIntersection,Normal,2Vehicles-Side,8,Monday,19,False,False
201800057750,NonLethal,NightNoStreetLight,Yes,NoIntersection,Normal,NoCollision,1,Thursday,3,False,True
201800009435,NonLethal,Daylight,Yes,T-type,Normal,2Vehicles-Side,7,Thursday,20,False,False
201800054008,NonLethal,Daylight,Yes,NoIntersection,Normal,NoCollision,12,Sunday,8,True,False
201800046643,NonLethal,Daylight,No,NoIntersection,Normal,2Vehicles-Side,6,Sunday,8,True,False
201800026037,NonLethal,Daylight,Yes,NoIntersection,Normal,Other,9,Tuesday,16,False,False
201800053586,NonLethal,NightNoStreetLight,Yes,T-type,Normal,2Vehicles-Side,2,Sunday,18,True,False
201800036948,NonLethal,NightStreelightsOn,Yes,T-type,Normal,2Vehicles-Side,9,Thursday,20,False,False
201800052658,NonLethal,NightStreelightsOn,Yes,NoIntersection,Normal,2Vehicles-Side,1,Tuesday,1,False,True
201800011134,NonLethal,Daylight,No,NoIntersection,Normal,2Vehicles-Side,10,Tuesday,18,False,False
201800044893,NonLethal,Daylight,No,NoIntersection,Normal,2Vehicles-Side,5,Friday,17,False,False
201800004811,Lethal,NightNoStreetLight,No,NoIntersection,LightRain,Other,3,Tuesday,23,False,False
201800011146,NonLethal,Daylight,No,NoIntersection,Normal,Other,8,Sunday,15,True,False
201800001928,NonLethal,Daylight,No,NoIntersection,LightRain,2Vehicles-BehindVehicles-Frontal,6,Sunday,16,True,False
201800015158,NonLethal,Daylight,No,NoIntersection,Normal,Other,6,Tuesday,12,False,False
201800048192,NonLethal,Daylight,Yes,NoIntersection,Normal,2Vehicles-BehindVehicles-Frontal,4,Sunday,18,True,False
201800032142,NonLethal,Daylight,Yes,X-type,Normal,2Vehicles-Side,12,Friday,14,False,False
201800017813,NonLethal,Daylight,Yes,NoIntersection,Normal,Other,11,Monday,11,False,False
201800021587,Lethal,NightNoStreetLight,No,NoIntersection,Normal,2Vehicles-BehindVehicles-Frontal,6,Sunday,1,True,True
201800024441,NonLethal,Daylight,Yes,NoIntersection,Normal,2Vehicles-Behind,10,Thursday,11,False,False
201800047437,NonLethal,NightStreelightsOn,Yes,NoIntersection,Normal,2Vehicles-BehindVehicles-Frontal,1,Thursday,4,False,True
201800024717,NonLethal,Daylight,No,NoIntersection,Normal,2Vehicles-Behind,4,Thursday,9,False,False
201800006556,NonLethal,Daylight,No,NoIntersection,Normal,Other,12,Saturday,20,True,False
201800053295,NonLethal,Daylight,Yes,NoIntersection,Normal,Other,3,Monday,12,False,False
201800054289,NonLethal,Daylight,Yes,NoIntersection,Normal,Other,11,Monday,13,False,False
201800024264,NonLethal,Daylight,Yes,NoIntersection,Normal,Other,2,Saturday,17,True,False
201800004255,NonLethal,Daylight,Yes,Roundabout,Normal,2Vehicles-BehindVehicles-Frontal,4,Friday,12,False,False
201800056593,NonLethal,Daylight,No,NoIntersection,Normal,2Vehicles-Side,4,Sunday,16,True,False
201800032627,NonLethal,NightStreelightsOn,Yes,NoIntersection,HeavyRain,2Vehicles-BehindVehicles-Frontal,10,Monday,20,False,False
201800016839,NonLethal,NightNoStreetLight,No,NoIntersection,Normal,2Vehicles-BehindVehicles-Frontal,11,Saturday,4,True,True
201800022730,NonLethal,Daylight,No,NoIntersection,Normal,Other,11,Saturday,14,True,False
201800026055,NonLethal,NightStreelightsOn,Yes,X-type,LightRain,2Vehicles-Side,11,Wednesday,21,False,False
201800001488,NonLethal,TwilightOrDawn,No,NoIntersection,Normal,Other,9,Saturday,20,True,False
201800004450,NonLethal,Daylight,Yes,NoIntersection,Normal,NoCollision,3,Wednesday,8,False,False
201800001144,Lethal,NightNoStreetLight,No,NoIntersection,Normal,Other,5,Thursday,1,False,True
201800003211,NonLethal,Daylight,No,NoIntersection,Normal,2Vehicles-Side,4,Tuesday,17,False,False
201800030742,NonLethal,Daylight,Yes,NoIntersection,Normal,3+Vehicles-Chain,2,Wednesday,16,False,False