AccidentId,Gravity,Light,InAgglomeration,IntersectionType,Weather,CollisionType,Month,DayOfWeek,HourOfDay,IsWeekend,IsNight
201800015186,Lethal,Daylight,Yes,NoIntersection,Overcast,NoCollision,2,Sunday,13,True,False
201800005359,NonLethal,NightNoStreetLight,Yes,NoIntersection,Normal,2Vehicles-Behind,3,Friday,20,False,False
201800035598,NonLethal,NightNoStreetLight,No,Other,Normal,2Vehicles-BehindVehicles-Frontal,9,Wednesday,20,False,False
201800045701,NonLethal,Daylight,No,NoIntersection,SnowOrHail,3+Vehicles-Chain,2,Tuesday,9,False,False
201800050143,NonLethal,NightNoStreetLight,No,NoIntersection,LightRain,Other,11,Friday,20,False,False
201800030061,NonLethal,NightStreelightsOn,Yes,NoIntersection,Normal,NoCollision,4,Monday,21,False,False
201800014006,NonLethal,NightStreelightsOn,Yes,T-type,Normal,Other,12,Saturday,5,True,True
201800012492,NonLethal,Daylight,No,NoIntersection,VeryGood,NoCollision,8,Saturday,10,True,False
201800033315,NonLethal,Daylight,No,NoIntersection,Normal,2Vehicles-Side,10,Sunday,12,True,False
201800052257,NonLethal,NightStreelightsOn,Yes,Y-type,Normal,Other,11,Saturday,18,True,False
201800038287,NonLethal,Daylight,Yes,X-type,Normal,Other,6,Monday,19,False,False
201800024224,NonLethal,NightStreelightsOn,Yes,NoIntersection,Normal,Other,11,Friday,22,False,False
201800045821,NonLethal,NightNoStreetLight,No,NoIntersection,Normal,Other,4,Sunday,22,True,False
201800022642,NonLethal,Daylight,Yes,NoIntersection,Normal,Other,12,Thursday,10,False,False
201800021083,Lethal,Daylight,Yes,T-type,Normal,2Vehicles-Side,7,Sunday,16,True,False
201800033189,NonLethal,Daylight,Yes,NoIntersection,Normal,Other,11,Thursday,13,False,False
201800026404,NonLethal,Daylight,No,NoIntersection,Normal,2Vehicles-Behind,8,Sunday,11,True,False
201800012097,NonLethal,Daylight,No,NoIntersection,Normal,2Vehicles-BehindVehicles-Frontal,1,Monday,17,False,False
201800049465,NonLethal,NightNoStreetLight,No,NoIntersection,Normal,3+Vehicles-Chain,10,Monday,20,False,False
201800032932,NonLethal,Daylight,Yes,Other,Normal,NoCollision,8,Friday,12,False,False
201800023959,NonLethal,Daylight,Yes,Y-type,Normal,Other,7,Thursday,9,False,False
201800008925,NonLethal,NightStreelightsOn,Yes,X-type,Normal,2Vehicles-BehindVehicles-Frontal,4,Friday,21,False,False
201800027117,NonLethal,TwilightOrDawn,Yes,NoIntersection,LightRain,Other,1,Saturday,17,True,False
201800046443,NonLethal,Daylight,No,NoIntersection,LightRain,Other,3,Sunday,15,True,False
201800001709,NonLethal,NightStreelightsOn,Yes,NoIntersection,Overcast,2Vehicles-Side,11,Tuesday,18,False,False
201800036790,NonLethal,Daylight,Yes,NoIntersection,Normal,2Vehicles-Behind,10,Thursday,10,False,False
201800016396,NonLethal,Daylight,Yes,NoIntersection,Normal,2Vehicles-Side,10,Tuesday,17,False,False
201800031286,NonLethal,Daylight,Yes,T-type,Normal,2Vehicles-Side,7,Wednesday,11,False,False
201800041960,NonLethal,Daylight,Yes,Roundabout,Normal,2Vehicles-Side,3,Thursday,9,False,False
201800014991,NonLethal,Daylight,No,NoIntersection,SnowOrHail,2Vehicles-BehindVehicles-Frontal,2,Saturday,9,True,False
201800013128,NonLethal,Daylight,No,NoIntersection,Normal,2Vehicles-Side,6,Thursday,16,False,False
201800017480,NonLethal,Daylight,No,NoIntersection,Normal,NoCollision,4,Tuesday,15,False,False
201800044279,NonLethal,Daylight,No,Other,Normal,Other,3,Saturday,17,True,False
201800023843,NonLethal,NightStreelightsOn,Yes,T-type,LightRain,Other,1,Tuesday,7,False,False
201800048789,NonLethal,Daylight,Yes,X-type,Normal,2Vehicles-Side,12,Monday,15,False,False
201800005536,NonLethal,TwilightOrDawn,Yes,NoIntersection,Normal,Other,10,Thursday,18,False,False
201800041724,NonLethal,Daylight,Yes,NoIntersection,LightRain,Other,2,Monday,16,False,False
201800006825,NonLethal,Daylight,No,NoIntersection,Normal,Other,8,Saturday,10,True,False
201800022668,NonLethal,Daylight,No,NoIntersection,Normal,2Vehicles-Side,7,Monday,12,False,False
201800046361,NonLethal,Daylight,No,NoIntersection,LightRain,3+Vehicles-Chain,1,Friday,14,False,False
201800032272,NonLethal,Daylight,Yes,NoIntersection,LightRain,2Vehicles-BehindVehicles-Frontal,3,Saturday,13,True,False
201800029922,NonLethal,NightStreelightsOn,Yes,NoIntersection,Normal,2Vehicles-BehindVehicles-Frontal,1,Friday,18,False,False
201800031833,NonLethal,TwilightOrDawn,Yes,NoIntersection,Normal,Other,7,Tuesday,21,False,False
201800011017,NonLethal,Daylight,No,Roundabout,Overcast,2Vehicles-Side,10,Wednesday,10,False,False
201800052337,NonLethal,Daylight,Yes,X-type,Normal,Other,2,Friday,12,False,False
201800048440,NonLethal,Daylight,Yes,X-type,Normal,Other,7,Tuesday,8,False,False
201800043078,NonLethal,NightStreelightsOn,Yes,NoIntersection,Normal,3+Vehicles-Chain,9,Tuesday,18,False,False
201800001434,NonLethal,Daylight,No,NoIntersection,Normal,2Vehicles-BehindVehicles-Frontal,8,Tuesday,7,False,False
201800012642,NonLethal,Daylight,No,NoIntersection,Normal,Other,12,Wednesday,11,False,False
201800041237,NonLethal,NightStreelightsOn,Yes,NoIntersection,Normal,2Vehicles-Behind,5,Thursday,23,False,False
201800017073,NonLethal,Daylight,No,NoIntersection,Normal,Other,7,Tuesday,15,False,False
201800003123,NonLethal,Daylight,Yes,NoIntersection,Normal,Other,6,Friday,9,False,False
201800012251,NonLethal,Daylight,Yes,Other,Normal,3+Vehicles-Chain,12,Monday,15,False,False
201800012676,NonLethal,Daylight,No,NoIntersection,Normal,2Vehicles-Behind,8,Thursday,15,False,False
201800056102,NonLethal,NightStreelightsOn,Yes,NoIntersection,Normal,Other,4,Saturday,20,True,False
201800050596,NonLethal,Daylight,Yes,T-type,Normal,Other,9,Tuesday,15,False,False
201800055630,NonLethal,Daylight,Yes,NoIntersection,Normal,2Vehicles-Side,10,Thursday,12,False,False
201800019372,NonLethal,Daylight,Yes,Roundabout,Normal,2Vehicles-Side,6,Thursday,18,False,False
201800046234,NonLethal,NightNoStreetLight,No,NoIntersection,Normal,2Vehicles-BehindVehicles-Frontal,11,Sunday,4,True,True
201800046582,NonLethal,Daylight,No,NoIntersection,Normal,3+Vehicles-Multiple,5,Friday,19,False,False
201800029674,NonLethal,NightStreelightsOn,Yes,T-type,Normal,2Vehicles-Side,3,Wednesday,21,False,False
201800028145,NonLethal,NightStreelightsOn,Yes,X-type,Overcast,2Vehicles-Side,11,Wednesday,17,False,False
201800007747,NonLethal,Daylight,Yes,NoIntersection,Normal,Other,4,Saturday,14,True,False
201800043972,NonLethal,Daylight,No,NoIntersection,Normal,Other,5,Saturday,6,True,True
201800020637,NonLethal,Daylight,Yes,NoIntersection,Normal,2Vehicles-BehindVehicles-Frontal,11,Thursday,16,False,False
201800009957,NonLethal,NightStreelightsOn,Yes,Other,Normal,2Vehicles-BehindVehicles-Frontal,10,Sunday,17,True,False
201800021089,NonLethal,Daylight,Yes,X-type,Overcast,2Vehicles-Side,1,Friday,11,False,False
201800023572,NonLethal,Daylight,No,T-type,LightRain,2Vehicles-Side,5,Thursday,8,False,False
201800018671,NonLethal,NightNoStreetLight,No,Y-type,Normal,2Vehicles-BehindVehicles-Frontal,11,Saturday,23,True,False
201800056186,NonLethal,Daylight,Yes,NoIntersection,Normal,Other,12,Monday,15,False,False
201800051781,NonLethal,Daylight,Yes,NoIntersection,Normal,NoCollision,7,Friday,18,False,False
201800052587,NonLethal,NightStreelightsOn,Yes,T-type,Normal,Other,11,Friday,18,False,False
201800055063,Lethal,NightStreelightsOn,Yes,NoIntersection,Normal,Other,3,Wednesday,2,False,True
201800002087,NonLethal,Daylight,No,NoIntersection,Normal,Other,8,Wednesday,15,False,False
201800046453,NonLethal,Daylight,No,NoIntersection,Normal,2Vehicles-Behind,3,Thursday,9,False,False
201800032811,NonLethal,NightNoStreetLight,No,NoIntersection,FogOrSmoke,Other,2,Sunday,20,True,False
201800031891,NonLethal,Daylight,Yes,NoIntersection,Normal,3+Vehicles-Chain,8,Wednesday,10,False,False
201800000265,NonLethal,Daylight,Yes,NoIntersection,Normal,Other,11,Friday,10,False,False
201800043826,NonLethal,Daylight,No,NoIntersection,LightRain,2Vehicles-Behind,2,Tuesday,11,False,False
201800002224,NonLethal,Daylight,Yes,NoIntersection,Normal,2Vehicles-BehindVehicles-Frontal,12,Saturday,13,True,False
201800024790,NonLethal,Daylight,Yes,X-type,LightRain,2Vehicles-Side,6,Wednesday,18,False,False
201800051105,NonLethal,NightStreelightsOn,Yes,Y-type,Normal,Other,6,Thursday,4,False,True
201800023332,NonLethal,Daylight,Yes,T-type,Normal,2Vehicles-Side,11,Thursday,9,False,False
201800012771,Lethal,Daylight,No,NoIntersection,Normal,2Vehicles-BehindVehicles-Frontal,2,Tuesday,16,False,False
201800055841,NonLethal,Daylight,Yes,NoIntersection,Normal,NoCollision,12,Sunday,10,True,False
201800055926,NonLethal,NightNoStreetLight,No,Other,Normal,3+Vehicles-Multiple,1,Sunday,18,True,False
201800047526,NonLethal,NightStreelightsOn,Yes,NoIntersection,Normal,2Vehicles-Behind,5,Wednesday,0,False,True
201800004709,NonLethal,NightStreelightsOn,Yes,NoIntersection,Normal,Other,12,Wednesday,23,False,False
201800030698,NonLethal,Daylight,Yes,NoIntersection,Normal,2Vehicles-Side,9,Tuesday,17,False,False
201800023983,NonLethal,NightStreelightsOn,Yes,T-type,Normal,NoCollision,7,Monday,0,False,True
201800057438,NonLethal,Daylight,No,NoIntersection,Normal,2Vehicles-BehindVehicles-Frontal,3,Thursday,7,False,False
201800019496,NonLethal,NightStreelightsOn,Yes,T-type,LightRain,2Vehicles-BehindVehicles-Frontal,1,Sunday,18,True,False
201800038068,NonLethal,NightStreelightsOn,Yes,NoIntersection,Normal,Other,1,Saturday,19,True,False
201800021461,NonLethal,NightStreelightsOn,Yes,T-type,Normal,2Vehicles-Side,11,Wednesday,18,False,False
201800055518,NonLethal,Daylight,Yes,NoIntersection,Normal,2Vehicles-Side,7,Friday,17,False,False
201800049487,NonLethal,Daylight,No,NoIntersection,Normal,Other,10,Thursday,13,False,False
201800016552,NonLethal,NightNoStreetLight,No,NoIntersection,Normal,Other,9,Sunday,23,True,False
201800045696,NonLethal,NightNoStreetLight,No,NoIntersection,Normal,Other,5,Wednesday,6,False,True
201800018766,Lethal,Daylight,No,X-type,Normal,2Vehicles-Side,1,Tuesday,10,False,False
201800025034,NonLethal,Daylight,Yes,X-type,Normal,2Vehicles-Side,11,Monday,13,False,False
201800049206,NonLethal,NightNoStreetLight,No,NoIntersection,Normal,2Vehicles-Side,7,Friday,5,False,True
201800046058,NonLethal,Daylight,No,NoIntersection,Normal,2Vehicles-Behind,6,Thursday,14,False,False
201800014741,NonLethal,Daylight,No,NoIntersection,Normal,2Vehicles-Side,8,Monday,12,False,False
201800035404,NonLethal,Daylight,Yes,NoIntersection,Normal,3+Vehicles-Chain,8,Wednesday,14,False,False
201800024071,NonLethal,NightStreelightsOn,Yes,NoIntersection,HeavyRain,2Vehicles-Side,12,Saturday,4,True,True
201800026445,NonLethal,Daylight,Yes,NoIntersection,Normal,2Vehicles-Behind,6,Monday,18,False,False
201800016950,NonLethal,Daylight,Yes,NoIntersection,Normal,Other,5,Friday,18,False,False
201800014696,NonLethal,Daylight,No,T-type,Normal,2Vehicles-BehindVehicles-Frontal,4,Saturday,16,True,False
201800038917,NonLethal,Daylight,Yes,T-type,Normal,2Vehicles-Side,5,Tuesday,16,False,False
201800054340,NonLethal,NightStreelightsOn,Yes,T-type,Normal,Other,2,Friday,1,False,True
201800017086,NonLethal,NightNoStreetLight,Yes,NoIntersection,Normal,Other,8,Sunday,5,True,True
201800012551,NonLethal,NightStreelightsOn,Yes,NoIntersection,Normal,Other,12,Saturday,1,True,True
201800033509,NonLethal,Daylight,Yes,T-type,Normal,2Vehicles-Side,7,Sunday,17,True,False
201800041822,NonLethal,NightStreelightsOn,Yes,NoIntersection,Normal,2Vehicles-Behind,12,Friday,18,False,False
201800044087,NonLethal,NightNoStreetLight,No,NoIntersection,Normal,2Vehicles-Behind,6,Saturday,2,True,True
201800002061,NonLethal,Daylight,No,Other,Normal,Other,9,Saturday,11,True,False
201800001009,NonLethal,Daylight,Yes,NoIntersection,Normal,2Vehicles-Side,10,Friday,12,False,False
201800004338,NonLethal,Daylight,No,Other,Normal,2Vehicles-BehindVehicles-Frontal,4,Wednesday,9,False,False
201800037461,NonLethal,Daylight,Yes,NoIntersection,Normal,2Vehicles-Side,7,Friday,13,False,False
201800038419,NonLethal,Daylight,Yes,NoIntersection,Normal,Other,3,Wednesday,18,False,False
201800043869,NonLethal,Daylight,No,NoIntersection,LightRain,3+Vehicles-Chain,3,Saturday,15,True,False
201800011878,NonLethal,Daylight,No,NoIntersection,Normal,3+Vehicles-Multiple,8,Friday,17,False,False
201800057260,NonLethal,NightStreelightsOn,Yes,NoIntersection,Normal,2Vehicles-BehindVehicles-Frontal,7,Sunday,21,True,False
201800036676,NonLethal,Daylight,Yes,X-type,Normal,2Vehicles-Side,9,Saturday,10,True,False
201800014734,NonLethal,NightNoStreetLight,Yes,NoIntersection,Normal,Other,5,Tuesday,22,False,False
201800009177,NonLethal,Daylight,Yes,Roundabout,Normal,2Vehicles-Side,6,Friday,11,False,False
201800022732,NonLethal,NightNoStreetLight,No,NoIntersection,LightRain,2Vehicles-BehindVehicles-Frontal,3,Thursday,18,False,False
201800024650,NonLethal,NightStreelightsOn,Yes,NoIntersection,LightRain,2Vehicles-BehindVehicles-Frontal,2,Wednesday,20,False,False
201800048941,NonLethal,NightNoStreetLight,No,NoIntersection,Normal,Other,5,Monday,22,False,False
201800011859,Lethal,NightStreelightsOff,No,NoIntersection,Normal,Other,9,Friday,22,False,False
201800015630,NonLethal,NightStreelightsOn,Yes,T-type,Normal,2Vehicles-Side,11,Wednesday,18,False,False
201800022444,NonLethal,NightStreelightsOff,No,NoIntersection,Overcast,2Vehicles-BehindVehicles-Frontal,4,Tuesday,20,False,False
201800028857,NonLethal,Daylight,Yes,Roundabout,Normal,NoCollision,11,Thursday,12,False,False
201800036175,NonLethal,NightNoStreetLight,Yes,T-type,Normal,2Vehicles-Behind,9,Friday,7,False,False
201800030397,NonLethal,Daylight,No,X-type,Normal,2Vehicles-Side,6,Friday,16,False,False
201800040566,NonLethal,Daylight,Yes,NoIntersection,Normal,2Vehicles-Behind,12,Thursday,12,False,False
201800006259,Lethal,Daylight,No,NoIntersection,LightRain,NoCollision,12,Monday,7,False,False
201800027586,NonLethal,Daylight,Yes,NoIntersection,Normal,Other,4,Saturday,16,True,False
201800024567,Lethal,Daylight,No,NoIntersection,Normal,3+Vehicles-Multiple,8,Friday,11,False,False
201800009278,NonLethal,Daylight,Yes,Square,Normal,Other,2,Wednesday,15,False,False
201800042266,NonLethal,Daylight,Yes,T-type,Normal,2Vehicles-Side,4,Friday,18,False,False
201800037624,NonLethal,Daylight,Yes,Y-type,Normal,3+Vehicles-Multiple,6,Saturday,7,True,False
201800050002,NonLethal,Daylight,No,NoIntersection,Normal,Other,10,Tuesday,7,False,False
201800000994,NonLethal,Daylight,Yes,NoIntersection,Normal,Other,4,Tuesday,11,False,False
201800012894,NonLethal,NightStreelightsOn,Yes,NoIntersection,Normal,2Vehicles-Side,12,Friday,18,False,False
201800042601,NonLethal,Daylight,Yes,X-type,Normal,2Vehicles-Side,2,Sunday,15,True,False
201800001356,NonLethal,NightNoStreetLight,No,NoIntersection,Normal,Other,7,Sunday,4,True,True
201800016438,NonLethal,TwilightOrDawn,No,X-type,Normal,2Vehicles-BehindVehicles-Frontal,10,Saturday,19,True,False
201800042457,NonLethal,NightStreelightsOn,Yes,NoIntersection,LightRain,Other,4,Monday,22,False,False
201800004908,NonLethal,Daylight,No,NoIntersection,LightRain,2Vehicles-BehindVehicles-Frontal,7,Wednesday,10,False,False
201800017907,NonLethal,NightNoStreetLight,Yes,T-type,Normal,Other,12,Sunday,6,True,True
201800010219,NonLethal,Daylight,Yes,NoIntersection,Normal,2Vehicles-Behind,12,Thursday,12,False,False
201800031368,NonLethal,Daylight,Yes,NoIntersection,Normal,Other,12,Wednesday,13,False,False
201800001646,NonLethal,NightNoStreetLight,No,Other,LightRain,Other,10,Sunday,21,True,False
201800005406,NonLethal,Daylight,Yes,Roundabout,Normal,2Vehicles-Side,6,Friday,13,False,False
201800004666,Lethal,Daylight,Yes,NoIntersection,Normal,Other,6,Tuesday,15,False,False
201800051899,NonLethal,Daylight,Yes,T-type,Normal,Other,12,Thursday,18,False,False
201800054645,NonLethal,NightStreelightsOn,Yes,X-type,LightRain,Other,1,Tuesday,17,False,False
201800041541,NonLethal,Daylight,Yes,X-type,Normal,Other,1,Sunday,11,True,False
201800044772,NonLethal,Daylight,No,NoIntersection,Normal,3+Vehicles-Chain,4,Saturday,11,True,False
201800001878,NonLethal,Daylight,No,X-type,Normal,2Vehicles-Side,10,Sunday,6,True,True
201800048808,NonLethal,Daylight,No,NoIntersection,Normal,2Vehicles-Side,1,Wednesday,17,False,False
201800009545,NonLethal,Daylight,Yes,NoIntersection,Normal,2Vehicles-Side,8,Friday,14,False,False
201800021780,NonLethal,Daylight,No,NoIntersection,Overcast,2Vehicles-Behind,12,Sunday,14,True,False
201800049704,NonLethal,Daylight,No,NoIntersection,Normal,3+Vehicles-Chain,2,Sunday,17,True,False
201800051511,NonLethal,Daylight,Yes,X-type,Normal,Other,6,Saturday,14,True,False
201800004739,NonLethal,Daylight,Yes,X-type,Normal,2Vehicles-Side,9,Friday,15,False,False
201800034816,NonLethal,Daylight,Yes,NoIntersection,Normal,2Vehicles-Behind,4,Sunday,13,True,False
201800016120,NonLethal,Daylight,No,NoIntersection,Normal,3+Vehicles-Multiple,8,Wednesday,18,False,False
201800029613,NonLethal,Daylight,Yes,NoIntersection,Normal,Other,7,Monday,17,False,False
201800047772,NonLethal,NightStreelightsOn,Yes,X-type,LightRain,Other,10,Monday,6,False,True
201800022137,NonLethal,TwilightOrDawn,Yes,X-type,Normal,2Vehicles-Behind,10,Monday,18,False,False
201800030626,NonLethal,Daylight,Yes,Roundabout,Normal,2Vehicles-Side,10,Monday,13,False,False
201800006575,NonLethal,Daylight,No,X-type,Normal,2Vehicles-Side,10,Wednesday,15,False,False
201800053535,NonLethal,Daylight,Yes,Y-type,Normal,Other,9,Wednesday,10,False,False
201800036107,NonLethal,Daylight,No,T-type,Normal,2Vehicles-Side,6,Tuesday,14,False,False
201800011374,Lethal,Daylight,No,NoIntersection,Normal,NoCollision,7,Friday,12,False,False
201800008246,NonLethal,Daylight,Yes,NoIntersection,Normal,Other,5,Thursday,12,False,False
201800027748,NonLethal,Daylight,Yes,Roundabout,Normal,NoCollision,10,Sunday,19,True,False
201800040105,NonLethal,Daylight,Yes,NoIntersection,Normal,2Vehicles-Behind,2,Tuesday,14,False,False
201800025225,NonLethal,Daylight,Yes,T-type,Normal,2Vehicles-Behind,2,Monday,11,False,False
201800005806,NonLethal,Daylight,Yes,Other,Normal,2Vehicles-Side,9,Friday,16,False,False
201800045776,NonLethal,Daylight,No,NoIntersection,Normal,NoCollision,3,Friday,6,False,True
201800002797,NonLethal,Daylight,Yes,X-type,Normal,Other,5,Tuesday,10,False,False
201800010898,NonLethal,Daylight,Yes,T-type,LightRain,2Vehicles-Behind,4,Monday,16,False,False
201800017727,Lethal,NightStreelightsOn,Yes,NoIntersection,LightRain,Other,12,Monday,6,False,True
201800036712,NonLethal,NightStreelightsOn,Yes,NoIntersection,Normal,2Vehicles-Behind,5,Sunday,5,True,True
201800049450,NonLethal,Daylight,No,NoIntersection,Normal,2Vehicles-Behind,3,Saturday,14,True,False
201800026952,NonLethal,Daylight,Yes,Other,LightRain,2Vehicles-Side,10,Thursday,18,False,False
201800037087,NonLethal,NightStreelightsOn,Yes,X-type,Overcast,Other,10,Monday,19,False,False
201800009176,NonLethal,Daylight,Yes,T-type,Normal,Other,6,Friday,10,False,False
201800050418,NonLethal,NightStreelightsOn,Yes,X-type,Normal,2Vehicles-Side,1,Monday,21,False,False
201800051030,NonLethal,Daylight,Yes,Square,Normal,2Vehicles-Side,4,Tuesday,10,False,False
201800018945,NonLethal,Daylight,No,T-type,Normal,2Vehicles-BehindVehicles-Frontal,4,Wednesday,11,False,False
201800016201,NonLethal,Daylight,No,NoIntersection,Normal,Other,9,Friday,16,False,False
201800017199,NonLethal,Daylight,Yes,NoIntersection,Normal,2Vehicles-Side,4,Tuesday,7,False,False
201800004711,NonLethal,Daylight,Yes,Roundabout,LightRain,2Vehicles-Side,6,Tuesday,8,False,False
201800004757,NonLethal,NightNoStreetLight,No,T-type,Normal,Other,11,Wednesday,17,False,False
201800042333,NonLethal,Daylight,Yes,T-type,Normal,Other,7,Monday,17,False,False
201800024401,NonLethal,NightStreelightsOn,Yes,X-type,Normal,2Vehicles-Side,9,Friday,0,False,True
201800018384,NonLethal,Daylight,No,NoIntersection,Normal,Other,4,Friday,18,False,False
201800018970,NonLethal,Daylight,No,NoIntersection,Normal,Other,5,Tuesday,17,False,False
201800040085,NonLethal,Daylight,Yes,NoIntersection,Normal,2Vehicles-Side,5,Wednesday,8,False,False
201800030705,NonLethal,Daylight,Yes,NoIntersection,Normal,Other,10,Wednesday,18,False,False
201800049757,NonLethal,Daylight,No,NoIntersection,Normal,2Vehicles-Behind,3,Friday,13,False,False
201800015679,NonLethal,NightNoStreetLight,No,X-type,Normal,2Vehicles-Side,5,Saturday,1,True,True
201800010478,NonLethal,Daylight,No,Other,Normal,Other,8,Tuesday,17,False,False
201800047220,NonLethal,Daylight,Yes,NoIntersection,Normal,2Vehicles-Side,6,Saturday,11,True,False
201800022874,NonLethal,Daylight,Yes,NoIntersection,Normal,Other,1,Wednesday,12,False,False
201800008393,NonLethal,Daylight,Yes,T-type,Normal,2Vehicles-Side,1,Wednesday,12,False,False
201800039869,NonLethal,Daylight,Yes,T-type,Normal,Other,3,Thursday,11,False,False
201800031114,NonLethal,Daylight,Yes,X-type,Normal,2Vehicles-Side,5,Friday,15,False,False
201800011345,NonLethal,NightNoStreetLight,No,NoIntersection,Normal,NoCollision,4,Tuesday,7,False,False
201800021534,NonLethal,Daylight,Yes,NoIntersection,Normal,2Vehicles-Behind,8,Friday,19,False,False
201800037890,NonLethal,Daylight,Yes,Square,Normal,2Vehicles-Behind,2,Saturday,13,True,False
201800055589,NonLethal,Daylight,Yes,NoIntersection,Normal,3+Vehicles-Multiple,9,Sunday,15,True,False
201800048855,NonLethal,Daylight,No,NoIntersection,Normal,2Vehicles-Side,3,Wednesday,7,False,False
201800048744,NonLethal,Daylight,Yes,Other,Normal,Other,11,Monday,9,False,False
201800006902,NonLethal,Daylight,No,NoIntersection,LightRain,NoCollision,3,Friday,14,False,False
201800049790,NonLethal,NightNoStreetLight,No,NoIntersection,Normal,2Vehicles-Behind,4,Saturday,5,True,True
201800013078,NonLethal,Daylight,No,Roundabout,Normal,NoCollision,5,Wednesday,20,False,False
201800024157,NonLethal,Daylight,No,NoIntersection,Normal,3+Vehicles-Chain,6,Saturday,14,True,False
201800049985,NonLethal,Daylight,No,NoIntersection,Normal,2Vehicles-Behind,8,Saturday,8,True,False
201800016731,NonLethal,Daylight,Yes,NoIntersection,Normal,2Vehicles-Behind,7,Monday,18,False,False
201800046570,NonLethal,Daylight,No,NoIntersection,Normal,2Vehicles-Behind,5,Saturday,12,True,False
201800048729,NonLethal,Daylight,Yes,T-type,Normal,2Vehicles-BehindVehicles-Frontal,12,Monday,12,False,False
201800009792,NonLethal,Daylight,Yes,NoIntersection,Normal,2Vehicles-Behind,9,Tuesday,16,False,False
201800037458,NonLethal,Daylight,Yes,NoIntersection,Normal,2Vehicles-Side,6,Monday,9,False,False
201800022613,NonLethal,NightStreelightsOn,Yes,X-type,Normal,2Vehicles-Behind,9,Friday,22,False,False
201800032004,NonLethal,NightStreelightsOn,Yes,T-type,Normal,2Vehicles-Side,11,Monday,19,False,False
201800008055,Lethal,Daylight,No,NoIntersection,Normal,3+Vehicles-Multiple,7,Monday,19,False,False
201800017575,NonLethal,NightStreelightsOn,Yes,NoIntersection,LightRain,Other,11,Tuesday,18,False,False
201800002150,NonLethal,Daylight,No,NoIntersection,Normal,Other,3,Sunday,9,True,False
201800003705,NonLethal,Daylight,No,NoIntersection,Normal,Other,5,Saturday,15,True,False
201800056056,Lethal,TwilightOrDawn,No,NoIntersection,LightRain,2Vehicles-Behind,5,Friday,5,False,True
201800047283,NonLethal,Daylight,Yes,NoIntersection,Normal,Other,10,Wednesday,10,False,False
201800021749,NonLethal,TwilightOrDawn,No,NoIntersection,Normal,2Vehicles-Behind,12,Monday,7,False,False
201800050442,NonLethal,Daylight,Yes,X-type,Normal,NoCollision,4,Monday,19,False,False
201800025555,NonLethal,Daylight,Yes,NoIntersection,Normal,2Vehicles-Side,10,Wednesday,18,False,False
201800012202,Lethal,TwilightOrDawn,No,NoIntersection,Normal,Other,7,Friday,21,False,False
201800031706,NonLethal,Daylight,Yes,NoIntersection,Normal,Other,4,Sunday,14,True,False
201800036383,NonLethal,NightNoStreetLight,No,NoIntersection,LightRain,3+Vehicles-Multiple,1,Friday,23,False,False
201800033955,NonLethal,Daylight,No,NoIntersection,Normal,2Vehicles-Behind,3,Friday,11,False,False
201800024947,NonLethal,NightNoStreetLight,No,NoIntersection,Normal,NoCollision,10,Sunday,22,True,False
201800046840,NonLethal,Daylight,No,NoIntersection,Normal,3+Vehicles-Multiple,3,Friday,18,False,False
201800045256,NonLethal,NightNoStreetLight,No,NoIntersection,Normal,2Vehicles-Side,9,Sunday,21,True,False
201800043216,NonLethal,NightStreelightsOn,Yes,NoIntersection,Normal,Other,5,Wednesday,1,False,True
201800047596,NonLethal,Daylight,Yes,NoIntersection,Normal,NoCollision,5,Monday,8,False,False
201800000078,NonLethal,Daylight,Yes,NoIntersection,Normal,2Vehicles-Side,9,Monday,17,False,False
201800023269,NonLethal,Daylight,Yes,NoIntersection,Normal,2Vehicles-Behind,1,Wednesday,12,False,False
201800030640,NonLethal,NightStreelightsOn,Yes,NoIntersection,Normal,NoCollision,4,Thursday,19,False,False
201800046847,NonLethal,NightNoStreetLight,No,NoIntersection,Normal,2Vehicles-Behind,8,Thursday,2,False,True
201800004004,NonLethal,Daylight,Yes,NoIntersection,Normal,2Vehicles-Side,12,Tuesday,12,False,False
201800053619,NonLethal,NightStreelightsOn,Yes,NoIntersection,LightRain,Other,11,Sunday,6,True,True
201800020751,NonLethal,Daylight,No,NoIntersection,Normal,NoCollision,1,Saturday,16,True,False
201800034705,NonLethal,NightStreelightsOn,Yes,Roundabout,LightRain,Other,11,Tuesday,17,False,False
201800016452,NonLethal,Daylight,No,NoIntersection,Normal,Other,6,Saturday,14,True,False
201800027817,NonLethal,NightStreelightsOn,Yes,NoIntersection,Normal,3+Vehicles-Chain,11,Friday,18,False,False
201800025312,NonLethal,Daylight,Yes,NoIntersection,LightRain,2Vehicles-BehindVehicles-Frontal,4,Wednesday,12,False,False
201800007685,NonLethal,Daylight,Yes,NoIntersection,Normal,Other,12,Monday,17,False,False
201800038112,NonLethal,NightStreelightsOn,Yes,NoIntersection,Normal,2Vehicles-Behind,6,Friday,21,False,False
201800034202,Lethal,Daylight,No,X-type,Normal,2Vehicles-Side,11,Sunday,14,True,False
201800012507,NonLethal,NightNoStreetLight,No,NoIntersection,Normal,NoCollision,6,Wednesday,23,False,False
201800043589,NonLethal,TwilightOrDawn,Yes,NoIntersection,Normal,2Vehicles-Side,9,Friday,7,False,False