AccidentId,Gravity,Light,InAgglomeration,IntersectionType,Weather,CollisionType,Month,DayOfWeek,HourOfDay,IsWeekend,IsNight
201800024640,NonLethal,NightStreelightsOn,Yes,NoIntersection,Normal,2Vehicles-Side,2,Wednesday,20,False,False
201800018557,NonLethal,Daylight,Yes,T-type,Normal,2Vehicles-BehindVehicles-Frontal,6,Friday,16,False,False
201800005895,NonLethal,NightStreelightsOn,Yes,NoIntersection,Normal,Other,11,Monday,2,False,True
201800046365,NonLethal,NightNoStreetLight,No,NoIntersection,Normal,Other,1,Sunday,1,True,True
201800018853,Lethal,Daylight,No,NoIntersection,HeavyRain,2Vehicles-BehindVehicles-Frontal,3,Monday,10,False,False
201800012089,NonLethal,NightNoStreetLight,No,NoIntersection,Normal,Other,5,Saturday,3,True,True
201800003815,NonLethal,NightNoStreetLight,No,NoIntersection,HeavyRain,Other,6,Friday,0,False,True
201800049347,NonLethal,Daylight,No,NoIntersection,LightRain,NoCollision,3,Saturday,8,True,False
201800045260,NonLethal,Daylight,No,NoIntersection,Normal,2Vehicles-Side,1,Wednesday,16,False,False
201800045916,NonLethal,NightNoStreetLight,No,NoIntersection,Normal,2Vehicles-Behind,6,Wednesday,1,False,True
201800043993,NonLethal,Daylight,No,Other,Normal,3+Vehicles-Chain,5,Friday,16,False,False
201800035464,NonLethal,Daylight,Yes,NoIntersection,Normal,Other,10,Thursday,12,False,False
201800053884,NonLethal,TwilightOrDawn,Yes,Square,Normal,2Vehicles-Side,9,Wednesday,19,False,False
201800048925,NonLethal,Daylight,No,NoIntersection,Normal,2Vehicles-Behind,6,Friday,17,False,False
201800033606,NonLethal,Daylight,No,NoIntersection,Normal,2Vehicles-BehindVehicles-Frontal,8,Sunday,19,True,False
201800017601,NonLethal,Daylight,No,NoIntersection,Normal,2Vehicles-BehindVehicles-Frontal,8,Thursday,16,False,False
201800021804,NonLethal,Daylight,No,NoIntersection,Normal,NoCollision,3,Thursday,14,False,False
201800014018,NonLethal,NightStreelightsOn,Yes,X-type,Normal,2Vehicles-Side,6,Saturday,20,True,False
201800035108,NonLethal,Daylight,Yes,X-type,Normal,2Vehicles-Side,8,Tuesday,16,False,False
201800055667,NonLethal,Daylight,Yes,NoIntersection,Normal,2Vehicles-Side,10,Wednesday,18,False,False
201800031877,NonLethal,Daylight,Yes,NoIntersection,Normal,Other,8,Monday,17,False,False
201800045995,NonLethal,Daylight,No,NoIntersection,Normal,2Vehicles-Behind,7,Friday,19,False,False
201800000860,NonLethal,NightStreelightsOff,Yes,NoIntersection,Normal,Other,8,Tuesday,0,False,True
201800021862,NonLethal,NightStreelightsOn,Yes,NoIntersection,Normal,Other,12,Thursday,18,False,False
201800009297,NonLethal,NightStreelightsOn,Yes,NoIntersection,Normal,2Vehicles-Side,4,Saturday,22,True,False
201800043579,NonLethal,Daylight,Yes,NoIntersection,Normal,2Vehicles-Side,8,Friday,17,False,False
201800050236,NonLethal,Daylight,Yes,NoIntersection,LightRain,Other,3,Tuesday,9,False,False
201800016504,NonLethal,Daylight,No,NoIntersection,Normal,Other,8,Monday,19,False,False
201800033804,NonLethal,TwilightOrDawn,Yes,T-type,Normal,2Vehicles-Behind,6,Saturday,20,True,False
201800047694,NonLethal,Daylight,Yes,NoIntersection,Normal,2Vehicles-Side,9,Tuesday,18,False,False
201800004831,NonLethal,Daylight,No,T-type,FogOrSmoke,2Vehicles-BehindVehicles-Frontal,6,Friday,7,False,False
201800048271,NonLethal,Daylight,Yes,X-type,Normal,2Vehicles-Side,5,Thursday,12,False,False
201800014236,NonLethal,NightNoStreetLight,No,NoIntersection,Normal,2Vehicles-BehindVehicles-Frontal,12,Thursday,19,False,False
201800018161,Lethal,Daylight,No,NoIntersection,Normal,NoCollision,7,Sunday,18,True,False
201800049634,NonLethal,Daylight,No,NoIntersection,Normal,3+Vehicles-Chain,1,Friday,16,False,False
201800057268,NonLethal,Daylight,Yes,NoIntersection,Normal,2Vehicles-Behind,8,Thursday,18,False,False
201800020415,NonLethal,Daylight,No,NoIntersection,Normal,2Vehicles-BehindVehicles-Frontal,3,Wednesday,7,False,False
201800005288,NonLethal,Daylight,Yes,NoIntersection,Normal,Other,9,Thursday,16,False,False
201800020192,NonLethal,Daylight,Yes,NoIntersection,Normal,Other,12,Monday,16,False,False
201800001332,Lethal,Daylight,Yes,NoIntersection,Normal,Other,9,Tuesday,19,False,False
201800018802,NonLethal,Daylight,No,NoIntersection,Normal,Other,6,Saturday,18,True,False
201800040129,NonLethal,Daylight,Yes,NoIntersection,Normal,Other,10,Thursday,11,False,False
201800013770,NonLethal,Daylight,No,NoIntersection,Normal,2Vehicles-Side,3,Saturday,9,True,False
201800043129,NonLethal,NightStreelightsOn,Yes,NoIntersection,Overcast,NoCollision,5,Tuesday,23,False,False
201800046996,NonLethal,NightNoStreetLight,No,NoIntersection,Normal,3+Vehicles-Chain,10,Friday,19,False,False
201800043654,NonLethal,Daylight,Yes,T-type,Normal,2Vehicles-Side,5,Friday,18,False,False
201800025129,NonLethal,Daylight,Yes,X-type,Normal,2Vehicles-Side,3,Monday,9,False,False
201800047433,NonLethal,Daylight,Yes,NoIntersection,Normal,Other,3,Thursday,12,False,False
201800022725,NonLethal,Daylight,Yes,NoIntersection,Normal,2Vehicles-Behind,8,Friday,17,False,False
201800025501,NonLethal,Daylight,Yes,Other,Overcast,NoCollision,9,Friday,10,False,False
201800053630,NonLethal,NightStreelightsOn,Yes,NoIntersection,Normal,2Vehicles-Side,5,Saturday,18,True,False
201800017858,Lethal,Daylight,No,X-type,Normal,2Vehicles-BehindVehicles-Frontal,7,Friday,11,False,False
201800057650,NonLethal,Daylight,Yes,Square,Normal,Other,6,Tuesday,11,False,False
201800025918,Lethal,NightNoStreetLight,Yes,NoIntersection,Normal,NoCollision,9,Friday,21,False,False
201800053143,NonLethal,Daylight,Yes,T-type,Normal,Other,10,Thursday,13,False,False
201800017307,NonLethal,Daylight,No,NoIntersection,Normal,Other,7,Monday,14,False,False
201800046919,NonLethal,Daylight,No,NoIntersection,Normal,NoCollision,9,Sunday,12,True,False
201800023080,NonLethal,Daylight,Yes,NoIntersection,Normal,2Vehicles-Side,5,Friday,18,False,False
201800034383,NonLethal,Daylight,Yes,NoIntersection,Normal,2Vehicles-BehindVehicles-Frontal,12,Saturday,8,True,False
201800004288,NonLethal,Daylight,Yes,Other,Normal,2Vehicles-Side,11,Tuesday,14,False,False
201800027226,NonLethal,Daylight,Yes,X-type,Normal,2Vehicles-Side,5,Friday,15,False,False
201800029352,NonLethal,Daylight,Yes,X-type,VeryGood,2Vehicles-BehindVehicles-Frontal,2,Thursday,15,False,False
201800040607,NonLethal,Daylight,Yes,NoIntersection,Normal,2Vehicles-Side,6,Thursday,7,False,False
201800013182,NonLethal,Daylight,No,NoIntersection,Normal,2Vehicles-BehindVehicles-Frontal,10,Sunday,13,True,False
201800028920,NonLethal,Daylight,Yes,T-type,Normal,2Vehicles-Side,5,Friday,15,False,False
201800037109,NonLethal,Daylight,Yes,T-type,Normal,3+Vehicles-Multiple,7,Tuesday,20,False,False
201800005345,NonLethal,Daylight,No,NoIntersection,HeavyRain,Other,2,Sunday,16,True,False
201800026646,NonLethal,NightStreelightsOn,Yes,NoIntersection,Normal,Other,8,Sunday,3,True,True
201800054295,NonLethal,Daylight,Yes,NoIntersection,Normal,2Vehicles-Side,12,Thursday,11,False,False
201800053225,NonLethal,TwilightOrDawn,Yes,X-type,Normal,Other,12,Monday,17,False,False
201800004437,NonLethal,NightNoStreetLight,No,NoIntersection,Normal,2Vehicles-BehindVehicles-Frontal,1,Saturday,20,True,False
201800024228,NonLethal,Daylight,Yes,NoIntersection,Normal,2Vehicles-Behind,1,Wednesday,11,False,False
201800013846,NonLethal,Daylight,Yes,NoIntersection,Normal,2Vehicles-Side,2,Friday,8,False,False
201800034323,NonLethal,Daylight,Yes,NoIntersection,VeryGood,Other,5,Thursday,18,False,False
201800002404,NonLethal,Daylight,Yes,X-type,Normal,2Vehicles-Side,5,Saturday,13,True,False
201800011239,NonLethal,Daylight,No,NoIntersection,Normal,Other,7,Friday,20,False,False
201800033327,NonLethal,Daylight,Yes,NoIntersection,Normal,Other,9,Saturday,18,True,False
201800034855,NonLethal,NightNoStreetLight,No,X-type,Normal,2Vehicles-Side,11,Thursday,20,False,False
201800042578,NonLethal,Daylight,Yes,X-type,Normal,2Vehicles-Side,5,Thursday,19,False,False
201800041898,NonLethal,NightStreelightsOn,Yes,NoIntersection,Normal,2Vehicles-BehindVehicles-Frontal,10,Sunday,0,True,True
201800005903,NonLethal,Daylight,Yes,Roundabout,Normal,2Vehicles-BehindVehicles-Frontal,6,Thursday,17,False,False
201800018424,NonLethal,NightNoStreetLight,Yes,NoIntersection,Normal,NoCollision,10,Monday,19,False,False
201800000987,NonLethal,Daylight,Yes,T-type,Normal,Other,10,Friday,15,False,False
201800003988,NonLethal,Daylight,No,NoIntersection,VeryGood,NoCollision,7,Thursday,18,False,False
201800025614,NonLethal,Daylight,Yes,NoIntersection,Overcast,2Vehicles-BehindVehicles-Frontal,11,Saturday,12,True,False
201800032134,NonLethal,Daylight,Yes,NoIntersection,Normal,NoCollision,9,Wednesday,12,False,False
201800016956,NonLethal,TwilightOrDawn,No,NoIntersection,FogOrSmoke,NoCollision,12,Tuesday,7,False,False
201800037781,NonLethal,Daylight,Yes,NoIntersection,LightRain,Other,3,Thursday,10,False,False
201800016558,NonLethal,Daylight,No,NoIntersection,Normal,Other,6,Wednesday,17,False,False
201800004751,NonLethal,Daylight,No,T-type,VeryGood,3+Vehicles-Chain,5,Thursday,8,False,False
201800017536,NonLethal,Daylight,No,NoIntersection,Normal,2Vehicles-BehindVehicles-Frontal,5,Thursday,14,False,False
201800004554,NonLethal,Daylight,No,NoIntersection,Normal,3+Vehicles-Multiple,5,Wednesday,8,False,False
201800003093,NonLethal,Daylight,Yes,NoIntersection,Normal,Other,4,Sunday,11,True,False
201800045486,NonLethal,NightNoStreetLight,No,NoIntersection,FogOrSmoke,Other,11,Friday,17,False,False
201800021651,NonLethal,Daylight,Yes,NoIntersection,Normal,Other,3,Saturday,13,True,False
201800046696,NonLethal,Daylight,No,NoIntersection,Normal,NoCollision,6,Sunday,18,True,False
201800049477,NonLethal,Daylight,No,NoIntersection,Normal,3+Vehicles-Chain,10,Friday,9,False,False
201800043418,NonLethal,Daylight,Yes,T-type,Normal,2Vehicles-Side,3,Thursday,9,False,False
201800023356,NonLethal,NightStreelightsOff,No,NoIntersection,Normal,NoCollision,11,Sunday,21,True,False
201800056941,NonLethal,Daylight,Yes,NoIntersection,Normal,2Vehicles-BehindVehicles-Frontal,5,Monday,16,False,False
201800032360,NonLethal,Daylight,Yes,T-type,LightRain,Other,2,Thursday,8,False,False
201800025818,NonLethal,Daylight,Yes,Roundabout,Normal,Other,12,Monday,10,False,False
201800037962,NonLethal,NightStreelightsOn,Yes,T-type,Normal,2Vehicles-Side,4,Tuesday,22,False,False
201800001598,Lethal,Daylight,No,X-type,Normal,2Vehicles-BehindVehicles-Frontal,4,Friday,11,False,False
201800040968,NonLethal,Daylight,Yes,NoIntersection,Normal,Other,10,Monday,13,False,False
201800047863,NonLethal,NightStreelightsOn,Yes,NoIntersection,Normal,2Vehicles-Behind,12,Wednesday,17,False,False
201800048370,NonLethal,Daylight,Yes,T-type,Normal,2Vehicles-Side,6,Friday,9,False,False
201800039876,NonLethal,Daylight,Yes,NoIntersection,Normal,Other,3,Thursday,15,False,False
201800025640,NonLethal,NightStreelightsOn,Yes,X-type,Normal,2Vehicles-Side,12,Thursday,19,False,False
201800040445,NonLethal,Daylight,Yes,X-type,Normal,2Vehicles-Side,10,Monday,8,False,False
201800009704,NonLethal,Daylight,Yes,NoIntersection,Normal,2Vehicles-Behind,9,Thursday,17,False,False
201800002036,NonLethal,Daylight,No,NoIntersection,Normal,2Vehicles-Behind,7,Wednesday,17,False,False
201800022704,NonLethal,Daylight,No,NoIntersection,Normal,Other,9,Friday,14,False,False
201800001022,NonLethal,NightStreelightsOff,No,NoIntersection,Normal,NoCollision,12,Saturday,2,True,True
201800004389,NonLethal,NightNoStreetLight,Yes,NoIntersection,Normal,NoCollision,1,Saturday,22,True,False
201800019983,NonLethal,Daylight,No,NoIntersection,VeryGood,2Vehicles-BehindVehicles-Frontal,7,Thursday,15,False,False
201800046224,NonLethal,Daylight,No,NoIntersection,Overcast,Other,12,Tuesday,13,False,False
201800047069,NonLethal,Daylight,No,NoIntersection,LightRain,Other,11,Sunday,8,True,False
201800023635,NonLethal,Daylight,No,NoIntersection,Normal,NoCollision,6,Sunday,20,True,False
201800037214,NonLethal,Daylight,Yes,NoIntersection,Normal,2Vehicles-Behind,2,Saturday,17,True,False
201800034491,NonLethal,Daylight,Yes,NoIntersection,Normal,Other,2,Saturday,15,True,False
201800006945,NonLethal,Daylight,No,NoIntersection,Normal,3+Vehicles-Multiple,9,Monday,8,False,False
201800013610,NonLethal,Daylight,Yes,Other,Normal,Other,4,Thursday,17,False,False
201800007806,NonLethal,Daylight,Yes,X-type,LightRain,2Vehicles-Side,10,Tuesday,14,False,False
201800031250,NonLethal,Daylight,Yes,NoIntersection,Normal,2Vehicles-Side,6,Friday,18,False,False
201800039490,NonLethal,Daylight,Yes,NoIntersection,LightRain,2Vehicles-Side,5,Tuesday,16,False,False
201800055446,NonLethal,TwilightOrDawn,Yes,NoIntersection,Normal,Other,6,Monday,5,False,True
201800018816,Lethal,Daylight,No,NoIntersection,LightRain,Other,7,Wednesday,17,False,False
201800041641,NonLethal,NightStreelightsOn,Yes,X-type,LightRain,2Vehicles-Side,12,Friday,22,False,False
201800057688,NonLethal,Daylight,Yes,NoIntersection,Normal,Other,7,Monday,10,False,False
201800035584,NonLethal,Daylight,Yes,NoIntersection,Normal,Other,8,Saturday,17,True,False
201800023898,NonLethal,Daylight,Yes,NoIntersection,Normal,Other,4,Saturday,17,True,False
201800038236,NonLethal,NightStreelightsOn,Yes,T-type,Normal,2Vehicles-Side,11,Tuesday,22,False,False
201800045329,NonLethal,Daylight,No,NoIntersection,Normal,2Vehicles-Behind,10,Monday,11,False,False
201800003660,NonLethal,Daylight,Yes,X-type,Normal,2Vehicles-Side,7,Thursday,12,False,False
201800052028,NonLethal,Daylight,Yes,NoIntersection,Normal,Other,5,Monday,13,False,False
201800023728,NonLethal,Daylight,No,NoIntersection,Normal,2Vehicles-BehindVehicles-Frontal,7,Tuesday,17,False,False
201800010491,NonLethal,Daylight,No,NoIntersection,Normal,Other,8,Wednesday,18,False,False
201800004901,NonLethal,Daylight,No,T-type,Normal,NoCollision,8,Wednesday,12,False,False
201800018612,Lethal,Daylight,No,NoIntersection,Normal,2Vehicles-BehindVehicles-Frontal,10,Thursday,13,False,False
201800016292,NonLethal,NightNoStreetLight,No,NoIntersection,Normal,Other,8,Saturday,3,True,True
201800055303,NonLethal,NightStreelightsOn,Yes,NoIntersection,Normal,2Vehicles-Behind,3,Tuesday,21,False,False
201800047086,NonLethal,NightNoStreetLight,No,NoIntersection,Normal,2Vehicles-Side,11,Thursday,19,False,False
201800052888,NonLethal,NightStreelightsOn,Yes,T-type,Normal,Other,4,Thursday,18,False,False
201800012463,NonLethal,Daylight,No,X-type,Normal,2Vehicles-Side,6,Saturday,15,True,False
201800002936,NonLethal,NightStreelightsOn,Yes,NoIntersection,Normal,Other,11,Monday,18,False,False
201800031646,NonLethal,NightStreelightsOn,Yes,T-type,Normal,2Vehicles-Side,1,Tuesday,20,False,False
201800005021,NonLethal,NightStreelightsOn,Yes,Roundabout,LightRain,2Vehicles-Behind,10,Wednesday,17,False,False
201800029725,NonLethal,Daylight,Yes,X-type,Normal,2Vehicles-BehindVehicles-Frontal,9,Sunday,14,True,False
201800053320,NonLethal,NightStreelightsOn,Yes,X-type,Normal,Other,5,Friday,23,False,False
201800010486,NonLethal,Daylight,No,NoIntersection,Overcast,NoCollision,1,Saturday,12,True,False
201800013787,NonLethal,Daylight,Yes,NoIntersection,Normal,NoCollision,3,Sunday,15,True,False
201800027807,NonLethal,NightStreelightsOn,Yes,X-type,Normal,2Vehicles-Side,11,Wednesday,7,False,False
201800013061,NonLethal,TwilightOrDawn,Yes,NoIntersection,Normal,Other,7,Tuesday,21,False,False
201800055315,NonLethal,Daylight,Yes,NoIntersection,Normal,NoCollision,4,Wednesday,9,False,False
201800057361,NonLethal,Daylight,Yes,NoIntersection,Normal,Other,9,Tuesday,8,False,False
201800039182,NonLethal,Daylight,Yes,X-type,Normal,2Vehicles-Side,4,Sunday,16,True,False
201800016661,NonLethal,NightNoStreetLight,Yes,NoIntersection,LightRain,NoCollision,5,Wednesday,21,False,False
201800014024,NonLethal,Daylight,No,NoIntersection,Normal,Other,3,Saturday,13,True,False
201800004929,NonLethal,Daylight,Yes,NoIntersection,Normal,Other,6,Wednesday,18,False,False
201800009055,NonLethal,Daylight,Yes,X-type,Normal,2Vehicles-Side,5,Friday,8,False,False
201800052229,NonLethal,Daylight,Yes,NoIntersection,Normal,2Vehicles-Behind,10,Wednesday,8,False,False
201800012517,NonLethal,Daylight,No,NoIntersection,Normal,2Vehicles-Side,9,Saturday,12,True,False
201800057033,NonLethal,Daylight,Yes,X-type,Normal,Other,8,Thursday,15,False,False
201800034104,NonLethal,Daylight,Yes,T-type,Normal,2Vehicles-Side,11,Saturday,11,True,False
201800024642,NonLethal,NightStreelightsOn,Yes,NoIntersection,LightRain,Other,9,Sunday,19,True,False
201800017668,NonLethal,TwilightOrDawn,No,NoIntersection,Normal,3+Vehicles-Multiple,3,Monday,7,False,False
201800003299,NonLethal,NightNoStreetLight,No,NoIntersection,Normal,2Vehicles-Behind,11,Monday,18,False,False
201800039897,NonLethal,Daylight,Yes,T-type,Normal,Other,6,Saturday,11,True,False
201800020305,Lethal,NightNoStreetLight,No,NoIntersection,Normal,2Vehicles-Side,6,Sunday,5,True,True
201800004224,NonLethal,Daylight,No,NoIntersection,Normal,NoCollision,8,Friday,11,False,False
201800025246,NonLethal,Daylight,Yes,X-type,LightRain,2Vehicles-Side,3,Saturday,18,True,False
201800014376,NonLethal,Daylight,No,X-type,Normal,2Vehicles-Side,5,Tuesday,17,False,False
201800046814,NonLethal,NightStreelightsOff,No,NoIntersection,Normal,NoCollision,8,Monday,3,False,True
201800040656,NonLethal,Daylight,Yes,NoIntersection,Normal,Other,3,Monday,8,False,False
201800041888,NonLethal,Daylight,Yes,Other,Normal,2Vehicles-Behind,8,Friday,17,False,False
201800004693,Lethal,NightNoStreetLight,No,NoIntersection,Normal,Other,7,Saturday,3,True,True
201800030358,NonLethal,TwilightOrDawn,Yes,T-type,Normal,2Vehicles-Side,6,Thursday,21,False,False
201800005545,NonLethal,NightStreelightsOn,Yes,X-type,Normal,2Vehicles-Side,2,Thursday,19,False,False
201800027552,NonLethal,NightStreelightsOn,Yes,Other,Normal,2Vehicles-Side,5,Saturday,7,True,False
201800038986,NonLethal,Daylight,Yes,NoIntersection,Normal,2Vehicles-Side,2,Friday,16,False,False
201800033901,NonLethal,NightStreelightsOn,Yes,MoreThan4Branches,Normal,Other,12,Monday,19,False,False
201800029003,Lethal,TwilightOrDawn,Yes,T-type,Normal,2Vehicles-Side,10,Wednesday,19,False,False
201800011302,NonLethal,NightNoStreetLight,No,NoIntersection,Normal,2Vehicles-Behind,7,Sunday,0,True,True
201800036597,NonLethal,Daylight,Yes,NoIntersection,Normal,2Vehicles-Side,6,Friday,9,False,False
201800027925,NonLethal,NightStreelightsOn,Yes,T-type,HeavyRain,2Vehicles-Side,1,Monday,17,False,False
201800052832,NonLethal,Daylight,Yes,NoIntersection,Normal,Other,10,Monday,10,False,False
201800033889,NonLethal,Daylight,Yes,NoIntersection,Normal,Other,11,Wednesday,15,False,False
201800007741,NonLethal,Daylight,Yes,NoIntersection,Normal,Other,3,Tuesday,8,False,False
201800016625,NonLethal,TwilightOrDawn,Yes,Y-type,Normal,Other,5,Wednesday,20,False,False
201800022437,NonLethal,NightNoStreetLight,No,NoIntersection,LightRain,Other,1,Monday,4,False,True
201800024383,NonLethal,NightStreelightsOn,Yes,T-type,Normal,Other,8,Saturday,2,True,True
201800023738,NonLethal,Daylight,No,NoIntersection,Normal,2Vehicles-Behind,4,Monday,17,False,False
201800043573,NonLethal,Daylight,Yes,NoIntersection,Normal,Other,7,Tuesday,19,False,False
201800024115,NonLethal,TwilightOrDawn,Yes,X-type,Normal,2Vehicles-Side,9,Monday,7,False,False
201800045551,NonLethal,NightNoStreetLight,No,NoIntersection,LightRain,2Vehicles-Behind,12,Saturday,23,True,False
201800034145,NonLethal,Daylight,Yes,T-type,VeryGood,2Vehicles-Side,6,Thursday,18,False,False
201800026711,NonLethal,NightStreelightsOn,Yes,NoIntersection,LightRain,Other,12,Friday,18,False,False
201800052176,NonLethal,Daylight,Yes,Square,Normal,Other,9,Thursday,9,False,False
201800031631,NonLethal,Daylight,Yes,Other,Normal,Other,1,Monday,10,False,False
201800050310,NonLethal,Daylight,Yes,T-type,Normal,2Vehicles-Behind,8,Tuesday,15,False,False
201800019856,NonLethal,NightStreelightsOn,Yes,NoIntersection,Normal,Other,6,Saturday,2,True,True
201800033385,NonLethal,Daylight,Yes,T-type,Normal,2Vehicles-Behind,6,Saturday,21,True,False
201800050116,NonLethal,Daylight,No,NoIntersection,Normal,NoCollision,11,Tuesday,11,False,False
201800020533,NonLethal,Daylight,Yes,NoIntersection,Normal,Other,9,Thursday,13,False,False
201800043211,NonLethal,Daylight,Yes,NoIntersection,Normal,Other,4,Thursday,8,False,False
201800041554,NonLethal,Daylight,Yes,Roundabout,Other,2Vehicles-Side,9,Monday,9,False,False
201800030792,NonLethal,Daylight,Yes,NoIntersection,Normal,Other,4,Monday,18,False,False
201800022141,NonLethal,Daylight,Yes,NoIntersection,Normal,3+Vehicles-Multiple,11,Tuesday,8,False,False
201800056488,NonLethal,NightStreelightsOff,Yes,NoIntersection,Normal,2Vehicles-Side,10,Friday,19,False,False
201800046089,NonLethal,Daylight,No,NoIntersection,Normal,2Vehicles-Behind,9,Sunday,18,True,False
201800017424,NonLethal,Daylight,No,X-type,Overcast,2Vehicles-BehindVehicles-Frontal,8,Thursday,17,False,False
201800036407,NonLethal,Daylight,No,NoIntersection,Normal,2Vehicles-Side,2,Friday,10,False,False
201800053666,NonLethal,Daylight,Yes,Square,Normal,Other,1,Sunday,13,True,False
201800019877,NonLethal,NightNoStreetLight,No,NoIntersection,LightRain,NoCollision,6,Tuesday,18,False,False
201800011079,NonLethal,Daylight,Yes,NoIntersection,Normal,2Vehicles-Behind,4,Friday,15,False,False
201800050060,NonLethal,Daylight,No,NoIntersection,Normal,Other,10,Tuesday,13,False,False
201800056165,NonLethal,Daylight,Yes,NoIntersection,Normal,2Vehicles-Behind,12,Tuesday,15,False,False
201800022900,NonLethal,NightStreelightsOn,No,NoIntersection,Normal,2Vehicles-Behind,1,Wednesday,19,False,False
201800049525,NonLethal,Daylight,No,NoIntersection,HeavyRain,Other,8,Wednesday,15,False,False
201800047943,NonLethal,Daylight,No,NoIntersection,Normal,2Vehicles-Side,7,Sunday,18,True,False
201800054754,NonLethal,Daylight,Yes,X-type,Normal,Other,6,Thursday,12,False,False
201800044414,NonLethal,Daylight,No,Other,Normal,2Vehicles-Behind,11,Friday,15,False,False
201800039343,NonLethal,NightStreelightsOn,Yes,T-type,LightRain,3+Vehicles-Multiple,4,Monday,19,False,False
201800014465,NonLethal,Daylight,Yes,T-type,Normal,Other,2,Tuesday,12,False,False
201800044482,NonLethal,Daylight,No,NoIntersection,Normal,Other,12,Friday,14,False,False
201800049894,NonLethal,Daylight,No,NoIntersection,Normal,2Vehicles-Behind,6,Saturday,13,True,False
201800055668,NonLethal,Daylight,Yes,NoIntersection,Normal,3+Vehicles-Multiple,10,Thursday,8,False,False
201800026927,NonLethal,NightStreelightsOn,Yes,X-type,Normal,2Vehicles-BehindVehicles-Frontal,9,Saturday,0,True,True
201800031225,NonLethal,Daylight,Yes,NoIntersection,Normal,2Vehicles-Side,4,Sunday,19,True,False
201800035967,NonLethal,TwilightOrDawn,Yes,T-type,LightRain,Other,2,Thursday,16,False,False
201800043802,NonLethal,NightNoStreetLight,No,NoIntersection,Normal,Other,1,Friday,3,False,True
201800049938,NonLethal,Daylight,No,NoIntersection,Normal,3+Vehicles-Chain,10,Sunday,9,True,False
201800037984,NonLethal,NightStreelightsOn,Yes,NoIntersection,Normal,2Vehicles-Behind,12,Wednesday,16,False,False
201800054301,NonLethal,NightStreelightsOn,Yes,Y-type,Normal,2Vehicles-Side,12,Friday,20,False,False
201800016735,Lethal,NightNoStreetLight,No,NoIntersection,Normal,Other,3,Saturday,19,True,False
201800011184,NonLethal,NightStreelightsOff,No,X-type,Normal,2Vehicles-Side,2,Tuesday,18,False,False
201800033067,NonLethal,Daylight,No,Y-type,Normal,2Vehicles-Side,2,Sunday,12,True,False
201800041954,NonLethal,NightStreelightsOff,Yes,NoIntersection,Normal,Other,2,Sunday,18,True,False
201800004196,NonLethal,NightStreelightsOn,Yes,NoIntersection,Normal,NoCollision,11,Friday,20,False,False
201800026802,NonLethal,Daylight,Yes,NoIntersection,Normal,Other,5,Sunday,14,True,False
201800056964,NonLethal,NightStreelightsOn,Yes,NoIntersection,Normal,Other,5,Sunday,20,True,False
201800004313,NonLethal,Daylight,No,NoIntersection,Normal,2Vehicles-Behind,5,Saturday,8,True,False
201800044296,NonLethal,NightNoStreetLight,No,Other,LightRain,2Vehicles-Side,11,Saturday,20,True,False
201800030678,NonLethal,NightStreelightsOn,Yes,NoIntersection,HeavyRain,2Vehicles-BehindVehicles-Frontal,7,Monday,6,False,True
201800022772,NonLethal,Daylight,No,NoIntersection,Normal,2Vehicles-Side,8,Thursday,19,False,False
201800015458,NonLethal,Daylight,Yes,NoIntersection,Normal,Other,1,Tuesday,13,False,False
201800049221,NonLethal,Daylight,No,NoIntersection,Normal,Other,2,Tuesday,8,False,False
201800003745,NonLethal,Daylight,Yes,NoIntersection,LightRain,2Vehicles-Behind,8,Wednesday,9,False,False
201800001534,NonLethal,Daylight,Yes,NoIntersection,Normal,2Vehicles-BehindVehicles-Frontal,8,Wednesday,17,False,False
201800013800,NonLethal,Daylight,No,NoIntersection,VeryGood,3+Vehicles-Multiple,9,Tuesday,8,False,False
201800029069,NonLethal,Daylight,Yes,Other,Normal,Other,9,Monday,6,False,True
201800029737,NonLethal,TwilightOrDawn,Yes,NoIntersection,Normal,Other,10,Friday,8,False,False
201800047529,NonLethal,Daylight,Yes,Roundabout,LightRain,2Vehicles-Side,5,Wednesday,19,False,False
201800052069,NonLethal,NightStreelightsOn,Yes,X-type,VeryGood,2Vehicles-Side,6,Monday,22,False,False
201800008657,NonLethal,Daylight,Yes,Roundabout,Normal,2Vehicles-Behind,3,Monday,15,False,False
201800021806,NonLethal,NightStreelightsOn,No,Roundabout,Normal,NoCollision,10,Monday,2,False,True
201800046929,NonLethal,Daylight,No,NoIntersection,Normal,2Vehicles-Side,10,Wednesday,18,False,False
201800046382,NonLethal,Daylight,No,NoIntersection,Normal,2Vehicles-Behind,1,Saturday,17,True,False
201800021300,Lethal,NightNoStreetLight,No,NoIntersection,Normal,Other,8,Friday,1,False,True
201800019381,NonLethal,NightStreelightsOn,Yes,NoIntersection,SnowOrHail,2Vehicles-BehindVehicles-Frontal,2,Tuesday,20,False,False
201800049549,NonLethal,Daylight,No,NoIntersection,Normal,2Vehicles-Behind,3,Wednesday,12,False,False
201800030434,NonLethal,Daylight,Yes,Y-type,Normal,2Vehicles-Side,10,Wednesday,9,False,False
201800034256,NonLethal,NightStreelightsOn,Yes,NoIntersection,Normal,2Vehicles-Behind,10,Wednesday,7,False,False