AccidentId,Gravity,Light,InAgglomeration,IntersectionType,Weather,CollisionType,Month,DayOfWeek,HourOfDay,IsWeekend,IsNight
201800015917,NonLethal,Daylight,No,NoIntersection,LightRain,Other,5,Tuesday,7,False,False
201800023475,Lethal,Daylight,No,NoIntersection,Normal,3+Vehicles-Multiple,8,Sunday,16,True,False
201800044577,NonLethal,NightNoStreetLight,No,NoIntersection,Normal,2Vehicles-Behind,1,Sunday,17,True,False
201800054680,NonLethal,Daylight,Yes,X-type,Normal,Other,12,Monday,15,False,False
201800021879,NonLethal,Daylight,No,Other,Normal,Other,4,Wednesday,14,False,False
201800013123,NonLethal,NightNoStreetLight,No,NoIntersection,Normal,NoCollision,1,Wednesday,19,False,False
201800042100,NonLethal,Daylight,Yes,NoIntersection,Normal,Other,8,Friday,16,False,False
201800028728,NonLethal,Daylight,Yes,Roundabout,Normal,2Vehicles-Side,5,Wednesday,11,False,False
201800049523,NonLethal,NightStreelightsOn,No,NoIntersection,Normal,Other,12,Monday,23,False,False
201800031511,NonLethal,Daylight,No,NoIntersection,Normal,2Vehicles-Side,7,Sunday,13,True,False
201800050065,NonLethal,NightNoStreetLight,No,NoIntersection,Normal,Other,10,Thursday,6,False,True
201800002077,NonLethal,Daylight,No,T-type,Normal,2Vehicles-Side,8,Tuesday,12,False,False
201800013230,NonLethal,TwilightOrDawn,No,NoIntersection,VeryGood,2Vehicles-BehindVehicles-Frontal,9,Tuesday,7,False,False
201800039695,NonLethal,NightStreelightsOff,Yes,T-type,LightRain,2Vehicles-Side,2,Thursday,18,False,False
201800050190,Lethal,NightNoStreetLight,No,NoIntersection,Normal,2Vehicles-Behind,12,Tuesday,19,False,False
201800002839,NonLethal,Daylight,No,X-type,Normal,2Vehicles-Side,9,Saturday,12,True,False
201800027813,NonLethal,Daylight,Yes,NoIntersection,Normal,NoCollision,11,Thursday,13,False,False
201800038930,NonLethal,NightStreelightsOn,Yes,NoIntersection,Normal,Other,7,Monday,2,False,True
201800024159,NonLethal,Daylight,Yes,Other,Normal,2Vehicles-Side,11,Wednesday,14,False,False
201800032866,NonLethal,Daylight,Yes,X-type,Normal,Other,5,Tuesday,15,False,False
201800028423,NonLethal,Daylight,Yes,NoIntersection,Normal,3+Vehicles-Chain,5,Friday,16,False,False
201800050321,NonLethal,Daylight,Yes,NoIntersection,Normal,2Vehicles-Side,9,Friday,11,False,False
201800021923,NonLethal,NightNoStreetLight,No,NoIntersection,Normal,NoCollision,8,Thursday,22,False,False
201800028628,Lethal,Daylight,Yes,NoIntersection,Normal,Other,4,Tuesday,13,False,False
201800051225,NonLethal,Daylight,Yes,Square,Normal,Other,10,Wednesday,16,False,False
201800000235,NonLethal,TwilightOrDawn,Yes,NoIntersection,Normal,NoCollision,7,Saturday,6,True,True
201800029678,NonLethal,TwilightOrDawn,Yes,X-type,Normal,2Vehicles-Side,8,Saturday,6,True,True
201800044096,Lethal,NightNoStreetLight,No,NoIntersection,Normal,Other,7,Wednesday,0,False,True
201800027198,NonLethal,NightStreelightsOn,Yes,NoIntersection,Normal,Other,9,Sunday,20,True,False
201800048914,NonLethal,Daylight,No,NoIntersection,Normal,3+Vehicles-Chain,6,Tuesday,17,False,False
201800044341,NonLethal,Daylight,No,NoIntersection,LightRain,Other,10,Wednesday,14,False,False
201800044891,NonLethal,Daylight,No,NoIntersection,Normal,2Vehicles-Behind,5,Friday,12,False,False
201800000407,NonLethal,NightStreelightsOn,Yes,NoIntersection,Other,Other,2,Wednesday,6,False,True
201800011152,NonLethal,TwilightOrDawn,No,NoIntersection,Normal,NoCollision,2,Saturday,18,True,False
201800006505,NonLethal,Daylight,No,NoIntersection,Normal,3+Vehicles-Chain,10,Tuesday,11,False,False
201800005269,NonLethal,NightStreelightsOn,Yes,NoIntersection,Normal,2Vehicles-BehindVehicles-Frontal,7,Sunday,5,True,True
201800054549,NonLethal,Daylight,Yes,X-type,Normal,2Vehicles-Side,9,Thursday,13,False,False
201800056694,NonLethal,NightStreelightsOn,No,NoIntersection,Normal,Other,7,Tuesday,3,False,True
201800012937,NonLethal,Daylight,No,NoIntersection,Normal,Other,7,Sunday,7,True,False
201800034804,NonLethal,Daylight,Yes,T-type,Normal,Other,12,Tuesday,9,False,False
201800036470,NonLethal,Daylight,Yes,NoIntersection,Normal,NoCollision,1,Tuesday,18,False,False
201800005443,NonLethal,Daylight,Yes,NoIntersection,Normal,2Vehicles-Behind,8,Wednesday,10,False,False
201800017713,NonLethal,NightNoStreetLight,Yes,T-type,Normal,2Vehicles-Side,10,Saturday,23,True,False
201800018374,NonLethal,NightStreelightsOff,Yes,T-type,Normal,2Vehicles-Behind,3,Sunday,2,True,True
201800022001,NonLethal,NightStreelightsOn,Yes,Roundabout,Normal,Other,1,Thursday,7,False,False
201800047693,NonLethal,Daylight,Yes,NoIntersection,Normal,2Vehicles-Side,9,Tuesday,13,False,False
201800010429,NonLethal,NightNoStreetLight,No,NoIntersection,Normal,2Vehicles-Behind,12,Tuesday,17,False,False
201800036290,NonLethal,NightStreelightsOn,Yes,T-type,LightRain,2Vehicles-Side,11,Tuesday,17,False,False
201800023009,NonLethal,Daylight,No,NoIntersection,Normal,2Vehicles-Behind,4,Sunday,15,True,False
201800055844,NonLethal,Daylight,Yes,NoIntersection,Normal,Other,2,Sunday,12,True,False
201800037710,NonLethal,Daylight,Yes,NoIntersection,Normal,2Vehicles-BehindVehicles-Frontal,7,Sunday,17,True,False
201800011105,NonLethal,Daylight,No,T-type,Normal,Other,6,Tuesday,13,False,False
201800046199,NonLethal,NightNoStreetLight,No,NoIntersection,Overcast,Other,11,Thursday,22,False,False
201800019629,NonLethal,Daylight,Yes,NoIntersection,HeavyRain,Other,4,Saturday,15,True,False
201800050357,NonLethal,TwilightOrDawn,Yes,X-type,Normal,Other,2,Friday,17,False,False
201800018826,NonLethal,Daylight,No,NoIntersection,Normal,NoCollision,7,Monday,21,False,False
201800035886,NonLethal,NightNoStreetLight,Yes,NoIntersection,Normal,NoCollision,3,Monday,21,False,False
201800038802,NonLethal,NightStreelightsOn,Yes,X-type,Normal,2Vehicles-Side,12,Monday,6,False,True
201800052225,NonLethal,NightStreelightsOn,Yes,Square,Overcast,2Vehicles-Side,10,Friday,21,False,False
201800038742,NonLethal,Daylight,Yes,NoIntersection,Normal,2Vehicles-Behind,2,Friday,14,False,False
201800031839,NonLethal,Daylight,Yes,NoIntersection,Normal,2Vehicles-Side,7,Tuesday,9,False,False
201800033465,NonLethal,Daylight,Yes,NoIntersection,VeryGood,Other,4,Thursday,8,False,False
201800040241,NonLethal,TwilightOrDawn,Yes,Other,LightRain,2Vehicles-Behind,11,Monday,17,False,False
201800053089,NonLethal,Daylight,Yes,NoIntersection,LightRain,Other,9,Saturday,10,True,False
201800010615,Lethal,Daylight,No,NoIntersection,Normal,NoCollision,6,Wednesday,10,False,False
201800057376,NonLethal,NightStreelightsOff,Yes,NoIntersection,Normal,Other,10,Wednesday,20,False,False
201800003204,NonLethal,Daylight,No,NoIntersection,Normal,2Vehicles-BehindVehicles-Frontal,8,Thursday,13,False,False
201800006397,Lethal,NightNoStreetLight,Yes,NoIntersection,Overcast,Other,11,Friday,17,False,False
201800017991,NonLethal,Daylight,Yes,NoIntersection,Normal,Other,5,Saturday,14,True,False
201800051502,NonLethal,Daylight,Yes,X-type,Normal,2Vehicles-Side,5,Wednesday,9,False,False
201800010155,NonLethal,NightStreelightsOn,Yes,Y-type,Normal,Other,8,Sunday,1,True,True
201800007915,NonLethal,Daylight,No,NoIntersection,LightRain,2Vehicles-Side,3,Sunday,17,True,False
201800048075,NonLethal,Daylight,Yes,X-type,Normal,Other,2,Thursday,12,False,False
201800023807,NonLethal,Daylight,Yes,T-type,VeryGood,Other,9,Monday,9,False,False
201800042844,NonLethal,Daylight,Yes,X-type,LightRain,2Vehicles-Side,12,Tuesday,13,False,False
201800033681,NonLethal,Daylight,Yes,NoIntersection,Normal,3+Vehicles-Chain,10,Monday,13,False,False
201800040209,NonLethal,Daylight,Yes,NoIntersection,Normal,2Vehicles-Side,7,Monday,11,False,False
201800045051,NonLethal,NightNoStreetLight,No,NoIntersection,Normal,3+Vehicles-Chain,7,Saturday,0,True,True
201800040267,NonLethal,NightStreelightsOn,Yes,NoIntersection,LightRain,2Vehicles-BehindVehicles-Frontal,12,Sunday,20,True,False
201800028354,NonLethal,NightStreelightsOn,Yes,X-type,Normal,2Vehicles-Side,12,Monday,20,False,False
201800044159,NonLethal,Daylight,No,NoIntersection,Normal,2Vehicles-Side,3,Thursday,10,False,False
201800035961,NonLethal,NightStreelightsOn,Yes,NoIntersection,LightRain,Other,2,Monday,3,False,True
201800048682,NonLethal,NightStreelightsOn,No,NoIntersection,Normal,2Vehicles-Behind,11,Wednesday,18,False,False
201800049047,NonLethal,NightNoStreetLight,No,NoIntersection,Normal,3+Vehicles-Chain,11,Thursday,6,False,True
201800046290,NonLethal,NightNoStreetLight,No,NoIntersection,Normal,2Vehicles-Side,12,Friday,18,False,False
201800023371,NonLethal,TwilightOrDawn,Yes,NoIntersection,Normal,2Vehicles-BehindVehicles-Frontal,11,Wednesday,17,False,False
201800040197,NonLethal,Daylight,Yes,T-type,Normal,2Vehicles-Side,2,Tuesday,17,False,False
201800056346,NonLethal,Daylight,Yes,NoIntersection,Normal,2Vehicles-Side,3,Monday,15,False,False
201800036606,NonLethal,Daylight,Yes,Roundabout,Overcast,Other,10,Tuesday,11,False,False
201800009996,NonLethal,TwilightOrDawn,Yes,NoIntersection,Normal,2Vehicles-BehindVehicles-Frontal,10,Sunday,7,True,False
201800022026,NonLethal,NightStreelightsOn,Yes,T-type,Normal,Other,3,Wednesday,23,False,False
201800057653,NonLethal,TwilightOrDawn,Yes,Square,Normal,2Vehicles-Side,6,Tuesday,17,False,False
201800053892,NonLethal,NightStreelightsOn,Yes,T-type,Normal,2Vehicles-Behind,10,Tuesday,1,False,True
201800025381,NonLethal,Daylight,Yes,T-type,Normal,2Vehicles-Side,6,Thursday,7,False,False
201800052794,NonLethal,NightStreelightsOn,Yes,T-type,Normal,2Vehicles-Side,8,Thursday,23,False,False
201800004771,NonLethal,NightNoStreetLight,Yes,X-type,Normal,2Vehicles-Behind,12,Monday,19,False,False
201800013621,NonLethal,NightNoStreetLight,No,NoIntersection,LightRain,2Vehicles-Side,11,Friday,20,False,False
201800052272,NonLethal,NightStreelightsOn,Yes,NoIntersection,LightRain,2Vehicles-Behind,11,Wednesday,17,False,False
201800006971,NonLethal,Daylight,Yes,Other,Normal,Other,10,Wednesday,12,False,False
201800013704,NonLethal,Daylight,Yes,X-type,Normal,2Vehicles-Side,4,Wednesday,12,False,False
201800044203,NonLethal,Daylight,No,NoIntersection,Normal,2Vehicles-Behind,5,Wednesday,17,False,False
201800036449,NonLethal,NightStreelightsOn,Yes,NoIntersection,Normal,2Vehicles-Behind,6,Thursday,23,False,False
201800021797,NonLethal,NightNoStreetLight,No,NoIntersection,LightRain,2Vehicles-Side,6,Saturday,21,True,False
201800044838,NonLethal,NightNoStreetLight,No,NoIntersection,LightRain,Other,4,Monday,6,False,True
201800045151,NonLethal,Daylight,No,NoIntersection,Normal,2Vehicles-Behind,8,Thursday,12,False,False
201800004534,NonLethal,Daylight,No,NoIntersection,LightRain,2Vehicles-BehindVehicles-Frontal,11,Thursday,15,False,False
201800049354,NonLethal,NightStreelightsOn,No,NoIntersection,Other,2Vehicles-Behind,3,Thursday,7,False,False
201800015658,NonLethal,Daylight,No,T-type,Normal,2Vehicles-BehindVehicles-Frontal,4,Wednesday,19,False,False
201800031848,NonLethal,Daylight,Yes,T-type,Normal,2Vehicles-Side,7,Sunday,16,True,False
201800001896,NonLethal,TwilightOrDawn,Yes,NoIntersection,HeavyRain,Other,1,Friday,7,False,False
201800044143,NonLethal,Daylight,No,NoIntersection,Normal,2Vehicles-Behind,7,Friday,8,False,False
201800000541,NonLethal,Daylight,No,T-type,Normal,3+Vehicles-Chain,6,Wednesday,17,False,False
201800036692,NonLethal,Daylight,Yes,Roundabout,LightRain,2Vehicles-Side,1,Saturday,14,True,False
201800044906,NonLethal,Daylight,No,NoIntersection,Normal,NoCollision,5,Thursday,9,False,False
201800003604,NonLethal,Daylight,No,NoIntersection,Normal,3+Vehicles-Chain,9,Monday,17,False,False
201800053554,NonLethal,Daylight,Yes,T-type,Normal,2Vehicles-Side,10,Wednesday,14,False,False
201800031401,NonLethal,Daylight,Yes,NoIntersection,Normal,NoCollision,8,Monday,15,False,False
201800005465,NonLethal,Daylight,Yes,NoIntersection,Normal,Other,4,Tuesday,8,False,False
201800057094,NonLethal,NightStreelightsOn,Yes,NoIntersection,Normal,2Vehicles-Side,11,Saturday,20,True,False
201800026877,NonLethal,Daylight,Yes,Other,Normal,2Vehicles-Behind,7,Thursday,9,False,False
201800015267,NonLethal,NightNoStreetLight,No,NoIntersection,LightRain,Other,8,Thursday,22,False,False
201800053338,NonLethal,NightStreelightsOn,Yes,X-type,Normal,2Vehicles-Side,4,Wednesday,19,False,False
201800051218,NonLethal,Daylight,Yes,NoIntersection,Normal,Other,4,Tuesday,16,False,False
201800029935,NonLethal,Daylight,No,NoIntersection,LightRain,3+Vehicles-Multiple,10,Monday,12,False,False
201800012018,NonLethal,Daylight,No,NoIntersection,Normal,2Vehicles-Side,10,Friday,16,False,False
201800013103,NonLethal,NightStreelightsOn,No,T-type,Normal,2Vehicles-Behind,12,Monday,17,False,False
201800031806,NonLethal,Daylight,Yes,T-type,Normal,2Vehicles-Behind,4,Saturday,17,True,False
201800046942,NonLethal,Daylight,No,NoIntersection,Normal,2Vehicles-Side,10,Tuesday,9,False,False
201800002353,NonLethal,Daylight,Yes,X-type,Normal,2Vehicles-Side,4,Saturday,16,True,False
201800019873,NonLethal,Daylight,Yes,Other,Normal,Other,5,Friday,13,False,False
201800002395,NonLethal,Daylight,No,T-type,Normal,Other,5,Wednesday,12,False,False
201800000216,NonLethal,Daylight,No,NoIntersection,Normal,2Vehicles-BehindVehicles-Frontal,10,Wednesday,14,False,False
201800004999,Lethal,Daylight,No,NoIntersection,Normal,NoCollision,5,Wednesday,9,False,False
201800042659,NonLethal,Daylight,Yes,X-type,Normal,Other,4,Wednesday,7,False,False
201800005330,NonLethal,Daylight,Yes,NoIntersection,Normal,Other,1,Friday,8,False,False
201800021674,NonLethal,NightNoStreetLight,No,Other,Normal,2Vehicles-Side,10,Sunday,7,True,False
201800014428,NonLethal,NightNoStreetLight,No,T-type,LightRain,Other,10,Saturday,4,True,True
201800041265,NonLethal,Daylight,Yes,NoIntersection,Normal,2Vehicles-Behind,7,Tuesday,8,False,False
201800011508,NonLethal,Daylight,No,NoIntersection,Normal,3+Vehicles-Chain,5,Wednesday,13,False,False
201800020077,Lethal,Daylight,No,NoIntersection,Normal,NoCollision,6,Saturday,19,True,False
201800024428,NonLethal,Daylight,Yes,NoIntersection,Normal,Other,9,Wednesday,12,False,False
201800022066,NonLethal,Daylight,Yes,NoIntersection,Normal,Other,10,Saturday,18,True,False
201800046863,NonLethal,Daylight,No,NoIntersection,Overcast,2Vehicles-Behind,9,Thursday,18,False,False
201800008336,NonLethal,Daylight,Yes,NoIntersection,Normal,3+Vehicles-Multiple,1,Thursday,11,False,False
201800051940,NonLethal,Daylight,Yes,Y-type,LightRain,Other,2,Thursday,14,False,False
201800040520,NonLethal,Daylight,Yes,T-type,Normal,Other,12,Thursday,8,False,False
201800037825,NonLethal,Daylight,Yes,NoIntersection,Normal,2Vehicles-Side,4,Saturday,13,True,False
201800053062,NonLethal,Daylight,Yes,NoIntersection,Normal,Other,6,Friday,20,False,False
201800048619,NonLethal,NightStreelightsOn,Yes,NoIntersection,Normal,Other,10,Friday,3,False,True
201800000619,NonLethal,Daylight,No,T-type,VeryGood,2Vehicles-BehindVehicles-Frontal,8,Thursday,17,False,False
201800054562,NonLethal,NightStreelightsOn,Yes,X-type,Normal,Other,10,Saturday,5,True,True
201800052823,NonLethal,NightStreelightsOn,Yes,T-type,Normal,2Vehicles-Behind,9,Friday,20,False,False
201800042210,NonLethal,Daylight,Yes,NoIntersection,Normal,Other,7,Friday,16,False,False
201800001911,NonLethal,Daylight,No,X-type,Normal,NoCollision,12,Thursday,11,False,False
201800044834,NonLethal,NightNoStreetLight,No,NoIntersection,HeavyRain,Other,4,Sunday,22,True,False
201800004708,NonLethal,Daylight,No,NoIntersection,LightRain,2Vehicles-Side,4,Tuesday,18,False,False
201800052707,NonLethal,TwilightOrDawn,Yes,NoIntersection,Normal,Other,4,Tuesday,5,False,True
201800046192,NonLethal,NightStreelightsOn,No,NoIntersection,LightRain,3+Vehicles-Chain,10,Wednesday,21,False,False
201800030744,NonLethal,TwilightOrDawn,Yes,NoIntersection,LightRain,Other,2,Friday,18,False,False
201800056978,NonLethal,Daylight,Yes,T-type,Normal,Other,6,Thursday,15,False,False
201800029025,NonLethal,Daylight,Yes,Roundabout,Normal,Other,7,Sunday,8,True,False
201800050329,NonLethal,Daylight,Yes,X-type,Overcast,Other,10,Sunday,13,True,False
201800025816,NonLethal,Daylight,Yes,NoIntersection,HeavyRain,3+Vehicles-Chain,6,Friday,19,False,False
201800055237,NonLethal,TwilightOrDawn,Yes,NoIntersection,HeavyRain,2Vehicles-Behind,1,Monday,8,False,False
201800050879,NonLethal,NightStreelightsOn,Yes,X-type,Normal,Other,5,Thursday,22,False,False
201800056306,NonLethal,Daylight,No,NoIntersection,Normal,2Vehicles-Side,9,Thursday,9,False,False
201800007729,NonLethal,NightNoStreetLight,No,NoIntersection,FogOrSmoke,2Vehicles-Side,11,Friday,19,False,False
201800050758,NonLethal,Daylight,Yes,MoreThan4Branches,Normal,2Vehicles-Side,1,Wednesday,17,False,False
201800001124,Lethal,Daylight,No,NoIntersection,VeryGood,3+Vehicles-Multiple,8,Friday,15,False,False
201800027492,NonLethal,Daylight,Yes,NoIntersection,Normal,Other,10,Saturday,14,True,False
201800036546,NonLethal,Daylight,No,NoIntersection,Normal,3+Vehicles-Multiple,10,Sunday,19,True,False
201800010913,Lethal,TwilightOrDawn,No,NoIntersection,Overcast,Other,10,Saturday,18,True,False
201800006442,NonLethal,Daylight,Yes,Other,Normal,Other,6,Friday,18,False,False
201800020155,Lethal,Daylight,No,NoIntersection,Normal,2Vehicles-BehindVehicles-Frontal,4,Monday,16,False,False
201800045469,NonLethal,NightNoStreetLight,No,NoIntersection,Normal,2Vehicles-Side,11,Sunday,0,True,True
201800053082,NonLethal,Daylight,Yes,Y-type,Normal,NoCollision,7,Tuesday,19,False,False
201800048183,NonLethal,Daylight,Yes,NoIntersection,Normal,Other,4,Wednesday,18,False,False
201800023847,NonLethal,TwilightOrDawn,Yes,X-type,Normal,2Vehicles-Side,2,Tuesday,7,False,False
201800029767,Lethal,Daylight,Yes,NoIntersection,Normal,2Vehicles-BehindVehicles-Frontal,10,Friday,19,False,False
201800036341,NonLethal,Daylight,No,NoIntersection,Normal,3+Vehicles-Multiple,7,Monday,11,False,False
201800048839,NonLethal,TwilightOrDawn,No,NoIntersection,LightRain,2Vehicles-Side,3,Tuesday,19,False,False
201800012800,NonLethal,Daylight,No,NoIntersection,Normal,NoCollision,5,Saturday,12,True,False
201800021541,NonLethal,Daylight,Yes,NoIntersection,Normal,Other,8,Thursday,10,False,False
201800031333,NonLethal,Daylight,Yes,NoIntersection,LightRain,2Vehicles-Behind,10,Monday,9,False,False
201800024363,NonLethal,Daylight,No,NoIntersection,Normal,2Vehicles-Side,7,Sunday,10,True,False
201800007733,NonLethal,NightStreelightsOn,Yes,NoIntersection,Normal,2Vehicles-Behind,1,Thursday,20,False,False
201800033686,NonLethal,Daylight,No,NoIntersection,Normal,2Vehicles-BehindVehicles-Frontal,12,Wednesday,16,False,False
201800056692,NonLethal,Daylight,No,NoIntersection,HeavyRain,2Vehicles-Behind,4,Monday,12,False,False
201800052405,NonLethal,Daylight,Yes,T-type,Normal,2Vehicles-Side,4,Friday,18,False,False
201800052358,NonLethal,Daylight,Yes,X-type,Normal,Other,3,Wednesday,9,False,False
201800027006,NonLethal,Daylight,Yes,Roundabout,LightRain,NoCollision,11,Thursday,15,False,False
201800007724,NonLethal,NightNoStreetLight,No,Other,LightRain,2Vehicles-Behind,3,Tuesday,5,False,True
201800004664,NonLethal,Daylight,No,NoIntersection,Normal,2Vehicles-BehindVehicles-Frontal,7,Sunday,16,True,False
201800014978,NonLethal,NightStreelightsOn,Yes,NoIntersection,Normal,2Vehicles-Side,4,Monday,23,False,False
201800026597,NonLethal,Daylight,Yes,Y-type,Normal,Other,10,Saturday,11,True,False
201800028527,NonLethal,Daylight,Yes,NoIntersection,Normal,2Vehicles-Behind,9,Wednesday,14,False,False
201800053659,NonLethal,Daylight,Yes,Y-type,Normal,Other,1,Friday,12,False,False
201800020897,NonLethal,Daylight,Yes,T-type,Normal,2Vehicles-BehindVehicles-Frontal,10,Wednesday,15,False,False
201800031946,NonLethal,Daylight,Yes,T-type,Normal,2Vehicles-Side,9,Friday,7,False,False
201800005734,NonLethal,NightStreelightsOn,Yes,X-type,Normal,2Vehicles-Side,7,Friday,23,False,False
201800034828,NonLethal,Daylight,Yes,X-type,Normal,2Vehicles-Side,6,Wednesday,20,False,False
201800052380,NonLethal,Daylight,Yes,NoIntersection,Normal,Other,5,Friday,9,False,False
201800024134,NonLethal,Daylight,No,NoIntersection,Normal,2Vehicles-Side,7,Thursday,18,False,False
201800040758,NonLethal,Daylight,Yes,NoIntersection,Normal,2Vehicles-Side,5,Saturday,10,True,False
201800049250,NonLethal,NightNoStreetLight,No,NoIntersection,LightRain,2Vehicles-Side,10,Monday,3,False,True
201800021741,NonLethal,Daylight,No,NoIntersection,Normal,Other,7,Monday,17,False,False
201800043773,NonLethal,Daylight,No,NoIntersection,HeavyRain,Other,1,Monday,15,False,False
201800030112,NonLethal,Daylight,Yes,Roundabout,VeryGood,2Vehicles-Side,5,Wednesday,8,False,False
201800027632,NonLethal,Daylight,Yes,NoIntersection,Normal,Other,4,Tuesday,18,False,False
201800002838,NonLethal,Daylight,No,X-type,Normal,2Vehicles-Side,4,Wednesday,14,False,False
201800027857,NonLethal,Daylight,Yes,NoIntersection,Normal,Other,5,Wednesday,16,False,False
201800054108,NonLethal,Daylight,Yes,T-type,Normal,2Vehicles-Side,5,Saturday,11,True,False
201800010002,NonLethal,NightStreelightsOn,Yes,NoIntersection,Normal,Other,10,Sunday,22,True,False
201800036742,NonLethal,Daylight,Yes,NoIntersection,Normal,NoCollision,9,Tuesday,11,False,False
201800045340,NonLethal,Daylight,No,NoIntersection,Normal,2Vehicles-Side,10,Wednesday,9,False,False
201800050615,NonLethal,Daylight,Yes,X-type,Normal,Other,10,Tuesday,16,False,False
201800009865,NonLethal,Daylight,Yes,NoIntersection,Normal,2Vehicles-Side,10,Saturday,15,True,False
201800055725,NonLethal,NightStreelightsOn,Yes,NoIntersection,Normal,2Vehicles-Behind,4,Thursday,20,False,False
201800000564,Lethal,Daylight,No,NoIntersection,Normal,2Vehicles-BehindVehicles-Frontal,8,Thursday,16,False,False
201800056164,NonLethal,Daylight,Yes,NoIntersection,Normal,2Vehicles-Behind,6,Friday,17,False,False
201800045724,NonLethal,TwilightOrDawn,No,NoIntersection,LightRain,2Vehicles-Behind,2,Monday,16,False,False
201800020839,NonLethal,Daylight,Yes,NoIntersection,LightRain,2Vehicles-Behind,6,Thursday,16,False,False
201800027749,NonLethal,Daylight,No,T-type,Normal,2Vehicles-Side,7,Monday,7,False,False
201800044991,NonLethal,Daylight,No,NoIntersection,Normal,2Vehicles-Behind,6,Tuesday,9,False,False
201800011233,NonLethal,Daylight,Yes,NoIntersection,Normal,Other,4,Friday,17,False,False
201800014058,NonLethal,NightNoStreetLight,No,NoIntersection,HeavyRain,Other,5,Saturday,21,True,False
201800031561,Lethal,TwilightOrDawn,No,NoIntersection,Normal,2Vehicles-Behind,11,Tuesday,7,False,False
201800041570,NonLethal,Daylight,Yes,NoIntersection,Overcast,3+Vehicles-Chain,5,Thursday,9,False,False
201800021812,NonLethal,NightStreelightsOff,No,NoIntersection,HeavyRain,2Vehicles-BehindVehicles-Frontal,12,Friday,7,False,False
201800002308,NonLethal,Daylight,No,NoIntersection,VeryGood,2Vehicles-Side,10,Friday,14,False,False
201800016382,NonLethal,NightNoStreetLight,No,NoIntersection,Normal,2Vehicles-BehindVehicles-Frontal,1,Friday,19,False,False
201800013268,NonLethal,Daylight,No,X-type,LightRain,NoCollision,3,Friday,16,False,False
201800023089,NonLethal,Daylight,Yes,NoIntersection,Normal,2Vehicles-Behind,5,Thursday,15,False,False
201800038603,NonLethal,Daylight,Yes,Y-type,Normal,2Vehicles-Side,7,Thursday,18,False,False
201800016773,NonLethal,Daylight,No,NoIntersection,Normal,NoCollision,4,Saturday,14,True,False
201800026529,NonLethal,Daylight,Yes,NoIntersection,Normal,NoCollision,3,Tuesday,15,False,False
201800004820,Lethal,Daylight,No,T-type,Normal,2Vehicles-Side,5,Wednesday,16,False,False
201800020895,NonLethal,NightStreelightsOn,Yes,NoIntersection,HeavyRain,Other,10,Saturday,21,True,False
201800044331,NonLethal,NightNoStreetLight,No,NoIntersection,Normal,2Vehicles-Behind,10,Tuesday,19,False,False
201800003551,NonLethal,Daylight,Yes,T-type,Normal,2Vehicles-Side,5,Saturday,13,True,False
201800045527,NonLethal,Daylight,No,NoIntersection,Overcast,Other,12,Sunday,10,True,False
201800019321,NonLethal,NightNoStreetLight,Yes,NoIntersection,Normal,Other,8,Sunday,5,True,True
201800025867,NonLethal,NightStreelightsOn,Yes,T-type,Normal,2Vehicles-Side,11,Monday,3,False,True
201800011275,NonLethal,Daylight,No,X-type,Overcast,2Vehicles-Side,10,Monday,18,False,False
201800028003,NonLethal,Daylight,Yes,NoIntersection,Normal,2Vehicles-Behind,5,Wednesday,20,False,False
201800050498,NonLethal,TwilightOrDawn,Yes,NoIntersection,Normal,Other,11,Monday,17,False,False
201800026093,NonLethal,NightStreelightsOn,Yes,T-type,Normal,2Vehicles-Side,2,Saturday,18,True,False
201800048712,NonLethal,TwilightOrDawn,Yes,NoIntersection,LightRain,Other,11,Tuesday,7,False,False
201800001442,NonLethal,NightNoStreetLight,No,NoIntersection,Overcast,2Vehicles-BehindVehicles-Frontal,2,Sunday,18,True,False
201800008803,NonLethal,Daylight,Yes,NoIntersection,Normal,2Vehicles-Side,4,Friday,7,False,False
201800017523,Lethal,Daylight,No,X-type,Normal,2Vehicles-Side,9,Tuesday,15,False,False
201800003534,NonLethal,Daylight,Yes,NoIntersection,Normal,Other,5,Friday,18,False,False
201800037219,NonLethal,TwilightOrDawn,Yes,NoIntersection,LightRain,NoCollision,2,Thursday,7,False,False
201800006469,Lethal,NightNoStreetLight,No,NoIntersection,Normal,Other,7,Wednesday,1,False,True
201800041990,NonLethal,Daylight,Yes,X-type,Normal,Other,9,Wednesday,15,False,False
201800039003,NonLethal,Daylight,Yes,NoIntersection,Normal,Other,4,Saturday,15,True,False
201800036165,NonLethal,Daylight,Yes,NoIntersection,Normal,2Vehicles-Side,8,Thursday,15,False,False
201800002177,Lethal,NightNoStreetLight,No,NoIntersection,Normal,2Vehicles-BehindVehicles-Frontal,12,Friday,20,False,False
201800050607,NonLethal,Daylight,Yes,X-type,VeryGood,2Vehicles-Behind,9,Saturday,18,True,False
201800035914,NonLethal,Daylight,Yes,NoIntersection,VeryGood,2Vehicles-Side,7,Tuesday,10,False,False
201800029152,NonLethal,Daylight,Yes,NoIntersection,Normal,Other,4,Thursday,8,False,False
201800036668,NonLethal,Daylight,Yes,X-type,Normal,Other,7,Saturday,13,True,False
201800010477,NonLethal,Daylight,No,NoIntersection,Normal,NoCollision,6,Monday,17,False,False