AccidentId,Gravity,Light,InAgglomeration,IntersectionType,Weather,CollisionType,Month,DayOfWeek,HourOfDay,IsWeekend,IsNight
201800003518,NonLethal,Daylight,No,T-type,Normal,3+Vehicles-Multiple,6,Thursday,15,False,False
201800012412,Lethal,Daylight,Yes,NoIntersection,Normal,Other,8,Tuesday,13,False,False
201800039240,NonLethal,NightStreelightsOn,Yes,NoIntersection,Normal,2Vehicles-Behind,12,Tuesday,5,False,True
201800022074,NonLethal,NightStreelightsOn,Yes,NoIntersection,Normal,Other,6,Thursday,3,False,True
201800033941,NonLethal,NightStreelightsOn,No,NoIntersection,LightRain,NoCollision,2,Friday,3,False,True
201800025319,NonLethal,Daylight,Yes,T-type,Normal,2Vehicles-Behind,5,Friday,14,False,False
201800028441,NonLethal,NightStreelightsOn,Yes,NoIntersection,Normal,2Vehicles-Behind,7,Friday,2,False,True
201800050626,NonLethal,NightStreelightsOn,Yes,X-type,LightRain,2Vehicles-Side,11,Thursday,19,False,False
201800017726,NonLethal,Daylight,No,NoIntersection,Normal,2Vehicles-BehindVehicles-Frontal,10,Wednesday,15,False,False
201800023090,NonLethal,Daylight,Yes,NoIntersection,Normal,2Vehicles-Behind,5,Friday,14,False,False
201800014729,NonLethal,Daylight,No,NoIntersection,Normal,2Vehicles-Side,3,Wednesday,14,False,False
201800008409,NonLethal,Daylight,Yes,NoIntersection,LightRain,Other,1,Friday,15,False,False
201800029471,NonLethal,NightStreelightsOn,Yes,NoIntersection,Normal,Other,3,Wednesday,0,False,True
201800048507,NonLethal,NightStreelightsOn,Yes,NoIntersection,Normal,Other,9,Saturday,23,True,False
201800014673,NonLethal,TwilightOrDawn,Yes,NoIntersection,Normal,Other,6,Tuesday,5,False,True
201800043031,NonLethal,TwilightOrDawn,Yes,NoIntersection,Normal,NoCollision,7,Sunday,21,True,False
201800034849,NonLethal,Daylight,Yes,X-type,Normal,Other,9,Friday,8,False,False
201800050318,NonLethal,TwilightOrDawn,Yes,Y-type,Normal,2Vehicles-Side,9,Saturday,6,True,True
201800057328,NonLethal,Daylight,No,NoIntersection,Normal,NoCollision,6,Sunday,16,True,False
201800010885,NonLethal,NightStreelightsOn,Yes,NoIntersection,Normal,Other,2,Monday,23,False,False
201800030787,NonLethal,Daylight,Yes,X-type,Normal,2Vehicles-Side,4,Wednesday,10,False,False
201800041219,NonLethal,Daylight,Yes,NoIntersection,Normal,NoCollision,4,Sunday,8,True,False
201800050963,NonLethal,NightStreelightsOn,Yes,NoIntersection,Normal,Other,12,Monday,18,False,False
201800011685,NonLethal,TwilightOrDawn,No,T-type,Normal,2Vehicles-Side,4,Friday,6,False,True
201800027582,NonLethal,Daylight,Yes,Roundabout,Normal,2Vehicles-Side,2,Thursday,13,False,False
201800019901,NonLethal,Daylight,No,NoIntersection,Normal,2Vehicles-BehindVehicles-Frontal,10,Friday,13,False,False
201800018373,NonLethal,Daylight,Yes,NoIntersection,Normal,2Vehicles-Side,5,Thursday,18,False,False
201800001796,Lethal,Daylight,No,NoIntersection,Normal,NoCollision,1,Wednesday,15,False,False
201800031405,NonLethal,NightNoStreetLight,No,NoIntersection,SnowOrHail,2Vehicles-BehindVehicles-Frontal,3,Saturday,20,True,False
201800016804,NonLethal,Daylight,No,NoIntersection,Normal,2Vehicles-BehindVehicles-Frontal,9,Monday,18,False,False
201800005826,NonLethal,NightStreelightsOn,Yes,NoIntersection,Normal,2Vehicles-Behind,10,Tuesday,6,False,True
201800013089,Lethal,TwilightOrDawn,No,NoIntersection,SnowOrHail,2Vehicles-BehindVehicles-Frontal,12,Saturday,16,True,False
201800033254,NonLethal,Daylight,Yes,Roundabout,VeryGood,Other,3,Friday,17,False,False
201800046440,NonLethal,Daylight,No,NoIntersection,Normal,Other,3,Saturday,10,True,False
201800022516,NonLethal,Daylight,No,NoIntersection,Normal,Other,11,Sunday,15,True,False
201800041755,NonLethal,Daylight,No,NoIntersection,Normal,2Vehicles-Side,5,Friday,12,False,False
201800033365,NonLethal,Daylight,Yes,Y-type,Normal,Other,9,Tuesday,13,False,False
201800020868,NonLethal,Daylight,Yes,T-type,Normal,2Vehicles-Side,8,Monday,18,False,False
201800003475,NonLethal,Daylight,No,Other,LightRain,Other,10,Wednesday,12,False,False
201800027502,NonLethal,Daylight,Yes,NoIntersection,Normal,2Vehicles-Behind,10,Friday,8,False,False
201800045198,NonLethal,Daylight,No,NoIntersection,Normal,2Vehicles-Side,9,Saturday,13,True,False
201800055798,NonLethal,NightNoStreetLight,Yes,NoIntersection,Normal,Other,3,Tuesday,21,False,False
201800024553,NonLethal,NightStreelightsOff,Yes,NoIntersection,HeavyRain,NoCollision,5,Wednesday,18,False,False
201800002129,NonLethal,NightNoStreetLight,No,NoIntersection,Normal,2Vehicles-BehindVehicles-Frontal,8,Friday,21,False,False
201800039669,NonLethal,Daylight,Yes,NoIntersection,Normal,Other,10,Saturday,18,True,False
201800011900,NonLethal,Daylight,Yes,T-type,LightRain,2Vehicles-Side,2,Thursday,11,False,False
201800046867,NonLethal,Daylight,No,NoIntersection,Normal,2Vehicles-Behind,9,Friday,15,False,False
201800025652,NonLethal,Daylight,Yes,NoIntersection,LightRain,2Vehicles-Side,12,Tuesday,14,False,False
201800053170,NonLethal,Daylight,Yes,T-type,LightRain,2Vehicles-Side,10,Tuesday,15,False,False
201800047952,NonLethal,Daylight,No,NoIntersection,Normal,2Vehicles-Side,8,Tuesday,15,False,False
201800033631,NonLethal,Daylight,Yes,T-type,Normal,2Vehicles-Side,4,Thursday,9,False,False
201800017731,NonLethal,Daylight,No,NoIntersection,HeavyRain,NoCollision,6,Saturday,12,True,False
201800041831,NonLethal,NightStreelightsOn,Yes,NoIntersection,LightRain,Other,1,Friday,20,False,False
201800050149,NonLethal,Daylight,No,NoIntersection,Normal,2Vehicles-Behind,5,Saturday,11,True,False
201800028240,NonLethal,Daylight,Yes,NoIntersection,Normal,Other,9,Monday,9,False,False
201800007133,NonLethal,Daylight,Yes,NoIntersection,Normal,2Vehicles-BehindVehicles-Frontal,3,Tuesday,17,False,False
201800047645,NonLethal,Daylight,Yes,NoIntersection,Normal,NoCollision,8,Wednesday,11,False,False
201800047212,NonLethal,Daylight,No,NoIntersection,Normal,Other,4,Friday,19,False,False
201800040375,NonLethal,Daylight,Yes,Other,Normal,Other,12,Wednesday,16,False,False
201800015925,Lethal,NightNoStreetLight,No,NoIntersection,Normal,Other,1,Saturday,18,True,False
201800017451,NonLethal,Daylight,Yes,NoIntersection,VeryGood,3+Vehicles-Chain,7,Thursday,8,False,False
201800049850,NonLethal,Daylight,No,NoIntersection,Normal,3+Vehicles-Chain,5,Thursday,10,False,False
201800026006,NonLethal,Daylight,Yes,Other,Normal,Other,1,Saturday,16,True,False
201800055534,NonLethal,TwilightOrDawn,Yes,NoIntersection,SnowOrHail,2Vehicles-Side,7,Friday,20,False,False
201800052776,NonLethal,Daylight,Yes,NoIntersection,Normal,Other,11,Wednesday,12,False,False
201800017889,NonLethal,Daylight,Yes,NoIntersection,Normal,2Vehicles-BehindVehicles-Frontal,8,Saturday,13,True,False
201800000642,NonLethal,NightNoStreetLight,No,NoIntersection,LightRain,2Vehicles-Side,8,Wednesday,22,False,False
201800006317,NonLethal,Daylight,No,NoIntersection,Normal,Other,9,Wednesday,10,False,False
201800008423,NonLethal,Daylight,Yes,NoIntersection,Normal,3+Vehicles-Chain,1,Monday,8,False,False
201800002615,NonLethal,NightStreelightsOff,Yes,NoIntersection,Normal,Other,3,Wednesday,22,False,False
201800054194,NonLethal,Daylight,Yes,NoIntersection,Normal,Other,9,Tuesday,12,False,False
201800042371,NonLethal,Daylight,Yes,Y-type,Normal,2Vehicles-Side,10,Tuesday,13,False,False
201800026271,NonLethal,NightStreelightsOn,Yes,NoIntersection,Normal,2Vehicles-BehindVehicles-Frontal,1,Saturday,0,True,True
201800019816,NonLethal,Daylight,Yes,NoIntersection,Normal,Other,10,Friday,8,False,False
201800036337,NonLethal,NightNoStreetLight,Yes,Square,Normal,Other,5,Wednesday,21,False,False
201800034067,NonLethal,Daylight,Yes,NoIntersection,Normal,Other,9,Wednesday,7,False,False
201800056139,NonLethal,Daylight,Yes,NoIntersection,Normal,Other,9,Sunday,16,True,False
201800041656,NonLethal,TwilightOrDawn,Yes,NoIntersection,Overcast,Other,3,Tuesday,18,False,False
201800003195,NonLethal,NightNoStreetLight,No,NoIntersection,Normal,NoCollision,5,Friday,21,False,False
201800030688,NonLethal,NightStreelightsOn,Yes,NoIntersection,Normal,NoCollision,8,Thursday,6,False,True
201800013492,NonLethal,Daylight,Yes,NoIntersection,Normal,Other,3,Wednesday,17,False,False
201800056389,NonLethal,Daylight,No,T-type,Normal,2Vehicles-Side,2,Tuesday,16,False,False
201800047441,NonLethal,Daylight,Yes,NoIntersection,HeavyRain,Other,4,Wednesday,11,False,False
201800003483,NonLethal,Daylight,Yes,X-type,Normal,2Vehicles-Behind,5,Friday,18,False,False
201800019227,NonLethal,TwilightOrDawn,No,NoIntersection,Normal,2Vehicles-BehindVehicles-Frontal,6,Thursday,5,False,True
201800011221,NonLethal,Daylight,No,NoIntersection,Normal,Other,5,Tuesday,7,False,False
201800000452,NonLethal,NightNoStreetLight,No,NoIntersection,LightRain,2Vehicles-BehindVehicles-Frontal,12,Saturday,18,True,False
201800040773,NonLethal,Daylight,Yes,NoIntersection,Normal,Other,9,Friday,19,False,False
201800000441,NonLethal,Daylight,Yes,X-type,Normal,2Vehicles-Side,6,Friday,17,False,False
201800011722,NonLethal,NightNoStreetLight,No,NoIntersection,Normal,Other,8,Sunday,23,True,False
201800027973,NonLethal,Daylight,Yes,X-type,Normal,Other,3,Wednesday,11,False,False
201800045076,NonLethal,Daylight,No,NoIntersection,Normal,Other,7,Sunday,18,True,False
201800050876,NonLethal,Daylight,Yes,X-type,Normal,NoCollision,5,Monday,18,False,False
201800037937,NonLethal,TwilightOrDawn,Yes,NoIntersection,Normal,3+Vehicles-Chain,11,Wednesday,4,False,True
201800030456,NonLethal,Daylight,Yes,T-type,Normal,2Vehicles-Side,1,Friday,10,False,False
201800009298,NonLethal,Daylight,Yes,NoIntersection,Normal,3+Vehicles-Chain,6,Monday,10,False,False
201800036654,NonLethal,Daylight,Yes,NoIntersection,Normal,2Vehicles-Behind,5,Friday,11,False,False
201800019129,Lethal,Daylight,No,NoIntersection,Normal,3+Vehicles-Multiple,3,Friday,11,False,False
201800036474,NonLethal,Daylight,Yes,NoIntersection,Normal,Other,9,Friday,11,False,False
201800009963,NonLethal,Daylight,Yes,NoIntersection,Normal,Other,10,Monday,18,False,False
201800018706,NonLethal,NightNoStreetLight,No,NoIntersection,Normal,NoCollision,11,Thursday,18,False,False
201800054870,NonLethal,Daylight,Yes,X-type,Normal,2Vehicles-Side,12,Wednesday,9,False,False
201800052341,NonLethal,NightStreelightsOn,Yes,X-type,LightRain,2Vehicles-Side,2,Monday,17,False,False
201800008586,NonLethal,Daylight,Yes,NoIntersection,Normal,2Vehicles-Behind,2,Friday,15,False,False
201800049609,NonLethal,NightNoStreetLight,No,NoIntersection,LightRain,2Vehicles-Behind,10,Saturday,22,True,False
201800012620,NonLethal,Daylight,No,NoIntersection,Normal,2Vehicles-BehindVehicles-Frontal,6,Monday,16,False,False
201800045383,NonLethal,Daylight,No,NoIntersection,HeavyRain,Other,10,Tuesday,9,False,False
201800020398,NonLethal,Daylight,No,NoIntersection,Normal,3+Vehicles-Chain,8,Tuesday,20,False,False
201800030985,NonLethal,Daylight,Yes,NoIntersection,Normal,2Vehicles-Side,11,Saturday,11,True,False
201800053500,NonLethal,Daylight,Yes,X-type,Normal,Other,5,Wednesday,17,False,False
201800011601,NonLethal,Daylight,Yes,NoIntersection,Normal,Other,10,Friday,20,False,False
201800014412,NonLethal,Daylight,No,NoIntersection,Normal,3+Vehicles-Multiple,5,Tuesday,15,False,False
201800053367,NonLethal,NightStreelightsOn,Yes,MoreThan4Branches,Normal,2Vehicles-Side,5,Saturday,2,True,True
201800006942,NonLethal,Daylight,No,NoIntersection,Normal,Other,1,Saturday,15,True,False
201800038014,NonLethal,Daylight,Yes,NoIntersection,Normal,2Vehicles-BehindVehicles-Frontal,12,Saturday,11,True,False
201800019041,NonLethal,NightNoStreetLight,No,NoIntersection,Normal,Other,8,Friday,5,False,True
201800001136,NonLethal,Daylight,No,NoIntersection,LightRain,Other,1,Monday,9,False,False
201800001517,NonLethal,Daylight,No,NoIntersection,Normal,NoCollision,1,Sunday,17,True,False
201800015879,NonLethal,TwilightOrDawn,Yes,NoIntersection,LightRain,2Vehicles-BehindVehicles-Frontal,1,Monday,17,False,False
201800015998,NonLethal,Daylight,No,NoIntersection,Normal,Other,3,Tuesday,7,False,False
201800038962,NonLethal,NightStreelightsOn,Yes,NoIntersection,LightRain,NoCollision,3,Saturday,7,True,False
201800050159,NonLethal,NightNoStreetLight,No,NoIntersection,Normal,3+Vehicles-Multiple,12,Saturday,18,True,False
201800006094,NonLethal,Daylight,No,NoIntersection,Normal,3+Vehicles-Chain,9,Wednesday,16,False,False
201800009937,NonLethal,Daylight,Yes,NoIntersection,Normal,2Vehicles-Side,10,Thursday,17,False,False
201800044837,NonLethal,NightNoStreetLight,No,NoIntersection,LightRain,Other,4,Monday,6,False,True
201800014307,NonLethal,Daylight,No,NoIntersection,Normal,2Vehicles-Side,6,Thursday,14,False,False
201800002163,NonLethal,Daylight,Yes,Other,Normal,Other,5,Sunday,19,True,False
201800035504,NonLethal,NightStreelightsOn,Yes,NoIntersection,Normal,Other,10,Tuesday,20,False,False
201800000790,NonLethal,NightNoStreetLight,Yes,NoIntersection,FogOrSmoke,Other,10,Saturday,1,True,True
201800016076,NonLethal,NightNoStreetLight,No,NoIntersection,Normal,Other,4,Sunday,3,True,True
201800003583,NonLethal,NightNoStreetLight,No,X-type,Normal,2Vehicles-Side,1,Sunday,5,True,True
201800054863,NonLethal,NightStreelightsOn,Yes,X-type,Normal,Other,12,Monday,19,False,False
201800031576,NonLethal,Daylight,No,NoIntersection,Normal,2Vehicles-BehindVehicles-Frontal,5,Wednesday,7,False,False
201800013865,NonLethal,TwilightOrDawn,No,NoIntersection,LightRain,Other,8,Sunday,17,True,False
201800041159,NonLethal,Daylight,Yes,NoIntersection,Normal,2Vehicles-Side,8,Tuesday,18,False,False
201800044767,NonLethal,NightNoStreetLight,No,NoIntersection,Normal,3+Vehicles-Multiple,4,Friday,5,False,True
201800046486,NonLethal,Daylight,No,NoIntersection,HeavyRain,2Vehicles-Side,3,Wednesday,10,False,False
201800034454,NonLethal,NightStreelightsOn,Yes,NoIntersection,Normal,2Vehicles-BehindVehicles-Frontal,9,Monday,20,False,False
201800050694,NonLethal,TwilightOrDawn,Yes,X-type,Normal,2Vehicles-Side,6,Saturday,16,True,False
201800013031,NonLethal,NightNoStreetLight,No,NoIntersection,HeavyRain,Other,2,Monday,20,False,False
201800024718,NonLethal,Daylight,Yes,NoIntersection,Normal,Other,4,Thursday,17,False,False
201800008639,NonLethal,NightStreelightsOn,Yes,Roundabout,LightRain,Other,5,Thursday,22,False,False
201800008828,NonLethal,Daylight,Yes,NoIntersection,Normal,2Vehicles-Behind,9,Tuesday,17,False,False
201800029131,Lethal,Daylight,Yes,Other,Normal,Other,9,Monday,9,False,False
201800028281,NonLethal,NightStreelightsOff,Yes,NoIntersection,Normal,Other,2,Thursday,18,False,False
201800031047,NonLethal,Daylight,Yes,NoIntersection,Normal,Other,8,Saturday,20,True,False
201800049541,NonLethal,Daylight,No,NoIntersection,LightRain,2Vehicles-Behind,4,Tuesday,13,False,False
201800020046,NonLethal,Daylight,Yes,X-type,Normal,2Vehicles-Side,3,Wednesday,16,False,False
201800015602,NonLethal,Daylight,No,X-type,Normal,Other,12,Tuesday,12,False,False
201800003360,NonLethal,TwilightOrDawn,Yes,NoIntersection,Normal,Other,1,Monday,7,False,False
201800033101,NonLethal,Daylight,Yes,NoIntersection,Normal,2Vehicles-Behind,2,Tuesday,14,False,False
201800055392,NonLethal,Daylight,Yes,NoIntersection,Normal,2Vehicles-Behind,5,Thursday,18,False,False
201800053844,NonLethal,Daylight,Yes,T-type,Normal,Other,7,Wednesday,14,False,False
201800030120,NonLethal,Daylight,Yes,NoIntersection,Normal,2Vehicles-Behind,10,Tuesday,16,False,False
201800029809,NonLethal,TwilightOrDawn,Yes,T-type,Overcast,Other,12,Friday,17,False,False
201800005211,NonLethal,NightStreelightsOn,Yes,NoIntersection,Normal,2Vehicles-Side,3,Thursday,21,False,False
201800040663,NonLethal,Daylight,Yes,T-type,Normal,2Vehicles-Side,4,Friday,19,False,False
201800053887,NonLethal,Daylight,Yes,T-type,Normal,Other,9,Friday,15,False,False
201800020910,NonLethal,NightNoStreetLight,Yes,NoIntersection,Normal,Other,10,Friday,8,False,False
201800016333,NonLethal,Daylight,Yes,Other,Normal,2Vehicles-Behind,9,Sunday,17,True,False
201800021724,NonLethal,Daylight,No,NoIntersection,Normal,Other,2,Monday,13,False,False
201800018163,NonLethal,NightStreelightsOn,Yes,NoIntersection,LightRain,Other,8,Sunday,21,True,False
201800038151,NonLethal,Daylight,Yes,X-type,Normal,2Vehicles-BehindVehicles-Frontal,10,Sunday,13,True,False
201800056042,NonLethal,NightNoStreetLight,No,NoIntersection,Normal,2Vehicles-Side,11,Friday,20,False,False
201800050455,NonLethal,Daylight,Yes,T-type,Normal,Other,5,Tuesday,19,False,False
201800036326,NonLethal,Daylight,Yes,Y-type,Normal,2Vehicles-Side,10,Wednesday,13,False,False
201800011784,NonLethal,Daylight,No,NoIntersection,Normal,Other,10,Sunday,9,True,False
201800026652,NonLethal,Daylight,Yes,NoIntersection,Normal,NoCollision,6,Monday,20,False,False
201800027298,NonLethal,Daylight,Yes,X-type,Normal,2Vehicles-BehindVehicles-Frontal,5,Monday,12,False,False
201800057751,NonLethal,NightNoStreetLight,Yes,NoIntersection,Normal,NoCollision,10,Saturday,23,True,False
201800007026,NonLethal,Daylight,No,Other,Normal,2Vehicles-Behind,1,Friday,9,False,False
201800035944,NonLethal,Daylight,Yes,NoIntersection,Normal,Other,10,Tuesday,13,False,False
201800002220,NonLethal,Daylight,Yes,NoIntersection,Normal,3+Vehicles-Multiple,3,Saturday,16,True,False
201800008590,NonLethal,Daylight,Yes,NoIntersection,LightRain,Other,2,Saturday,10,True,False
201800040200,NonLethal,Daylight,Yes,NoIntersection,HeavyRain,3+Vehicles-Chain,12,Thursday,8,False,False
201800039380,NonLethal,Daylight,Yes,NoIntersection,Normal,3+Vehicles-Chain,8,Monday,18,False,False
201800053446,NonLethal,Daylight,Yes,NoIntersection,Normal,2Vehicles-Side,7,Saturday,19,True,False
201800052277,NonLethal,NightStreelightsOn,Yes,Square,Overcast,Other,12,Sunday,18,True,False
201800016784,NonLethal,Daylight,Yes,NoIntersection,Normal,2Vehicles-Side,6,Saturday,17,True,False
201800011822,Lethal,NightNoStreetLight,No,NoIntersection,LightRain,NoCollision,10,Tuesday,5,False,True
201800028137,NonLethal,NightStreelightsOn,Yes,NoIntersection,Normal,Other,10,Thursday,19,False,False
201800007936,NonLethal,Daylight,Yes,T-type,Normal,2Vehicles-Side,7,Friday,12,False,False
201800027876,NonLethal,Daylight,Yes,T-type,Normal,2Vehicles-Side,3,Friday,12,False,False
201800021280,NonLethal,Daylight,No,NoIntersection,Normal,2Vehicles-Side,6,Monday,8,False,False
201800052484,NonLethal,Daylight,No,NoIntersection,Normal,2Vehicles-Behind,7,Tuesday,10,False,False
201800002722,NonLethal,Daylight,Yes,NoIntersection,LightRain,2Vehicles-BehindVehicles-Frontal,8,Thursday,15,False,False
201800023360,NonLethal,Daylight,Yes,NoIntersection,Normal,2Vehicles-Side,11,Tuesday,8,False,False
201800002093,NonLethal,NightNoStreetLight,No,NoIntersection,Normal,NoCollision,1,Friday,0,False,True
201800051429,NonLethal,Daylight,Yes,X-type,LightRain,Other,4,Sunday,11,True,False
201800018112,NonLethal,TwilightOrDawn,No,NoIntersection,FogOrSmoke,NoCollision,9,Friday,8,False,False
201800018792,NonLethal,NightNoStreetLight,No,NoIntersection,Normal,2Vehicles-BehindVehicles-Frontal,9,Sunday,20,True,False
201800056704,NonLethal,NightStreelightsOn,No,Roundabout,Normal,2Vehicles-Side,5,Friday,19,False,False
201800033257,NonLethal,Daylight,Yes,Roundabout,Normal,2Vehicles-Side,9,Friday,7,False,False
201800027964,NonLethal,NightStreelightsOn,Yes,T-type,Overcast,2Vehicles-Side,3,Thursday,20,False,False
201800021910,NonLethal,Daylight,Yes,Other,Normal,Other,5,Monday,11,False,False
201800027983,NonLethal,Daylight,Yes,X-type,Normal,Other,4,Friday,16,False,False
201800004767,NonLethal,Daylight,No,T-type,Normal,3+Vehicles-Multiple,1,Monday,18,False,False
201800039179,NonLethal,Daylight,Yes,NoIntersection,Normal,2Vehicles-Behind,2,Friday,11,False,False
201800013860,Lethal,TwilightOrDawn,No,NoIntersection,Normal,2Vehicles-BehindVehicles-Frontal,9,Friday,20,False,False
201800006811,Lethal,Daylight,No,NoIntersection,Normal,2Vehicles-BehindVehicles-Frontal,5,Monday,14,False,False
201800018323,NonLethal,Daylight,Yes,NoIntersection,Normal,NoCollision,9,Friday,19,False,False
201800012743,Lethal,Daylight,No,NoIntersection,Normal,NoCollision,12,Monday,11,False,False
201800013434,Lethal,Daylight,Yes,NoIntersection,Normal,Other,10,Sunday,14,True,False
201800056888,NonLethal,NightNoStreetLight,Yes,NoIntersection,Normal,2Vehicles-Behind,3,Thursday,19,False,False
201800041469,NonLethal,Daylight,Yes,MoreThan4Branches,Normal,2Vehicles-Side,7,Thursday,19,False,False
201800038109,NonLethal,Daylight,Yes,NoIntersection,Normal,2Vehicles-Side,6,Monday,9,False,False
201800002305,NonLethal,NightNoStreetLight,No,Y-type,Normal,2Vehicles-Side,8,Thursday,21,False,False
201800014435,NonLethal,Daylight,Yes,NoIntersection,Normal,Other,4,Sunday,18,True,False
201800004862,Lethal,TwilightOrDawn,No,NoIntersection,LightRain,Other,3,Thursday,17,False,False
201800003813,NonLethal,Daylight,No,NoIntersection,Normal,2Vehicles-Behind,5,Sunday,11,True,False
201800003348,NonLethal,Daylight,Yes,T-type,Normal,Other,10,Saturday,10,True,False
201800010818,NonLethal,Daylight,No,T-type,VeryGood,2Vehicles-Behind,9,Wednesday,9,False,False
201800011815,NonLethal,Daylight,No,NoIntersection,Normal,2Vehicles-Side,11,Wednesday,18,False,False
201800000920,NonLethal,TwilightOrDawn,No,NoIntersection,VeryGood,2Vehicles-BehindVehicles-Frontal,10,Thursday,18,False,False
201800026724,NonLethal,NightStreelightsOn,Yes,X-type,LightRain,Other,1,Thursday,17,False,False
201800015639,NonLethal,Daylight,No,T-type,Normal,2Vehicles-Side,6,Friday,9,False,False
201800028344,NonLethal,NightStreelightsOn,Yes,X-type,SnowOrHail,2Vehicles-Behind,2,Saturday,19,True,False
201800048538,NonLethal,NightStreelightsOn,Yes,X-type,LightRain,2Vehicles-Side,9,Friday,20,False,False
201800021370,NonLethal,NightStreelightsOn,Yes,NoIntersection,Normal,2Vehicles-Side,10,Friday,19,False,False
201800052330,NonLethal,Daylight,Yes,T-type,Normal,2Vehicles-Side,12,Sunday,13,True,False
201800001191,Lethal,Daylight,No,NoIntersection,FogOrSmoke,3+Vehicles-Multiple,2,Sunday,8,True,False
201800031951,NonLethal,Daylight,Yes,T-type,Normal,Other,9,Friday,16,False,False
201800046211,NonLethal,NightNoStreetLight,No,NoIntersection,Normal,Other,11,Tuesday,21,False,False
201800002650,NonLethal,TwilightOrDawn,No,NoIntersection,LightRain,2Vehicles-BehindVehicles-Frontal,11,Thursday,8,False,False
201800053833,NonLethal,Daylight,Yes,X-type,Normal,2Vehicles-Side,6,Thursday,17,False,False
201800029872,NonLethal,NightStreelightsOn,Yes,NoIntersection,Normal,Other,11,Saturday,5,True,True
201800050936,NonLethal,Daylight,Yes,NoIntersection,Normal,2Vehicles-Behind,10,Friday,17,False,False
201800032961,NonLethal,Daylight,No,T-type,Normal,2Vehicles-Side,10,Friday,18,False,False
201800055480,NonLethal,Daylight,Yes,NoIntersection,Normal,2Vehicles-Side,7,Wednesday,17,False,False
201800004883,Lethal,TwilightOrDawn,No,NoIntersection,FogOrSmoke,Other,3,Tuesday,9,False,False
201800037812,NonLethal,Daylight,Yes,NoIntersection,Normal,2Vehicles-BehindVehicles-Frontal,6,Sunday,14,True,False
201800055613,NonLethal,Daylight,Yes,NoIntersection,Normal,2Vehicles-Behind,9,Thursday,17,False,False
201800049088,NonLethal,NightStreelightsOff,No,NoIntersection,Normal,2Vehicles-Behind,12,Tuesday,23,False,False
201800010989,NonLethal,Daylight,No,NoIntersection,Normal,3+Vehicles-Multiple,6,Wednesday,16,False,False
201800030217,NonLethal,Daylight,Yes,NoIntersection,Normal,Other,7,Saturday,19,True,False
201800015089,NonLethal,Daylight,No,NoIntersection,Normal,2Vehicles-BehindVehicles-Frontal,11,Saturday,13,True,False
201800019510,NonLethal,Daylight,Yes,NoIntersection,Normal,Other,9,Friday,9,False,False
201800050030,NonLethal,Daylight,No,NoIntersection,Normal,Other,9,Sunday,11,True,False
201800029068,NonLethal,Daylight,Yes,NoIntersection,VeryGood,2Vehicles-Behind,5,Tuesday,5,False,True
201800023528,NonLethal,Daylight,No,NoIntersection,Normal,Other,1,Sunday,9,True,False
201800036529,NonLethal,NightStreelightsOn,Yes,NoIntersection,Normal,2Vehicles-BehindVehicles-Frontal,12,Monday,23,False,False
201800041657,NonLethal,Daylight,Yes,NoIntersection,LightRain,2Vehicles-Behind,3,Tuesday,17,False,False
201800002677,NonLethal,Daylight,No,NoIntersection,Normal,NoCollision,10,Saturday,15,True,False
201800026725,NonLethal,NightStreelightsOn,Yes,Square,FogOrSmoke,Other,1,Saturday,18,True,False
201800026797,NonLethal,Daylight,Yes,X-type,Normal,2Vehicles-Side,5,Saturday,8,True,False
201800003482,NonLethal,Daylight,No,NoIntersection,Normal,2Vehicles-Side,5,Monday,14,False,False
201800012765,NonLethal,NightStreelightsOn,No,NoIntersection,HeavyRain,Other,1,Tuesday,18,False,False
201800004193,NonLethal,Daylight,Yes,Roundabout,Normal,2Vehicles-Side,7,Sunday,10,True,False
201800022707,NonLethal,NightNoStreetLight,No,NoIntersection,Overcast,NoCollision,1,Friday,22,False,False
201800037802,NonLethal,Daylight,Yes,NoIntersection,Normal,Other,5,Saturday,16,True,False
201800003999,NonLethal,Daylight,No,NoIntersection,Normal,2Vehicles-BehindVehicles-Frontal,5,Thursday,12,False,False
201800021820,NonLethal,Daylight,Yes,NoIntersection,Normal,Other,6,Saturday,19,True,False
201800004804,Lethal,Daylight,No,NoIntersection,Normal,Other,7,Saturday,19,True,False
201800050501,NonLethal,NightStreelightsOn,Yes,X-type,Normal,NoCollision,11,Wednesday,18,False,False
201800026223,NonLethal,Daylight,Yes,NoIntersection,Normal,Other,6,Friday,8,False,False
201800035649,NonLethal,Daylight,Yes,NoIntersection,Normal,3+Vehicles-Chain,11,Monday,11,False,False
201800030818,NonLethal,Daylight,Yes,NoIntersection,Normal,2Vehicles-Behind,6,Monday,8,False,False
201800030482,NonLethal,Daylight,No,NoIntersection,Normal,2Vehicles-Behind,9,Saturday,19,True,False
201800020576,NonLethal,NightStreelightsOn,Yes,T-type,LightRain,2Vehicles-Side,8,Saturday,21,True,False
201800056730,NonLethal,Daylight,Yes,NoIntersection,Normal,3+Vehicles-Chain,9,Monday,7,False,False
201800054663,NonLethal,NightNoStreetLight,Yes,X-type,LightRain,Other,2,Sunday,6,True,True
201800011621,NonLethal,NightNoStreetLight,No,NoIntersection,LightRain,Other,3,Thursday,19,False,False