AccidentId,Gravity,Light,InAgglomeration,IntersectionType,Weather,CollisionType,Month,DayOfWeek,HourOfDay,IsWeekend,IsNight
201800057206,NonLethal,Daylight,Yes,NoIntersection,Normal,2Vehicles-Side,8,Tuesday,17,False,False
201800054446,NonLethal,Daylight,Yes,NoIntersection,Normal,Other,6,Sunday,14,True,False
201800000623,NonLethal,Daylight,No,T-type,VeryGood,2Vehicles-BehindVehicles-Frontal,10,Saturday,9,True,False
201800051760,NonLethal,NightStreelightsOn,Yes,X-type,Normal,2Vehicles-Side,6,Saturday,0,True,True
201800023249,NonLethal,NightStreelightsOn,Yes,NoIntersection,Normal,Other,9,Sunday,6,True,True
201800053528,NonLethal,Daylight,Yes,Square,Normal,2Vehicles-Side,9,Thursday,15,False,False
201800008742,NonLethal,Daylight,Yes,Other,Normal,2Vehicles-Side,3,Tuesday,14,False,False
201800021530,NonLethal,Daylight,Yes,NoIntersection,Normal,Other,5,Thursday,7,False,False
201800004597,NonLethal,Daylight,No,NoIntersection,LightRain,2Vehicles-Side,3,Friday,17,False,False
201800026931,NonLethal,Daylight,Yes,NoIntersection,VeryGood,Other,9,Monday,16,False,False
201800041500,NonLethal,Daylight,Yes,Other,Normal,2Vehicles-Behind,10,Tuesday,18,False,False
201800034934,NonLethal,Daylight,Yes,NoIntersection,Normal,Other,8,Thursday,12,False,False
201800031630,NonLethal,NightStreelightsOn,Yes,X-type,Normal,2Vehicles-Side,1,Saturday,0,True,True
201800006589,NonLethal,Daylight,No,NoIntersection,LightRain,NoCollision,11,Tuesday,9,False,False
201800046949,NonLethal,Daylight,No,NoIntersection,Normal,2Vehicles-Behind,10,Wednesday,7,False,False
201800030760,NonLethal,Daylight,Yes,NoIntersection,Normal,2Vehicles-Behind,3,Tuesday,15,False,False
201800052452,NonLethal,NightStreelightsOn,Yes,T-type,Normal,2Vehicles-Side,6,Sunday,1,True,True
201800054508,NonLethal,Daylight,Yes,X-type,Normal,2Vehicles-Side,8,Saturday,17,True,False
201800007794,NonLethal,Daylight,No,NoIntersection,Normal,Other,9,Wednesday,9,False,False
201800008010,NonLethal,Daylight,No,T-type,Normal,2Vehicles-Side,1,Tuesday,13,False,False
201800023193,NonLethal,NightStreelightsOn,No,NoIntersection,Normal,2Vehicles-Side,8,Saturday,21,True,False
201800035924,NonLethal,Daylight,Yes,NoIntersection,Normal,3+Vehicles-Chain,8,Tuesday,13,False,False
201800044228,NonLethal,NightNoStreetLight,No,NoIntersection,Normal,2Vehicles-Behind,9,Saturday,4,True,True
201800003063,NonLethal,TwilightOrDawn,No,NoIntersection,Normal,NoCollision,9,Wednesday,18,False,False
201800035968,NonLethal,NightNoStreetLight,No,NoIntersection,StrongWindOrStorm,Other,3,Thursday,7,False,False
201800047151,NonLethal,Daylight,No,NoIntersection,Normal,3+Vehicles-Chain,12,Wednesday,16,False,False
201800020856,NonLethal,Daylight,No,NoIntersection,Normal,Other,7,Friday,16,False,False
201800018881,NonLethal,Daylight,No,NoIntersection,Normal,Other,9,Thursday,16,False,False
201800026698,NonLethal,NightStreelightsOn,Yes,NoIntersection,Normal,NoCollision,11,Thursday,18,False,False
201800032730,NonLethal,NightNoStreetLight,No,Other,Overcast,Other,11,Saturday,19,True,False
201800020117,NonLethal,Daylight,No,NoIntersection,Normal,2Vehicles-Side,5,Tuesday,12,False,False
201800036978,NonLethal,Daylight,Yes,Roundabout,Normal,2Vehicles-Side,3,Saturday,17,True,False
201800015744,Lethal,Daylight,Yes,Roundabout,Normal,2Vehicles-Side,9,Sunday,20,True,False
201800050014,NonLethal,Daylight,No,NoIntersection,Normal,2Vehicles-Behind,9,Monday,8,False,False
201800000590,Lethal,Daylight,No,NoIntersection,Normal,2Vehicles-BehindVehicles-Frontal,5,Friday,9,False,False
201800031019,NonLethal,NightStreelightsOn,Yes,NoIntersection,Normal,2Vehicles-Side,11,Wednesday,23,False,False
201800009597,NonLethal,NightStreelightsOn,Yes,T-type,Normal,NoCollision,7,Sunday,23,True,False
201800055198,NonLethal,NightStreelightsOn,Yes,T-type,Normal,Other,4,Thursday,18,False,False
201800046539,NonLethal,Daylight,No,NoIntersection,Normal,NoCollision,4,Monday,8,False,False
201800020074,NonLethal,NightStreelightsOff,Yes,NoIntersection,Normal,2Vehicles-Side,1,Friday,23,False,False
201800052878,NonLethal,NightStreelightsOn,Yes,Square,LightRain,2Vehicles-Side,11,Thursday,19,False,False
201800029212,NonLethal,Daylight,Yes,Other,Normal,NoCollision,5,Tuesday,7,False,False
201800031148,NonLethal,Daylight,No,NoIntersection,LightRain,2Vehicles-BehindVehicles-Frontal,5,Monday,17,False,False
201800025339,NonLethal,Daylight,Yes,NoIntersection,Normal,Other,5,Friday,16,False,False
201800054983,NonLethal,Daylight,Yes,NoIntersection,Normal,2Vehicles-Side,4,Saturday,17,True,False
201800010439,NonLethal,NightStreelightsOn,Yes,NoIntersection,LightRain,2Vehicles-BehindVehicles-Frontal,12,Thursday,18,False,False
201800033001,NonLethal,Daylight,Yes,NoIntersection,Normal,NoCollision,7,Saturday,9,True,False
201800027030,NonLethal,Daylight,Yes,X-type,LightRain,2Vehicles-Side,12,Monday,8,False,False
201800034372,NonLethal,Daylight,Yes,NoIntersection,Normal,Other,8,Saturday,15,True,False
201800035445,NonLethal,Daylight,Yes,NoIntersection,Normal,Other,7,Friday,16,False,False
201800025390,NonLethal,Daylight,Yes,X-type,Normal,2Vehicles-Side,6,Monday,21,False,False
201800001501,NonLethal,Daylight,No,NoIntersection,Normal,3+Vehicles-Chain,11,Saturday,9,True,False
201800019490,NonLethal,Daylight,No,NoIntersection,Normal,NoCollision,10,Tuesday,16,False,False
201800002993,NonLethal,Daylight,Yes,NoIntersection,Normal,Other,9,Monday,12,False,False
201800036786,NonLethal,Daylight,Yes,Roundabout,Normal,2Vehicles-Side,9,Monday,18,False,False
201800006390,NonLethal,Daylight,Yes,NoIntersection,Normal,2Vehicles-Side,11,Thursday,17,False,False
201800027971,NonLethal,NightStreelightsOn,Yes,NoIntersection,LightRain,Other,3,Thursday,20,False,False
201800051536,NonLethal,Daylight,Yes,T-type,Normal,2Vehicles-Side,7,Saturday,9,True,False
201800020005,NonLethal,Daylight,No,NoIntersection,StrongWindOrStorm,NoCollision,1,Thursday,14,False,False
201800000671,NonLethal,Daylight,Yes,T-type,Normal,2Vehicles-Side,7,Thursday,16,False,False
201800005045,NonLethal,Daylight,Yes,NoIntersection,Normal,Other,3,Monday,17,False,False
201800000508,NonLethal,Daylight,No,NoIntersection,Normal,Other,1,Saturday,13,True,False
201800027458,NonLethal,Daylight,Yes,NoIntersection,Normal,2Vehicles-Behind,1,Wednesday,7,False,False
201800048353,NonLethal,Daylight,Yes,X-type,Normal,2Vehicles-Side,6,Thursday,15,False,False
201800010426,NonLethal,Daylight,No,T-type,Normal,2Vehicles-Side,10,Tuesday,9,False,False
201800045740,NonLethal,NightNoStreetLight,No,NoIntersection,Normal,Other,3,Saturday,6,True,True
201800033301,NonLethal,Daylight,Yes,NoIntersection,Normal,Other,6,Saturday,13,True,False
201800010906,NonLethal,NightNoStreetLight,No,T-type,LightRain,2Vehicles-Side,12,Friday,17,False,False
201800036953,NonLethal,Daylight,Yes,NoIntersection,HeavyRain,2Vehicles-Behind,11,Wednesday,10,False,False
201800003771,NonLethal,Daylight,Yes,NoIntersection,Normal,2Vehicles-Side,5,Monday,16,False,False
201800000894,NonLethal,Daylight,Yes,X-type,Normal,2Vehicles-Side,9,Wednesday,18,False,False
201800022690,NonLethal,Daylight,No,T-type,Normal,2Vehicles-BehindVehicles-Frontal,9,Wednesday,17,False,False
201800035246,NonLethal,Daylight,Yes,Roundabout,Normal,2Vehicles-Side,3,Tuesday,7,False,False
201800014832,NonLethal,NightNoStreetLight,No,NoIntersection,Normal,2Vehicles-BehindVehicles-Frontal,11,Saturday,17,True,False
201800024277,NonLethal,NightStreelightsOn,No,Other,Normal,2Vehicles-Behind,3,Sunday,6,True,True
201800012899,NonLethal,Daylight,Yes,NoIntersection,VeryGood,2Vehicles-BehindVehicles-Frontal,5,Tuesday,19,False,False
201800057574,NonLethal,TwilightOrDawn,Yes,NoIntersection,Normal,Other,2,Wednesday,6,False,True
201800018410,NonLethal,NightNoStreetLight,No,NoIntersection,Normal,2Vehicles-BehindVehicles-Frontal,8,Saturday,21,True,False
201800002254,NonLethal,Daylight,Yes,NoIntersection,Normal,2Vehicles-Behind,8,Thursday,8,False,False
201800036777,NonLethal,Daylight,Yes,NoIntersection,LightRain,Other,10,Wednesday,10,False,False
201800049416,NonLethal,NightNoStreetLight,No,NoIntersection,Normal,2Vehicles-Behind,7,Sunday,4,True,True
201800010165,NonLethal,Daylight,Yes,NoIntersection,Normal,2Vehicles-Side,12,Monday,13,False,False
201800046203,NonLethal,TwilightOrDawn,No,NoIntersection,Normal,3+Vehicles-Chain,2,Sunday,17,True,False
201800020772,NonLethal,Daylight,Yes,NoIntersection,Normal,NoCollision,8,Thursday,20,False,False
201800030195,NonLethal,NightStreelightsOn,Yes,NoIntersection,Normal,2Vehicles-BehindVehicles-Frontal,9,Sunday,21,True,False
201800024482,NonLethal,NightStreelightsOn,Yes,NoIntersection,Normal,Other,10,Thursday,20,False,False
201800019810,NonLethal,Daylight,Yes,NoIntersection,Normal,NoCollision,4,Thursday,17,False,False
201800034645,Lethal,NightStreelightsOn,Yes,NoIntersection,Normal,Other,12,Friday,18,False,False
201800013748,NonLethal,Daylight,Yes,X-type,Normal,2Vehicles-Side,7,Thursday,21,False,False
201800009108,NonLethal,Daylight,Yes,NoIntersection,Normal,2Vehicles-Behind,4,Friday,8,False,False
201800050579,NonLethal,Daylight,Yes,T-type,Normal,2Vehicles-Side,7,Friday,19,False,False
201800014122,NonLethal,Daylight,No,NoIntersection,Normal,2Vehicles-BehindVehicles-Frontal,3,Monday,17,False,False
201800026232,NonLethal,Daylight,Yes,NoIntersection,Normal,Other,10,Thursday,16,False,False
201800056431,NonLethal,NightNoStreetLight,No,NoIntersection,Normal,Other,11,Wednesday,18,False,False
201800056011,Lethal,NightNoStreetLight,No,NoIntersection,Normal,3+Vehicles-Multiple,7,Monday,22,False,False
201800049065,NonLethal,NightStreelightsOn,No,NoIntersection,Normal,2Vehicles-Behind,11,Saturday,20,True,False
201800011418,NonLethal,Daylight,No,NoIntersection,StrongWindOrStorm,Other,3,Thursday,9,False,False
201800037401,NonLethal,NightStreelightsOn,Yes,T-type,LightRain,2Vehicles-BehindVehicles-Frontal,1,Thursday,20,False,False
201800017055,NonLethal,TwilightOrDawn,No,NoIntersection,VeryGood,3+Vehicles-Chain,6,Wednesday,21,False,False
201800047165,NonLethal,NightStreelightsOn,Yes,X-type,Normal,2Vehicles-BehindVehicles-Frontal,1,Sunday,3,True,True
201800057713,NonLethal,Daylight,Yes,NoIntersection,Normal,2Vehicles-Side,8,Sunday,10,True,False
201800025150,NonLethal,Daylight,Yes,NoIntersection,Normal,Other,5,Monday,21,False,False
201800020168,NonLethal,Daylight,No,X-type,Normal,2Vehicles-Side,11,Monday,13,False,False
201800014288,NonLethal,Daylight,No,NoIntersection,Normal,2Vehicles-Side,7,Monday,18,False,False
201800025871,NonLethal,NightStreelightsOn,Yes,NoIntersection,Normal,Other,1,Sunday,20,True,False
201800004138,NonLethal,Daylight,Yes,Roundabout,Normal,2Vehicles-Side,11,Wednesday,16,False,False
201800005140,NonLethal,Daylight,Yes,Y-type,Normal,2Vehicles-BehindVehicles-Frontal,2,Wednesday,14,False,False
201800029783,NonLethal,NightStreelightsOn,Yes,X-type,Normal,Other,9,Saturday,22,True,False
201800023890,NonLethal,Daylight,Yes,T-type,Normal,2Vehicles-Side,6,Monday,17,False,False
201800007778,NonLethal,Daylight,Yes,NoIntersection,Normal,Other,8,Tuesday,15,False,False
201800017115,NonLethal,TwilightOrDawn,No,NoIntersection,Normal,Other,9,Tuesday,19,False,False
201800012686,NonLethal,TwilightOrDawn,No,NoIntersection,LightRain,Other,1,Friday,18,False,False
201800036264,NonLethal,Daylight,No,NoIntersection,HeavyRain,Other,12,Friday,10,False,False
201800046085,NonLethal,Daylight,No,NoIntersection,Normal,3+Vehicles-Chain,9,Friday,17,False,False
201800029430,Lethal,Daylight,Yes,T-type,Normal,2Vehicles-BehindVehicles-Frontal,10,Tuesday,12,False,False
201800026977,NonLethal,NightStreelightsOn,Yes,Roundabout,Normal,NoCollision,10,Sunday,2,True,True
201800024563,NonLethal,Daylight,Yes,NoIntersection,Normal,2Vehicles-Side,6,Thursday,11,False,False
201800014089,NonLethal,Daylight,No,NoIntersection,Normal,Other,5,Thursday,15,False,False
201800026961,NonLethal,TwilightOrDawn,Yes,T-type,Normal,2Vehicles-Side,10,Friday,8,False,False
201800040448,NonLethal,NightStreelightsOn,Yes,NoIntersection,Normal,Other,10,Wednesday,5,False,True
201800032023,NonLethal,Daylight,Yes,NoIntersection,Normal,Other,11,Saturday,9,True,False
201800013380,NonLethal,Daylight,No,T-type,Normal,2Vehicles-Behind,4,Tuesday,14,False,False
201800021790,NonLethal,Daylight,No,NoIntersection,Normal,2Vehicles-Behind,3,Tuesday,16,False,False
201800008019,NonLethal,NightStreelightsOn,Yes,Roundabout,LightRain,Other,3,Thursday,1,False,True
201800045255,NonLethal,NightNoStreetLight,No,NoIntersection,Normal,2Vehicles-Behind,9,Sunday,21,True,False
201800016060,NonLethal,Daylight,No,LevelCrossing,Overcast,2Vehicles-Side,6,Sunday,19,True,False
201800043150,NonLethal,NightStreelightsOn,Yes,X-type,Normal,2Vehicles-Behind,9,Monday,0,False,True
201800048861,NonLethal,Daylight,No,NoIntersection,Normal,2Vehicles-Behind,3,Friday,14,False,False
201800024688,NonLethal,Daylight,Yes,NoIntersection,LightRain,Other,7,Wednesday,15,False,False
201800035350,NonLethal,Daylight,Yes,NoIntersection,Normal,3+Vehicles-Multiple,7,Friday,17,False,False
201800036577,NonLethal,NightStreelightsOn,Yes,NoIntersection,LightRain,2Vehicles-Side,1,Tuesday,7,False,False
201800050016,NonLethal,Daylight,No,NoIntersection,Normal,3+Vehicles-Chain,11,Friday,12,False,False
201800038363,NonLethal,Daylight,Yes,X-type,Overcast,2Vehicles-Side,4,Friday,8,False,False
201800053196,NonLethal,NightStreelightsOn,Yes,X-type,Normal,2Vehicles-Side,11,Thursday,19,False,False
201800045404,NonLethal,NightNoStreetLight,No,NoIntersection,LightRain,Other,11,Thursday,23,False,False
201800027743,NonLethal,Daylight,Yes,NoIntersection,Normal,2Vehicles-Side,6,Wednesday,7,False,False
201800022101,NonLethal,Daylight,Yes,NoIntersection,Normal,3+Vehicles-Multiple,8,Wednesday,17,False,False
201800002990,NonLethal,Daylight,No,X-type,LightRain,2Vehicles-Side,5,Tuesday,17,False,False
201800023260,NonLethal,Daylight,Yes,NoIntersection,Normal,2Vehicles-Side,9,Wednesday,14,False,False
201800031028,NonLethal,Daylight,Yes,NoIntersection,Normal,2Vehicles-Behind,7,Saturday,18,True,False
201800053848,NonLethal,Daylight,Yes,Square,Normal,Other,8,Wednesday,18,False,False
201800042735,NonLethal,Daylight,Yes,X-type,Normal,Other,1,Thursday,10,False,False
201800008063,NonLethal,Daylight,Yes,Roundabout,Normal,Other,9,Wednesday,13,False,False
201800022799,NonLethal,Daylight,No,NoIntersection,Normal,NoCollision,3,Wednesday,13,False,False
201800020789,NonLethal,Daylight,Yes,NoIntersection,Normal,Other,1,Sunday,11,True,False
201800030020,NonLethal,NightStreelightsOn,Yes,NoIntersection,Normal,Other,1,Thursday,18,False,False
201800011447,NonLethal,Daylight,No,NoIntersection,Normal,NoCollision,2,Saturday,11,True,False
201800026303,NonLethal,NightNoStreetLight,No,NoIntersection,LightRain,2Vehicles-Behind,2,Saturday,0,True,True
201800009729,NonLethal,Daylight,Yes,NoIntersection,Normal,Other,9,Tuesday,8,False,False
201800018916,NonLethal,Daylight,No,X-type,Normal,2Vehicles-Side,5,Saturday,17,True,False
201800056403,NonLethal,Daylight,Yes,NoIntersection,LightRain,2Vehicles-Side,8,Monday,7,False,False
201800011088,NonLethal,TwilightOrDawn,No,Other,Normal,NoCollision,10,Sunday,6,True,True
201800049863,NonLethal,TwilightOrDawn,No,NoIntersection,Normal,2Vehicles-Side,5,Thursday,20,False,False
201800029797,NonLethal,Daylight,Yes,NoIntersection,Normal,2Vehicles-Behind,12,Saturday,12,True,False
201800044748,NonLethal,NightStreelightsOn,No,NoIntersection,Normal,Other,7,Wednesday,0,False,True
201800028525,NonLethal,NightStreelightsOn,Yes,X-type,Normal,2Vehicles-Side,9,Tuesday,20,False,False
201800026314,NonLethal,Daylight,Yes,NoIntersection,Normal,2Vehicles-Side,3,Wednesday,15,False,False
201800044520,NonLethal,NightNoStreetLight,No,NoIntersection,Normal,2Vehicles-Behind,12,Saturday,3,True,True
201800014416,NonLethal,Daylight,No,NoIntersection,Normal,Other,6,Monday,16,False,False
201800021979,Lethal,Daylight,No,NoIntersection,Normal,3+Vehicles-Multiple,9,Wednesday,11,False,False
201800043948,NonLethal,Daylight,No,NoIntersection,Normal,2Vehicles-Side,4,Tuesday,20,False,False
201800022594,NonLethal,NightStreelightsOn,Yes,X-type,Normal,2Vehicles-BehindVehicles-Frontal,6,Friday,23,False,False
201800054959,NonLethal,Daylight,Yes,NoIntersection,Normal,Other,3,Thursday,12,False,False
201800034210,NonLethal,Daylight,No,NoIntersection,Normal,3+Vehicles-Multiple,3,Friday,7,False,False
201800005881,NonLethal,NightStreelightsOn,Yes,NoIntersection,Normal,Other,12,Sunday,2,True,True
201800008108,Lethal,Daylight,Yes,NoIntersection,LightRain,2Vehicles-BehindVehicles-Frontal,1,Tuesday,11,False,False
201800034367,NonLethal,Daylight,Yes,NoIntersection,Normal,2Vehicles-Side,7,Saturday,16,True,False
201800013340,NonLethal,NightNoStreetLight,No,Other,Normal,Other,2,Sunday,1,True,True
201800012693,NonLethal,Daylight,No,NoIntersection,Normal,2Vehicles-BehindVehicles-Frontal,6,Thursday,13,False,False
201800018608,NonLethal,Daylight,No,NoIntersection,Normal,2Vehicles-Side,6,Sunday,17,True,False
201800002682,NonLethal,NightNoStreetLight,No,X-type,Normal,2Vehicles-Side,2,Thursday,23,False,False
201800016893,NonLethal,Daylight,Yes,X-type,Normal,2Vehicles-Side,4,Friday,7,False,False
201800028777,NonLethal,Daylight,Yes,T-type,Normal,2Vehicles-Behind,8,Thursday,8,False,False
201800020880,NonLethal,Daylight,Yes,NoIntersection,Normal,2Vehicles-BehindVehicles-Frontal,9,Saturday,17,True,False
201800002430,NonLethal,Daylight,Yes,T-type,Normal,2Vehicles-Side,10,Thursday,14,False,False
201800056542,NonLethal,NightNoStreetLight,Yes,Y-type,Normal,2Vehicles-Side,2,Saturday,22,True,False
201800048931,NonLethal,Daylight,No,NoIntersection,Normal,2Vehicles-Side,6,Wednesday,9,False,False
201800023714,NonLethal,Daylight,Yes,NoIntersection,Normal,2Vehicles-Side,11,Monday,10,False,False
201800044111,NonLethal,NightNoStreetLight,No,NoIntersection,Normal,NoCollision,7,Tuesday,1,False,True
201800017796,NonLethal,Daylight,Yes,Other,VeryGood,2Vehicles-Side,7,Thursday,18,False,False
201800043736,NonLethal,Daylight,Yes,NoIntersection,Normal,2Vehicles-Side,10,Monday,15,False,False
201800036188,NonLethal,Daylight,Yes,NoIntersection,Normal,3+Vehicles-Chain,9,Wednesday,17,False,False
201800012071,NonLethal,NightNoStreetLight,No,X-type,Normal,2Vehicles-Behind,3,Friday,19,False,False
201800032834,NonLethal,Daylight,Yes,Roundabout,Normal,2Vehicles-Side,1,Tuesday,13,False,False
201800035271,NonLethal,NightStreelightsOn,Yes,NoIntersection,Normal,Other,3,Tuesday,20,False,False
201800050379,NonLethal,Daylight,Yes,T-type,Normal,Other,7,Tuesday,19,False,False
201800054798,NonLethal,NightStreelightsOn,Yes,T-type,Normal,2Vehicles-Side,12,Sunday,20,True,False
201800010179,NonLethal,Daylight,Yes,NoIntersection,Normal,2Vehicles-Side,12,Wednesday,12,False,False
201800000488,NonLethal,Daylight,Yes,Roundabout,Normal,2Vehicles-Side,2,Monday,18,False,False
201800016028,NonLethal,Daylight,No,NoIntersection,Normal,2Vehicles-Behind,5,Wednesday,15,False,False
201800054791,NonLethal,Daylight,Yes,Y-type,Normal,2Vehicles-Behind,2,Friday,13,False,False
201800033996,NonLethal,Daylight,Yes,NoIntersection,Normal,2Vehicles-Side,2,Tuesday,21,False,False
201800020167,NonLethal,Daylight,Yes,X-type,Normal,2Vehicles-Side,10,Saturday,15,True,False
201800034752,NonLethal,Daylight,No,NoIntersection,VeryGood,3+Vehicles-Multiple,6,Friday,16,False,False
201800010571,NonLethal,Daylight,Yes,NoIntersection,Normal,2Vehicles-Behind,10,Friday,8,False,False
201800021273,NonLethal,NightNoStreetLight,No,NoIntersection,Normal,2Vehicles-Side,2,Friday,19,False,False
201800030853,NonLethal,Daylight,Yes,NoIntersection,LightRain,2Vehicles-Behind,8,Monday,15,False,False
201800008064,Lethal,Daylight,No,NoIntersection,Normal,Other,9,Friday,11,False,False
201800046252,NonLethal,TwilightOrDawn,No,NoIntersection,Normal,3+Vehicles-Multiple,11,Wednesday,18,False,False
201800013516,NonLethal,NightStreelightsOff,No,NoIntersection,Normal,2Vehicles-Behind,7,Thursday,1,False,True
201800037885,NonLethal,NightStreelightsOn,Yes,X-type,Normal,Other,5,Tuesday,17,False,False
201800044093,NonLethal,Daylight,No,NoIntersection,Normal,Other,7,Monday,20,False,False
201800029789,NonLethal,Daylight,Yes,NoIntersection,Normal,Other,2,Sunday,16,True,False
201800054492,NonLethal,Daylight,Yes,NoIntersection,LightRain,Other,7,Friday,16,False,False
201800045142,NonLethal,Daylight,No,NoIntersection,Normal,2Vehicles-Behind,8,Thursday,15,False,False
201800006736,NonLethal,Daylight,No,NoIntersection,VeryGood,Other,9,Thursday,14,False,False
201800005623,NonLethal,Daylight,Yes,NoIntersection,Normal,2Vehicles-BehindVehicles-Frontal,3,Friday,7,False,False
201800054683,NonLethal,Daylight,Yes,NoIntersection,Normal,Other,3,Saturday,11,True,False
201800028055,NonLethal,Daylight,No,NoIntersection,HeavyRain,3+Vehicles-Multiple,7,Thursday,15,False,False
201800051119,NonLethal,Daylight,Yes,NoIntersection,Normal,Other,6,Saturday,14,True,False
201800037588,NonLethal,Daylight,Yes,T-type,Normal,2Vehicles-BehindVehicles-Frontal,4,Wednesday,18,False,False
201800030650,NonLethal,NightStreelightsOn,Yes,NoIntersection,Normal,Other,1,Monday,19,False,False
201800053416,NonLethal,NightStreelightsOn,Yes,NoIntersection,Normal,NoCollision,6,Thursday,23,False,False
201800009217,NonLethal,Daylight,Yes,NoIntersection,Normal,2Vehicles-BehindVehicles-Frontal,6,Friday,14,False,False
201800036005,NonLethal,Daylight,No,NoIntersection,Normal,2Vehicles-Side,2,Saturday,16,True,False
201800038988,NonLethal,Daylight,Yes,NoIntersection,SnowOrHail,2Vehicles-Behind,2,Friday,12,False,False
201800010218,NonLethal,NightStreelightsOn,Yes,Other,Normal,2Vehicles-Side,12,Wednesday,22,False,False
201800023941,NonLethal,Daylight,Yes,Roundabout,Normal,2Vehicles-Side,7,Monday,7,False,False
201800040932,NonLethal,TwilightOrDawn,Yes,NoIntersection,Overcast,2Vehicles-Behind,8,Thursday,19,False,False
201800023485,NonLethal,Daylight,Yes,NoIntersection,Normal,2Vehicles-BehindVehicles-Frontal,6,Monday,20,False,False
201800001579,NonLethal,Daylight,Yes,NoIntersection,Normal,Other,5,Wednesday,15,False,False
201800026978,NonLethal,NightStreelightsOn,Yes,X-type,LightRain,2Vehicles-Side,10,Monday,18,False,False
201800029182,NonLethal,TwilightOrDawn,Yes,T-type,Normal,Other,9,Wednesday,7,False,False
201800015246,NonLethal,Daylight,No,NoIntersection,Normal,Other,12,Saturday,15,True,False
201800053935,NonLethal,Daylight,Yes,Square,Normal,2Vehicles-Side,6,Monday,12,False,False
201800024460,NonLethal,NightStreelightsOn,Yes,NoIntersection,Overcast,2Vehicles-Side,10,Thursday,20,False,False
201800026159,Lethal,NightStreelightsOn,No,NoIntersection,FogOrSmoke,NoCollision,11,Thursday,5,False,True
201800018898,NonLethal,Daylight,No,NoIntersection,Normal,NoCollision,6,Thursday,8,False,False
201800039329,NonLethal,Daylight,Yes,NoIntersection,Overcast,2Vehicles-Behind,11,Sunday,14,True,False
201800005939,NonLethal,Daylight,No,NoIntersection,Normal,NoCollision,4,Saturday,19,True,False
201800011914,NonLethal,Daylight,No,X-type,Normal,2Vehicles-BehindVehicles-Frontal,8,Friday,9,False,False
201800015683,NonLethal,NightNoStreetLight,No,NoIntersection,Normal,Other,9,Saturday,20,True,False
201800023550,NonLethal,Daylight,No,NoIntersection,LightRain,NoCollision,4,Monday,8,False,False
201800029723,NonLethal,Daylight,Yes,NoIntersection,Normal,Other,9,Friday,15,False,False
201800011315,NonLethal,Daylight,No,T-type,Normal,2Vehicles-Side,10,Saturday,17,True,False
201800003126,NonLethal,Daylight,No,NoIntersection,Overcast,2Vehicles-Behind,6,Saturday,11,True,False
201800054065,NonLethal,Daylight,Yes,T-type,LightRain,Other,12,Tuesday,16,False,False
201800030875,NonLethal,Daylight,Yes,T-type,Normal,2Vehicles-Side,12,Sunday,15,True,False
201800013135,NonLethal,Daylight,No,NoIntersection,VeryGood,2Vehicles-Behind,6,Monday,15,False,False
201800055117,NonLethal,Daylight,Yes,X-type,Normal,Other,12,Sunday,19,True,False
201800035849,Lethal,NightStreelightsOn,No,NoIntersection,Normal,3+Vehicles-Multiple,4,Monday,6,False,True
201800052613,NonLethal,NightStreelightsOn,Yes,X-type,LightRain,2Vehicles-Behind,12,Sunday,2,True,True
201800052541,NonLethal,Daylight,Yes,T-type,Normal,Other,9,Tuesday,15,False,False
201800026971,NonLethal,NightStreelightsOn,Yes,NoIntersection,LightRain,Other,10,Friday,21,False,False
201800021238,NonLethal,TwilightOrDawn,Yes,NoIntersection,Normal,Other,10,Saturday,5,True,True
201800010101,NonLethal,Daylight,Yes,NoIntersection,Normal,Other,11,Thursday,8,False,False
201800021586,Lethal,Daylight,No,NoIntersection,Normal,2Vehicles-BehindVehicles-Frontal,4,Friday,9,False,False
201800044982,NonLethal,Daylight,No,NoIntersection,Normal,3+Vehicles-Multiple,6,Friday,9,False,False
201800017819,NonLethal,NightNoStreetLight,Yes,NoIntersection,Normal,2Vehicles-BehindVehicles-Frontal,6,Saturday,23,True,False
201800017336,NonLethal,NightStreelightsOn,No,NoIntersection,Normal,2Vehicles-BehindVehicles-Frontal,8,Friday,20,False,False
201800014825,NonLethal,Daylight,No,NoIntersection,VeryGood,2Vehicles-Behind,6,Monday,8,False,False
201800016010,NonLethal,NightStreelightsOn,Yes,NoIntersection,Overcast,Other,12,Monday,18,False,False
201800026465,NonLethal,Daylight,Yes,NoIntersection,Normal,Other,10,Tuesday,19,False,False
201800013498,NonLethal,Daylight,Yes,NoIntersection,VeryGood,3+Vehicles-Multiple,9,Tuesday,8,False,False
201800042308,NonLethal,Daylight,Yes,NoIntersection,Normal,Other,6,Friday,11,False,False
201800018716,Lethal,Daylight,No,NoIntersection,Normal,3+Vehicles-Multiple,5,Monday,16,False,False
201800016631,NonLethal,Daylight,No,NoIntersection,Normal,Other,8,Tuesday,12,False,False
201800037335,NonLethal,Daylight,Yes,Other,Normal,2Vehicles-Side,11,Friday,16,False,False
201800009817,NonLethal,Daylight,Yes,X-type,Normal,2Vehicles-Side,9,Saturday,11,True,False
201800037837,NonLethal,Daylight,Yes,NoIntersection,Normal,2Vehicles-Behind,8,Wednesday,12,False,False
201800039010,NonLethal,Daylight,Yes,NoIntersection,Normal,Other,5,Wednesday,10,False,False
201800026805,NonLethal,Daylight,Yes,Other,Overcast,2Vehicles-Behind,5,Monday,18,False,False