AccidentId,Gravity,Light,InAgglomeration,IntersectionType,Weather,CollisionType,Month,DayOfWeek,HourOfDay,IsWeekend,IsNight
201800040249,NonLethal,Daylight,Yes,NoIntersection,Normal,2Vehicles-Behind,11,Tuesday,11,False,False
201800013121,NonLethal,NightStreelightsOn,Yes,NoIntersection,Normal,Other,12,Saturday,3,True,True
201800041488,NonLethal,NightStreelightsOn,Yes,NoIntersection,Overcast,Other,2,Saturday,20,True,False
201800032991,NonLethal,Daylight,Yes,NoIntersection,Normal,NoCollision,4,Friday,17,False,False
201800023703,NonLethal,NightStreelightsOn,Yes,NoIntersection,Normal,Other,9,Thursday,3,False,True
201800042110,NonLethal,NightStreelightsOn,Yes,T-type,Normal,2Vehicles-Side,12,Tuesday,18,False,False
201800044851,NonLethal,Daylight,No,NoIntersection,Normal,2Vehicles-Behind,3,Monday,17,False,False
201800043649,NonLethal,NightStreelightsOn,Yes,Other,HeavyRain,2Vehicles-Behind,3,Friday,22,False,False
201800016536,NonLethal,Daylight,No,X-type,Normal,2Vehicles-Side,6,Friday,10,False,False
201800039195,NonLethal,Daylight,Yes,X-type,Normal,2Vehicles-Side,7,Friday,16,False,False
201800024542,NonLethal,NightStreelightsOn,Yes,NoIntersection,Normal,Other,12,Monday,17,False,False
201800045175,NonLethal,Daylight,No,NoIntersection,Normal,2Vehicles-Behind,6,Saturday,9,True,False
201800002896,NonLethal,TwilightOrDawn,Yes,NoIntersection,Normal,Other,8,Thursday,6,False,True
201800044479,NonLethal,NightNoStreetLight,No,NoIntersection,Normal,3+Vehicles-Chain,12,Monday,18,False,False
201800034872,NonLethal,Daylight,Yes,T-type,Normal,2Vehicles-Side,5,Thursday,20,False,False
201800053615,NonLethal,Daylight,Yes,X-type,Normal,Other,11,Friday,10,False,False
201800022596,NonLethal,Daylight,No,NoIntersection,Normal,3+Vehicles-Chain,8,Tuesday,18,False,False
201800001413,NonLethal,Daylight,No,X-type,Normal,2Vehicles-Side,5,Wednesday,6,False,True
201800016490,Lethal,Daylight,No,NoIntersection,Normal,Other,7,Sunday,18,True,False
201800057664,NonLethal,Daylight,Yes,NoIntersection,Normal,2Vehicles-Side,5,Monday,8,False,False
201800027273,NonLethal,Daylight,Yes,NoIntersection,Normal,NoCollision,5,Thursday,18,False,False
201800038750,NonLethal,NightStreelightsOn,Yes,NoIntersection,LightRain,Other,4,Thursday,22,False,False
201800001741,NonLethal,Daylight,No,Other,Normal,Other,4,Saturday,16,True,False
201800001028,NonLethal,Daylight,No,Roundabout,HeavyRain,2Vehicles-BehindVehicles-Frontal,3,Thursday,13,False,False
201800043391,NonLethal,Daylight,Yes,NoIntersection,Normal,2Vehicles-Behind,10,Thursday,17,False,False
201800023192,NonLethal,Daylight,Yes,NoIntersection,Normal,2Vehicles-Side,8,Saturday,15,True,False
201800037161,NonLethal,Daylight,Yes,T-type,Normal,2Vehicles-Side,7,Tuesday,7,False,False
201800001388,NonLethal,Daylight,No,NoIntersection,Normal,3+Vehicles-Multiple,5,Tuesday,16,False,False
201800035763,NonLethal,NightStreelightsOn,Yes,T-type,Normal,2Vehicles-Side,11,Monday,8,False,False
201800056219,NonLethal,Daylight,No,NoIntersection,Normal,2Vehicles-BehindVehicles-Frontal,5,Tuesday,16,False,False
201800028635,NonLethal,Daylight,Yes,Roundabout,Normal,Other,6,Thursday,20,False,False
201800008947,NonLethal,Daylight,Yes,NoIntersection,Normal,Other,2,Monday,18,False,False
201800025073,NonLethal,NightStreelightsOn,Yes,Other,Normal,NoCollision,12,Friday,19,False,False
201800031001,NonLethal,Daylight,Yes,NoIntersection,Normal,Other,6,Monday,13,False,False
201800041324,NonLethal,Daylight,Yes,Y-type,Normal,2Vehicles-Side,12,Monday,14,False,False
201800001269,Lethal,Daylight,No,NoIntersection,Normal,2Vehicles-BehindVehicles-Frontal,6,Tuesday,14,False,False
201800046963,NonLethal,Daylight,No,NoIntersection,Normal,2Vehicles-Behind,10,Monday,8,False,False
201800041937,NonLethal,NightStreelightsOn,Yes,NoIntersection,LightRain,Other,1,Tuesday,17,False,False
201800054359,NonLethal,Daylight,Yes,X-type,Normal,Other,3,Tuesday,13,False,False
201800050448,NonLethal,Daylight,Yes,NoIntersection,Normal,2Vehicles-Side,4,Wednesday,14,False,False
201800034528,NonLethal,Daylight,No,Roundabout,Normal,2Vehicles-Side,9,Friday,17,False,False
201800048157,NonLethal,Daylight,Yes,NoIntersection,Normal,2Vehicles-Behind,3,Thursday,17,False,False
201800043089,NonLethal,Daylight,Yes,NoIntersection,LightRain,3+Vehicles-Chain,11,Sunday,14,True,False
201800003822,NonLethal,Daylight,No,NoIntersection,Normal,2Vehicles-BehindVehicles-Frontal,9,Monday,17,False,False
201800042547,NonLethal,Daylight,Yes,X-type,LightRain,2Vehicles-Side,3,Tuesday,17,False,False
201800046396,NonLethal,Daylight,No,NoIntersection,Normal,Other,2,Sunday,9,True,False
201800005608,NonLethal,Daylight,Yes,NoIntersection,LightRain,Other,3,Saturday,9,True,False
201800010085,NonLethal,NightStreelightsOn,Yes,X-type,Normal,2Vehicles-Side,11,Sunday,20,True,False
201800036306,NonLethal,Daylight,Yes,Other,Normal,Other,8,Tuesday,18,False,False
201800026326,NonLethal,NightNoStreetLight,No,NoIntersection,Normal,Other,4,Sunday,0,True,True
201800046295,NonLethal,NightNoStreetLight,No,NoIntersection,LightRain,Other,12,Sunday,1,True,True
201800022236,NonLethal,TwilightOrDawn,Yes,NoIntersection,Normal,2Vehicles-Behind,11,Thursday,18,False,False
201800008313,NonLethal,Daylight,Yes,NoIntersection,HeavyRain,2Vehicles-BehindVehicles-Frontal,8,Wednesday,16,False,False
201800029318,NonLethal,NightStreelightsOn,Yes,NoIntersection,Normal,2Vehicles-Side,8,Sunday,3,True,True
201800032057,NonLethal,Daylight,Yes,NoIntersection,Normal,Other,12,Friday,11,False,False
201800011985,NonLethal,Daylight,Yes,NoIntersection,Normal,2Vehicles-BehindVehicles-Frontal,3,Monday,11,False,False
201800000639,NonLethal,NightStreelightsOn,Yes,NoIntersection,Normal,Other,3,Tuesday,5,False,True
201800039064,NonLethal,NightStreelightsOn,Yes,T-type,LightRain,NoCollision,2,Friday,2,False,True
201800030728,NonLethal,Daylight,Yes,NoIntersection,Normal,Other,1,Monday,15,False,False
201800016366,Lethal,NightNoStreetLight,No,NoIntersection,Normal,Other,7,Tuesday,0,False,True
201800033771,NonLethal,Daylight,No,MoreThan4Branches,Normal,3+Vehicles-Multiple,4,Saturday,18,True,False
201800013179,NonLethal,Daylight,No,NoIntersection,Normal,3+Vehicles-Multiple,6,Saturday,15,True,False
201800029093,NonLethal,Daylight,Yes,NoIntersection,Normal,Other,2,Tuesday,11,False,False
201800033529,NonLethal,Daylight,Yes,NoIntersection,Normal,2Vehicles-Side,5,Wednesday,7,False,False
201800038227,NonLethal,Daylight,Yes,NoIntersection,Normal,Other,9,Tuesday,10,False,False
201800036540,NonLethal,Daylight,Yes,T-type,Normal,2Vehicles-Side,6,Friday,14,False,False
201800022700,NonLethal,Daylight,No,NoIntersection,Normal,2Vehicles-Behind,5,Sunday,15,True,False
201800011104,NonLethal,Daylight,No,NoIntersection,Normal,Other,5,Wednesday,8,False,False
201800054784,NonLethal,Daylight,Yes,Y-type,Normal,2Vehicles-Behind,8,Sunday,9,True,False
201800045718,NonLethal,Daylight,No,NoIntersection,Normal,3+Vehicles-Chain,2,Saturday,14,True,False
201800020084,NonLethal,Daylight,No,NoIntersection,Normal,2Vehicles-Side,6,Friday,13,False,False
201800000751,NonLethal,Daylight,No,NoIntersection,Normal,2Vehicles-Side,5,Tuesday,14,False,False
201800027185,NonLethal,Daylight,Yes,NoIntersection,Normal,2Vehicles-Side,3,Monday,8,False,False
201800034073,NonLethal,Daylight,Yes,T-type,Normal,Other,8,Friday,16,False,False
201800004084,NonLethal,Daylight,No,X-type,Normal,2Vehicles-Side,9,Wednesday,16,False,False
201800051516,NonLethal,NightStreelightsOn,Yes,X-type,Normal,2Vehicles-Side,6,Thursday,2,False,True
201800022277,NonLethal,TwilightOrDawn,No,NoIntersection,LightRain,2Vehicles-Behind,1,Thursday,8,False,False
201800035412,NonLethal,Daylight,Yes,Other,Normal,2Vehicles-Side,9,Saturday,15,True,False
201800052670,NonLethal,Daylight,Yes,X-type,LightRain,Other,2,Monday,13,False,False
201800014508,Lethal,Daylight,No,NoIntersection,Normal,2Vehicles-BehindVehicles-Frontal,3,Thursday,16,False,False
201800002276,NonLethal,NightStreelightsOff,Yes,NoIntersection,LightRain,Other,8,Tuesday,22,False,False
201800009194,NonLethal,Daylight,Yes,NoIntersection,VeryGood,Other,6,Tuesday,7,False,False
201800017770,NonLethal,Daylight,No,Roundabout,Normal,2Vehicles-Side,9,Wednesday,10,False,False
201800034973,NonLethal,NightStreelightsOn,Yes,NoIntersection,LightRain,2Vehicles-Behind,1,Monday,18,False,False
201800001349,NonLethal,Daylight,No,NoIntersection,Normal,2Vehicles-Behind,6,Saturday,15,True,False
201800025526,NonLethal,Daylight,Yes,NoIntersection,Normal,NoCollision,6,Sunday,11,True,False
201800012369,NonLethal,TwilightOrDawn,No,NoIntersection,Normal,Other,7,Wednesday,6,False,True
201800052072,NonLethal,Daylight,Yes,X-type,Normal,2Vehicles-Side,6,Thursday,18,False,False
201800005650,NonLethal,Daylight,Yes,NoIntersection,Normal,Other,4,Friday,16,False,False
201800010964,NonLethal,Daylight,No,NoIntersection,Normal,2Vehicles-BehindVehicles-Frontal,7,Friday,6,False,True
201800004596,NonLethal,Daylight,Yes,Other,Normal,Other,2,Thursday,17,False,False
201800021748,NonLethal,Daylight,No,NoIntersection,Normal,3+Vehicles-Multiple,9,Sunday,18,True,False
201800045020,NonLethal,Daylight,No,NoIntersection,Normal,Other,6,Wednesday,20,False,False
201800025258,NonLethal,NightStreelightsOn,Yes,Roundabout,LightRain,Other,3,Thursday,21,False,False
201800028582,NonLethal,NightStreelightsOn,Yes,X-type,LightRain,2Vehicles-Behind,3,Monday,23,False,False
201800000263,NonLethal,Daylight,No,X-type,Normal,2Vehicles-Side,8,Sunday,19,True,False
201800007892,NonLethal,NightNoStreetLight,No,X-type,Normal,2Vehicles-BehindVehicles-Frontal,10,Tuesday,5,False,True
201800028538,NonLethal,Daylight,Yes,X-type,Normal,2Vehicles-Side,9,Friday,17,False,False
201800034897,NonLethal,TwilightOrDawn,Yes,NoIntersection,LightRain,2Vehicles-Side,12,Thursday,8,False,False
201800002573,Lethal,Daylight,Yes,T-type,Normal,Other,9,Sunday,9,True,False
201800009921,NonLethal,NightStreelightsOn,Yes,NoIntersection,LightRain,Other,10,Tuesday,23,False,False
201800032900,NonLethal,NightNoStreetLight,No,NoIntersection,Normal,2Vehicles-Side,11,Wednesday,17,False,False
201800057216,NonLethal,NightNoStreetLight,No,NoIntersection,Normal,3+Vehicles-Multiple,9,Friday,23,False,False
201800052574,NonLethal,Daylight,Yes,NoIntersection,Normal,Other,10,Thursday,11,False,False
201800005367,NonLethal,Daylight,Yes,NoIntersection,Normal,NoCollision,4,Monday,9,False,False
201800008316,NonLethal,TwilightOrDawn,Yes,T-type,LightRain,3+Vehicles-Multiple,8,Wednesday,17,False,False
201800008124,NonLethal,Daylight,No,NoIntersection,Normal,2Vehicles-Behind,10,Saturday,17,True,False
201800017075,NonLethal,TwilightOrDawn,No,NoIntersection,Normal,Other,8,Wednesday,21,False,False
201800009822,NonLethal,NightStreelightsOn,Yes,NoIntersection,Normal,2Vehicles-Side,9,Saturday,22,True,False
201800032626,NonLethal,Daylight,Yes,NoIntersection,Normal,Other,10,Tuesday,11,False,False
201800013261,NonLethal,Daylight,Yes,NoIntersection,Normal,Other,10,Tuesday,10,False,False
201800015782,Lethal,NightNoStreetLight,No,NoIntersection,Normal,Other,5,Tuesday,4,False,True
201800037731,NonLethal,Daylight,Yes,X-type,Normal,Other,10,Wednesday,15,False,False
201800000604,NonLethal,TwilightOrDawn,No,Other,Overcast,Other,6,Tuesday,21,False,False
201800031030,NonLethal,Daylight,No,NoIntersection,Normal,2Vehicles-Behind,8,Friday,13,False,False
201800016701,NonLethal,Daylight,No,NoIntersection,Normal,2Vehicles-Side,6,Saturday,16,True,False
201800055043,NonLethal,Daylight,Yes,T-type,Normal,2Vehicles-Side,6,Sunday,14,True,False
201800056446,NonLethal,Daylight,Yes,NoIntersection,Overcast,Other,12,Monday,8,False,False
201800034777,NonLethal,NightStreelightsOn,Yes,NoIntersection,Normal,2Vehicles-BehindVehicles-Frontal,5,Saturday,6,True,True
201800026862,NonLethal,Daylight,Yes,X-type,Normal,2Vehicles-BehindVehicles-Frontal,7,Wednesday,11,False,False
201800045140,NonLethal,Daylight,No,NoIntersection,Normal,Other,8,Wednesday,8,False,False
201800016680,Lethal,NightNoStreetLight,No,NoIntersection,Normal,2Vehicles-BehindVehicles-Frontal,10,Thursday,20,False,False
201800040750,NonLethal,Daylight,Yes,T-type,VeryGood,2Vehicles-Side,4,Thursday,16,False,False
201800031933,NonLethal,Daylight,Yes,NoIntersection,Normal,2Vehicles-Behind,9,Friday,11,False,False
201800040591,NonLethal,Daylight,Yes,NoIntersection,Normal,2Vehicles-Side,4,Thursday,8,False,False
201800040130,NonLethal,NightStreelightsOn,Yes,NoIntersection,Normal,Other,5,Thursday,19,False,False
201800003653,NonLethal,Daylight,No,Other,Normal,Other,6,Wednesday,9,False,False
201800037066,NonLethal,Daylight,Yes,NoIntersection,Normal,Other,3,Wednesday,10,False,False
201800035382,NonLethal,Daylight,Yes,Other,Normal,2Vehicles-Side,5,Friday,16,False,False
201800027528,NonLethal,NightStreelightsOff,Yes,NoIntersection,Normal,NoCollision,11,Wednesday,8,False,False
201800015605,NonLethal,Daylight,No,X-type,Normal,2Vehicles-Side,2,Friday,16,False,False
201800044011,NonLethal,Daylight,No,NoIntersection,Normal,Other,5,Friday,17,False,False
201800044406,NonLethal,Daylight,No,NoIntersection,Normal,Other,11,Tuesday,14,False,False
201800050029,NonLethal,NightNoStreetLight,No,NoIntersection,Normal,2Vehicles-Behind,9,Saturday,6,True,True
201800046093,NonLethal,Daylight,No,NoIntersection,Normal,3+Vehicles-Chain,9,Tuesday,8,False,False
201800035917,NonLethal,Daylight,Yes,Other,Normal,2Vehicles-Side,10,Monday,18,False,False
201800034979,NonLethal,TwilightOrDawn,Yes,NoIntersection,Normal,2Vehicles-Side,2,Monday,8,False,False
201800008585,NonLethal,Daylight,Yes,NoIntersection,Normal,2Vehicles-Side,2,Friday,14,False,False
201800018630,NonLethal,Daylight,No,X-type,VeryGood,2Vehicles-Side,6,Monday,14,False,False
201800055196,NonLethal,NightStreelightsOn,Yes,X-type,LightRain,2Vehicles-Side,12,Saturday,21,True,False
201800023881,NonLethal,Daylight,Yes,NoIntersection,Normal,2Vehicles-BehindVehicles-Frontal,3,Wednesday,7,False,False
201800022848,Lethal,NightNoStreetLight,No,NoIntersection,Normal,2Vehicles-Behind,9,Thursday,2,False,True
201800042059,NonLethal,Daylight,Yes,NoIntersection,LightRain,2Vehicles-Behind,11,Saturday,14,True,False
201800057044,NonLethal,Daylight,Yes,NoIntersection,Normal,Other,9,Wednesday,15,False,False
201800055322,NonLethal,NightStreelightsOn,Yes,Y-type,Normal,3+Vehicles-Multiple,4,Sunday,23,True,False
201800053164,NonLethal,Daylight,Yes,X-type,Overcast,Other,10,Friday,17,False,False
201800015847,NonLethal,Daylight,Yes,NoIntersection,Normal,NoCollision,6,Monday,11,False,False
201800007118,NonLethal,TwilightOrDawn,No,NoIntersection,Normal,2Vehicles-Behind,9,Saturday,7,True,False
201800024969,NonLethal,NightStreelightsOn,Yes,NoIntersection,Normal,2Vehicles-Behind,10,Tuesday,20,False,False
201800000292,NonLethal,NightNoStreetLight,No,NoIntersection,LightRain,3+Vehicles-Chain,2,Friday,22,False,False
201800034167,Lethal,Daylight,Yes,NoIntersection,Normal,Other,6,Friday,19,False,False
201800038107,NonLethal,NightStreelightsOn,Yes,NoIntersection,Normal,NoCollision,5,Thursday,22,False,False
201800042800,NonLethal,NightStreelightsOn,Yes,T-type,Normal,Other,12,Monday,20,False,False
201800051783,NonLethal,Daylight,Yes,NoIntersection,Normal,2Vehicles-Behind,7,Monday,15,False,False
201800033086,NonLethal,Daylight,Yes,NoIntersection,Normal,2Vehicles-Behind,1,Saturday,10,True,False
201800040516,NonLethal,NightStreelightsOff,Yes,T-type,LightRain,2Vehicles-Side,11,Friday,20,False,False
201800043382,NonLethal,Daylight,Yes,NoIntersection,Normal,Other,7,Wednesday,18,False,False
201800037618,NonLethal,Daylight,Yes,NoIntersection,Normal,Other,7,Thursday,11,False,False
201800020138,NonLethal,Daylight,No,Other,VeryGood,2Vehicles-BehindVehicles-Frontal,6,Saturday,19,True,False
201800018779,NonLethal,Daylight,Yes,NoIntersection,Normal,Other,6,Monday,11,False,False
201800022551,NonLethal,Daylight,Yes,T-type,Normal,2Vehicles-Side,3,Tuesday,16,False,False
201800004607,Lethal,Daylight,No,NoIntersection,HeavyRain,2Vehicles-BehindVehicles-Frontal,1,Thursday,11,False,False
201800041894,NonLethal,Daylight,Yes,X-type,LightRain,2Vehicles-Side,9,Sunday,14,True,False
201800053899,NonLethal,NightStreelightsOn,Yes,T-type,Normal,2Vehicles-Side,10,Saturday,20,True,False
201800016942,NonLethal,Daylight,No,NoIntersection,VeryGood,2Vehicles-BehindVehicles-Frontal,7,Wednesday,19,False,False
201800005641,NonLethal,Daylight,Yes,X-type,Normal,Other,4,Friday,10,False,False
201800017363,NonLethal,Daylight,No,NoIntersection,Normal,Other,5,Friday,8,False,False
201800029380,NonLethal,Daylight,Yes,Roundabout,Normal,2Vehicles-Side,9,Monday,9,False,False
201800007683,NonLethal,Daylight,Yes,NoIntersection,Normal,3+Vehicles-Multiple,9,Monday,10,False,False
201800012979,Lethal,NightStreelightsOn,No,Roundabout,HeavyRain,Other,12,Friday,2,False,True
201800035153,NonLethal,NightStreelightsOn,Yes,NoIntersection,Normal,2Vehicles-Side,6,Monday,19,False,False
201800000533,NonLethal,Daylight,Yes,NoIntersection,LightRain,2Vehicles-BehindVehicles-Frontal,5,Tuesday,6,False,True
201800020561,Lethal,NightNoStreetLight,No,NoIntersection,Normal,Other,1,Wednesday,19,False,False
201800045871,NonLethal,Daylight,No,NoIntersection,Normal,Other,5,Thursday,6,False,True
201800030740,NonLethal,TwilightOrDawn,Yes,X-type,LightRain,2Vehicles-Side,5,Wednesday,8,False,False
201800015794,NonLethal,Daylight,No,NoIntersection,LightRain,2Vehicles-Side,10,Wednesday,15,False,False
201800006714,NonLethal,Daylight,No,NoIntersection,Normal,2Vehicles-Behind,5,Wednesday,10,False,False
201800051352,NonLethal,NightStreelightsOn,Yes,T-type,HeavyRain,2Vehicles-Side,5,Tuesday,23,False,False
201800001826,NonLethal,Daylight,No,NoIntersection,Normal,NoCollision,4,Saturday,16,True,False
201800009433,NonLethal,Daylight,Yes,NoIntersection,Normal,3+Vehicles-Chain,7,Thursday,16,False,False
201800054335,NonLethal,Daylight,Yes,NoIntersection,Normal,2Vehicles-Side,2,Saturday,9,True,False
201800001765,NonLethal,Daylight,No,NoIntersection,Normal,2Vehicles-BehindVehicles-Frontal,2,Wednesday,7,False,False
201800027290,NonLethal,Daylight,Yes,NoIntersection,Normal,2Vehicles-Side,5,Wednesday,18,False,False
201800024760,NonLethal,NightStreelightsOn,Yes,NoIntersection,Normal,Other,5,Friday,23,False,False
201800016105,NonLethal,Daylight,No,NoIntersection,Normal,2Vehicles-Side,8,Wednesday,12,False,False
201800012306,NonLethal,Daylight,No,NoIntersection,Normal,NoCollision,11,Sunday,15,True,False
201800031873,NonLethal,Daylight,Yes,T-type,Normal,Other,8,Saturday,10,True,False
201800000289,NonLethal,Daylight,No,T-type,Normal,2Vehicles-BehindVehicles-Frontal,9,Wednesday,8,False,False
201800032255,NonLethal,Daylight,Yes,NoIntersection,Normal,2Vehicles-Behind,9,Tuesday,18,False,False
201800049060,NonLethal,Daylight,No,NoIntersection,Normal,2Vehicles-Side,11,Friday,10,False,False
201800005914,NonLethal,Daylight,Yes,NoIntersection,Normal,Other,5,Friday,8,False,False
201800016293,NonLethal,Daylight,Yes,NoIntersection,Normal,2Vehicles-BehindVehicles-Frontal,8,Saturday,11,True,False
201800047525,NonLethal,Daylight,Yes,NoIntersection,Normal,2Vehicles-Side,5,Tuesday,18,False,False
201800034515,Lethal,NightNoStreetLight,No,Roundabout,Overcast,NoCollision,2,Friday,7,False,False
201800042302,NonLethal,Daylight,Yes,NoIntersection,Normal,2Vehicles-Behind,6,Saturday,12,True,False
201800036770,NonLethal,Daylight,Yes,NoIntersection,LightRain,Other,5,Monday,11,False,False
201800029289,NonLethal,NightStreelightsOff,No,NoIntersection,Normal,Other,1,Sunday,6,True,True
201800006974,NonLethal,Daylight,Yes,NoIntersection,Normal,2Vehicles-Side,12,Tuesday,11,False,False
201800019436,Lethal,Daylight,No,NoIntersection,Normal,Other,6,Thursday,13,False,False
201800027483,NonLethal,Daylight,Yes,NoIntersection,Normal,NoCollision,10,Saturday,16,True,False
201800045037,NonLethal,Daylight,No,Other,Normal,2Vehicles-Behind,7,Tuesday,8,False,False
201800006361,NonLethal,NightNoStreetLight,No,NoIntersection,LightRain,NoCollision,3,Sunday,3,True,True
201800005991,NonLethal,NightNoStreetLight,No,NoIntersection,Normal,NoCollision,1,Wednesday,19,False,False
201800021410,NonLethal,Daylight,Yes,NoIntersection,LightRain,Other,5,Wednesday,19,False,False
201800048765,NonLethal,Daylight,No,NoIntersection,Normal,3+Vehicles-Chain,12,Thursday,9,False,False
201800015734,Lethal,TwilightOrDawn,No,NoIntersection,Normal,NoCollision,1,Saturday,18,True,False
201800027415,NonLethal,NightStreelightsOn,Yes,NoIntersection,Normal,NoCollision,9,Sunday,21,True,False
201800021998,NonLethal,TwilightOrDawn,Yes,NoIntersection,Normal,Other,12,Saturday,8,True,False
201800014520,NonLethal,Daylight,Yes,T-type,Normal,2Vehicles-Side,12,Tuesday,13,False,False
201800048264,NonLethal,NightStreelightsOn,Yes,X-type,LightRain,2Vehicles-Side,5,Tuesday,23,False,False
201800030377,NonLethal,Daylight,Yes,NoIntersection,Normal,2Vehicles-Side,2,Friday,13,False,False
201800036066,NonLethal,NightStreelightsOn,No,NoIntersection,Normal,Other,5,Saturday,23,True,False
201800050924,NonLethal,NightStreelightsOn,Yes,T-type,Normal,NoCollision,9,Friday,2,False,True
201800016904,NonLethal,Daylight,No,NoIntersection,Normal,Other,9,Saturday,15,True,False
201800046679,NonLethal,NightNoStreetLight,No,NoIntersection,Normal,Other,6,Saturday,23,True,False
201800021385,NonLethal,NightStreelightsOn,Yes,NoIntersection,Normal,2Vehicles-Behind,1,Monday,7,False,False
201800048053,NonLethal,TwilightOrDawn,Yes,X-type,LightRain,Other,1,Friday,19,False,False
201800026051,NonLethal,TwilightOrDawn,Yes,T-type,Normal,NoCollision,10,Friday,18,False,False
201800037111,NonLethal,NightStreelightsOn,Yes,NoIntersection,Normal,Other,8,Thursday,22,False,False
201800043245,NonLethal,Daylight,Yes,X-type,Normal,2Vehicles-Side,8,Friday,18,False,False
201800039697,NonLethal,Daylight,Yes,NoIntersection,Normal,Other,2,Saturday,18,True,False
201800005679,NonLethal,Daylight,Yes,NoIntersection,Normal,Other,5,Saturday,12,True,False
201800008545,NonLethal,NightStreelightsOn,Yes,NoIntersection,Normal,Other,2,Friday,21,False,False
201800033142,NonLethal,Daylight,Yes,NoIntersection,Normal,Other,2,Thursday,17,False,False
201800037145,NonLethal,TwilightOrDawn,Yes,NoIntersection,Normal,2Vehicles-Behind,5,Friday,20,False,False
201800050515,NonLethal,Daylight,Yes,T-type,LightRain,2Vehicles-Behind,2,Thursday,16,False,False
201800027938,NonLethal,NightStreelightsOn,Yes,Y-type,LightRain,2Vehicles-Behind,1,Thursday,6,False,True
201800022102,NonLethal,Daylight,Yes,Roundabout,Normal,2Vehicles-Side,8,Thursday,13,False,False
201800035800,NonLethal,NightStreelightsOff,Yes,NoIntersection,Normal,Other,7,Friday,2,False,True
201800016018,NonLethal,Daylight,No,NoIntersection,Normal,2Vehicles-BehindVehicles-Frontal,8,Friday,19,False,False
201800021921,NonLethal,NightNoStreetLight,No,NoIntersection,Normal,2Vehicles-BehindVehicles-Frontal,4,Sunday,22,True,False
201800051045,NonLethal,Daylight,Yes,NoIntersection,Normal,2Vehicles-Side,12,Tuesday,8,False,False
201800003811,NonLethal,Daylight,No,NoIntersection,Normal,2Vehicles-Side,4,Thursday,10,False,False
201800046820,NonLethal,Daylight,No,NoIntersection,Normal,NoCollision,8,Thursday,10,False,False
201800041111,NonLethal,Daylight,Yes,X-type,Normal,2Vehicles-BehindVehicles-Frontal,11,Sunday,10,True,False
201800032819,NonLethal,Daylight,No,NoIntersection,Normal,NoCollision,9,Thursday,11,False,False
201800038859,NonLethal,Daylight,Yes,T-type,LightRain,2Vehicles-Side,10,Monday,8,False,False
201800025026,NonLethal,NightStreelightsOn,Yes,T-type,Normal,2Vehicles-BehindVehicles-Frontal,11,Wednesday,18,False,False
201800036168,NonLethal,Daylight,Yes,T-type,Normal,2Vehicles-Side,4,Monday,17,False,False
201800032554,NonLethal,Daylight,Yes,NoIntersection,VeryGood,2Vehicles-Side,9,Thursday,7,False,False
201800022558,NonLethal,Daylight,Yes,NoIntersection,Normal,Other,4,Thursday,10,False,False
201800031491,NonLethal,NightNoStreetLight,No,NoIntersection,Normal,2Vehicles-Behind,1,Saturday,22,True,False
201800020724,NonLethal,Daylight,Yes,Square,Normal,Other,6,Tuesday,9,False,False
201800022830,Lethal,NightNoStreetLight,No,NoIntersection,Normal,NoCollision,9,Thursday,0,False,True
201800042786,NonLethal,Daylight,Yes,X-type,Normal,2Vehicles-Side,9,Thursday,17,False,False
201800046531,NonLethal,NightStreelightsOn,No,NoIntersection,Normal,2Vehicles-Behind,4,Friday,2,False,True
201800037531,NonLethal,Daylight,Yes,NoIntersection,Normal,Other,12,Wednesday,12,False,False
201800007897,NonLethal,Daylight,No,NoIntersection,Normal,Other,6,Thursday,19,False,False
201800010098,NonLethal,NightStreelightsOn,Yes,NoIntersection,Normal,2Vehicles-Side,11,Wednesday,23,False,False
201800002014,NonLethal,Daylight,Yes,NoIntersection,SnowOrHail,2Vehicles-Side,3,Thursday,7,False,False
201800002085,NonLethal,Daylight,No,NoIntersection,Normal,2Vehicles-BehindVehicles-Frontal,4,Monday,9,False,False
201800015517,NonLethal,NightNoStreetLight,No,NoIntersection,LightRain,Other,12,Wednesday,17,False,False
201800012945,NonLethal,NightNoStreetLight,No,NoIntersection,Normal,2Vehicles-BehindVehicles-Frontal,12,Saturday,7,True,False
201800003695,NonLethal,Daylight,No,NoIntersection,LightRain,2Vehicles-Side,5,Tuesday,18,False,False
201800057136,NonLethal,NightStreelightsOff,No,NoIntersection,LightRain,2Vehicles-Behind,12,Sunday,23,True,False
201800001531,NonLethal,NightStreelightsOn,Yes,NoIntersection,Normal,Other,3,Thursday,2,False,True
201800004429,NonLethal,Daylight,Yes,NoIntersection,Normal,Other,1,Saturday,14,True,False
201800028226,NonLethal,Daylight,Yes,NoIntersection,Normal,2Vehicles-Side,2,Monday,11,False,False
201800009094,NonLethal,Daylight,Yes,Y-type,Normal,2Vehicles-Side,6,Friday,11,False,False
201800046076,NonLethal,Daylight,No,NoIntersection,Normal,2Vehicles-Side,11,Friday,8,False,False
201800014635,NonLethal,NightNoStreetLight,No,NoIntersection,FogOrSmoke,NoCollision,10,Thursday,20,False,False
201800000702,NonLethal,NightNoStreetLight,No,NoIntersection,FogOrSmoke,Other,10,Thursday,8,False,False
201800057577,NonLethal,Daylight,Yes,NoIntersection,Normal,2Vehicles-Side,2,Saturday,16,True,False