AccidentId,Gravity,Light,InAgglomeration,IntersectionType,Weather,CollisionType,Month,DayOfWeek,HourOfDay,IsWeekend,IsNight
201800048238,NonLethal,TwilightOrDawn,Yes,NoIntersection,Normal,2Vehicles-Behind,5,Friday,20,False,False
201800035351,NonLethal,Daylight,Yes,NoIntersection,Normal,Other,7,Wednesday,14,False,False
201800016605,NonLethal,Daylight,No,NoIntersection,Normal,Other,6,Thursday,16,False,False
201800048034,NonLethal,TwilightOrDawn,Yes,NoIntersection,LightRain,Other,1,Thursday,16,False,False
201800044964,NonLethal,NightStreelightsOff,No,NoIntersection,HeavyRain,Other,6,Saturday,23,True,False
201800002044,NonLethal,Daylight,Yes,NoIntersection,LightRain,2Vehicles-Side,5,Wednesday,8,False,False
201800055135,Lethal,Daylight,Yes,NoIntersection,Normal,2Vehicles-Behind,9,Tuesday,12,False,False
201800033874,NonLethal,Daylight,Yes,T-type,Normal,Other,5,Friday,8,False,False
201800030704,NonLethal,Daylight,Yes,NoIntersection,Normal,Other,10,Monday,18,False,False
201800038460,NonLethal,NightStreelightsOn,Yes,NoIntersection,Normal,2Vehicles-Side,11,Wednesday,23,False,False
201800038328,NonLethal,Daylight,Yes,NoIntersection,Normal,Other,4,Tuesday,9,False,False
201800040243,NonLethal,Daylight,Yes,X-type,Normal,2Vehicles-Side,11,Saturday,16,True,False
201800019936,NonLethal,Daylight,No,NoIntersection,LightRain,2Vehicles-Side,2,Saturday,15,True,False
201800014880,NonLethal,Daylight,No,X-type,Normal,2Vehicles-Side,12,Tuesday,12,False,False
201800006900,NonLethal,Daylight,No,NoIntersection,Normal,Other,12,Wednesday,10,False,False
201800018900,NonLethal,NightStreelightsOn,Yes,NoIntersection,Normal,Other,7,Sunday,23,True,False
201800001301,NonLethal,Daylight,Yes,NoIntersection,Normal,Other,8,Sunday,17,True,False
201800051719,NonLethal,Daylight,Yes,NoIntersection,Normal,Other,9,Wednesday,18,False,False
201800020633,NonLethal,Daylight,Yes,X-type,Normal,2Vehicles-Side,11,Saturday,14,True,False
201800003850,Lethal,NightStreelightsOn,Yes,Y-type,Normal,2Vehicles-Side,7,Friday,23,False,False
201800057057,NonLethal,TwilightOrDawn,No,T-type,Normal,Other,10,Thursday,18,False,False
201800009126,NonLethal,NightStreelightsOn,Yes,NoIntersection,Normal,2Vehicles-Behind,5,Sunday,22,True,False
201800034320,NonLethal,NightNoStreetLight,No,NoIntersection,Normal,NoCollision,5,Wednesday,0,False,True
201800015876,NonLethal,Daylight,No,NoIntersection,Normal,2Vehicles-BehindVehicles-Frontal,6,Saturday,16,True,False
201800035913,NonLethal,Daylight,Yes,NoIntersection,Normal,2Vehicles-Behind,7,Tuesday,10,False,False
201800045641,NonLethal,NightNoStreetLight,No,NoIntersection,Normal,Other,1,Wednesday,21,False,False
201800002480,NonLethal,Daylight,Yes,T-type,Normal,NoCollision,9,Sunday,15,True,False
201800037205,NonLethal,Daylight,Yes,NoIntersection,Normal,2Vehicles-Side,11,Thursday,10,False,False
201800047682,NonLethal,Daylight,Yes,NoIntersection,Normal,Other,9,Friday,12,False,False
201800013993,NonLethal,NightNoStreetLight,No,NoIntersection,LightRain,Other,1,Friday,22,False,False
201800020931,NonLethal,NightNoStreetLight,No,NoIntersection,Normal,2Vehicles-Side,3,Monday,7,False,False
201800042538,NonLethal,Daylight,Yes,NoIntersection,LightRain,Other,12,Monday,16,False,False
201800032168,Lethal,TwilightOrDawn,Yes,T-type,Normal,2Vehicles-Side,7,Sunday,15,True,False
201800024909,NonLethal,Daylight,Yes,NoIntersection,Normal,Other,9,Monday,17,False,False
201800015587,NonLethal,Daylight,No,NoIntersection,Normal,3+Vehicles-Multiple,4,Sunday,14,True,False
201800051155,NonLethal,NightStreelightsOn,Yes,T-type,Normal,2Vehicles-Side,7,Saturday,3,True,True
201800054814,NonLethal,Daylight,Yes,Square,Normal,2Vehicles-Side,10,Monday,15,False,False
201800023004,NonLethal,NightStreelightsOn,Yes,NoIntersection,Normal,Other,3,Friday,4,False,True
201800027031,NonLethal,NightStreelightsOn,Yes,Roundabout,FogOrSmoke,Other,12,Thursday,2,False,True
201800018090,NonLethal,Daylight,No,NoIntersection,LightRain,2Vehicles-Side,4,Tuesday,9,False,False
201800031418,NonLethal,Daylight,Yes,NoIntersection,Normal,Other,9,Tuesday,11,False,False
201800047206,NonLethal,Daylight,No,NoIntersection,LightRain,2Vehicles-Behind,5,Tuesday,19,False,False
201800036123,NonLethal,Daylight,Yes,NoIntersection,Normal,Other,7,Sunday,11,True,False
201800042009,NonLethal,Daylight,Yes,NoIntersection,Normal,Other,6,Friday,18,False,False
201800016084,NonLethal,Daylight,No,NoIntersection,Normal,Other,5,Thursday,15,False,False
201800010667,NonLethal,Daylight,Yes,NoIntersection,Normal,Other,10,Sunday,15,True,False
201800000229,Lethal,Daylight,No,NoIntersection,Normal,3+Vehicles-Multiple,10,Thursday,17,False,False
201800046245,NonLethal,NightStreelightsOn,No,NoIntersection,LightRain,2Vehicles-Behind,11,Sunday,19,True,False
201800028060,NonLethal,Daylight,Yes,T-type,Normal,2Vehicles-Side,7,Sunday,15,True,False
201800005883,NonLethal,NightStreelightsOn,Yes,NoIntersection,Normal,2Vehicles-Side,12,Saturday,20,True,False
201800030018,NonLethal,NightStreelightsOn,Yes,NoIntersection,Normal,Other,10,Monday,8,False,False
201800027590,NonLethal,Daylight,No,X-type,LightRain,2Vehicles-BehindVehicles-Frontal,4,Monday,13,False,False
201800003411,NonLethal,Daylight,No,NoIntersection,Normal,Other,3,Monday,13,False,False
201800036932,NonLethal,Daylight,Yes,NoIntersection,Normal,Other,2,Friday,10,False,False
201800025769,NonLethal,NightStreelightsOn,Yes,NoIntersection,HeavyRain,Other,11,Friday,19,False,False
201800009088,NonLethal,Daylight,Yes,NoIntersection,Normal,2Vehicles-BehindVehicles-Frontal,5,Thursday,16,False,False
201800042806,NonLethal,NightStreelightsOn,Yes,X-type,LightRain,Other,10,Monday,8,False,False
201800012271,NonLethal,Daylight,No,NoIntersection,Normal,Other,7,Sunday,18,True,False
201800025655,NonLethal,Daylight,Yes,NoIntersection,Normal,Other,12,Thursday,8,False,False
201800029610,NonLethal,Daylight,Yes,NoIntersection,Normal,2Vehicles-Side,9,Monday,17,False,False
201800017748,NonLethal,Daylight,No,NoIntersection,Normal,Other,11,Tuesday,9,False,False
201800010834,NonLethal,Daylight,No,NoIntersection,Normal,2Vehicles-BehindVehicles-Frontal,5,Monday,16,False,False
201800002695,NonLethal,Daylight,Yes,Other,Normal,2Vehicles-Behind,3,Tuesday,9,False,False
201800047789,NonLethal,Daylight,Yes,NoIntersection,Normal,2Vehicles-Behind,11,Wednesday,9,False,False
201800037736,NonLethal,NightStreelightsOn,Yes,T-type,Normal,Other,10,Friday,19,False,False
201800042148,NonLethal,Daylight,Yes,Y-type,Normal,2Vehicles-Side,6,Monday,8,False,False
201800003880,Lethal,Daylight,No,NoIntersection,Normal,Other,6,Thursday,7,False,False
201800054682,NonLethal,Daylight,Yes,NoIntersection,Normal,Other,3,Friday,7,False,False
201800038583,NonLethal,Daylight,Yes,NoIntersection,Normal,2Vehicles-Side,7,Friday,17,False,False
201800019685,NonLethal,Daylight,Yes,NoIntersection,Normal,2Vehicles-Side,7,Sunday,17,True,False
201800005698,NonLethal,TwilightOrDawn,Yes,NoIntersection,Normal,Other,6,Friday,21,False,False
201800037121,NonLethal,Daylight,Yes,NoIntersection,Normal,2Vehicles-Behind,10,Wednesday,8,False,False
201800027773,NonLethal,Daylight,Yes,NoIntersection,Normal,Other,1,Wednesday,8,False,False
201800019047,NonLethal,Daylight,No,NoIntersection,HeavyRain,NoCollision,10,Thursday,12,False,False
201800037879,NonLethal,NightStreelightsOn,Yes,NoIntersection,Normal,2Vehicles-Side,7,Thursday,23,False,False
201800055627,NonLethal,TwilightOrDawn,Yes,NoIntersection,Normal,2Vehicles-Behind,10,Tuesday,19,False,False
201800020922,NonLethal,NightNoStreetLight,Yes,NoIntersection,LightRain,Other,12,Thursday,19,False,False
201800049619,NonLethal,Daylight,No,NoIntersection,Normal,Other,12,Tuesday,13,False,False
201800013564,NonLethal,Daylight,No,NoIntersection,Normal,3+Vehicles-Multiple,4,Wednesday,16,False,False
201800052817,NonLethal,NightStreelightsOn,Yes,NoIntersection,Normal,2Vehicles-Side,8,Thursday,20,False,False
201800008152,NonLethal,Daylight,Yes,NoIntersection,Normal,2Vehicles-Side,3,Friday,18,False,False
201800051380,NonLethal,Daylight,Yes,NoIntersection,Normal,2Vehicles-Side,8,Monday,9,False,False
201800015312,NonLethal,Daylight,No,T-type,Overcast,2Vehicles-Behind,8,Sunday,16,True,False
201800024820,NonLethal,NightStreelightsOn,Yes,X-type,LightRain,Other,7,Friday,22,False,False
201800014490,NonLethal,Daylight,No,T-type,Normal,2Vehicles-BehindVehicles-Frontal,6,Tuesday,15,False,False
201800037334,NonLethal,Daylight,Yes,NoIntersection,Normal,2Vehicles-Behind,9,Friday,16,False,False
201800025298,NonLethal,Daylight,Yes,NoIntersection,Normal,Other,4,Tuesday,11,False,False
201800054167,NonLethal,Daylight,Yes,X-type,Normal,3+Vehicles-Multiple,7,Thursday,12,False,False
201800021341,NonLethal,Daylight,No,NoIntersection,Normal,Other,4,Saturday,16,True,False
201800022913,NonLethal,NightStreelightsOn,Yes,NoIntersection,Normal,NoCollision,2,Friday,3,False,True
201800002392,NonLethal,NightStreelightsOn,Yes,NoIntersection,Normal,NoCollision,3,Friday,20,False,False
201800044756,NonLethal,Daylight,No,NoIntersection,Normal,NoCollision,4,Tuesday,16,False,False
201800036672,NonLethal,Daylight,Yes,NoIntersection,Normal,2Vehicles-Side,8,Wednesday,13,False,False
201800031482,NonLethal,Daylight,No,NoIntersection,Normal,Other,7,Sunday,18,True,False
201800028460,NonLethal,Daylight,Yes,X-type,Normal,2Vehicles-Behind,6,Thursday,15,False,False
201800002347,NonLethal,NightStreelightsOn,No,Roundabout,Normal,2Vehicles-Side,3,Saturday,2,True,True
201800040562,NonLethal,Daylight,Yes,X-type,Normal,Other,11,Saturday,13,True,False
201800008254,NonLethal,NightStreelightsOn,Yes,NoIntersection,Normal,NoCollision,6,Thursday,1,False,True
201800045430,NonLethal,NightNoStreetLight,No,NoIntersection,Normal,2Vehicles-Side,8,Saturday,18,True,False
201800020694,NonLethal,Daylight,Yes,T-type,Normal,2Vehicles-Side,6,Friday,14,False,False
201800034103,NonLethal,NightStreelightsOn,Yes,NoIntersection,Normal,2Vehicles-BehindVehicles-Frontal,11,Thursday,19,False,False
201800006487,NonLethal,Daylight,Yes,NoIntersection,Normal,Other,1,Saturday,11,True,False
201800023085,NonLethal,Daylight,Yes,T-type,Normal,2Vehicles-Side,5,Wednesday,8,False,False
201800021852,NonLethal,Daylight,No,NoIntersection,Normal,Other,11,Tuesday,9,False,False
201800056079,Lethal,NightNoStreetLight,No,NoIntersection,Overcast,Other,7,Sunday,3,True,True
201800007254,NonLethal,NightNoStreetLight,No,NoIntersection,Normal,Other,1,Saturday,18,True,False
201800024288,NonLethal,NightStreelightsOn,Yes,NoIntersection,Normal,Other,3,Thursday,23,False,False
201800053389,NonLethal,Daylight,Yes,T-type,LightRain,Other,6,Friday,15,False,False
201800034903,NonLethal,Daylight,Yes,T-type,Overcast,2Vehicles-Behind,3,Wednesday,15,False,False
201800047127,NonLethal,Daylight,No,NoIntersection,Normal,2Vehicles-Side,12,Monday,8,False,False
201800048137,NonLethal,Daylight,Yes,NoIntersection,Normal,Other,3,Friday,13,False,False
201800016445,NonLethal,Daylight,No,NoIntersection,Other,Other,12,Friday,12,False,False
201800023369,NonLethal,NightStreelightsOn,Yes,T-type,Normal,Other,11,Tuesday,18,False,False
201800032882,NonLethal,Daylight,No,T-type,Normal,2Vehicles-Side,9,Saturday,14,True,False
201800044512,NonLethal,NightStreelightsOff,No,NoIntersection,Normal,2Vehicles-Side,8,Wednesday,8,False,False
201800031623,NonLethal,NightStreelightsOn,Yes,NoIntersection,LightRain,2Vehicles-Side,1,Monday,19,False,False
201800040856,NonLethal,Daylight,Yes,NoIntersection,Normal,2Vehicles-Behind,4,Thursday,16,False,False
201800023840,NonLethal,NightStreelightsOn,Yes,T-type,Normal,2Vehicles-Side,9,Thursday,3,False,True
201800054036,NonLethal,Daylight,Yes,T-type,SnowOrHail,2Vehicles-Side,3,Saturday,16,True,False
201800054890,NonLethal,NightStreelightsOn,Yes,X-type,Normal,2Vehicles-Side,1,Sunday,3,True,True
201800011164,NonLethal,Daylight,Yes,NoIntersection,Normal,NoCollision,4,Monday,16,False,False
201800057182,NonLethal,Daylight,Yes,NoIntersection,Normal,Other,5,Tuesday,13,False,False
201800007354,NonLethal,Daylight,Yes,NoIntersection,LightRain,NoCollision,2,Wednesday,19,False,False
201800006703,NonLethal,TwilightOrDawn,No,NoIntersection,Normal,3+Vehicles-Chain,3,Friday,18,False,False
201800056113,NonLethal,NightStreelightsOn,Yes,X-type,Normal,2Vehicles-Side,11,Monday,20,False,False
201800020336,NonLethal,NightNoStreetLight,No,NoIntersection,LightRain,2Vehicles-Behind,12,Friday,19,False,False
201800022948,Lethal,NightStreelightsOn,Yes,NoIntersection,Normal,NoCollision,2,Saturday,23,True,False
201800057147,NonLethal,Daylight,Yes,Other,Normal,2Vehicles-Side,12,Monday,10,False,False
201800048322,NonLethal,Daylight,Yes,NoIntersection,Normal,Other,6,Wednesday,15,False,False
201800043801,NonLethal,Daylight,No,NoIntersection,Overcast,2Vehicles-Side,1,Thursday,9,False,False
201800035759,NonLethal,NightStreelightsOn,Yes,T-type,Normal,2Vehicles-Side,3,Sunday,19,True,False
201800041951,NonLethal,Daylight,Yes,NoIntersection,SnowOrHail,Other,2,Tuesday,15,False,False
201800055594,NonLethal,Daylight,Yes,NoIntersection,VeryGood,Other,9,Saturday,14,True,False
201800039950,NonLethal,NightStreelightsOn,Yes,Other,LightRain,2Vehicles-BehindVehicles-Frontal,2,Monday,21,False,False
201800034946,NonLethal,Daylight,Yes,X-type,Normal,2Vehicles-Side,6,Friday,15,False,False
201800012227,NonLethal,NightNoStreetLight,No,NoIntersection,Normal,Other,9,Saturday,1,True,True
201800001513,NonLethal,Daylight,Yes,NoIntersection,Normal,Other,1,Tuesday,11,False,False
201800042064,NonLethal,NightStreelightsOn,Yes,NoIntersection,Normal,Other,12,Tuesday,2,False,True
201800042515,NonLethal,NightStreelightsOn,Yes,NoIntersection,Normal,Other,10,Tuesday,22,False,False
201800040798,NonLethal,NightStreelightsOn,Yes,NoIntersection,Overcast,Other,1,Monday,19,False,False
201800000278,NonLethal,Daylight,Yes,NoIntersection,Normal,NoCollision,9,Friday,8,False,False
201800020262,NonLethal,NightStreelightsOn,Yes,NoIntersection,Overcast,3+Vehicles-Chain,11,Thursday,3,False,True
201800056181,NonLethal,Daylight,Yes,NoIntersection,Normal,2Vehicles-Behind,9,Saturday,12,True,False
201800034360,NonLethal,Daylight,Yes,X-type,Normal,2Vehicles-Side,9,Wednesday,16,False,False
201800004415,NonLethal,Daylight,No,NoIntersection,Normal,Other,6,Sunday,14,True,False
201800043161,NonLethal,Daylight,Yes,NoIntersection,Normal,2Vehicles-Behind,11,Friday,14,False,False
201800038790,NonLethal,Daylight,Yes,Roundabout,Normal,Other,12,Thursday,9,False,False
201800040137,NonLethal,Daylight,Yes,X-type,Normal,2Vehicles-Side,10,Tuesday,15,False,False
201800023891,NonLethal,Daylight,Yes,T-type,Normal,2Vehicles-Side,3,Friday,14,False,False
201800010754,Lethal,Daylight,No,NoIntersection,Normal,2Vehicles-Behind,2,Sunday,14,True,False
201800012812,NonLethal,NightStreelightsOn,Yes,NoIntersection,Normal,2Vehicles-Side,10,Thursday,18,False,False
201800043741,NonLethal,NightStreelightsOn,Yes,NoIntersection,HeavyRain,Other,6,Monday,18,False,False
201800054293,NonLethal,NightStreelightsOn,Yes,X-type,HeavyRain,Other,12,Tuesday,22,False,False
201800010458,Lethal,Daylight,No,NoIntersection,VeryGood,2Vehicles-Behind,11,Friday,15,False,False
201800018975,Lethal,Daylight,No,Y-type,Normal,Other,8,Thursday,18,False,False
201800055459,NonLethal,Daylight,Yes,NoIntersection,Normal,Other,6,Monday,7,False,False
201800049552,NonLethal,NightNoStreetLight,No,NoIntersection,Normal,2Vehicles-Behind,3,Friday,20,False,False
201800049440,NonLethal,TwilightOrDawn,No,NoIntersection,Normal,3+Vehicles-Chain,12,Sunday,7,True,False
201800019707,NonLethal,NightStreelightsOn,Yes,X-type,Normal,2Vehicles-Side,8,Sunday,5,True,True
201800011755,NonLethal,Daylight,Yes,NoIntersection,Normal,2Vehicles-Behind,2,Monday,13,False,False
201800001472,NonLethal,TwilightOrDawn,No,T-type,Overcast,2Vehicles-Behind,5,Wednesday,6,False,True
201800002364,NonLethal,TwilightOrDawn,Yes,X-type,LightRain,Other,1,Tuesday,7,False,False
201800047531,NonLethal,NightStreelightsOn,Yes,X-type,Normal,2Vehicles-Side,6,Saturday,2,True,True
201800020870,NonLethal,Daylight,Yes,NoIntersection,Normal,2Vehicles-Behind,6,Saturday,15,True,False
201800028723,NonLethal,Daylight,Yes,T-type,Normal,2Vehicles-Side,7,Thursday,14,False,False
201800041015,NonLethal,Daylight,Yes,NoIntersection,Normal,2Vehicles-Side,5,Friday,18,False,False
201800043664,NonLethal,Daylight,Yes,NoIntersection,LightRain,2Vehicles-BehindVehicles-Frontal,5,Monday,18,False,False
201800040961,NonLethal,Daylight,Yes,T-type,Normal,3+Vehicles-Multiple,11,Saturday,14,True,False
201800004971,NonLethal,NightNoStreetLight,No,NoIntersection,Normal,3+Vehicles-Multiple,12,Friday,17,False,False
201800054054,NonLethal,Daylight,Yes,Y-type,Normal,Other,6,Monday,12,False,False
201800000519,Lethal,NightStreelightsOn,Yes,NoIntersection,LightRain,Other,12,Sunday,22,True,False
201800000704,NonLethal,Daylight,Yes,Roundabout,Normal,Other,6,Monday,12,False,False
201800010428,NonLethal,Daylight,Yes,NoIntersection,Overcast,2Vehicles-Behind,11,Friday,7,False,False
201800055915,NonLethal,Daylight,No,NoIntersection,Normal,2Vehicles-BehindVehicles-Frontal,11,Sunday,11,True,False
201800004180,NonLethal,Daylight,No,NoIntersection,Normal,Other,3,Friday,8,False,False
201800039786,NonLethal,NightStreelightsOn,Yes,NoIntersection,Normal,Other,4,Friday,22,False,False
201800033572,NonLethal,Daylight,Yes,NoIntersection,Normal,2Vehicles-Behind,11,Thursday,12,False,False
201800048588,NonLethal,TwilightOrDawn,Yes,NoIntersection,Normal,Other,9,Monday,18,False,False
201800020059,NonLethal,NightNoStreetLight,No,NoIntersection,Other,NoCollision,5,Thursday,6,False,True
201800001744,NonLethal,Daylight,Yes,NoIntersection,Normal,2Vehicles-Side,6,Saturday,15,True,False
201800003884,NonLethal,Daylight,No,Roundabout,Normal,2Vehicles-Behind,9,Tuesday,9,False,False
201800041661,NonLethal,Daylight,Yes,X-type,Normal,Other,4,Wednesday,17,False,False
201800045577,NonLethal,TwilightOrDawn,No,NoIntersection,LightRain,Other,12,Saturday,16,True,False
201800033537,NonLethal,Daylight,Yes,NoIntersection,Normal,Other,9,Monday,8,False,False
201800048063,NonLethal,Daylight,Yes,X-type,LightRain,2Vehicles-Side,1,Tuesday,11,False,False
201800054474,NonLethal,Daylight,Yes,NoIntersection,Normal,2Vehicles-Behind,5,Monday,12,False,False
201800053455,NonLethal,TwilightOrDawn,Yes,Square,LightRain,NoCollision,7,Friday,20,False,False
201800054505,NonLethal,Daylight,Yes,NoIntersection,Normal,2Vehicles-Behind,11,Thursday,15,False,False
201800032993,NonLethal,NightNoStreetLight,Yes,NoIntersection,Normal,NoCollision,6,Sunday,22,True,False
201800045437,NonLethal,NightNoStreetLight,No,NoIntersection,LightRain,Other,11,Saturday,6,True,True
201800007141,NonLethal,Daylight,Yes,NoIntersection,Normal,2Vehicles-Behind,8,Thursday,18,False,False
201800048903,NonLethal,Daylight,No,NoIntersection,Normal,2Vehicles-Side,5,Wednesday,8,False,False
201800014369,NonLethal,Daylight,No,NoIntersection,LightRain,3+Vehicles-Chain,10,Saturday,12,True,False
201800041860,NonLethal,Daylight,Yes,NoIntersection,Normal,2Vehicles-BehindVehicles-Frontal,5,Saturday,15,True,False
201800005125,NonLethal,Daylight,Yes,X-type,Normal,2Vehicles-Side,4,Thursday,17,False,False
201800052644,NonLethal,NightStreelightsOn,Yes,NoIntersection,Normal,2Vehicles-Behind,8,Wednesday,19,False,False
201800031043,NonLethal,Daylight,Yes,NoIntersection,Normal,2Vehicles-Behind,8,Tuesday,10,False,False
201800022788,NonLethal,Daylight,Yes,Square,LightRain,2Vehicles-Behind,4,Friday,14,False,False
201800039939,NonLethal,Daylight,Yes,NoIntersection,Normal,Other,1,Tuesday,11,False,False
201800004548,Lethal,NightNoStreetLight,No,NoIntersection,Normal,NoCollision,8,Wednesday,19,False,False
201800053070,NonLethal,Daylight,Yes,Square,Normal,Other,7,Wednesday,12,False,False
201800039508,NonLethal,Daylight,Yes,T-type,Normal,2Vehicles-Side,8,Thursday,19,False,False
201800027251,NonLethal,Daylight,Yes,NoIntersection,Normal,Other,4,Friday,18,False,False
201800033684,NonLethal,NightStreelightsOn,Yes,T-type,Normal,2Vehicles-Side,11,Tuesday,18,False,False
201800012981,NonLethal,Daylight,No,NoIntersection,Normal,Other,1,Saturday,13,True,False
201800051315,NonLethal,Daylight,Yes,X-type,LightRain,Other,2,Monday,16,False,False
201800046081,NonLethal,Daylight,No,NoIntersection,Normal,2Vehicles-Side,9,Wednesday,9,False,False
201800044952,NonLethal,Daylight,No,NoIntersection,Normal,2Vehicles-Behind,6,Wednesday,14,False,False
201800011438,NonLethal,Daylight,No,NoIntersection,Normal,Other,1,Tuesday,15,False,False
201800008842,NonLethal,Daylight,Yes,Y-type,HeavyRain,2Vehicles-Side,4,Wednesday,17,False,False
201800032752,NonLethal,Daylight,Yes,T-type,Overcast,2Vehicles-Side,4,Thursday,8,False,False
201800042590,NonLethal,Daylight,Yes,NoIntersection,Normal,2Vehicles-Behind,10,Saturday,8,True,False
201800039365,NonLethal,Daylight,Yes,NoIntersection,Overcast,Other,4,Monday,10,False,False
201800023836,NonLethal,Daylight,Yes,X-type,LightRain,2Vehicles-BehindVehicles-Frontal,1,Monday,16,False,False
201800039403,NonLethal,Daylight,Yes,X-type,Normal,2Vehicles-Side,7,Saturday,9,True,False
201800035469,NonLethal,NightStreelightsOn,Yes,X-type,StrongWindOrStorm,2Vehicles-Side,8,Sunday,0,True,True
201800049504,NonLethal,Daylight,Yes,NoIntersection,Normal,2Vehicles-Behind,3,Monday,10,False,False
201800055865,NonLethal,NightNoStreetLight,No,T-type,Normal,2Vehicles-BehindVehicles-Frontal,7,Sunday,19,True,False
201800024500,NonLethal,Daylight,Yes,NoIntersection,Normal,2Vehicles-Side,10,Thursday,7,False,False
201800032403,NonLethal,Daylight,Yes,T-type,Normal,Other,3,Saturday,12,True,False
201800024437,NonLethal,Daylight,Yes,NoIntersection,Normal,2Vehicles-Side,3,Saturday,8,True,False
201800042021,NonLethal,Daylight,Yes,NoIntersection,Normal,Other,8,Monday,17,False,False
201800041155,NonLethal,Daylight,Yes,X-type,Normal,2Vehicles-Side,7,Saturday,20,True,False
201800034243,NonLethal,Daylight,Yes,T-type,Normal,2Vehicles-Side,8,Sunday,20,True,False
201800015868,NonLethal,NightNoStreetLight,No,NoIntersection,Normal,Other,5,Wednesday,20,False,False
201800019665,NonLethal,Daylight,Yes,NoIntersection,Normal,Other,6,Monday,18,False,False
201800015007,NonLethal,NightNoStreetLight,No,NoIntersection,Normal,2Vehicles-BehindVehicles-Frontal,1,Wednesday,6,False,True
201800034912,NonLethal,Daylight,Yes,NoIntersection,Normal,Other,7,Saturday,19,True,False
201800016286,NonLethal,TwilightOrDawn,No,NoIntersection,HeavyRain,Other,12,Sunday,17,True,False
201800050776,NonLethal,Daylight,Yes,NoIntersection,Normal,2Vehicles-Side,4,Thursday,9,False,False
201800040099,NonLethal,TwilightOrDawn,Yes,T-type,Normal,2Vehicles-Side,5,Wednesday,21,False,False
201800051320,NonLethal,Daylight,Yes,X-type,Normal,2Vehicles-Behind,3,Friday,14,False,False
201800000825,NonLethal,Daylight,Yes,T-type,Normal,2Vehicles-BehindVehicles-Frontal,5,Thursday,13,False,False
201800017712,Lethal,NightNoStreetLight,Yes,NoIntersection,LightRain,Other,7,Tuesday,7,False,False
201800011090,NonLethal,Daylight,Yes,T-type,Normal,2Vehicles-Side,10,Monday,7,False,False
201800032976,NonLethal,Daylight,No,NoIntersection,Normal,Other,11,Thursday,15,False,False
201800020873,NonLethal,Daylight,Yes,T-type,VeryGood,Other,9,Friday,9,False,False
201800041737,NonLethal,Daylight,Yes,T-type,Normal,2Vehicles-Side,6,Monday,16,False,False
201800019879,NonLethal,Daylight,Yes,NoIntersection,Normal,Other,12,Tuesday,15,False,False
201800014597,NonLethal,Daylight,No,NoIntersection,LightRain,Other,10,Friday,10,False,False
201800023482,NonLethal,Daylight,No,Y-type,Normal,Other,4,Friday,15,False,False
201800019759,NonLethal,Daylight,Yes,NoIntersection,Normal,Other,9,Monday,17,False,False
201800045247,NonLethal,Daylight,No,NoIntersection,Normal,3+Vehicles-Chain,9,Wednesday,16,False,False
201800031750,NonLethal,NightNoStreetLight,No,NoIntersection,Normal,2Vehicles-Behind,5,Friday,21,False,False
201800026637,NonLethal,Daylight,Yes,NoIntersection,Normal,Other,4,Thursday,17,False,False
201800008956,NonLethal,Daylight,Yes,NoIntersection,Normal,Other,4,Thursday,13,False,False
201800013067,NonLethal,Daylight,Yes,NoIntersection,Normal,NoCollision,10,Friday,14,False,False
201800029005,NonLethal,Daylight,No,NoIntersection,Normal,Other,5,Tuesday,18,False,False
201800047742,NonLethal,Daylight,No,NoIntersection,Normal,Other,10,Thursday,15,False,False
201800052866,NonLethal,NightStreelightsOn,Yes,X-type,LightRain,NoCollision,11,Sunday,18,True,False
201800007270,Lethal,Daylight,Yes,NoIntersection,Normal,2Vehicles-BehindVehicles-Frontal,10,Wednesday,14,False,False
201800000724,NonLethal,NightNoStreetLight,No,NoIntersection,Normal,Other,9,Friday,20,False,False
201800056533,NonLethal,NightNoStreetLight,No,NoIntersection,Normal,2Vehicles-BehindVehicles-Frontal,9,Sunday,19,True,False
201800040859,NonLethal,TwilightOrDawn,Yes,NoIntersection,Normal,Other,4,Tuesday,7,False,False
201800036906,NonLethal,Daylight,Yes,NoIntersection,Normal,3+Vehicles-Multiple,6,Thursday,7,False,False
201800008177,NonLethal,Daylight,No,Other,Normal,2Vehicles-Side,3,Thursday,7,False,False
201800056875,NonLethal,Daylight,Yes,NoIntersection,Normal,2Vehicles-Side,3,Thursday,12,False,False
201800033069,Lethal,Daylight,No,X-type,Normal,2Vehicles-Side,4,Tuesday,20,False,False
201800054777,NonLethal,Daylight,Yes,NoIntersection,Normal,Other,7,Monday,14,False,False
201800037729,NonLethal,Daylight,Yes,NoIntersection,Normal,NoCollision,10,Sunday,11,True,False
201800021044,NonLethal,Daylight,Yes,X-type,Normal,3+Vehicles-Multiple,8,Friday,17,False,False
201800017568,NonLethal,Daylight,No,NoIntersection,Normal,Other,8,Friday,19,False,False
201800049768,NonLethal,Daylight,No,NoIntersection,Normal,2Vehicles-Side,3,Friday,13,False,False
201800051926,NonLethal,NightStreelightsOn,Yes,T-type,Normal,2Vehicles-Side,1,Monday,19,False,False
201800030804,NonLethal,TwilightOrDawn,Yes,NoIntersection,LightRain,2Vehicles-Behind,5,Tuesday,7,False,False
201800042995,NonLethal,Daylight,Yes,MoreThan4Branches,Normal,3+Vehicles-Chain,5,Monday,12,False,False