AccidentId,Gravity,Light,InAgglomeration,IntersectionType,Weather,CollisionType,Month,DayOfWeek,HourOfDay,IsWeekend,IsNight
201800036183,NonLethal,Daylight,No,NoIntersection,Normal,2Vehicles-Behind,9,Sunday,16,True,False
201800010283,NonLethal,Daylight,Yes,NoIntersection,Normal,Other,5,Tuesday,18,False,False
201800007308,NonLethal,Daylight,Yes,NoIntersection,Normal,Other,4,Monday,10,False,False
201800057504,NonLethal,NightNoStreetLight,No,NoIntersection,Normal,Other,8,Wednesday,18,False,False
201800051994,NonLethal,NightStreelightsOn,Yes,NoIntersection,Normal,2Vehicles-BehindVehicles-Frontal,4,Saturday,4,True,True
201800037497,NonLethal,Daylight,Yes,X-type,Overcast,2Vehicles-Side,10,Wednesday,13,False,False
201800033202,NonLethal,Daylight,Yes,NoIntersection,Normal,2Vehicles-Behind,11,Friday,11,False,False
201800020826,NonLethal,Daylight,No,NoIntersection,Normal,NoCollision,4,Tuesday,8,False,False
201800046487,NonLethal,Daylight,No,NoIntersection,Overcast,2Vehicles-Behind,3,Wednesday,18,False,False
201800035052,NonLethal,Daylight,Yes,NoIntersection,Normal,2Vehicles-Side,5,Wednesday,19,False,False
201800025699,NonLethal,Daylight,Yes,NoIntersection,Normal,2Vehicles-Side,3,Thursday,17,False,False
201800041167,NonLethal,Daylight,Yes,NoIntersection,Normal,Other,4,Tuesday,9,False,False
201800003255,NonLethal,Daylight,No,X-type,Normal,2Vehicles-BehindVehicles-Frontal,5,Wednesday,10,False,False
201800033342,NonLethal,NightStreelightsOn,Yes,T-type,LightRain,Other,11,Saturday,3,True,True
201800055829,NonLethal,NightNoStreetLight,No,Y-type,Normal,Other,9,Saturday,20,True,False
201800011830,NonLethal,Daylight,No,NoIntersection,Normal,2Vehicles-Behind,7,Sunday,9,True,False
201800049011,NonLethal,Daylight,No,NoIntersection,Normal,2Vehicles-Side,9,Thursday,10,False,False
201800035896,NonLethal,Daylight,Yes,NoIntersection,Normal,NoCollision,5,Tuesday,17,False,False
201800045200,NonLethal,NightNoStreetLight,No,NoIntersection,Normal,2Vehicles-Behind,9,Saturday,21,True,False
201800010285,NonLethal,Daylight,Yes,NoIntersection,Normal,Other,12,Thursday,16,False,False
201800036807,NonLethal,Daylight,Yes,Roundabout,LightRain,2Vehicles-Side,7,Tuesday,8,False,False
201800047786,NonLethal,NightNoStreetLight,Yes,Square,LightRain,Other,11,Wednesday,21,False,False
201800035365,NonLethal,Daylight,No,NoIntersection,HeavyRain,2Vehicles-BehindVehicles-Frontal,1,Friday,15,False,False
201800037260,NonLethal,Daylight,Yes,NoIntersection,Normal,2Vehicles-Behind,5,Thursday,18,False,False
201800000973,NonLethal,Daylight,Yes,X-type,Normal,2Vehicles-Side,5,Friday,18,False,False
201800029657,NonLethal,NightStreelightsOn,Yes,NoIntersection,Normal,3+Vehicles-Multiple,10,Tuesday,21,False,False
201800041636,NonLethal,NightStreelightsOn,Yes,NoIntersection,Normal,2Vehicles-Behind,12,Wednesday,18,False,False
201800035973,NonLethal,NightStreelightsOn,Yes,NoIntersection,HeavyRain,Other,6,Friday,20,False,False
201800035832,NonLethal,Daylight,Yes,NoIntersection,LightRain,2Vehicles-BehindVehicles-Frontal,5,Saturday,17,True,False
201800037357,NonLethal,NightStreelightsOn,Yes,NoIntersection,Normal,2Vehicles-Behind,4,Thursday,2,False,True
201800057165,NonLethal,Daylight,Yes,X-type,Normal,2Vehicles-Side,2,Tuesday,11,False,False
201800026279,NonLethal,NightStreelightsOn,Yes,NoIntersection,Normal,Other,2,Saturday,18,True,False
201800004962,NonLethal,Daylight,Yes,NoIntersection,Normal,Other,5,Monday,20,False,False
201800023079,NonLethal,Daylight,Yes,NoIntersection,Normal,2Vehicles-Side,5,Friday,17,False,False
201800000047,Lethal,Daylight,Yes,NoIntersection,VeryGood,Other,2,Saturday,8,True,False
201800037861,NonLethal,TwilightOrDawn,No,NoIntersection,Normal,Other,10,Friday,19,False,False
201800029766,NonLethal,Daylight,Yes,NoIntersection,Normal,Other,5,Saturday,13,True,False
201800040011,NonLethal,NightStreelightsOn,Yes,NoIntersection,Normal,Other,10,Thursday,7,False,False
201800010870,NonLethal,Daylight,No,NoIntersection,Normal,3+Vehicles-Multiple,10,Saturday,14,True,False
201800017652,NonLethal,NightStreelightsOn,Yes,NoIntersection,Normal,Other,11,Monday,1,False,True
201800037789,NonLethal,Daylight,Yes,NoIntersection,Normal,2Vehicles-BehindVehicles-Frontal,8,Saturday,15,True,False
201800005063,NonLethal,NightStreelightsOn,Yes,X-type,Normal,Other,3,Wednesday,1,False,True
201800049169,NonLethal,Daylight,Yes,NoIntersection,Normal,2Vehicles-Side,10,Saturday,10,True,False
201800029887,NonLethal,Daylight,Yes,T-type,Normal,2Vehicles-Side,11,Thursday,16,False,False
201800030410,NonLethal,Daylight,Yes,NoIntersection,Normal,Other,4,Tuesday,11,False,False
201800003689,NonLethal,NightNoStreetLight,No,NoIntersection,Normal,2Vehicles-BehindVehicles-Frontal,2,Sunday,18,True,False
201800034346,NonLethal,NightStreelightsOn,Yes,NoIntersection,Overcast,Other,1,Wednesday,7,False,False
201800007017,NonLethal,NightStreelightsOn,Yes,NoIntersection,Normal,Other,1,Saturday,18,True,False
201800030966,NonLethal,NightStreelightsOn,No,NoIntersection,Normal,Other,12,Thursday,21,False,False
201800055782,NonLethal,Daylight,Yes,Other,Normal,2Vehicles-BehindVehicles-Frontal,11,Tuesday,17,False,False
201800036058,NonLethal,Daylight,No,NoIntersection,LightRain,Other,4,Saturday,11,True,False
201800041258,NonLethal,Daylight,Yes,NoIntersection,Normal,2Vehicles-Behind,7,Tuesday,14,False,False
201800054833,NonLethal,NightStreelightsOn,No,Y-type,Normal,2Vehicles-Side,10,Tuesday,6,False,True
201800042277,NonLethal,Daylight,Yes,T-type,Overcast,2Vehicles-Side,5,Sunday,10,True,False
201800014069,NonLethal,NightStreelightsOn,Yes,NoIntersection,Normal,NoCollision,6,Sunday,1,True,True
201800047587,NonLethal,Daylight,Yes,NoIntersection,Normal,2Vehicles-Side,6,Friday,19,False,False
201800007560,NonLethal,NightNoStreetLight,No,NoIntersection,Normal,3+Vehicles-Chain,12,Tuesday,5,False,True
201800029230,NonLethal,Daylight,Yes,NoIntersection,Normal,Other,8,Tuesday,15,False,False
201800007153,NonLethal,Daylight,No,X-type,Normal,2Vehicles-Side,5,Tuesday,18,False,False
201800010233,NonLethal,NightStreelightsOn,Yes,NoIntersection,Normal,2Vehicles-Side,12,Sunday,20,True,False
201800028738,NonLethal,Daylight,Yes,X-type,Normal,3+Vehicles-Chain,5,Saturday,14,True,False
201800035682,Lethal,Daylight,Yes,NoIntersection,Normal,Other,7,Monday,10,False,False
201800012110,NonLethal,Daylight,No,NoIntersection,Normal,Other,4,Friday,14,False,False
201800010580,NonLethal,TwilightOrDawn,Yes,NoIntersection,Normal,2Vehicles-Side,11,Monday,17,False,False
201800049320,NonLethal,TwilightOrDawn,No,NoIntersection,LightRain,2Vehicles-Behind,1,Monday,19,False,False
201800022675,Lethal,Daylight,No,NoIntersection,Overcast,2Vehicles-BehindVehicles-Frontal,10,Sunday,15,True,False
201800024727,NonLethal,TwilightOrDawn,Yes,X-type,HeavyRain,NoCollision,7,Wednesday,20,False,False
201800037583,NonLethal,Daylight,Yes,X-type,Normal,2Vehicles-Side,3,Friday,14,False,False
201800009334,NonLethal,NightStreelightsOn,Yes,NoIntersection,Normal,NoCollision,10,Sunday,1,True,True
201800013345,NonLethal,Daylight,Yes,T-type,Normal,3+Vehicles-Multiple,6,Thursday,14,False,False
201800017448,NonLethal,Daylight,Yes,NoIntersection,Normal,NoCollision,12,Friday,13,False,False
201800045786,NonLethal,Daylight,No,NoIntersection,Normal,Other,3,Wednesday,18,False,False
201800043479,NonLethal,Daylight,Yes,X-type,Normal,2Vehicles-Behind,5,Wednesday,9,False,False
201800009794,NonLethal,Daylight,Yes,T-type,Normal,Other,9,Tuesday,17,False,False
201800015836,NonLethal,Daylight,No,NoIntersection,Normal,Other,10,Thursday,14,False,False
201800047923,NonLethal,Daylight,No,NoIntersection,Normal,2Vehicles-Side,5,Friday,17,False,False
201800037225,NonLethal,Daylight,Yes,NoIntersection,Normal,3+Vehicles-Chain,3,Tuesday,16,False,False
201800039488,NonLethal,Daylight,Yes,NoIntersection,Normal,3+Vehicles-Chain,5,Monday,15,False,False
201800033562,NonLethal,Daylight,Yes,T-type,Normal,Other,10,Monday,16,False,False
201800044004,NonLethal,Daylight,No,NoIntersection,Normal,2Vehicles-Behind,5,Tuesday,19,False,False
201800026333,NonLethal,Daylight,Yes,NoIntersection,Normal,Other,5,Friday,17,False,False
201800026791,NonLethal,Daylight,Yes,X-type,Overcast,2Vehicles-Behind,4,Sunday,14,True,False
201800035890,NonLethal,Daylight,Yes,NoIntersection,Normal,Other,5,Sunday,13,True,False
201800041474,NonLethal,NightStreelightsOn,Yes,NoIntersection,Normal,Other,8,Saturday,21,True,False
201800055478,NonLethal,Daylight,Yes,NoIntersection,Normal,2Vehicles-Side,7,Monday,16,False,False
201800040493,NonLethal,Daylight,Yes,NoIntersection,Normal,2Vehicles-Side,5,Wednesday,14,False,False
201800028002,NonLethal,NightStreelightsOn,Yes,X-type,Normal,2Vehicles-Side,6,Tuesday,1,False,True
201800026179,NonLethal,Daylight,Yes,T-type,Normal,Other,4,Friday,16,False,False
201800044125,NonLethal,Daylight,No,NoIntersection,Normal,2Vehicles-Behind,7,Friday,18,False,False
201800048282,NonLethal,Daylight,Yes,NoIntersection,Normal,3+Vehicles-Chain,5,Tuesday,15,False,False
201800004267,NonLethal,NightNoStreetLight,No,NoIntersection,Normal,2Vehicles-BehindVehicles-Frontal,8,Tuesday,1,False,True
201800005527,NonLethal,Daylight,No,NoIntersection,Normal,3+Vehicles-Chain,7,Friday,16,False,False
201800027460,NonLethal,Daylight,Yes,X-type,Normal,2Vehicles-Side,2,Saturday,9,True,False
201800041974,NonLethal,Daylight,Yes,Roundabout,Normal,2Vehicles-Behind,4,Tuesday,19,False,False
201800025473,NonLethal,Daylight,Yes,Other,Normal,2Vehicles-Side,8,Friday,17,False,False
201800016448,NonLethal,Daylight,No,NoIntersection,Normal,2Vehicles-Side,10,Thursday,12,False,False
201800028124,NonLethal,Daylight,Yes,NoIntersection,Normal,2Vehicles-Side,9,Monday,16,False,False
201800044525,NonLethal,Daylight,No,NoIntersection,Normal,2Vehicles-Side,1,Sunday,12,True,False
201800052715,NonLethal,Daylight,Yes,NoIntersection,LightRain,Other,4,Sunday,17,True,False
201800012962,NonLethal,Daylight,No,NoIntersection,Overcast,2Vehicles-Side,7,Saturday,10,True,False
201800026810,Lethal,Daylight,Yes,T-type,VeryGood,2Vehicles-BehindVehicles-Frontal,5,Sunday,17,True,False
201800046125,NonLethal,Daylight,No,NoIntersection,Normal,2Vehicles-Side,10,Monday,15,False,False
201800054588,NonLethal,NightStreelightsOn,Yes,Square,Normal,2Vehicles-Side,3,Sunday,23,True,False
201800033071,NonLethal,Daylight,No,NoIntersection,Normal,Other,6,Friday,17,False,False
201800056519,NonLethal,Daylight,Yes,NoIntersection,Normal,2Vehicles-Side,4,Monday,7,False,False
201800035894,NonLethal,TwilightOrDawn,Yes,NoIntersection,Normal,Other,5,Friday,17,False,False
201800022867,NonLethal,TwilightOrDawn,No,NoIntersection,Overcast,3+Vehicles-Chain,1,Monday,7,False,False
201800006630,NonLethal,TwilightOrDawn,No,NoIntersection,LightRain,Other,11,Friday,7,False,False
201800025613,NonLethal,NightStreelightsOn,Yes,NoIntersection,Normal,Other,11,Thursday,17,False,False
201800012980,NonLethal,Daylight,No,NoIntersection,Normal,3+Vehicles-Multiple,2,Thursday,9,False,False
201800002008,NonLethal,Daylight,Yes,Other,Normal,Other,7,Wednesday,10,False,False
201800012460,NonLethal,Daylight,No,NoIntersection,Normal,2Vehicles-Side,4,Tuesday,10,False,False
201800004200,NonLethal,Daylight,No,NoIntersection,LightRain,Other,3,Thursday,17,False,False
201800009413,NonLethal,NightStreelightsOn,Yes,NoIntersection,Normal,2Vehicles-Side,7,Sunday,1,True,True
201800015074,NonLethal,TwilightOrDawn,No,NoIntersection,Normal,Other,11,Wednesday,21,False,False
201800033157,NonLethal,NightStreelightsOn,Yes,Other,LightRain,2Vehicles-BehindVehicles-Frontal,9,Thursday,6,False,True
201800001069,NonLethal,Daylight,Yes,NoIntersection,Normal,NoCollision,8,Thursday,17,False,False
201800028867,NonLethal,NightStreelightsOn,Yes,X-type,LightRain,2Vehicles-Side,3,Monday,18,False,False
201800017290,NonLethal,TwilightOrDawn,Yes,X-type,HeavyRain,2Vehicles-Side,5,Monday,7,False,False
201800020300,NonLethal,Daylight,No,NoIntersection,Normal,NoCollision,5,Monday,15,False,False
201800033522,NonLethal,Daylight,Yes,NoIntersection,VeryGood,2Vehicles-Side,8,Wednesday,8,False,False
201800020469,NonLethal,Daylight,No,NoIntersection,Normal,NoCollision,8,Tuesday,17,False,False
201800048576,NonLethal,Daylight,Yes,NoIntersection,Normal,Other,10,Thursday,16,False,False
201800001542,NonLethal,Daylight,No,NoIntersection,Normal,2Vehicles-BehindVehicles-Frontal,2,Friday,15,False,False
201800009046,NonLethal,Daylight,Yes,T-type,Normal,2Vehicles-Side,5,Wednesday,14,False,False
201800011531,NonLethal,TwilightOrDawn,No,NoIntersection,VeryGood,NoCollision,5,Tuesday,7,False,False
201800026587,NonLethal,Daylight,No,NoIntersection,Normal,3+Vehicles-Chain,1,Wednesday,10,False,False
201800031236,NonLethal,Daylight,Yes,NoIntersection,Normal,2Vehicles-Behind,5,Friday,19,False,False
201800057151,NonLethal,NightStreelightsOn,No,NoIntersection,Normal,NoCollision,12,Sunday,3,True,True
201800008834,NonLethal,Daylight,Yes,Y-type,Normal,2Vehicles-Side,4,Tuesday,12,False,False
201800030390,NonLethal,Daylight,Yes,X-type,Normal,2Vehicles-Side,6,Saturday,18,True,False
201800037579,NonLethal,Daylight,Yes,NoIntersection,Normal,Other,3,Thursday,12,False,False
201800025328,NonLethal,Daylight,Yes,NoIntersection,Normal,NoCollision,5,Thursday,20,False,False
201800011897,NonLethal,Daylight,No,NoIntersection,Normal,NoCollision,7,Friday,18,False,False
201800046646,NonLethal,Daylight,No,NoIntersection,Normal,3+Vehicles-Multiple,6,Monday,12,False,False
201800051971,NonLethal,Daylight,Yes,Y-type,Normal,2Vehicles-Side,3,Sunday,19,True,False
201800043772,NonLethal,Daylight,No,NoIntersection,Normal,NoCollision,1,Monday,9,False,False
201800046050,NonLethal,Daylight,No,NoIntersection,Normal,2Vehicles-Behind,8,Monday,7,False,False
201800010514,Lethal,Daylight,No,T-type,Normal,2Vehicles-Side,5,Monday,18,False,False
201800027271,NonLethal,Daylight,Yes,X-type,Normal,2Vehicles-Side,5,Wednesday,21,False,False
201800031980,NonLethal,Daylight,Yes,NoIntersection,Normal,2Vehicles-Behind,10,Wednesday,9,False,False
201800024093,NonLethal,Daylight,Yes,NoIntersection,Normal,Other,8,Friday,13,False,False
201800003697,NonLethal,Daylight,No,Other,Normal,Other,6,Tuesday,18,False,False
201800020803,NonLethal,NightStreelightsOff,No,Roundabout,Other,NoCollision,2,Friday,21,False,False
201800025370,NonLethal,Daylight,Yes,NoIntersection,Normal,NoCollision,6,Wednesday,20,False,False
201800045351,NonLethal,Daylight,No,NoIntersection,Normal,2Vehicles-Side,10,Saturday,16,True,False
201800053996,NonLethal,Daylight,Yes,MoreThan4Branches,Normal,Other,1,Wednesday,11,False,False
201800002078,NonLethal,Daylight,Yes,Other,Normal,Other,2,Friday,9,False,False
201800029361,NonLethal,Daylight,No,NoIntersection,Normal,2Vehicles-BehindVehicles-Frontal,7,Wednesday,13,False,False
201800002369,NonLethal,Daylight,Yes,NoIntersection,Normal,Other,5,Thursday,7,False,False
201800010356,NonLethal,NightNoStreetLight,No,NoIntersection,Normal,NoCollision,9,Saturday,3,True,True
201800014108,NonLethal,Daylight,No,NoIntersection,Normal,3+Vehicles-Multiple,8,Friday,10,False,False
201800054021,NonLethal,Daylight,Yes,NoIntersection,Normal,Other,2,Wednesday,12,False,False
201800029464,NonLethal,Daylight,Yes,NoIntersection,Normal,2Vehicles-Behind,1,Wednesday,11,False,False
201800052924,NonLethal,NightStreelightsOn,Yes,NoIntersection,Normal,Other,1,Sunday,6,True,True
201800055651,NonLethal,Daylight,Yes,NoIntersection,Normal,Other,10,Sunday,14,True,False
201800002108,NonLethal,Daylight,Yes,NoIntersection,Normal,Other,6,Friday,10,False,False
201800026633,NonLethal,Daylight,Yes,NoIntersection,Normal,2Vehicles-Behind,6,Monday,11,False,False
201800010127,NonLethal,Daylight,Yes,NoIntersection,Normal,2Vehicles-BehindVehicles-Frontal,11,Thursday,8,False,False
201800055911,NonLethal,Daylight,Yes,NoIntersection,Normal,Other,3,Monday,12,False,False
201800041425,NonLethal,Daylight,Yes,NoIntersection,Normal,3+Vehicles-Chain,4,Thursday,16,False,False
201800002847,Lethal,Daylight,No,NoIntersection,Normal,2Vehicles-BehindVehicles-Frontal,7,Tuesday,17,False,False
201800033236,NonLethal,Daylight,Yes,NoIntersection,Normal,Other,9,Saturday,13,True,False
201800003731,NonLethal,Daylight,No,NoIntersection,Normal,2Vehicles-BehindVehicles-Frontal,9,Thursday,15,False,False
201800003779,NonLethal,NightStreelightsOn,Yes,Roundabout,LightRain,Other,11,Wednesday,19,False,False
201800005043,NonLethal,Daylight,Yes,NoIntersection,Normal,2Vehicles-Side,3,Thursday,11,False,False
201800052673,NonLethal,Daylight,Yes,X-type,Normal,Other,3,Friday,17,False,False
201800035788,NonLethal,Daylight,No,NoIntersection,Normal,2Vehicles-Behind,5,Saturday,13,True,False
201800051275,NonLethal,NightStreelightsOn,Yes,X-type,Normal,2Vehicles-Side,12,Sunday,20,True,False
201800053321,NonLethal,Daylight,Yes,NoIntersection,Normal,Other,6,Monday,12,False,False
201800012346,NonLethal,NightStreelightsOn,No,NoIntersection,LightRain,2Vehicles-Side,1,Monday,22,False,False
201800053420,NonLethal,Daylight,Yes,NoIntersection,Normal,Other,6,Friday,17,False,False
201800052386,NonLethal,Daylight,Yes,Y-type,Normal,2Vehicles-Behind,4,Tuesday,17,False,False
201800021922,Lethal,Daylight,No,NoIntersection,Normal,2Vehicles-BehindVehicles-Frontal,12,Saturday,16,True,False
201800057475,NonLethal,NightStreelightsOn,Yes,NoIntersection,Normal,2Vehicles-BehindVehicles-Frontal,6,Saturday,23,True,False
201800035323,NonLethal,Daylight,Yes,NoIntersection,Normal,2Vehicles-BehindVehicles-Frontal,6,Tuesday,18,False,False
201800029991,Lethal,Daylight,No,NoIntersection,Normal,Other,6,Saturday,15,True,False
201800039491,Lethal,Daylight,Yes,NoIntersection,Normal,3+Vehicles-Multiple,5,Wednesday,17,False,False
201800033892,NonLethal,TwilightOrDawn,Yes,X-type,LightRain,2Vehicles-Behind,12,Monday,17,False,False
201800050679,NonLethal,Daylight,Yes,NoIntersection,Normal,Other,4,Wednesday,14,False,False
201800039594,NonLethal,NightStreelightsOn,Yes,Other,LightRain,2Vehicles-Side,11,Tuesday,23,False,False
201800019146,NonLethal,Daylight,Yes,T-type,Normal,2Vehicles-Side,9,Monday,12,False,False
201800017962,NonLethal,Daylight,No,NoIntersection,Normal,2Vehicles-Behind,10,Saturday,15,True,False
201800027094,NonLethal,NightNoStreetLight,Yes,T-type,Other,Other,12,Friday,23,False,False
201800049451,NonLethal,Daylight,No,NoIntersection,Normal,3+Vehicles-Chain,9,Sunday,9,True,False
201800029918,NonLethal,Daylight,Yes,T-type,Normal,2Vehicles-Behind,9,Thursday,11,False,False
201800009199,NonLethal,NightStreelightsOn,Yes,Roundabout,Normal,NoCollision,6,Wednesday,4,False,True
201800005302,NonLethal,TwilightOrDawn,Yes,NoIntersection,LightRain,Other,11,Thursday,17,False,False
201800027665,NonLethal,Daylight,No,T-type,LightRain,NoCollision,1,Sunday,14,True,False
201800038499,NonLethal,Daylight,Yes,T-type,Normal,2Vehicles-Side,10,Friday,10,False,False
201800056900,NonLethal,Daylight,Yes,NoIntersection,Normal,Other,4,Friday,9,False,False
201800053019,NonLethal,Daylight,Yes,X-type,Normal,2Vehicles-Side,5,Sunday,16,True,False
201800010626,NonLethal,Daylight,No,NoIntersection,Normal,2Vehicles-Side,7,Wednesday,17,False,False
201800057762,NonLethal,NightNoStreetLight,Yes,NoIntersection,LightRain,NoCollision,10,Sunday,19,True,False
201800035509,NonLethal,NightNoStreetLight,Yes,NoIntersection,LightRain,Other,2,Thursday,19,False,False
201800004397,NonLethal,Daylight,Yes,NoIntersection,Normal,Other,8,Sunday,15,True,False
201800040671,NonLethal,Daylight,Yes,T-type,Normal,2Vehicles-Side,6,Tuesday,16,False,False
201800020391,NonLethal,Daylight,No,NoIntersection,Normal,NoCollision,4,Sunday,10,True,False
201800028186,NonLethal,Daylight,Yes,X-type,LightRain,2Vehicles-Side,12,Friday,12,False,False
201800044415,NonLethal,Daylight,No,NoIntersection,Normal,2Vehicles-Side,11,Friday,15,False,False
201800013788,NonLethal,Daylight,No,NoIntersection,Normal,2Vehicles-BehindVehicles-Frontal,3,Sunday,18,True,False
201800034623,NonLethal,Daylight,Yes,NoIntersection,Normal,Other,5,Thursday,19,False,False
201800032054,NonLethal,NightStreelightsOn,Yes,T-type,LightRain,2Vehicles-Side,12,Thursday,19,False,False
201800033080,NonLethal,Daylight,No,X-type,Normal,3+Vehicles-Chain,6,Monday,12,False,False
201800040224,NonLethal,Daylight,Yes,NoIntersection,Normal,2Vehicles-Side,11,Friday,17,False,False
201800055299,NonLethal,Daylight,Yes,NoIntersection,Normal,2Vehicles-Behind,3,Saturday,15,True,False
201800012575,NonLethal,Daylight,No,NoIntersection,Normal,2Vehicles-BehindVehicles-Frontal,5,Saturday,18,True,False
201800044470,NonLethal,Daylight,No,NoIntersection,Normal,2Vehicles-Side,12,Saturday,11,True,False
201800013294,NonLethal,NightNoStreetLight,Yes,Y-type,Normal,Other,9,Friday,2,False,True
201800051819,NonLethal,NightStreelightsOn,Yes,Square,Normal,Other,9,Saturday,20,True,False
201800008685,NonLethal,Daylight,Yes,X-type,Normal,Other,3,Friday,14,False,False
201800032580,NonLethal,Daylight,Yes,T-type,Normal,2Vehicles-Side,9,Thursday,17,False,False
201800000438,NonLethal,NightStreelightsOff,Yes,NoIntersection,LightRain,Other,11,Sunday,19,True,False
201800056367,Lethal,Daylight,Yes,NoIntersection,Normal,2Vehicles-BehindVehicles-Frontal,1,Monday,7,False,False
201800017045,NonLethal,Daylight,No,NoIntersection,Normal,2Vehicles-Behind,9,Tuesday,14,False,False
201800052520,NonLethal,NightStreelightsOn,Yes,X-type,Normal,Other,11,Friday,1,False,True
201800048045,NonLethal,TwilightOrDawn,Yes,X-type,LightRain,2Vehicles-Side,1,Monday,17,False,False
201800040345,NonLethal,Daylight,Yes,NoIntersection,Normal,Other,9,Tuesday,16,False,False
201800024768,NonLethal,Daylight,No,NoIntersection,Normal,NoCollision,5,Tuesday,19,False,False
201800020686,NonLethal,Daylight,Yes,NoIntersection,Normal,2Vehicles-Side,11,Tuesday,14,False,False
201800018447,Lethal,NightNoStreetLight,No,NoIntersection,LightRain,Other,1,Wednesday,18,False,False
201800013086,NonLethal,NightNoStreetLight,No,NoIntersection,LightRain,2Vehicles-Side,11,Thursday,5,False,True
201800056361,NonLethal,Daylight,Yes,T-type,Normal,2Vehicles-Side,3,Monday,12,False,False
201800044374,NonLethal,Daylight,No,NoIntersection,LightRain,3+Vehicles-Chain,12,Tuesday,9,False,False
201800009901,NonLethal,Daylight,Yes,NoIntersection,Normal,2Vehicles-Side,12,Monday,12,False,False
201800038310,NonLethal,Daylight,Yes,NoIntersection,Normal,2Vehicles-Side,2,Wednesday,15,False,False
201800013983,NonLethal,Daylight,No,NoIntersection,Normal,NoCollision,4,Sunday,17,True,False
201800057586,NonLethal,Daylight,Yes,T-type,Normal,2Vehicles-BehindVehicles-Frontal,3,Saturday,12,True,False
201800036575,NonLethal,NightStreelightsOn,Yes,NoIntersection,Normal,Other,1,Monday,18,False,False
201800035996,Lethal,NightStreelightsOff,No,NoIntersection,Normal,3+Vehicles-Multiple,10,Tuesday,19,False,False
201800036736,NonLethal,Daylight,Yes,NoIntersection,Normal,2Vehicles-Behind,9,Thursday,9,False,False
201800018044,NonLethal,NightNoStreetLight,No,X-type,Normal,2Vehicles-Side,2,Wednesday,20,False,False
201800002287,NonLethal,Daylight,Yes,X-type,FogOrSmoke,2Vehicles-Side,10,Sunday,13,True,False
201800027350,NonLethal,NightNoStreetLight,Yes,NoIntersection,Normal,NoCollision,6,Sunday,1,True,True
201800029195,NonLethal,Daylight,Yes,NoIntersection,SnowOrHail,2Vehicles-Behind,6,Saturday,8,True,False
201800037196,NonLethal,Daylight,Yes,NoIntersection,FogOrSmoke,2Vehicles-Side,11,Friday,10,False,False
201800027606,NonLethal,Daylight,No,NoIntersection,Normal,Other,8,Wednesday,8,False,False
201800023566,NonLethal,Daylight,No,NoIntersection,Normal,NoCollision,3,Saturday,15,True,False
201800017441,NonLethal,TwilightOrDawn,Yes,X-type,Normal,2Vehicles-Side,5,Wednesday,21,False,False
201800051824,NonLethal,Daylight,Yes,T-type,Normal,NoCollision,10,Thursday,13,False,False
201800034410,NonLethal,NightStreelightsOn,No,T-type,Normal,3+Vehicles-Multiple,2,Monday,18,False,False
201800018986,Lethal,NightNoStreetLight,No,T-type,Overcast,Other,7,Tuesday,3,False,True
201800048605,NonLethal,Daylight,Yes,Other,Normal,Other,10,Monday,16,False,False
201800037097,NonLethal,Daylight,Yes,Roundabout,Normal,2Vehicles-Side,5,Monday,11,False,False
201800041821,NonLethal,NightStreelightsOn,Yes,X-type,Normal,NoCollision,12,Thursday,7,False,False
201800030857,NonLethal,Daylight,Yes,NoIntersection,Normal,Other,8,Tuesday,9,False,False
201800052803,NonLethal,Daylight,Yes,NoIntersection,Normal,2Vehicles-Behind,8,Tuesday,19,False,False
201800036432,NonLethal,Daylight,Yes,X-type,Normal,Other,5,Wednesday,9,False,False
201800026032,NonLethal,NightStreelightsOn,Yes,X-type,Normal,2Vehicles-Side,9,Sunday,5,True,True
201800027359,NonLethal,Daylight,Yes,NoIntersection,Normal,2Vehicles-Behind,6,Thursday,14,False,False
201800057780,NonLethal,TwilightOrDawn,Yes,NoIntersection,Normal,2Vehicles-Side,12,Sunday,6,True,True
201800007780,NonLethal,Daylight,Yes,NoIntersection,Normal,Other,8,Monday,18,False,False
201800000496,Lethal,Daylight,No,NoIntersection,Normal,Other,7,Tuesday,20,False,False
201800010763,NonLethal,NightNoStreetLight,No,NoIntersection,HeavyRain,Other,2,Wednesday,20,False,False
201800031450,NonLethal,TwilightOrDawn,No,Y-type,Normal,2Vehicles-Side,11,Wednesday,20,False,False
201800045191,NonLethal,Daylight,No,NoIntersection,Normal,2Vehicles-Side,9,Tuesday,13,False,False
201800002312,Lethal,TwilightOrDawn,No,X-type,Normal,NoCollision,5,Monday,20,False,False
201800053078,NonLethal,Daylight,Yes,NoIntersection,Normal,NoCollision,7,Tuesday,13,False,False
201800033649,NonLethal,Daylight,No,NoIntersection,Normal,2Vehicles-Side,10,Friday,15,False,False
201800041723,NonLethal,NightStreelightsOn,Yes,NoIntersection,HeavyRain,Other,2,Tuesday,19,False,False
201800003962,NonLethal,Daylight,Yes,T-type,Normal,2Vehicles-Side,7,Tuesday,8,False,False
201800036169,NonLethal,Daylight,Yes,T-type,Normal,2Vehicles-Side,5,Wednesday,16,False,False
201800050631,NonLethal,Daylight,Yes,T-type,Normal,Other,5,Saturday,10,True,False
201800044737,NonLethal,NightNoStreetLight,No,NoIntersection,Normal,3+Vehicles-Multiple,4,Monday,23,False,False