AccidentId,Gravity,Light,InAgglomeration,IntersectionType,Weather,CollisionType,Month,DayOfWeek,HourOfDay,IsWeekend,IsNight
201800051727,NonLethal,NightStreelightsOn,Yes,MoreThan4Branches,Normal,2Vehicles-Behind,5,Saturday,22,True,False
201800007078,NonLethal,Daylight,No,NoIntersection,Normal,2Vehicles-BehindVehicles-Frontal,1,Saturday,8,True,False
201800013531,NonLethal,NightNoStreetLight,No,NoIntersection,Normal,NoCollision,6,Monday,21,False,False
201800040912,NonLethal,Daylight,Yes,Other,Normal,2Vehicles-Side,7,Monday,15,False,False
201800051314,NonLethal,Daylight,Yes,X-type,Normal,Other,2,Saturday,16,True,False
201800035449,NonLethal,NightStreelightsOn,No,NoIntersection,Normal,2Vehicles-Side,8,Wednesday,5,False,True
201800012701,NonLethal,Daylight,Yes,NoIntersection,Normal,2Vehicles-Side,12,Wednesday,7,False,False
201800012140,NonLethal,Daylight,Yes,Roundabout,Normal,2Vehicles-Side,1,Thursday,12,False,False
201800003331,NonLethal,NightStreelightsOn,Yes,Roundabout,Overcast,Other,11,Sunday,18,True,False
201800013138,NonLethal,NightStreelightsOn,Yes,NoIntersection,Normal,Other,12,Friday,21,False,False
201800002088,NonLethal,NightNoStreetLight,No,NoIntersection,FogOrSmoke,Other,11,Sunday,21,True,False
201800015176,NonLethal,Daylight,Yes,NoIntersection,Normal,NoCollision,8,Wednesday,11,False,False
201800041337,NonLethal,Daylight,Yes,NoIntersection,LightRain,2Vehicles-Behind,3,Tuesday,16,False,False
201800021109,NonLethal,Daylight,No,Roundabout,HeavyRain,2Vehicles-Side,7,Friday,15,False,False
201800037016,NonLethal,NightStreelightsOn,Yes,NoIntersection,Normal,2Vehicles-Behind,11,Wednesday,18,False,False
201800032775,NonLethal,Daylight,No,NoIntersection,LightRain,Other,8,Thursday,15,False,False
201800022212,NonLethal,Daylight,No,NoIntersection,Normal,NoCollision,9,Friday,8,False,False
201800023404,NonLethal,NightStreelightsOn,No,NoIntersection,LightRain,3+Vehicles-Chain,12,Monday,7,False,False
201800032478,NonLethal,NightStreelightsOn,Yes,X-type,Normal,2Vehicles-Side,6,Sunday,1,True,True
201800009495,NonLethal,NightStreelightsOn,Yes,T-type,Normal,2Vehicles-Side,8,Tuesday,22,False,False
201800053068,NonLethal,NightStreelightsOn,Yes,T-type,Normal,Other,7,Saturday,0,True,True
201800026831,NonLethal,Daylight,No,NoIntersection,Normal,2Vehicles-Behind,8,Monday,19,False,False
201800024445,NonLethal,Daylight,Yes,NoIntersection,Normal,Other,10,Friday,8,False,False
201800040045,NonLethal,Daylight,Yes,NoIntersection,Overcast,Other,6,Monday,11,False,False
201800055261,NonLethal,NightStreelightsOn,Yes,NoIntersection,SnowOrHail,NoCollision,2,Tuesday,21,False,False
201800017581,Lethal,Daylight,No,NoIntersection,Normal,NoCollision,7,Saturday,14,True,False
201800011573,NonLethal,Daylight,No,X-type,VeryGood,2Vehicles-BehindVehicles-Frontal,5,Monday,10,False,False
201800046152,NonLethal,Daylight,No,NoIntersection,LightRain,2Vehicles-Side,11,Saturday,18,True,False
201800024967,NonLethal,Daylight,Yes,NoIntersection,Normal,2Vehicles-Side,10,Tuesday,8,False,False
201800026252,NonLethal,Daylight,Yes,NoIntersection,Normal,Other,7,Sunday,12,True,False
201800030091,NonLethal,Daylight,No,NoIntersection,Normal,NoCollision,6,Sunday,16,True,False
201800010889,NonLethal,Daylight,No,NoIntersection,Normal,2Vehicles-BehindVehicles-Frontal,9,Thursday,17,False,False
201800053353,NonLethal,Daylight,Yes,X-type,Normal,2Vehicles-Side,1,Friday,20,False,False
201800041884,NonLethal,NightStreelightsOn,Yes,Other,LightRain,2Vehicles-Side,12,Saturday,22,True,False
201800001140,NonLethal,Daylight,No,X-type,Normal,2Vehicles-Side,6,Saturday,17,True,False
201800047050,NonLethal,NightNoStreetLight,No,NoIntersection,FogOrSmoke,NoCollision,11,Friday,18,False,False
201800026584,NonLethal,Daylight,No,NoIntersection,Normal,3+Vehicles-Chain,9,Tuesday,8,False,False
201800038471,NonLethal,Daylight,Yes,X-type,Normal,2Vehicles-Behind,8,Monday,13,False,False
201800034836,NonLethal,Daylight,Yes,NoIntersection,Normal,2Vehicles-Side,7,Tuesday,18,False,False
201800011744,NonLethal,NightNoStreetLight,No,NoIntersection,Normal,2Vehicles-BehindVehicles-Frontal,7,Friday,22,False,False
201800007577,NonLethal,Daylight,Yes,NoIntersection,Normal,2Vehicles-Side,2,Saturday,15,True,False
201800048341,NonLethal,Daylight,Yes,Roundabout,Normal,2Vehicles-Behind,6,Monday,18,False,False
201800035396,NonLethal,NightStreelightsOn,Yes,Other,Normal,2Vehicles-Side,7,Friday,21,False,False
201800024730,NonLethal,TwilightOrDawn,Yes,X-type,LightRain,2Vehicles-Side,8,Saturday,18,True,False
201800039464,NonLethal,NightStreelightsOn,Yes,NoIntersection,LightRain,Other,2,Tuesday,18,False,False
201800008966,NonLethal,NightStreelightsOn,Yes,NoIntersection,Normal,Other,7,Thursday,23,False,False
201800045564,NonLethal,Daylight,No,NoIntersection,Normal,2Vehicles-Behind,12,Wednesday,10,False,False
201800025215,NonLethal,NightNoStreetLight,Yes,NoIntersection,Normal,NoCollision,1,Friday,20,False,False
201800033601,NonLethal,NightStreelightsOn,Yes,NoIntersection,Normal,Other,12,Saturday,17,True,False
201800008421,NonLethal,Daylight,Yes,T-type,LightRain,2Vehicles-Side,1,Friday,14,False,False
201800051125,NonLethal,Daylight,Yes,Square,Normal,3+Vehicles-Multiple,6,Tuesday,14,False,False
201800009769,NonLethal,NightStreelightsOn,Yes,NoIntersection,Normal,2Vehicles-Side,9,Saturday,21,True,False
201800026738,NonLethal,Daylight,No,NoIntersection,Normal,2Vehicles-Behind,2,Friday,8,False,False
201800013674,NonLethal,Daylight,Yes,NoIntersection,Normal,Other,6,Friday,11,False,False
201800030801,NonLethal,Daylight,Yes,NoIntersection,Normal,2Vehicles-Behind,5,Friday,15,False,False
201800041422,NonLethal,Daylight,No,NoIntersection,LightRain,Other,4,Monday,12,False,False
201800045269,NonLethal,Daylight,No,NoIntersection,Normal,2Vehicles-Side,4,Tuesday,9,False,False
201800020733,NonLethal,TwilightOrDawn,Yes,MoreThan4Branches,Normal,Other,7,Monday,19,False,False
201800008737,NonLethal,Daylight,Yes,T-type,Normal,2Vehicles-Side,3,Monday,18,False,False
201800031140,NonLethal,Daylight,Yes,X-type,Normal,2Vehicles-Side,11,Saturday,14,True,False
201800056249,Lethal,NightNoStreetLight,No,NoIntersection,Normal,2Vehicles-Behind,5,Saturday,5,True,True
201800057199,NonLethal,Daylight,Yes,NoIntersection,Normal,Other,7,Friday,17,False,False
201800020273,NonLethal,Daylight,No,NoIntersection,Normal,NoCollision,6,Monday,15,False,False
201800040357,NonLethal,TwilightOrDawn,Yes,NoIntersection,Normal,Other,10,Saturday,17,True,False
201800021838,NonLethal,NightNoStreetLight,No,NoIntersection,Normal,2Vehicles-BehindVehicles-Frontal,8,Sunday,1,True,True
201800050833,NonLethal,TwilightOrDawn,Yes,X-type,Normal,2Vehicles-Side,2,Tuesday,8,False,False
201800044665,NonLethal,TwilightOrDawn,No,Other,LightRain,2Vehicles-Behind,3,Wednesday,7,False,False
201800044803,NonLethal,Daylight,No,NoIntersection,Normal,2Vehicles-Behind,4,Sunday,14,True,False
201800008796,NonLethal,Daylight,Yes,Y-type,Normal,2Vehicles-Side,4,Thursday,17,False,False
201800016088,NonLethal,Daylight,Yes,NoIntersection,Normal,Other,6,Thursday,14,False,False
201800041938,NonLethal,NightStreelightsOn,Yes,Roundabout,LightRain,Other,1,Thursday,0,False,True
201800000335,NonLethal,TwilightOrDawn,No,NoIntersection,LightRain,2Vehicles-BehindVehicles-Frontal,1,Tuesday,16,False,False
201800026041,NonLethal,Daylight,Yes,X-type,VeryGood,2Vehicles-Side,9,Tuesday,18,False,False
201800011148,NonLethal,Daylight,Yes,NoIntersection,LightRain,Other,10,Wednesday,15,False,False
201800035629,NonLethal,NightStreelightsOn,Yes,Square,Normal,2Vehicles-Side,8,Saturday,20,True,False
201800014039,NonLethal,Daylight,Yes,NoIntersection,Normal,Other,10,Tuesday,18,False,False
201800016243,NonLethal,Daylight,No,NoIntersection,Normal,2Vehicles-Behind,6,Sunday,15,True,False
201800000523,NonLethal,Daylight,No,NoIntersection,Normal,Other,8,Friday,18,False,False
201800038836,NonLethal,Daylight,Yes,X-type,Normal,2Vehicles-Side,7,Monday,19,False,False
201800018586,NonLethal,Daylight,Yes,Roundabout,LightRain,NoCollision,11,Friday,9,False,False
201800031768,NonLethal,Daylight,Yes,NoIntersection,Normal,2Vehicles-Side,7,Friday,15,False,False
201800020220,NonLethal,Daylight,No,NoIntersection,Normal,Other,7,Sunday,14,True,False
201800016873,NonLethal,Daylight,No,X-type,Normal,2Vehicles-Side,8,Saturday,18,True,False
201800039387,NonLethal,Daylight,Yes,NoIntersection,Normal,3+Vehicles-Multiple,6,Thursday,16,False,False
201800046274,NonLethal,Daylight,No,NoIntersection,Normal,2Vehicles-Side,12,Thursday,9,False,False
201800040153,NonLethal,Daylight,Yes,X-type,Normal,3+Vehicles-Chain,1,Thursday,16,False,False
201800027949,NonLethal,Daylight,Yes,NoIntersection,Normal,Other,12,Sunday,10,True,False
201800008475,NonLethal,Daylight,Yes,NoIntersection,Overcast,2Vehicles-Behind,2,Tuesday,16,False,False
201800033366,NonLethal,Daylight,Yes,T-type,Normal,Other,4,Tuesday,11,False,False
201800048360,NonLethal,Daylight,Yes,NoIntersection,Normal,2Vehicles-BehindVehicles-Frontal,6,Monday,11,False,False
201800037369,NonLethal,Daylight,Yes,T-type,LightRain,NoCollision,8,Monday,9,False,False
201800057716,NonLethal,TwilightOrDawn,Yes,NoIntersection,Normal,Other,9,Friday,6,False,True
201800005929,NonLethal,NightStreelightsOn,No,NoIntersection,Normal,2Vehicles-BehindVehicles-Frontal,12,Saturday,5,True,True
201800027988,NonLethal,Daylight,Yes,T-type,Normal,Other,4,Wednesday,7,False,False
201800031077,NonLethal,Daylight,Yes,NoIntersection,LightRain,3+Vehicles-Chain,10,Wednesday,14,False,False
201800002342,NonLethal,Daylight,No,NoIntersection,Normal,NoCollision,3,Saturday,11,True,False
201800009387,NonLethal,Daylight,Yes,NoIntersection,Normal,3+Vehicles-Multiple,7,Tuesday,9,False,False
201800011249,Lethal,Daylight,No,NoIntersection,LightRain,2Vehicles-BehindVehicles-Frontal,10,Thursday,15,False,False
201800051335,NonLethal,Daylight,Yes,T-type,Normal,Other,4,Sunday,15,True,False
201800001653,NonLethal,Daylight,No,NoIntersection,Normal,Other,12,Friday,16,False,False
201800014027,NonLethal,Daylight,Yes,X-type,Normal,2Vehicles-Side,4,Monday,19,False,False
201800001897,NonLethal,Daylight,Yes,X-type,Overcast,2Vehicles-Side,3,Tuesday,11,False,False
201800030703,NonLethal,NightStreelightsOn,Yes,NoIntersection,Normal,Other,10,Wednesday,23,False,False
201800025484,NonLethal,NightStreelightsOn,Yes,T-type,Normal,2Vehicles-Behind,8,Thursday,20,False,False
201800046965,NonLethal,Daylight,No,NoIntersection,Normal,NoCollision,10,Tuesday,16,False,False
201800030741,NonLethal,TwilightOrDawn,Yes,NoIntersection,LightRain,2Vehicles-BehindVehicles-Frontal,5,Wednesday,18,False,False
201800007079,NonLethal,Daylight,Yes,NoIntersection,Normal,2Vehicles-BehindVehicles-Frontal,7,Friday,15,False,False
201800026236,NonLethal,NightStreelightsOn,Yes,X-type,Normal,2Vehicles-Side,12,Tuesday,18,False,False
201800053324,NonLethal,NightStreelightsOn,Yes,X-type,Normal,2Vehicles-Side,4,Saturday,22,True,False
201800009143,NonLethal,NightStreelightsOn,Yes,NoIntersection,Normal,2Vehicles-Behind,9,Thursday,3,False,True
201800042335,NonLethal,Daylight,Yes,Other,Normal,2Vehicles-Side,7,Saturday,18,True,False
201800006333,NonLethal,Daylight,No,NoIntersection,Normal,2Vehicles-Behind,12,Monday,16,False,False
201800043839,Lethal,NightNoStreetLight,No,Other,Normal,3+Vehicles-Chain,2,Sunday,5,True,True
201800024731,NonLethal,Daylight,No,NoIntersection,LightRain,2Vehicles-Side,10,Thursday,8,False,False
201800057402,NonLethal,NightNoStreetLight,No,NoIntersection,Normal,Other,2,Wednesday,22,False,False
201800004794,NonLethal,Daylight,No,NoIntersection,SnowOrHail,Other,3,Thursday,10,False,False
201800038847,NonLethal,Daylight,Yes,Y-type,Normal,Other,9,Monday,7,False,False
201800047921,NonLethal,Daylight,No,NoIntersection,Normal,Other,5,Saturday,9,True,False
201800006378,NonLethal,Daylight,Yes,NoIntersection,Normal,Other,4,Thursday,13,False,False
201800039640,NonLethal,Daylight,Yes,NoIntersection,Normal,2Vehicles-Behind,6,Wednesday,12,False,False
201800023820,NonLethal,Daylight,No,NoIntersection,Normal,NoCollision,6,Sunday,11,True,False
201800029952,NonLethal,Daylight,Yes,X-type,Normal,2Vehicles-Side,4,Friday,8,False,False
201800025021,NonLethal,Daylight,No,NoIntersection,Normal,2Vehicles-Behind,11,Monday,8,False,False
201800003611,Lethal,TwilightOrDawn,No,NoIntersection,Normal,NoCollision,8,Tuesday,5,False,True
201800003723,NonLethal,Daylight,Yes,NoIntersection,Normal,2Vehicles-Side,6,Tuesday,19,False,False
201800053635,NonLethal,NightStreelightsOn,Yes,T-type,Normal,Other,12,Friday,3,False,True
201800020306,NonLethal,Daylight,Yes,Y-type,Normal,2Vehicles-Side,10,Monday,7,False,False
201800039134,NonLethal,Daylight,Yes,T-type,Normal,NoCollision,4,Saturday,17,True,False
201800036224,NonLethal,NightNoStreetLight,No,T-type,Normal,2Vehicles-Side,4,Wednesday,7,False,False
201800030412,NonLethal,Daylight,Yes,Roundabout,Normal,2Vehicles-Side,7,Monday,12,False,False
201800040316,NonLethal,NightStreelightsOn,Yes,NoIntersection,HeavyRain,2Vehicles-Side,5,Tuesday,21,False,False
201800002984,NonLethal,Daylight,No,NoIntersection,Normal,NoCollision,7,Thursday,20,False,False
201800047427,NonLethal,NightStreelightsOn,Yes,NoIntersection,LightRain,2Vehicles-Behind,3,Wednesday,23,False,False
201800039012,NonLethal,Daylight,Yes,NoIntersection,Normal,2Vehicles-Behind,5,Tuesday,10,False,False
201800009726,NonLethal,Daylight,Yes,T-type,Normal,2Vehicles-Behind,9,Monday,18,False,False
201800026181,NonLethal,Daylight,Yes,NoIntersection,Normal,2Vehicles-Side,4,Friday,16,False,False
201800034193,NonLethal,Daylight,No,NoIntersection,Normal,2Vehicles-Behind,8,Saturday,17,True,False
201800027213,NonLethal,Daylight,Yes,Roundabout,Normal,NoCollision,3,Saturday,9,True,False
201800053506,NonLethal,Daylight,Yes,X-type,Normal,Other,9,Friday,14,False,False
201800008002,NonLethal,NightNoStreetLight,No,NoIntersection,HeavyRain,Other,12,Sunday,19,True,False
201800055600,NonLethal,NightStreelightsOn,Yes,Y-type,Normal,Other,9,Friday,0,False,True
201800055862,NonLethal,Daylight,No,NoIntersection,Normal,2Vehicles-BehindVehicles-Frontal,3,Sunday,12,True,False
201800029728,NonLethal,Daylight,Yes,X-type,Normal,2Vehicles-Side,10,Monday,16,False,False
201800052719,NonLethal,Daylight,Yes,Square,Normal,2Vehicles-Behind,5,Friday,7,False,False
201800037048,NonLethal,Daylight,Yes,NoIntersection,Normal,2Vehicles-Side,6,Thursday,20,False,False
201800045034,NonLethal,Daylight,No,NoIntersection,Normal,2Vehicles-Behind,7,Monday,11,False,False
201800005005,NonLethal,Daylight,No,T-type,VeryGood,2Vehicles-Side,9,Wednesday,16,False,False
201800003943,Lethal,NightNoStreetLight,No,NoIntersection,Normal,2Vehicles-BehindVehicles-Frontal,4,Friday,22,False,False
201800014462,Lethal,Daylight,No,NoIntersection,Normal,Other,4,Saturday,18,True,False
201800002684,NonLethal,NightNoStreetLight,No,X-type,LightRain,NoCollision,7,Thursday,17,False,False
201800001295,Lethal,Daylight,No,NoIntersection,Normal,Other,7,Saturday,20,True,False
201800023188,NonLethal,Daylight,Yes,X-type,Normal,2Vehicles-Side,8,Thursday,15,False,False
201800003522,NonLethal,NightStreelightsOn,Yes,NoIntersection,LightRain,Other,11,Sunday,1,True,True
201800012175,NonLethal,Daylight,No,NoIntersection,Normal,2Vehicles-BehindVehicles-Frontal,8,Thursday,10,False,False
201800056786,NonLethal,TwilightOrDawn,No,NoIntersection,Normal,2Vehicles-Behind,5,Thursday,4,False,True
201800019288,NonLethal,Daylight,No,NoIntersection,Normal,2Vehicles-BehindVehicles-Frontal,5,Monday,6,False,True
201800048186,NonLethal,NightStreelightsOn,Yes,X-type,Normal,2Vehicles-Side,4,Friday,23,False,False
201800026730,NonLethal,NightStreelightsOn,Yes,NoIntersection,Normal,Other,1,Tuesday,22,False,False
201800056868,NonLethal,Daylight,Yes,NoIntersection,Normal,2Vehicles-Side,3,Tuesday,12,False,False
201800024243,NonLethal,Daylight,Yes,T-type,Normal,Other,1,Monday,12,False,False
201800012434,Lethal,Daylight,No,NoIntersection,Normal,2Vehicles-Behind,7,Tuesday,14,False,False
201800042284,NonLethal,Daylight,Yes,T-type,Normal,NoCollision,5,Wednesday,18,False,False
201800054022,NonLethal,Daylight,Yes,NoIntersection,Normal,2Vehicles-Side,2,Thursday,9,False,False
201800037276,NonLethal,Daylight,Yes,NoIntersection,Normal,Other,9,Thursday,18,False,False
201800041396,NonLethal,Daylight,Yes,Roundabout,Normal,2Vehicles-Side,2,Saturday,15,True,False
201800049722,NonLethal,Daylight,No,NoIntersection,Overcast,2Vehicles-Side,6,Sunday,9,True,False
201800021042,NonLethal,Daylight,Yes,Other,Normal,2Vehicles-Side,4,Tuesday,18,False,False
201800018442,NonLethal,Daylight,No,NoIntersection,Normal,Other,11,Friday,10,False,False
201800044762,NonLethal,Daylight,No,NoIntersection,Normal,2Vehicles-Behind,4,Thursday,10,False,False
201800033653,NonLethal,NightNoStreetLight,No,NoIntersection,Normal,NoCollision,9,Sunday,22,True,False
201800042285,NonLethal,Daylight,Yes,X-type,Normal,2Vehicles-Side,5,Wednesday,12,False,False
201800026577,NonLethal,Daylight,Yes,X-type,Normal,2Vehicles-Side,8,Thursday,8,False,False
201800005404,NonLethal,Daylight,Yes,NoIntersection,Normal,Other,6,Saturday,17,True,False
201800013214,NonLethal,Daylight,No,NoIntersection,LightRain,3+Vehicles-Chain,12,Tuesday,11,False,False
201800017676,NonLethal,Daylight,No,NoIntersection,Overcast,NoCollision,4,Thursday,8,False,False
201800016954,NonLethal,Daylight,Yes,T-type,VeryGood,2Vehicles-Side,7,Thursday,15,False,False
201800014313,NonLethal,Daylight,Yes,X-type,Normal,2Vehicles-Side,4,Monday,11,False,False
201800005332,NonLethal,Daylight,Yes,NoIntersection,Normal,2Vehicles-Behind,2,Thursday,8,False,False
201800020852,NonLethal,Daylight,Yes,Roundabout,Normal,NoCollision,10,Sunday,12,True,False
201800012952,NonLethal,Daylight,No,NoIntersection,Normal,NoCollision,5,Friday,16,False,False
201800023344,NonLethal,Daylight,Yes,NoIntersection,Normal,Other,12,Tuesday,14,False,False
201800030027,NonLethal,Daylight,Yes,X-type,Normal,2Vehicles-Side,4,Thursday,12,False,False
201800026079,NonLethal,Daylight,Yes,NoIntersection,LightRain,Other,1,Friday,11,False,False
201800045600,NonLethal,TwilightOrDawn,No,NoIntersection,LightRain,Other,12,Sunday,18,True,False
201800052730,NonLethal,Daylight,Yes,Y-type,LightRain,Other,5,Tuesday,18,False,False
201800005329,NonLethal,TwilightOrDawn,No,NoIntersection,StrongWindOrStorm,Other,1,Wednesday,7,False,False
201800025630,NonLethal,NightNoStreetLight,Yes,T-type,LightRain,Other,7,Thursday,17,False,False
201800031323,NonLethal,Daylight,Yes,NoIntersection,Normal,2Vehicles-Behind,10,Tuesday,9,False,False
201800040022,NonLethal,NightStreelightsOn,Yes,NoIntersection,Normal,2Vehicles-Behind,11,Wednesday,0,False,True
201800007646,NonLethal,NightNoStreetLight,No,NoIntersection,LightRain,NoCollision,7,Saturday,3,True,True
201800044265,NonLethal,Daylight,No,NoIntersection,Normal,Other,9,Thursday,17,False,False
201800028062,NonLethal,NightStreelightsOn,Yes,X-type,Normal,2Vehicles-Side,10,Sunday,23,True,False
201800026399,NonLethal,Daylight,Yes,NoIntersection,Normal,3+Vehicles-Chain,8,Saturday,12,True,False
201800018700,Lethal,Daylight,Yes,NoIntersection,Normal,Other,10,Friday,17,False,False
201800000049,NonLethal,Daylight,Yes,NoIntersection,Normal,Other,1,Tuesday,12,False,False
201800009328,NonLethal,Daylight,Yes,NoIntersection,Normal,NoCollision,7,Sunday,19,True,False
201800026527,NonLethal,Daylight,Yes,NoIntersection,Normal,NoCollision,3,Tuesday,10,False,False
201800023911,NonLethal,Daylight,Yes,Roundabout,Normal,2Vehicles-Side,12,Wednesday,19,False,False
201800015907,NonLethal,Daylight,Yes,X-type,Normal,2Vehicles-Side,6,Monday,8,False,False
201800024934,NonLethal,NightStreelightsOn,Yes,T-type,Normal,NoCollision,10,Monday,20,False,False
201800017552,NonLethal,Daylight,Yes,NoIntersection,Normal,2Vehicles-Behind,6,Sunday,18,True,False
201800040261,NonLethal,NightStreelightsOn,Yes,Other,Normal,2Vehicles-Side,12,Saturday,1,True,True
201800041296,NonLethal,NightNoStreetLight,No,NoIntersection,Normal,3+Vehicles-Multiple,10,Wednesday,1,False,True
201800004575,NonLethal,Daylight,No,NoIntersection,VeryGood,2Vehicles-Side,4,Sunday,19,True,False
201800036809,NonLethal,Daylight,Yes,NoIntersection,Normal,Other,3,Friday,18,False,False
201800004369,NonLethal,Daylight,No,NoIntersection,Normal,NoCollision,9,Sunday,11,True,False
201800055204,NonLethal,NightStreelightsOn,Yes,X-type,Normal,Other,9,Wednesday,2,False,True
201800034585,NonLethal,Daylight,Yes,NoIntersection,LightRain,2Vehicles-Behind,1,Monday,15,False,False
201800038186,NonLethal,Daylight,Yes,NoIntersection,LightRain,Other,2,Tuesday,16,False,False
201800043884,NonLethal,Daylight,No,NoIntersection,Normal,2Vehicles-Side,3,Thursday,8,False,False
201800034525,NonLethal,Daylight,No,Other,VeryGood,Other,6,Tuesday,7,False,False
201800030989,NonLethal,Daylight,Yes,NoIntersection,Normal,2Vehicles-Side,3,Thursday,11,False,False
201800027661,NonLethal,NightNoStreetLight,No,NoIntersection,Normal,3+Vehicles-Chain,3,Monday,18,False,False
201800028254,NonLethal,Daylight,No,NoIntersection,Normal,2Vehicles-BehindVehicles-Frontal,7,Wednesday,15,False,False
201800054518,NonLethal,Daylight,Yes,Square,Normal,2Vehicles-Side,9,Sunday,14,True,False
201800034560,NonLethal,NightNoStreetLight,Yes,Y-type,Normal,2Vehicles-BehindVehicles-Frontal,8,Friday,23,False,False
201800053006,NonLethal,Daylight,Yes,Y-type,Normal,Other,5,Friday,8,False,False
201800014320,NonLethal,TwilightOrDawn,Yes,Y-type,Normal,2Vehicles-Side,11,Friday,7,False,False
201800020775,NonLethal,NightStreelightsOn,Yes,Roundabout,FogOrSmoke,Other,10,Wednesday,1,False,True
201800042026,NonLethal,Daylight,Yes,Roundabout,Normal,Other,9,Wednesday,12,False,False
201800024484,NonLethal,NightStreelightsOn,Yes,NoIntersection,LightRain,Other,10,Monday,17,False,False
201800040534,NonLethal,NightStreelightsOn,Yes,NoIntersection,Normal,2Vehicles-Behind,7,Sunday,22,True,False
201800007955,NonLethal,TwilightOrDawn,Yes,NoIntersection,Normal,2Vehicles-Behind,10,Monday,20,False,False
201800030975,NonLethal,Daylight,Yes,NoIntersection,Normal,2Vehicles-Behind,1,Monday,11,False,False
201800035602,NonLethal,Daylight,Yes,NoIntersection,Normal,2Vehicles-Behind,9,Tuesday,14,False,False
201800036795,NonLethal,NightStreelightsOn,Yes,NoIntersection,Normal,Other,1,Wednesday,18,False,False
201800031850,NonLethal,Daylight,Yes,T-type,Normal,Other,7,Tuesday,12,False,False
201800005816,NonLethal,NightStreelightsOn,Yes,NoIntersection,LightRain,2Vehicles-Behind,7,Tuesday,20,False,False
201800011549,NonLethal,Daylight,No,NoIntersection,Normal,NoCollision,5,Thursday,12,False,False
201800025294,NonLethal,Daylight,No,NoIntersection,Normal,NoCollision,4,Friday,20,False,False
201800009835,NonLethal,Daylight,Yes,NoIntersection,Normal,Other,3,Saturday,8,True,False
201800022636,NonLethal,NightNoStreetLight,No,NoIntersection,Normal,Other,12,Monday,16,False,False
201800042492,NonLethal,Daylight,Yes,NoIntersection,Normal,Other,8,Monday,17,False,False
201800003509,NonLethal,Daylight,Yes,NoIntersection,Normal,Other,1,Saturday,11,True,False
201800040363,NonLethal,TwilightOrDawn,Yes,NoIntersection,Normal,2Vehicles-Side,11,Wednesday,7,False,False
201800009000,NonLethal,Daylight,Yes,NoIntersection,Normal,Other,5,Tuesday,15,False,False
201800036030,NonLethal,Daylight,Yes,NoIntersection,LightRain,2Vehicles-Behind,3,Wednesday,18,False,False
201800039337,NonLethal,Daylight,Yes,NoIntersection,LightRain,2Vehicles-Behind,1,Friday,9,False,False
201800000338,NonLethal,Daylight,No,NoIntersection,Normal,2Vehicles-Side,5,Tuesday,20,False,False
201800019507,NonLethal,Daylight,Yes,Roundabout,Normal,2Vehicles-Behind,7,Monday,18,False,False
201800057235,NonLethal,Daylight,Yes,X-type,LightRain,2Vehicles-Side,12,Wednesday,17,False,False
201800030931,NonLethal,Daylight,Yes,NoIntersection,Overcast,3+Vehicles-Chain,11,Tuesday,16,False,False
201800027358,NonLethal,Daylight,Yes,NoIntersection,Normal,Other,6,Monday,7,False,False
201800018610,NonLethal,Daylight,No,X-type,Normal,2Vehicles-Side,8,Wednesday,12,False,False
201800029830,Lethal,Daylight,No,NoIntersection,Normal,NoCollision,4,Wednesday,14,False,False
201800024394,NonLethal,Daylight,Yes,NoIntersection,Normal,2Vehicles-Behind,8,Monday,16,False,False
201800050863,NonLethal,NightStreelightsOn,Yes,Square,LightRain,2Vehicles-Side,12,Tuesday,22,False,False
201800032880,NonLethal,Daylight,Yes,NoIntersection,Normal,Other,8,Sunday,6,True,True
201800037173,NonLethal,Daylight,Yes,X-type,Normal,2Vehicles-Side,9,Thursday,9,False,False
201800040621,NonLethal,Daylight,Yes,T-type,Normal,3+Vehicles-Chain,9,Monday,10,False,False
201800034729,NonLethal,Daylight,No,NoIntersection,Normal,2Vehicles-Behind,8,Monday,11,False,False
201800030160,NonLethal,NightNoStreetLight,No,NoIntersection,Normal,Other,8,Friday,23,False,False
201800046088,NonLethal,Daylight,No,NoIntersection,Normal,3+Vehicles-Chain,9,Sunday,18,True,False
201800001496,NonLethal,Daylight,No,NoIntersection,VeryGood,2Vehicles-Side,9,Friday,16,False,False
201800002119,NonLethal,NightNoStreetLight,No,NoIntersection,Normal,NoCollision,7,Wednesday,2,False,True
201800021386,NonLethal,Daylight,Yes,NoIntersection,LightRain,2Vehicles-Side,1,Monday,13,False,False
201800020646,NonLethal,Daylight,No,Other,Normal,2Vehicles-Behind,4,Wednesday,14,False,False
201800028943,NonLethal,Daylight,Yes,NoIntersection,Normal,Other,9,Friday,15,False,False
201800000470,NonLethal,NightNoStreetLight,No,NoIntersection,Normal,2Vehicles-Side,10,Thursday,17,False,False
201800056830,NonLethal,Daylight,Yes,NoIntersection,Normal,Other,1,Thursday,15,False,False
201800022492,NonLethal,Daylight,Yes,NoIntersection,Normal,NoCollision,5,Wednesday,16,False,False
201800051796,NonLethal,Daylight,Yes,Y-type,Normal,Other,8,Sunday,13,True,False
201800021619,Lethal,Daylight,No,NoIntersection,Normal,NoCollision,12,Monday,15,False,False
201800031070,NonLethal,Daylight,No,NoIntersection,Normal,2Vehicles-BehindVehicles-Frontal,5,Thursday,19,False,False
201800007716,NonLethal,NightStreelightsOn,No,NoIntersection,Normal,Other,8,Thursday,23,False,False