AccidentId,Gravity,Light,InAgglomeration,IntersectionType,Weather,CollisionType,Month,DayOfWeek,HourOfDay,IsWeekend,IsNight
201800054994,NonLethal,NightStreelightsOn,Yes,T-type,Normal,2Vehicles-Side,4,Friday,2,False,True
201800003732,Lethal,Daylight,Yes,NoIntersection,Normal,Other,9,Sunday,11,True,False
201800033785,NonLethal,Daylight,Yes,NoIntersection,Normal,Other,1,Saturday,13,True,False
201800016043,NonLethal,Daylight,No,NoIntersection,Overcast,2Vehicles-Behind,1,Sunday,9,True,False
201800051888,NonLethal,NightStreelightsOn,Yes,NoIntersection,Normal,NoCollision,12,Monday,19,False,False
201800027804,NonLethal,NightStreelightsOn,Yes,NoIntersection,Normal,Other,11,Saturday,22,True,False
201800003773,NonLethal,Daylight,Yes,NoIntersection,LightRain,2Vehicles-Side,6,Saturday,17,True,False
201800019172,NonLethal,NightNoStreetLight,No,NoIntersection,Overcast,2Vehicles-Side,12,Wednesday,18,False,False
201800036915,NonLethal,Daylight,Yes,NoIntersection,Normal,Other,8,Saturday,13,True,False
201800002128,NonLethal,Daylight,No,NoIntersection,VeryGood,2Vehicles-Behind,7,Sunday,11,True,False
201800026575,NonLethal,Daylight,Yes,NoIntersection,Normal,Other,8,Thursday,17,False,False
201800053101,NonLethal,Daylight,Yes,NoIntersection,Normal,Other,8,Friday,16,False,False
201800057533,NonLethal,NightStreelightsOn,Yes,Other,Normal,Other,10,Wednesday,22,False,False
201800054115,NonLethal,Daylight,Yes,T-type,LightRain,2Vehicles-Side,6,Wednesday,17,False,False
201800021868,NonLethal,Daylight,No,X-type,Normal,2Vehicles-Side,1,Wednesday,11,False,False
201800053712,NonLethal,NightStreelightsOn,Yes,T-type,Normal,3+Vehicles-Chain,3,Saturday,20,True,False
201800020236,NonLethal,Daylight,Yes,T-type,Normal,2Vehicles-Side,4,Thursday,9,False,False
201800006064,NonLethal,NightNoStreetLight,No,NoIntersection,Normal,2Vehicles-Behind,11,Tuesday,3,False,True
201800013110,NonLethal,NightNoStreetLight,Yes,NoIntersection,HeavyRain,2Vehicles-BehindVehicles-Frontal,5,Monday,21,False,False
201800024663,NonLethal,Daylight,Yes,X-type,Normal,2Vehicles-Side,2,Wednesday,14,False,False
201800049898,NonLethal,NightNoStreetLight,No,NoIntersection,Normal,Other,6,Tuesday,22,False,False
201800009016,NonLethal,NightNoStreetLight,Yes,X-type,Normal,2Vehicles-Side,5,Friday,0,False,True
201800054161,NonLethal,NightStreelightsOn,Yes,X-type,Normal,Other,7,Monday,3,False,True
201800052489,NonLethal,Daylight,Yes,X-type,Normal,Other,1,Monday,14,False,False
201800030140,NonLethal,Daylight,No,X-type,Normal,2Vehicles-Side,5,Sunday,10,True,False
201800038529,NonLethal,Daylight,Yes,NoIntersection,LightRain,2Vehicles-Side,11,Thursday,13,False,False
201800056725,NonLethal,Daylight,Yes,Y-type,Normal,2Vehicles-BehindVehicles-Frontal,9,Wednesday,15,False,False
201800029447,NonLethal,NightStreelightsOn,Yes,NoIntersection,LightRain,3+Vehicles-Multiple,1,Monday,0,False,True
201800020325,NonLethal,Daylight,No,NoIntersection,Normal,Other,8,Sunday,15,True,False
201800037585,NonLethal,Daylight,Yes,NoIntersection,Normal,2Vehicles-Behind,4,Wednesday,19,False,False
201800048116,NonLethal,Daylight,Yes,NoIntersection,Normal,2Vehicles-Side,3,Saturday,18,True,False
201800025610,NonLethal,NightStreelightsOn,Yes,NoIntersection,Normal,2Vehicles-Behind,11,Wednesday,20,False,False
201800018347,NonLethal,Daylight,No,NoIntersection,Normal,2Vehicles-BehindVehicles-Frontal,4,Saturday,8,True,False
201800011347,NonLethal,Daylight,No,X-type,Normal,2Vehicles-Side,4,Saturday,11,True,False
201800041501,NonLethal,Daylight,Yes,NoIntersection,Normal,Other,10,Sunday,13,True,False
201800008425,NonLethal,Daylight,Yes,T-type,Normal,2Vehicles-Side,1,Monday,15,False,False
201800031112,NonLethal,Daylight,Yes,X-type,Normal,2Vehicles-Side,2,Wednesday,14,False,False
201800023582,NonLethal,Daylight,No,NoIntersection,Normal,NoCollision,6,Tuesday,7,False,False
201800052766,NonLethal,Daylight,Yes,Square,Normal,2Vehicles-Side,6,Tuesday,9,False,False
201800000259,NonLethal,Daylight,Yes,Roundabout,Normal,2Vehicles-Side,3,Monday,16,False,False
201800048523,NonLethal,NightStreelightsOn,Yes,T-type,Normal,2Vehicles-Side,9,Monday,5,False,True
201800039578,NonLethal,Daylight,Yes,Y-type,VeryGood,Other,9,Saturday,12,True,False
201800034874,NonLethal,Daylight,Yes,NoIntersection,Normal,2Vehicles-Side,5,Thursday,18,False,False
201800000300,NonLethal,NightStreelightsOn,Yes,NoIntersection,Normal,NoCollision,10,Monday,6,False,True
201800003472,NonLethal,NightNoStreetLight,No,T-type,Normal,2Vehicles-Side,7,Sunday,23,True,False
201800055256,NonLethal,Daylight,Yes,NoIntersection,HeavyRain,2Vehicles-Behind,2,Saturday,15,True,False
201800054570,NonLethal,Daylight,Yes,T-type,Normal,Other,10,Sunday,13,True,False
201800002865,Lethal,Daylight,No,NoIntersection,Normal,2Vehicles-BehindVehicles-Frontal,5,Monday,14,False,False
201800001935,NonLethal,Daylight,Yes,NoIntersection,LightRain,2Vehicles-BehindVehicles-Frontal,1,Saturday,16,True,False
201800018606,NonLethal,Daylight,No,NoIntersection,Normal,Other,1,Friday,15,False,False
201800013270,NonLethal,Daylight,Yes,X-type,Normal,2Vehicles-Side,5,Saturday,11,True,False
201800004961,NonLethal,Daylight,Yes,NoIntersection,Normal,2Vehicles-Side,5,Wednesday,11,False,False
201800012661,NonLethal,Daylight,No,NoIntersection,Normal,NoCollision,4,Saturday,17,True,False
201800020984,NonLethal,Daylight,Yes,NoIntersection,Normal,2Vehicles-BehindVehicles-Frontal,6,Tuesday,15,False,False
201800003505,NonLethal,Daylight,Yes,Square,Normal,Other,9,Sunday,14,True,False
201800031874,NonLethal,Daylight,Yes,NoIntersection,Normal,Other,8,Saturday,17,True,False
201800004198,NonLethal,Daylight,Yes,Other,LightRain,2Vehicles-Side,11,Saturday,14,True,False
201800017196,NonLethal,Daylight,No,NoIntersection,Normal,Other,7,Monday,9,False,False
201800053207,NonLethal,NightStreelightsOn,Yes,NoIntersection,Normal,2Vehicles-Side,7,Thursday,19,False,False
201800004513,NonLethal,Daylight,Yes,Roundabout,Normal,2Vehicles-Behind,9,Sunday,17,True,False
201800036535,NonLethal,NightStreelightsOn,Yes,NoIntersection,Normal,2Vehicles-Side,5,Thursday,1,False,True
201800002121,NonLethal,NightNoStreetLight,No,NoIntersection,Normal,2Vehicles-BehindVehicles-Frontal,8,Tuesday,2,False,True
201800008212,NonLethal,Daylight,Yes,T-type,Normal,2Vehicles-Side,4,Friday,17,False,False
201800040992,NonLethal,NightStreelightsOn,Yes,NoIntersection,LightRain,2Vehicles-Side,12,Wednesday,17,False,False
201800020432,NonLethal,NightNoStreetLight,No,NoIntersection,Normal,Other,10,Tuesday,6,False,True
201800048110,NonLethal,Daylight,Yes,NoIntersection,SnowOrHail,3+Vehicles-Multiple,1,Wednesday,8,False,False
201800030852,NonLethal,Daylight,Yes,NoIntersection,Normal,2Vehicles-Side,8,Thursday,8,False,False
201800022131,NonLethal,Daylight,Yes,X-type,LightRain,2Vehicles-Side,10,Wednesday,8,False,False
201800031918,NonLethal,Daylight,Yes,NoIntersection,VeryGood,Other,11,Friday,8,False,False
201800056265,NonLethal,Daylight,No,T-type,Normal,2Vehicles-Side,9,Thursday,8,False,False
201800044480,NonLethal,NightNoStreetLight,No,NoIntersection,Normal,2Vehicles-Behind,12,Tuesday,2,False,True
201800045295,NonLethal,Daylight,No,NoIntersection,Normal,NoCollision,7,Tuesday,16,False,False
201800028807,NonLethal,Daylight,No,NoIntersection,LightRain,Other,9,Sunday,12,True,False
201800030493,NonLethal,Daylight,No,NoIntersection,Normal,Other,6,Wednesday,20,False,False
201800042382,NonLethal,NightStreelightsOn,Yes,NoIntersection,Normal,Other,9,Sunday,1,True,True
201800025255,NonLethal,Daylight,Yes,NoIntersection,Normal,Other,3,Tuesday,18,False,False
201800010011,NonLethal,Daylight,Yes,NoIntersection,Normal,2Vehicles-Behind,10,Tuesday,13,False,False
201800024582,NonLethal,Daylight,Yes,Roundabout,Normal,2Vehicles-Side,8,Thursday,7,False,False
201800007104,NonLethal,Daylight,Yes,NoIntersection,Normal,Other,5,Wednesday,10,False,False
201800053429,NonLethal,Daylight,Yes,NoIntersection,Normal,2Vehicles-Behind,1,Sunday,14,True,False
201800038401,NonLethal,Daylight,Yes,NoIntersection,Normal,Other,10,Monday,13,False,False
201800040254,NonLethal,Daylight,No,NoIntersection,Overcast,Other,12,Wednesday,8,False,False
201800026706,NonLethal,NightStreelightsOn,Yes,Other,Normal,2Vehicles-Side,11,Friday,19,False,False
201800004686,NonLethal,Daylight,Yes,NoIntersection,Normal,2Vehicles-Behind,7,Friday,17,False,False
201800037761,NonLethal,Daylight,Yes,X-type,Normal,Other,1,Tuesday,17,False,False
201800009771,NonLethal,NightStreelightsOn,Yes,NoIntersection,Normal,2Vehicles-Behind,9,Sunday,1,True,True
201800038588,NonLethal,Daylight,Yes,Square,Normal,2Vehicles-BehindVehicles-Frontal,6,Wednesday,16,False,False
201800023262,NonLethal,NightStreelightsOn,Yes,NoIntersection,Normal,Other,9,Wednesday,22,False,False
201800047624,NonLethal,NightStreelightsOn,Yes,NoIntersection,Normal,Other,8,Monday,23,False,False
201800008153,NonLethal,NightStreelightsOn,No,NoIntersection,Normal,2Vehicles-Side,3,Thursday,20,False,False
201800006181,NonLethal,NightStreelightsOn,No,Other,LightRain,Other,4,Monday,21,False,False
201800016822,NonLethal,Daylight,Yes,X-type,LightRain,Other,5,Wednesday,16,False,False
201800049016,NonLethal,NightStreelightsOn,No,NoIntersection,Normal,2Vehicles-Side,9,Friday,20,False,False
201800015534,NonLethal,NightStreelightsOn,No,NoIntersection,Normal,Other,9,Friday,23,False,False
201800031780,NonLethal,Daylight,Yes,NoIntersection,Normal,Other,6,Friday,9,False,False
201800031912,NonLethal,Daylight,Yes,T-type,Normal,2Vehicles-Side,9,Saturday,16,True,False
201800029586,NonLethal,NightNoStreetLight,No,NoIntersection,Normal,3+Vehicles-Multiple,9,Thursday,20,False,False
201800018025,NonLethal,Daylight,No,NoIntersection,StrongWindOrStorm,NoCollision,1,Wednesday,14,False,False
201800037645,NonLethal,NightStreelightsOn,Yes,X-type,Normal,2Vehicles-Side,10,Wednesday,21,False,False
201800012849,NonLethal,Daylight,No,NoIntersection,Normal,Other,4,Sunday,9,True,False
201800035064,NonLethal,Daylight,Yes,NoIntersection,Normal,Other,1,Saturday,15,True,False
201800023661,NonLethal,TwilightOrDawn,Yes,T-type,Normal,2Vehicles-Side,3,Monday,17,False,False
201800010416,NonLethal,NightNoStreetLight,No,NoIntersection,Normal,NoCollision,9,Saturday,2,True,True
201800054271,NonLethal,NightStreelightsOn,Yes,T-type,LightRain,2Vehicles-Side,11,Monday,22,False,False
201800041483,NonLethal,Daylight,No,NoIntersection,LightRain,NoCollision,9,Sunday,17,True,False
201800008863,NonLethal,NightStreelightsOff,Yes,NoIntersection,Normal,2Vehicles-BehindVehicles-Frontal,4,Monday,0,False,True
201800005773,NonLethal,Daylight,Yes,X-type,Normal,2Vehicles-Side,9,Saturday,12,True,False
201800014864,Lethal,Daylight,Yes,T-type,Normal,NoCollision,9,Thursday,15,False,False
201800010899,Lethal,Daylight,No,NoIntersection,Normal,Other,4,Wednesday,18,False,False
201800057054,NonLethal,Daylight,Yes,Other,Normal,2Vehicles-Side,9,Sunday,9,True,False
201800031981,NonLethal,Daylight,Yes,T-type,Normal,Other,10,Wednesday,16,False,False
201800031914,NonLethal,NightStreelightsOn,Yes,NoIntersection,Normal,Other,9,Sunday,20,True,False
201800052970,NonLethal,Daylight,Yes,T-type,Normal,2Vehicles-Side,3,Friday,16,False,False
201800040973,NonLethal,Daylight,Yes,T-type,LightRain,2Vehicles-Side,11,Sunday,11,True,False
201800055281,NonLethal,NightStreelightsOn,Yes,NoIntersection,Normal,NoCollision,9,Monday,18,False,False
201800030978,NonLethal,NightStreelightsOn,Yes,NoIntersection,Normal,Other,1,Wednesday,19,False,False
201800038696,NonLethal,Daylight,Yes,Other,Normal,Other,5,Wednesday,10,False,False
201800016962,NonLethal,TwilightOrDawn,No,NoIntersection,Normal,2Vehicles-Behind,8,Friday,19,False,False
201800010235,NonLethal,Daylight,Yes,NoIntersection,Normal,2Vehicles-Side,12,Monday,9,False,False
201800015982,NonLethal,Daylight,No,T-type,Normal,2Vehicles-BehindVehicles-Frontal,6,Friday,13,False,False
201800000674,NonLethal,NightNoStreetLight,No,X-type,HeavyRain,2Vehicles-Side,12,Tuesday,22,False,False
201800022463,NonLethal,Daylight,No,Roundabout,Overcast,NoCollision,10,Monday,15,False,False
201800043028,NonLethal,Daylight,Yes,Other,Normal,2Vehicles-Side,7,Wednesday,14,False,False
201800047573,NonLethal,Daylight,Yes,X-type,Normal,2Vehicles-Side,6,Monday,15,False,False
201800038414,NonLethal,Daylight,Yes,NoIntersection,Normal,Other,3,Saturday,7,True,False
201800028347,NonLethal,Daylight,Yes,NoIntersection,Normal,3+Vehicles-Chain,7,Tuesday,14,False,False
201800038966,NonLethal,Daylight,Yes,NoIntersection,LightRain,2Vehicles-Side,10,Monday,12,False,False
201800047350,NonLethal,Daylight,Yes,NoIntersection,LightRain,2Vehicles-BehindVehicles-Frontal,1,Monday,10,False,False
201800006264,NonLethal,NightNoStreetLight,No,NoIntersection,Normal,2Vehicles-BehindVehicles-Frontal,4,Monday,1,False,True
201800050152,NonLethal,NightNoStreetLight,No,NoIntersection,Normal,2Vehicles-Side,6,Tuesday,23,False,False
201800021316,NonLethal,Daylight,No,NoIntersection,Normal,NoCollision,10,Saturday,8,True,False
201800042347,NonLethal,NightStreelightsOn,Yes,X-type,Normal,2Vehicles-Side,8,Tuesday,21,False,False
201800027761,NonLethal,Daylight,Yes,T-type,Normal,2Vehicles-Side,8,Thursday,17,False,False
201800025532,NonLethal,Daylight,Yes,T-type,Normal,2Vehicles-Side,10,Wednesday,8,False,False
201800054894,NonLethal,Daylight,Yes,NoIntersection,Normal,Other,1,Sunday,11,True,False
201800024956,NonLethal,NightNoStreetLight,Yes,NoIntersection,LightRain,2Vehicles-Behind,10,Thursday,19,False,False
201800039895,NonLethal,Daylight,Yes,NoIntersection,Normal,Other,6,Wednesday,19,False,False
201800010146,NonLethal,NightStreelightsOn,Yes,NoIntersection,Normal,Other,5,Saturday,19,True,False
201800004017,NonLethal,Daylight,Yes,NoIntersection,Normal,Other,5,Saturday,11,True,False
201800026569,NonLethal,Daylight,Yes,NoIntersection,Normal,2Vehicles-Behind,7,Friday,14,False,False
201800011264,NonLethal,Daylight,No,NoIntersection,Normal,NoCollision,3,Monday,9,False,False
201800056913,NonLethal,Daylight,Yes,NoIntersection,HeavyRain,2Vehicles-Behind,4,Saturday,8,True,False
201800032377,NonLethal,NightStreelightsOff,Yes,NoIntersection,Overcast,2Vehicles-BehindVehicles-Frontal,2,Sunday,2,True,True
201800010700,NonLethal,Daylight,No,NoIntersection,LightRain,Other,6,Tuesday,14,False,False
201800025866,NonLethal,NightStreelightsOn,Yes,X-type,Normal,2Vehicles-BehindVehicles-Frontal,11,Wednesday,18,False,False
201800046660,NonLethal,Daylight,No,NoIntersection,Normal,2Vehicles-Behind,8,Monday,18,False,False
201800055751,NonLethal,Daylight,Yes,Y-type,Normal,2Vehicles-Behind,12,Wednesday,11,False,False
201800017339,NonLethal,Daylight,No,NoIntersection,Normal,Other,12,Monday,9,False,False
201800032780,NonLethal,TwilightOrDawn,Yes,Roundabout,Normal,Other,5,Sunday,7,True,False
201800016430,NonLethal,Daylight,No,NoIntersection,FogOrSmoke,3+Vehicles-Chain,1,Saturday,11,True,False
201800030817,NonLethal,Daylight,Yes,Roundabout,LightRain,2Vehicles-Side,9,Thursday,10,False,False
201800035152,NonLethal,Daylight,Yes,NoIntersection,Normal,2Vehicles-Side,5,Friday,11,False,False
201800041341,NonLethal,Daylight,Yes,NoIntersection,Normal,Other,7,Wednesday,16,False,False
201800054245,NonLethal,NightStreelightsOn,Yes,X-type,Normal,2Vehicles-Side,10,Sunday,18,True,False
201800013093,NonLethal,Daylight,No,NoIntersection,Normal,NoCollision,3,Saturday,14,True,False
201800003688,NonLethal,Daylight,Yes,NoIntersection,HeavyRain,2Vehicles-Side,7,Saturday,13,True,False
201800049529,NonLethal,NightStreelightsOn,No,NoIntersection,Normal,Other,1,Saturday,4,True,True
201800031115,NonLethal,Daylight,Yes,NoIntersection,Normal,2Vehicles-Side,5,Sunday,16,True,False
201800029646,NonLethal,Daylight,Yes,X-type,LightRain,Other,5,Saturday,11,True,False
201800001051,NonLethal,NightNoStreetLight,No,NoIntersection,Normal,Other,10,Sunday,4,True,True
201800019342,NonLethal,NightStreelightsOn,Yes,NoIntersection,Normal,Other,8,Saturday,17,True,False
201800056589,NonLethal,Daylight,Yes,T-type,Normal,Other,3,Friday,12,False,False
201800015233,NonLethal,Daylight,No,NoIntersection,Normal,2Vehicles-Side,8,Monday,15,False,False
201800043734,NonLethal,Daylight,Yes,NoIntersection,Normal,2Vehicles-Side,10,Tuesday,8,False,False
201800040212,NonLethal,Daylight,Yes,T-type,Normal,2Vehicles-Side,7,Thursday,11,False,False
201800018742,NonLethal,Daylight,Yes,NoIntersection,Normal,Other,9,Wednesday,18,False,False
201800005041,NonLethal,Daylight,Yes,NoIntersection,VeryGood,Other,11,Monday,10,False,False
201800051250,NonLethal,TwilightOrDawn,Yes,X-type,LightRain,2Vehicles-Side,11,Saturday,8,True,False
201800033147,NonLethal,Daylight,Yes,NoIntersection,Normal,Other,8,Tuesday,11,False,False
201800013389,NonLethal,NightNoStreetLight,No,X-type,Normal,2Vehicles-Side,5,Sunday,23,True,False
201800050273,NonLethal,Daylight,Yes,Square,Normal,2Vehicles-Side,6,Sunday,16,True,False
201800041519,NonLethal,NightStreelightsOn,Yes,Other,LightRain,2Vehicles-Side,11,Tuesday,20,False,False
201800027282,NonLethal,Daylight,Yes,NoIntersection,Normal,Other,5,Wednesday,16,False,False
201800012151,NonLethal,Daylight,No,NoIntersection,Normal,Other,5,Thursday,7,False,False
201800027751,NonLethal,Daylight,Yes,X-type,Normal,2Vehicles-Side,7,Monday,16,False,False
201800043050,NonLethal,Daylight,Yes,T-type,Normal,Other,9,Friday,15,False,False
201800047375,NonLethal,NightStreelightsOn,Yes,NoIntersection,LightRain,Other,2,Thursday,5,False,True
201800000918,NonLethal,NightNoStreetLight,No,NoIntersection,LightRain,2Vehicles-BehindVehicles-Frontal,3,Friday,20,False,False
201800043221,NonLethal,NightStreelightsOn,Yes,NoIntersection,Normal,2Vehicles-Side,5,Thursday,22,False,False
201800014905,Lethal,NightNoStreetLight,No,NoIntersection,Other,Other,10,Friday,20,False,False
201800024451,NonLethal,Daylight,Yes,NoIntersection,Normal,Other,10,Monday,10,False,False
201800001292,NonLethal,NightStreelightsOn,Yes,NoIntersection,Normal,Other,11,Tuesday,20,False,False
201800010846,NonLethal,Daylight,No,NoIntersection,Normal,NoCollision,10,Saturday,5,True,True
201800020621,NonLethal,TwilightOrDawn,Yes,Roundabout,Normal,2Vehicles-Side,9,Friday,6,False,True
201800040142,NonLethal,NightStreelightsOn,Yes,X-type,Normal,2Vehicles-Side,3,Monday,19,False,False
201800045459,NonLethal,Daylight,No,NoIntersection,Normal,2Vehicles-Behind,11,Thursday,10,False,False
201800054140,NonLethal,NightStreelightsOn,Yes,NoIntersection,Normal,NoCollision,6,Saturday,0,True,True
201800000515,NonLethal,NightNoStreetLight,No,NoIntersection,FogOrSmoke,Other,11,Wednesday,6,False,True
201800057198,NonLethal,Daylight,No,NoIntersection,Normal,2Vehicles-Side,7,Wednesday,17,False,False
201800002873,Lethal,Daylight,No,NoIntersection,Normal,2Vehicles-Behind,4,Friday,17,False,False
201800001105,Lethal,TwilightOrDawn,Yes,X-type,Normal,2Vehicles-Side,9,Thursday,19,False,False
201800012392,NonLethal,Daylight,No,T-type,VeryGood,2Vehicles-Side,6,Monday,9,False,False
201800019398,NonLethal,NightNoStreetLight,No,NoIntersection,Normal,2Vehicles-Behind,11,Wednesday,17,False,False
201800046262,NonLethal,Daylight,No,Other,Overcast,NoCollision,2,Monday,13,False,False
201800011127,NonLethal,Daylight,No,Other,Normal,2Vehicles-Behind,6,Thursday,9,False,False
201800016943,NonLethal,Daylight,No,NoIntersection,Normal,Other,7,Thursday,18,False,False
201800052092,NonLethal,Daylight,Yes,T-type,Normal,NoCollision,4,Saturday,16,True,False
201800034575,NonLethal,TwilightOrDawn,No,NoIntersection,Overcast,2Vehicles-Behind,12,Wednesday,16,False,False
201800015843,NonLethal,Daylight,No,NoIntersection,Normal,2Vehicles-Side,11,Thursday,19,False,False
201800049628,NonLethal,Daylight,No,NoIntersection,LightRain,Other,8,Wednesday,15,False,False
201800047716,NonLethal,Daylight,Yes,NoIntersection,Normal,2Vehicles-Behind,9,Tuesday,12,False,False
201800001310,Lethal,Daylight,No,X-type,Normal,3+Vehicles-Multiple,11,Friday,16,False,False
201800019024,NonLethal,Daylight,No,NoIntersection,Normal,2Vehicles-BehindVehicles-Frontal,5,Sunday,11,True,False
201800037388,NonLethal,NightStreelightsOn,Yes,Roundabout,Normal,Other,5,Tuesday,21,False,False
201800000700,NonLethal,Daylight,Yes,X-type,Normal,2Vehicles-Side,7,Thursday,14,False,False
201800019214,NonLethal,Daylight,Yes,NoIntersection,Normal,2Vehicles-Behind,3,Friday,8,False,False
201800002324,Lethal,Daylight,Yes,Roundabout,Normal,2Vehicles-BehindVehicles-Frontal,7,Tuesday,15,False,False
201800007803,NonLethal,Daylight,Yes,NoIntersection,Normal,2Vehicles-Behind,10,Thursday,17,False,False
201800001879,NonLethal,NightNoStreetLight,No,NoIntersection,Normal,2Vehicles-Side,7,Friday,21,False,False
201800055896,NonLethal,NightNoStreetLight,No,NoIntersection,Normal,3+Vehicles-Multiple,4,Wednesday,23,False,False
201800038833,NonLethal,NightStreelightsOn,Yes,NoIntersection,Normal,3+Vehicles-Multiple,6,Friday,0,False,True
201800045509,NonLethal,Daylight,No,NoIntersection,LightRain,2Vehicles-Behind,11,Thursday,8,False,False
201800014381,NonLethal,Daylight,No,X-type,VeryGood,2Vehicles-Side,6,Sunday,13,True,False
201800043361,NonLethal,Daylight,Yes,NoIntersection,VeryGood,Other,12,Sunday,11,True,False
201800023393,NonLethal,Daylight,Yes,Roundabout,Normal,2Vehicles-Side,12,Monday,15,False,False
201800039243,NonLethal,Daylight,Yes,NoIntersection,Normal,Other,4,Sunday,10,True,False
201800013292,NonLethal,Daylight,No,NoIntersection,Normal,2Vehicles-BehindVehicles-Frontal,3,Thursday,18,False,False
201800042287,NonLethal,Daylight,Yes,NoIntersection,Normal,Other,5,Sunday,13,True,False
201800037522,NonLethal,Daylight,Yes,NoIntersection,LightRain,Other,11,Sunday,12,True,False
201800021647,NonLethal,Daylight,Yes,NoIntersection,Normal,2Vehicles-Side,2,Friday,18,False,False
201800052014,NonLethal,NightStreelightsOff,Yes,T-type,Normal,2Vehicles-Side,4,Saturday,21,True,False
201800048745,NonLethal,Daylight,Yes,X-type,Normal,Other,12,Tuesday,12,False,False
201800055659,NonLethal,NightStreelightsOn,Yes,NoIntersection,Normal,2Vehicles-Behind,10,Wednesday,21,False,False
201800055162,NonLethal,NightStreelightsOn,Yes,NoIntersection,Normal,2Vehicles-Behind,10,Friday,1,False,True
201800014138,NonLethal,Daylight,No,NoIntersection,Normal,NoCollision,8,Thursday,18,False,False
201800048665,NonLethal,Daylight,Yes,Other,LightRain,2Vehicles-Side,11,Tuesday,12,False,False
201800043392,NonLethal,NightStreelightsOn,Yes,NoIntersection,LightRain,2Vehicles-Side,11,Sunday,22,True,False
201800031581,NonLethal,Daylight,Yes,NoIntersection,Normal,Other,7,Saturday,16,True,False
201800014111,NonLethal,Daylight,No,NoIntersection,FogOrSmoke,2Vehicles-Side,10,Wednesday,9,False,False
201800035385,NonLethal,NightNoStreetLight,No,NoIntersection,Normal,NoCollision,5,Wednesday,0,False,True
201800010048,NonLethal,NightStreelightsOn,Yes,T-type,Normal,2Vehicles-Behind,11,Thursday,19,False,False
201800013832,NonLethal,Daylight,No,NoIntersection,Normal,Other,5,Sunday,19,True,False
201800019871,NonLethal,Daylight,Yes,NoIntersection,Normal,2Vehicles-Behind,6,Sunday,16,True,False
201800015382,NonLethal,Daylight,No,Roundabout,Overcast,2Vehicles-Side,6,Thursday,12,False,False
201800044396,NonLethal,Daylight,No,NoIntersection,FogOrSmoke,3+Vehicles-Chain,11,Friday,10,False,False
201800031339,NonLethal,TwilightOrDawn,No,NoIntersection,Normal,2Vehicles-Side,10,Thursday,7,False,False
201800017994,NonLethal,Daylight,No,NoIntersection,Normal,Other,4,Sunday,15,True,False
201800048355,NonLethal,Daylight,Yes,NoIntersection,Normal,2Vehicles-Side,6,Thursday,19,False,False
201800037873,NonLethal,Daylight,Yes,X-type,Normal,2Vehicles-Side,11,Friday,13,False,False
201800043071,NonLethal,Daylight,Yes,T-type,Normal,2Vehicles-BehindVehicles-Frontal,10,Thursday,8,False,False
201800042468,NonLethal,Daylight,Yes,NoIntersection,Normal,Other,6,Tuesday,21,False,False
201800057170,NonLethal,Daylight,Yes,NoIntersection,Normal,Other,3,Sunday,17,True,False
201800035434,NonLethal,Daylight,Yes,NoIntersection,Normal,Other,5,Wednesday,14,False,False
201800016123,NonLethal,Daylight,No,NoIntersection,Normal,2Vehicles-Side,12,Saturday,12,True,False
201800019781,NonLethal,NightNoStreetLight,No,NoIntersection,LightRain,2Vehicles-Behind,6,Monday,20,False,False
201800002858,NonLethal,NightNoStreetLight,No,NoIntersection,LightRain,NoCollision,1,Friday,21,False,False
201800043518,NonLethal,NightNoStreetLight,Yes,NoIntersection,Normal,Other,1,Friday,17,False,False
201800002410,NonLethal,Daylight,No,NoIntersection,Normal,2Vehicles-BehindVehicles-Frontal,3,Friday,14,False,False
201800030143,NonLethal,Daylight,No,NoIntersection,Normal,Other,7,Saturday,12,True,False
201800037906,NonLethal,Daylight,Yes,NoIntersection,Normal,2Vehicles-Side,4,Wednesday,17,False,False
201800022768,NonLethal,TwilightOrDawn,Yes,NoIntersection,Normal,Other,5,Saturday,21,True,False
201800043137,NonLethal,Daylight,Yes,Other,VeryGood,Other,6,Tuesday,8,False,False
201800041871,NonLethal,Daylight,Yes,T-type,Normal,2Vehicles-Side,6,Friday,15,False,False
201800048622,NonLethal,Daylight,Yes,NoIntersection,Normal,2Vehicles-Behind,10,Friday,14,False,False
201800055457,NonLethal,NightStreelightsOn,Yes,NoIntersection,Normal,Other,6,Sunday,2,True,True
201800055145,Lethal,Daylight,Yes,T-type,Normal,Other,2,Saturday,8,True,False
201800049245,NonLethal,Daylight,No,NoIntersection,LightRain,Other,9,Thursday,14,False,False
201800017001,NonLethal,Daylight,Yes,NoIntersection,Overcast,2Vehicles-Behind,1,Tuesday,17,False,False
201800024012,NonLethal,NightStreelightsOn,Yes,X-type,Normal,Other,9,Sunday,3,True,True
201800044381,NonLethal,NightNoStreetLight,No,NoIntersection,Normal,2Vehicles-Behind,11,Tuesday,19,False,False
201800018405,NonLethal,Daylight,No,NoIntersection,Normal,2Vehicles-BehindVehicles-Frontal,6,Saturday,21,True,False
201800003171,NonLethal,Daylight,No,NoIntersection,Normal,2Vehicles-Side,5,Monday,19,False,False
201800005642,NonLethal,NightStreelightsOn,Yes,NoIntersection,Normal,2Vehicles-Side,4,Sunday,0,True,True