AccidentId,Gravity,Light,InAgglomeration,IntersectionType,Weather,CollisionType,Month,DayOfWeek,HourOfDay,IsWeekend,IsNight
201800013781,NonLethal,Daylight,Yes,NoIntersection,LightRain,Other,10,Thursday,14,False,False
201800048801,NonLethal,Daylight,No,NoIntersection,LightRain,3+Vehicles-Chain,1,Saturday,10,True,False
201800006045,NonLethal,NightNoStreetLight,No,NoIntersection,Overcast,Other,6,Friday,2,False,True
201800009159,NonLethal,Daylight,Yes,NoIntersection,Normal,Other,11,Tuesday,16,False,False
201800018886,Lethal,Daylight,No,NoIntersection,Overcast,Other,12,Tuesday,9,False,False
201800054590,NonLethal,Daylight,Yes,NoIntersection,Normal,Other,11,Monday,13,False,False
201800007574,NonLethal,Daylight,No,NoIntersection,Overcast,2Vehicles-Behind,1,Thursday,8,False,False
201800037253,NonLethal,Daylight,Yes,NoIntersection,Normal,Other,5,Monday,19,False,False
201800045655,NonLethal,Daylight,No,NoIntersection,Overcast,NoCollision,1,Friday,8,False,False
201800047289,NonLethal,Daylight,No,NoIntersection,Normal,2Vehicles-Behind,11,Friday,12,False,False
201800053459,NonLethal,NightStreelightsOn,Yes,X-type,Normal,2Vehicles-Side,7,Tuesday,0,False,True
201800047669,NonLethal,NightStreelightsOn,Yes,NoIntersection,LightRain,Other,6,Saturday,4,True,True
201800019083,NonLethal,Daylight,Yes,T-type,Normal,2Vehicles-BehindVehicles-Frontal,5,Tuesday,16,False,False
201800031336,NonLethal,Daylight,Yes,NoIntersection,Normal,Other,10,Sunday,17,True,False
201800005469,NonLethal,NightStreelightsOn,Yes,NoIntersection,Overcast,NoCollision,10,Monday,6,False,True
201800016563,NonLethal,NightNoStreetLight,No,NoIntersection,LightRain,Other,1,Sunday,20,True,False
201800000135,NonLethal,TwilightOrDawn,No,NoIntersection,Normal,NoCollision,10,Monday,21,False,False
201800015642,NonLethal,Daylight,Yes,X-type,Normal,2Vehicles-Side,9,Tuesday,14,False,False
201800000835,NonLethal,Daylight,No,X-type,Normal,2Vehicles-Side,7,Wednesday,11,False,False
201800051294,NonLethal,Daylight,Yes,Square,LightRain,2Vehicles-Behind,12,Friday,9,False,False
201800005086,NonLethal,Daylight,Yes,NoIntersection,Normal,Other,9,Thursday,13,False,False
201800020370,NonLethal,Daylight,No,NoIntersection,Normal,Other,5,Tuesday,10,False,False
201800052628,NonLethal,Daylight,Yes,X-type,Normal,Other,12,Monday,9,False,False
201800044188,NonLethal,Daylight,No,NoIntersection,Normal,2Vehicles-Behind,8,Tuesday,12,False,False
201800052109,NonLethal,Daylight,Yes,T-type,Normal,Other,7,Friday,9,False,False
201800027421,NonLethal,Daylight,Yes,NoIntersection,Normal,NoCollision,12,Sunday,11,True,False
201800028640,Lethal,NightNoStreetLight,No,NoIntersection,Normal,2Vehicles-Behind,12,Thursday,20,False,False
201800014859,NonLethal,Daylight,No,NoIntersection,Normal,Other,5,Wednesday,13,False,False
201800022620,NonLethal,Daylight,Yes,NoIntersection,Normal,Other,10,Tuesday,10,False,False
201800017717,NonLethal,Daylight,No,X-type,Normal,3+Vehicles-Multiple,6,Thursday,16,False,False
201800010960,NonLethal,Daylight,Yes,NoIntersection,Normal,2Vehicles-Side,5,Friday,15,False,False
201800036799,NonLethal,TwilightOrDawn,Yes,Roundabout,HeavyRain,Other,1,Monday,7,False,False
201800052488,NonLethal,NightStreelightsOn,Yes,Y-type,Normal,2Vehicles-Side,8,Wednesday,1,False,True
201800000783,Lethal,Daylight,No,Other,Normal,Other,5,Sunday,19,True,False
201800025595,NonLethal,NightStreelightsOn,Yes,NoIntersection,HeavyRain,2Vehicles-Side,12,Tuesday,7,False,False
201800033808,NonLethal,Daylight,Yes,Roundabout,Normal,2Vehicles-Side,3,Wednesday,12,False,False
201800048963,NonLethal,Daylight,No,NoIntersection,Normal,3+Vehicles-Chain,7,Tuesday,17,False,False
201800042835,NonLethal,Daylight,Yes,T-type,LightRain,3+Vehicles-Multiple,3,Thursday,16,False,False
201800046798,NonLethal,NightNoStreetLight,No,NoIntersection,Normal,2Vehicles-Behind,8,Thursday,5,False,True
201800031260,NonLethal,Daylight,No,NoIntersection,Normal,2Vehicles-Side,6,Monday,7,False,False
201800002112,NonLethal,NightNoStreetLight,Yes,NoIntersection,Normal,2Vehicles-Side,11,Wednesday,7,False,False
201800053057,NonLethal,Daylight,Yes,T-type,Normal,2Vehicles-Side,6,Wednesday,13,False,False
201800033248,NonLethal,TwilightOrDawn,Yes,Roundabout,LightRain,2Vehicles-Side,3,Tuesday,17,False,False
201800056152,NonLethal,TwilightOrDawn,Yes,NoIntersection,Normal,2Vehicles-Side,6,Saturday,17,True,False
201800026965,NonLethal,Daylight,Yes,NoIntersection,Normal,3+Vehicles-Chain,10,Monday,18,False,False
201800042866,NonLethal,Daylight,Yes,NoIntersection,HeavyRain,2Vehicles-Behind,1,Saturday,18,True,False
201800021847,NonLethal,Daylight,Yes,NoIntersection,Normal,Other,5,Tuesday,8,False,False
201800051735,NonLethal,TwilightOrDawn,Yes,NoIntersection,HeavyRain,Other,5,Monday,19,False,False
201800047448,NonLethal,NightStreelightsOn,Yes,NoIntersection,Normal,Other,9,Tuesday,0,False,True
201800008249,NonLethal,Daylight,Yes,NoIntersection,Normal,3+Vehicles-Multiple,5,Monday,19,False,False
201800010369,NonLethal,NightStreelightsOn,Yes,X-type,Overcast,2Vehicles-Side,2,Thursday,21,False,False
201800023667,Lethal,Daylight,Yes,NoIntersection,Overcast,Other,1,Tuesday,13,False,False
201800024054,NonLethal,NightStreelightsOn,Yes,T-type,LightRain,2Vehicles-Side,12,Monday,18,False,False
201800025456,NonLethal,Daylight,Yes,NoIntersection,Normal,NoCollision,8,Monday,18,False,False
201800046853,NonLethal,TwilightOrDawn,No,NoIntersection,Normal,2Vehicles-Side,11,Friday,7,False,False
201800029283,NonLethal,NightNoStreetLight,No,NoIntersection,Overcast,Other,5,Saturday,3,True,True
201800046247,NonLethal,NightNoStreetLight,No,NoIntersection,LightRain,Other,11,Monday,4,False,True
201800038630,NonLethal,Daylight,Yes,X-type,Normal,2Vehicles-Side,10,Thursday,16,False,False
201800034959,NonLethal,TwilightOrDawn,Yes,NoIntersection,LightRain,Other,1,Thursday,8,False,False
201800011860,NonLethal,Daylight,No,NoIntersection,Normal,NoCollision,9,Sunday,17,True,False
201800006379,NonLethal,Daylight,Yes,T-type,Normal,Other,3,Thursday,11,False,False
201800017784,NonLethal,Daylight,Yes,Y-type,VeryGood,2Vehicles-BehindVehicles-Frontal,9,Thursday,15,False,False
201800038178,NonLethal,Daylight,Yes,X-type,Normal,2Vehicles-Behind,6,Wednesday,13,False,False
201800038376,NonLethal,NightNoStreetLight,No,NoIntersection,Normal,Other,7,Thursday,1,False,True
201800012629,Lethal,NightNoStreetLight,No,NoIntersection,Normal,2Vehicles-BehindVehicles-Frontal,1,Wednesday,0,False,True
201800044042,NonLethal,Daylight,No,NoIntersection,Normal,2Vehicles-Behind,6,Friday,17,False,False
201800038862,NonLethal,NightStreelightsOn,Yes,T-type,Normal,2Vehicles-Side,10,Tuesday,21,False,False
201800052210,NonLethal,Daylight,Yes,Square,Normal,2Vehicles-Side,10,Thursday,17,False,False
201800015272,NonLethal,NightNoStreetLight,No,NoIntersection,SnowOrHail,Other,2,Saturday,4,True,True
201800011952,NonLethal,Daylight,No,NoIntersection,Normal,2Vehicles-BehindVehicles-Frontal,8,Saturday,9,True,False
201800045354,NonLethal,TwilightOrDawn,No,NoIntersection,Normal,2Vehicles-Behind,10,Saturday,18,True,False
201800033466,NonLethal,Daylight,Yes,NoIntersection,Normal,2Vehicles-Behind,4,Saturday,14,True,False
201800008793,NonLethal,Daylight,Yes,Roundabout,Normal,2Vehicles-Side,4,Wednesday,14,False,False
201800020824,NonLethal,Daylight,No,NoIntersection,Normal,3+Vehicles-Chain,4,Friday,12,False,False
201800036149,NonLethal,Daylight,No,NoIntersection,Normal,Other,8,Saturday,13,True,False
201800040908,NonLethal,Daylight,Yes,NoIntersection,Normal,Other,8,Tuesday,9,False,False
201800037273,NonLethal,Daylight,Yes,NoIntersection,Normal,Other,6,Friday,18,False,False
201800032564,NonLethal,NightStreelightsOn,Yes,T-type,Normal,2Vehicles-Side,9,Wednesday,20,False,False
201800026590,NonLethal,Daylight,Yes,X-type,Normal,2Vehicles-Behind,9,Monday,18,False,False
201800034898,NonLethal,Daylight,Yes,NoIntersection,Overcast,3+Vehicles-Multiple,12,Thursday,16,False,False
201800041887,Lethal,NightStreelightsOn,Yes,Y-type,Normal,NoCollision,8,Tuesday,4,False,True
201800024984,NonLethal,TwilightOrDawn,No,NoIntersection,Normal,2Vehicles-Behind,10,Friday,8,False,False
201800016150,NonLethal,Daylight,No,T-type,Other,Other,12,Tuesday,9,False,False
201800050951,NonLethal,NightStreelightsOn,Yes,X-type,LightRain,2Vehicles-Side,12,Saturday,20,True,False
201800047689,NonLethal,NightStreelightsOn,Yes,X-type,Normal,2Vehicles-Side,9,Sunday,23,True,False
201800019706,NonLethal,NightStreelightsOn,Yes,NoIntersection,Normal,2Vehicles-Side,8,Saturday,21,True,False
201800034012,NonLethal,Daylight,Yes,NoIntersection,Normal,2Vehicles-Behind,6,Saturday,13,True,False
201800039859,NonLethal,Daylight,Yes,T-type,LightRain,2Vehicles-Side,11,Wednesday,11,False,False
201800032875,NonLethal,NightStreelightsOn,Yes,NoIntersection,Normal,2Vehicles-Behind,10,Sunday,23,True,False
201800009564,NonLethal,NightStreelightsOn,Yes,NoIntersection,Normal,2Vehicles-Side,8,Tuesday,21,False,False
201800019511,NonLethal,Daylight,Yes,T-type,Normal,2Vehicles-Side,9,Thursday,9,False,False
201800014875,NonLethal,TwilightOrDawn,No,Other,FogOrSmoke,2Vehicles-BehindVehicles-Frontal,8,Monday,8,False,False
201800049025,NonLethal,TwilightOrDawn,No,NoIntersection,Normal,2Vehicles-Side,10,Thursday,7,False,False
201800023059,NonLethal,Daylight,Yes,NoIntersection,Normal,Other,8,Sunday,7,True,False
201800031461,Lethal,Daylight,No,NoIntersection,Other,2Vehicles-BehindVehicles-Frontal,7,Tuesday,17,False,False
201800039865,NonLethal,NightStreelightsOn,Yes,X-type,LightRain,2Vehicles-Side,1,Tuesday,19,False,False
201800009561,NonLethal,Daylight,Yes,NoIntersection,Normal,2Vehicles-Side,8,Tuesday,11,False,False
201800053407,NonLethal,Daylight,Yes,NoIntersection,Normal,2Vehicles-Side,6,Wednesday,14,False,False
201800008950,NonLethal,Daylight,Yes,NoIntersection,Normal,Other,3,Monday,17,False,False
201800019718,NonLethal,Daylight,Yes,X-type,Normal,2Vehicles-Side,8,Tuesday,19,False,False
201800030834,NonLethal,Daylight,Yes,NoIntersection,Normal,2Vehicles-Side,7,Thursday,16,False,False
201800016278,NonLethal,Daylight,No,T-type,Normal,2Vehicles-Side,8,Thursday,18,False,False
201800025102,NonLethal,Daylight,Yes,NoIntersection,HeavyRain,Other,3,Friday,8,False,False
201800045362,NonLethal,Daylight,No,NoIntersection,Normal,2Vehicles-Behind,10,Tuesday,16,False,False
201800049135,NonLethal,Daylight,No,NoIntersection,Normal,3+Vehicles-Chain,4,Friday,15,False,False
201800033934,NonLethal,Daylight,Yes,NoIntersection,Normal,2Vehicles-Side,2,Sunday,16,True,False
201800017504,NonLethal,NightStreelightsOn,Yes,NoIntersection,LightRain,Other,5,Monday,22,False,False
201800021575,NonLethal,Daylight,Yes,X-type,Normal,2Vehicles-Side,2,Saturday,18,True,False
201800005480,NonLethal,Daylight,Yes,NoIntersection,Normal,2Vehicles-Side,10,Friday,8,False,False
201800010294,NonLethal,Daylight,No,NoIntersection,Normal,2Vehicles-Behind,6,Monday,13,False,False
201800007094,NonLethal,Daylight,No,NoIntersection,LightRain,Other,4,Wednesday,10,False,False
201800055263,NonLethal,NightStreelightsOn,Yes,NoIntersection,Normal,NoCollision,2,Monday,23,False,False
201800026618,NonLethal,Daylight,No,NoIntersection,LightRain,Other,1,Monday,9,False,False
201800018220,NonLethal,NightNoStreetLight,No,NoIntersection,StrongWindOrStorm,Other,8,Sunday,0,True,True
201800001471,NonLethal,Daylight,Yes,Roundabout,Normal,3+Vehicles-Multiple,5,Sunday,18,True,False
201800005725,NonLethal,TwilightOrDawn,Yes,NoIntersection,Normal,Other,7,Friday,6,False,True
201800040471,NonLethal,Daylight,Yes,NoIntersection,Normal,2Vehicles-Side,3,Monday,17,False,False
201800001421,NonLethal,Daylight,No,NoIntersection,Normal,Other,7,Monday,15,False,False
201800020742,NonLethal,Daylight,Yes,X-type,Normal,2Vehicles-Side,10,Monday,15,False,False
201800004635,NonLethal,Daylight,No,Roundabout,Overcast,2Vehicles-Behind,12,Wednesday,7,False,False
201800004522,NonLethal,NightStreelightsOn,Yes,NoIntersection,Normal,Other,10,Sunday,20,True,False
201800007715,NonLethal,NightNoStreetLight,No,NoIntersection,LightRain,2Vehicles-Behind,8,Monday,2,False,True
201800014893,Lethal,Daylight,No,NoIntersection,Normal,3+Vehicles-Chain,7,Tuesday,16,False,False
201800041350,NonLethal,Daylight,Yes,Other,Normal,2Vehicles-Behind,6,Thursday,16,False,False
201800052227,NonLethal,TwilightOrDawn,Yes,NoIntersection,Normal,2Vehicles-BehindVehicles-Frontal,10,Sunday,7,True,False
201800056324,NonLethal,Daylight,Yes,NoIntersection,Normal,2Vehicles-BehindVehicles-Frontal,10,Tuesday,17,False,False
201800018061,Lethal,Daylight,No,X-type,Normal,2Vehicles-Side,4,Tuesday,18,False,False
201800004639,NonLethal,Daylight,Yes,NoIntersection,Normal,Other,2,Sunday,13,True,False
201800006816,NonLethal,Daylight,No,NoIntersection,Normal,Other,6,Sunday,12,True,False
201800016976,NonLethal,Daylight,No,NoIntersection,LightRain,Other,3,Sunday,10,True,False
201800054931,NonLethal,NightStreelightsOn,Yes,X-type,Normal,2Vehicles-Side,2,Friday,22,False,False
201800020598,NonLethal,Daylight,Yes,NoIntersection,Normal,Other,6,Wednesday,16,False,False
201800041873,NonLethal,NightStreelightsOn,No,NoIntersection,Normal,3+Vehicles-Chain,6,Saturday,23,True,False
201800054953,NonLethal,NightStreelightsOn,Yes,NoIntersection,Normal,Other,3,Thursday,19,False,False
201800044643,NonLethal,NightStreelightsOn,No,NoIntersection,SnowOrHail,Other,1,Wednesday,5,False,True
201800010396,NonLethal,Daylight,Yes,NoIntersection,Normal,Other,7,Saturday,9,True,False
201800005969,NonLethal,Daylight,No,NoIntersection,Normal,Other,5,Sunday,17,True,False
201800014139,NonLethal,Daylight,Yes,NoIntersection,Normal,2Vehicles-Side,9,Sunday,17,True,False
201800017124,NonLethal,TwilightOrDawn,Yes,T-type,Normal,Other,5,Tuesday,19,False,False
201800035078,NonLethal,Daylight,Yes,NoIntersection,Normal,Other,6,Tuesday,5,False,True
201800008132,NonLethal,Daylight,Yes,NoIntersection,Normal,2Vehicles-Side,11,Friday,11,False,False
201800032909,NonLethal,NightNoStreetLight,No,NoIntersection,Overcast,Other,10,Monday,1,False,True
201800009238,NonLethal,Daylight,Yes,T-type,Normal,2Vehicles-Side,6,Tuesday,15,False,False
201800025429,NonLethal,Daylight,Yes,NoIntersection,Normal,2Vehicles-Side,7,Sunday,11,True,False
201800016665,NonLethal,Daylight,No,NoIntersection,Normal,2Vehicles-BehindVehicles-Frontal,2,Thursday,20,False,False
201800003069,NonLethal,Daylight,Yes,X-type,Normal,2Vehicles-BehindVehicles-Frontal,6,Monday,9,False,False
201800034015,NonLethal,Daylight,Yes,NoIntersection,Normal,Other,7,Tuesday,17,False,False
201800015106,NonLethal,Daylight,Yes,X-type,Normal,2Vehicles-Side,7,Wednesday,14,False,False
201800049459,NonLethal,Daylight,No,NoIntersection,Normal,2Vehicles-Behind,10,Wednesday,15,False,False
201800055432,NonLethal,Daylight,Yes,NoIntersection,Normal,2Vehicles-Side,6,Saturday,16,True,False
201800056852,NonLethal,Daylight,Yes,Other,LightRain,Other,2,Wednesday,11,False,False
201800008048,NonLethal,Daylight,Yes,NoIntersection,Normal,2Vehicles-Side,6,Friday,18,False,False
201800025815,NonLethal,Daylight,Yes,Y-type,Normal,Other,8,Thursday,16,False,False
201800002610,NonLethal,Daylight,No,NoIntersection,Normal,NoCollision,10,Sunday,16,True,False
201800022473,NonLethal,TwilightOrDawn,Yes,X-type,Normal,2Vehicles-Side,11,Thursday,17,False,False
201800035863,NonLethal,Daylight,Yes,NoIntersection,Normal,2Vehicles-Behind,3,Tuesday,8,False,False
201800002470,NonLethal,Daylight,No,NoIntersection,SnowOrHail,Other,3,Saturday,10,True,False
201800024279,NonLethal,Daylight,Yes,T-type,Normal,2Vehicles-Side,3,Sunday,15,True,False
201800029079,NonLethal,Daylight,No,NoIntersection,Normal,Other,6,Monday,16,False,False
201800047408,NonLethal,NightStreelightsOn,Yes,NoIntersection,StrongWindOrStorm,NoCollision,3,Friday,19,False,False
201800008934,Lethal,Daylight,Yes,NoIntersection,Overcast,2Vehicles-Side,4,Sunday,13,True,False
201800055694,NonLethal,Daylight,Yes,NoIntersection,LightRain,2Vehicles-Behind,12,Tuesday,10,False,False
201800041549,NonLethal,Daylight,Yes,MoreThan4Branches,Normal,2Vehicles-Side,2,Monday,9,False,False
201800029739,NonLethal,NightStreelightsOn,Yes,NoIntersection,Normal,Other,12,Saturday,19,True,False
201800047998,Lethal,NightNoStreetLight,No,NoIntersection,Normal,2Vehicles-Behind,12,Wednesday,4,False,True
201800052367,NonLethal,NightStreelightsOn,Yes,MoreThan4Branches,Normal,2Vehicles-Side,3,Thursday,23,False,False
201800044503,NonLethal,NightNoStreetLight,No,NoIntersection,Normal,Other,1,Friday,23,False,False
201800051904,NonLethal,NightStreelightsOn,Yes,X-type,LightRain,2Vehicles-Side,1,Wednesday,3,False,True
201800007315,NonLethal,Daylight,Yes,NoIntersection,Normal,Other,10,Wednesday,10,False,False
201800018187,NonLethal,Daylight,Yes,NoIntersection,Normal,2Vehicles-Side,12,Wednesday,16,False,False
201800031670,NonLethal,Daylight,Yes,T-type,Normal,2Vehicles-Side,3,Friday,14,False,False
201800028685,NonLethal,Daylight,Yes,T-type,Normal,Other,3,Tuesday,16,False,False
201800026939,NonLethal,Daylight,Yes,NoIntersection,Normal,2Vehicles-BehindVehicles-Frontal,10,Monday,13,False,False
201800017241,NonLethal,Daylight,No,NoIntersection,LightRain,Other,10,Sunday,13,True,False
201800031463,NonLethal,Daylight,No,T-type,Normal,Other,8,Sunday,17,True,False
201800028393,NonLethal,Daylight,Yes,T-type,Normal,2Vehicles-Side,4,Saturday,8,True,False
201800045125,NonLethal,Daylight,No,NoIntersection,Normal,Other,8,Sunday,15,True,False
201800055582,NonLethal,Daylight,Yes,NoIntersection,Normal,3+Vehicles-Multiple,4,Monday,12,False,False
201800043219,NonLethal,TwilightOrDawn,Yes,X-type,Normal,2Vehicles-Side,5,Friday,20,False,False
201800007001,NonLethal,Daylight,No,NoIntersection,Normal,2Vehicles-Behind,5,Wednesday,10,False,False
201800002339,NonLethal,NightStreelightsOn,Yes,NoIntersection,Normal,2Vehicles-BehindVehicles-Frontal,1,Sunday,6,True,True
201800048017,NonLethal,Daylight,Yes,NoIntersection,Normal,Other,10,Monday,9,False,False
201800035810,NonLethal,Daylight,No,NoIntersection,Normal,Other,10,Friday,19,False,False
201800028674,NonLethal,Daylight,Yes,NoIntersection,LightRain,2Vehicles-Behind,2,Saturday,14,True,False
201800005098,NonLethal,TwilightOrDawn,Yes,X-type,Normal,2Vehicles-Side,12,Sunday,7,True,False
201800002765,NonLethal,Daylight,Yes,NoIntersection,Normal,2Vehicles-Side,2,Tuesday,21,False,False
201800028850,NonLethal,Daylight,Yes,NoIntersection,Normal,2Vehicles-Behind,11,Thursday,10,False,False
201800036187,NonLethal,Daylight,Yes,T-type,Normal,2Vehicles-Behind,9,Wednesday,13,False,False
201800039341,NonLethal,Daylight,Yes,Other,HeavyRain,2Vehicles-Side,1,Wednesday,10,False,False
201800050591,NonLethal,Daylight,Yes,NoIntersection,Normal,Other,8,Thursday,11,False,False
201800055986,NonLethal,Daylight,No,NoIntersection,Normal,2Vehicles-Behind,11,Tuesday,13,False,False
201800045265,NonLethal,Daylight,No,NoIntersection,Normal,2Vehicles-Side,2,Saturday,12,True,False
201800021696,NonLethal,Daylight,Yes,NoIntersection,Normal,2Vehicles-Behind,9,Tuesday,20,False,False
201800047875,NonLethal,Daylight,Yes,NoIntersection,Normal,Other,12,Tuesday,16,False,False
201800053835,NonLethal,Daylight,Yes,T-type,Normal,Other,9,Friday,20,False,False
201800027501,NonLethal,NightNoStreetLight,No,NoIntersection,Normal,NoCollision,10,Thursday,5,False,True
201800013062,NonLethal,Daylight,Yes,NoIntersection,Normal,2Vehicles-Side,8,Monday,7,False,False
201800021571,NonLethal,Daylight,Yes,Other,Normal,Other,11,Friday,15,False,False
201800005435,NonLethal,NightStreelightsOn,Yes,NoIntersection,Normal,NoCollision,8,Sunday,22,True,False
201800020099,NonLethal,NightStreelightsOn,Yes,Other,Normal,Other,4,Thursday,20,False,False
201800016853,NonLethal,TwilightOrDawn,No,NoIntersection,Normal,NoCollision,3,Saturday,20,True,False
201800023686,NonLethal,TwilightOrDawn,No,NoIntersection,Normal,2Vehicles-Side,6,Sunday,5,True,True
201800037453,NonLethal,Daylight,Yes,NoIntersection,Normal,Other,7,Friday,20,False,False
201800041536,NonLethal,Daylight,Yes,NoIntersection,Normal,3+Vehicles-Multiple,12,Friday,16,False,False
201800028425,NonLethal,Daylight,Yes,X-type,Normal,Other,5,Saturday,11,True,False
201800044725,NonLethal,TwilightOrDawn,No,NoIntersection,LightRain,2Vehicles-Behind,3,Wednesday,7,False,False
201800042973,NonLethal,Daylight,Yes,NoIntersection,Normal,2Vehicles-Side,3,Saturday,16,True,False
201800001376,NonLethal,Daylight,No,Y-type,Normal,2Vehicles-Side,3,Monday,10,False,False
201800043788,NonLethal,Daylight,No,NoIntersection,Normal,2Vehicles-Behind,1,Sunday,12,True,False
201800039057,NonLethal,NightStreelightsOn,Yes,NoIntersection,Overcast,2Vehicles-Side,11,Thursday,7,False,False
201800039063,NonLethal,Daylight,Yes,NoIntersection,Normal,2Vehicles-Behind,2,Wednesday,10,False,False
201800000089,NonLethal,Daylight,Yes,NoIntersection,VeryGood,Other,4,Tuesday,9,False,False
201800036033,NonLethal,Daylight,Yes,NoIntersection,LightRain,Other,3,Friday,12,False,False
201800008302,NonLethal,NightStreelightsOn,Yes,NoIntersection,Normal,2Vehicles-Behind,5,Tuesday,21,False,False
201800028740,NonLethal,Daylight,Yes,NoIntersection,Overcast,Other,6,Thursday,8,False,False
201800008322,NonLethal,NightStreelightsOn,Yes,T-type,Normal,2Vehicles-Side,1,Tuesday,21,False,False
201800013069,NonLethal,NightNoStreetLight,No,Roundabout,LightRain,2Vehicles-Side,10,Friday,19,False,False
201800027809,NonLethal,Daylight,Yes,NoIntersection,Normal,2Vehicles-BehindVehicles-Frontal,11,Thursday,16,False,False
201800016216,NonLethal,Daylight,Yes,T-type,Normal,2Vehicles-Side,11,Thursday,14,False,False
201800010779,NonLethal,Daylight,Yes,NoIntersection,Normal,Other,9,Thursday,18,False,False
201800014242,Lethal,Daylight,No,NoIntersection,Normal,Other,9,Sunday,16,True,False
201800006638,NonLethal,Daylight,No,NoIntersection,Normal,Other,5,Tuesday,14,False,False
201800018418,Lethal,Daylight,No,NoIntersection,LightRain,2Vehicles-Side,2,Wednesday,14,False,False
201800035062,NonLethal,Daylight,Yes,NoIntersection,Normal,Other,5,Monday,8,False,False
201800010659,NonLethal,Daylight,No,NoIntersection,Normal,Other,5,Saturday,10,True,False
201800050569,NonLethal,Daylight,Yes,T-type,Normal,Other,6,Wednesday,8,False,False
201800034504,NonLethal,NightStreelightsOn,Yes,T-type,Normal,2Vehicles-Side,12,Wednesday,20,False,False
201800020448,NonLethal,NightNoStreetLight,No,NoIntersection,Normal,NoCollision,6,Saturday,1,True,True
201800043239,NonLethal,Daylight,Yes,NoIntersection,Normal,2Vehicles-Behind,5,Monday,12,False,False
201800001846,NonLethal,NightStreelightsOn,Yes,NoIntersection,Overcast,2Vehicles-BehindVehicles-Frontal,1,Thursday,19,False,False
201800014655,Lethal,NightNoStreetLight,No,NoIntersection,Normal,Other,12,Sunday,6,True,True
201800026106,NonLethal,Daylight,Yes,T-type,Overcast,2Vehicles-Behind,4,Wednesday,18,False,False
201800040641,NonLethal,Daylight,Yes,Other,Normal,Other,1,Thursday,10,False,False
201800053960,NonLethal,NightStreelightsOn,Yes,T-type,Normal,3+Vehicles-Chain,2,Monday,19,False,False
201800024910,NonLethal,Daylight,Yes,NoIntersection,Normal,2Vehicles-Behind,9,Tuesday,8,False,False
201800016988,NonLethal,Daylight,No,NoIntersection,Normal,2Vehicles-Behind,4,Saturday,18,True,False
201800046953,NonLethal,Daylight,No,NoIntersection,Normal,2Vehicles-Side,10,Thursday,16,False,False
201800035774,NonLethal,NightStreelightsOn,Yes,NoIntersection,Normal,2Vehicles-BehindVehicles-Frontal,2,Thursday,18,False,False
201800000471,NonLethal,NightNoStreetLight,No,NoIntersection,FogOrSmoke,Other,11,Thursday,18,False,False
201800056002,NonLethal,Daylight,Yes,NoIntersection,Normal,Other,7,Friday,17,False,False
201800051135,NonLethal,Daylight,Yes,X-type,Normal,2Vehicles-Behind,4,Saturday,9,True,False
201800018806,NonLethal,NightNoStreetLight,No,NoIntersection,Normal,Other,9,Monday,2,False,True
201800055330,NonLethal,NightStreelightsOn,Yes,NoIntersection,LightRain,3+Vehicles-Chain,12,Tuesday,22,False,False
201800006805,NonLethal,Daylight,Yes,NoIntersection,Normal,Other,9,Saturday,14,True,False
201800041669,NonLethal,Daylight,Yes,NoIntersection,HeavyRain,2Vehicles-Side,5,Sunday,8,True,False
201800056984,NonLethal,NightStreelightsOn,Yes,NoIntersection,LightRain,2Vehicles-BehindVehicles-Frontal,6,Monday,21,False,False
201800045074,NonLethal,Daylight,No,NoIntersection,Normal,2Vehicles-Behind,7,Friday,18,False,False
201800017721,NonLethal,Daylight,Yes,NoIntersection,Normal,NoCollision,3,Friday,18,False,False
201800041368,NonLethal,NightNoStreetLight,Yes,T-type,Normal,2Vehicles-Side,11,Friday,20,False,False
201800022338,NonLethal,Daylight,Yes,T-type,Normal,2Vehicles-Side,5,Tuesday,12,False,False
201800019470,NonLethal,NightStreelightsOn,No,X-type,Normal,2Vehicles-Side,11,Wednesday,18,False,False
201800022564,NonLethal,Daylight,No,Other,Normal,2Vehicles-Side,5,Wednesday,15,False,False
201800057727,NonLethal,Daylight,Yes,NoIntersection,Normal,Other,9,Friday,16,False,False
201800001235,NonLethal,Daylight,No,NoIntersection,Normal,2Vehicles-BehindVehicles-Frontal,4,Tuesday,7,False,False
201800022949,NonLethal,Daylight,Yes,NoIntersection,Normal,Other,3,Saturday,18,True,False
201800014736,NonLethal,Daylight,Yes,NoIntersection,Normal,Other,6,Wednesday,10,False,False
201800005599,NonLethal,Daylight,Yes,X-type,Normal,3+Vehicles-Multiple,2,Monday,16,False,False
201800045505,NonLethal,Daylight,No,NoIntersection,LightRain,2Vehicles-Behind,11,Wednesday,16,False,False
201800033675,NonLethal,Daylight,Yes,NoIntersection,Normal,3+Vehicles-Chain,5,Sunday,15,True,False
201800054943,NonLethal,Daylight,Yes,X-type,Normal,Other,3,Monday,14,False,False
201800037333,NonLethal,NightStreelightsOn,Yes,NoIntersection,Normal,Other,11,Wednesday,3,False,True
201800041508,NonLethal,Daylight,Yes,NoIntersection,LightRain,NoCollision,10,Tuesday,13,False,False
201800032877,NonLethal,Daylight,No,NoIntersection,Normal,NoCollision,7,Saturday,10,True,False
201800027719,NonLethal,Daylight,Yes,NoIntersection,Normal,2Vehicles-Side,4,Thursday,13,False,False
201800017807,NonLethal,Daylight,Yes,X-type,Normal,2Vehicles-Behind,2,Friday,15,False,False