AccidentId,Gravity,Light,InAgglomeration,IntersectionType,Weather,CollisionType,Month,DayOfWeek,HourOfDay,IsWeekend,IsNight
201800002856,Lethal,Daylight,No,NoIntersection,Normal,Other,9,Friday,12,False,False
201800016957,Lethal,NightStreelightsOn,Yes,NoIntersection,Overcast,Other,12,Saturday,17,True,False
201800047122,NonLethal,NightNoStreetLight,No,NoIntersection,Normal,2Vehicles-Behind,12,Friday,17,False,False
201800037939,NonLethal,Daylight,Yes,NoIntersection,Normal,3+Vehicles-Multiple,6,Saturday,18,True,False
201800025819,Lethal,NightStreelightsOn,No,Y-type,Normal,2Vehicles-BehindVehicles-Frontal,2,Wednesday,18,False,False
201800022043,NonLethal,NightStreelightsOn,Yes,NoIntersection,Normal,Other,4,Sunday,4,True,True
201800004696,NonLethal,NightNoStreetLight,No,NoIntersection,Normal,2Vehicles-BehindVehicles-Frontal,11,Sunday,21,True,False
201800050095,NonLethal,NightNoStreetLight,No,NoIntersection,Normal,3+Vehicles-Chain,2,Sunday,19,True,False
201800045887,NonLethal,Daylight,No,NoIntersection,Normal,2Vehicles-Side,5,Thursday,18,False,False
201800047384,NonLethal,NightStreelightsOn,Yes,NoIntersection,Normal,3+Vehicles-Chain,2,Thursday,19,False,False
201800014227,Lethal,NightNoStreetLight,No,NoIntersection,SnowOrHail,2Vehicles-BehindVehicles-Frontal,1,Saturday,17,True,False
201800007100,NonLethal,Daylight,No,NoIntersection,Normal,2Vehicles-BehindVehicles-Frontal,12,Sunday,12,True,False
201800020731,NonLethal,Daylight,Yes,X-type,Normal,2Vehicles-Side,8,Sunday,19,True,False
201800052937,NonLethal,Daylight,Yes,Y-type,Normal,Other,2,Tuesday,11,False,False
201800055767,NonLethal,Daylight,Yes,NoIntersection,Normal,2Vehicles-BehindVehicles-Frontal,12,Monday,15,False,False
201800006307,NonLethal,NightNoStreetLight,No,NoIntersection,StrongWindOrStorm,Other,1,Thursday,1,False,True
201800025664,NonLethal,NightStreelightsOn,Yes,NoIntersection,Normal,2Vehicles-BehindVehicles-Frontal,12,Saturday,19,True,False
201800054605,NonLethal,Daylight,Yes,X-type,LightRain,2Vehicles-Side,11,Tuesday,12,False,False
201800013119,Lethal,Daylight,No,X-type,Normal,2Vehicles-Behind,10,Thursday,18,False,False
201800031861,NonLethal,Daylight,Yes,T-type,Normal,2Vehicles-Side,8,Thursday,13,False,False
201800029946,NonLethal,TwilightOrDawn,Yes,NoIntersection,LightRain,Other,6,Saturday,19,True,False
201800023967,NonLethal,NightStreelightsOff,Yes,X-type,Normal,2Vehicles-Side,9,Saturday,20,True,False
201800010703,NonLethal,NightNoStreetLight,No,T-type,SnowOrHail,2Vehicles-Side,2,Tuesday,19,False,False
201800020714,NonLethal,NightNoStreetLight,No,NoIntersection,Normal,2Vehicles-Behind,4,Thursday,5,False,True
201800046735,NonLethal,Daylight,No,NoIntersection,Normal,Other,5,Monday,8,False,False
201800036299,NonLethal,Daylight,Yes,NoIntersection,Normal,Other,1,Tuesday,12,False,False
201800031702,NonLethal,Daylight,Yes,NoIntersection,Normal,2Vehicles-Side,6,Monday,9,False,False
201800050304,NonLethal,Daylight,Yes,NoIntersection,Normal,2Vehicles-Behind,2,Thursday,18,False,False
201800001700,NonLethal,Daylight,No,NoIntersection,LightRain,3+Vehicles-Chain,10,Monday,16,False,False
201800038728,NonLethal,Daylight,Yes,NoIntersection,Normal,2Vehicles-Side,11,Friday,11,False,False
201800028695,NonLethal,Daylight,Yes,T-type,HeavyRain,2Vehicles-Side,3,Thursday,9,False,False
201800007179,NonLethal,Daylight,No,NoIntersection,Normal,2Vehicles-Behind,5,Sunday,15,True,False
201800045041,NonLethal,Daylight,No,NoIntersection,Normal,2Vehicles-Behind,7,Tuesday,19,False,False
201800032011,NonLethal,TwilightOrDawn,Yes,NoIntersection,HeavyRain,Other,11,Tuesday,7,False,False
201800054119,NonLethal,Daylight,Yes,NoIntersection,LightRain,Other,6,Monday,12,False,False
201800047633,NonLethal,Daylight,Yes,NoIntersection,Normal,Other,2,Thursday,16,False,False
201800022224,NonLethal,NightNoStreetLight,No,NoIntersection,LightRain,2Vehicles-Behind,3,Friday,23,False,False
201800000020,NonLethal,Daylight,No,NoIntersection,Normal,NoCollision,5,Sunday,16,True,False
201800002678,NonLethal,Daylight,No,NoIntersection,Normal,NoCollision,11,Thursday,10,False,False
201800049013,NonLethal,TwilightOrDawn,No,NoIntersection,FogOrSmoke,NoCollision,9,Friday,7,False,False
201800007275,NonLethal,NightNoStreetLight,No,NoIntersection,Normal,2Vehicles-Behind,6,Tuesday,4,False,True
201800030976,NonLethal,NightStreelightsOn,Yes,NoIntersection,HeavyRain,2Vehicles-Side,1,Tuesday,22,False,False
201800048923,NonLethal,Daylight,No,NoIntersection,LightRain,3+Vehicles-Chain,6,Monday,9,False,False
201800013080,NonLethal,Daylight,No,Y-type,Normal,Other,7,Saturday,15,True,False
201800027204,NonLethal,Daylight,Yes,NoIntersection,Normal,Other,3,Saturday,18,True,False
201800028487,NonLethal,NightStreelightsOn,Yes,NoIntersection,Normal,2Vehicles-Behind,7,Sunday,22,True,False
201800007590,NonLethal,NightNoStreetLight,No,NoIntersection,Normal,2Vehicles-BehindVehicles-Frontal,2,Friday,3,False,True
201800013767,NonLethal,Daylight,No,NoIntersection,Normal,Other,9,Sunday,18,True,False
201800012212,NonLethal,Daylight,No,NoIntersection,Normal,2Vehicles-BehindVehicles-Frontal,10,Sunday,10,True,False
201800028022,NonLethal,Daylight,Yes,Roundabout,Normal,2Vehicles-Side,5,Thursday,9,False,False
201800018214,NonLethal,Daylight,No,NoIntersection,Normal,2Vehicles-Side,5,Friday,13,False,False
201800053697,NonLethal,NightStreelightsOn,Yes,NoIntersection,Normal,2Vehicles-Side,12,Sunday,21,True,False
201800027465,NonLethal,Daylight,Yes,NoIntersection,Normal,2Vehicles-Side,10,Thursday,18,False,False
201800035897,NonLethal,Daylight,Yes,Roundabout,Normal,Other,5,Wednesday,18,False,False
201800004854,NonLethal,Daylight,No,NoIntersection,Normal,2Vehicles-Side,6,Tuesday,9,False,False
201800034088,NonLethal,Daylight,Yes,NoIntersection,Normal,2Vehicles-Side,10,Tuesday,9,False,False
201800046165,NonLethal,NightStreelightsOn,No,NoIntersection,Normal,2Vehicles-Side,10,Wednesday,7,False,False
201800054919,NonLethal,NightStreelightsOn,Yes,X-type,Normal,Other,2,Thursday,23,False,False
201800006776,Lethal,Daylight,No,NoIntersection,Normal,Other,12,Monday,12,False,False
201800008805,NonLethal,Daylight,Yes,NoIntersection,Normal,2Vehicles-Side,4,Thursday,18,False,False
201800016154,NonLethal,NightStreelightsOn,No,Y-type,Normal,2Vehicles-Behind,1,Saturday,4,True,True
201800013690,NonLethal,Daylight,Yes,NoIntersection,Normal,Other,7,Monday,11,False,False
201800012182,NonLethal,Daylight,No,NoIntersection,LightRain,Other,2,Thursday,10,False,False
201800003916,NonLethal,Daylight,Yes,Square,Normal,Other,4,Thursday,11,False,False
201800006481,NonLethal,Daylight,No,Other,Normal,Other,6,Thursday,10,False,False
201800006473,Lethal,NightNoStreetLight,No,NoIntersection,StrongWindOrStorm,Other,10,Sunday,21,True,False
201800007406,NonLethal,Daylight,Yes,Roundabout,Normal,2Vehicles-Behind,10,Tuesday,14,False,False
201800012577,NonLethal,Daylight,No,T-type,Normal,2Vehicles-Behind,8,Wednesday,10,False,False
201800005050,NonLethal,Daylight,Yes,T-type,Normal,2Vehicles-Side,7,Friday,15,False,False
201800018542,NonLethal,TwilightOrDawn,No,NoIntersection,Normal,2Vehicles-BehindVehicles-Frontal,11,Monday,17,False,False
201800011015,NonLethal,Daylight,Yes,NoIntersection,Normal,2Vehicles-Side,10,Sunday,11,True,False
201800021472,NonLethal,NightNoStreetLight,No,NoIntersection,Normal,Other,8,Monday,23,False,False
201800029996,NonLethal,Daylight,Yes,Other,Normal,Other,6,Friday,18,False,False
201800016212,NonLethal,NightStreelightsOn,Yes,X-type,Normal,Other,9,Wednesday,2,False,True
201800006716,NonLethal,TwilightOrDawn,No,NoIntersection,Normal,2Vehicles-Behind,5,Thursday,20,False,False
201800029070,NonLethal,TwilightOrDawn,Yes,Roundabout,LightRain,2Vehicles-Behind,10,Wednesday,7,False,False
201800034198,NonLethal,Daylight,No,NoIntersection,Normal,2Vehicles-Behind,9,Saturday,16,True,False
201800052486,NonLethal,Daylight,Yes,NoIntersection,Normal,2Vehicles-Side,7,Thursday,20,False,False
201800020419,NonLethal,NightNoStreetLight,No,NoIntersection,Normal,Other,8,Sunday,23,True,False
201800045971,NonLethal,Daylight,No,NoIntersection,Normal,2Vehicles-Behind,7,Wednesday,14,False,False
201800041043,NonLethal,Daylight,Yes,NoIntersection,Normal,2Vehicles-Side,7,Tuesday,13,False,False
201800032546,NonLethal,TwilightOrDawn,Yes,T-type,Normal,2Vehicles-Side,9,Saturday,19,True,False
201800056052,NonLethal,NightStreelightsOn,Yes,NoIntersection,LightRain,2Vehicles-BehindVehicles-Frontal,12,Sunday,23,True,False
201800025766,NonLethal,NightNoStreetLight,No,Other,Normal,2Vehicles-Side,11,Monday,0,False,True
201800004918,NonLethal,Daylight,No,NoIntersection,Normal,Other,7,Tuesday,14,False,False
201800039278,NonLethal,Daylight,Yes,NoIntersection,Normal,2Vehicles-Behind,7,Thursday,14,False,False
201800038369,NonLethal,NightStreelightsOn,Yes,T-type,HeavyRain,Other,5,Friday,21,False,False
201800022084,NonLethal,Daylight,Yes,X-type,Normal,2Vehicles-Side,7,Thursday,19,False,False
201800025361,NonLethal,Daylight,Yes,NoIntersection,Normal,3+Vehicles-Chain,6,Friday,16,False,False
201800036541,NonLethal,Daylight,Yes,NoIntersection,Normal,Other,6,Tuesday,18,False,False
201800052101,NonLethal,Daylight,Yes,NoIntersection,Normal,2Vehicles-Side,7,Thursday,9,False,False
201800030053,NonLethal,NightStreelightsOn,No,NoIntersection,Normal,3+Vehicles-Chain,12,Monday,18,False,False
201800040775,NonLethal,TwilightOrDawn,Yes,NoIntersection,Normal,2Vehicles-Side,4,Tuesday,19,False,False
201800033700,NonLethal,Daylight,Yes,T-type,Normal,2Vehicles-Side,10,Saturday,16,True,False
201800048940,NonLethal,Daylight,No,NoIntersection,Normal,3+Vehicles-Chain,7,Thursday,9,False,False
201800052891,NonLethal,Daylight,Yes,T-type,Normal,Other,12,Saturday,11,True,False
201800043237,NonLethal,Daylight,Yes,T-type,Normal,Other,6,Thursday,20,False,False
201800053046,NonLethal,Daylight,Yes,Square,Normal,NoCollision,6,Wednesday,15,False,False
201800052547,NonLethal,NightStreelightsOn,Yes,T-type,Normal,2Vehicles-Side,9,Sunday,20,True,False
201800043528,NonLethal,NightStreelightsOn,Yes,NoIntersection,Normal,2Vehicles-Side,3,Tuesday,20,False,False
201800050648,NonLethal,NightStreelightsOn,Yes,T-type,HeavyRain,Other,1,Thursday,3,False,True
201800037091,NonLethal,TwilightOrDawn,Yes,X-type,Overcast,3+Vehicles-Multiple,1,Thursday,17,False,False
201800039602,NonLethal,NightStreelightsOn,Yes,T-type,LightRain,2Vehicles-BehindVehicles-Frontal,12,Sunday,21,True,False
201800014939,NonLethal,Daylight,No,NoIntersection,FogOrSmoke,Other,12,Saturday,10,True,False
201800032024,NonLethal,NightStreelightsOn,Yes,NoIntersection,Normal,2Vehicles-Side,11,Saturday,19,True,False
201800048822,NonLethal,Daylight,No,NoIntersection,Normal,2Vehicles-Behind,2,Monday,17,False,False
201800036031,NonLethal,Daylight,Yes,NoIntersection,LightRain,Other,3,Monday,13,False,False
201800057769,NonLethal,NightNoStreetLight,Yes,Other,Normal,Other,11,Wednesday,20,False,False
201800053382,NonLethal,Daylight,Yes,X-type,HeavyRain,Other,5,Monday,20,False,False
201800026867,NonLethal,Daylight,Yes,X-type,Normal,3+Vehicles-Multiple,7,Monday,21,False,False
201800052720,NonLethal,Daylight,Yes,Y-type,Normal,Other,5,Saturday,14,True,False
201800008296,NonLethal,Daylight,Yes,NoIntersection,Normal,2Vehicles-Behind,5,Tuesday,12,False,False
201800045737,NonLethal,Daylight,No,NoIntersection,LightRain,3+Vehicles-Chain,3,Friday,9,False,False
201800047054,NonLethal,NightNoStreetLight,No,NoIntersection,Normal,NoCollision,11,Sunday,0,True,True
201800022057,NonLethal,Daylight,Yes,NoIntersection,Normal,2Vehicles-Behind,5,Friday,17,False,False
201800011931,Lethal,Daylight,No,NoIntersection,LightRain,2Vehicles-BehindVehicles-Frontal,11,Wednesday,14,False,False
201800044501,NonLethal,NightNoStreetLight,No,NoIntersection,LightRain,Other,4,Sunday,17,True,False
201800050378,NonLethal,Daylight,Yes,NoIntersection,Normal,2Vehicles-Behind,7,Sunday,12,True,False
201800040829,NonLethal,Daylight,Yes,NoIntersection,LightRain,Other,3,Thursday,16,False,False
201800004584,NonLethal,Daylight,No,T-type,Normal,2Vehicles-Side,2,Monday,8,False,False
201800055353,NonLethal,Daylight,Yes,NoIntersection,Normal,3+Vehicles-Chain,4,Monday,9,False,False
201800040203,NonLethal,Daylight,Yes,T-type,Normal,Other,6,Wednesday,16,False,False
201800037617,NonLethal,NightStreelightsOn,Yes,NoIntersection,Normal,2Vehicles-Side,7,Wednesday,23,False,False
201800004577,NonLethal,Daylight,Yes,NoIntersection,Normal,NoCollision,11,Friday,18,False,False
201800025317,NonLethal,Daylight,Yes,NoIntersection,Normal,Other,5,Tuesday,19,False,False
201800018574,NonLethal,TwilightOrDawn,Yes,Y-type,Normal,Other,7,Tuesday,5,False,True
201800028905,NonLethal,Daylight,Yes,NoIntersection,Normal,Other,3,Monday,11,False,False
201800024742,NonLethal,NightNoStreetLight,No,NoIntersection,Normal,NoCollision,4,Thursday,23,False,False
201800021997,NonLethal,NightStreelightsOn,Yes,T-type,Normal,2Vehicles-Side,1,Friday,19,False,False
201800029271,NonLethal,Daylight,No,NoIntersection,Normal,2Vehicles-BehindVehicles-Frontal,6,Friday,12,False,False
201800040374,NonLethal,Daylight,Yes,NoIntersection,LightRain,Other,6,Tuesday,14,False,False
201800044364,NonLethal,NightNoStreetLight,No,Other,Normal,2Vehicles-Behind,8,Saturday,23,True,False
201800040463,NonLethal,Daylight,Yes,X-type,Normal,2Vehicles-Side,1,Friday,9,False,False
201800043022,NonLethal,Daylight,Yes,NoIntersection,Normal,Other,7,Saturday,16,True,False
201800015092,NonLethal,Daylight,No,X-type,Normal,2Vehicles-Side,7,Wednesday,13,False,False
201800027660,NonLethal,Daylight,Yes,Roundabout,Normal,2Vehicles-Side,11,Wednesday,10,False,False
201800053754,NonLethal,Daylight,Yes,MoreThan4Branches,Normal,Other,10,Thursday,8,False,False
201800025944,NonLethal,Daylight,Yes,NoIntersection,Normal,Other,10,Thursday,14,False,False
201800041351,NonLethal,NightStreelightsOn,Yes,NoIntersection,Normal,2Vehicles-Behind,7,Friday,23,False,False
201800051131,NonLethal,Daylight,Yes,T-type,Normal,Other,2,Wednesday,13,False,False
201800038608,NonLethal,Daylight,Yes,NoIntersection,Normal,2Vehicles-Behind,7,Monday,15,False,False
201800036112,NonLethal,NightStreelightsOn,Yes,NoIntersection,Normal,Other,6,Saturday,23,True,False
201800002241,Lethal,Daylight,No,NoIntersection,Normal,3+Vehicles-Multiple,8,Friday,14,False,False
201800006261,NonLethal,Daylight,No,NoIntersection,Normal,Other,2,Sunday,11,True,False
201800049563,NonLethal,Daylight,No,NoIntersection,Normal,2Vehicles-Behind,4,Saturday,12,True,False
201800035515,NonLethal,NightStreelightsOn,Yes,NoIntersection,Normal,2Vehicles-Behind,9,Monday,0,False,True
201800019690,NonLethal,NightStreelightsOn,Yes,NoIntersection,Normal,Other,8,Wednesday,1,False,True
201800010078,NonLethal,Daylight,Yes,Roundabout,Normal,Other,11,Saturday,12,True,False
201800038027,NonLethal,Daylight,Yes,NoIntersection,Normal,2Vehicles-Side,4,Thursday,10,False,False
201800007055,NonLethal,NightNoStreetLight,No,NoIntersection,Normal,2Vehicles-BehindVehicles-Frontal,12,Friday,18,False,False
201800027862,NonLethal,Daylight,Yes,X-type,LightRain,2Vehicles-Side,10,Saturday,13,True,False
201800053624,NonLethal,Daylight,Yes,NoIntersection,Normal,Other,11,Friday,10,False,False
201800020918,NonLethal,Daylight,Yes,NoIntersection,Normal,Other,12,Thursday,9,False,False
201800050820,NonLethal,NightStreelightsOff,Yes,X-type,Normal,2Vehicles-Side,1,Monday,8,False,False
201800045548,NonLethal,Daylight,No,NoIntersection,LightRain,2Vehicles-Behind,12,Saturday,16,True,False
201800000489,NonLethal,Daylight,No,NoIntersection,Normal,2Vehicles-BehindVehicles-Frontal,9,Tuesday,9,False,False
201800054346,NonLethal,Daylight,Yes,T-type,LightRain,Other,3,Sunday,14,True,False
201800052500,NonLethal,Daylight,Yes,Square,Normal,2Vehicles-Side,8,Tuesday,10,False,False
201800030253,NonLethal,NightStreelightsOn,Yes,NoIntersection,Overcast,Other,1,Tuesday,19,False,False
201800028350,NonLethal,Daylight,Yes,NoIntersection,Normal,Other,3,Friday,17,False,False
201800040322,NonLethal,Daylight,Yes,NoIntersection,Normal,Other,6,Thursday,11,False,False
201800024673,NonLethal,Daylight,Yes,Roundabout,Normal,Other,2,Wednesday,7,False,False
201800046712,NonLethal,Daylight,No,NoIntersection,Normal,3+Vehicles-Chain,6,Friday,21,False,False
201800032373,NonLethal,NightStreelightsOn,Yes,NoIntersection,Overcast,2Vehicles-Side,2,Saturday,18,True,False
201800044199,NonLethal,Daylight,No,NoIntersection,Normal,2Vehicles-Side,9,Sunday,17,True,False
201800030421,NonLethal,Daylight,Yes,NoIntersection,Normal,Other,10,Monday,15,False,False
201800037697,NonLethal,Daylight,Yes,X-type,Normal,2Vehicles-Side,7,Monday,13,False,False
201800014075,NonLethal,TwilightOrDawn,No,NoIntersection,Normal,2Vehicles-BehindVehicles-Frontal,9,Sunday,19,True,False
201800001859,NonLethal,Daylight,Yes,NoIntersection,Normal,Other,5,Monday,10,False,False
201800010412,NonLethal,NightStreelightsOn,Yes,NoIntersection,Normal,2Vehicles-Behind,8,Thursday,1,False,True
201800010485,NonLethal,NightNoStreetLight,No,NoIntersection,Normal,Other,10,Thursday,7,False,False
201800015766,NonLethal,NightNoStreetLight,Yes,NoIntersection,Normal,Other,5,Wednesday,1,False,True
201800040525,NonLethal,Daylight,Yes,NoIntersection,Normal,2Vehicles-Side,12,Friday,16,False,False
201800020047,NonLethal,Daylight,No,NoIntersection,VeryGood,2Vehicles-Behind,7,Thursday,12,False,False
201800048026,NonLethal,NightStreelightsOn,Yes,Roundabout,Normal,Other,1,Saturday,6,True,True
201800035858,NonLethal,Daylight,Yes,NoIntersection,Normal,2Vehicles-Side,2,Monday,17,False,False
201800002882,NonLethal,NightNoStreetLight,No,NoIntersection,Normal,2Vehicles-BehindVehicles-Frontal,8,Wednesday,1,False,True
201800022908,NonLethal,TwilightOrDawn,Yes,NoIntersection,Normal,Other,1,Monday,7,False,False
201800041876,NonLethal,Daylight,Yes,NoIntersection,Normal,Other,6,Monday,16,False,False
201800002989,NonLethal,TwilightOrDawn,No,NoIntersection,Normal,NoCollision,5,Tuesday,19,False,False
201800023037,NonLethal,Daylight,Yes,NoIntersection,Normal,Other,4,Saturday,6,True,True
201800000198,NonLethal,Daylight,Yes,NoIntersection,LightRain,Other,11,Saturday,15,True,False
201800023906,NonLethal,TwilightOrDawn,Yes,NoIntersection,Normal,2Vehicles-Behind,5,Tuesday,20,False,False
201800045461,NonLethal,NightStreelightsOn,No,NoIntersection,Normal,2Vehicles-Behind,11,Thursday,18,False,False
201800020340,NonLethal,NightNoStreetLight,No,NoIntersection,LightRain,Other,1,Tuesday,19,False,False
201800036075,NonLethal,Daylight,Yes,T-type,Normal,2Vehicles-Side,5,Thursday,9,False,False
201800025600,NonLethal,NightStreelightsOn,Yes,NoIntersection,FogOrSmoke,Other,11,Friday,4,False,True
201800008410,NonLethal,Daylight,Yes,NoIntersection,LightRain,2Vehicles-Behind,1,Friday,15,False,False
201800033011,NonLethal,Daylight,Yes,NoIntersection,Normal,Other,8,Sunday,11,True,False
201800024265,NonLethal,NightStreelightsOn,Yes,NoIntersection,Normal,Other,2,Thursday,19,False,False
201800050800,NonLethal,Daylight,Yes,T-type,Normal,Other,9,Wednesday,17,False,False
201800049955,NonLethal,Daylight,No,NoIntersection,Normal,2Vehicles-Side,7,Monday,7,False,False
201800003840,NonLethal,Daylight,No,NoIntersection,VeryGood,2Vehicles-BehindVehicles-Frontal,9,Thursday,15,False,False
201800000939,NonLethal,Daylight,No,NoIntersection,Normal,NoCollision,10,Tuesday,17,False,False
201800007424,NonLethal,NightStreelightsOn,Yes,T-type,Normal,2Vehicles-Side,9,Friday,23,False,False
201800015681,NonLethal,Daylight,Yes,Square,Normal,NoCollision,7,Sunday,18,True,False
201800028633,NonLethal,Daylight,Yes,Roundabout,Normal,2Vehicles-Side,1,Friday,13,False,False
201800050573,NonLethal,Daylight,Yes,T-type,Normal,NoCollision,7,Sunday,17,True,False
201800014013,NonLethal,NightNoStreetLight,No,NoIntersection,Normal,Other,10,Tuesday,19,False,False
201800044141,NonLethal,NightStreelightsOn,No,NoIntersection,Normal,2Vehicles-Behind,7,Monday,23,False,False
201800016531,NonLethal,NightStreelightsOn,Yes,Roundabout,Normal,Other,9,Tuesday,4,False,True
201800012457,NonLethal,Daylight,No,X-type,Overcast,2Vehicles-Side,12,Monday,13,False,False
201800045447,NonLethal,Daylight,No,NoIntersection,LightRain,Other,12,Tuesday,9,False,False
201800007850,NonLethal,NightStreelightsOn,Yes,NoIntersection,LightRain,Other,12,Sunday,4,True,True
201800021390,NonLethal,Daylight,Yes,T-type,Normal,2Vehicles-Side,2,Tuesday,8,False,False
201800042997,NonLethal,TwilightOrDawn,Yes,NoIntersection,Normal,2Vehicles-Side,5,Wednesday,20,False,False
201800046882,NonLethal,NightNoStreetLight,No,NoIntersection,Normal,2Vehicles-Behind,9,Wednesday,23,False,False
201800040874,NonLethal,Daylight,Yes,NoIntersection,Normal,2Vehicles-Side,5,Friday,21,False,False
201800023835,NonLethal,NightStreelightsOn,Yes,Roundabout,LightRain,Other,1,Sunday,2,True,True
201800033881,NonLethal,TwilightOrDawn,Yes,T-type,Normal,Other,11,Wednesday,7,False,False
201800031647,NonLethal,TwilightOrDawn,Yes,NoIntersection,Normal,Other,1,Wednesday,16,False,False
201800051219,NonLethal,Daylight,Yes,Square,Normal,2Vehicles-Side,4,Tuesday,16,False,False
201800010159,NonLethal,NightStreelightsOn,Yes,NoIntersection,Normal,2Vehicles-Behind,12,Saturday,23,True,False
201800018833,NonLethal,Daylight,Yes,Other,Normal,Other,3,Wednesday,16,False,False
201800038818,NonLethal,Daylight,Yes,T-type,Normal,2Vehicles-Side,5,Monday,8,False,False
201800051560,NonLethal,Daylight,Yes,X-type,Normal,Other,7,Monday,17,False,False
201800033755,NonLethal,NightStreelightsOn,Yes,Roundabout,Normal,3+Vehicles-Multiple,4,Friday,23,False,False
201800004573,NonLethal,Daylight,No,NoIntersection,Normal,Other,12,Tuesday,13,False,False
201800001068,NonLethal,NightNoStreetLight,No,T-type,LightRain,2Vehicles-Side,11,Tuesday,19,False,False
201800047466,NonLethal,Daylight,Yes,NoIntersection,Normal,Other,4,Wednesday,13,False,False
201800018429,NonLethal,Daylight,No,NoIntersection,Normal,Other,10,Friday,15,False,False
201800025868,NonLethal,Daylight,Yes,T-type,Normal,2Vehicles-Side,11,Saturday,11,True,False
201800024977,NonLethal,Daylight,No,NoIntersection,Normal,2Vehicles-Behind,10,Friday,17,False,False
201800009461,NonLethal,Daylight,Yes,NoIntersection,Normal,Other,7,Tuesday,16,False,False
201800009819,NonLethal,TwilightOrDawn,Yes,X-type,Normal,2Vehicles-BehindVehicles-Frontal,9,Friday,19,False,False
201800002424,NonLethal,NightNoStreetLight,Yes,NoIntersection,Normal,Other,1,Tuesday,23,False,False
201800032600,NonLethal,Daylight,Yes,X-type,Normal,Other,10,Tuesday,17,False,False
201800054581,NonLethal,Daylight,Yes,T-type,Normal,Other,10,Wednesday,10,False,False
201800030620,NonLethal,Daylight,Yes,NoIntersection,Normal,2Vehicles-Behind,10,Tuesday,12,False,False
201800039124,NonLethal,Daylight,Yes,NoIntersection,HeavyRain,2Vehicles-Side,4,Tuesday,17,False,False
201800025040,NonLethal,Daylight,Yes,Roundabout,Normal,3+Vehicles-Chain,11,Tuesday,7,False,False
201800015054,NonLethal,NightNoStreetLight,No,NoIntersection,LightRain,2Vehicles-Side,1,Tuesday,19,False,False
201800002683,NonLethal,Daylight,Yes,T-type,Normal,2Vehicles-Side,11,Thursday,10,False,False
201800018299,Lethal,Daylight,No,NoIntersection,Normal,Other,8,Saturday,8,True,False
201800044018,NonLethal,NightNoStreetLight,No,NoIntersection,LightRain,NoCollision,5,Tuesday,23,False,False
201800001458,NonLethal,Daylight,No,NoIntersection,LightRain,2Vehicles-BehindVehicles-Frontal,5,Monday,13,False,False
201800004916,Lethal,NightNoStreetLight,No,NoIntersection,Normal,Other,3,Saturday,23,True,False
201800054753,Lethal,Daylight,Yes,T-type,Normal,Other,6,Wednesday,12,False,False
201800038413,NonLethal,Daylight,Yes,NoIntersection,Normal,Other,2,Sunday,16,True,False
201800043229,NonLethal,Daylight,Yes,NoIntersection,Normal,Other,6,Friday,11,False,False
201800046862,NonLethal,Daylight,No,NoIntersection,Normal,2Vehicles-Behind,9,Thursday,19,False,False
201800047999,NonLethal,NightNoStreetLight,No,NoIntersection,Normal,Other,12,Thursday,1,False,True
201800045661,NonLethal,NightStreelightsOn,No,NoIntersection,LightRain,Other,1,Sunday,3,True,True
201800028739,NonLethal,Daylight,Yes,X-type,Normal,Other,3,Tuesday,11,False,False
201800007836,NonLethal,Daylight,Yes,NoIntersection,Normal,Other,5,Sunday,7,True,False
201800046145,NonLethal,NightStreelightsOn,No,NoIntersection,Normal,2Vehicles-Side,9,Monday,18,False,False
201800046228,NonLethal,Daylight,No,NoIntersection,Normal,2Vehicles-Behind,11,Tuesday,17,False,False
201800030845,NonLethal,Daylight,Yes,T-type,Normal,2Vehicles-Side,7,Friday,11,False,False
201800020009,NonLethal,Daylight,No,NoIntersection,VeryGood,2Vehicles-Behind,5,Sunday,9,True,False
201800020635,NonLethal,TwilightOrDawn,Yes,NoIntersection,Normal,2Vehicles-Behind,11,Tuesday,18,False,False
201800028188,NonLethal,Daylight,Yes,NoIntersection,Normal,Other,12,Friday,16,False,False
201800007388,NonLethal,Daylight,Yes,NoIntersection,Normal,2Vehicles-Behind,8,Thursday,10,False,False
201800051252,NonLethal,NightStreelightsOn,Yes,X-type,LightRain,2Vehicles-Side,12,Tuesday,6,False,True
201800029819,NonLethal,Daylight,Yes,NoIntersection,VeryGood,Other,3,Tuesday,16,False,False
201800000068,NonLethal,NightNoStreetLight,No,NoIntersection,Normal,Other,2,Saturday,22,True,False
201800035257,NonLethal,Daylight,No,NoIntersection,Normal,2Vehicles-BehindVehicles-Frontal,7,Wednesday,11,False,False
201800016195,NonLethal,Daylight,No,NoIntersection,Normal,NoCollision,4,Tuesday,16,False,False
201800045954,NonLethal,Daylight,No,NoIntersection,Normal,Other,6,Tuesday,14,False,False
201800038562,NonLethal,Daylight,Yes,NoIntersection,Normal,2Vehicles-Side,4,Thursday,18,False,False
201800043868,NonLethal,Daylight,No,NoIntersection,Normal,2Vehicles-Side,3,Friday,17,False,False
201800023116,NonLethal,NightStreelightsOn,Yes,NoIntersection,Normal,NoCollision,6,Friday,4,False,True
201800050268,NonLethal,Daylight,Yes,X-type,Normal,Other,5,Wednesday,17,False,False
201800053594,NonLethal,Daylight,Yes,X-type,LightRain,Other,11,Monday,10,False,False