AccidentId,Gravity,Light,InAgglomeration,IntersectionType,Weather,CollisionType,Month,DayOfWeek,HourOfDay,IsWeekend,IsNight
201800049120,NonLethal,Daylight,No,NoIntersection,Normal,2Vehicles-Behind,2,Tuesday,8,False,False
201800036359,NonLethal,Daylight,Yes,NoIntersection,Normal,Other,5,Thursday,17,False,False
201800055009,NonLethal,Daylight,Yes,NoIntersection,Normal,Other,5,Thursday,14,False,False
201800007140,Lethal,Daylight,No,Y-type,Normal,2Vehicles-Side,5,Monday,13,False,False
201800037277,NonLethal,NightStreelightsOn,Yes,NoIntersection,Normal,2Vehicles-Side,6,Saturday,22,True,False
201800048287,NonLethal,Daylight,Yes,X-type,LightRain,2Vehicles-Side,5,Wednesday,18,False,False
201800038080,NonLethal,Daylight,Yes,T-type,Normal,Other,3,Friday,17,False,False
201800036443,NonLethal,Daylight,Yes,NoIntersection,Normal,3+Vehicles-Chain,6,Friday,17,False,False
201800051688,NonLethal,NightStreelightsOn,Yes,X-type,Normal,3+Vehicles-Multiple,3,Saturday,2,True,True
201800050778,NonLethal,Daylight,Yes,NoIntersection,Normal,2Vehicles-Behind,8,Sunday,15,True,False
201800038240,NonLethal,TwilightOrDawn,Yes,NoIntersection,Normal,Other,11,Monday,8,False,False
201800054573,NonLethal,Daylight,Yes,NoIntersection,Normal,Other,10,Sunday,12,True,False
201800041467,NonLethal,Daylight,Yes,Square,Normal,2Vehicles-Behind,7,Thursday,18,False,False
201800034605,NonLethal,Daylight,No,Other,Normal,Other,6,Tuesday,19,False,False
201800018108,NonLethal,Daylight,Yes,T-type,Normal,2Vehicles-Side,6,Sunday,18,True,False
201800010381,NonLethal,Daylight,No,NoIntersection,Normal,2Vehicles-Behind,4,Thursday,12,False,False
201800024469,NonLethal,NightStreelightsOn,Yes,NoIntersection,Normal,NoCollision,10,Thursday,20,False,False
201800032246,NonLethal,NightStreelightsOn,Yes,NoIntersection,Normal,Other,3,Thursday,23,False,False
201800027794,NonLethal,NightStreelightsOn,Yes,T-type,Overcast,2Vehicles-Side,1,Thursday,20,False,False
201800003807,NonLethal,NightStreelightsOn,No,Roundabout,Normal,NoCollision,2,Thursday,23,False,False
201800029816,NonLethal,Daylight,Yes,Roundabout,Normal,2Vehicles-BehindVehicles-Frontal,11,Thursday,12,False,False
201800050908,NonLethal,NightStreelightsOn,Yes,NoIntersection,Normal,Other,7,Sunday,23,True,False
201800001202,NonLethal,Daylight,No,T-type,Normal,2Vehicles-Side,9,Thursday,16,False,False
201800029624,NonLethal,Daylight,Yes,Other,Normal,Other,8,Friday,18,False,False
201800028085,NonLethal,Daylight,Yes,NoIntersection,Normal,2Vehicles-Behind,8,Thursday,14,False,False
201800026173,NonLethal,Daylight,Yes,LevelCrossing,Normal,Other,6,Friday,11,False,False
201800010195,NonLethal,Daylight,Yes,NoIntersection,Normal,2Vehicles-Behind,12,Friday,15,False,False
201800029263,Lethal,Daylight,No,NoIntersection,Normal,2Vehicles-Side,7,Tuesday,12,False,False
201800005993,NonLethal,Daylight,Yes,T-type,Normal,2Vehicles-BehindVehicles-Frontal,6,Friday,18,False,False
201800013183,NonLethal,Daylight,No,NoIntersection,Normal,NoCollision,10,Sunday,12,True,False
201800006749,NonLethal,Daylight,No,NoIntersection,HeavyRain,2Vehicles-Behind,12,Thursday,16,False,False
201800050445,NonLethal,NightStreelightsOn,Yes,X-type,Normal,Other,4,Friday,22,False,False
201800043386,NonLethal,NightStreelightsOn,Yes,X-type,LightRain,2Vehicles-Side,9,Friday,5,False,True
201800052709,NonLethal,Daylight,Yes,NoIntersection,Normal,Other,4,Thursday,17,False,False
201800013691,NonLethal,NightStreelightsOn,Yes,NoIntersection,Normal,2Vehicles-BehindVehicles-Frontal,7,Monday,20,False,False
201800040464,NonLethal,Daylight,Yes,NoIntersection,LightRain,Other,1,Tuesday,16,False,False
201800050353,NonLethal,TwilightOrDawn,Yes,X-type,Overcast,2Vehicles-Behind,1,Saturday,17,True,False
201800034046,NonLethal,NightStreelightsOn,Yes,NoIntersection,Normal,2Vehicles-Behind,8,Sunday,6,True,True
201800046458,NonLethal,Daylight,No,NoIntersection,Normal,2Vehicles-Behind,10,Wednesday,16,False,False
201800010690,NonLethal,Daylight,Yes,T-type,Normal,3+Vehicles-Chain,5,Monday,11,False,False
201800050922,NonLethal,NightNoStreetLight,Yes,T-type,Normal,Other,3,Friday,20,False,False
201800043770,NonLethal,Daylight,Yes,NoIntersection,Normal,3+Vehicles-Multiple,12,Friday,15,False,False
201800026315,NonLethal,Daylight,Yes,NoIntersection,Normal,Other,3,Wednesday,14,False,False
201800054113,NonLethal,TwilightOrDawn,Yes,X-type,Normal,2Vehicles-Side,4,Friday,22,False,False
201800043882,NonLethal,Daylight,No,NoIntersection,LightRain,3+Vehicles-Chain,3,Tuesday,19,False,False
201800017659,NonLethal,Daylight,No,NoIntersection,Normal,Other,10,Thursday,16,False,False
201800040266,NonLethal,Daylight,Yes,NoIntersection,Overcast,Other,12,Saturday,14,True,False
201800048935,NonLethal,TwilightOrDawn,No,NoIntersection,HeavyRain,2Vehicles-Side,6,Saturday,21,True,False
201800012529,NonLethal,Daylight,Yes,NoIntersection,Normal,NoCollision,7,Monday,14,False,False
201800013442,NonLethal,Daylight,No,X-type,LightRain,2Vehicles-BehindVehicles-Frontal,10,Wednesday,13,False,False
201800044449,NonLethal,NightStreelightsOn,No,NoIntersection,Normal,2Vehicles-Behind,12,Wednesday,6,False,True
201800046655,NonLethal,Daylight,No,NoIntersection,Normal,2Vehicles-Behind,7,Friday,7,False,False
201800056627,Lethal,NightNoStreetLight,No,NoIntersection,Normal,NoCollision,6,Monday,4,False,True
201800015149,NonLethal,Daylight,No,NoIntersection,Normal,NoCollision,1,Thursday,10,False,False
201800033948,NonLethal,NightStreelightsOn,Yes,NoIntersection,Normal,2Vehicles-BehindVehicles-Frontal,2,Friday,21,False,False
201800042734,NonLethal,Daylight,Yes,NoIntersection,Overcast,2Vehicles-Side,1,Sunday,14,True,False
201800038978,NonLethal,NightStreelightsOn,Yes,Roundabout,LightRain,2Vehicles-Behind,12,Sunday,22,True,False
201800007384,NonLethal,Daylight,Yes,T-type,Normal,2Vehicles-Side,8,Saturday,15,True,False
201800043354,NonLethal,NightStreelightsOff,Yes,NoIntersection,Normal,Other,12,Wednesday,7,False,False
201800049584,NonLethal,Daylight,No,NoIntersection,Normal,2Vehicles-BehindVehicles-Frontal,8,Friday,9,False,False
201800027655,NonLethal,TwilightOrDawn,Yes,X-type,Normal,2Vehicles-Side,9,Tuesday,7,False,False
201800021792,NonLethal,Daylight,Yes,NoIntersection,Normal,NoCollision,4,Thursday,16,False,False
201800046478,NonLethal,Daylight,No,NoIntersection,Normal,2Vehicles-Side,3,Thursday,8,False,False
201800013761,NonLethal,NightNoStreetLight,No,NoIntersection,Normal,NoCollision,2,Friday,21,False,False
201800012538,NonLethal,NightStreelightsOn,Yes,NoIntersection,HeavyRain,Other,12,Friday,20,False,False
201800006549,NonLethal,Daylight,Yes,NoIntersection,Normal,2Vehicles-Side,12,Saturday,17,True,False
201800051129,NonLethal,Daylight,Yes,X-type,Normal,2Vehicles-Side,6,Saturday,15,True,False
201800028020,NonLethal,Daylight,Yes,Roundabout,Normal,2Vehicles-BehindVehicles-Frontal,5,Tuesday,7,False,False
201800037281,NonLethal,Daylight,Yes,NoIntersection,Normal,Other,7,Saturday,21,True,False
201800022852,NonLethal,Daylight,No,NoIntersection,VeryGood,3+Vehicles-Multiple,6,Monday,7,False,False
201800050559,NonLethal,NightStreelightsOn,Yes,T-type,Normal,2Vehicles-Side,6,Saturday,23,True,False
201800046232,NonLethal,NightStreelightsOff,No,NoIntersection,Other,2Vehicles-Behind,11,Thursday,19,False,False
201800019779,NonLethal,Daylight,Yes,T-type,Normal,2Vehicles-BehindVehicles-Frontal,4,Wednesday,13,False,False
201800027834,NonLethal,NightStreelightsOn,Yes,T-type,LightRain,NoCollision,12,Sunday,18,True,False
201800044192,NonLethal,Daylight,No,NoIntersection,Normal,2Vehicles-Behind,8,Thursday,10,False,False
201800016711,NonLethal,Daylight,No,NoIntersection,Normal,NoCollision,7,Wednesday,16,False,False
201800056076,NonLethal,NightNoStreetLight,Yes,NoIntersection,Normal,2Vehicles-BehindVehicles-Frontal,10,Saturday,20,True,False
201800008232,NonLethal,Daylight,Yes,NoIntersection,Normal,2Vehicles-Side,3,Friday,8,False,False
201800002850,NonLethal,NightNoStreetLight,No,NoIntersection,Normal,NoCollision,7,Tuesday,0,False,True
201800041126,NonLethal,NightStreelightsOn,Yes,T-type,Normal,2Vehicles-Behind,2,Monday,0,False,True
201800054713,NonLethal,Daylight,Yes,X-type,Normal,2Vehicles-Side,6,Tuesday,18,False,False
201800024290,NonLethal,Daylight,Yes,NoIntersection,Normal,2Vehicles-Side,3,Saturday,14,True,False
201800013030,NonLethal,NightNoStreetLight,No,NoIntersection,LightRain,Other,11,Friday,23,False,False
201800004913,NonLethal,Daylight,No,NoIntersection,Normal,NoCollision,2,Wednesday,18,False,False
201800053864,NonLethal,Daylight,Yes,T-type,Normal,2Vehicles-Side,9,Monday,18,False,False
201800031748,NonLethal,Daylight,Yes,NoIntersection,Normal,Other,5,Thursday,17,False,False
201800056482,Lethal,Daylight,No,NoIntersection,FogOrSmoke,Other,4,Sunday,15,True,False
201800026994,NonLethal,NightStreelightsOn,Yes,NoIntersection,Overcast,2Vehicles-BehindVehicles-Frontal,11,Saturday,5,True,True
201800016462,NonLethal,NightNoStreetLight,No,NoIntersection,Normal,3+Vehicles-Multiple,11,Monday,17,False,False
201800005156,NonLethal,NightStreelightsOn,Yes,Other,Normal,2Vehicles-Side,8,Thursday,5,False,True
201800043870,NonLethal,Daylight,No,NoIntersection,LightRain,3+Vehicles-Chain,3,Monday,9,False,False
201800056909,NonLethal,TwilightOrDawn,Yes,NoIntersection,Normal,2Vehicles-Behind,4,Tuesday,18,False,False
201800047371,NonLethal,Daylight,Yes,Y-type,LightRain,2Vehicles-BehindVehicles-Frontal,11,Friday,13,False,False
201800017839,NonLethal,NightNoStreetLight,No,NoIntersection,HeavyRain,2Vehicles-BehindVehicles-Frontal,6,Sunday,23,True,False
201800049384,NonLethal,TwilightOrDawn,No,NoIntersection,LightRain,Other,5,Wednesday,20,False,False
201800005768,NonLethal,NightStreelightsOn,Yes,NoIntersection,Normal,2Vehicles-BehindVehicles-Frontal,8,Wednesday,23,False,False
201800007619,NonLethal,Daylight,Yes,NoIntersection,Normal,2Vehicles-Behind,5,Friday,8,False,False
201800004046,NonLethal,NightStreelightsOn,Yes,Other,Normal,Other,4,Friday,2,False,True
201800026570,NonLethal,Daylight,Yes,NoIntersection,LightRain,Other,7,Sunday,12,True,False
201800023828,NonLethal,Daylight,Yes,NoIntersection,Normal,2Vehicles-BehindVehicles-Frontal,12,Thursday,15,False,False
201800017929,NonLethal,NightNoStreetLight,No,NoIntersection,Normal,Other,6,Saturday,23,True,False
201800028827,NonLethal,Daylight,Yes,Roundabout,Overcast,NoCollision,10,Thursday,10,False,False
201800015664,NonLethal,NightNoStreetLight,No,T-type,Normal,2Vehicles-Side,11,Sunday,2,True,True
201800017383,NonLethal,TwilightOrDawn,Yes,NoIntersection,Normal,2Vehicles-BehindVehicles-Frontal,4,Sunday,20,True,False
201800025426,NonLethal,Daylight,Yes,NoIntersection,Normal,2Vehicles-Behind,12,Friday,18,False,False
201800032985,NonLethal,Daylight,Yes,NoIntersection,Normal,2Vehicles-Side,5,Saturday,18,True,False
201800038464,NonLethal,Daylight,Yes,Other,Normal,Other,7,Sunday,14,True,False
201800016047,NonLethal,NightNoStreetLight,No,NoIntersection,Normal,NoCollision,9,Friday,23,False,False
201800023956,NonLethal,Daylight,Yes,X-type,Normal,2Vehicles-Side,7,Thursday,17,False,False
201800028765,NonLethal,Daylight,Yes,NoIntersection,Normal,2Vehicles-Behind,7,Sunday,14,True,False
201800030507,NonLethal,Daylight,No,NoIntersection,Normal,2Vehicles-BehindVehicles-Frontal,8,Sunday,16,True,False
201800006608,Lethal,Daylight,No,NoIntersection,Normal,2Vehicles-BehindVehicles-Frontal,1,Tuesday,16,False,False
201800008112,NonLethal,TwilightOrDawn,Yes,NoIntersection,Normal,2Vehicles-Side,2,Thursday,8,False,False
201800041348,NonLethal,NightStreelightsOn,Yes,NoIntersection,Normal,2Vehicles-Behind,3,Tuesday,0,False,True
201800048352,NonLethal,Daylight,Yes,NoIntersection,Normal,3+Vehicles-Chain,6,Thursday,16,False,False
201800053236,NonLethal,Daylight,Yes,NoIntersection,Normal,2Vehicles-Side,1,Tuesday,15,False,False
201800037596,NonLethal,Daylight,Yes,NoIntersection,Normal,2Vehicles-Behind,5,Wednesday,21,False,False
201800049033,NonLethal,Daylight,No,NoIntersection,Normal,3+Vehicles-Chain,10,Friday,15,False,False
201800036116,NonLethal,Daylight,Yes,T-type,Normal,2Vehicles-Behind,7,Monday,17,False,False
201800035447,NonLethal,NightStreelightsOn,Yes,NoIntersection,Normal,2Vehicles-BehindVehicles-Frontal,7,Sunday,0,True,True
201800013017,Lethal,NightNoStreetLight,No,NoIntersection,Normal,2Vehicles-BehindVehicles-Frontal,7,Saturday,2,True,True
201800044559,NonLethal,NightNoStreetLight,No,NoIntersection,HeavyRain,3+Vehicles-Chain,1,Monday,7,False,False
201800050843,NonLethal,Daylight,Yes,Square,LightRain,2Vehicles-Side,12,Monday,14,False,False
201800049821,NonLethal,Daylight,No,NoIntersection,Normal,Other,5,Friday,8,False,False
201800028300,NonLethal,Daylight,Yes,T-type,Normal,Other,1,Thursday,10,False,False
201800003386,NonLethal,Daylight,No,X-type,Normal,2Vehicles-Side,1,Friday,11,False,False
201800054178,NonLethal,Daylight,Yes,Square,Normal,2Vehicles-BehindVehicles-Frontal,8,Wednesday,16,False,False
201800030762,NonLethal,Daylight,Yes,NoIntersection,Normal,3+Vehicles-Chain,3,Thursday,15,False,False
201800041644,NonLethal,NightStreelightsOn,Yes,Other,Normal,2Vehicles-Side,12,Thursday,19,False,False
201800037877,NonLethal,Daylight,Yes,X-type,Normal,2Vehicles-BehindVehicles-Frontal,2,Monday,12,False,False
201800057439,NonLethal,Daylight,Yes,NoIntersection,Normal,2Vehicles-BehindVehicles-Frontal,3,Friday,14,False,False
201800053318,NonLethal,Daylight,Yes,NoIntersection,Normal,Other,4,Wednesday,14,False,False
201800020023,Lethal,NightNoStreetLight,No,NoIntersection,LightRain,2Vehicles-BehindVehicles-Frontal,10,Tuesday,19,False,False
201800010560,NonLethal,Daylight,No,NoIntersection,Normal,Other,2,Friday,20,False,False
201800050110,NonLethal,NightNoStreetLight,No,NoIntersection,LightRain,2Vehicles-Behind,11,Friday,18,False,False
201800016241,NonLethal,Daylight,Yes,T-type,Normal,2Vehicles-Behind,5,Monday,18,False,False
201800041637,NonLethal,Daylight,Yes,NoIntersection,Normal,Other,12,Thursday,16,False,False
201800024633,NonLethal,Daylight,Yes,Roundabout,Normal,Other,2,Friday,14,False,False
201800037859,NonLethal,Daylight,Yes,NoIntersection,Normal,Other,12,Monday,10,False,False
201800001416,Lethal,Daylight,No,NoIntersection,Normal,2Vehicles-BehindVehicles-Frontal,3,Monday,15,False,False
201800042912,NonLethal,Daylight,Yes,X-type,Normal,2Vehicles-Side,9,Friday,16,False,False
201800029210,NonLethal,Daylight,Yes,NoIntersection,Normal,2Vehicles-Behind,5,Tuesday,19,False,False
201800016610,NonLethal,Daylight,No,NoIntersection,Normal,NoCollision,5,Friday,16,False,False
201800025318,NonLethal,Daylight,Yes,Roundabout,Normal,Other,5,Wednesday,10,False,False
201800003538,NonLethal,Daylight,No,Other,Normal,2Vehicles-Side,5,Wednesday,8,False,False
201800007698,NonLethal,NightNoStreetLight,No,NoIntersection,Normal,NoCollision,12,Saturday,0,True,True
201800021333,NonLethal,NightStreelightsOn,No,NoIntersection,Normal,2Vehicles-BehindVehicles-Frontal,11,Friday,18,False,False
201800016356,NonLethal,Daylight,No,NoIntersection,Normal,Other,10,Thursday,16,False,False
201800030166,NonLethal,NightNoStreetLight,No,NoIntersection,Overcast,NoCollision,1,Saturday,18,True,False
201800030516,NonLethal,NightStreelightsOn,Yes,NoIntersection,Other,NoCollision,12,Saturday,1,True,True
201800044575,NonLethal,NightStreelightsOff,No,NoIntersection,LightRain,NoCollision,1,Sunday,17,True,False
201800026240,NonLethal,Daylight,No,X-type,LightRain,2Vehicles-Side,1,Monday,10,False,False
201800047659,NonLethal,Daylight,Yes,NoIntersection,Normal,2Vehicles-Side,3,Friday,8,False,False
201800010519,NonLethal,NightNoStreetLight,No,NoIntersection,LightRain,2Vehicles-BehindVehicles-Frontal,10,Sunday,21,True,False
201800050322,NonLethal,Daylight,Yes,Square,Normal,Other,9,Friday,16,False,False
201800047246,NonLethal,Daylight,Yes,NoIntersection,Normal,2Vehicles-Behind,2,Thursday,10,False,False
201800030233,NonLethal,Daylight,Yes,Roundabout,Normal,Other,7,Friday,13,False,False
201800020348,NonLethal,Daylight,No,NoIntersection,Normal,Other,11,Wednesday,9,False,False
201800030122,NonLethal,NightNoStreetLight,No,NoIntersection,LightRain,NoCollision,12,Friday,19,False,False
201800027867,NonLethal,Daylight,Yes,Roundabout,Normal,Other,10,Friday,16,False,False
201800016970,NonLethal,Daylight,No,NoIntersection,Normal,NoCollision,8,Monday,18,False,False
201800053910,NonLethal,Daylight,Yes,X-type,Normal,2Vehicles-Side,10,Sunday,16,True,False
201800005977,Lethal,NightNoStreetLight,No,NoIntersection,LightRain,Other,8,Wednesday,4,False,True
201800044743,NonLethal,NightNoStreetLight,No,NoIntersection,Normal,Other,4,Friday,4,False,True
201800044836,NonLethal,NightStreelightsOff,No,NoIntersection,HeavyRain,Other,4,Monday,3,False,True
201800003367,NonLethal,Daylight,Yes,X-type,Normal,2Vehicles-Side,10,Saturday,11,True,False
201800031987,NonLethal,NightStreelightsOn,No,NoIntersection,Normal,Other,10,Wednesday,5,False,True
201800031711,NonLethal,NightNoStreetLight,Yes,NoIntersection,Normal,Other,9,Tuesday,22,False,False
201800051832,NonLethal,Daylight,Yes,T-type,Overcast,Other,12,Monday,13,False,False
201800048003,NonLethal,NightStreelightsOn,Yes,NoIntersection,Normal,Other,1,Monday,22,False,False
201800003117,NonLethal,Daylight,No,NoIntersection,Normal,Other,2,Wednesday,20,False,False
201800047541,NonLethal,Daylight,Yes,T-type,Normal,NoCollision,6,Friday,15,False,False
201800021115,NonLethal,Daylight,Yes,Square,Normal,Other,6,Sunday,17,True,False
201800014828,NonLethal,Daylight,No,NoIntersection,Normal,2Vehicles-Behind,8,Thursday,18,False,False
201800015663,NonLethal,Daylight,No,NoIntersection,Normal,2Vehicles-BehindVehicles-Frontal,9,Saturday,16,True,False
201800032460,NonLethal,Daylight,Yes,NoIntersection,Normal,2Vehicles-BehindVehicles-Frontal,5,Monday,12,False,False
201800019248,NonLethal,Daylight,No,NoIntersection,Normal,NoCollision,9,Tuesday,16,False,False
201800035870,NonLethal,Daylight,Yes,NoIntersection,Normal,Other,3,Thursday,9,False,False
201800006519,NonLethal,Daylight,No,NoIntersection,Normal,2Vehicles-Behind,8,Friday,13,False,False
201800003387,NonLethal,Daylight,No,Other,Overcast,2Vehicles-Side,1,Monday,12,False,False
201800019166,Lethal,Daylight,No,NoIntersection,Normal,2Vehicles-BehindVehicles-Frontal,7,Tuesday,13,False,False
201800034137,NonLethal,Daylight,Yes,X-type,Normal,2Vehicles-Side,3,Monday,10,False,False
201800011282,Lethal,Daylight,Yes,NoIntersection,Other,2Vehicles-BehindVehicles-Frontal,4,Tuesday,11,False,False
201800025124,NonLethal,NightStreelightsOn,Yes,X-type,Normal,2Vehicles-Side,6,Tuesday,4,False,True
201800046162,NonLethal,Daylight,No,NoIntersection,Normal,2Vehicles-Side,10,Tuesday,18,False,False
201800043371,NonLethal,Daylight,Yes,NoIntersection,Normal,Other,5,Saturday,19,True,False
201800026273,NonLethal,TwilightOrDawn,Yes,X-type,Normal,2Vehicles-BehindVehicles-Frontal,1,Sunday,20,True,False
201800035118,NonLethal,NightStreelightsOn,Yes,X-type,Normal,2Vehicles-Side,9,Thursday,20,False,False
201800053532,NonLethal,Daylight,Yes,X-type,HeavyRain,NoCollision,9,Sunday,14,True,False
201800004027,NonLethal,Daylight,No,NoIntersection,Normal,Other,3,Monday,16,False,False
201800019241,NonLethal,NightNoStreetLight,No,NoIntersection,Normal,2Vehicles-Behind,12,Tuesday,19,False,False
201800032192,NonLethal,Daylight,Yes,T-type,Normal,2Vehicles-Side,10,Monday,15,False,False
201800039853,NonLethal,NightStreelightsOn,Yes,T-type,Normal,2Vehicles-Side,11,Thursday,19,False,False
201800005920,NonLethal,Daylight,Yes,NoIntersection,Normal,Other,8,Tuesday,17,False,False
201800037437,NonLethal,Daylight,Yes,X-type,Overcast,2Vehicles-Side,12,Wednesday,14,False,False
201800007864,NonLethal,NightNoStreetLight,No,NoIntersection,Normal,NoCollision,11,Wednesday,17,False,False
201800002461,NonLethal,NightNoStreetLight,No,NoIntersection,HeavyRain,3+Vehicles-Multiple,6,Monday,18,False,False
201800021958,NonLethal,Daylight,No,NoIntersection,HeavyRain,2Vehicles-BehindVehicles-Frontal,3,Friday,13,False,False
201800022566,Lethal,NightStreelightsOn,Yes,Roundabout,Normal,NoCollision,5,Friday,0,False,True
201800011153,Lethal,Daylight,No,X-type,Normal,2Vehicles-Side,5,Sunday,19,True,False
201800026446,NonLethal,Daylight,No,NoIntersection,Normal,2Vehicles-Behind,10,Sunday,10,True,False
201800012595,NonLethal,NightNoStreetLight,No,X-type,FogOrSmoke,2Vehicles-Side,2,Friday,21,False,False
201800030881,NonLethal,Daylight,Yes,NoIntersection,Normal,2Vehicles-Behind,9,Saturday,15,True,False
201800011466,NonLethal,Daylight,No,X-type,Normal,2Vehicles-Side,7,Monday,14,False,False
201800012814,NonLethal,Daylight,No,NoIntersection,Normal,2Vehicles-BehindVehicles-Frontal,1,Friday,11,False,False
201800009843,NonLethal,NightStreelightsOn,Yes,NoIntersection,Normal,Other,3,Saturday,20,True,False
201800010550,NonLethal,Daylight,Yes,T-type,VeryGood,2Vehicles-Side,7,Wednesday,16,False,False
201800009946,NonLethal,Daylight,Yes,NoIntersection,Normal,Other,10,Friday,17,False,False
201800005710,NonLethal,Daylight,Yes,T-type,Normal,Other,6,Wednesday,9,False,False
201800008419,NonLethal,NightStreelightsOn,Yes,T-type,Normal,Other,1,Sunday,3,True,True
201800008868,NonLethal,Daylight,Yes,X-type,LightRain,Other,4,Friday,18,False,False
201800046130,NonLethal,Daylight,No,NoIntersection,Normal,3+Vehicles-Chain,2,Saturday,10,True,False
201800026700,NonLethal,Daylight,Yes,X-type,Normal,2Vehicles-Side,11,Wednesday,13,False,False
201800006107,NonLethal,NightNoStreetLight,No,NoIntersection,Normal,2Vehicles-Behind,12,Sunday,20,True,False
201800005539,NonLethal,NightStreelightsOn,Yes,NoIntersection,HeavyRain,Other,10,Thursday,16,False,False
201800001836,NonLethal,Daylight,No,NoIntersection,Normal,2Vehicles-BehindVehicles-Frontal,7,Monday,16,False,False
201800038346,NonLethal,NightStreelightsOn,Yes,NoIntersection,Normal,Other,4,Sunday,6,True,True
201800026705,NonLethal,Daylight,Yes,NoIntersection,Normal,2Vehicles-Side,11,Wednesday,12,False,False
201800038108,NonLethal,NightStreelightsOn,Yes,NoIntersection,Normal,2Vehicles-Behind,6,Sunday,1,True,True
201800023285,NonLethal,NightStreelightsOn,Yes,Roundabout,Normal,2Vehicles-Side,10,Tuesday,7,False,False
201800057244,NonLethal,Daylight,Yes,NoIntersection,Normal,2Vehicles-Behind,2,Monday,17,False,False
201800018829,NonLethal,NightStreelightsOn,Yes,NoIntersection,Normal,NoCollision,10,Sunday,21,True,False
201800049030,NonLethal,NightStreelightsOn,No,NoIntersection,Normal,Other,10,Sunday,5,True,True
201800015743,NonLethal,Daylight,No,X-type,Normal,Other,7,Friday,19,False,False
201800026201,NonLethal,Daylight,Yes,T-type,Normal,3+Vehicles-Multiple,9,Sunday,19,True,False
201800015563,NonLethal,NightNoStreetLight,No,NoIntersection,Normal,Other,1,Saturday,23,True,False
201800054489,NonLethal,Daylight,Yes,MoreThan4Branches,Normal,2Vehicles-Side,7,Monday,14,False,False
201800023215,NonLethal,Daylight,Yes,NoIntersection,Normal,2Vehicles-Behind,9,Tuesday,11,False,False
201800029681,NonLethal,NightStreelightsOn,Yes,X-type,Normal,2Vehicles-Side,4,Monday,3,False,True
201800014709,NonLethal,Daylight,Yes,NoIntersection,Normal,NoCollision,7,Sunday,14,True,False
201800009825,NonLethal,Daylight,Yes,NoIntersection,Normal,2Vehicles-Behind,9,Sunday,18,True,False
201800053109,NonLethal,Daylight,Yes,NoIntersection,Normal,Other,9,Sunday,9,True,False
201800009575,NonLethal,Daylight,Yes,NoIntersection,Normal,Other,8,Thursday,17,False,False
201800032788,NonLethal,Daylight,No,X-type,LightRain,2Vehicles-Side,1,Saturday,16,True,False
201800050894,NonLethal,Daylight,Yes,T-type,Normal,2Vehicles-Side,6,Monday,16,False,False
201800010303,NonLethal,Daylight,No,NoIntersection,Normal,NoCollision,8,Saturday,13,True,False
201800054849,NonLethal,Daylight,Yes,X-type,Normal,Other,9,Tuesday,8,False,False
201800014769,NonLethal,TwilightOrDawn,Yes,NoIntersection,Normal,2Vehicles-Behind,1,Friday,18,False,False
201800030191,NonLethal,Daylight,Yes,Other,Normal,Other,1,Sunday,13,True,False
201800025831,NonLethal,NightStreelightsOn,Yes,NoIntersection,LightRain,Other,12,Friday,19,False,False
201800018699,NonLethal,Daylight,Yes,Other,Normal,2Vehicles-Side,10,Thursday,18,False,False
201800040217,NonLethal,Daylight,Yes,X-type,Normal,2Vehicles-Side,8,Wednesday,17,False,False
201800012799,NonLethal,Daylight,Yes,NoIntersection,Normal,2Vehicles-Behind,5,Thursday,11,False,False
201800011911,Lethal,Daylight,No,Y-type,Normal,2Vehicles-BehindVehicles-Frontal,3,Thursday,16,False,False
201800051771,NonLethal,Daylight,Yes,MoreThan4Branches,Normal,Other,3,Wednesday,12,False,False
201800046913,NonLethal,TwilightOrDawn,No,NoIntersection,Normal,2Vehicles-Behind,9,Friday,19,False,False
201800043599,NonLethal,Daylight,Yes,NoIntersection,Normal,3+Vehicles-Chain,10,Friday,8,False,False
201800049305,NonLethal,NightStreelightsOff,No,NoIntersection,Normal,NoCollision,1,Saturday,3,True,True
201800048885,NonLethal,Daylight,No,NoIntersection,Normal,3+Vehicles-Multiple,4,Thursday,13,False,False
201800014666,Lethal,TwilightOrDawn,No,NoIntersection,Normal,2Vehicles-Side,3,Monday,19,False,False
201800054189,NonLethal,Daylight,Yes,X-type,Normal,2Vehicles-Side,8,Tuesday,18,False,False
201800046097,NonLethal,Daylight,No,NoIntersection,Normal,2Vehicles-Side,9,Wednesday,18,False,False
201800014867,NonLethal,NightNoStreetLight,No,NoIntersection,FogOrSmoke,Other,11,Friday,2,False,True
201800016482,NonLethal,TwilightOrDawn,No,NoIntersection,FogOrSmoke,3+Vehicles-Multiple,11,Wednesday,9,False,False
201800016648,NonLethal,Daylight,No,NoIntersection,Normal,Other,10,Sunday,12,True,False
201800027871,Lethal,NightStreelightsOn,Yes,Roundabout,Overcast,NoCollision,1,Friday,21,False,False
201800013196,NonLethal,Daylight,No,NoIntersection,LightRain,2Vehicles-BehindVehicles-Frontal,1,Thursday,10,False,False
201800019106,NonLethal,NightNoStreetLight,No,Roundabout,Normal,NoCollision,11,Monday,0,False,True
201800005034,NonLethal,Daylight,No,NoIntersection,Normal,2Vehicles-Side,3,Monday,10,False,False
201800008706,NonLethal,Daylight,Yes,NoIntersection,Normal,Other,3,Wednesday,12,False,False
201800008114,NonLethal,Daylight,No,NoIntersection,Normal,3+Vehicles-Multiple,3,Monday,11,False,False