AccidentId,Gravity,Light,InAgglomeration,IntersectionType,Weather,CollisionType,Month,DayOfWeek,HourOfDay,IsWeekend,IsNight
201800028614,NonLethal,TwilightOrDawn,Yes,T-type,Normal,2Vehicles-Side,12,Friday,16,False,False
201800050757,NonLethal,Daylight,Yes,NoIntersection,LightRain,Other,1,Monday,13,False,False
201800019370,Lethal,NightNoStreetLight,No,NoIntersection,Normal,2Vehicles-BehindVehicles-Frontal,6,Tuesday,19,False,False
201800024263,NonLethal,Daylight,Yes,NoIntersection,Normal,Other,2,Friday,13,False,False
201800035241,NonLethal,NightNoStreetLight,Yes,X-type,LightRain,2Vehicles-Side,12,Saturday,23,True,False
201800027776,NonLethal,NightStreelightsOn,Yes,T-type,Normal,2Vehicles-Side,8,Friday,0,False,True
201800057468,NonLethal,NightNoStreetLight,No,NoIntersection,LightRain,3+Vehicles-Chain,6,Wednesday,18,False,False
201800035068,NonLethal,Daylight,Yes,NoIntersection,Normal,NoCollision,6,Wednesday,19,False,False
201800050923,NonLethal,Daylight,Yes,NoIntersection,Normal,2Vehicles-Behind,4,Monday,11,False,False
201800043283,NonLethal,NightStreelightsOn,Yes,X-type,LightRain,Other,10,Wednesday,18,False,False
201800050019,NonLethal,NightStreelightsOn,No,NoIntersection,Normal,3+Vehicles-Chain,9,Friday,20,False,False
201800001097,NonLethal,Daylight,Yes,NoIntersection,Normal,2Vehicles-BehindVehicles-Frontal,1,Wednesday,13,False,False
201800053362,NonLethal,NightStreelightsOn,Yes,X-type,Normal,2Vehicles-Behind,5,Friday,21,False,False
201800043352,NonLethal,Daylight,Yes,NoIntersection,Normal,2Vehicles-Side,11,Thursday,14,False,False
201800024402,NonLethal,Daylight,Yes,NoIntersection,Normal,2Vehicles-Behind,9,Monday,8,False,False
201800057329,NonLethal,Daylight,Yes,Other,Normal,2Vehicles-Behind,6,Friday,11,False,False
201800011248,NonLethal,Daylight,No,NoIntersection,Normal,2Vehicles-BehindVehicles-Frontal,7,Thursday,18,False,False
201800044580,NonLethal,Daylight,No,NoIntersection,Normal,3+Vehicles-Chain,1,Monday,13,False,False
201800012688,NonLethal,Daylight,No,NoIntersection,Normal,Other,7,Thursday,16,False,False
201800042290,NonLethal,Daylight,Yes,NoIntersection,Normal,2Vehicles-Side,4,Friday,18,False,False
201800045868,NonLethal,Daylight,No,NoIntersection,LightRain,3+Vehicles-Multiple,5,Tuesday,19,False,False
201800026532,NonLethal,Daylight,Yes,NoIntersection,Normal,3+Vehicles-Chain,4,Friday,15,False,False
201800027672,NonLethal,NightStreelightsOn,Yes,T-type,LightRain,NoCollision,1,Monday,8,False,False
201800042996,NonLethal,Daylight,Yes,X-type,Normal,2Vehicles-Side,5,Monday,21,False,False
201800034169,NonLethal,NightStreelightsOn,Yes,NoIntersection,Normal,2Vehicles-BehindVehicles-Frontal,6,Friday,23,False,False
201800002303,NonLethal,Daylight,No,T-type,Normal,2Vehicles-BehindVehicles-Frontal,6,Saturday,8,True,False
201800029179,NonLethal,Daylight,No,NoIntersection,Normal,2Vehicles-Behind,10,Tuesday,11,False,False
201800029642,Lethal,Daylight,Yes,NoIntersection,Normal,2Vehicles-BehindVehicles-Frontal,12,Wednesday,10,False,False
201800025337,NonLethal,Daylight,Yes,T-type,Normal,Other,5,Thursday,20,False,False
201800025347,NonLethal,Daylight,Yes,Roundabout,Normal,2Vehicles-Behind,5,Wednesday,16,False,False
201800013931,NonLethal,Daylight,No,NoIntersection,Normal,2Vehicles-Behind,12,Tuesday,13,False,False
201800052134,NonLethal,Daylight,No,Square,Normal,2Vehicles-BehindVehicles-Frontal,8,Tuesday,9,False,False
201800019130,Lethal,NightNoStreetLight,No,NoIntersection,Normal,2Vehicles-Behind,4,Saturday,4,True,True
201800012971,NonLethal,Daylight,Yes,NoIntersection,Normal,NoCollision,1,Friday,12,False,False
201800009990,NonLethal,Daylight,Yes,X-type,Normal,2Vehicles-Side,10,Saturday,14,True,False
201800011864,NonLethal,Daylight,No,NoIntersection,Overcast,NoCollision,12,Monday,12,False,False
201800021485,NonLethal,TwilightOrDawn,No,NoIntersection,HeavyRain,Other,3,Tuesday,7,False,False
201800026790,NonLethal,Daylight,Yes,LevelCrossing,LightRain,2Vehicles-Behind,4,Sunday,11,True,False
201800036308,NonLethal,Daylight,Yes,NoIntersection,Normal,Other,1,Tuesday,17,False,False
201800027257,NonLethal,Daylight,Yes,Roundabout,Normal,Other,4,Tuesday,8,False,False
201800033756,NonLethal,Daylight,No,NoIntersection,Normal,Other,4,Thursday,10,False,False
201800030544,NonLethal,Daylight,Yes,NoIntersection,Overcast,2Vehicles-Behind,3,Friday,14,False,False
201800035054,NonLethal,Daylight,Yes,NoIntersection,Normal,Other,11,Monday,17,False,False
201800046023,NonLethal,Daylight,No,NoIntersection,Normal,3+Vehicles-Chain,3,Thursday,13,False,False
201800026973,NonLethal,Daylight,Yes,T-type,Normal,Other,10,Saturday,9,True,False
201800026105,NonLethal,Daylight,Yes,NoIntersection,LightRain,Other,5,Tuesday,7,False,False
201800051689,NonLethal,NightStreelightsOn,Yes,NoIntersection,Normal,Other,1,Thursday,4,False,True
201800007151,NonLethal,NightStreelightsOn,Yes,Other,LightRain,Other,1,Monday,7,False,False
201800009342,NonLethal,Daylight,Yes,NoIntersection,Normal,2Vehicles-Behind,7,Wednesday,9,False,False
201800045386,NonLethal,Daylight,No,NoIntersection,Normal,Other,10,Tuesday,13,False,False
201800029818,NonLethal,Daylight,Yes,NoIntersection,Normal,Other,3,Wednesday,15,False,False
201800012626,NonLethal,Daylight,No,NoIntersection,Normal,3+Vehicles-Chain,10,Wednesday,18,False,False
201800015801,NonLethal,Daylight,Yes,NoIntersection,Normal,2Vehicles-BehindVehicles-Frontal,6,Tuesday,8,False,False
201800029677,NonLethal,Daylight,Yes,T-type,Normal,2Vehicles-Side,6,Monday,18,False,False
201800030102,NonLethal,Daylight,Yes,Roundabout,Normal,NoCollision,9,Wednesday,17,False,False
201800001887,Lethal,Daylight,No,NoIntersection,Overcast,2Vehicles-BehindVehicles-Frontal,10,Wednesday,16,False,False
201800008337,NonLethal,Daylight,Yes,NoIntersection,Normal,Other,1,Thursday,12,False,False
201800057398,NonLethal,Daylight,No,Other,Normal,2Vehicles-Side,1,Sunday,17,True,False
201800012395,NonLethal,NightNoStreetLight,Yes,X-type,LightRain,2Vehicles-Side,1,Thursday,18,False,False
201800013990,NonLethal,TwilightOrDawn,No,NoIntersection,FogOrSmoke,Other,6,Monday,7,False,False
201800027532,NonLethal,TwilightOrDawn,Yes,NoIntersection,FogOrSmoke,Other,11,Friday,8,False,False
201800001729,NonLethal,Daylight,Yes,Other,Overcast,Other,10,Saturday,13,True,False
201800008309,NonLethal,Daylight,Yes,NoIntersection,LightRain,NoCollision,8,Wednesday,10,False,False
201800011037,NonLethal,Daylight,No,NoIntersection,Normal,NoCollision,9,Sunday,14,True,False
201800047607,NonLethal,Daylight,Yes,NoIntersection,Normal,NoCollision,12,Friday,11,False,False
201800052991,NonLethal,NightStreelightsOn,Yes,Square,Normal,Other,5,Tuesday,21,False,False
201800005652,NonLethal,Daylight,Yes,NoIntersection,Normal,2Vehicles-Side,4,Wednesday,8,False,False
201800016455,NonLethal,Daylight,No,NoIntersection,VeryGood,Other,8,Friday,16,False,False
201800028447,NonLethal,Daylight,Yes,NoIntersection,Normal,2Vehicles-Side,6,Thursday,18,False,False
201800052656,NonLethal,NightStreelightsOn,Yes,X-type,LightRain,2Vehicles-Side,1,Sunday,5,True,True
201800021877,NonLethal,Daylight,No,NoIntersection,Normal,2Vehicles-Behind,2,Tuesday,8,False,False
201800043416,NonLethal,Daylight,Yes,NoIntersection,Normal,2Vehicles-Behind,12,Monday,12,False,False
201800012526,NonLethal,Daylight,No,NoIntersection,Normal,NoCollision,6,Saturday,19,True,False
201800009428,NonLethal,Daylight,Yes,NoIntersection,Normal,2Vehicles-Behind,7,Wednesday,17,False,False
201800030668,NonLethal,NightStreelightsOn,Yes,NoIntersection,Normal,Other,6,Friday,0,False,True
201800021260,NonLethal,Daylight,No,T-type,Normal,2Vehicles-Side,7,Wednesday,19,False,False
201800025015,NonLethal,NightStreelightsOn,Yes,T-type,LightRain,2Vehicles-Side,11,Thursday,22,False,False
201800057269,NonLethal,Daylight,No,NoIntersection,Normal,2Vehicles-Behind,8,Friday,11,False,False
201800045098,NonLethal,Daylight,No,NoIntersection,Normal,3+Vehicles-Multiple,7,Monday,18,False,False
201800055669,NonLethal,NightStreelightsOn,Yes,NoIntersection,Normal,Other,10,Thursday,21,False,False
201800020421,NonLethal,Daylight,Yes,T-type,Overcast,2Vehicles-Side,9,Friday,8,False,False
201800036818,NonLethal,TwilightOrDawn,Yes,NoIntersection,Overcast,2Vehicles-BehindVehicles-Frontal,4,Friday,7,False,False
201800049573,NonLethal,Daylight,No,NoIntersection,Normal,NoCollision,6,Monday,11,False,False
201800036245,NonLethal,NightStreelightsOn,Yes,X-type,Normal,2Vehicles-Side,11,Tuesday,17,False,False
201800033045,NonLethal,TwilightOrDawn,Yes,NoIntersection,Normal,NoCollision,12,Saturday,17,True,False
201800014348,NonLethal,Daylight,No,NoIntersection,Normal,Other,4,Saturday,13,True,False
201800050850,NonLethal,NightStreelightsOn,Yes,T-type,Normal,Other,3,Wednesday,22,False,False
201800049205,NonLethal,Daylight,No,NoIntersection,Normal,3+Vehicles-Chain,7,Monday,16,False,False
201800015394,NonLethal,NightNoStreetLight,No,NoIntersection,LightRain,Other,4,Monday,2,False,True
201800018703,Lethal,Daylight,No,NoIntersection,Overcast,3+Vehicles-Multiple,8,Saturday,9,True,False
201800036776,NonLethal,Daylight,Yes,NoIntersection,LightRain,2Vehicles-Behind,9,Thursday,20,False,False
201800032593,NonLethal,Daylight,Yes,X-type,Normal,Other,10,Saturday,15,True,False
201800020906,NonLethal,NightStreelightsOff,Yes,Roundabout,LightRain,Other,11,Friday,17,False,False
201800029081,NonLethal,Daylight,Yes,T-type,VeryGood,2Vehicles-Side,9,Tuesday,12,False,False
201800035484,NonLethal,Daylight,Yes,Other,Normal,2Vehicles-Side,6,Monday,14,False,False
201800045630,NonLethal,Daylight,No,NoIntersection,LightRain,Other,1,Friday,8,False,False
201800021180,NonLethal,Daylight,Yes,T-type,Normal,2Vehicles-BehindVehicles-Frontal,11,Monday,16,False,False
201800005541,NonLethal,Daylight,Yes,Roundabout,Normal,2Vehicles-Side,7,Thursday,16,False,False
201800056109,NonLethal,Daylight,Yes,NoIntersection,Normal,2Vehicles-Side,8,Tuesday,6,False,True
201800012598,NonLethal,Daylight,No,NoIntersection,Normal,NoCollision,5,Tuesday,17,False,False
201800035676,NonLethal,Daylight,Yes,Roundabout,Normal,2Vehicles-Side,6,Thursday,8,False,False
201800052470,NonLethal,Daylight,Yes,Other,Overcast,2Vehicles-Side,7,Thursday,15,False,False
201800037422,NonLethal,Daylight,Yes,NoIntersection,Normal,2Vehicles-Behind,4,Thursday,13,False,False
201800029215,NonLethal,NightStreelightsOn,Yes,NoIntersection,HeavyRain,2Vehicles-Side,5,Thursday,22,False,False
201800036832,NonLethal,TwilightOrDawn,Yes,NoIntersection,HeavyRain,Other,11,Tuesday,21,False,False
201800052155,NonLethal,TwilightOrDawn,Yes,NoIntersection,Normal,NoCollision,9,Sunday,19,True,False
201800046809,Lethal,Daylight,No,NoIntersection,Normal,Other,8,Wednesday,7,False,False
201800056271,NonLethal,Daylight,Yes,NoIntersection,Normal,2Vehicles-Side,10,Monday,16,False,False
201800001655,NonLethal,NightStreelightsOn,Yes,NoIntersection,Normal,2Vehicles-Side,11,Saturday,18,True,False
201800020551,Lethal,Daylight,No,T-type,Normal,2Vehicles-Side,9,Monday,15,False,False
201800017932,NonLethal,Daylight,No,NoIntersection,Normal,Other,9,Friday,17,False,False
201800047170,NonLethal,Daylight,Yes,LevelCrossing,Normal,Other,1,Monday,14,False,False
201800046607,NonLethal,Daylight,No,NoIntersection,Normal,2Vehicles-Side,5,Tuesday,9,False,False
201800034000,NonLethal,NightStreelightsOff,No,NoIntersection,Normal,2Vehicles-Behind,6,Saturday,3,True,True
201800000818,NonLethal,Daylight,Yes,X-type,Normal,Other,3,Monday,10,False,False
201800026212,Lethal,Daylight,Yes,NoIntersection,Normal,Other,9,Tuesday,12,False,False
201800049032,NonLethal,Daylight,No,NoIntersection,Normal,3+Vehicles-Multiple,10,Tuesday,17,False,False
201800042029,NonLethal,Daylight,Yes,T-type,Normal,2Vehicles-Side,9,Friday,17,False,False
201800033200,NonLethal,NightStreelightsOn,Yes,X-type,Normal,2Vehicles-BehindVehicles-Frontal,11,Tuesday,18,False,False
201800020927,NonLethal,NightStreelightsOn,Yes,X-type,Normal,2Vehicles-Side,7,Friday,23,False,False
201800041049,NonLethal,Daylight,Yes,NoIntersection,Normal,Other,7,Friday,15,False,False
201800019287,NonLethal,Daylight,No,NoIntersection,Normal,2Vehicles-Side,6,Tuesday,8,False,False
201800035432,NonLethal,Daylight,Yes,Other,Normal,Other,4,Saturday,15,True,False
201800055839,NonLethal,Daylight,Yes,T-type,Normal,Other,8,Saturday,11,True,False
201800005319,NonLethal,Daylight,Yes,NoIntersection,Normal,Other,3,Thursday,14,False,False
201800042410,NonLethal,NightStreelightsOn,Yes,NoIntersection,Normal,2Vehicles-Behind,12,Saturday,7,True,False
201800045580,NonLethal,Daylight,No,NoIntersection,Normal,2Vehicles-Behind,12,Monday,9,False,False
201800052819,NonLethal,Daylight,Yes,X-type,Normal,2Vehicles-Side,9,Friday,16,False,False
201800034231,NonLethal,Daylight,Yes,Other,VeryGood,2Vehicles-Side,6,Friday,8,False,False
201800046114,NonLethal,Daylight,No,NoIntersection,Normal,Other,9,Tuesday,17,False,False
201800034857,NonLethal,NightStreelightsOn,Yes,NoIntersection,LightRain,Other,11,Tuesday,20,False,False
201800003298,NonLethal,Daylight,No,NoIntersection,Normal,NoCollision,10,Thursday,18,False,False
201800046261,NonLethal,Daylight,No,NoIntersection,Normal,2Vehicles-Side,12,Sunday,11,True,False
201800020919,NonLethal,NightStreelightsOn,Yes,NoIntersection,Normal,NoCollision,8,Wednesday,2,False,True
201800044437,NonLethal,NightNoStreetLight,No,Other,Normal,2Vehicles-Behind,7,Thursday,2,False,True
201800004164,Lethal,NightNoStreetLight,No,NoIntersection,Normal,Other,8,Friday,0,False,True
201800055759,NonLethal,NightStreelightsOn,Yes,NoIntersection,Normal,3+Vehicles-Chain,12,Saturday,21,True,False
201800031790,NonLethal,Daylight,Yes,T-type,Normal,Other,6,Saturday,19,True,False
201800007801,NonLethal,NightStreelightsOn,Yes,NoIntersection,Normal,Other,10,Friday,21,False,False
201800016860,NonLethal,TwilightOrDawn,No,X-type,Normal,2Vehicles-Side,10,Friday,7,False,False
201800002949,NonLethal,Daylight,Yes,NoIntersection,Normal,Other,11,Friday,18,False,False
201800049747,NonLethal,Daylight,No,NoIntersection,LightRain,2Vehicles-Behind,3,Thursday,9,False,False
201800004727,Lethal,NightNoStreetLight,No,NoIntersection,Overcast,2Vehicles-Behind,1,Wednesday,18,False,False
201800040648,NonLethal,Daylight,Yes,NoIntersection,Normal,2Vehicles-Side,2,Monday,8,False,False
201800009759,NonLethal,Daylight,Yes,NoIntersection,Normal,Other,9,Friday,16,False,False
201800015999,NonLethal,NightNoStreetLight,No,NoIntersection,Normal,Other,9,Thursday,20,False,False
201800018837,Lethal,Daylight,No,NoIntersection,Normal,Other,4,Friday,15,False,False
201800016342,NonLethal,NightStreelightsOn,Yes,T-type,Normal,Other,11,Thursday,18,False,False
201800025214,NonLethal,Daylight,Yes,X-type,Normal,2Vehicles-Side,1,Friday,8,False,False
201800000112,NonLethal,Daylight,No,NoIntersection,Normal,3+Vehicles-Multiple,11,Monday,16,False,False
201800033182,NonLethal,TwilightOrDawn,Yes,NoIntersection,Normal,Other,10,Saturday,19,True,False
201800024492,NonLethal,Daylight,Yes,NoIntersection,Overcast,2Vehicles-Behind,11,Monday,14,False,False
201800036991,NonLethal,Daylight,Yes,NoIntersection,Normal,3+Vehicles-Chain,6,Monday,11,False,False
201800032840,Lethal,Daylight,No,NoIntersection,Normal,2Vehicles-BehindVehicles-Frontal,5,Wednesday,13,False,False
201800030582,NonLethal,Daylight,Yes,T-type,Overcast,NoCollision,6,Friday,11,False,False
201800007545,NonLethal,NightNoStreetLight,No,NoIntersection,Normal,NoCollision,7,Wednesday,21,False,False
201800048232,NonLethal,Daylight,Yes,NoIntersection,Normal,3+Vehicles-Chain,8,Sunday,18,True,False
201800049274,NonLethal,NightNoStreetLight,No,NoIntersection,Normal,2Vehicles-Side,5,Friday,0,False,True
201800031570,NonLethal,Daylight,No,NoIntersection,Normal,NoCollision,3,Saturday,17,True,False
201800034554,NonLethal,Daylight,No,NoIntersection,Normal,3+Vehicles-Chain,9,Tuesday,9,False,False
201800029172,NonLethal,Daylight,No,NoIntersection,Normal,Other,11,Thursday,12,False,False
201800051395,NonLethal,Daylight,Yes,X-type,Normal,2Vehicles-Side,9,Friday,16,False,False
201800015577,NonLethal,Daylight,No,NoIntersection,Normal,2Vehicles-Behind,8,Tuesday,19,False,False
201800020328,NonLethal,TwilightOrDawn,No,NoIntersection,Normal,2Vehicles-Behind,3,Friday,6,False,True
201800050427,NonLethal,NightStreelightsOn,Yes,T-type,Overcast,NoCollision,3,Saturday,21,True,False
201800032268,NonLethal,NightNoStreetLight,Yes,Roundabout,Overcast,2Vehicles-Side,12,Saturday,7,True,False
201800011087,NonLethal,Daylight,No,Roundabout,LightRain,NoCollision,1,Tuesday,21,False,False
201800004430,NonLethal,TwilightOrDawn,Yes,NoIntersection,Normal,Other,1,Tuesday,7,False,False
201800003839,NonLethal,Daylight,No,Other,Normal,2Vehicles-Side,9,Tuesday,16,False,False
201800016359,NonLethal,TwilightOrDawn,Yes,NoIntersection,Normal,Other,12,Wednesday,8,False,False
201800027347,NonLethal,NightStreelightsOn,Yes,NoIntersection,Normal,Other,6,Friday,2,False,True
201800051189,NonLethal,Daylight,Yes,X-type,Normal,2Vehicles-Side,12,Sunday,16,True,False
201800005946,NonLethal,Daylight,Yes,NoIntersection,Normal,2Vehicles-Behind,6,Friday,9,False,False
201800015015,NonLethal,TwilightOrDawn,No,NoIntersection,Normal,NoCollision,4,Monday,19,False,False
201800049290,NonLethal,Daylight,No,NoIntersection,Normal,2Vehicles-Behind,10,Thursday,16,False,False
201800030076,NonLethal,TwilightOrDawn,Yes,Other,LightRain,Other,12,Wednesday,18,False,False
201800001300,NonLethal,NightNoStreetLight,No,NoIntersection,LightRain,Other,11,Sunday,3,True,True
201800009380,NonLethal,TwilightOrDawn,Yes,T-type,Normal,2Vehicles-Behind,7,Sunday,21,True,False
201800053030,NonLethal,Daylight,Yes,MoreThan4Branches,Normal,2Vehicles-Side,5,Thursday,15,False,False
201800044117,NonLethal,Daylight,No,NoIntersection,Normal,3+Vehicles-Multiple,10,Sunday,17,True,False
201800015752,NonLethal,Daylight,No,T-type,FogOrSmoke,2Vehicles-Side,10,Wednesday,8,False,False
201800007324,NonLethal,NightNoStreetLight,No,NoIntersection,Normal,2Vehicles-Behind,12,Wednesday,3,False,True
201800040873,NonLethal,Daylight,Yes,T-type,Normal,2Vehicles-Side,5,Thursday,9,False,False
201800040787,NonLethal,Daylight,Yes,Other,Normal,2Vehicles-Side,11,Tuesday,14,False,False
201800013490,NonLethal,Daylight,No,NoIntersection,Normal,2Vehicles-Side,5,Thursday,11,False,False
201800040389,NonLethal,NightStreelightsOn,Yes,T-type,Normal,2Vehicles-Side,10,Monday,18,False,False
201800031020,NonLethal,Daylight,Yes,NoIntersection,Normal,2Vehicles-Side,12,Friday,19,False,False
201800003989,NonLethal,TwilightOrDawn,No,NoIntersection,Normal,Other,8,Sunday,7,True,False
201800028788,NonLethal,Daylight,Yes,NoIntersection,Normal,Other,4,Monday,8,False,False
201800050772,NonLethal,Daylight,Yes,X-type,Normal,2Vehicles-Behind,4,Monday,8,False,False
201800033860,NonLethal,NightStreelightsOn,Yes,X-type,Normal,2Vehicles-Side,10,Saturday,1,True,True
201800039020,NonLethal,Daylight,Yes,NoIntersection,Normal,2Vehicles-BehindVehicles-Frontal,6,Saturday,12,True,False
201800045947,NonLethal,Daylight,No,NoIntersection,VeryGood,Other,6,Saturday,6,True,True
201800037891,NonLethal,Daylight,Yes,NoIntersection,Normal,2Vehicles-Side,1,Sunday,16,True,False
201800051423,NonLethal,NightStreelightsOn,Yes,X-type,Normal,2Vehicles-Side,12,Thursday,0,False,True
201800056945,NonLethal,Daylight,Yes,NoIntersection,Normal,2Vehicles-Behind,5,Thursday,8,False,False
201800048930,NonLethal,Daylight,No,NoIntersection,Normal,2Vehicles-Side,6,Tuesday,12,False,False
201800035752,NonLethal,NightStreelightsOn,Yes,NoIntersection,Normal,2Vehicles-BehindVehicles-Frontal,9,Saturday,1,True,True
201800031441,NonLethal,Daylight,No,NoIntersection,LightRain,Other,10,Thursday,9,False,False
201800015610,NonLethal,Daylight,No,NoIntersection,Normal,NoCollision,6,Monday,13,False,False
201800024787,NonLethal,Daylight,Yes,Other,Normal,2Vehicles-Behind,5,Sunday,15,True,False
201800023657,NonLethal,Daylight,Yes,X-type,Normal,Other,11,Wednesday,10,False,False
201800000130,NonLethal,NightStreelightsOn,Yes,NoIntersection,Normal,Other,4,Sunday,22,True,False
201800022530,NonLethal,Daylight,Yes,X-type,Normal,2Vehicles-Side,1,Saturday,10,True,False
201800054901,NonLethal,NightStreelightsOn,Yes,NoIntersection,LightRain,Other,1,Saturday,20,True,False
201800049404,NonLethal,Daylight,No,NoIntersection,Normal,Other,7,Sunday,14,True,False
201800055769,NonLethal,NightStreelightsOn,Yes,NoIntersection,Normal,Other,4,Sunday,0,True,True
201800017473,NonLethal,Daylight,Yes,NoIntersection,Normal,NoCollision,9,Monday,12,False,False
201800025746,NonLethal,NightStreelightsOn,No,NoIntersection,Normal,2Vehicles-Behind,9,Friday,20,False,False
201800032041,NonLethal,NightStreelightsOn,Yes,T-type,Normal,2Vehicles-Side,12,Thursday,20,False,False
201800011281,Lethal,NightNoStreetLight,No,NoIntersection,LightRain,Other,1,Wednesday,4,False,True
201800030334,NonLethal,TwilightOrDawn,Yes,Other,HeavyRain,Other,12,Thursday,8,False,False
201800024187,NonLethal,Daylight,Yes,NoIntersection,Normal,NoCollision,1,Thursday,15,False,False
201800015799,NonLethal,Daylight,Yes,Roundabout,VeryGood,Other,11,Monday,16,False,False
201800044024,NonLethal,Daylight,No,Other,LightRain,3+Vehicles-Chain,6,Friday,19,False,False
201800015416,NonLethal,NightNoStreetLight,No,X-type,Normal,2Vehicles-Side,10,Monday,22,False,False
201800051641,NonLethal,Daylight,Yes,X-type,Normal,NoCollision,1,Friday,11,False,False
201800015020,NonLethal,Daylight,Yes,Roundabout,Normal,2Vehicles-Side,11,Thursday,8,False,False
201800009492,NonLethal,NightStreelightsOn,Yes,NoIntersection,Normal,2Vehicles-Side,8,Tuesday,21,False,False
201800042761,NonLethal,NightStreelightsOn,Yes,MoreThan4Branches,Normal,2Vehicles-Side,6,Sunday,23,True,False
201800005766,NonLethal,Daylight,Yes,NoIntersection,Normal,Other,8,Wednesday,16,False,False
201800007087,NonLethal,Daylight,Yes,NoIntersection,Normal,Other,8,Monday,18,False,False
201800003499,NonLethal,Daylight,No,NoIntersection,Normal,Other,12,Wednesday,19,False,False
201800027928,NonLethal,TwilightOrDawn,Yes,T-type,Normal,2Vehicles-Side,1,Monday,17,False,False
201800050497,NonLethal,NightStreelightsOn,Yes,NoIntersection,Normal,3+Vehicles-Multiple,10,Wednesday,23,False,False
201800009226,NonLethal,NightStreelightsOn,Yes,NoIntersection,Normal,2Vehicles-Side,6,Monday,0,False,True
201800003296,NonLethal,NightNoStreetLight,No,Y-type,FogOrSmoke,2Vehicles-BehindVehicles-Frontal,10,Wednesday,6,False,True
201800006627,NonLethal,Daylight,No,NoIntersection,Overcast,Other,11,Monday,14,False,False
201800043005,NonLethal,Daylight,Yes,NoIntersection,Normal,2Vehicles-Side,8,Monday,13,False,False
201800021178,NonLethal,NightStreelightsOn,Yes,NoIntersection,LightRain,2Vehicles-Side,12,Monday,20,False,False
201800038635,NonLethal,Daylight,Yes,NoIntersection,Normal,Other,12,Monday,16,False,False
201800056603,NonLethal,Daylight,No,NoIntersection,Normal,2Vehicles-Side,5,Sunday,11,True,False
201800057306,NonLethal,Daylight,Yes,Other,VeryGood,Other,4,Tuesday,16,False,False
201800033384,NonLethal,Daylight,Yes,Other,Normal,2Vehicles-Side,6,Saturday,15,True,False
201800046238,NonLethal,Daylight,No,NoIntersection,SnowOrHail,Other,11,Tuesday,13,False,False
201800025368,NonLethal,Daylight,Yes,T-type,LightRain,2Vehicles-Behind,6,Wednesday,12,False,False
201800048093,NonLethal,TwilightOrDawn,Yes,NoIntersection,Normal,2Vehicles-Behind,2,Monday,7,False,False
201800009169,NonLethal,Daylight,Yes,T-type,Normal,2Vehicles-Side,6,Wednesday,17,False,False
201800001504,NonLethal,NightStreelightsOn,Yes,T-type,Normal,2Vehicles-BehindVehicles-Frontal,11,Wednesday,20,False,False
201800047109,NonLethal,Daylight,No,NoIntersection,Normal,NoCollision,10,Friday,9,False,False
201800035072,NonLethal,Daylight,Yes,NoIntersection,Normal,2Vehicles-Behind,12,Thursday,14,False,False
201800033193,NonLethal,NightStreelightsOn,Yes,X-type,Normal,2Vehicles-Side,11,Tuesday,19,False,False
201800007095,NonLethal,NightStreelightsOn,Yes,NoIntersection,Normal,NoCollision,11,Wednesday,2,False,True
201800027704,NonLethal,TwilightOrDawn,Yes,Y-type,Normal,2Vehicles-Side,3,Friday,7,False,False
201800020247,NonLethal,Daylight,No,NoIntersection,Normal,Other,7,Saturday,15,True,False
201800022295,NonLethal,Daylight,Yes,NoIntersection,LightRain,2Vehicles-Side,6,Sunday,11,True,False
201800056784,NonLethal,Daylight,No,NoIntersection,Normal,2Vehicles-Side,4,Wednesday,17,False,False
201800039415,NonLethal,Daylight,Yes,NoIntersection,Normal,2Vehicles-Behind,8,Monday,11,False,False
201800033172,NonLethal,Daylight,Yes,NoIntersection,Normal,Other,12,Monday,17,False,False
201800047331,NonLethal,Daylight,Yes,Other,Normal,Other,1,Wednesday,7,False,False
201800022489,NonLethal,NightStreelightsOn,Yes,NoIntersection,Normal,Other,4,Thursday,21,False,False
201800005407,NonLethal,Daylight,Yes,NoIntersection,Normal,2Vehicles-Behind,6,Friday,19,False,False
201800057662,NonLethal,Daylight,Yes,NoIntersection,Normal,Other,4,Saturday,14,True,False
201800012078,NonLethal,NightStreelightsOn,Yes,NoIntersection,FogOrSmoke,2Vehicles-BehindVehicles-Frontal,5,Thursday,6,False,True
201800047057,NonLethal,NightNoStreetLight,No,NoIntersection,Normal,2Vehicles-Behind,11,Tuesday,19,False,False
201800015271,Lethal,NightNoStreetLight,No,NoIntersection,Normal,Other,11,Saturday,0,True,True
201800036852,NonLethal,Daylight,Yes,NoIntersection,Normal,2Vehicles-Behind,8,Monday,19,False,False
201800042466,NonLethal,Daylight,Yes,NoIntersection,LightRain,Other,6,Tuesday,9,False,False
201800021195,NonLethal,NightStreelightsOn,Yes,Square,Normal,Other,6,Thursday,22,False,False
201800002786,NonLethal,NightStreelightsOn,Yes,X-type,Normal,Other,2,Friday,18,False,False
201800042035,NonLethal,Daylight,Yes,T-type,Normal,2Vehicles-BehindVehicles-Frontal,1,Wednesday,9,False,False
201800010652,Lethal,Daylight,No,X-type,Normal,2Vehicles-Side,8,Wednesday,14,False,False
201800048418,NonLethal,NightStreelightsOn,Yes,X-type,Normal,2Vehicles-Side,7,Saturday,23,True,False