AccidentId,Gravity,Light,InAgglomeration,IntersectionType,Weather,CollisionType,Month,DayOfWeek,HourOfDay,IsWeekend,IsNight
201800046895,NonLethal,Daylight,No,NoIntersection,LightRain,3+Vehicles-Multiple,9,Sunday,9,True,False
201800025385,NonLethal,Daylight,Yes,NoIntersection,Normal,NoCollision,6,Friday,12,False,False
201800031448,NonLethal,NightStreelightsOff,Yes,NoIntersection,Normal,Other,5,Saturday,23,True,False
201800013144,NonLethal,TwilightOrDawn,Yes,X-type,Normal,2Vehicles-BehindVehicles-Frontal,5,Thursday,6,False,True
201800023287,NonLethal,TwilightOrDawn,Yes,NoIntersection,Normal,Other,10,Wednesday,8,False,False
201800002816,NonLethal,NightNoStreetLight,Yes,NoIntersection,LightRain,2Vehicles-BehindVehicles-Frontal,11,Friday,7,False,False
201800047030,NonLethal,Daylight,No,NoIntersection,Overcast,Other,11,Sunday,9,True,False
201800033483,NonLethal,Daylight,Yes,X-type,Overcast,2Vehicles-Side,5,Tuesday,20,False,False
201800023863,NonLethal,NightStreelightsOn,Yes,X-type,Normal,2Vehicles-BehindVehicles-Frontal,2,Thursday,6,False,True
201800057622,NonLethal,Daylight,Yes,NoIntersection,Normal,2Vehicles-Side,5,Friday,17,False,False
201800027557,NonLethal,TwilightOrDawn,Yes,NoIntersection,Normal,Other,12,Wednesday,17,False,False
201800019762,NonLethal,NightStreelightsOn,Yes,NoIntersection,Normal,2Vehicles-Side,10,Saturday,23,True,False
201800015902,NonLethal,Daylight,No,NoIntersection,Normal,2Vehicles-Side,4,Saturday,9,True,False
201800029193,NonLethal,NightStreelightsOn,Yes,T-type,LightRain,2Vehicles-Side,1,Tuesday,19,False,False
201800039948,NonLethal,NightStreelightsOn,Yes,NoIntersection,Overcast,2Vehicles-Side,2,Monday,19,False,False
201800019487,NonLethal,Daylight,No,Roundabout,Normal,2Vehicles-Behind,9,Thursday,13,False,False
201800022071,NonLethal,Daylight,Yes,NoIntersection,Normal,2Vehicles-Behind,6,Wednesday,19,False,False
201800012380,NonLethal,Daylight,No,NoIntersection,Normal,Other,7,Saturday,15,True,False
201800017490,NonLethal,Daylight,No,NoIntersection,Normal,2Vehicles-BehindVehicles-Frontal,9,Monday,17,False,False
201800043431,NonLethal,Daylight,Yes,NoIntersection,Normal,Other,4,Thursday,13,False,False
201800049578,NonLethal,Daylight,No,NoIntersection,Normal,2Vehicles-Side,7,Thursday,20,False,False
201800055602,NonLethal,Daylight,Yes,NoIntersection,LightRain,NoCollision,9,Friday,8,False,False
201800049979,NonLethal,Daylight,No,NoIntersection,Normal,Other,8,Saturday,6,True,True
201800024372,NonLethal,Daylight,Yes,NoIntersection,Normal,2Vehicles-Side,5,Friday,16,False,False
201800035161,NonLethal,Daylight,No,NoIntersection,Normal,2Vehicles-BehindVehicles-Frontal,11,Saturday,11,True,False
201800008032,NonLethal,Daylight,No,NoIntersection,HeavyRain,2Vehicles-Side,4,Thursday,17,False,False
201800006762,NonLethal,NightStreelightsOn,No,NoIntersection,Normal,2Vehicles-Behind,9,Sunday,5,True,True
201800011526,NonLethal,NightNoStreetLight,No,NoIntersection,LightRain,3+Vehicles-Multiple,2,Thursday,18,False,False
201800022504,NonLethal,TwilightOrDawn,Yes,NoIntersection,Normal,Other,9,Sunday,8,True,False
201800022453,Lethal,Daylight,No,NoIntersection,Normal,3+Vehicles-Multiple,7,Sunday,12,True,False
201800048401,NonLethal,Daylight,Yes,NoIntersection,Normal,Other,7,Thursday,11,False,False
201800017430,NonLethal,Daylight,Yes,NoIntersection,Overcast,2Vehicles-Behind,11,Wednesday,8,False,False
201800048104,NonLethal,Daylight,Yes,NoIntersection,Normal,Other,2,Monday,8,False,False
201800019061,NonLethal,Daylight,No,NoIntersection,Normal,2Vehicles-BehindVehicles-Frontal,8,Wednesday,12,False,False
201800009924,NonLethal,Daylight,Yes,NoIntersection,Overcast,Other,10,Wednesday,8,False,False
201800029279,NonLethal,NightStreelightsOn,Yes,Roundabout,LightRain,Other,12,Sunday,5,True,True
201800000412,NonLethal,Daylight,Yes,T-type,Normal,Other,5,Thursday,20,False,False
201800000044,NonLethal,Daylight,No,NoIntersection,VeryGood,2Vehicles-Side,9,Saturday,18,True,False
201800002103,NonLethal,Daylight,Yes,NoIntersection,Normal,Other,9,Saturday,11,True,False
201800048146,NonLethal,NightStreelightsOn,Yes,T-type,Normal,2Vehicles-BehindVehicles-Frontal,3,Thursday,19,False,False
201800029379,NonLethal,Daylight,Yes,NoIntersection,Normal,2Vehicles-Side,9,Friday,20,False,False
201800032844,NonLethal,Daylight,No,NoIntersection,Normal,Other,6,Wednesday,19,False,False
201800045983,NonLethal,Daylight,No,NoIntersection,Normal,NoCollision,7,Monday,16,False,False
201800021482,NonLethal,NightStreelightsOn,Yes,NoIntersection,LightRain,Other,2,Tuesday,20,False,False
201800037005,NonLethal,Daylight,Yes,NoIntersection,Normal,2Vehicles-BehindVehicles-Frontal,5,Wednesday,19,False,False
201800029697,NonLethal,Daylight,Yes,NoIntersection,Normal,Other,6,Friday,18,False,False
201800045808,NonLethal,Daylight,No,NoIntersection,Normal,NoCollision,4,Monday,7,False,False
201800042274,NonLethal,Daylight,Yes,X-type,Normal,Other,5,Saturday,16,True,False
201800040253,NonLethal,NightStreelightsOn,Yes,T-type,Normal,2Vehicles-BehindVehicles-Frontal,12,Tuesday,23,False,False
201800032957,NonLethal,TwilightOrDawn,No,NoIntersection,Normal,Other,6,Friday,6,False,True
201800025496,NonLethal,Daylight,Yes,Other,Normal,2Vehicles-Behind,9,Monday,17,False,False
201800034171,NonLethal,Daylight,Yes,T-type,Normal,2Vehicles-BehindVehicles-Frontal,3,Thursday,20,False,False
201800013812,NonLethal,Daylight,No,X-type,Overcast,2Vehicles-Side,12,Monday,10,False,False
201800007509,NonLethal,Daylight,Yes,Other,Normal,2Vehicles-BehindVehicles-Frontal,6,Sunday,9,True,False
201800023057,Lethal,Daylight,Yes,NoIntersection,Normal,Other,5,Monday,16,False,False
201800046733,NonLethal,Daylight,No,NoIntersection,Normal,2Vehicles-Behind,4,Saturday,16,True,False
201800051554,NonLethal,Daylight,Yes,Square,Normal,Other,8,Friday,18,False,False
201800053097,NonLethal,Daylight,Yes,T-type,Normal,Other,8,Monday,15,False,False
201800056059,NonLethal,NightNoStreetLight,Yes,NoIntersection,Normal,Other,11,Friday,23,False,False
201800022481,NonLethal,Daylight,Yes,NoIntersection,Normal,2Vehicles-Behind,2,Monday,15,False,False
201800042280,NonLethal,TwilightOrDawn,Yes,NoIntersection,Normal,3+Vehicles-Chain,5,Thursday,20,False,False
201800014388,NonLethal,NightNoStreetLight,No,NoIntersection,Normal,NoCollision,2,Friday,4,False,True
201800026567,NonLethal,Daylight,No,NoIntersection,Normal,2Vehicles-Behind,7,Wednesday,14,False,False
201800003990,NonLethal,Daylight,No,NoIntersection,Normal,3+Vehicles-Multiple,8,Saturday,9,True,False
201800012118,NonLethal,Daylight,No,NoIntersection,Normal,Other,4,Saturday,10,True,False
201800007759,NonLethal,Daylight,Yes,NoIntersection,Normal,Other,5,Monday,11,False,False
201800045162,NonLethal,Daylight,No,NoIntersection,Normal,2Vehicles-Behind,8,Wednesday,12,False,False
201800052276,NonLethal,Daylight,Yes,NoIntersection,Normal,2Vehicles-Side,11,Friday,9,False,False
201800021354,NonLethal,Daylight,No,NoIntersection,VeryGood,Other,5,Saturday,16,True,False
201800056005,NonLethal,TwilightOrDawn,Yes,Roundabout,VeryGood,Other,10,Thursday,7,False,False
201800040426,NonLethal,TwilightOrDawn,Yes,NoIntersection,Normal,Other,7,Wednesday,20,False,False
201800035555,NonLethal,Daylight,Yes,NoIntersection,Normal,Other,6,Tuesday,16,False,False
201800033117,NonLethal,Daylight,Yes,NoIntersection,Normal,Other,4,Sunday,13,True,False
201800031773,NonLethal,NightStreelightsOn,Yes,T-type,Normal,2Vehicles-Side,6,Monday,1,False,True
201800043691,NonLethal,Daylight,Yes,X-type,Normal,Other,7,Tuesday,7,False,False
201800029393,NonLethal,NightNoStreetLight,Yes,NoIntersection,Normal,Other,11,Friday,0,False,True
201800026454,NonLethal,Daylight,Yes,NoIntersection,Normal,Other,10,Sunday,10,True,False
201800036737,NonLethal,Daylight,Yes,NoIntersection,Normal,2Vehicles-BehindVehicles-Frontal,9,Tuesday,18,False,False
201800041799,NonLethal,Daylight,Yes,T-type,Normal,2Vehicles-Side,9,Saturday,17,True,False
201800043124,NonLethal,Daylight,Yes,NoIntersection,Normal,2Vehicles-Side,5,Friday,15,False,False
201800015370,NonLethal,TwilightOrDawn,Yes,Roundabout,Normal,2Vehicles-Side,12,Tuesday,8,False,False
201800019162,NonLethal,NightStreelightsOn,Yes,X-type,Normal,2Vehicles-Side,4,Friday,21,False,False
201800004187,Lethal,NightStreelightsOn,Yes,Roundabout,Normal,Other,5,Saturday,23,True,False
201800013606,NonLethal,Daylight,No,NoIntersection,Overcast,NoCollision,2,Tuesday,18,False,False
201800049694,NonLethal,Daylight,No,NoIntersection,Normal,3+Vehicles-Chain,2,Wednesday,17,False,False
201800044956,NonLethal,Daylight,No,NoIntersection,Normal,2Vehicles-Behind,6,Thursday,7,False,False
201800003895,NonLethal,Daylight,Yes,NoIntersection,Normal,2Vehicles-Behind,7,Thursday,11,False,False
201800039274,NonLethal,Daylight,Yes,Other,Normal,2Vehicles-Behind,7,Tuesday,16,False,False
201800038586,NonLethal,Daylight,Yes,NoIntersection,LightRain,Other,6,Monday,9,False,False
201800032701,NonLethal,Daylight,Yes,Square,Normal,Other,5,Monday,15,False,False
201800018408,NonLethal,Daylight,Yes,Roundabout,Normal,2Vehicles-Side,10,Monday,12,False,False
201800029109,NonLethal,Daylight,Yes,X-type,Normal,NoCollision,5,Sunday,18,True,False
201800050099,NonLethal,NightNoStreetLight,No,NoIntersection,LightRain,Other,11,Tuesday,1,False,True
201800024935,NonLethal,Daylight,Yes,NoIntersection,Normal,Other,10,Tuesday,11,False,False
201800029643,NonLethal,NightStreelightsOff,Yes,T-type,Normal,Other,11,Tuesday,18,False,False
201800016198,NonLethal,Daylight,Yes,X-type,Normal,2Vehicles-Side,6,Wednesday,12,False,False
201800018729,NonLethal,Daylight,Yes,NoIntersection,Normal,Other,4,Monday,17,False,False
201800041038,NonLethal,Daylight,Yes,NoIntersection,Normal,2Vehicles-BehindVehicles-Frontal,6,Tuesday,19,False,False
201800022179,NonLethal,NightNoStreetLight,No,NoIntersection,LightRain,Other,12,Friday,22,False,False
201800057053,NonLethal,TwilightOrDawn,Yes,NoIntersection,Normal,Other,9,Friday,18,False,False
201800029198,NonLethal,Daylight,Yes,T-type,Normal,2Vehicles-Side,5,Thursday,12,False,False
201800052060,NonLethal,Daylight,Yes,NoIntersection,Overcast,2Vehicles-Behind,6,Wednesday,13,False,False
201800038203,NonLethal,Daylight,Yes,NoIntersection,Normal,2Vehicles-Side,4,Thursday,20,False,False
201800015461,Lethal,TwilightOrDawn,No,NoIntersection,Normal,Other,2,Sunday,8,True,False
201800034848,NonLethal,Daylight,Yes,X-type,Normal,2Vehicles-Side,9,Tuesday,18,False,False
201800050670,NonLethal,Daylight,Yes,T-type,Normal,2Vehicles-Behind,3,Friday,8,False,False
201800001730,NonLethal,Daylight,Yes,X-type,Overcast,Other,10,Tuesday,11,False,False
201800019712,NonLethal,Daylight,Yes,X-type,Normal,2Vehicles-Side,8,Monday,12,False,False
201800037179,NonLethal,NightStreelightsOn,Yes,NoIntersection,Normal,2Vehicles-Side,10,Saturday,3,True,True
201800040765,NonLethal,Daylight,Yes,NoIntersection,Normal,2Vehicles-Side,6,Monday,17,False,False
201800026778,Lethal,NightStreelightsOn,Yes,NoIntersection,Normal,Other,3,Wednesday,23,False,False
201800014354,NonLethal,Daylight,No,NoIntersection,Normal,NoCollision,1,Friday,12,False,False
201800053675,NonLethal,Daylight,Yes,Square,LightRain,Other,1,Sunday,13,True,False
201800036993,NonLethal,Daylight,Yes,NoIntersection,Normal,2Vehicles-Side,6,Friday,20,False,False
201800031359,NonLethal,Daylight,Yes,NoIntersection,Normal,2Vehicles-Side,11,Thursday,9,False,False
201800020450,NonLethal,Daylight,No,NoIntersection,Normal,Other,3,Friday,8,False,False
201800037267,NonLethal,Daylight,Yes,NoIntersection,Normal,2Vehicles-Behind,6,Friday,12,False,False
201800028434,NonLethal,Daylight,Yes,NoIntersection,Normal,Other,5,Thursday,9,False,False
201800013651,NonLethal,NightStreelightsOn,Yes,NoIntersection,Normal,Other,9,Friday,0,False,True
201800049762,NonLethal,NightNoStreetLight,No,NoIntersection,Normal,3+Vehicles-Chain,3,Saturday,21,True,False
201800026436,NonLethal,Daylight,Yes,NoIntersection,Normal,3+Vehicles-Multiple,9,Saturday,17,True,False
201800019356,Lethal,NightStreelightsOn,Yes,T-type,Normal,2Vehicles-Side,8,Monday,4,False,True
201800000257,NonLethal,NightStreelightsOn,Yes,X-type,Normal,2Vehicles-Side,10,Monday,19,False,False
201800012250,NonLethal,NightStreelightsOn,Yes,NoIntersection,Normal,NoCollision,12,Monday,3,False,True
201800056305,NonLethal,Daylight,Yes,NoIntersection,Normal,2Vehicles-Side,5,Sunday,16,True,False
201800033502,NonLethal,Daylight,Yes,NoIntersection,Normal,NoCollision,6,Saturday,11,True,False
201800003636,NonLethal,Daylight,No,NoIntersection,Normal,Other,6,Saturday,11,True,False
201800007314,NonLethal,Daylight,No,NoIntersection,LightRain,Other,4,Sunday,17,True,False
201800031391,NonLethal,TwilightOrDawn,No,NoIntersection,Normal,NoCollision,5,Sunday,5,True,True
201800037457,NonLethal,Daylight,Yes,Other,Normal,Other,6,Thursday,14,False,False
201800036893,NonLethal,NightStreelightsOn,Yes,X-type,Normal,2Vehicles-Behind,1,Saturday,18,True,False
201800003539,NonLethal,NightNoStreetLight,No,NoIntersection,Normal,2Vehicles-BehindVehicles-Frontal,9,Monday,20,False,False
201800035960,NonLethal,NightNoStreetLight,Yes,NoIntersection,Normal,2Vehicles-Side,11,Thursday,18,False,False
201800049775,NonLethal,Daylight,Yes,Other,Normal,3+Vehicles-Chain,4,Wednesday,14,False,False
201800005060,NonLethal,Daylight,Yes,NoIntersection,Normal,Other,2,Tuesday,11,False,False
201800044719,NonLethal,Daylight,No,NoIntersection,Normal,NoCollision,3,Monday,14,False,False
201800026350,NonLethal,NightStreelightsOn,Yes,NoIntersection,Normal,Other,3,Saturday,6,True,True
201800042186,NonLethal,Daylight,Yes,NoIntersection,HeavyRain,NoCollision,6,Wednesday,17,False,False
201800034910,NonLethal,NightStreelightsOn,Yes,X-type,Normal,2Vehicles-Side,6,Saturday,5,True,True
201800011726,NonLethal,Daylight,No,NoIntersection,Normal,Other,2,Saturday,17,True,False
201800041915,NonLethal,TwilightOrDawn,Yes,Other,Normal,3+Vehicles-Chain,1,Thursday,8,False,False
201800029157,NonLethal,Daylight,No,NoIntersection,LightRain,Other,9,Sunday,19,True,False
201800054568,NonLethal,NightStreelightsOn,Yes,NoIntersection,Normal,2Vehicles-Side,12,Monday,19,False,False
201800049113,NonLethal,Daylight,No,NoIntersection,Normal,2Vehicles-Behind,12,Friday,16,False,False
201800048298,NonLethal,Daylight,Yes,NoIntersection,Overcast,2Vehicles-Side,4,Friday,17,False,False
201800032018,NonLethal,Daylight,Yes,T-type,Normal,2Vehicles-Side,11,Saturday,15,True,False
201800016128,Lethal,NightNoStreetLight,No,NoIntersection,Normal,Other,2,Friday,5,False,True
201800014330,NonLethal,Daylight,No,NoIntersection,Normal,NoCollision,4,Sunday,13,True,False
201800052217,NonLethal,Daylight,Yes,NoIntersection,Normal,Other,10,Monday,16,False,False
201800021321,NonLethal,Daylight,No,NoIntersection,Normal,Other,6,Tuesday,12,False,False
201800042632,NonLethal,Daylight,Yes,NoIntersection,Normal,Other,12,Friday,16,False,False
201800036555,NonLethal,Daylight,Yes,Y-type,Normal,2Vehicles-Side,5,Thursday,17,False,False
201800005417,NonLethal,Daylight,Yes,NoIntersection,Normal,2Vehicles-Behind,6,Saturday,17,True,False
201800029425,NonLethal,Daylight,Yes,X-type,Normal,2Vehicles-Side,8,Wednesday,17,False,False
201800013387,NonLethal,Daylight,Yes,NoIntersection,Normal,2Vehicles-Behind,9,Tuesday,12,False,False
201800013824,Lethal,NightNoStreetLight,No,NoIntersection,Normal,2Vehicles-BehindVehicles-Frontal,10,Wednesday,21,False,False
201800057013,NonLethal,Daylight,Yes,NoIntersection,Normal,2Vehicles-Behind,11,Thursday,10,False,False
201800006362,NonLethal,Daylight,No,NoIntersection,Normal,Other,6,Monday,15,False,False
201800049958,NonLethal,Daylight,No,NoIntersection,Normal,2Vehicles-Behind,7,Saturday,16,True,False
201800037500,NonLethal,Daylight,Yes,NoIntersection,Normal,Other,10,Friday,13,False,False
201800037291,NonLethal,Daylight,Yes,NoIntersection,Normal,Other,9,Saturday,19,True,False
201800004357,NonLethal,Daylight,No,NoIntersection,Normal,Other,4,Monday,10,False,False
201800055174,NonLethal,Daylight,Yes,X-type,Normal,Other,9,Tuesday,17,False,False
201800009532,NonLethal,Daylight,Yes,NoIntersection,Normal,NoCollision,8,Tuesday,14,False,False
201800000762,NonLethal,NightNoStreetLight,No,NoIntersection,HeavyRain,NoCollision,12,Thursday,23,False,False
201800034174,NonLethal,Daylight,No,NoIntersection,Normal,Other,8,Saturday,11,True,False
201800042573,NonLethal,Daylight,Yes,T-type,Normal,2Vehicles-Side,9,Thursday,9,False,False
201800005454,NonLethal,Daylight,Yes,NoIntersection,Normal,2Vehicles-BehindVehicles-Frontal,9,Friday,11,False,False
201800033356,NonLethal,Daylight,Yes,Y-type,Normal,NoCollision,2,Friday,7,False,False
201800036181,NonLethal,Daylight,Yes,Roundabout,Normal,2Vehicles-Side,12,Sunday,12,True,False
201800031968,NonLethal,Daylight,Yes,NoIntersection,FogOrSmoke,2Vehicles-Behind,10,Wednesday,8,False,False
201800012652,NonLethal,Daylight,No,NoIntersection,Normal,Other,6,Sunday,19,True,False
201800024880,NonLethal,Daylight,No,NoIntersection,Normal,2Vehicles-BehindVehicles-Frontal,8,Thursday,16,False,False
201800053800,NonLethal,Daylight,Yes,NoIntersection,Normal,2Vehicles-Side,3,Monday,11,False,False
201800012600,NonLethal,Daylight,No,NoIntersection,Normal,Other,6,Thursday,14,False,False
201800035410,NonLethal,Daylight,No,NoIntersection,Normal,2Vehicles-BehindVehicles-Frontal,9,Friday,12,False,False
201800005374,NonLethal,Daylight,Yes,NoIntersection,Overcast,NoCollision,1,Friday,12,False,False
201800054428,NonLethal,Daylight,Yes,X-type,Normal,Other,5,Wednesday,18,False,False
201800039898,NonLethal,TwilightOrDawn,Yes,NoIntersection,Normal,Other,6,Friday,21,False,False
201800023664,NonLethal,Daylight,Yes,T-type,Normal,2Vehicles-Side,12,Friday,16,False,False
201800045541,NonLethal,NightNoStreetLight,No,NoIntersection,Normal,Other,5,Saturday,17,True,False
201800003267,NonLethal,Daylight,No,NoIntersection,Normal,2Vehicles-Behind,4,Saturday,16,True,False
201800012723,NonLethal,Daylight,Yes,Other,Normal,Other,3,Saturday,11,True,False
201800001771,Lethal,NightNoStreetLight,No,NoIntersection,Normal,2Vehicles-BehindVehicles-Frontal,8,Wednesday,4,False,True
201800044124,NonLethal,Daylight,No,Other,Normal,2Vehicles-Behind,7,Friday,9,False,False
201800040674,NonLethal,Daylight,Yes,X-type,Normal,2Vehicles-BehindVehicles-Frontal,5,Friday,19,False,False
201800014419,NonLethal,Daylight,No,T-type,Normal,2Vehicles-Behind,8,Thursday,11,False,False
201800003554,NonLethal,Daylight,Yes,NoIntersection,Normal,Other,2,Friday,15,False,False
201800017164,NonLethal,NightStreelightsOn,Yes,NoIntersection,Normal,Other,1,Tuesday,18,False,False
201800048117,NonLethal,Daylight,Yes,NoIntersection,LightRain,Other,3,Tuesday,16,False,False
201800056711,NonLethal,Daylight,Yes,NoIntersection,Normal,2Vehicles-BehindVehicles-Frontal,6,Friday,13,False,False
201800018335,NonLethal,Daylight,No,NoIntersection,Normal,NoCollision,5,Sunday,17,True,False
201800033621,NonLethal,Daylight,Yes,T-type,Normal,2Vehicles-BehindVehicles-Frontal,9,Sunday,18,True,False
201800036284,NonLethal,Daylight,No,NoIntersection,Normal,2Vehicles-Behind,9,Thursday,16,False,False
201800016171,NonLethal,NightStreelightsOn,Yes,NoIntersection,Normal,Other,6,Tuesday,19,False,False
201800045030,NonLethal,Daylight,No,NoIntersection,Normal,2Vehicles-Behind,6,Saturday,16,True,False
201800045479,NonLethal,Daylight,No,NoIntersection,HeavyRain,2Vehicles-Behind,11,Tuesday,9,False,False
201800005248,NonLethal,Daylight,Yes,NoIntersection,Normal,2Vehicles-Side,6,Wednesday,8,False,False
201800008448,NonLethal,NightStreelightsOn,Yes,NoIntersection,Normal,3+Vehicles-Multiple,2,Friday,18,False,False
201800001390,Lethal,Daylight,Yes,NoIntersection,Normal,NoCollision,5,Tuesday,11,False,False
201800047281,NonLethal,Daylight,Yes,NoIntersection,Normal,2Vehicles-Behind,10,Friday,13,False,False
201800037915,NonLethal,Daylight,Yes,Roundabout,Normal,2Vehicles-Side,5,Thursday,12,False,False
201800003407,NonLethal,NightNoStreetLight,No,NoIntersection,Normal,2Vehicles-Behind,1,Tuesday,3,False,True
201800027500,NonLethal,NightStreelightsOff,No,NoIntersection,Normal,Other,10,Friday,6,False,True
201800025141,NonLethal,NightStreelightsOn,Yes,NoIntersection,Normal,2Vehicles-Side,12,Tuesday,21,False,False
201800000820,NonLethal,Daylight,No,NoIntersection,Normal,3+Vehicles-Multiple,3,Friday,14,False,False
201800032890,NonLethal,NightNoStreetLight,Yes,NoIntersection,Normal,Other,9,Saturday,3,True,True
201800046611,NonLethal,Daylight,No,NoIntersection,Normal,2Vehicles-Side,5,Wednesday,8,False,False
201800026134,NonLethal,Daylight,Yes,T-type,Normal,Other,7,Monday,9,False,False
201800020411,NonLethal,Daylight,Yes,NoIntersection,Normal,2Vehicles-Behind,6,Monday,15,False,False
201800004603,NonLethal,Daylight,No,NoIntersection,Normal,2Vehicles-Side,9,Tuesday,8,False,False
201800034566,NonLethal,NightNoStreetLight,Yes,NoIntersection,FogOrSmoke,NoCollision,4,Wednesday,1,False,True
201800055762,NonLethal,Daylight,Yes,NoIntersection,Normal,NoCollision,12,Monday,11,False,False
201800004210,NonLethal,Daylight,Yes,NoIntersection,Overcast,2Vehicles-BehindVehicles-Frontal,10,Saturday,16,True,False
201800026549,NonLethal,Daylight,Yes,X-type,Normal,2Vehicles-Side,6,Friday,18,False,False
201800043042,NonLethal,Daylight,Yes,NoIntersection,Normal,NoCollision,8,Wednesday,11,False,False
201800006318,NonLethal,Daylight,No,NoIntersection,Normal,3+Vehicles-Multiple,10,Thursday,8,False,False
201800048610,NonLethal,Daylight,Yes,NoIntersection,Normal,3+Vehicles-Multiple,10,Wednesday,16,False,False
201800031192,NonLethal,NightNoStreetLight,No,NoIntersection,Normal,2Vehicles-BehindVehicles-Frontal,2,Tuesday,20,False,False
201800049176,NonLethal,NightNoStreetLight,No,NoIntersection,Normal,3+Vehicles-Chain,11,Friday,17,False,False
201800025683,NonLethal,NightStreelightsOn,Yes,X-type,Normal,2Vehicles-Side,12,Monday,22,False,False
201800038125,NonLethal,Daylight,Yes,X-type,Normal,2Vehicles-Behind,7,Friday,14,False,False
201800032748,NonLethal,Daylight,Yes,NoIntersection,LightRain,2Vehicles-BehindVehicles-Frontal,1,Thursday,12,False,False
201800006203,Lethal,NightNoStreetLight,No,NoIntersection,Normal,Other,7,Sunday,23,True,False
201800044714,NonLethal,Daylight,No,NoIntersection,Normal,2Vehicles-Behind,3,Saturday,13,True,False
201800010274,NonLethal,Daylight,Yes,NoIntersection,Overcast,2Vehicles-BehindVehicles-Frontal,2,Wednesday,10,False,False
201800019654,NonLethal,Daylight,Yes,Roundabout,LightRain,2Vehicles-Side,5,Friday,8,False,False
201800039457,NonLethal,Daylight,Yes,Roundabout,Normal,2Vehicles-Side,1,Tuesday,11,False,False
201800048278,NonLethal,Daylight,Yes,X-type,LightRain,2Vehicles-Side,5,Sunday,8,True,False
201800010622,NonLethal,Daylight,No,NoIntersection,Overcast,Other,11,Saturday,15,True,False
201800054165,NonLethal,Daylight,Yes,NoIntersection,Normal,Other,7,Tuesday,10,False,False
201800045086,NonLethal,NightNoStreetLight,No,NoIntersection,Normal,NoCollision,6,Wednesday,2,False,True
201800050512,NonLethal,Daylight,Yes,NoIntersection,Normal,2Vehicles-Behind,12,Wednesday,11,False,False
201800017946,NonLethal,NightStreelightsOn,Yes,NoIntersection,Normal,Other,2,Friday,19,False,False
201800049617,NonLethal,Daylight,No,NoIntersection,LightRain,2Vehicles-Behind,11,Friday,10,False,False
201800017157,NonLethal,Daylight,No,NoIntersection,Normal,2Vehicles-Side,4,Monday,18,False,False
201800016414,NonLethal,Daylight,Yes,Roundabout,Normal,2Vehicles-Behind,9,Sunday,11,True,False
201800008692,NonLethal,Daylight,Yes,T-type,Normal,2Vehicles-Side,3,Saturday,19,True,False
201800049157,NonLethal,Daylight,No,NoIntersection,Normal,2Vehicles-Behind,7,Wednesday,18,False,False
201800052767,NonLethal,NightStreelightsOn,Yes,X-type,Normal,2Vehicles-Side,6,Tuesday,23,False,False
201800044105,NonLethal,NightStreelightsOff,No,NoIntersection,Normal,2Vehicles-Behind,8,Tuesday,1,False,True
201800028472,NonLethal,Daylight,Yes,NoIntersection,Normal,2Vehicles-Behind,4,Saturday,18,True,False
201800033735,NonLethal,Daylight,Yes,NoIntersection,Normal,3+Vehicles-Multiple,2,Saturday,19,True,False
201800014253,NonLethal,Daylight,No,NoIntersection,Normal,NoCollision,8,Sunday,10,True,False
201800046927,NonLethal,Daylight,No,NoIntersection,Normal,2Vehicles-Side,3,Saturday,17,True,False
201800028892,NonLethal,Daylight,No,NoIntersection,Normal,NoCollision,10,Friday,16,False,False
201800001874,NonLethal,Daylight,No,NoIntersection,Normal,2Vehicles-BehindVehicles-Frontal,5,Friday,19,False,False
201800004718,NonLethal,Daylight,No,NoIntersection,SnowOrHail,Other,3,Monday,7,False,False
201800016999,NonLethal,NightNoStreetLight,No,NoIntersection,LightRain,NoCollision,8,Saturday,22,True,False
201800047077,NonLethal,Daylight,No,NoIntersection,LightRain,3+Vehicles-Multiple,11,Wednesday,9,False,False
201800010120,NonLethal,NightStreelightsOn,Yes,T-type,Normal,2Vehicles-Side,11,Monday,18,False,False
201800041253,NonLethal,Daylight,Yes,X-type,Normal,2Vehicles-Behind,4,Saturday,19,True,False
201800003326,NonLethal,Daylight,Yes,Other,Normal,2Vehicles-Side,5,Saturday,13,True,False
201800021822,Lethal,Daylight,No,NoIntersection,Normal,2Vehicles-BehindVehicles-Frontal,10,Wednesday,8,False,False
201800020656,NonLethal,Daylight,Yes,NoIntersection,Normal,Other,4,Monday,7,False,False
201800052822,NonLethal,Daylight,Yes,X-type,Normal,2Vehicles-Side,9,Wednesday,15,False,False
201800007423,NonLethal,Daylight,Yes,X-type,Normal,2Vehicles-Side,9,Friday,15,False,False
201800032155,NonLethal,Daylight,Yes,T-type,Normal,Other,4,Thursday,16,False,False
201800049220,NonLethal,Daylight,No,NoIntersection,Normal,3+Vehicles-Multiple,2,Friday,14,False,False
201800043602,NonLethal,Daylight,Yes,NoIntersection,Normal,2Vehicles-BehindVehicles-Frontal,11,Saturday,7,True,False
201800029566,NonLethal,Daylight,Yes,NoIntersection,Normal,2Vehicles-Behind,8,Sunday,15,True,False
201800013594,NonLethal,Daylight,No,NoIntersection,Normal,Other,9,Saturday,15,True,False
201800008952,NonLethal,Daylight,Yes,NoIntersection,Normal,Other,5,Friday,11,False,False
201800000141,NonLethal,Daylight,No,X-type,Normal,2Vehicles-Side,5,Saturday,17,True,False