AccidentId,Gravity,Light,InAgglomeration,IntersectionType,Weather,CollisionType,Month,DayOfWeek,HourOfDay,IsWeekend,IsNight
201800017672,NonLethal,Daylight,Yes,NoIntersection,Normal,2Vehicles-Side,11,Tuesday,17,False,False
201800036279,NonLethal,NightStreelightsOn,Yes,NoIntersection,Normal,NoCollision,6,Saturday,0,True,True
201800025518,NonLethal,Daylight,Yes,Other,Normal,2Vehicles-Side,9,Sunday,17,True,False
201800021161,NonLethal,Daylight,Yes,NoIntersection,Normal,Other,11,Friday,19,False,False
201800015283,NonLethal,Daylight,No,NoIntersection,Normal,2Vehicles-Side,5,Tuesday,14,False,False
201800044299,NonLethal,NightNoStreetLight,No,NoIntersection,Normal,2Vehicles-Side,10,Friday,20,False,False
201800026518,NonLethal,TwilightOrDawn,No,NoIntersection,Normal,3+Vehicles-Chain,2,Friday,7,False,False
201800022658,NonLethal,Daylight,No,NoIntersection,Normal,2Vehicles-BehindVehicles-Frontal,11,Wednesday,12,False,False
201800037266,NonLethal,Daylight,Yes,NoIntersection,Normal,Other,5,Friday,15,False,False
201800051489,NonLethal,Daylight,Yes,X-type,Normal,Other,5,Wednesday,8,False,False
201800031040,NonLethal,Daylight,Yes,NoIntersection,Normal,2Vehicles-Behind,8,Monday,15,False,False
201800029600,NonLethal,Daylight,Yes,Other,Normal,Other,7,Saturday,11,True,False
201800021507,NonLethal,Daylight,Yes,X-type,Normal,2Vehicles-Side,8,Wednesday,19,False,False
201800053695,NonLethal,Daylight,Yes,T-type,Normal,2Vehicles-Side,12,Sunday,14,True,False
201800001728,NonLethal,NightNoStreetLight,No,NoIntersection,Normal,2Vehicles-Side,10,Thursday,7,False,False
201800038666,NonLethal,Daylight,Yes,NoIntersection,Normal,Other,1,Tuesday,10,False,False
201800005648,NonLethal,NightStreelightsOn,Yes,MoreThan4Branches,Normal,2Vehicles-Side,4,Friday,4,False,True
201800021502,NonLethal,Daylight,No,X-type,Normal,2Vehicles-Behind,6,Tuesday,9,False,False
201800048174,NonLethal,Daylight,Yes,NoIntersection,Overcast,NoCollision,4,Wednesday,18,False,False
201800044508,NonLethal,NightNoStreetLight,No,NoIntersection,LightRain,Other,7,Sunday,0,True,True
201800048247,NonLethal,Daylight,Yes,NoIntersection,Normal,Other,5,Wednesday,13,False,False
201800006710,NonLethal,Daylight,No,NoIntersection,VeryGood,Other,4,Tuesday,10,False,False
201800010424,NonLethal,Daylight,Yes,NoIntersection,Normal,2Vehicles-Side,10,Saturday,18,True,False
201800031429,NonLethal,Daylight,Yes,NoIntersection,Normal,2Vehicles-Side,5,Wednesday,16,False,False
201800051656,NonLethal,Daylight,Yes,NoIntersection,Normal,NoCollision,10,Tuesday,14,False,False
201800033217,NonLethal,Daylight,Yes,NoIntersection,Normal,Other,12,Saturday,15,True,False
201800046104,NonLethal,Daylight,No,NoIntersection,HeavyRain,Other,9,Sunday,18,True,False
201800020830,NonLethal,Daylight,Yes,NoIntersection,Normal,Other,5,Saturday,14,True,False
201800043378,NonLethal,Daylight,Yes,NoIntersection,Normal,2Vehicles-Side,7,Tuesday,18,False,False
201800035301,NonLethal,Daylight,Yes,X-type,Normal,2Vehicles-Side,10,Tuesday,17,False,False
201800028121,NonLethal,Daylight,Yes,NoIntersection,Normal,Other,6,Sunday,10,True,False
201800003113,NonLethal,Daylight,No,NoIntersection,VeryGood,2Vehicles-BehindVehicles-Frontal,4,Saturday,10,True,False
201800031517,NonLethal,Daylight,No,Other,Normal,2Vehicles-Behind,1,Friday,9,False,False
201800008166,NonLethal,Daylight,Yes,Other,Normal,2Vehicles-Side,6,Saturday,8,True,False
201800003224,NonLethal,NightNoStreetLight,No,NoIntersection,Normal,Other,9,Sunday,2,True,True
201800023773,NonLethal,Daylight,No,NoIntersection,Normal,2Vehicles-Behind,7,Sunday,17,True,False
201800020284,NonLethal,Daylight,No,NoIntersection,Normal,3+Vehicles-Multiple,3,Friday,14,False,False
201800007149,NonLethal,Daylight,No,NoIntersection,Normal,Other,10,Saturday,16,True,False
201800004077,NonLethal,Daylight,No,NoIntersection,Normal,2Vehicles-BehindVehicles-Frontal,5,Saturday,15,True,False
201800030542,NonLethal,Daylight,Yes,NoIntersection,Normal,NoCollision,3,Friday,16,False,False
201800013026,NonLethal,NightNoStreetLight,No,NoIntersection,Normal,NoCollision,7,Tuesday,4,False,True
201800002764,NonLethal,Daylight,Yes,Other,Normal,2Vehicles-Side,2,Tuesday,12,False,False
201800031810,NonLethal,Daylight,Yes,NoIntersection,LightRain,3+Vehicles-Chain,6,Thursday,18,False,False
201800030077,NonLethal,Daylight,Yes,NoIntersection,Normal,Other,12,Friday,14,False,False
201800008283,NonLethal,Daylight,Yes,X-type,Normal,2Vehicles-Side,2,Thursday,16,False,False
201800027766,NonLethal,Daylight,No,X-type,Normal,2Vehicles-BehindVehicles-Frontal,9,Friday,9,False,False
201800028682,NonLethal,Daylight,No,NoIntersection,Normal,3+Vehicles-Multiple,3,Friday,10,False,False
201800033331,NonLethal,Daylight,Yes,X-type,Normal,2Vehicles-Side,5,Thursday,9,False,False
201800053749,NonLethal,Daylight,Yes,NoIntersection,Normal,2Vehicles-Side,4,Wednesday,7,False,False
201800045489,NonLethal,NightNoStreetLight,No,NoIntersection,HeavyRain,Other,11,Saturday,4,True,True
201800029828,Lethal,Daylight,No,NoIntersection,Normal,2Vehicles-BehindVehicles-Frontal,4,Sunday,18,True,False
201800022923,NonLethal,Daylight,Yes,NoIntersection,Normal,2Vehicles-Side,2,Friday,11,False,False
201800047603,NonLethal,Daylight,Yes,X-type,Normal,2Vehicles-Side,9,Friday,15,False,False
201800020116,NonLethal,NightNoStreetLight,No,NoIntersection,Normal,NoCollision,2,Saturday,20,True,False
201800052824,NonLethal,NightStreelightsOn,Yes,X-type,Overcast,Other,9,Saturday,20,True,False
201800052800,NonLethal,NightStreelightsOn,Yes,X-type,Normal,NoCollision,8,Monday,23,False,False
201800019678,NonLethal,NightStreelightsOn,No,NoIntersection,Normal,Other,7,Tuesday,22,False,False
201800042551,NonLethal,Daylight,Yes,NoIntersection,Normal,Other,4,Sunday,13,True,False
201800014310,Lethal,Daylight,Yes,Y-type,Normal,Other,7,Tuesday,11,False,False
201800041056,NonLethal,Daylight,Yes,X-type,Normal,2Vehicles-Side,9,Sunday,19,True,False
201800016190,NonLethal,Daylight,Yes,NoIntersection,Normal,NoCollision,10,Sunday,16,True,False
201800039603,NonLethal,NightStreelightsOn,Yes,NoIntersection,Normal,Other,7,Sunday,18,True,False
201800048636,NonLethal,Daylight,Yes,NoIntersection,Normal,Other,10,Wednesday,9,False,False
201800042508,NonLethal,Daylight,Yes,NoIntersection,Normal,Other,9,Saturday,15,True,False
201800008648,NonLethal,Daylight,Yes,T-type,Normal,2Vehicles-Side,3,Friday,14,False,False
201800006026,NonLethal,NightStreelightsOn,No,NoIntersection,Normal,2Vehicles-Behind,9,Saturday,23,True,False
201800028528,NonLethal,Daylight,Yes,NoIntersection,LightRain,Other,9,Thursday,15,False,False
201800016428,Lethal,NightNoStreetLight,No,NoIntersection,LightRain,2Vehicles-BehindVehicles-Frontal,2,Thursday,18,False,False
201800010630,NonLethal,TwilightOrDawn,No,T-type,LightRain,2Vehicles-Side,7,Saturday,5,True,True
201800054003,NonLethal,Daylight,Yes,NoIntersection,Normal,Other,2,Saturday,12,True,False
201800007862,NonLethal,TwilightOrDawn,No,NoIntersection,FogOrSmoke,3+Vehicles-Multiple,10,Friday,7,False,False
201800027176,NonLethal,Daylight,Yes,NoIntersection,Normal,Other,5,Thursday,15,False,False
201800012138,NonLethal,Daylight,No,NoIntersection,Normal,Other,12,Saturday,11,True,False
201800018245,NonLethal,Daylight,Yes,NoIntersection,Normal,Other,11,Saturday,9,True,False
201800000592,NonLethal,NightStreelightsOn,Yes,NoIntersection,LightRain,Other,1,Friday,18,False,False
201800047389,NonLethal,NightStreelightsOn,Yes,NoIntersection,Normal,NoCollision,2,Wednesday,18,False,False
201800031753,NonLethal,Daylight,Yes,Roundabout,Normal,2Vehicles-Side,5,Saturday,10,True,False
201800055543,NonLethal,Daylight,Yes,NoIntersection,Normal,2Vehicles-Side,1,Monday,14,False,False
201800055894,NonLethal,Daylight,No,NoIntersection,Normal,2Vehicles-Behind,2,Saturday,8,True,False
201800021231,NonLethal,NightStreelightsOn,Yes,NoIntersection,Normal,Other,6,Sunday,6,True,True
201800003675,NonLethal,NightNoStreetLight,No,NoIntersection,Normal,2Vehicles-BehindVehicles-Frontal,1,Friday,22,False,False
201800008293,NonLethal,Daylight,Yes,NoIntersection,Normal,3+Vehicles-Multiple,4,Sunday,13,True,False
201800056014,NonLethal,Daylight,No,NoIntersection,Normal,NoCollision,8,Wednesday,6,False,True
201800045975,NonLethal,Daylight,No,NoIntersection,Normal,NoCollision,5,Monday,12,False,False
201800055336,NonLethal,Daylight,Yes,NoIntersection,Normal,3+Vehicles-Chain,4,Monday,9,False,False
201800025539,NonLethal,Daylight,No,NoIntersection,Normal,NoCollision,10,Thursday,15,False,False
201800002167,NonLethal,Daylight,Yes,NoIntersection,Normal,Other,6,Saturday,20,True,False
201800015728,NonLethal,Daylight,Yes,NoIntersection,Normal,NoCollision,6,Tuesday,16,False,False
201800054284,NonLethal,NightStreelightsOn,Yes,Square,Normal,2Vehicles-Side,7,Thursday,3,False,True
201800015597,NonLethal,Daylight,Yes,NoIntersection,Normal,Other,8,Friday,12,False,False
201800016002,NonLethal,Daylight,No,T-type,Normal,2Vehicles-Side,6,Thursday,14,False,False
201800038995,NonLethal,Daylight,Yes,Roundabout,Normal,2Vehicles-Side,3,Friday,9,False,False
201800002040,NonLethal,Daylight,No,NoIntersection,Normal,NoCollision,7,Saturday,12,True,False
201800030348,NonLethal,TwilightOrDawn,Yes,NoIntersection,Normal,Other,10,Monday,7,False,False
201800034049,NonLethal,Daylight,Yes,NoIntersection,Normal,Other,8,Monday,16,False,False
201800053803,NonLethal,Daylight,Yes,X-type,Normal,2Vehicles-Side,6,Tuesday,12,False,False
201800022129,NonLethal,Daylight,Yes,NoIntersection,Normal,2Vehicles-Side,10,Monday,9,False,False
201800028498,NonLethal,Daylight,Yes,NoIntersection,Normal,Other,7,Thursday,12,False,False
201800020114,Lethal,NightNoStreetLight,No,NoIntersection,Normal,Other,3,Sunday,18,True,False
201800050537,NonLethal,Daylight,Yes,X-type,Normal,2Vehicles-Side,3,Sunday,11,True,False
201800036865,NonLethal,NightStreelightsOn,Yes,NoIntersection,LightRain,3+Vehicles-Chain,3,Saturday,6,True,True
201800048654,NonLethal,Daylight,Yes,NoIntersection,Normal,2Vehicles-Behind,10,Wednesday,8,False,False
201800011576,NonLethal,NightNoStreetLight,No,NoIntersection,Normal,3+Vehicles-Chain,4,Thursday,20,False,False
201800049386,Lethal,Daylight,No,NoIntersection,Normal,3+Vehicles-Multiple,5,Thursday,18,False,False
201800021362,Lethal,Daylight,No,NoIntersection,Normal,2Vehicles-Side,6,Friday,12,False,False
201800038752,NonLethal,Daylight,Yes,NoIntersection,Normal,NoCollision,5,Friday,16,False,False
201800040821,NonLethal,NightStreelightsOn,Yes,NoIntersection,LightRain,Other,2,Friday,21,False,False
201800004583,NonLethal,Daylight,No,NoIntersection,Normal,2Vehicles-Behind,4,Friday,10,False,False
201800026644,NonLethal,Daylight,Yes,T-type,Normal,Other,5,Sunday,19,True,False
201800041411,NonLethal,NightStreelightsOn,Yes,T-type,Normal,2Vehicles-Side,3,Saturday,21,True,False
201800009964,NonLethal,Daylight,Yes,NoIntersection,Normal,2Vehicles-BehindVehicles-Frontal,10,Monday,16,False,False
201800052826,NonLethal,Daylight,Yes,Y-type,Normal,Other,9,Wednesday,11,False,False
201800015769,NonLethal,Daylight,No,NoIntersection,LightRain,Other,9,Saturday,15,True,False
201800056834,NonLethal,Daylight,Yes,NoIntersection,Normal,2Vehicles-Behind,1,Wednesday,8,False,False
201800013192,NonLethal,Daylight,No,NoIntersection,Normal,NoCollision,9,Sunday,14,True,False
201800009345,NonLethal,Daylight,Yes,NoIntersection,Normal,2Vehicles-Behind,11,Wednesday,15,False,False
201800052083,NonLethal,NightStreelightsOn,Yes,NoIntersection,Normal,2Vehicles-Behind,6,Saturday,1,True,True
201800038387,NonLethal,TwilightOrDawn,Yes,NoIntersection,Normal,Other,10,Saturday,19,True,False
201800022552,NonLethal,Daylight,Yes,NoIntersection,Normal,2Vehicles-Side,3,Wednesday,17,False,False
201800056902,NonLethal,Daylight,Yes,NoIntersection,Normal,Other,10,Thursday,13,False,False
201800056475,NonLethal,NightStreelightsOn,Yes,NoIntersection,Normal,Other,11,Friday,22,False,False
201800012795,NonLethal,TwilightOrDawn,Yes,X-type,Normal,2Vehicles-Side,3,Saturday,18,True,False
201800018225,NonLethal,Daylight,No,NoIntersection,Normal,2Vehicles-BehindVehicles-Frontal,3,Wednesday,8,False,False
201800047721,NonLethal,Daylight,Yes,NoIntersection,Normal,Other,9,Friday,17,False,False
201800047221,NonLethal,Daylight,Yes,NoIntersection,Normal,2Vehicles-Behind,6,Monday,8,False,False
201800013435,NonLethal,TwilightOrDawn,No,NoIntersection,Normal,NoCollision,12,Monday,16,False,False
201800030876,NonLethal,Daylight,Yes,NoIntersection,LightRain,2Vehicles-Behind,12,Sunday,16,True,False
201800028165,NonLethal,Daylight,Yes,X-type,Normal,Other,11,Thursday,16,False,False
201800005627,NonLethal,NightStreelightsOn,Yes,X-type,Normal,Other,3,Friday,5,False,True
201800045213,NonLethal,Daylight,No,NoIntersection,Normal,2Vehicles-Side,9,Wednesday,15,False,False
201800003934,NonLethal,NightNoStreetLight,No,NoIntersection,StrongWindOrStorm,2Vehicles-BehindVehicles-Frontal,9,Monday,19,False,False
201800036193,NonLethal,Daylight,Yes,NoIntersection,Normal,NoCollision,9,Friday,15,False,False
201800000632,Lethal,NightNoStreetLight,No,NoIntersection,Normal,Other,8,Tuesday,5,False,True
201800052473,NonLethal,Daylight,Yes,MoreThan4Branches,Normal,Other,7,Saturday,16,True,False
201800042187,NonLethal,Daylight,Yes,NoIntersection,Normal,Other,6,Friday,8,False,False
201800020792,NonLethal,Daylight,Yes,NoIntersection,Normal,Other,1,Wednesday,9,False,False
201800052095,NonLethal,Daylight,Yes,T-type,Normal,2Vehicles-Behind,7,Saturday,16,True,False
201800030437,NonLethal,Daylight,Yes,NoIntersection,Normal,Other,12,Wednesday,13,False,False
201800049341,NonLethal,NightStreelightsOn,No,NoIntersection,Normal,2Vehicles-Behind,3,Monday,20,False,False
201800057451,NonLethal,TwilightOrDawn,Yes,NoIntersection,Normal,2Vehicles-BehindVehicles-Frontal,12,Wednesday,6,False,True
201800008605,NonLethal,Daylight,Yes,NoIntersection,Normal,2Vehicles-Side,2,Tuesday,13,False,False
201800004232,NonLethal,NightStreelightsOn,Yes,NoIntersection,Normal,2Vehicles-Side,9,Saturday,20,True,False
201800010835,NonLethal,Daylight,No,NoIntersection,VeryGood,NoCollision,6,Saturday,19,True,False
201800016475,Lethal,NightNoStreetLight,No,NoIntersection,Normal,Other,6,Tuesday,23,False,False
201800037842,NonLethal,Daylight,Yes,NoIntersection,Unknown,2Vehicles-Side,8,Friday,8,False,False
201800005490,NonLethal,TwilightOrDawn,Yes,NoIntersection,Normal,Other,11,Monday,8,False,False
201800008671,NonLethal,Daylight,Yes,X-type,LightRain,2Vehicles-Side,3,Thursday,8,False,False
201800006925,NonLethal,NightNoStreetLight,No,Other,Normal,NoCollision,10,Wednesday,2,False,True
201800038233,NonLethal,Daylight,Yes,NoIntersection,Normal,2Vehicles-Behind,10,Thursday,17,False,False
201800034493,NonLethal,Daylight,Yes,NoIntersection,Normal,Other,10,Saturday,12,True,False
201800054066,NonLethal,Daylight,Yes,X-type,LightRain,Other,12,Tuesday,17,False,False
201800009248,NonLethal,Daylight,Yes,NoIntersection,Normal,Other,6,Thursday,9,False,False
201800010766,NonLethal,Daylight,Yes,NoIntersection,Normal,NoCollision,3,Monday,13,False,False
201800030326,NonLethal,Daylight,Yes,T-type,Normal,2Vehicles-Side,10,Monday,15,False,False
201800023602,NonLethal,Daylight,No,NoIntersection,Normal,Other,9,Saturday,8,True,False
201800056448,NonLethal,NightNoStreetLight,Yes,NoIntersection,LightRain,Other,1,Wednesday,18,False,False
201800029009,NonLethal,Daylight,Yes,NoIntersection,Normal,Other,4,Tuesday,15,False,False
201800001819,NonLethal,NightStreelightsOn,Yes,NoIntersection,Normal,Other,2,Sunday,22,True,False
201800021331,NonLethal,Daylight,Yes,T-type,Normal,2Vehicles-Side,9,Saturday,10,True,False
201800039947,NonLethal,NightStreelightsOn,Yes,NoIntersection,Normal,2Vehicles-Side,2,Monday,18,False,False
201800010636,NonLethal,Daylight,Yes,NoIntersection,HeavyRain,NoCollision,6,Saturday,15,True,False
201800031419,NonLethal,Daylight,No,NoIntersection,Normal,NoCollision,10,Sunday,15,True,False
201800023598,Lethal,NightNoStreetLight,No,NoIntersection,Normal,NoCollision,2,Sunday,20,True,False
201800019259,NonLethal,Daylight,No,NoIntersection,Normal,2Vehicles-Behind,7,Saturday,16,True,False
201800022440,NonLethal,Daylight,No,T-type,Normal,2Vehicles-Side,3,Thursday,10,False,False
201800016012,NonLethal,Daylight,No,NoIntersection,Normal,Other,4,Sunday,17,True,False
201800022025,NonLethal,NightStreelightsOn,Yes,NoIntersection,Normal,Other,3,Sunday,4,True,True
201800049170,NonLethal,Daylight,No,NoIntersection,Normal,2Vehicles-Side,10,Monday,10,False,False
201800010251,NonLethal,Daylight,Yes,X-type,Normal,2Vehicles-Side,12,Thursday,15,False,False
201800046824,NonLethal,NightNoStreetLight,No,NoIntersection,Normal,2Vehicles-Behind,8,Sunday,22,True,False
201800043852,NonLethal,Daylight,No,NoIntersection,Normal,3+Vehicles-Chain,6,Sunday,17,True,False
201800033425,NonLethal,Daylight,Yes,NoIntersection,Normal,Other,1,Monday,11,False,False
201800011545,NonLethal,Daylight,No,X-type,Normal,2Vehicles-Side,1,Tuesday,17,False,False
201800056885,NonLethal,Daylight,Yes,NoIntersection,Normal,Other,3,Wednesday,11,False,False
201800024951,NonLethal,Daylight,Yes,Y-type,VeryGood,Other,10,Monday,11,False,False
201800024846,NonLethal,Daylight,No,Roundabout,Normal,2Vehicles-Side,7,Tuesday,19,False,False
201800023084,NonLethal,Daylight,Yes,NoIntersection,Normal,2Vehicles-Behind,5,Tuesday,14,False,False
201800003711,NonLethal,Daylight,No,NoIntersection,Normal,NoCollision,3,Tuesday,13,False,False
201800015957,NonLethal,Daylight,No,NoIntersection,Normal,2Vehicles-BehindVehicles-Frontal,9,Wednesday,15,False,False
201800014688,Lethal,Daylight,No,NoIntersection,Normal,2Vehicles-BehindVehicles-Frontal,7,Tuesday,18,False,False
201800021501,NonLethal,Daylight,Yes,NoIntersection,Normal,2Vehicles-BehindVehicles-Frontal,6,Sunday,13,True,False
201800051498,NonLethal,Daylight,Yes,NoIntersection,Normal,2Vehicles-Side,5,Saturday,12,True,False
201800049474,NonLethal,Daylight,No,NoIntersection,Normal,3+Vehicles-Chain,6,Monday,19,False,False
201800025830,NonLethal,NightStreelightsOn,Yes,T-type,HeavyRain,2Vehicles-Side,11,Thursday,18,False,False
201800011538,NonLethal,Daylight,No,NoIntersection,Normal,2Vehicles-Behind,12,Tuesday,11,False,False
201800026000,NonLethal,Daylight,Yes,NoIntersection,Normal,Other,5,Friday,9,False,False
201800031169,NonLethal,Daylight,Yes,NoIntersection,Normal,Other,3,Thursday,11,False,False
201800050465,NonLethal,Daylight,Yes,X-type,Normal,2Vehicles-Behind,6,Monday,17,False,False
201800018196,NonLethal,Daylight,Yes,NoIntersection,Normal,Other,9,Wednesday,15,False,False
201800006820,NonLethal,Daylight,No,NoIntersection,Normal,Other,10,Monday,13,False,False
201800055569,NonLethal,Daylight,Yes,NoIntersection,Normal,2Vehicles-Side,8,Friday,17,False,False
201800054620,NonLethal,Daylight,Yes,X-type,Overcast,Other,12,Tuesday,8,False,False
201800017702,NonLethal,Daylight,Yes,Y-type,Normal,2Vehicles-Side,2,Sunday,18,True,False
201800032923,NonLethal,Daylight,Yes,NoIntersection,Normal,2Vehicles-Side,6,Thursday,8,False,False
201800027245,NonLethal,Daylight,Yes,NoIntersection,Normal,Other,4,Monday,13,False,False
201800013465,NonLethal,Daylight,Yes,NoIntersection,Normal,Other,7,Monday,18,False,False
201800033007,NonLethal,Daylight,Yes,NoIntersection,Normal,2Vehicles-Side,8,Thursday,15,False,False
201800005283,NonLethal,Daylight,Yes,Y-type,Normal,Other,1,Tuesday,9,False,False
201800010170,NonLethal,TwilightOrDawn,Yes,NoIntersection,Normal,2Vehicles-Behind,11,Monday,16,False,False
201800039970,NonLethal,Daylight,Yes,Other,VeryGood,Other,6,Wednesday,15,False,False
201800001997,NonLethal,Daylight,No,NoIntersection,Normal,NoCollision,6,Sunday,12,True,False
201800003189,NonLethal,Daylight,No,NoIntersection,Normal,NoCollision,3,Tuesday,16,False,False
201800028162,NonLethal,NightStreelightsOn,Yes,T-type,Overcast,2Vehicles-Side,11,Tuesday,18,False,False
201800021953,NonLethal,NightNoStreetLight,No,Other,FogOrSmoke,NoCollision,11,Sunday,1,True,True
201800020119,Lethal,Daylight,No,NoIntersection,Normal,Other,7,Sunday,18,True,False
201800044292,NonLethal,NightNoStreetLight,No,Other,LightRain,2Vehicles-Behind,11,Saturday,6,True,True
201800032197,NonLethal,Daylight,Yes,Roundabout,VeryGood,2Vehicles-Side,7,Thursday,16,False,False
201800013007,Lethal,Daylight,No,NoIntersection,Normal,2Vehicles-Behind,9,Sunday,15,True,False
201800028039,NonLethal,Daylight,Yes,T-type,Normal,2Vehicles-Side,6,Wednesday,18,False,False
201800014078,NonLethal,TwilightOrDawn,No,NoIntersection,FogOrSmoke,2Vehicles-Side,5,Tuesday,7,False,False
201800025767,NonLethal,NightStreelightsOff,Yes,NoIntersection,Normal,Other,11,Thursday,2,False,True
201800057301,NonLethal,NightStreelightsOn,Yes,T-type,Normal,2Vehicles-Side,3,Saturday,22,True,False
201800033595,NonLethal,TwilightOrDawn,Yes,T-type,FogOrSmoke,2Vehicles-Side,12,Tuesday,7,False,False
201800034552,NonLethal,NightStreelightsOn,Yes,X-type,Normal,2Vehicles-Side,9,Saturday,0,True,True
201800021252,NonLethal,Daylight,Yes,T-type,Normal,2Vehicles-Side,1,Saturday,8,True,False
201800012864,NonLethal,Daylight,No,NoIntersection,Normal,2Vehicles-Side,3,Wednesday,16,False,False
201800023435,NonLethal,Daylight,No,T-type,Normal,2Vehicles-Side,9,Sunday,13,True,False
201800044445,NonLethal,Daylight,No,Other,HeavyRain,2Vehicles-Side,10,Friday,9,False,False
201800033050,NonLethal,NightStreelightsOn,Yes,NoIntersection,Normal,Other,11,Monday,17,False,False
201800046986,NonLethal,Daylight,No,NoIntersection,Normal,2Vehicles-Behind,10,Wednesday,8,False,False
201800055699,NonLethal,NightStreelightsOn,Yes,NoIntersection,Normal,2Vehicles-Behind,11,Thursday,22,False,False
201800040143,NonLethal,Daylight,Yes,Other,Normal,2Vehicles-Behind,5,Saturday,11,True,False
201800022298,NonLethal,Daylight,Yes,Roundabout,Overcast,2Vehicles-Behind,3,Friday,15,False,False
201800050399,NonLethal,Daylight,Yes,Square,Normal,Other,11,Friday,8,False,False
201800030564,NonLethal,NightNoStreetLight,Yes,NoIntersection,Normal,Other,5,Thursday,2,False,True
201800052588,NonLethal,NightStreelightsOn,Yes,X-type,Normal,Other,11,Friday,23,False,False
201800032461,NonLethal,TwilightOrDawn,Yes,NoIntersection,LightRain,Other,5,Wednesday,20,False,False
201800011050,NonLethal,Daylight,Yes,Other,Normal,2Vehicles-BehindVehicles-Frontal,11,Saturday,17,True,False
201800033455,NonLethal,NightStreelightsOn,Yes,NoIntersection,LightRain,2Vehicles-Behind,3,Friday,19,False,False
201800015971,NonLethal,Daylight,No,NoIntersection,Normal,2Vehicles-BehindVehicles-Frontal,6,Saturday,15,True,False
201800039480,NonLethal,Daylight,Yes,NoIntersection,LightRain,Other,4,Monday,17,False,False
201800040606,NonLethal,Daylight,Yes,NoIntersection,Normal,2Vehicles-BehindVehicles-Frontal,6,Wednesday,17,False,False
201800037733,NonLethal,NightStreelightsOn,Yes,X-type,Normal,2Vehicles-Side,10,Thursday,20,False,False
201800014714,NonLethal,NightNoStreetLight,No,NoIntersection,Normal,NoCollision,9,Friday,23,False,False
201800043474,NonLethal,Daylight,No,NoIntersection,Normal,2Vehicles-Side,6,Monday,19,False,False
201800056926,NonLethal,TwilightOrDawn,Yes,NoIntersection,Normal,Other,4,Monday,12,False,False
201800004368,NonLethal,Daylight,No,NoIntersection,Normal,NoCollision,9,Saturday,15,True,False
201800008583,NonLethal,Daylight,Yes,NoIntersection,Normal,2Vehicles-Side,2,Friday,7,False,False
201800025601,NonLethal,Daylight,Yes,NoIntersection,Overcast,3+Vehicles-Chain,11,Friday,10,False,False
201800032258,NonLethal,Daylight,Yes,Other,Normal,2Vehicles-Side,10,Monday,18,False,False
201800029650,NonLethal,Daylight,Yes,Other,Normal,2Vehicles-Side,12,Wednesday,9,False,False
201800055945,NonLethal,NightStreelightsOn,No,NoIntersection,Normal,Other,11,Sunday,19,True,False
201800036040,NonLethal,Daylight,Yes,T-type,Normal,2Vehicles-Side,4,Sunday,18,True,False
201800003353,NonLethal,Daylight,No,NoIntersection,HeavyRain,NoCollision,4,Wednesday,12,False,False
201800014953,NonLethal,Daylight,Yes,X-type,Normal,2Vehicles-Side,8,Friday,15,False,False
201800032697,NonLethal,TwilightOrDawn,Yes,NoIntersection,VeryGood,2Vehicles-Side,3,Wednesday,7,False,False
201800036348,Lethal,NightStreelightsOn,No,NoIntersection,Normal,Other,8,Saturday,23,True,False
201800006884,NonLethal,Daylight,No,NoIntersection,Normal,NoCollision,12,Wednesday,16,False,False
201800052698,NonLethal,Daylight,Yes,Square,Normal,2Vehicles-Behind,4,Wednesday,19,False,False
201800036802,NonLethal,Daylight,Yes,NoIntersection,Overcast,Other,2,Monday,15,False,False
201800000240,NonLethal,TwilightOrDawn,Yes,NoIntersection,Normal,Other,8,Saturday,20,True,False
201800007110,NonLethal,NightStreelightsOn,Yes,NoIntersection,Normal,2Vehicles-Side,8,Thursday,5,False,True
201800020507,NonLethal,Daylight,Yes,NoIntersection,VeryGood,3+Vehicles-Multiple,7,Wednesday,15,False,False
201800048290,NonLethal,Daylight,Yes,X-type,Normal,2Vehicles-Side,1,Saturday,8,True,False
201800001475,NonLethal,NightStreelightsOn,Yes,NoIntersection,Normal,Other,7,Monday,22,False,False
201800038757,NonLethal,Daylight,Yes,NoIntersection,LightRain,Other,5,Tuesday,14,False,False
201800001937,Lethal,Daylight,No,NoIntersection,Normal,2Vehicles-BehindVehicles-Frontal,4,Thursday,17,False,False
201800019239,NonLethal,Daylight,Yes,NoIntersection,Normal,NoCollision,6,Sunday,12,True,False
201800023832,NonLethal,Daylight,Yes,X-type,Normal,2Vehicles-Side,9,Saturday,11,True,False
201800035049,NonLethal,Daylight,Yes,NoIntersection,Normal,Other,5,Wednesday,16,False,False
201800032641,NonLethal,Daylight,Yes,NoIntersection,LightRain,Other,11,Monday,10,False,False
201800016136,NonLethal,Daylight,No,NoIntersection,Normal,Other,6,Thursday,15,False,False
201800006950,NonLethal,TwilightOrDawn,No,NoIntersection,Normal,Other,8,Monday,6,False,True
201800047370,NonLethal,NightStreelightsOn,Yes,NoIntersection,Normal,2Vehicles-Behind,2,Saturday,18,True,False
201800039062,NonLethal,NightStreelightsOn,Yes,T-type,Normal,3+Vehicles-Chain,2,Tuesday,7,False,False
201800038374,NonLethal,Daylight,Yes,Square,Normal,Other,6,Thursday,19,False,False