AccidentId,Gravity,Light,InAgglomeration,IntersectionType,Weather,CollisionType,Month,DayOfWeek,HourOfDay,IsWeekend,IsNight
201800041823,NonLethal,NightStreelightsOn,Yes,Roundabout,LightRain,2Vehicles-Behind,12,Wednesday,18,False,False
201800049165,NonLethal,NightNoStreetLight,No,NoIntersection,Normal,3+Vehicles-Chain,9,Monday,21,False,False
201800014732,NonLethal,NightNoStreetLight,No,NoIntersection,Normal,Other,4,Friday,23,False,False
201800029572,NonLethal,NightStreelightsOn,Yes,NoIntersection,Normal,Other,9,Saturday,2,True,True
201800033233,NonLethal,Daylight,No,NoIntersection,Normal,Other,10,Monday,19,False,False
201800002032,NonLethal,NightStreelightsOn,Yes,NoIntersection,Normal,Other,9,Tuesday,17,False,False
201800050993,NonLethal,NightStreelightsOn,Yes,NoIntersection,LightRain,Other,9,Sunday,22,True,False
201800050471,NonLethal,Daylight,Yes,X-type,Normal,Other,5,Tuesday,15,False,False
201800035893,NonLethal,Daylight,Yes,X-type,Normal,2Vehicles-Side,5,Thursday,9,False,False
201800014593,NonLethal,NightStreelightsOn,Yes,NoIntersection,Normal,NoCollision,4,Monday,22,False,False
201800043282,NonLethal,NightStreelightsOn,Yes,T-type,Overcast,2Vehicles-Side,10,Monday,21,False,False
201800041308,NonLethal,Daylight,No,NoIntersection,Normal,2Vehicles-Behind,11,Friday,12,False,False
201800054018,NonLethal,Daylight,Yes,X-type,LightRain,2Vehicles-Side,2,Monday,11,False,False
201800053244,NonLethal,NightStreelightsOn,Yes,X-type,LightRain,2Vehicles-Side,1,Sunday,23,True,False
201800006748,NonLethal,NightNoStreetLight,No,NoIntersection,Normal,3+Vehicles-Multiple,12,Friday,6,False,True
201800050812,NonLethal,Daylight,Yes,T-type,Overcast,2Vehicles-Side,10,Tuesday,15,False,False
201800024087,NonLethal,NightStreelightsOff,Yes,X-type,Normal,2Vehicles-Side,3,Saturday,22,True,False
201800038047,NonLethal,Daylight,Yes,T-type,Normal,2Vehicles-Side,10,Wednesday,17,False,False
201800036875,NonLethal,Daylight,Yes,NoIntersection,Normal,Other,7,Thursday,17,False,False
201800032336,NonLethal,NightStreelightsOn,Yes,T-type,Normal,2Vehicles-Side,8,Saturday,0,True,True
201800016304,Lethal,TwilightOrDawn,Yes,NoIntersection,Normal,Other,1,Saturday,20,True,False
201800047894,NonLethal,NightNoStreetLight,No,NoIntersection,LightRain,NoCollision,1,Saturday,7,True,False
201800040843,NonLethal,TwilightOrDawn,Yes,NoIntersection,Normal,2Vehicles-Side,4,Wednesday,19,False,False
201800051590,NonLethal,Daylight,Yes,X-type,Normal,Other,10,Saturday,14,True,False
201800047686,NonLethal,TwilightOrDawn,Yes,NoIntersection,Normal,Other,9,Sunday,7,True,False
201800051031,NonLethal,Daylight,Yes,Square,Normal,2Vehicles-Side,4,Tuesday,15,False,False
201800006871,NonLethal,Daylight,No,NoIntersection,Normal,2Vehicles-Behind,4,Wednesday,13,False,False
201800054707,NonLethal,Daylight,Yes,T-type,LightRain,3+Vehicles-Multiple,4,Wednesday,11,False,False
201800046612,NonLethal,Daylight,No,NoIntersection,Normal,2Vehicles-Side,5,Thursday,17,False,False
201800028029,NonLethal,Daylight,Yes,T-type,Overcast,2Vehicles-Behind,11,Tuesday,19,False,False
201800027146,NonLethal,NightStreelightsOn,Yes,T-type,Normal,Other,2,Monday,19,False,False
201800004701,NonLethal,NightNoStreetLight,No,NoIntersection,Normal,NoCollision,8,Saturday,22,True,False
201800027485,NonLethal,Daylight,Yes,NoIntersection,Normal,2Vehicles-Side,10,Monday,8,False,False
201800005782,NonLethal,Daylight,Yes,NoIntersection,Normal,2Vehicles-Behind,9,Saturday,15,True,False
201800002958,NonLethal,Daylight,No,NoIntersection,Normal,2Vehicles-BehindVehicles-Frontal,7,Tuesday,14,False,False
201800043587,NonLethal,Daylight,Yes,NoIntersection,LightRain,Other,9,Friday,8,False,False
201800008143,NonLethal,Daylight,Yes,NoIntersection,Normal,2Vehicles-BehindVehicles-Frontal,11,Friday,8,False,False
201800037742,NonLethal,TwilightOrDawn,Yes,NoIntersection,Normal,Other,7,Wednesday,16,False,False
201800014547,NonLethal,Daylight,No,NoIntersection,Normal,Other,5,Monday,18,False,False
201800055376,NonLethal,Daylight,Yes,NoIntersection,Normal,2Vehicles-Side,5,Saturday,19,True,False
201800055019,NonLethal,Daylight,Yes,NoIntersection,Normal,Other,5,Thursday,15,False,False
201800041943,NonLethal,Daylight,Yes,NoIntersection,Normal,Other,1,Wednesday,17,False,False
201800054210,NonLethal,Daylight,Yes,X-type,Normal,2Vehicles-Side,9,Friday,15,False,False
201800025149,NonLethal,Daylight,No,Roundabout,LightRain,Other,7,Wednesday,18,False,False
201800005048,Lethal,NightNoStreetLight,No,NoIntersection,Normal,2Vehicles-Behind,6,Monday,2,False,True
201800047822,NonLethal,NightStreelightsOn,Yes,Other,Normal,Other,11,Wednesday,19,False,False
201800008646,NonLethal,Daylight,Yes,NoIntersection,Normal,2Vehicles-Side,8,Friday,14,False,False
201800017487,NonLethal,NightStreelightsOn,No,NoIntersection,Normal,Other,8,Monday,1,False,True
201800052807,NonLethal,Daylight,Yes,Y-type,Normal,2Vehicles-Side,8,Thursday,8,False,False
201800049340,NonLethal,Daylight,No,NoIntersection,Normal,2Vehicles-Side,2,Sunday,14,True,False
201800029835,NonLethal,Daylight,Yes,X-type,Normal,Other,9,Friday,20,False,False
201800031301,NonLethal,Daylight,No,X-type,Normal,2Vehicles-Side,8,Tuesday,11,False,False
201800057171,Lethal,NightStreelightsOn,Yes,NoIntersection,Normal,Other,1,Monday,4,False,True
201800019891,NonLethal,NightNoStreetLight,No,NoIntersection,Normal,2Vehicles-Behind,9,Wednesday,21,False,False
201800001148,NonLethal,Daylight,No,T-type,LightRain,2Vehicles-BehindVehicles-Frontal,5,Wednesday,19,False,False
201800014708,NonLethal,Daylight,Yes,X-type,Normal,2Vehicles-Side,2,Thursday,14,False,False
201800018679,NonLethal,Daylight,No,NoIntersection,Normal,2Vehicles-BehindVehicles-Frontal,6,Thursday,18,False,False
201800021699,NonLethal,NightNoStreetLight,No,NoIntersection,Normal,NoCollision,10,Thursday,1,False,True
201800024763,NonLethal,Daylight,Yes,X-type,Normal,2Vehicles-Side,5,Wednesday,9,False,False
201800036574,NonLethal,NightStreelightsOn,Yes,NoIntersection,Normal,Other,1,Wednesday,17,False,False
201800037257,NonLethal,Daylight,Yes,X-type,Normal,2Vehicles-Side,5,Sunday,13,True,False
201800035946,NonLethal,Daylight,Yes,NoIntersection,Normal,Other,10,Friday,12,False,False
201800047114,NonLethal,NightNoStreetLight,No,NoIntersection,Normal,2Vehicles-Side,12,Tuesday,18,False,False
201800014612,NonLethal,TwilightOrDawn,No,NoIntersection,Normal,3+Vehicles-Multiple,7,Thursday,5,False,True
201800039764,NonLethal,NightStreelightsOn,Yes,Other,LightRain,Other,9,Wednesday,2,False,True
201800007854,NonLethal,NightNoStreetLight,No,NoIntersection,Normal,3+Vehicles-Chain,2,Friday,19,False,False
201800017409,NonLethal,Daylight,Yes,X-type,Normal,2Vehicles-Side,2,Friday,16,False,False
201800040102,NonLethal,Daylight,Yes,NoIntersection,Normal,Other,5,Tuesday,12,False,False
201800023337,NonLethal,Daylight,Yes,NoIntersection,LightRain,Other,9,Tuesday,13,False,False
201800016572,NonLethal,Daylight,No,NoIntersection,LightRain,Other,1,Sunday,12,True,False
201800028662,NonLethal,NightStreelightsOn,Yes,NoIntersection,Normal,Other,1,Monday,18,False,False
201800006783,NonLethal,NightNoStreetLight,No,NoIntersection,Overcast,2Vehicles-Behind,9,Thursday,21,False,False
201800040075,NonLethal,TwilightOrDawn,Yes,NoIntersection,Normal,2Vehicles-Behind,1,Thursday,18,False,False
201800013148,Lethal,NightNoStreetLight,No,NoIntersection,Normal,2Vehicles-BehindVehicles-Frontal,12,Friday,18,False,False
201800028497,NonLethal,Daylight,Yes,NoIntersection,Normal,2Vehicles-Side,7,Thursday,16,False,False
201800056933,NonLethal,Daylight,Yes,Other,Normal,2Vehicles-Behind,8,Sunday,15,True,False
201800018931,Lethal,NightNoStreetLight,No,NoIntersection,HeavyRain,2Vehicles-BehindVehicles-Frontal,3,Sunday,19,True,False
201800053584,NonLethal,Daylight,Yes,X-type,Normal,Other,11,Thursday,10,False,False
201800036464,NonLethal,Daylight,Yes,NoIntersection,Normal,Other,8,Saturday,12,True,False
201800003278,NonLethal,NightNoStreetLight,No,NoIntersection,Normal,Other,7,Thursday,22,False,False
201800048068,NonLethal,Daylight,Yes,NoIntersection,SnowOrHail,NoCollision,2,Monday,8,False,False
201800016657,NonLethal,NightStreelightsOn,No,T-type,LightRain,2Vehicles-BehindVehicles-Frontal,11,Thursday,22,False,False
201800020215,Lethal,Daylight,No,Y-type,Normal,Other,3,Friday,16,False,False
201800045188,NonLethal,Daylight,No,NoIntersection,Normal,Other,10,Tuesday,8,False,False
201800014012,NonLethal,Daylight,No,NoIntersection,Normal,Other,7,Sunday,19,True,False
201800052583,NonLethal,NightStreelightsOn,Yes,NoIntersection,Normal,2Vehicles-Behind,11,Tuesday,18,False,False
201800017172,NonLethal,Daylight,No,Roundabout,Normal,NoCollision,5,Saturday,9,True,False
201800032924,NonLethal,Daylight,Yes,NoIntersection,Normal,Other,6,Sunday,15,True,False
201800031245,NonLethal,Daylight,Yes,NoIntersection,Normal,2Vehicles-Side,5,Thursday,11,False,False
201800043061,NonLethal,Daylight,Yes,T-type,Normal,2Vehicles-Side,1,Wednesday,18,False,False
201800026526,NonLethal,Daylight,Yes,NoIntersection,Normal,NoCollision,3,Monday,15,False,False
201800005796,NonLethal,Daylight,Yes,NoIntersection,Normal,2Vehicles-BehindVehicles-Frontal,9,Sunday,12,True,False
201800030118,Lethal,Daylight,Yes,Roundabout,Normal,2Vehicles-Side,9,Wednesday,12,False,False
201800025682,NonLethal,Daylight,Yes,NoIntersection,Overcast,Other,1,Wednesday,10,False,False
201800054069,NonLethal,Daylight,Yes,Square,Normal,2Vehicles-Side,4,Friday,8,False,False
201800042025,NonLethal,Daylight,Yes,Other,Normal,2Vehicles-Side,9,Saturday,17,True,False
201800039237,NonLethal,TwilightOrDawn,Yes,NoIntersection,Normal,2Vehicles-Side,4,Friday,6,False,True
201800042144,NonLethal,Daylight,Yes,NoIntersection,Normal,Other,2,Wednesday,11,False,False
201800002380,NonLethal,Daylight,Yes,T-type,Normal,Other,8,Thursday,11,False,False
201800015733,NonLethal,Daylight,Yes,Roundabout,Normal,Other,11,Thursday,15,False,False
201800008489,NonLethal,Daylight,Yes,NoIntersection,Normal,2Vehicles-Side,8,Thursday,16,False,False
201800008373,NonLethal,Daylight,Yes,NoIntersection,Normal,Other,1,Saturday,10,True,False
201800031671,NonLethal,NightStreelightsOn,Yes,T-type,SnowOrHail,3+Vehicles-Chain,2,Saturday,18,True,False
201800053024,NonLethal,Daylight,Yes,X-type,Normal,Other,5,Saturday,13,True,False
201800007994,NonLethal,Daylight,No,Roundabout,Normal,2Vehicles-Side,7,Saturday,17,True,False
201800012142,NonLethal,Daylight,Yes,NoIntersection,Normal,Other,3,Wednesday,18,False,False
201800023391,NonLethal,NightStreelightsOn,No,NoIntersection,Normal,2Vehicles-Side,12,Friday,6,False,True
201800015274,NonLethal,Daylight,No,NoIntersection,Normal,Other,5,Monday,17,False,False
201800011096,NonLethal,Daylight,Yes,NoIntersection,Normal,Other,11,Friday,11,False,False
201800001178,NonLethal,NightNoStreetLight,No,T-type,HeavyRain,2Vehicles-Side,1,Thursday,20,False,False
201800043630,NonLethal,Daylight,Yes,NoIntersection,Normal,2Vehicles-Side,1,Tuesday,12,False,False
201800021162,NonLethal,NightNoStreetLight,No,NoIntersection,Normal,Other,9,Wednesday,1,False,True
201800010830,NonLethal,Daylight,No,NoIntersection,Normal,NoCollision,2,Wednesday,15,False,False
201800026716,NonLethal,NightNoStreetLight,No,NoIntersection,HeavyRain,Other,12,Saturday,19,True,False
201800048715,NonLethal,Daylight,Yes,Other,Normal,2Vehicles-Side,11,Wednesday,17,False,False
201800027788,NonLethal,NightStreelightsOn,Yes,T-type,Normal,2Vehicles-BehindVehicles-Frontal,10,Saturday,21,True,False
201800036189,NonLethal,Daylight,Yes,NoIntersection,Normal,2Vehicles-Side,9,Wednesday,17,False,False
201800019397,NonLethal,Daylight,No,NoIntersection,Normal,2Vehicles-Side,11,Monday,12,False,False
201800037185,NonLethal,NightStreelightsOn,Yes,NoIntersection,Normal,2Vehicles-Side,10,Tuesday,6,False,True
201800023921,Lethal,NightStreelightsOn,Yes,T-type,Normal,Other,6,Sunday,3,True,True
201800018531,NonLethal,Daylight,No,NoIntersection,Normal,2Vehicles-BehindVehicles-Frontal,12,Wednesday,11,False,False
201800031824,NonLethal,Daylight,Yes,T-type,Normal,Other,7,Friday,20,False,False
201800034039,NonLethal,Daylight,Yes,NoIntersection,Normal,NoCollision,6,Friday,15,False,False
201800050227,NonLethal,Daylight,Yes,T-type,Normal,NoCollision,2,Monday,14,False,False
201800005665,NonLethal,Daylight,Yes,Other,Normal,Other,5,Tuesday,9,False,False
201800022133,NonLethal,TwilightOrDawn,Yes,Roundabout,LightRain,2Vehicles-Side,10,Monday,6,False,True
201800056386,Lethal,Daylight,Yes,T-type,Normal,Other,12,Saturday,16,True,False
201800004882,NonLethal,Daylight,Yes,T-type,Normal,2Vehicles-Behind,9,Tuesday,17,False,False
201800047006,NonLethal,Daylight,No,NoIntersection,Normal,2Vehicles-Behind,10,Wednesday,10,False,False
201800045599,NonLethal,Daylight,No,NoIntersection,HeavyRain,Other,12,Sunday,9,True,False
201800023237,NonLethal,Daylight,No,NoIntersection,Normal,3+Vehicles-Multiple,9,Monday,8,False,False
201800034020,NonLethal,NightStreelightsOn,Yes,NoIntersection,Normal,Other,7,Tuesday,23,False,False
201800001218,NonLethal,NightNoStreetLight,No,X-type,LightRain,2Vehicles-BehindVehicles-Frontal,3,Thursday,21,False,False
201800046591,NonLethal,Daylight,No,NoIntersection,Normal,3+Vehicles-Chain,5,Tuesday,13,False,False
201800050348,NonLethal,Daylight,Yes,T-type,Normal,Other,12,Wednesday,13,False,False
201800002249,NonLethal,Daylight,Yes,NoIntersection,Normal,Other,5,Wednesday,16,False,False
201800034259,NonLethal,TwilightOrDawn,Yes,T-type,Normal,2Vehicles-Side,11,Saturday,17,True,False
201800042139,NonLethal,NightStreelightsOn,Yes,T-type,Normal,2Vehicles-Behind,2,Saturday,21,True,False
201800050220,NonLethal,Daylight,Yes,X-type,SnowOrHail,Other,5,Wednesday,15,False,False
201800038958,NonLethal,Daylight,Yes,Y-type,Normal,3+Vehicles-Multiple,9,Thursday,17,False,False
201800038502,NonLethal,Daylight,Yes,T-type,Normal,2Vehicles-Behind,10,Tuesday,9,False,False
201800053169,NonLethal,NightStreelightsOn,Yes,X-type,Normal,2Vehicles-Side,10,Saturday,19,True,False
201800011292,NonLethal,Daylight,No,X-type,Normal,2Vehicles-Side,6,Thursday,10,False,False
201800007871,NonLethal,Daylight,No,NoIntersection,Normal,Other,7,Thursday,13,False,False
201800015803,NonLethal,Daylight,No,X-type,Normal,2Vehicles-Side,6,Thursday,12,False,False
201800021609,NonLethal,TwilightOrDawn,No,NoIntersection,Normal,Other,6,Thursday,6,False,True
201800009716,NonLethal,Daylight,Yes,NoIntersection,Normal,3+Vehicles-Multiple,9,Friday,17,False,False
201800010741,NonLethal,Daylight,No,NoIntersection,Normal,3+Vehicles-Multiple,4,Wednesday,12,False,False
201800019319,NonLethal,Daylight,No,NoIntersection,Normal,NoCollision,8,Saturday,11,True,False
201800013994,NonLethal,Daylight,No,NoIntersection,Normal,Other,1,Wednesday,10,False,False
201800008877,NonLethal,Daylight,Yes,NoIntersection,Normal,2Vehicles-Side,4,Thursday,8,False,False
201800019599,NonLethal,Daylight,Yes,NoIntersection,Normal,Other,2,Thursday,15,False,False
201800026251,NonLethal,Daylight,Yes,NoIntersection,Normal,Other,7,Saturday,9,True,False
201800041847,NonLethal,Daylight,Yes,X-type,Normal,3+Vehicles-Multiple,3,Monday,8,False,False
201800002296,NonLethal,NightStreelightsOn,Yes,NoIntersection,LightRain,2Vehicles-BehindVehicles-Frontal,11,Friday,6,False,True
201800033016,Lethal,Daylight,Yes,NoIntersection,Normal,Other,4,Monday,16,False,False
201800046267,NonLethal,NightNoStreetLight,No,NoIntersection,LightRain,Other,4,Thursday,4,False,True
201800014213,NonLethal,Daylight,No,NoIntersection,Normal,3+Vehicles-Chain,9,Tuesday,17,False,False
201800047101,NonLethal,NightNoStreetLight,No,NoIntersection,LightRain,2Vehicles-Behind,6,Tuesday,5,False,True
201800036278,Lethal,NightStreelightsOn,No,T-type,Normal,2Vehicles-Side,5,Sunday,23,True,False
201800030635,NonLethal,Daylight,Yes,NoIntersection,Normal,Other,11,Friday,16,False,False
201800038573,NonLethal,Daylight,Yes,NoIntersection,VeryGood,2Vehicles-Side,5,Saturday,11,True,False
201800008878,NonLethal,Daylight,Yes,Y-type,Normal,Other,4,Thursday,12,False,False
201800055515,NonLethal,Daylight,Yes,Y-type,Normal,2Vehicles-Behind,7,Thursday,8,False,False
201800054378,NonLethal,Daylight,Yes,X-type,HeavyRain,2Vehicles-Side,4,Monday,18,False,False
201800011735,NonLethal,Daylight,No,NoIntersection,Normal,2Vehicles-BehindVehicles-Frontal,8,Friday,19,False,False
201800036220,NonLethal,Daylight,No,NoIntersection,LightRain,Other,10,Sunday,16,True,False
201800056054,NonLethal,Daylight,No,NoIntersection,Normal,NoCollision,3,Sunday,12,True,False
201800002283,NonLethal,Daylight,No,NoIntersection,Normal,3+Vehicles-Chain,4,Sunday,17,True,False
201800011382,NonLethal,Daylight,No,NoIntersection,Normal,Other,6,Sunday,10,True,False
201800026894,NonLethal,NightStreelightsOn,Yes,Square,Normal,Other,8,Saturday,4,True,True
201800026848,NonLethal,Daylight,Yes,Roundabout,Normal,2Vehicles-Behind,6,Monday,7,False,False
201800027394,NonLethal,Daylight,Yes,NoIntersection,Normal,2Vehicles-Side,8,Thursday,12,False,False
201800049828,NonLethal,NightStreelightsOn,No,NoIntersection,Normal,Other,7,Thursday,23,False,False
201800052527,NonLethal,Daylight,Yes,T-type,Normal,NoCollision,9,Saturday,13,True,False
201800030316,NonLethal,Daylight,Yes,NoIntersection,Normal,Other,9,Wednesday,16,False,False
201800036176,NonLethal,Daylight,Yes,NoIntersection,Normal,Other,11,Friday,17,False,False
201800042159,NonLethal,Daylight,Yes,NoIntersection,Normal,Other,4,Sunday,10,True,False
201800055455,NonLethal,Daylight,Yes,NoIntersection,Normal,3+Vehicles-Chain,6,Saturday,19,True,False
201800026470,NonLethal,Daylight,Yes,NoIntersection,Normal,Other,9,Tuesday,10,False,False
201800053888,NonLethal,Daylight,Yes,X-type,Normal,Other,9,Friday,17,False,False
201800047079,NonLethal,Daylight,No,NoIntersection,LightRain,Other,11,Wednesday,9,False,False
201800015076,NonLethal,Daylight,No,T-type,Normal,2Vehicles-Side,4,Sunday,20,True,False
201800011307,NonLethal,NightStreelightsOn,Yes,NoIntersection,LightRain,Other,4,Monday,20,False,False
201800044328,NonLethal,Daylight,No,NoIntersection,Normal,2Vehicles-Behind,10,Tuesday,12,False,False
201800004649,NonLethal,Daylight,No,NoIntersection,Normal,2Vehicles-Side,1,Tuesday,12,False,False
201800053111,NonLethal,Daylight,Yes,X-type,Normal,2Vehicles-Side,9,Tuesday,9,False,False
201800015222,NonLethal,Daylight,No,T-type,Normal,2Vehicles-Side,11,Friday,9,False,False
201800048730,NonLethal,Daylight,Yes,NoIntersection,Overcast,2Vehicles-Behind,3,Monday,12,False,False
201800029652,NonLethal,NightStreelightsOn,Yes,Roundabout,Normal,Other,11,Saturday,23,True,False
201800055491,NonLethal,Daylight,Yes,NoIntersection,Normal,2Vehicles-Behind,7,Sunday,17,True,False
201800045680,NonLethal,Daylight,No,NoIntersection,FogOrSmoke,Other,1,Saturday,9,True,False
201800013571,NonLethal,NightNoStreetLight,No,NoIntersection,Normal,Other,7,Tuesday,0,False,True
201800055639,NonLethal,NightStreelightsOn,Yes,NoIntersection,Normal,2Vehicles-Behind,5,Thursday,19,False,False
201800055212,NonLethal,NightStreelightsOff,Yes,X-type,Normal,2Vehicles-Side,12,Saturday,4,True,True
201800031268,NonLethal,Daylight,Yes,NoIntersection,Normal,Other,6,Monday,14,False,False
201800021379,NonLethal,Daylight,No,NoIntersection,Normal,Other,7,Saturday,8,True,False
201800027388,NonLethal,Daylight,Yes,NoIntersection,Normal,NoCollision,8,Friday,18,False,False
201800032334,NonLethal,NightStreelightsOn,Yes,NoIntersection,Overcast,2Vehicles-Behind,9,Saturday,17,True,False
201800025973,NonLethal,NightStreelightsOn,Yes,T-type,HeavyRain,2Vehicles-Side,1,Wednesday,17,False,False
201800017749,Lethal,Daylight,No,Other,LightRain,Other,12,Thursday,13,False,False
201800045148,NonLethal,Daylight,No,NoIntersection,Normal,3+Vehicles-Multiple,8,Tuesday,15,False,False
201800037003,NonLethal,NightStreelightsOn,Yes,NoIntersection,Normal,2Vehicles-BehindVehicles-Frontal,8,Friday,20,False,False
201800045646,NonLethal,Daylight,No,NoIntersection,Normal,2Vehicles-Side,1,Friday,8,False,False
201800022915,NonLethal,Daylight,Yes,NoIntersection,Normal,2Vehicles-Side,2,Friday,17,False,False
201800030776,NonLethal,Daylight,Yes,Other,Normal,2Vehicles-Side,4,Sunday,15,True,False
201800048863,NonLethal,Daylight,No,NoIntersection,VeryGood,3+Vehicles-Chain,3,Friday,17,False,False
201800003082,NonLethal,Daylight,No,Roundabout,Normal,2Vehicles-Behind,11,Saturday,9,True,False
201800046652,NonLethal,Daylight,No,NoIntersection,Normal,3+Vehicles-Chain,6,Wednesday,7,False,False
201800007032,NonLethal,NightStreelightsOn,Yes,X-type,Normal,2Vehicles-Side,6,Saturday,4,True,True
201800057456,NonLethal,Daylight,Yes,NoIntersection,Normal,2Vehicles-Behind,5,Sunday,12,True,False
201800042970,NonLethal,Daylight,Yes,T-type,LightRain,2Vehicles-Behind,2,Saturday,9,True,False
201800014332,Lethal,Daylight,No,X-type,LightRain,2Vehicles-Side,5,Wednesday,15,False,False
201800043130,NonLethal,Daylight,Yes,NoIntersection,Normal,2Vehicles-Behind,5,Friday,15,False,False
201800000375,NonLethal,Daylight,No,NoIntersection,Normal,Other,6,Sunday,8,True,False
201800008960,NonLethal,Daylight,Yes,NoIntersection,Normal,3+Vehicles-Multiple,5,Saturday,11,True,False
201800047562,NonLethal,Daylight,Yes,NoIntersection,Normal,2Vehicles-Side,6,Saturday,19,True,False
201800001848,NonLethal,NightNoStreetLight,No,NoIntersection,LightRain,2Vehicles-BehindVehicles-Frontal,7,Thursday,18,False,False
201800031163,NonLethal,Daylight,No,NoIntersection,Normal,2Vehicles-BehindVehicles-Frontal,6,Monday,8,False,False
201800039972,NonLethal,Daylight,Yes,NoIntersection,Normal,2Vehicles-Side,6,Saturday,15,True,False
201800032542,NonLethal,Daylight,Yes,NoIntersection,Overcast,2Vehicles-BehindVehicles-Frontal,6,Saturday,8,True,False
201800019874,NonLethal,NightStreelightsOn,Yes,Y-type,Normal,2Vehicles-Side,11,Thursday,18,False,False
201800051005,NonLethal,Daylight,Yes,Y-type,Normal,Other,2,Wednesday,8,False,False
201800019992,NonLethal,NightStreelightsOn,Yes,NoIntersection,Normal,2Vehicles-BehindVehicles-Frontal,11,Sunday,18,True,False
201800002522,NonLethal,Daylight,No,Roundabout,Normal,NoCollision,4,Friday,14,False,False
201800045240,NonLethal,Daylight,No,NoIntersection,Normal,2Vehicles-Behind,9,Monday,8,False,False
201800026946,NonLethal,Daylight,Yes,NoIntersection,Normal,2Vehicles-Behind,5,Thursday,18,False,False
201800006813,NonLethal,Daylight,No,NoIntersection,Normal,Other,4,Thursday,18,False,False
201800019105,Lethal,NightStreelightsOn,Yes,T-type,Normal,Other,4,Saturday,1,True,True
201800010463,NonLethal,NightNoStreetLight,No,NoIntersection,Normal,NoCollision,11,Sunday,3,True,True
201800056501,NonLethal,Daylight,Yes,NoIntersection,Normal,2Vehicles-BehindVehicles-Frontal,4,Monday,8,False,False
201800007940,NonLethal,Daylight,Yes,NoIntersection,Normal,Other,7,Friday,10,False,False
201800039291,NonLethal,NightStreelightsOn,Yes,NoIntersection,LightRain,Other,8,Friday,22,False,False
201800033196,NonLethal,TwilightOrDawn,Yes,T-type,FogOrSmoke,2Vehicles-Side,11,Friday,7,False,False
201800042595,NonLethal,Daylight,Yes,NoIntersection,Normal,2Vehicles-Side,10,Monday,16,False,False
201800005640,NonLethal,Daylight,Yes,X-type,Normal,Other,4,Friday,17,False,False
201800043819,NonLethal,NightStreelightsOff,No,NoIntersection,LightRain,3+Vehicles-Chain,1,Tuesday,20,False,False
201800003352,NonLethal,Daylight,Yes,Square,Normal,2Vehicles-Side,12,Tuesday,15,False,False
201800056889,NonLethal,Daylight,Yes,NoIntersection,Normal,2Vehicles-Side,3,Saturday,14,True,False
201800018550,NonLethal,Daylight,No,NoIntersection,Normal,2Vehicles-Side,6,Sunday,10,True,False
201800052264,NonLethal,TwilightOrDawn,Yes,NoIntersection,Normal,Other,11,Friday,17,False,False
201800009078,NonLethal,NightStreelightsOn,Yes,X-type,Normal,2Vehicles-Side,5,Wednesday,21,False,False
201800032845,NonLethal,Daylight,Yes,X-type,Normal,2Vehicles-Side,7,Sunday,16,True,False
201800029286,NonLethal,TwilightOrDawn,No,NoIntersection,Normal,Other,5,Wednesday,21,False,False
201800015512,NonLethal,Daylight,No,NoIntersection,Normal,Other,6,Friday,18,False,False
201800000260,NonLethal,Daylight,No,Y-type,Normal,2Vehicles-Behind,6,Sunday,10,True,False
201800050706,NonLethal,NightStreelightsOn,Yes,T-type,Normal,2Vehicles-Behind,5,Monday,3,False,True
201800041529,NonLethal,Daylight,Yes,NoIntersection,Normal,2Vehicles-Behind,12,Wednesday,11,False,False
201800010029,NonLethal,Daylight,Yes,NoIntersection,Normal,Other,4,Wednesday,16,False,False
201800038772,NonLethal,Daylight,Yes,X-type,Normal,2Vehicles-Side,9,Friday,18,False,False
201800040544,NonLethal,Daylight,Yes,Roundabout,Normal,Other,8,Thursday,20,False,False
201800022802,Lethal,Daylight,No,T-type,Normal,2Vehicles-BehindVehicles-Frontal,7,Tuesday,15,False,False
201800020381,NonLethal,TwilightOrDawn,Yes,X-type,Normal,2Vehicles-BehindVehicles-Frontal,7,Wednesday,6,False,True
201800038456,NonLethal,Daylight,Yes,NoIntersection,Normal,Other,6,Friday,15,False,False
201800005510,NonLethal,Daylight,Yes,NoIntersection,Normal,2Vehicles-Side,12,Monday,11,False,False
201800044025,NonLethal,Daylight,No,NoIntersection,Normal,2Vehicles-Behind,6,Saturday,14,True,False
201800036318,Lethal,TwilightOrDawn,Yes,LevelCrossing,Normal,2Vehicles-Side,1,Sunday,17,True,False
201800020267,NonLethal,NightStreelightsOn,No,NoIntersection,Normal,2Vehicles-Side,12,Wednesday,18,False,False
201800054973,Lethal,NightStreelightsOn,Yes,Y-type,Normal,Other,4,Friday,3,False,True
201800055879,NonLethal,NightNoStreetLight,No,NoIntersection,Normal,NoCollision,5,Saturday,18,True,False
201800013041,NonLethal,NightNoStreetLight,No,NoIntersection,Normal,NoCollision,9,Monday,20,False,False
201800033170,NonLethal,Daylight,Yes,X-type,Normal,2Vehicles-Side,10,Thursday,17,False,False
201800027265,NonLethal,Daylight,Yes,NoIntersection,Normal,Other,4,Saturday,18,True,False
201800048338,NonLethal,TwilightOrDawn,Yes,X-type,Normal,2Vehicles-Side,6,Saturday,20,True,False
201800035296,NonLethal,Daylight,Yes,NoIntersection,Normal,2Vehicles-Side,9,Tuesday,9,False,False
201800045407,NonLethal,Daylight,No,NoIntersection,Normal,3+Vehicles-Multiple,2,Sunday,16,True,False