AccidentId,Gravity,Light,InAgglomeration,IntersectionType,Weather,CollisionType,Month,DayOfWeek,HourOfDay,IsWeekend,IsNight
201800014804,NonLethal,Daylight,No,NoIntersection,LightRain,2Vehicles-Behind,1,Tuesday,11,False,False
201800030851,NonLethal,Daylight,Yes,NoIntersection,Normal,3+Vehicles-Chain,7,Sunday,17,True,False
201800020740,NonLethal,NightStreelightsOn,Yes,Other,Normal,Other,9,Saturday,2,True,True
201800055711,NonLethal,Daylight,Yes,NoIntersection,Normal,2Vehicles-Side,11,Wednesday,14,False,False
201800018382,NonLethal,NightNoStreetLight,No,NoIntersection,SnowOrHail,NoCollision,3,Saturday,20,True,False
201800002202,NonLethal,Daylight,No,NoIntersection,VeryGood,NoCollision,4,Sunday,15,True,False
201800023720,NonLethal,NightNoStreetLight,No,NoIntersection,LightRain,2Vehicles-Side,1,Friday,17,False,False
201800024405,NonLethal,Daylight,Yes,NoIntersection,Normal,2Vehicles-Side,9,Thursday,8,False,False
201800043492,NonLethal,Daylight,Yes,NoIntersection,Normal,Other,9,Saturday,16,True,False
201800008216,NonLethal,Daylight,Yes,Other,Normal,NoCollision,5,Monday,18,False,False
201800057026,NonLethal,Daylight,Yes,Other,Normal,2Vehicles-Side,8,Tuesday,17,False,False
201800035520,NonLethal,Daylight,Yes,T-type,Normal,Other,6,Monday,15,False,False
201800006434,NonLethal,Daylight,No,NoIntersection,HeavyRain,2Vehicles-BehindVehicles-Frontal,5,Monday,15,False,False
201800057731,NonLethal,Daylight,Yes,T-type,Normal,2Vehicles-BehindVehicles-Frontal,10,Monday,15,False,False
201800025791,NonLethal,Daylight,Yes,X-type,VeryGood,2Vehicles-Side,4,Tuesday,17,False,False
201800018533,NonLethal,Daylight,No,Y-type,Normal,3+Vehicles-Multiple,6,Tuesday,16,False,False
201800016662,Lethal,Daylight,Yes,Y-type,Normal,2Vehicles-Side,6,Saturday,13,True,False
201800013170,NonLethal,Daylight,Yes,T-type,Normal,2Vehicles-Side,4,Tuesday,20,False,False
201800041284,NonLethal,Daylight,Yes,NoIntersection,Normal,Other,11,Saturday,10,True,False
201800009829,NonLethal,Daylight,Yes,T-type,Normal,2Vehicles-Side,10,Tuesday,7,False,False
201800025607,NonLethal,Daylight,Yes,NoIntersection,Normal,2Vehicles-BehindVehicles-Frontal,11,Wednesday,8,False,False
201800035546,NonLethal,Daylight,Yes,T-type,Normal,2Vehicles-Side,5,Tuesday,7,False,False
201800019929,NonLethal,Daylight,No,NoIntersection,Normal,2Vehicles-Side,8,Friday,7,False,False
201800022317,NonLethal,Daylight,Yes,NoIntersection,Normal,2Vehicles-Behind,11,Sunday,12,True,False
201800026472,NonLethal,Daylight,Yes,NoIntersection,Normal,Other,11,Tuesday,13,False,False
201800010278,NonLethal,NightNoStreetLight,No,NoIntersection,Normal,3+Vehicles-Multiple,4,Saturday,5,True,True
201800015652,NonLethal,TwilightOrDawn,No,NoIntersection,Normal,Other,9,Friday,7,False,False
201800007785,NonLethal,Daylight,Yes,X-type,Normal,Other,3,Friday,17,False,False
201800027880,NonLethal,Daylight,Yes,NoIntersection,HeavyRain,Other,6,Monday,15,False,False
201800003643,NonLethal,Daylight,No,NoIntersection,Normal,NoCollision,8,Thursday,17,False,False
201800030562,NonLethal,Daylight,Yes,NoIntersection,Normal,2Vehicles-Side,7,Thursday,16,False,False
201800026959,NonLethal,Daylight,Yes,NoIntersection,Normal,3+Vehicles-Multiple,10,Wednesday,11,False,False
201800056540,NonLethal,Daylight,Yes,Y-type,Normal,Other,1,Thursday,15,False,False
201800039463,NonLethal,Daylight,Yes,X-type,Other,2Vehicles-Side,2,Saturday,9,True,False
201800039531,NonLethal,NightStreelightsOn,Yes,NoIntersection,Normal,2Vehicles-Side,5,Friday,18,False,False
201800028531,NonLethal,Daylight,Yes,NoIntersection,Normal,2Vehicles-Side,8,Thursday,13,False,False
201800029325,NonLethal,NightStreelightsOff,Yes,T-type,LightRain,Other,11,Thursday,7,False,False
201800055721,NonLethal,Daylight,Yes,NoIntersection,LightRain,3+Vehicles-Chain,3,Monday,17,False,False
201800056577,NonLethal,Daylight,Yes,NoIntersection,Normal,2Vehicles-Side,5,Wednesday,8,False,False
201800011171,NonLethal,Daylight,No,NoIntersection,Normal,NoCollision,7,Wednesday,12,False,False
201800053300,NonLethal,NightStreelightsOn,Yes,X-type,LightRain,2Vehicles-Side,3,Thursday,19,False,False
201800032766,NonLethal,NightNoStreetLight,No,NoIntersection,Normal,NoCollision,6,Sunday,2,True,True
201800009770,NonLethal,NightNoStreetLight,Yes,NoIntersection,Normal,Other,9,Saturday,21,True,False
201800008275,NonLethal,NightNoStreetLight,No,NoIntersection,Normal,2Vehicles-Side,10,Friday,17,False,False
201800046044,NonLethal,Daylight,No,NoIntersection,Normal,2Vehicles-Side,8,Thursday,18,False,False
201800052609,NonLethal,NightStreelightsOn,Yes,X-type,Overcast,Other,11,Monday,21,False,False
201800017781,NonLethal,Daylight,Yes,NoIntersection,Normal,2Vehicles-BehindVehicles-Frontal,5,Friday,18,False,False
201800033643,NonLethal,Daylight,Yes,Roundabout,LightRain,NoCollision,7,Saturday,13,True,False
201800056721,NonLethal,NightNoStreetLight,No,NoIntersection,Normal,2Vehicles-BehindVehicles-Frontal,12,Saturday,21,True,False
201800036431,NonLethal,Daylight,Yes,X-type,Normal,2Vehicles-Side,5,Sunday,17,True,False
201800044510,NonLethal,Daylight,No,NoIntersection,Normal,Other,1,Sunday,12,True,False
201800031986,NonLethal,NightStreelightsOn,Yes,T-type,Normal,2Vehicles-Side,10,Tuesday,22,False,False
201800048764,NonLethal,NightStreelightsOn,Yes,X-type,Normal,2Vehicles-Side,12,Wednesday,1,False,True
201800048662,NonLethal,NightStreelightsOn,Yes,NoIntersection,Normal,3+Vehicles-Multiple,11,Saturday,21,True,False
201800002322,NonLethal,Daylight,No,NoIntersection,VeryGood,2Vehicles-Side,5,Tuesday,19,False,False
201800016753,NonLethal,Daylight,No,T-type,Normal,2Vehicles-Side,2,Sunday,17,True,False
201800020189,NonLethal,TwilightOrDawn,No,NoIntersection,LightRain,2Vehicles-BehindVehicles-Frontal,9,Tuesday,17,False,False
201800001548,NonLethal,Daylight,No,NoIntersection,Normal,3+Vehicles-Chain,12,Saturday,12,True,False
201800032190,NonLethal,Daylight,Yes,NoIntersection,Normal,2Vehicles-Side,10,Wednesday,17,False,False
201800044149,NonLethal,TwilightOrDawn,No,NoIntersection,Normal,Other,7,Monday,20,False,False
201800000713,NonLethal,TwilightOrDawn,No,NoIntersection,Normal,NoCollision,3,Thursday,6,False,True
201800057200,NonLethal,Daylight,No,NoIntersection,Normal,2Vehicles-Behind,7,Saturday,14,True,False
201800008963,NonLethal,Daylight,Yes,NoIntersection,Normal,3+Vehicles-Multiple,5,Sunday,13,True,False
201800007931,NonLethal,Daylight,No,NoIntersection,Normal,2Vehicles-BehindVehicles-Frontal,4,Friday,17,False,False
201800016466,NonLethal,NightNoStreetLight,No,NoIntersection,Normal,Other,7,Monday,0,False,True
201800020376,NonLethal,Daylight,No,Roundabout,Normal,NoCollision,6,Thursday,15,False,False
201800010300,NonLethal,Daylight,No,NoIntersection,Normal,2Vehicles-Behind,12,Saturday,8,True,False
201800048691,NonLethal,TwilightOrDawn,Yes,X-type,Normal,2Vehicles-Behind,11,Monday,17,False,False
201800045326,NonLethal,Daylight,No,NoIntersection,Normal,Other,10,Sunday,16,True,False
201800015888,Lethal,Daylight,No,Y-type,Normal,2Vehicles-Side,6,Wednesday,16,False,False
201800044334,NonLethal,Daylight,No,Other,Normal,2Vehicles-Behind,10,Wednesday,19,False,False
201800036052,NonLethal,Daylight,Yes,T-type,Normal,2Vehicles-Side,4,Tuesday,11,False,False
201800035658,Lethal,NightStreelightsOn,Yes,NoIntersection,Normal,Other,2,Monday,19,False,False
201800049659,NonLethal,Daylight,No,NoIntersection,Normal,3+Vehicles-Chain,1,Wednesday,9,False,False
201800026048,NonLethal,Daylight,No,NoIntersection,Normal,2Vehicles-Side,12,Monday,12,False,False
201800028015,NonLethal,Daylight,Yes,NoIntersection,Normal,3+Vehicles-Chain,5,Friday,17,False,False
201800025721,NonLethal,Daylight,Yes,X-type,Normal,Other,6,Friday,21,False,False
201800043379,NonLethal,Daylight,No,NoIntersection,Normal,2Vehicles-Behind,12,Friday,18,False,False
201800045399,NonLethal,NightNoStreetLight,No,NoIntersection,Normal,Other,1,Thursday,1,False,True
201800043482,NonLethal,Daylight,Yes,NoIntersection,Normal,2Vehicles-Side,6,Saturday,14,True,False
201800046837,NonLethal,NightNoStreetLight,No,NoIntersection,Normal,2Vehicles-Behind,9,Sunday,23,True,False
201800015178,NonLethal,NightStreelightsOn,Yes,NoIntersection,Normal,Other,8,Thursday,21,False,False
201800044854,NonLethal,Daylight,No,NoIntersection,Normal,2Vehicles-Side,5,Friday,16,False,False
201800004984,NonLethal,Daylight,No,NoIntersection,Normal,2Vehicles-BehindVehicles-Frontal,3,Tuesday,17,False,False
201800006948,NonLethal,Daylight,No,NoIntersection,Normal,Other,11,Sunday,16,True,False
201800001733,NonLethal,NightNoStreetLight,No,NoIntersection,Normal,3+Vehicles-Chain,1,Friday,18,False,False
201800033568,NonLethal,Daylight,Yes,NoIntersection,LightRain,NoCollision,10,Monday,16,False,False
201800027967,NonLethal,Daylight,Yes,NoIntersection,SnowOrHail,2Vehicles-Behind,3,Monday,9,False,False
201800024625,NonLethal,Daylight,Yes,NoIntersection,Normal,2Vehicles-Side,1,Monday,16,False,False
201800046877,NonLethal,Daylight,No,NoIntersection,Normal,2Vehicles-Behind,9,Wednesday,9,False,False
201800053364,NonLethal,Daylight,Yes,X-type,Normal,Other,5,Thursday,17,False,False
201800034718,NonLethal,Daylight,Yes,T-type,Normal,2Vehicles-Side,6,Friday,18,False,False
201800005173,NonLethal,NightStreelightsOn,Yes,NoIntersection,LightRain,2Vehicles-Side,10,Saturday,2,True,True
201800005458,NonLethal,TwilightOrDawn,No,NoIntersection,Normal,Other,9,Friday,7,False,False
201800019403,Lethal,Daylight,No,X-type,Normal,2Vehicles-BehindVehicles-Frontal,1,Friday,11,False,False
201800008101,NonLethal,NightStreelightsOn,Yes,NoIntersection,Normal,NoCollision,12,Thursday,7,False,False
201800003357,NonLethal,Daylight,No,NoIntersection,Normal,3+Vehicles-Multiple,9,Tuesday,9,False,False
201800054936,NonLethal,NightStreelightsOn,Yes,X-type,Normal,Other,2,Thursday,23,False,False
201800042451,NonLethal,NightStreelightsOn,Yes,NoIntersection,Normal,Other,6,Monday,22,False,False
201800042564,NonLethal,Daylight,Yes,NoIntersection,Normal,NoCollision,9,Wednesday,8,False,False
201800048968,NonLethal,Daylight,No,NoIntersection,Normal,2Vehicles-Side,2,Thursday,20,False,False
201800038119,NonLethal,Daylight,Yes,NoIntersection,Normal,Other,6,Thursday,13,False,False
201800025700,NonLethal,Daylight,Yes,NoIntersection,Normal,2Vehicles-Behind,3,Friday,15,False,False
201800044832,NonLethal,TwilightOrDawn,No,NoIntersection,LightRain,2Vehicles-Side,4,Sunday,20,True,False
201800024188,NonLethal,NightStreelightsOn,Yes,T-type,Other,2Vehicles-Side,8,Wednesday,22,False,False
201800031799,Lethal,NightNoStreetLight,No,NoIntersection,Normal,Other,6,Saturday,0,True,True
201800019160,NonLethal,NightNoStreetLight,No,NoIntersection,LightRain,2Vehicles-BehindVehicles-Frontal,1,Wednesday,19,False,False
201800045877,NonLethal,Daylight,No,NoIntersection,Normal,2Vehicles-Behind,5,Tuesday,8,False,False
201800013057,NonLethal,Daylight,No,NoIntersection,Normal,2Vehicles-Side,5,Tuesday,12,False,False
201800045583,NonLethal,NightStreelightsOff,No,NoIntersection,LightRain,Other,10,Friday,0,False,True
201800011855,NonLethal,NightNoStreetLight,No,NoIntersection,LightRain,Other,12,Saturday,19,True,False
201800009827,NonLethal,Daylight,Yes,X-type,Normal,Other,10,Tuesday,10,False,False
201800003614,NonLethal,TwilightOrDawn,No,NoIntersection,LightRain,3+Vehicles-Multiple,3,Thursday,18,False,False
201800040604,NonLethal,TwilightOrDawn,Yes,NoIntersection,Normal,2Vehicles-Side,6,Sunday,5,True,True
201800018532,NonLethal,NightStreelightsOn,Yes,X-type,Normal,2Vehicles-Side,4,Sunday,18,True,False
201800039625,NonLethal,NightStreelightsOn,Yes,NoIntersection,Normal,2Vehicles-Side,4,Friday,2,False,True
201800049720,NonLethal,Daylight,No,NoIntersection,Normal,Other,5,Thursday,11,False,False
201800029560,NonLethal,Daylight,Yes,X-type,Normal,2Vehicles-Side,2,Thursday,16,False,False
201800034622,NonLethal,Daylight,Yes,NoIntersection,Normal,2Vehicles-Side,10,Friday,17,False,False
201800007439,NonLethal,Daylight,Yes,NoIntersection,Normal,Other,4,Tuesday,12,False,False
201800017412,NonLethal,TwilightOrDawn,Yes,X-type,Normal,2Vehicles-Side,4,Friday,18,False,False
201800056248,NonLethal,Daylight,Yes,NoIntersection,Overcast,3+Vehicles-Multiple,5,Friday,17,False,False
201800044908,NonLethal,Daylight,No,NoIntersection,Normal,2Vehicles-Behind,5,Friday,8,False,False
201800001893,NonLethal,NightNoStreetLight,No,NoIntersection,Normal,Other,12,Friday,23,False,False
201800046745,NonLethal,Daylight,No,NoIntersection,Normal,3+Vehicles-Chain,7,Saturday,15,True,False
201800027406,NonLethal,Daylight,Yes,NoIntersection,Normal,NoCollision,5,Wednesday,17,False,False
201800048424,NonLethal,TwilightOrDawn,Yes,NoIntersection,Normal,2Vehicles-Behind,7,Monday,21,False,False
201800000652,Lethal,Daylight,No,NoIntersection,Normal,3+Vehicles-Multiple,7,Friday,20,False,False
201800056906,NonLethal,TwilightOrDawn,Yes,T-type,Normal,2Vehicles-Side,4,Monday,16,False,False
201800019273,Lethal,Daylight,No,NoIntersection,Normal,3+Vehicles-Multiple,4,Wednesday,16,False,False
201800015235,NonLethal,Daylight,No,NoIntersection,Normal,2Vehicles-Behind,8,Thursday,13,False,False
201800038947,NonLethal,Daylight,Yes,NoIntersection,Normal,Other,5,Wednesday,9,False,False
201800047296,NonLethal,Daylight,Yes,X-type,Normal,2Vehicles-Side,11,Friday,14,False,False
201800002069,NonLethal,TwilightOrDawn,Yes,NoIntersection,Normal,2Vehicles-Side,5,Monday,20,False,False
201800021484,NonLethal,Daylight,Yes,Roundabout,Normal,2Vehicles-Side,2,Friday,14,False,False
201800036128,NonLethal,Daylight,Yes,NoIntersection,Normal,Other,12,Friday,8,False,False
201800014744,NonLethal,Daylight,Yes,NoIntersection,Normal,Other,10,Friday,8,False,False
201800031723,NonLethal,Daylight,Yes,T-type,Normal,2Vehicles-Side,4,Friday,17,False,False
201800024966,NonLethal,TwilightOrDawn,No,NoIntersection,Normal,Other,10,Saturday,8,True,False
201800030338,NonLethal,Daylight,Yes,X-type,Normal,3+Vehicles-Multiple,10,Wednesday,18,False,False
201800035994,NonLethal,NightStreelightsOn,Yes,NoIntersection,SnowOrHail,2Vehicles-Behind,6,Saturday,7,True,False
201800027898,NonLethal,Daylight,Yes,NoIntersection,Normal,Other,5,Wednesday,13,False,False
201800012794,NonLethal,NightNoStreetLight,No,NoIntersection,Normal,2Vehicles-BehindVehicles-Frontal,1,Saturday,18,True,False
201800037958,NonLethal,Daylight,Yes,NoIntersection,Overcast,Other,9,Saturday,17,True,False
201800051341,NonLethal,NightStreelightsOn,Yes,X-type,LightRain,NoCollision,4,Sunday,4,True,True
201800012579,NonLethal,NightNoStreetLight,No,NoIntersection,Normal,Other,9,Sunday,6,True,True
201800007211,NonLethal,TwilightOrDawn,No,NoIntersection,LightRain,Other,2,Saturday,18,True,False
201800056580,NonLethal,NightStreelightsOn,No,NoIntersection,Normal,3+Vehicles-Multiple,3,Saturday,0,True,True
201800012787,NonLethal,Daylight,Yes,NoIntersection,Normal,2Vehicles-Behind,6,Thursday,8,False,False
201800019835,NonLethal,Daylight,Yes,NoIntersection,Normal,Other,1,Friday,9,False,False
201800040211,NonLethal,NightStreelightsOn,Yes,NoIntersection,Normal,3+Vehicles-Multiple,7,Saturday,23,True,False
201800016867,NonLethal,Daylight,No,NoIntersection,Normal,Other,10,Saturday,20,True,False
201800004073,NonLethal,Daylight,No,Other,Normal,2Vehicles-Side,5,Friday,8,False,False
201800038873,NonLethal,Daylight,Yes,T-type,Normal,2Vehicles-Side,12,Monday,13,False,False
201800042229,NonLethal,Daylight,No,NoIntersection,LightRain,Other,1,Thursday,10,False,False
201800043703,NonLethal,Daylight,Yes,NoIntersection,Normal,2Vehicles-Side,8,Thursday,10,False,False
201800028622,NonLethal,Daylight,Yes,T-type,LightRain,2Vehicles-BehindVehicles-Frontal,6,Thursday,19,False,False
201800004503,NonLethal,NightNoStreetLight,Yes,Roundabout,Normal,NoCollision,2,Friday,0,False,True
201800015813,Lethal,Daylight,No,NoIntersection,Normal,2Vehicles-BehindVehicles-Frontal,7,Saturday,16,True,False
201800054493,NonLethal,Daylight,Yes,X-type,LightRain,Other,7,Friday,19,False,False
201800051226,NonLethal,NightStreelightsOn,Yes,Square,Normal,Other,11,Saturday,18,True,False
201800013314,Lethal,NightNoStreetLight,No,NoIntersection,Normal,Other,11,Sunday,18,True,False
201800037770,NonLethal,Daylight,Yes,X-type,Normal,Other,2,Tuesday,16,False,False
201800034542,NonLethal,Daylight,No,NoIntersection,Normal,2Vehicles-Behind,8,Friday,18,False,False
201800020888,NonLethal,Daylight,No,Other,Normal,2Vehicles-BehindVehicles-Frontal,10,Saturday,18,True,False
201800045109,NonLethal,Daylight,No,NoIntersection,Normal,2Vehicles-Side,7,Monday,7,False,False
201800041285,NonLethal,Daylight,Yes,Roundabout,Normal,3+Vehicles-Chain,10,Saturday,10,True,False
201800008988,NonLethal,Daylight,Yes,NoIntersection,Normal,2Vehicles-Behind,12,Wednesday,18,False,False
201800047229,NonLethal,NightStreelightsOn,Yes,T-type,Normal,2Vehicles-Side,7,Friday,23,False,False
201800004203,NonLethal,NightNoStreetLight,Yes,NoIntersection,LightRain,Other,11,Thursday,18,False,False
201800049583,NonLethal,Daylight,No,NoIntersection,Normal,Other,3,Thursday,8,False,False
201800029321,NonLethal,NightNoStreetLight,No,NoIntersection,LightRain,Other,12,Saturday,18,True,False
201800006735,Lethal,Daylight,No,NoIntersection,Normal,3+Vehicles-Chain,9,Saturday,11,True,False
201800046492,NonLethal,Daylight,No,NoIntersection,Normal,2Vehicles-Behind,3,Friday,19,False,False
201800017919,NonLethal,Daylight,No,NoIntersection,Normal,2Vehicles-Behind,7,Sunday,12,True,False
201800034071,NonLethal,TwilightOrDawn,Yes,NoIntersection,Normal,Other,9,Friday,7,False,False
201800014135,NonLethal,Daylight,Yes,NoIntersection,Normal,Other,5,Saturday,19,True,False
201800010627,NonLethal,Daylight,Yes,Roundabout,Normal,Other,11,Saturday,9,True,False
201800036933,NonLethal,Daylight,Yes,NoIntersection,Normal,2Vehicles-Side,6,Sunday,13,True,False
201800006823,NonLethal,Daylight,No,NoIntersection,LightRain,Other,1,Monday,8,False,False
201800041064,NonLethal,Daylight,Yes,Other,Normal,Other,9,Tuesday,15,False,False
201800055643,NonLethal,Daylight,Yes,NoIntersection,Normal,2Vehicles-Side,11,Saturday,17,True,False
201800013669,NonLethal,Daylight,No,Roundabout,Normal,2Vehicles-Side,4,Sunday,9,True,False
201800006413,NonLethal,Daylight,No,NoIntersection,Normal,3+Vehicles-Multiple,9,Tuesday,11,False,False
201800040302,Lethal,NightStreelightsOn,Yes,X-type,Normal,2Vehicles-Side,7,Thursday,23,False,False
201800007490,NonLethal,Daylight,Yes,NoIntersection,VeryGood,2Vehicles-Behind,12,Wednesday,12,False,False
201800000238,Lethal,Daylight,No,NoIntersection,HeavyRain,2Vehicles-Side,3,Sunday,19,True,False
201800028901,NonLethal,Daylight,Yes,X-type,Normal,Other,2,Wednesday,10,False,False
201800048518,NonLethal,NightStreelightsOn,Yes,T-type,Normal,2Vehicles-Side,9,Friday,23,False,False
201800032683,NonLethal,NightNoStreetLight,No,NoIntersection,Normal,Other,1,Wednesday,17,False,False
201800049600,NonLethal,Daylight,No,NoIntersection,Normal,2Vehicles-Side,10,Friday,16,False,False
201800003516,NonLethal,Daylight,No,NoIntersection,Normal,2Vehicles-Behind,4,Tuesday,17,False,False
201800033929,NonLethal,NightStreelightsOff,Yes,NoIntersection,Normal,Other,11,Sunday,3,True,True
201800052916,NonLethal,NightStreelightsOn,Yes,Square,Normal,2Vehicles-Behind,12,Saturday,17,True,False
201800055715,NonLethal,Daylight,Yes,NoIntersection,Normal,2Vehicles-Side,11,Friday,13,False,False
201800037953,NonLethal,Daylight,Yes,NoIntersection,Overcast,2Vehicles-Side,6,Saturday,8,True,False
201800039268,NonLethal,TwilightOrDawn,Yes,X-type,Normal,2Vehicles-Side,6,Saturday,21,True,False
201800015952,Lethal,NightStreelightsOn,No,NoIntersection,Normal,Other,11,Thursday,19,False,False
201800049348,NonLethal,Daylight,No,NoIntersection,Normal,3+Vehicles-Chain,3,Friday,17,False,False
201800005794,NonLethal,Daylight,Yes,NoIntersection,Normal,Other,9,Friday,17,False,False
201800050036,NonLethal,Daylight,No,NoIntersection,Normal,3+Vehicles-Chain,10,Wednesday,17,False,False
201800001083,NonLethal,TwilightOrDawn,No,NoIntersection,LightRain,3+Vehicles-Multiple,1,Wednesday,18,False,False
201800025908,NonLethal,Daylight,Yes,NoIntersection,Normal,Other,7,Tuesday,14,False,False
201800009276,NonLethal,Daylight,Yes,NoIntersection,Normal,2Vehicles-Side,7,Monday,8,False,False
201800057289,Lethal,Daylight,Yes,NoIntersection,Normal,Other,2,Sunday,6,True,True
201800042303,NonLethal,NightStreelightsOn,Yes,X-type,Normal,2Vehicles-Side,6,Sunday,23,True,False
201800052051,NonLethal,Daylight,Yes,X-type,Normal,Other,2,Tuesday,20,False,False
201800007774,NonLethal,Daylight,Yes,X-type,Normal,2Vehicles-Side,7,Wednesday,18,False,False
201800037467,NonLethal,NightStreelightsOn,Yes,X-type,Normal,2Vehicles-Side,7,Tuesday,21,False,False
201800011643,NonLethal,Daylight,Yes,NoIntersection,LightRain,Other,4,Tuesday,16,False,False
201800023486,NonLethal,Daylight,Yes,NoIntersection,Normal,NoCollision,6,Thursday,9,False,False
201800017065,NonLethal,NightStreelightsOn,Yes,NoIntersection,LightRain,Other,12,Sunday,17,True,False
201800026004,NonLethal,Daylight,No,Other,Normal,NoCollision,5,Wednesday,11,False,False
201800035015,NonLethal,Daylight,Yes,NoIntersection,LightRain,Other,2,Sunday,18,True,False
201800022770,NonLethal,Daylight,Yes,Other,Normal,Other,8,Tuesday,16,False,False
201800015584,NonLethal,NightNoStreetLight,No,NoIntersection,LightRain,2Vehicles-Side,1,Sunday,19,True,False
201800010017,NonLethal,Daylight,Yes,X-type,Overcast,2Vehicles-Side,1,Thursday,11,False,False
201800053477,NonLethal,Daylight,No,NoIntersection,Normal,2Vehicles-Side,10,Monday,19,False,False
201800024662,NonLethal,Daylight,Yes,Roundabout,Normal,NoCollision,2,Sunday,13,True,False
201800033354,NonLethal,TwilightOrDawn,Yes,Y-type,LightRain,2Vehicles-Side,1,Friday,7,False,False
201800009073,NonLethal,Daylight,Yes,NoIntersection,LightRain,2Vehicles-Side,5,Wednesday,11,False,False
201800014192,NonLethal,Daylight,Yes,NoIntersection,Normal,2Vehicles-Side,2,Friday,16,False,False
201800039829,NonLethal,Daylight,Yes,X-type,Normal,Other,9,Sunday,13,True,False
201800023411,NonLethal,TwilightOrDawn,Yes,NoIntersection,Normal,Other,12,Friday,7,False,False
201800015996,NonLethal,Daylight,Yes,NoIntersection,Normal,Other,5,Saturday,18,True,False
201800021750,NonLethal,Daylight,No,NoIntersection,Normal,Other,11,Saturday,18,True,False
201800041388,NonLethal,TwilightOrDawn,Yes,X-type,Normal,Other,1,Friday,7,False,False
201800020356,NonLethal,NightNoStreetLight,No,NoIntersection,Normal,Other,9,Sunday,0,True,True
201800005252,NonLethal,Daylight,Yes,NoIntersection,Normal,2Vehicles-Side,6,Saturday,11,True,False
201800033282,NonLethal,NightNoStreetLight,No,NoIntersection,Normal,2Vehicles-BehindVehicles-Frontal,3,Friday,21,False,False
201800047254,NonLethal,NightNoStreetLight,Yes,NoIntersection,Normal,Other,8,Wednesday,23,False,False
201800036610,NonLethal,Daylight,Yes,NoIntersection,LightRain,2Vehicles-Behind,10,Monday,11,False,False
201800020885,NonLethal,Daylight,Yes,Roundabout,Normal,2Vehicles-Side,10,Tuesday,9,False,False
201800015289,Lethal,Daylight,Yes,NoIntersection,Other,Other,7,Tuesday,15,False,False
201800012761,NonLethal,Daylight,No,NoIntersection,Normal,NoCollision,9,Saturday,17,True,False
201800036840,NonLethal,Daylight,Yes,NoIntersection,Normal,Other,7,Saturday,16,True,False
201800009692,NonLethal,Daylight,Yes,NoIntersection,Normal,2Vehicles-Side,9,Tuesday,16,False,False
201800035458,NonLethal,Daylight,Yes,Roundabout,Normal,Other,10,Friday,16,False,False
201800003498,NonLethal,TwilightOrDawn,No,NoIntersection,Normal,Other,4,Tuesday,6,False,True
201800055838,NonLethal,Daylight,No,NoIntersection,Normal,2Vehicles-BehindVehicles-Frontal,8,Tuesday,17,False,False
201800016719,Lethal,TwilightOrDawn,No,NoIntersection,LightRain,2Vehicles-BehindVehicles-Frontal,12,Monday,8,False,False
201800026970,NonLethal,NightStreelightsOn,Yes,NoIntersection,Overcast,3+Vehicles-Chain,10,Friday,18,False,False
201800004059,NonLethal,NightNoStreetLight,No,NoIntersection,Normal,2Vehicles-BehindVehicles-Frontal,5,Friday,4,False,True
201800049598,NonLethal,NightNoStreetLight,No,NoIntersection,Normal,2Vehicles-Behind,9,Sunday,20,True,False
201800028467,NonLethal,NightStreelightsOn,Yes,NoIntersection,Normal,2Vehicles-Side,1,Sunday,3,True,True
201800045409,NonLethal,NightStreelightsOn,No,NoIntersection,Normal,2Vehicles-Behind,11,Saturday,0,True,True
201800028407,NonLethal,Daylight,Yes,NoIntersection,Normal,2Vehicles-Behind,5,Thursday,14,False,False
201800046728,NonLethal,Daylight,No,NoIntersection,Normal,2Vehicles-Side,3,Wednesday,18,False,False
201800021479,NonLethal,NightStreelightsOn,Yes,NoIntersection,LightRain,Other,1,Sunday,1,True,True
201800050293,NonLethal,NightStreelightsOn,Yes,X-type,Normal,Other,7,Monday,23,False,False
201800009761,NonLethal,Daylight,Yes,NoIntersection,Normal,Other,9,Friday,14,False,False
201800016533,NonLethal,TwilightOrDawn,Yes,NoIntersection,Normal,Other,10,Tuesday,8,False,False
201800038444,NonLethal,Daylight,Yes,NoIntersection,Normal,2Vehicles-Behind,2,Tuesday,18,False,False
201800037899,NonLethal,Daylight,Yes,NoIntersection,HeavyRain,2Vehicles-Side,3,Thursday,18,False,False
201800005707,NonLethal,Daylight,Yes,T-type,Normal,Other,6,Sunday,13,True,False
201800044398,NonLethal,NightStreelightsOn,No,NoIntersection,Normal,2Vehicles-Behind,11,Friday,18,False,False
201800047000,NonLethal,NightNoStreetLight,No,NoIntersection,Overcast,2Vehicles-BehindVehicles-Frontal,10,Sunday,0,True,True
201800004973,NonLethal,Daylight,Yes,Roundabout,Normal,2Vehicles-Side,8,Monday,12,False,False
201800029698,NonLethal,NightNoStreetLight,Yes,X-type,Normal,2Vehicles-Side,6,Sunday,0,True,True
201800021664,NonLethal,NightStreelightsOn,Yes,NoIntersection,FogOrSmoke,Other,11,Sunday,5,True,True
201800030372,NonLethal,Daylight,No,Other,Normal,2Vehicles-BehindVehicles-Frontal,3,Thursday,16,False,False
201800032426,NonLethal,Daylight,Yes,X-type,Normal,2Vehicles-BehindVehicles-Frontal,4,Sunday,16,True,False
201800002525,NonLethal,Daylight,Yes,NoIntersection,Normal,2Vehicles-Side,7,Sunday,16,True,False