AccidentId,Gravity,Light,InAgglomeration,IntersectionType,Weather,CollisionType,Month,DayOfWeek,HourOfDay,IsWeekend,IsNight
201800014432,NonLethal,NightNoStreetLight,No,NoIntersection,LightRain,NoCollision,12,Friday,19,False,False
201800045069,NonLethal,Daylight,No,NoIntersection,Normal,Other,7,Thursday,8,False,False
201800016682,NonLethal,Daylight,No,NoIntersection,Normal,Other,4,Thursday,15,False,False
201800021100,NonLethal,Daylight,Yes,X-type,Normal,Other,5,Tuesday,18,False,False
201800034144,NonLethal,Daylight,Yes,NoIntersection,Normal,Other,5,Monday,17,False,False
201800034739,Lethal,Daylight,Yes,NoIntersection,Normal,Other,2,Saturday,11,True,False
201800001378,Lethal,Daylight,No,NoIntersection,VeryGood,2Vehicles-Side,6,Wednesday,16,False,False
201800030087,NonLethal,NightNoStreetLight,No,NoIntersection,Normal,2Vehicles-BehindVehicles-Frontal,3,Saturday,19,True,False
201800013147,Lethal,Daylight,No,X-type,Normal,2Vehicles-Side,12,Monday,10,False,False
201800043784,NonLethal,NightStreelightsOn,No,NoIntersection,Normal,2Vehicles-Behind,1,Saturday,1,True,True
201800017059,NonLethal,Daylight,Yes,T-type,Normal,Other,10,Tuesday,16,False,False
201800039730,NonLethal,NightStreelightsOn,Yes,X-type,Normal,2Vehicles-Side,5,Monday,23,False,False
201800025090,NonLethal,NightStreelightsOn,Yes,NoIntersection,Overcast,NoCollision,12,Saturday,4,True,True
201800057389,NonLethal,Daylight,Yes,NoIntersection,Normal,2Vehicles-BehindVehicles-Frontal,10,Friday,8,False,False
201800006839,NonLethal,Daylight,Yes,NoIntersection,Normal,2Vehicles-BehindVehicles-Frontal,10,Wednesday,11,False,False
201800038433,NonLethal,NightStreelightsOn,Yes,NoIntersection,Normal,NoCollision,4,Friday,0,False,True
201800019601,NonLethal,TwilightOrDawn,Yes,NoIntersection,Normal,2Vehicles-Behind,2,Friday,17,False,False
201800000022,NonLethal,Daylight,Yes,NoIntersection,Normal,Other,12,Friday,17,False,False
201800015967,NonLethal,Daylight,No,NoIntersection,Overcast,NoCollision,2,Friday,10,False,False
201800056094,NonLethal,Daylight,No,NoIntersection,Normal,2Vehicles-Side,9,Monday,6,False,True
201800018247,NonLethal,NightStreelightsOn,Yes,NoIntersection,Normal,Other,12,Saturday,20,True,False
201800040818,NonLethal,Daylight,Yes,NoIntersection,SnowOrHail,Other,2,Tuesday,11,False,False
201800008192,NonLethal,Daylight,Yes,T-type,Normal,2Vehicles-Side,10,Friday,9,False,False
201800000055,NonLethal,Daylight,Yes,T-type,Normal,2Vehicles-Behind,10,Tuesday,9,False,False
201800050660,NonLethal,Daylight,Yes,Y-type,Normal,Other,2,Friday,10,False,False
201800031875,NonLethal,Daylight,Yes,T-type,Normal,2Vehicles-Side,8,Sunday,16,True,False
201800037921,NonLethal,NightStreelightsOn,Yes,NoIntersection,Normal,2Vehicles-Behind,5,Thursday,21,False,False
201800023058,NonLethal,NightStreelightsOn,Yes,NoIntersection,LightRain,2Vehicles-Behind,8,Sunday,0,True,True
201800019538,NonLethal,Daylight,Yes,X-type,Normal,2Vehicles-Side,11,Tuesday,15,False,False
201800014140,NonLethal,NightStreelightsOn,Yes,Roundabout,FogOrSmoke,Other,12,Sunday,20,True,False
201800029672,NonLethal,Daylight,Yes,X-type,Normal,2Vehicles-BehindVehicles-Frontal,2,Friday,17,False,False
201800057645,NonLethal,Daylight,Yes,NoIntersection,Normal,Other,6,Wednesday,12,False,False
201800041044,NonLethal,Daylight,Yes,T-type,Normal,2Vehicles-Side,11,Wednesday,7,False,False
201800042737,NonLethal,Daylight,Yes,X-type,Normal,Other,2,Thursday,8,False,False
201800007660,NonLethal,Daylight,Yes,Roundabout,Normal,2Vehicles-Behind,8,Friday,12,False,False
201800028019,NonLethal,Daylight,Yes,T-type,LightRain,2Vehicles-Side,5,Monday,18,False,False
201800007117,NonLethal,Daylight,No,NoIntersection,Normal,3+Vehicles-Multiple,8,Thursday,18,False,False
201800005171,NonLethal,Daylight,Yes,Other,LightRain,Other,11,Saturday,10,True,False
201800036492,NonLethal,Daylight,Yes,NoIntersection,Normal,Other,10,Thursday,10,False,False
201800033792,NonLethal,Daylight,Yes,X-type,Normal,3+Vehicles-Multiple,6,Monday,18,False,False
201800053307,NonLethal,TwilightOrDawn,Yes,X-type,LightRain,2Vehicles-Side,3,Sunday,18,True,False
201800056490,NonLethal,Daylight,Yes,T-type,Normal,2Vehicles-Side,12,Sunday,14,True,False
201800037078,NonLethal,NightStreelightsOn,Yes,T-type,Normal,2Vehicles-Side,10,Tuesday,21,False,False
201800002840,NonLethal,NightStreelightsOn,Yes,NoIntersection,Normal,Other,12,Friday,22,False,False
201800040270,NonLethal,NightStreelightsOn,Yes,NoIntersection,LightRain,NoCollision,1,Tuesday,19,False,False
201800020468,NonLethal,Daylight,Yes,NoIntersection,VeryGood,2Vehicles-Side,8,Wednesday,20,False,False
201800057238,NonLethal,Daylight,Yes,NoIntersection,Normal,2Vehicles-Side,12,Saturday,9,True,False
201800019836,NonLethal,Daylight,Yes,NoIntersection,Normal,3+Vehicles-Chain,8,Thursday,15,False,False
201800008576,NonLethal,NightStreelightsOn,Yes,NoIntersection,Normal,2Vehicles-BehindVehicles-Frontal,2,Wednesday,19,False,False
201800010388,NonLethal,Daylight,Yes,NoIntersection,Normal,Other,6,Saturday,16,True,False
201800047831,NonLethal,TwilightOrDawn,No,NoIntersection,Overcast,NoCollision,2,Monday,8,False,False
201800014795,NonLethal,Daylight,Yes,Other,Normal,Other,5,Saturday,19,True,False
201800047611,NonLethal,Daylight,Yes,NoIntersection,Normal,2Vehicles-Side,7,Sunday,19,True,False
201800008027,NonLethal,Daylight,Yes,Y-type,Normal,2Vehicles-Side,4,Wednesday,16,False,False
201800056274,NonLethal,NightNoStreetLight,Yes,NoIntersection,Overcast,2Vehicles-Side,12,Friday,19,False,False
201800020664,NonLethal,Daylight,Yes,T-type,HeavyRain,Other,2,Thursday,10,False,False
201800025602,NonLethal,Daylight,Yes,X-type,Normal,2Vehicles-Side,11,Friday,12,False,False
201800034486,NonLethal,Daylight,No,NoIntersection,Normal,NoCollision,7,Saturday,15,True,False
201800036202,NonLethal,NightNoStreetLight,No,NoIntersection,HeavyRain,2Vehicles-Behind,10,Monday,7,False,False
201800032129,Lethal,Daylight,Yes,MoreThan4Branches,Normal,2Vehicles-Side,9,Monday,15,False,False
201800038515,NonLethal,Daylight,Yes,NoIntersection,Normal,2Vehicles-Side,11,Thursday,13,False,False
201800027887,NonLethal,NightStreelightsOn,Yes,T-type,Normal,2Vehicles-Side,12,Sunday,20,True,False
201800055530,NonLethal,Daylight,Yes,Y-type,Normal,3+Vehicles-Chain,7,Thursday,13,False,False
201800015462,NonLethal,Daylight,No,X-type,SnowOrHail,2Vehicles-Side,3,Monday,14,False,False
201800039299,NonLethal,Daylight,Yes,NoIntersection,Normal,2Vehicles-Behind,9,Thursday,14,False,False
201800030612,NonLethal,Daylight,Yes,NoIntersection,Normal,Other,9,Friday,16,False,False
201800043300,NonLethal,Daylight,Yes,NoIntersection,LightRain,2Vehicles-Side,8,Sunday,15,True,False
201800052079,NonLethal,Daylight,Yes,X-type,Normal,2Vehicles-Side,6,Monday,13,False,False
201800024272,NonLethal,Daylight,Yes,X-type,Normal,2Vehicles-Side,3,Thursday,14,False,False
201800017382,NonLethal,Daylight,No,X-type,Normal,2Vehicles-Side,4,Sunday,11,True,False
201800031650,NonLethal,NightStreelightsOn,Yes,NoIntersection,LightRain,2Vehicles-Behind,1,Tuesday,19,False,False
201800051136,NonLethal,Daylight,Yes,NoIntersection,Normal,Other,4,Saturday,11,True,False
201800051215,NonLethal,Daylight,Yes,NoIntersection,LightRain,2Vehicles-Side,2,Saturday,13,True,False
201800030441,NonLethal,TwilightOrDawn,Yes,Roundabout,Normal,Other,6,Wednesday,21,False,False
201800028586,NonLethal,Daylight,Yes,X-type,LightRain,Other,12,Monday,9,False,False
201800006585,NonLethal,Daylight,No,NoIntersection,Overcast,2Vehicles-Side,11,Thursday,10,False,False
201800036270,NonLethal,TwilightOrDawn,Yes,X-type,Normal,2Vehicles-Side,12,Monday,8,False,False
201800054536,NonLethal,Daylight,No,T-type,LightRain,3+Vehicles-Multiple,9,Tuesday,15,False,False
201800017992,NonLethal,Daylight,No,NoIntersection,Normal,2Vehicles-BehindVehicles-Frontal,2,Thursday,11,False,False
201800017111,NonLethal,Daylight,No,NoIntersection,Normal,NoCollision,7,Sunday,8,True,False
201800000753,NonLethal,NightNoStreetLight,No,NoIntersection,Normal,NoCollision,6,Tuesday,2,False,True
201800056071,NonLethal,NightNoStreetLight,Yes,NoIntersection,HeavyRain,2Vehicles-Side,3,Friday,20,False,False
201800038853,NonLethal,Daylight,Yes,NoIntersection,Normal,Other,10,Monday,8,False,False
201800027987,NonLethal,Daylight,Yes,NoIntersection,Normal,3+Vehicles-Chain,4,Tuesday,10,False,False
201800021426,NonLethal,Daylight,Yes,Other,Normal,2Vehicles-Behind,7,Wednesday,16,False,False
201800038437,NonLethal,Daylight,Yes,T-type,Normal,2Vehicles-Side,9,Wednesday,16,False,False
201800056191,NonLethal,Daylight,No,NoIntersection,Normal,Other,10,Wednesday,16,False,False
201800017135,NonLethal,Daylight,Yes,NoIntersection,VeryGood,Other,9,Tuesday,11,False,False
201800013250,NonLethal,Daylight,No,NoIntersection,Normal,Other,10,Tuesday,8,False,False
201800011958,Lethal,Daylight,No,NoIntersection,FogOrSmoke,Other,12,Sunday,11,True,False
201800036623,NonLethal,Daylight,Yes,NoIntersection,Normal,2Vehicles-Side,4,Sunday,16,True,False
201800035419,NonLethal,Daylight,No,NoIntersection,Normal,2Vehicles-Behind,12,Monday,8,False,False
201800041312,NonLethal,NightStreelightsOn,Yes,NoIntersection,Normal,Other,11,Wednesday,18,False,False
201800012501,NonLethal,Daylight,No,NoIntersection,Normal,Other,6,Saturday,7,True,False
201800024258,NonLethal,NightNoStreetLight,Yes,NoIntersection,Normal,Other,8,Thursday,5,False,True
201800012904,NonLethal,Daylight,No,NoIntersection,LightRain,2Vehicles-BehindVehicles-Frontal,1,Tuesday,12,False,False
201800006216,NonLethal,Daylight,No,NoIntersection,Overcast,2Vehicles-Behind,11,Wednesday,11,False,False
201800043517,NonLethal,Daylight,Yes,NoIntersection,Normal,2Vehicles-Behind,1,Wednesday,8,False,False
201800001354,NonLethal,Daylight,No,NoIntersection,Normal,Other,1,Sunday,16,True,False
201800011293,NonLethal,Daylight,No,NoIntersection,Normal,2Vehicles-BehindVehicles-Frontal,8,Sunday,11,True,False
201800041184,NonLethal,NightStreelightsOn,Yes,NoIntersection,Normal,Other,7,Sunday,18,True,False
201800035132,NonLethal,Daylight,Yes,NoIntersection,Normal,Other,10,Monday,16,False,False
201800047582,NonLethal,Daylight,Yes,NoIntersection,Normal,2Vehicles-Behind,6,Thursday,8,False,False
201800037661,NonLethal,Daylight,Yes,NoIntersection,Normal,2Vehicles-Behind,12,Thursday,13,False,False
201800037002,NonLethal,Daylight,Yes,NoIntersection,Normal,2Vehicles-Side,8,Tuesday,10,False,False
201800037353,NonLethal,Daylight,Yes,NoIntersection,SnowOrHail,2Vehicles-Behind,3,Saturday,16,True,False
201800047098,NonLethal,Daylight,No,NoIntersection,Overcast,2Vehicles-BehindVehicles-Frontal,3,Monday,15,False,False
201800057363,NonLethal,NightStreelightsOn,Yes,X-type,Normal,Other,9,Friday,19,False,False
201800016707,NonLethal,Daylight,No,NoIntersection,Normal,3+Vehicles-Multiple,6,Friday,17,False,False
201800037060,NonLethal,NightStreelightsOn,No,NoIntersection,Other,2Vehicles-Side,1,Thursday,19,False,False
201800019153,NonLethal,NightNoStreetLight,No,NoIntersection,Normal,Other,4,Sunday,3,True,True
201800051231,NonLethal,NightStreelightsOn,Yes,NoIntersection,Normal,Other,10,Monday,22,False,False
201800026089,NonLethal,Daylight,Yes,T-type,Overcast,Other,7,Monday,10,False,False
201800013719,NonLethal,NightStreelightsOn,Yes,NoIntersection,Normal,2Vehicles-BehindVehicles-Frontal,9,Monday,19,False,False
201800047718,NonLethal,Daylight,Yes,X-type,Normal,2Vehicles-Side,9,Thursday,14,False,False
201800052868,NonLethal,TwilightOrDawn,Yes,X-type,Overcast,2Vehicles-Side,12,Tuesday,18,False,False
201800004251,Lethal,Daylight,No,NoIntersection,Normal,NoCollision,5,Sunday,15,True,False
201800056969,NonLethal,Daylight,No,NoIntersection,Normal,Other,6,Tuesday,14,False,False
201800007407,NonLethal,Daylight,Yes,NoIntersection,Normal,2Vehicles-Behind,10,Tuesday,18,False,False
201800039609,NonLethal,NightStreelightsOn,Yes,NoIntersection,LightRain,2Vehicles-Side,1,Tuesday,19,False,False
201800023853,NonLethal,TwilightOrDawn,Yes,Roundabout,LightRain,2Vehicles-Side,1,Tuesday,17,False,False
201800037916,NonLethal,Daylight,Yes,NoIntersection,Normal,2Vehicles-Side,5,Friday,13,False,False
201800039136,NonLethal,Daylight,Yes,T-type,Normal,2Vehicles-Side,4,Friday,19,False,False
201800044653,NonLethal,NightNoStreetLight,No,NoIntersection,Overcast,3+Vehicles-Multiple,3,Sunday,21,True,False
201800018677,NonLethal,Daylight,No,NoIntersection,Normal,2Vehicles-BehindVehicles-Frontal,3,Monday,18,False,False
201800043567,NonLethal,NightStreelightsOn,Yes,X-type,Normal,2Vehicles-Side,10,Sunday,22,True,False
201800000985,NonLethal,Daylight,Yes,T-type,Normal,2Vehicles-BehindVehicles-Frontal,10,Monday,12,False,False
201800012593,NonLethal,Daylight,No,NoIntersection,LightRain,Other,11,Friday,13,False,False
201800021143,NonLethal,NightNoStreetLight,No,NoIntersection,LightRain,Other,9,Wednesday,21,False,False
201800012442,NonLethal,Daylight,No,NoIntersection,Normal,NoCollision,7,Tuesday,12,False,False
201800030406,NonLethal,Daylight,Yes,NoIntersection,Normal,NoCollision,6,Wednesday,12,False,False
201800017786,NonLethal,Daylight,No,T-type,Normal,2Vehicles-BehindVehicles-Frontal,10,Friday,15,False,False
201800032603,NonLethal,NightStreelightsOn,Yes,X-type,Normal,2Vehicles-Side,10,Thursday,23,False,False
201800057278,NonLethal,Daylight,Yes,NoIntersection,Normal,2Vehicles-BehindVehicles-Frontal,10,Thursday,17,False,False
201800038664,NonLethal,Daylight,Yes,NoIntersection,LightRain,Other,1,Monday,13,False,False
201800054238,NonLethal,NightStreelightsOn,Yes,X-type,Normal,Other,10,Tuesday,1,False,True
201800053235,NonLethal,NightStreelightsOn,Yes,NoIntersection,Normal,Other,1,Monday,20,False,False
201800037767,NonLethal,Daylight,Yes,NoIntersection,SnowOrHail,Other,6,Saturday,11,True,False
201800018717,Lethal,Daylight,No,NoIntersection,Normal,Other,5,Thursday,8,False,False
201800009071,NonLethal,NightStreelightsOn,Yes,Y-type,Normal,2Vehicles-Behind,5,Tuesday,1,False,True
201800045473,NonLethal,Daylight,No,NoIntersection,Normal,2Vehicles-Behind,11,Saturday,13,True,False
201800017772,NonLethal,Daylight,Yes,X-type,VeryGood,Other,10,Thursday,10,False,False
201800043767,NonLethal,NightStreelightsOn,Yes,NoIntersection,Normal,2Vehicles-BehindVehicles-Frontal,12,Saturday,18,True,False
201800025771,NonLethal,NightStreelightsOn,Yes,X-type,Normal,2Vehicles-Side,12,Thursday,1,False,True
201800040366,NonLethal,Daylight,Yes,T-type,Normal,Other,11,Monday,11,False,False
201800006512,NonLethal,Daylight,Yes,T-type,Normal,2Vehicles-Side,6,Tuesday,14,False,False
201800050354,NonLethal,Daylight,Yes,X-type,Normal,2Vehicles-Side,1,Sunday,14,True,False
201800009784,NonLethal,TwilightOrDawn,Yes,T-type,Normal,2Vehicles-Side,9,Monday,7,False,False
201800004016,NonLethal,Daylight,No,X-type,Normal,2Vehicles-Side,3,Monday,8,False,False
201800011103,NonLethal,Daylight,No,NoIntersection,Normal,NoCollision,5,Wednesday,15,False,False
201800018910,NonLethal,Daylight,Yes,NoIntersection,Normal,NoCollision,11,Sunday,10,True,False
201800052655,NonLethal,NightStreelightsOn,Yes,Y-type,Normal,Other,1,Thursday,18,False,False
201800050114,NonLethal,Daylight,No,NoIntersection,Normal,2Vehicles-Side,11,Tuesday,8,False,False
201800034635,NonLethal,Daylight,Yes,X-type,Normal,3+Vehicles-Multiple,4,Monday,16,False,False
201800035647,Lethal,NightStreelightsOn,Yes,NoIntersection,Normal,NoCollision,12,Thursday,23,False,False
201800011407,NonLethal,Daylight,No,NoIntersection,Overcast,NoCollision,8,Thursday,12,False,False
201800040178,NonLethal,NightNoStreetLight,No,NoIntersection,Normal,Other,3,Saturday,21,True,False
201800046763,NonLethal,TwilightOrDawn,No,NoIntersection,LightRain,2Vehicles-Side,7,Sunday,5,True,True
201800017707,NonLethal,Daylight,No,X-type,Normal,2Vehicles-Behind,8,Friday,14,False,False
201800013114,NonLethal,NightStreelightsOn,Yes,T-type,Normal,Other,1,Tuesday,19,False,False
201800018042,NonLethal,NightNoStreetLight,No,NoIntersection,Overcast,NoCollision,1,Monday,19,False,False
201800002306,Lethal,Daylight,No,NoIntersection,Normal,2Vehicles-BehindVehicles-Frontal,9,Monday,13,False,False
201800018785,NonLethal,Daylight,No,Other,Normal,Other,3,Friday,17,False,False
201800015045,NonLethal,NightStreelightsOn,Yes,NoIntersection,Normal,2Vehicles-Side,2,Saturday,23,True,False
201800048567,NonLethal,Daylight,Yes,X-type,LightRain,2Vehicles-Side,1,Wednesday,16,False,False
201800014985,NonLethal,NightStreelightsOn,Yes,Other,Normal,NoCollision,12,Monday,19,False,False
201800014713,Lethal,NightNoStreetLight,No,NoIntersection,Overcast,Other,8,Friday,6,False,True
201800048990,NonLethal,Daylight,No,NoIntersection,Normal,2Vehicles-Side,9,Sunday,16,True,False
201800001871,NonLethal,NightStreelightsOff,No,NoIntersection,HeavyRain,2Vehicles-Behind,2,Monday,0,False,True
201800019766,NonLethal,Daylight,Yes,NoIntersection,Normal,2Vehicles-Behind,10,Sunday,18,True,False
201800055892,NonLethal,NightStreelightsOn,Yes,Roundabout,Normal,Other,1,Tuesday,19,False,False
201800056104,Lethal,NightStreelightsOn,Yes,T-type,Normal,2Vehicles-Side,11,Wednesday,20,False,False
201800005999,NonLethal,Daylight,Yes,NoIntersection,Normal,2Vehicles-Side,10,Monday,10,False,False
201800013384,NonLethal,Daylight,No,NoIntersection,StrongWindOrStorm,Other,1,Saturday,12,True,False
201800036061,NonLethal,Daylight,No,NoIntersection,Normal,Other,5,Tuesday,11,False,False
201800038286,NonLethal,Daylight,Yes,X-type,LightRain,2Vehicles-Side,5,Friday,16,False,False
201800016738,NonLethal,Daylight,No,NoIntersection,Normal,Other,5,Monday,17,False,False
201800019006,NonLethal,Daylight,No,T-type,Normal,2Vehicles-Side,5,Sunday,13,True,False
201800034297,NonLethal,Daylight,Yes,NoIntersection,Normal,2Vehicles-Behind,9,Wednesday,17,False,False
201800052997,NonLethal,Daylight,Yes,NoIntersection,Normal,2Vehicles-Behind,5,Saturday,13,True,False
201800013071,NonLethal,NightNoStreetLight,No,NoIntersection,LightRain,NoCollision,11,Monday,18,False,False
201800033822,NonLethal,Daylight,Yes,X-type,Normal,Other,8,Wednesday,11,False,False
201800013569,NonLethal,NightNoStreetLight,Yes,NoIntersection,Normal,Other,6,Saturday,1,True,True
201800023384,NonLethal,TwilightOrDawn,Yes,Roundabout,LightRain,2Vehicles-Side,6,Tuesday,16,False,False
201800035731,NonLethal,Daylight,Yes,NoIntersection,LightRain,Other,3,Wednesday,14,False,False
201800002341,NonLethal,Daylight,No,NoIntersection,Normal,2Vehicles-BehindVehicles-Frontal,3,Wednesday,16,False,False
201800004832,Lethal,Daylight,No,Roundabout,Normal,3+Vehicles-Multiple,6,Friday,18,False,False
201800008750,NonLethal,Daylight,Yes,NoIntersection,Normal,Other,3,Wednesday,12,False,False
201800034964,NonLethal,NightStreelightsOn,Yes,NoIntersection,Normal,2Vehicles-Behind,1,Monday,18,False,False
201800007583,NonLethal,Daylight,Yes,X-type,LightRain,2Vehicles-Side,1,Wednesday,14,False,False
201800028245,Lethal,Daylight,Yes,Y-type,Normal,Other,10,Monday,10,False,False
201800041102,NonLethal,Daylight,Yes,NoIntersection,Normal,Other,8,Saturday,16,True,False
201800024479,NonLethal,Daylight,Yes,NoIntersection,Normal,Other,10,Wednesday,9,False,False
201800009310,NonLethal,Daylight,Yes,NoIntersection,Normal,Other,7,Friday,15,False,False
201800048136,NonLethal,TwilightOrDawn,Yes,X-type,Normal,2Vehicles-Side,3,Wednesday,19,False,False
201800006650,NonLethal,NightNoStreetLight,No,NoIntersection,Normal,Other,2,Saturday,3,True,True
201800043000,NonLethal,Daylight,Yes,NoIntersection,Normal,2Vehicles-Behind,1,Saturday,13,True,False
201800031055,NonLethal,Daylight,Yes,NoIntersection,Normal,2Vehicles-Side,9,Saturday,18,True,False
201800057635,NonLethal,Daylight,Yes,Other,Normal,Other,6,Tuesday,7,False,False
201800048208,NonLethal,Daylight,Yes,NoIntersection,Normal,Other,4,Saturday,12,True,False
201800032935,NonLethal,Daylight,Yes,NoIntersection,Normal,2Vehicles-Behind,8,Thursday,18,False,False
201800052839,NonLethal,NightStreelightsOn,Yes,X-type,Normal,Other,8,Friday,22,False,False
201800012957,NonLethal,Daylight,No,NoIntersection,Normal,2Vehicles-Side,8,Sunday,12,True,False
201800009367,NonLethal,TwilightOrDawn,Yes,NoIntersection,Normal,2Vehicles-Side,7,Friday,20,False,False
201800007288,NonLethal,Daylight,Yes,Roundabout,Normal,Other,1,Tuesday,12,False,False
201800032178,Lethal,NightNoStreetLight,Yes,NoIntersection,Normal,Other,11,Friday,17,False,False
201800037073,NonLethal,Daylight,Yes,NoIntersection,Normal,2Vehicles-Side,6,Friday,21,False,False
201800021478,NonLethal,NightNoStreetLight,No,NoIntersection,StrongWindOrStorm,Other,2,Thursday,6,False,True
201800047981,NonLethal,Daylight,No,NoIntersection,Normal,2Vehicles-Behind,10,Friday,14,False,False
201800039300,NonLethal,Daylight,Yes,NoIntersection,Overcast,Other,9,Thursday,13,False,False
201800005265,NonLethal,Daylight,Yes,NoIntersection,Normal,2Vehicles-Behind,7,Wednesday,11,False,False
201800035199,NonLethal,Daylight,Yes,Other,Normal,Other,4,Thursday,16,False,False
201800043658,NonLethal,Daylight,Yes,NoIntersection,Normal,Other,4,Tuesday,16,False,False
201800051011,NonLethal,Daylight,Yes,X-type,LightRain,2Vehicles-Behind,8,Friday,15,False,False
201800024828,NonLethal,Daylight,Yes,X-type,Normal,2Vehicles-Side,11,Wednesday,13,False,False
201800042400,NonLethal,Daylight,Yes,Y-type,Normal,2Vehicles-Side,11,Wednesday,7,False,False
201800040693,NonLethal,Daylight,Yes,T-type,Normal,Other,7,Wednesday,21,False,False
201800028776,NonLethal,Daylight,No,NoIntersection,Normal,NoCollision,8,Tuesday,10,False,False
201800005668,NonLethal,Daylight,Yes,X-type,Normal,2Vehicles-Side,5,Saturday,17,True,False
201800037169,NonLethal,Daylight,Yes,T-type,Normal,2Vehicles-Behind,9,Wednesday,14,False,False
201800027910,NonLethal,Daylight,Yes,NoIntersection,Normal,Other,11,Friday,14,False,False
201800027746,NonLethal,NightStreelightsOn,Yes,NoIntersection,Normal,2Vehicles-Side,6,Thursday,23,False,False
201800008033,NonLethal,Daylight,Yes,NoIntersection,Normal,Other,5,Thursday,17,False,False
201800032969,NonLethal,NightNoStreetLight,No,NoIntersection,Normal,Other,5,Sunday,8,True,False
201800011912,NonLethal,Daylight,No,NoIntersection,Normal,Other,4,Wednesday,12,False,False
201800047663,NonLethal,Daylight,Yes,NoIntersection,Normal,Other,9,Wednesday,10,False,False
201800035775,Lethal,NightStreelightsOn,Yes,NoIntersection,Normal,Other,3,Thursday,20,False,False
201800038120,NonLethal,Daylight,Yes,NoIntersection,Normal,2Vehicles-Side,9,Friday,15,False,False
201800020174,NonLethal,Daylight,No,NoIntersection,Normal,2Vehicles-BehindVehicles-Frontal,5,Tuesday,17,False,False
201800038296,NonLethal,Daylight,Yes,NoIntersection,Normal,Other,5,Friday,13,False,False
201800031531,NonLethal,Daylight,Yes,T-type,HeavyRain,2Vehicles-Side,5,Tuesday,15,False,False
201800042861,NonLethal,Daylight,Yes,NoIntersection,Normal,2Vehicles-Side,5,Thursday,19,False,False
201800011963,NonLethal,TwilightOrDawn,No,NoIntersection,LightRain,Other,10,Wednesday,17,False,False
201800016388,NonLethal,NightStreelightsOn,Yes,NoIntersection,Normal,2Vehicles-Side,12,Wednesday,7,False,False
201800055812,NonLethal,NightNoStreetLight,No,NoIntersection,Normal,NoCollision,1,Thursday,0,False,True
201800043133,NonLethal,Daylight,Yes,X-type,Normal,2Vehicles-Side,1,Saturday,15,True,False
201800035391,NonLethal,TwilightOrDawn,Yes,NoIntersection,Normal,Other,6,Sunday,7,True,False
201800027678,NonLethal,NightStreelightsOn,Yes,X-type,Normal,2Vehicles-Side,1,Friday,18,False,False
201800012239,NonLethal,Daylight,No,NoIntersection,Normal,NoCollision,6,Saturday,20,True,False
201800001886,NonLethal,Daylight,No,X-type,Normal,2Vehicles-Side,4,Tuesday,18,False,False
201800054073,NonLethal,TwilightOrDawn,Yes,T-type,LightRain,Other,4,Saturday,19,True,False
201800045861,NonLethal,Daylight,No,NoIntersection,Normal,Other,5,Wednesday,20,False,False
201800049812,NonLethal,NightNoStreetLight,No,NoIntersection,Normal,2Vehicles-Behind,4,Friday,21,False,False
201800040193,NonLethal,Daylight,Yes,NoIntersection,Normal,Other,5,Sunday,10,True,False
201800032151,NonLethal,Daylight,Yes,T-type,Normal,2Vehicles-Side,6,Saturday,9,True,False
201800045163,NonLethal,Daylight,No,NoIntersection,LightRain,Other,8,Wednesday,14,False,False
201800049229,NonLethal,Daylight,No,NoIntersection,Normal,2Vehicles-Behind,4,Thursday,19,False,False
201800042113,NonLethal,NightStreelightsOn,Yes,X-type,Normal,2Vehicles-BehindVehicles-Frontal,11,Sunday,19,True,False
201800049840,NonLethal,Daylight,No,NoIntersection,Normal,2Vehicles-Behind,5,Thursday,18,False,False
201800050237,NonLethal,Daylight,Yes,X-type,Normal,Other,3,Thursday,9,False,False
201800020206,NonLethal,Daylight,No,NoIntersection,Normal,2Vehicles-Side,4,Sunday,8,True,False
201800010875,Lethal,NightNoStreetLight,No,NoIntersection,Normal,Other,5,Thursday,20,False,False
201800031021,NonLethal,Daylight,Yes,NoIntersection,Normal,2Vehicles-Side,7,Friday,17,False,False
201800035172,NonLethal,Daylight,Yes,NoIntersection,Normal,3+Vehicles-Multiple,11,Friday,10,False,False
201800031468,NonLethal,NightStreelightsOn,Yes,Other,Normal,NoCollision,10,Saturday,19,True,False
201800006414,NonLethal,Daylight,No,NoIntersection,Normal,3+Vehicles-Chain,10,Monday,18,False,False
201800032984,NonLethal,Daylight,Yes,NoIntersection,Normal,NoCollision,5,Friday,18,False,False
201800042320,NonLethal,Daylight,Yes,NoIntersection,Normal,3+Vehicles-Chain,7,Tuesday,7,False,False
201800025059,NonLethal,Daylight,Yes,T-type,Overcast,2Vehicles-Side,7,Thursday,16,False,False
201800035204,NonLethal,Daylight,Yes,NoIntersection,HeavyRain,Other,7,Thursday,17,False,False
201800014579,NonLethal,Daylight,Yes,NoIntersection,Overcast,Other,11,Saturday,11,True,False
201800054376,NonLethal,Daylight,Yes,Square,Normal,3+Vehicles-Chain,4,Friday,18,False,False
201800053881,NonLethal,Daylight,Yes,NoIntersection,Normal,2Vehicles-Side,9,Tuesday,9,False,False
201800045581,NonLethal,NightNoStreetLight,No,NoIntersection,Normal,2Vehicles-Side,12,Monday,8,False,False
201800042474,NonLethal,NightStreelightsOn,Yes,T-type,Normal,2Vehicles-Side,6,Wednesday,22,False,False