AccidentId,Gravity,Light,InAgglomeration,IntersectionType,Weather,CollisionType,Month,DayOfWeek,HourOfDay,IsWeekend,IsNight
201800041740,NonLethal,Daylight,Yes,NoIntersection,Normal,2Vehicles-Side,4,Thursday,12,False,False
201800056140,NonLethal,Daylight,Yes,Other,Normal,2Vehicles-BehindVehicles-Frontal,6,Monday,13,False,False
201800016282,NonLethal,Daylight,No,NoIntersection,Normal,2Vehicles-Side,9,Thursday,14,False,False
201800038455,NonLethal,Daylight,Yes,NoIntersection,Normal,Other,6,Wednesday,16,False,False
201800057372,NonLethal,Daylight,Yes,Other,Normal,NoCollision,12,Monday,11,False,False
201800040400,NonLethal,Daylight,Yes,Other,Normal,Other,2,Sunday,11,True,False
201800019576,NonLethal,NightNoStreetLight,Yes,NoIntersection,LightRain,NoCollision,11,Tuesday,7,False,False
201800056180,NonLethal,Daylight,Yes,NoIntersection,Normal,Other,8,Tuesday,18,False,False
201800014260,NonLethal,Daylight,No,Other,Normal,2Vehicles-BehindVehicles-Frontal,8,Monday,17,False,False
201800030042,NonLethal,Daylight,Yes,NoIntersection,Overcast,Other,10,Tuesday,15,False,False
201800012010,NonLethal,TwilightOrDawn,No,NoIntersection,Normal,2Vehicles-Behind,8,Thursday,7,False,False
201800026083,NonLethal,NightStreelightsOn,Yes,T-type,Normal,2Vehicles-Side,1,Thursday,22,False,False
201800053861,NonLethal,NightStreelightsOn,Yes,Square,Normal,2Vehicles-Side,9,Saturday,23,True,False
201800045348,NonLethal,Daylight,No,NoIntersection,Normal,NoCollision,10,Friday,18,False,False
201800034475,Lethal,Daylight,No,NoIntersection,Normal,Other,5,Saturday,18,True,False
201800057596,NonLethal,Daylight,Yes,NoIntersection,Normal,Other,4,Sunday,10,True,False
201800038640,NonLethal,Daylight,Yes,NoIntersection,LightRain,Other,10,Sunday,14,True,False
201800013982,Lethal,NightNoStreetLight,No,NoIntersection,Normal,Other,3,Thursday,5,False,True
201800018823,NonLethal,Daylight,No,X-type,Normal,2Vehicles-Side,10,Thursday,12,False,False
201800017607,NonLethal,Daylight,No,NoIntersection,HeavyRain,2Vehicles-Side,4,Thursday,8,False,False
201800052622,NonLethal,Daylight,Yes,T-type,Normal,Other,12,Thursday,9,False,False
201800005432,NonLethal,Daylight,Yes,NoIntersection,Normal,Other,7,Thursday,19,False,False
201800037757,NonLethal,Daylight,Yes,X-type,Normal,Other,5,Tuesday,9,False,False
201800037928,NonLethal,Daylight,Yes,Other,Normal,Other,6,Friday,14,False,False
201800033564,NonLethal,Daylight,Yes,NoIntersection,Normal,2Vehicles-Side,10,Friday,12,False,False
201800025346,NonLethal,Daylight,Yes,NoIntersection,LightRain,2Vehicles-Behind,5,Tuesday,15,False,False
201800045810,NonLethal,Daylight,No,NoIntersection,Normal,Other,4,Wednesday,9,False,False
201800027302,NonLethal,Daylight,Yes,NoIntersection,Normal,2Vehicles-Side,5,Tuesday,14,False,False
201800036567,NonLethal,Daylight,No,NoIntersection,Normal,2Vehicles-Behind,11,Friday,13,False,False
201800056666,NonLethal,NightStreelightsOn,No,NoIntersection,Normal,Other,4,Wednesday,19,False,False
201800034603,NonLethal,Daylight,Yes,NoIntersection,Normal,2Vehicles-Side,6,Tuesday,19,False,False
201800013973,NonLethal,Daylight,Yes,NoIntersection,Normal,2Vehicles-BehindVehicles-Frontal,7,Sunday,11,True,False
201800006229,NonLethal,NightStreelightsOn,Yes,X-type,Normal,2Vehicles-BehindVehicles-Frontal,10,Saturday,20,True,False
201800044241,NonLethal,Daylight,No,NoIntersection,Normal,2Vehicles-Side,9,Tuesday,17,False,False
201800046002,NonLethal,Daylight,No,NoIntersection,Normal,2Vehicles-Behind,7,Tuesday,15,False,False
201800050642,NonLethal,NightStreelightsOn,Yes,Square,Normal,2Vehicles-Behind,12,Wednesday,19,False,False
201800010295,NonLethal,Daylight,No,NoIntersection,Normal,2Vehicles-BehindVehicles-Frontal,7,Friday,16,False,False
201800025348,NonLethal,Daylight,Yes,NoIntersection,Normal,NoCollision,5,Friday,12,False,False
201800002260,NonLethal,NightStreelightsOn,Yes,NoIntersection,Normal,2Vehicles-BehindVehicles-Frontal,12,Wednesday,17,False,False
201800053096,NonLethal,Daylight,Yes,MoreThan4Branches,Normal,Other,8,Saturday,16,True,False
201800028334,NonLethal,NightStreelightsOn,Yes,NoIntersection,LightRain,2Vehicles-Behind,2,Saturday,19,True,False
201800048028,NonLethal,NightStreelightsOn,Yes,NoIntersection,Normal,Other,1,Sunday,18,True,False
201800040880,NonLethal,NightStreelightsOn,Yes,NoIntersection,Normal,Other,2,Tuesday,22,False,False
201800022332,NonLethal,Daylight,Yes,NoIntersection,Normal,2Vehicles-Behind,5,Friday,11,False,False
201800015403,NonLethal,NightNoStreetLight,No,NoIntersection,Overcast,Other,12,Saturday,1,True,True
201800028534,NonLethal,Daylight,Yes,NoIntersection,Normal,2Vehicles-Behind,9,Monday,8,False,False
201800013604,NonLethal,Daylight,No,NoIntersection,Normal,Other,1,Friday,16,False,False
201800023510,NonLethal,Daylight,No,NoIntersection,HeavyRain,2Vehicles-Behind,3,Thursday,10,False,False
201800017154,NonLethal,TwilightOrDawn,No,X-type,LightRain,2Vehicles-Side,1,Thursday,18,False,False
201800048000,NonLethal,NightNoStreetLight,No,NoIntersection,Normal,Other,12,Thursday,5,False,True
201800024090,NonLethal,TwilightOrDawn,Yes,T-type,Normal,Other,2,Tuesday,7,False,False
201800028526,NonLethal,Daylight,Yes,NoIntersection,Normal,Other,9,Wednesday,11,False,False
201800043258,NonLethal,Daylight,Yes,NoIntersection,Normal,Other,9,Tuesday,8,False,False
201800019276,Lethal,Daylight,No,X-type,Normal,2Vehicles-BehindVehicles-Frontal,7,Friday,7,False,False
201800006140,Lethal,Daylight,No,NoIntersection,Normal,3+Vehicles-Multiple,6,Friday,14,False,False
201800035292,NonLethal,Daylight,Yes,NoIntersection,Normal,NoCollision,11,Thursday,7,False,False
201800030610,NonLethal,Daylight,Yes,NoIntersection,Normal,2Vehicles-Side,11,Friday,17,False,False
201800033644,NonLethal,Daylight,No,NoIntersection,Normal,2Vehicles-BehindVehicles-Frontal,8,Thursday,19,False,False
201800005675,NonLethal,Daylight,Yes,Other,Normal,Other,4,Monday,8,False,False
201800016986,Lethal,NightNoStreetLight,No,NoIntersection,Normal,Other,2,Wednesday,6,False,True
201800038685,NonLethal,Daylight,Yes,NoIntersection,Normal,3+Vehicles-Chain,4,Tuesday,17,False,False
201800008690,NonLethal,Daylight,Yes,X-type,Normal,2Vehicles-Side,3,Saturday,12,True,False
201800047292,NonLethal,NightNoStreetLight,Yes,NoIntersection,Normal,Other,11,Monday,17,False,False
201800002475,NonLethal,Daylight,No,NoIntersection,Normal,Other,7,Sunday,11,True,False
201800003945,NonLethal,Daylight,No,NoIntersection,Normal,2Vehicles-Side,6,Saturday,9,True,False
201800001888,NonLethal,Daylight,Yes,NoIntersection,Normal,NoCollision,11,Thursday,11,False,False
201800000615,Lethal,Daylight,No,NoIntersection,Normal,2Vehicles-BehindVehicles-Frontal,2,Sunday,15,True,False
201800033169,NonLethal,Daylight,Yes,NoIntersection,Normal,2Vehicles-Behind,10,Thursday,12,False,False
201800009306,NonLethal,Daylight,Yes,NoIntersection,Normal,2Vehicles-Behind,6,Thursday,8,False,False
201800048938,NonLethal,Daylight,No,NoIntersection,Normal,3+Vehicles-Multiple,2,Wednesday,17,False,False
201800053155,NonLethal,Daylight,Yes,NoIntersection,LightRain,Other,10,Monday,13,False,False
201800044115,NonLethal,Daylight,No,NoIntersection,Normal,2Vehicles-Behind,10,Sunday,14,True,False
201800001267,NonLethal,NightNoStreetLight,No,NoIntersection,Normal,Other,5,Monday,4,False,True
201800028096,NonLethal,Daylight,Yes,T-type,Normal,2Vehicles-Side,4,Monday,18,False,False
201800032861,Lethal,NightStreelightsOn,Yes,NoIntersection,LightRain,NoCollision,12,Wednesday,5,False,True
201800040817,NonLethal,Daylight,Yes,NoIntersection,SnowOrHail,2Vehicles-Behind,6,Saturday,9,True,False
201800056390,NonLethal,NightStreelightsOn,Yes,T-type,Normal,Other,3,Wednesday,19,False,False
201800053520,NonLethal,NightStreelightsOn,Yes,NoIntersection,Normal,2Vehicles-Side,9,Sunday,6,True,True
201800005188,NonLethal,Daylight,Yes,Other,Normal,Other,12,Thursday,8,False,False
201800035148,NonLethal,TwilightOrDawn,Yes,X-type,Normal,2Vehicles-Behind,10,Tuesday,19,False,False
201800016485,NonLethal,Daylight,No,NoIntersection,Normal,Other,2,Sunday,11,True,False
201800021949,NonLethal,Daylight,Yes,Roundabout,Normal,Other,9,Sunday,9,True,False
201800032537,NonLethal,Daylight,No,T-type,Normal,2Vehicles-Side,8,Friday,13,False,False
201800011481,NonLethal,Daylight,No,NoIntersection,Normal,Other,6,Sunday,7,True,False
201800024067,NonLethal,NightStreelightsOn,No,T-type,HeavyRain,2Vehicles-BehindVehicles-Frontal,12,Wednesday,17,False,False
201800011600,NonLethal,Daylight,Yes,NoIntersection,Normal,2Vehicles-BehindVehicles-Frontal,4,Friday,9,False,False
201800057485,NonLethal,Daylight,No,Other,Normal,Other,2,Wednesday,9,False,False
201800053016,NonLethal,Daylight,Yes,NoIntersection,Normal,Other,5,Friday,11,False,False
201800055693,NonLethal,Daylight,Yes,Y-type,Normal,2Vehicles-Behind,11,Friday,11,False,False
201800032771,NonLethal,Daylight,Yes,NoIntersection,VeryGood,Other,4,Tuesday,8,False,False
201800047270,NonLethal,Daylight,Yes,NoIntersection,Normal,2Vehicles-Behind,9,Wednesday,16,False,False
201800006972,NonLethal,Daylight,Yes,NoIntersection,LightRain,2Vehicles-Behind,10,Tuesday,15,False,False
201800021254,NonLethal,Daylight,Yes,NoIntersection,Normal,2Vehicles-BehindVehicles-Frontal,6,Tuesday,17,False,False
201800047326,NonLethal,Daylight,Yes,NoIntersection,Normal,2Vehicles-Side,1,Tuesday,12,False,False
201800051051,NonLethal,Daylight,Yes,X-type,Normal,Other,4,Friday,13,False,False
201800051407,NonLethal,Daylight,Yes,T-type,Normal,2Vehicles-Behind,10,Monday,17,False,False
201800038411,NonLethal,Daylight,Yes,NoIntersection,Normal,Other,2,Friday,17,False,False
201800054837,NonLethal,Daylight,Yes,T-type,Normal,Other,10,Sunday,11,True,False
201800034507,NonLethal,TwilightOrDawn,No,NoIntersection,Normal,2Vehicles-BehindVehicles-Frontal,2,Saturday,18,True,False
201800042658,NonLethal,Daylight,Yes,T-type,Normal,2Vehicles-Side,9,Tuesday,11,False,False
201800034748,NonLethal,Daylight,Yes,X-type,Normal,Other,5,Tuesday,18,False,False
201800001447,NonLethal,Daylight,No,NoIntersection,Overcast,2Vehicles-Side,6,Sunday,18,True,False
201800046334,NonLethal,NightNoStreetLight,No,NoIntersection,LightRain,3+Vehicles-Multiple,5,Tuesday,6,False,True
201800014499,NonLethal,Daylight,No,NoIntersection,Normal,2Vehicles-BehindVehicles-Frontal,10,Sunday,11,True,False
201800014535,NonLethal,Daylight,No,NoIntersection,Normal,Other,10,Sunday,8,True,False
201800044286,NonLethal,NightNoStreetLight,No,Other,Overcast,2Vehicles-Behind,10,Sunday,20,True,False
201800021860,NonLethal,Daylight,No,X-type,VeryGood,2Vehicles-Side,9,Friday,9,False,False
201800045941,NonLethal,Daylight,No,NoIntersection,Normal,Other,6,Friday,12,False,False
201800051159,NonLethal,NightStreelightsOn,Yes,Y-type,Normal,NoCollision,7,Tuesday,23,False,False
201800024443,NonLethal,Daylight,Yes,NoIntersection,Normal,Other,10,Thursday,17,False,False
201800024863,NonLethal,Daylight,Yes,Roundabout,Normal,2Vehicles-Side,8,Wednesday,18,False,False
201800046219,NonLethal,NightNoStreetLight,No,NoIntersection,LightRain,2Vehicles-Side,10,Thursday,7,False,False
201800003433,NonLethal,Daylight,No,NoIntersection,Normal,3+Vehicles-Multiple,4,Thursday,14,False,False
201800035654,Lethal,NightNoStreetLight,Yes,T-type,Normal,Other,12,Friday,7,False,False
201800054610,NonLethal,Daylight,Yes,T-type,Normal,2Vehicles-Side,11,Thursday,16,False,False
201800018573,NonLethal,Daylight,Yes,NoIntersection,Normal,2Vehicles-BehindVehicles-Frontal,6,Sunday,16,True,False
201800039967,NonLethal,Daylight,Yes,NoIntersection,Normal,Other,6,Sunday,19,True,False
201800001839,NonLethal,Daylight,No,NoIntersection,Normal,NoCollision,11,Saturday,9,True,False
201800028325,NonLethal,Daylight,Yes,NoIntersection,Normal,3+Vehicles-Multiple,2,Thursday,15,False,False
201800050134,NonLethal,Daylight,No,NoIntersection,Normal,NoCollision,11,Tuesday,8,False,False
201800025958,NonLethal,NightStreelightsOn,Yes,T-type,Normal,2Vehicles-Side,12,Friday,19,False,False
201800057104,NonLethal,Daylight,Yes,NoIntersection,Normal,Other,11,Monday,12,False,False
201800014838,NonLethal,Daylight,Yes,NoIntersection,Normal,3+Vehicles-Multiple,7,Saturday,9,True,False
201800042733,NonLethal,Daylight,Yes,X-type,Normal,Other,1,Saturday,16,True,False
201800033543,NonLethal,Daylight,Yes,T-type,Normal,2Vehicles-Side,9,Monday,18,False,False
201800005437,Lethal,Daylight,Yes,NoIntersection,Overcast,3+Vehicles-Multiple,8,Wednesday,19,False,False
201800015227,Lethal,Daylight,No,NoIntersection,Normal,Other,5,Saturday,7,True,False
201800056200,NonLethal,Daylight,No,X-type,Normal,2Vehicles-Side,1,Wednesday,12,False,False
201800046613,NonLethal,Daylight,No,NoIntersection,Normal,2Vehicles-Side,5,Thursday,18,False,False
201800031276,NonLethal,Daylight,Yes,NoIntersection,Normal,2Vehicles-Behind,7,Thursday,12,False,False
201800021342,NonLethal,NightNoStreetLight,No,NoIntersection,Normal,Other,5,Sunday,4,True,True
201800011208,NonLethal,Daylight,No,NoIntersection,Normal,NoCollision,9,Sunday,17,True,False
201800041702,NonLethal,TwilightOrDawn,Yes,Other,Normal,2Vehicles-Behind,11,Wednesday,17,False,False
201800018824,NonLethal,NightNoStreetLight,No,NoIntersection,Normal,2Vehicles-BehindVehicles-Frontal,12,Saturday,19,True,False
201800028561,NonLethal,Daylight,Yes,NoIntersection,Normal,2Vehicles-Side,7,Tuesday,18,False,False
201800005172,NonLethal,Daylight,Yes,Other,LightRain,3+Vehicles-Chain,10,Tuesday,16,False,False
201800007602,NonLethal,Daylight,Yes,NoIntersection,Normal,Other,4,Friday,16,False,False
201800033283,NonLethal,NightStreelightsOn,Yes,NoIntersection,Normal,2Vehicles-Side,3,Friday,21,False,False
201800028001,NonLethal,Daylight,Yes,Y-type,Normal,2Vehicles-BehindVehicles-Frontal,4,Monday,11,False,False
201800030513,NonLethal,Daylight,Yes,NoIntersection,Normal,NoCollision,4,Sunday,14,True,False
201800036257,NonLethal,NightStreelightsOn,Yes,X-type,Normal,Other,12,Monday,18,False,False
201800022037,NonLethal,Daylight,Yes,NoIntersection,Normal,2Vehicles-Side,4,Friday,17,False,False
201800055245,NonLethal,Daylight,Yes,NoIntersection,Normal,3+Vehicles-Chain,1,Friday,16,False,False
201800035040,NonLethal,Daylight,Yes,NoIntersection,Normal,2Vehicles-BehindVehicles-Frontal,4,Friday,19,False,False
201800031181,NonLethal,Daylight,No,NoIntersection,Normal,3+Vehicles-Multiple,1,Tuesday,7,False,False
201800034232,NonLethal,Daylight,Yes,NoIntersection,VeryGood,Other,7,Monday,16,False,False
201800026415,NonLethal,NightStreelightsOn,Yes,NoIntersection,Normal,2Vehicles-Side,9,Wednesday,22,False,False
201800046544,NonLethal,Daylight,No,NoIntersection,Normal,3+Vehicles-Multiple,4,Thursday,18,False,False
201800006459,NonLethal,Daylight,Yes,NoIntersection,Normal,3+Vehicles-Chain,4,Monday,11,False,False
201800050097,NonLethal,NightNoStreetLight,No,NoIntersection,Normal,Other,4,Wednesday,5,False,True
201800024612,NonLethal,Daylight,Yes,T-type,LightRain,Other,1,Thursday,10,False,False
201800053287,NonLethal,Daylight,Yes,T-type,Overcast,2Vehicles-Side,9,Monday,10,False,False
201800040972,NonLethal,NightStreelightsOn,Yes,X-type,Normal,2Vehicles-Side,11,Thursday,23,False,False
201800026237,NonLethal,NightStreelightsOn,Yes,Square,Overcast,Other,12,Friday,23,False,False
201800043241,NonLethal,Daylight,Yes,MoreThan4Branches,Normal,Other,7,Monday,14,False,False
201800018861,NonLethal,Daylight,No,NoIntersection,Normal,2Vehicles-BehindVehicles-Frontal,8,Monday,12,False,False
201800057105,NonLethal,Daylight,Yes,Roundabout,Normal,Other,11,Tuesday,12,False,False
201800003229,NonLethal,Daylight,No,NoIntersection,Normal,Other,5,Monday,18,False,False
201800044553,NonLethal,NightNoStreetLight,No,NoIntersection,LightRain,2Vehicles-Behind,1,Friday,18,False,False
201800015725,NonLethal,NightStreelightsOn,Yes,Other,Normal,2Vehicles-Side,3,Saturday,20,True,False
201800014349,NonLethal,NightNoStreetLight,No,Roundabout,Normal,2Vehicles-Side,8,Friday,22,False,False
201800018762,Lethal,Daylight,Yes,NoIntersection,Normal,2Vehicles-Behind,9,Friday,8,False,False
201800048754,NonLethal,Daylight,Yes,X-type,Normal,2Vehicles-Side,12,Friday,18,False,False
201800007608,NonLethal,Daylight,Yes,NoIntersection,Normal,Other,5,Saturday,20,True,False
201800011342,Lethal,TwilightOrDawn,No,NoIntersection,Normal,Other,10,Wednesday,5,False,True
201800010737,NonLethal,Daylight,No,NoIntersection,LightRain,Other,4,Friday,18,False,False
201800032301,NonLethal,Daylight,Yes,NoIntersection,Normal,2Vehicles-Behind,9,Wednesday,19,False,False
201800028079,NonLethal,Daylight,Yes,NoIntersection,Normal,2Vehicles-Side,8,Tuesday,7,False,False
201800028893,Lethal,NightNoStreetLight,No,NoIntersection,Normal,Other,7,Friday,0,False,True
201800001723,NonLethal,Daylight,Yes,NoIntersection,Normal,2Vehicles-Side,9,Tuesday,8,False,False
201800026010,NonLethal,Daylight,Yes,T-type,Normal,2Vehicles-Side,6,Friday,15,False,False
201800009663,NonLethal,NightStreelightsOn,Yes,NoIntersection,Normal,2Vehicles-Side,6,Saturday,22,True,False
201800004314,NonLethal,NightNoStreetLight,Yes,Roundabout,Normal,Other,5,Sunday,2,True,True
201800006999,NonLethal,Daylight,No,NoIntersection,Normal,2Vehicles-Behind,4,Wednesday,9,False,False
201800053857,NonLethal,NightStreelightsOn,Yes,Y-type,Normal,Other,8,Saturday,22,True,False
201800008398,NonLethal,Daylight,Yes,NoIntersection,Normal,Other,1,Thursday,12,False,False
201800002766,Lethal,Daylight,Yes,NoIntersection,Normal,2Vehicles-Side,11,Tuesday,13,False,False
201800051060,NonLethal,Daylight,Yes,Square,Normal,2Vehicles-Side,5,Wednesday,10,False,False
201800033237,NonLethal,NightNoStreetLight,No,NoIntersection,Overcast,2Vehicles-BehindVehicles-Frontal,10,Saturday,20,True,False
201800043454,NonLethal,Daylight,Yes,NoIntersection,Normal,2Vehicles-Behind,7,Friday,16,False,False
201800027631,NonLethal,Daylight,Yes,X-type,LightRain,Other,4,Thursday,16,False,False
201800003040,NonLethal,Daylight,No,T-type,Normal,2Vehicles-Side,6,Wednesday,7,False,False
201800010727,NonLethal,TwilightOrDawn,Yes,Y-type,Normal,Other,12,Friday,17,False,False
201800040163,NonLethal,Daylight,Yes,T-type,Normal,Other,5,Wednesday,8,False,False
201800029831,NonLethal,TwilightOrDawn,Yes,NoIntersection,Normal,Other,3,Tuesday,19,False,False
201800007638,NonLethal,NightStreelightsOn,Yes,NoIntersection,Normal,2Vehicles-Side,1,Sunday,22,True,False
201800047467,NonLethal,Daylight,Yes,NoIntersection,Normal,2Vehicles-Side,4,Thursday,18,False,False
201800034001,NonLethal,NightStreelightsOn,Yes,NoIntersection,Normal,Other,10,Saturday,0,True,True
201800012997,NonLethal,Daylight,No,NoIntersection,LightRain,NoCollision,10,Wednesday,16,False,False
201800049702,NonLethal,NightNoStreetLight,No,NoIntersection,LightRain,3+Vehicles-Multiple,2,Saturday,19,True,False
201800010722,NonLethal,Daylight,Yes,NoIntersection,Normal,2Vehicles-Side,4,Friday,17,False,False
201800004863,NonLethal,Daylight,Yes,NoIntersection,Normal,NoCollision,6,Sunday,14,True,False
201800024037,NonLethal,NightStreelightsOn,Yes,T-type,Normal,Other,9,Tuesday,1,False,True
201800034135,NonLethal,Daylight,Yes,NoIntersection,LightRain,Other,1,Thursday,9,False,False
201800008224,NonLethal,Daylight,Yes,NoIntersection,Normal,2Vehicles-Side,7,Monday,20,False,False
201800003203,NonLethal,Daylight,Yes,NoIntersection,Normal,2Vehicles-Side,7,Monday,18,False,False
201800014373,NonLethal,Daylight,Yes,NoIntersection,Normal,Other,4,Monday,9,False,False
201800039570,NonLethal,Daylight,Yes,NoIntersection,Normal,Other,7,Friday,15,False,False
201800002346,NonLethal,Daylight,No,NoIntersection,Normal,2Vehicles-BehindVehicles-Frontal,4,Monday,16,False,False
201800006565,NonLethal,NightNoStreetLight,No,NoIntersection,Normal,3+Vehicles-Chain,11,Monday,17,False,False
201800056199,NonLethal,Daylight,No,NoIntersection,Normal,2Vehicles-BehindVehicles-Frontal,12,Monday,9,False,False
201800055405,NonLethal,Daylight,Yes,NoIntersection,Normal,2Vehicles-Behind,5,Wednesday,20,False,False
201800028370,NonLethal,NightStreelightsOn,Yes,X-type,Normal,Other,3,Wednesday,0,False,True
201800038638,Lethal,Daylight,Yes,X-type,Overcast,Other,10,Thursday,10,False,False
201800013053,Lethal,NightStreelightsOn,Yes,NoIntersection,Normal,Other,2,Saturday,3,True,True
201800040298,NonLethal,Daylight,Yes,LevelCrossing,Normal,Other,4,Saturday,17,True,False
201800048376,NonLethal,Daylight,Yes,Other,Normal,2Vehicles-Side,2,Wednesday,14,False,False
201800053312,NonLethal,Daylight,Yes,Square,Normal,2Vehicles-Behind,3,Monday,9,False,False
201800053606,NonLethal,NightStreelightsOn,Yes,X-type,Normal,2Vehicles-Side,11,Monday,18,False,False
201800053723,NonLethal,Daylight,Yes,X-type,Normal,2Vehicles-Side,3,Monday,10,False,False
201800020081,NonLethal,Daylight,Yes,X-type,Normal,2Vehicles-Side,6,Friday,16,False,False
201800029017,NonLethal,NightNoStreetLight,No,Other,Normal,3+Vehicles-Chain,2,Thursday,18,False,False
201800049146,NonLethal,Daylight,No,NoIntersection,Normal,2Vehicles-Side,5,Thursday,16,False,False
201800007080,NonLethal,Daylight,No,NoIntersection,Normal,2Vehicles-BehindVehicles-Frontal,6,Saturday,7,True,False
201800008126,NonLethal,NightNoStreetLight,No,NoIntersection,LightRain,NoCollision,10,Monday,0,False,True
201800040898,NonLethal,Daylight,Yes,NoIntersection,Normal,Other,6,Saturday,17,True,False
201800034444,NonLethal,Daylight,Yes,T-type,HeavyRain,Other,11,Tuesday,13,False,False
201800049029,NonLethal,NightStreelightsOn,No,NoIntersection,Normal,3+Vehicles-Chain,10,Friday,22,False,False
201800039054,NonLethal,NightStreelightsOff,Yes,NoIntersection,Normal,Other,12,Monday,19,False,False
201800045682,NonLethal,NightNoStreetLight,No,NoIntersection,LightRain,2Vehicles-Side,1,Sunday,7,True,False
201800023456,NonLethal,Daylight,Yes,X-type,Normal,2Vehicles-BehindVehicles-Frontal,6,Monday,12,False,False
201800046264,NonLethal,Daylight,No,NoIntersection,LightRain,3+Vehicles-Chain,3,Monday,11,False,False
201800057295,NonLethal,NightStreelightsOn,Yes,T-type,Normal,2Vehicles-Side,3,Monday,5,False,True
201800016510,NonLethal,Daylight,No,NoIntersection,Normal,Other,4,Wednesday,12,False,False
201800005039,NonLethal,Daylight,Yes,NoIntersection,Normal,Other,9,Thursday,12,False,False
201800011432,NonLethal,NightNoStreetLight,No,NoIntersection,Normal,Other,3,Friday,21,False,False
201800021984,NonLethal,NightNoStreetLight,Yes,T-type,Normal,2Vehicles-Side,11,Monday,18,False,False
201800025082,NonLethal,Daylight,Yes,Roundabout,Normal,2Vehicles-Side,12,Wednesday,9,False,False
201800006295,Lethal,NightNoStreetLight,No,NoIntersection,Normal,2Vehicles-Behind,9,Friday,6,False,True
201800014476,NonLethal,Daylight,No,T-type,Normal,2Vehicles-Side,3,Friday,13,False,False
201800028837,NonLethal,Daylight,Yes,Roundabout,Normal,3+Vehicles-Chain,10,Tuesday,8,False,False
201800051261,NonLethal,NightStreelightsOn,Yes,NoIntersection,Normal,Other,11,Wednesday,19,False,False
201800015466,NonLethal,Daylight,No,NoIntersection,Normal,Other,6,Tuesday,15,False,False
201800015247,NonLethal,Daylight,No,NoIntersection,Normal,Other,1,Saturday,11,True,False
201800025715,NonLethal,Daylight,Yes,NoIntersection,Normal,Other,5,Saturday,18,True,False
201800001520,NonLethal,TwilightOrDawn,No,Roundabout,Normal,2Vehicles-Side,12,Tuesday,17,False,False
201800026066,NonLethal,NightStreelightsOn,Yes,X-type,LightRain,2Vehicles-Side,12,Monday,6,False,True
201800043082,NonLethal,NightStreelightsOn,Yes,NoIntersection,LightRain,Other,11,Monday,5,False,True
201800009201,NonLethal,Daylight,Yes,NoIntersection,Normal,2Vehicles-Side,6,Wednesday,8,False,False
201800016975,NonLethal,Daylight,No,NoIntersection,Normal,NoCollision,10,Monday,15,False,False
201800056712,NonLethal,NightStreelightsOn,No,NoIntersection,Normal,2Vehicles-Behind,6,Friday,21,False,False
201800049743,NonLethal,Daylight,No,NoIntersection,HeavyRain,NoCollision,3,Thursday,7,False,False
201800057366,NonLethal,Daylight,Yes,NoIntersection,LightRain,Other,9,Sunday,10,True,False
201800055005,Lethal,NightStreelightsOn,Yes,NoIntersection,Normal,Other,5,Saturday,5,True,True
201800003703,NonLethal,Daylight,No,NoIntersection,Normal,NoCollision,5,Sunday,15,True,False
201800025176,NonLethal,NightNoStreetLight,Yes,NoIntersection,LightRain,2Vehicles-Behind,2,Thursday,19,False,False
201800028699,NonLethal,Daylight,Yes,Roundabout,Normal,Other,4,Tuesday,15,False,False
201800009474,NonLethal,Daylight,Yes,X-type,Normal,2Vehicles-Side,3,Thursday,8,False,False
201800043813,NonLethal,Daylight,No,NoIntersection,LightRain,2Vehicles-Side,2,Thursday,9,False,False
201800034319,NonLethal,Daylight,Yes,X-type,Overcast,2Vehicles-Side,4,Tuesday,15,False,False
201800014211,NonLethal,NightNoStreetLight,No,NoIntersection,Normal,NoCollision,8,Monday,23,False,False
201800050330,NonLethal,Daylight,Yes,T-type,Normal,3+Vehicles-Chain,10,Sunday,9,True,False
201800011254,NonLethal,Daylight,No,X-type,Normal,2Vehicles-Side,2,Wednesday,19,False,False
201800018883,NonLethal,Daylight,No,NoIntersection,Normal,NoCollision,10,Tuesday,13,False,False
201800055577,NonLethal,Daylight,Yes,NoIntersection,Normal,Other,2,Friday,6,False,True
201800051653,NonLethal,Daylight,Yes,X-type,Normal,2Vehicles-Side,2,Friday,15,False,False
201800012727,NonLethal,Daylight,Yes,NoIntersection,Normal,2Vehicles-Side,7,Tuesday,19,False,False
201800049551,NonLethal,NightNoStreetLight,No,NoIntersection,Normal,Other,3,Friday,20,False,False
201800048461,NonLethal,NightStreelightsOn,Yes,Roundabout,Normal,2Vehicles-Side,8,Tuesday,21,False,False
201800015528,NonLethal,Daylight,Yes,Other,Normal,2Vehicles-Side,12,Monday,14,False,False
201800011215,NonLethal,NightNoStreetLight,No,NoIntersection,LightRain,2Vehicles-Side,1,Saturday,17,True,False
201800015050,NonLethal,Daylight,Yes,T-type,Normal,NoCollision,7,Friday,16,False,False
201800031957,NonLethal,Daylight,Yes,NoIntersection,Normal,2Vehicles-BehindVehicles-Frontal,4,Tuesday,10,False,False
201800042752,NonLethal,Daylight,Yes,NoIntersection,Normal,2Vehicles-Side,2,Monday,19,False,False
201800053026,NonLethal,Daylight,Yes,NoIntersection,Normal,Other,5,Sunday,17,True,False