AccidentId,Gravity,Light,InAgglomeration,IntersectionType,Weather,CollisionType,Month,DayOfWeek,HourOfDay,IsWeekend,IsNight
201800026627,NonLethal,NightStreelightsOn,Yes,X-type,LightRain,Other,6,Sunday,19,True,False
201800019663,NonLethal,NightStreelightsOn,Yes,NoIntersection,Normal,Other,6,Sunday,0,True,True
201800057127,NonLethal,NightStreelightsOff,Yes,NoIntersection,LightRain,2Vehicles-BehindVehicles-Frontal,12,Wednesday,20,False,False
201800026405,NonLethal,Daylight,No,NoIntersection,Normal,2Vehicles-Behind,8,Saturday,16,True,False
201800022706,Lethal,NightNoStreetLight,No,NoIntersection,Normal,Other,1,Monday,4,False,True
201800006237,NonLethal,NightNoStreetLight,Yes,NoIntersection,LightRain,2Vehicles-Behind,11,Sunday,23,True,False
201800048910,NonLethal,Daylight,No,NoIntersection,Normal,3+Vehicles-Chain,5,Thursday,16,False,False
201800041717,NonLethal,NightStreelightsOn,Yes,NoIntersection,LightRain,2Vehicles-BehindVehicles-Frontal,1,Tuesday,17,False,False
201800018448,Lethal,Daylight,No,NoIntersection,Normal,2Vehicles-Side,5,Friday,15,False,False
201800049455,NonLethal,NightNoStreetLight,No,NoIntersection,Normal,Other,10,Saturday,2,True,True
201800002086,NonLethal,Daylight,No,NoIntersection,Normal,2Vehicles-BehindVehicles-Frontal,8,Wednesday,10,False,False
201800038642,NonLethal,NightStreelightsOn,Yes,X-type,Normal,2Vehicles-Side,10,Tuesday,20,False,False
201800032007,NonLethal,TwilightOrDawn,Yes,T-type,Normal,2Vehicles-Side,7,Wednesday,16,False,False
201800046524,NonLethal,Daylight,No,NoIntersection,Normal,2Vehicles-Behind,4,Friday,18,False,False
201800025548,NonLethal,Daylight,Yes,NoIntersection,Normal,Other,10,Monday,8,False,False
201800013260,NonLethal,Daylight,No,NoIntersection,Normal,Other,7,Friday,10,False,False
201800033475,NonLethal,Daylight,Yes,NoIntersection,Normal,2Vehicles-Behind,5,Tuesday,11,False,False
201800029760,NonLethal,NightStreelightsOn,Yes,T-type,Normal,2Vehicles-Side,3,Saturday,20,True,False
201800035341,NonLethal,Daylight,No,NoIntersection,Normal,Other,3,Thursday,11,False,False
201800023463,NonLethal,Daylight,No,NoIntersection,Normal,NoCollision,3,Saturday,12,True,False
201800046571,NonLethal,NightNoStreetLight,No,NoIntersection,Normal,NoCollision,5,Sunday,1,True,True
201800038981,NonLethal,Daylight,Yes,NoIntersection,Overcast,Other,3,Thursday,12,False,False
201800009140,NonLethal,Daylight,Yes,NoIntersection,Normal,2Vehicles-Behind,6,Friday,17,False,False
201800016109,NonLethal,Daylight,No,NoIntersection,Normal,2Vehicles-BehindVehicles-Frontal,12,Thursday,15,False,False
201800028033,NonLethal,Daylight,Yes,NoIntersection,Normal,2Vehicles-Side,6,Sunday,13,True,False
201800033716,NonLethal,NightNoStreetLight,No,NoIntersection,LightRain,2Vehicles-BehindVehicles-Frontal,3,Friday,18,False,False
201800053828,NonLethal,TwilightOrDawn,Yes,NoIntersection,Normal,Other,4,Saturday,5,True,True
201800017644,NonLethal,Daylight,No,NoIntersection,Normal,2Vehicles-BehindVehicles-Frontal,5,Thursday,16,False,False
201800015878,NonLethal,Daylight,Yes,T-type,Normal,Other,10,Wednesday,8,False,False
201800010114,NonLethal,NightStreelightsOn,Yes,NoIntersection,Normal,2Vehicles-Behind,11,Sunday,19,True,False
201800000837,NonLethal,NightStreelightsOn,Yes,X-type,Normal,2Vehicles-Side,8,Saturday,22,True,False
201800028080,NonLethal,NightStreelightsOn,Yes,NoIntersection,Normal,Other,8,Wednesday,0,False,True
201800017080,NonLethal,NightNoStreetLight,No,NoIntersection,FogOrSmoke,2Vehicles-BehindVehicles-Frontal,1,Wednesday,20,False,False
201800040407,NonLethal,Daylight,Yes,NoIntersection,Normal,2Vehicles-Behind,11,Sunday,11,True,False
201800053810,NonLethal,Daylight,Yes,X-type,Normal,Other,6,Tuesday,16,False,False
201800007521,NonLethal,NightStreelightsOn,Yes,NoIntersection,Overcast,Other,12,Monday,6,False,True
201800000585,NonLethal,TwilightOrDawn,Yes,NoIntersection,Normal,Other,1,Sunday,22,True,False
201800042227,NonLethal,Daylight,Yes,Y-type,Normal,Other,1,Tuesday,11,False,False
201800039875,NonLethal,Daylight,Yes,NoIntersection,Normal,Other,3,Wednesday,17,False,False
201800024608,NonLethal,Daylight,Yes,NoIntersection,Normal,2Vehicles-Behind,1,Wednesday,15,False,False
201800028705,NonLethal,Daylight,Yes,NoIntersection,Normal,Other,5,Friday,17,False,False
201800055246,NonLethal,TwilightOrDawn,Yes,NoIntersection,Normal,3+Vehicles-Chain,1,Friday,16,False,False
201800038122,NonLethal,Daylight,Yes,NoIntersection,Normal,2Vehicles-Side,12,Friday,9,False,False
201800018604,NonLethal,Daylight,No,NoIntersection,Normal,Other,3,Friday,15,False,False
201800050528,NonLethal,NightStreelightsOn,Yes,X-type,Normal,2Vehicles-Side,2,Saturday,18,True,False
201800053643,NonLethal,NightStreelightsOn,Yes,T-type,LightRain,NoCollision,12,Tuesday,23,False,False
201800007328,NonLethal,Daylight,Yes,X-type,Normal,2Vehicles-Side,5,Tuesday,19,False,False
201800011783,NonLethal,Daylight,No,NoIntersection,Normal,Other,10,Friday,14,False,False
201800022511,NonLethal,Daylight,Yes,T-type,Normal,2Vehicles-Side,8,Saturday,16,True,False
201800023715,NonLethal,NightNoStreetLight,No,NoIntersection,LightRain,Other,2,Monday,19,False,False
201800049895,NonLethal,Daylight,No,NoIntersection,Normal,2Vehicles-Side,6,Saturday,19,True,False
201800013468,NonLethal,TwilightOrDawn,Yes,Y-type,Normal,Other,11,Saturday,5,True,True
201800009192,NonLethal,NightStreelightsOn,Yes,NoIntersection,Normal,2Vehicles-Side,6,Monday,22,False,False
201800020379,NonLethal,Daylight,Yes,NoIntersection,Normal,Other,9,Wednesday,15,False,False
201800018213,NonLethal,Daylight,No,NoIntersection,Normal,NoCollision,11,Monday,17,False,False
201800037998,NonLethal,Daylight,Yes,NoIntersection,LightRain,2Vehicles-Behind,3,Tuesday,17,False,False
201800053946,NonLethal,Daylight,Yes,Y-type,Normal,2Vehicles-Side,11,Wednesday,12,False,False
201800031915,NonLethal,Daylight,Yes,NoIntersection,Normal,2Vehicles-Side,9,Monday,7,False,False
201800015334,NonLethal,TwilightOrDawn,Yes,Other,Normal,2Vehicles-Side,10,Tuesday,17,False,False
201800039312,NonLethal,Daylight,Yes,NoIntersection,Normal,2Vehicles-Behind,10,Monday,15,False,False
201800023871,NonLethal,NightStreelightsOn,Yes,NoIntersection,LightRain,Other,3,Saturday,23,True,False
201800032292,NonLethal,Daylight,Yes,X-type,Normal,2Vehicles-BehindVehicles-Frontal,6,Sunday,12,True,False
201800033023,NonLethal,Daylight,Yes,NoIntersection,LightRain,2Vehicles-Side,7,Tuesday,16,False,False
201800012405,NonLethal,Daylight,No,NoIntersection,Normal,2Vehicles-Behind,8,Friday,16,False,False
201800031935,NonLethal,Daylight,Yes,NoIntersection,LightRain,2Vehicles-Side,9,Friday,16,False,False
201800028679,NonLethal,NightStreelightsOn,Yes,NoIntersection,LightRain,Other,2,Sunday,6,True,True
201800008269,NonLethal,NightNoStreetLight,No,NoIntersection,HeavyRain,2Vehicles-Side,10,Wednesday,19,False,False
201800008809,NonLethal,Daylight,Yes,NoIntersection,Normal,2Vehicles-BehindVehicles-Frontal,4,Friday,15,False,False
201800052152,NonLethal,NightStreelightsOn,Yes,NoIntersection,Normal,Other,5,Wednesday,20,False,False
201800027212,NonLethal,Daylight,Yes,NoIntersection,Normal,2Vehicles-BehindVehicles-Frontal,3,Wednesday,17,False,False
201800003861,NonLethal,Daylight,No,NoIntersection,Normal,2Vehicles-BehindVehicles-Frontal,6,Sunday,10,True,False
201800043083,NonLethal,NightStreelightsOn,Yes,NoIntersection,Normal,Other,11,Monday,19,False,False
201800012926,NonLethal,NightNoStreetLight,No,NoIntersection,LightRain,Other,9,Monday,22,False,False
201800029130,NonLethal,Daylight,No,NoIntersection,Normal,Other,3,Friday,9,False,False
201800009506,NonLethal,Daylight,Yes,NoIntersection,LightRain,2Vehicles-Behind,9,Saturday,18,True,False
201800046970,NonLethal,Daylight,No,NoIntersection,Normal,3+Vehicles-Multiple,10,Friday,9,False,False
201800045610,NonLethal,NightNoStreetLight,No,NoIntersection,Normal,2Vehicles-Behind,12,Tuesday,20,False,False
201800039911,NonLethal,Daylight,Yes,NoIntersection,Normal,3+Vehicles-Multiple,9,Wednesday,17,False,False
201800020022,NonLethal,Daylight,Yes,NoIntersection,Normal,2Vehicles-Side,3,Wednesday,7,False,False
201800054541,NonLethal,Daylight,Yes,X-type,Normal,Other,9,Saturday,12,True,False
201800023190,NonLethal,NightStreelightsOn,Yes,NoIntersection,Normal,2Vehicles-Behind,8,Friday,23,False,False
201800035201,NonLethal,Daylight,No,NoIntersection,Normal,Other,6,Monday,16,False,False
201800030671,NonLethal,NightStreelightsOn,Yes,NoIntersection,Normal,NoCollision,6,Thursday,3,False,True
201800031480,NonLethal,Daylight,No,NoIntersection,Normal,Other,8,Friday,11,False,False
201800011510,NonLethal,Daylight,No,X-type,Normal,3+Vehicles-Chain,4,Sunday,10,True,False
201800056039,NonLethal,TwilightOrDawn,No,NoIntersection,Normal,2Vehicles-Side,10,Monday,18,False,False
201800021243,NonLethal,Daylight,Yes,NoIntersection,Normal,2Vehicles-Side,11,Sunday,11,True,False
201800056557,NonLethal,Daylight,Yes,Other,Normal,2Vehicles-Side,6,Tuesday,6,False,True
201800011135,NonLethal,Daylight,No,NoIntersection,Normal,3+Vehicles-Chain,10,Friday,9,False,False
201800006581,NonLethal,Daylight,No,NoIntersection,Normal,Other,6,Friday,15,False,False
201800038676,NonLethal,NightStreelightsOn,Yes,NoIntersection,LightRain,Other,1,Monday,8,False,False
201800048942,NonLethal,Daylight,No,NoIntersection,Normal,3+Vehicles-Chain,7,Saturday,9,True,False
201800007828,Lethal,NightNoStreetLight,No,NoIntersection,Normal,2Vehicles-Behind,11,Sunday,7,True,False
201800004380,NonLethal,Daylight,No,NoIntersection,LightRain,2Vehicles-BehindVehicles-Frontal,6,Monday,9,False,False
201800010470,NonLethal,Daylight,No,NoIntersection,VeryGood,Other,7,Saturday,15,True,False
201800024269,NonLethal,Daylight,Yes,NoIntersection,Normal,Other,3,Tuesday,9,False,False
201800045798,NonLethal,Daylight,No,NoIntersection,LightRain,Other,4,Tuesday,17,False,False
201800025369,NonLethal,Daylight,Yes,NoIntersection,LightRain,NoCollision,6,Wednesday,15,False,False
201800034596,NonLethal,Daylight,Yes,NoIntersection,Other,Other,4,Monday,13,False,False
201800032404,NonLethal,Daylight,Yes,NoIntersection,Normal,Other,3,Friday,15,False,False
201800005760,NonLethal,Daylight,Yes,X-type,Normal,2Vehicles-Side,8,Saturday,14,True,False
201800028966,NonLethal,Daylight,No,X-type,Normal,2Vehicles-Behind,10,Sunday,8,True,False
201800000017,NonLethal,Daylight,Yes,NoIntersection,SnowOrHail,Other,2,Friday,15,False,False
201800045004,NonLethal,NightStreelightsOff,No,NoIntersection,Normal,3+Vehicles-Multiple,6,Friday,22,False,False
201800022070,NonLethal,Daylight,Yes,NoIntersection,Normal,3+Vehicles-Chain,6,Monday,17,False,False
201800033679,NonLethal,Daylight,Yes,NoIntersection,Normal,2Vehicles-Side,9,Saturday,15,True,False
201800009747,NonLethal,Daylight,Yes,X-type,Normal,2Vehicles-Side,9,Thursday,18,False,False
201800047908,Lethal,Daylight,No,NoIntersection,Normal,NoCollision,3,Friday,15,False,False
201800012877,NonLethal,Daylight,No,NoIntersection,Normal,2Vehicles-BehindVehicles-Frontal,8,Saturday,13,True,False
201800016894,NonLethal,TwilightOrDawn,Yes,X-type,Normal,2Vehicles-Side,12,Wednesday,5,False,True
201800048454,NonLethal,Daylight,Yes,NoIntersection,Normal,3+Vehicles-Chain,8,Wednesday,16,False,False
201800008164,NonLethal,NightStreelightsOn,Yes,Roundabout,LightRain,2Vehicles-Side,5,Sunday,22,True,False
201800013417,NonLethal,Daylight,No,NoIntersection,HeavyRain,3+Vehicles-Multiple,12,Saturday,15,True,False
201800056239,NonLethal,Daylight,Yes,NoIntersection,Normal,2Vehicles-Behind,1,Monday,7,False,False
201800042225,NonLethal,NightStreelightsOn,Yes,T-type,Normal,Other,1,Sunday,19,True,False
201800004003,NonLethal,NightNoStreetLight,Yes,NoIntersection,Normal,Other,12,Saturday,5,True,True
201800002940,NonLethal,Daylight,Yes,X-type,Normal,2Vehicles-Side,6,Sunday,10,True,False
201800051755,NonLethal,Daylight,Yes,X-type,Normal,2Vehicles-Side,6,Monday,20,False,False
201800020954,NonLethal,NightStreelightsOn,Yes,NoIntersection,LightRain,Other,2,Saturday,0,True,True
201800048252,NonLethal,Daylight,Yes,NoIntersection,Normal,2Vehicles-Side,5,Friday,17,False,False
201800019260,NonLethal,Daylight,No,NoIntersection,Normal,NoCollision,7,Friday,16,False,False
201800030839,NonLethal,Daylight,Yes,NoIntersection,Normal,Other,7,Friday,17,False,False
201800044813,NonLethal,NightNoStreetLight,No,NoIntersection,Normal,Other,4,Tuesday,23,False,False
201800015166,NonLethal,NightStreelightsOn,Yes,NoIntersection,Normal,2Vehicles-Side,2,Tuesday,20,False,False
201800024894,NonLethal,Daylight,Yes,NoIntersection,Normal,Other,12,Sunday,9,True,False
201800003621,Lethal,Daylight,No,NoIntersection,LightRain,2Vehicles-BehindVehicles-Frontal,10,Saturday,14,True,False
201800003049,NonLethal,Daylight,No,NoIntersection,Normal,Other,12,Wednesday,16,False,False
201800025490,NonLethal,Daylight,Yes,NoIntersection,Normal,NoCollision,10,Tuesday,16,False,False
201800007510,NonLethal,Daylight,Yes,NoIntersection,Normal,2Vehicles-Side,6,Sunday,19,True,False
201800057514,NonLethal,Daylight,Yes,NoIntersection,Normal,3+Vehicles-Multiple,9,Wednesday,7,False,False
201800036100,NonLethal,Daylight,No,NoIntersection,Normal,Other,6,Tuesday,9,False,False
201800033021,NonLethal,Daylight,Yes,NoIntersection,Normal,Other,9,Wednesday,17,False,False
201800029748,NonLethal,NightStreelightsOn,Yes,NoIntersection,Normal,Other,1,Saturday,2,True,True
201800005936,NonLethal,TwilightOrDawn,Yes,NoIntersection,Normal,2Vehicles-Side,11,Wednesday,16,False,False
201800023208,NonLethal,Daylight,Yes,T-type,Normal,2Vehicles-Side,8,Friday,15,False,False
201800035293,NonLethal,Daylight,Yes,X-type,Normal,2Vehicles-Side,8,Tuesday,12,False,False
201800052363,NonLethal,Daylight,Yes,NoIntersection,Normal,2Vehicles-Side,3,Tuesday,16,False,False
201800053424,NonLethal,Daylight,Yes,NoIntersection,Normal,2Vehicles-Behind,6,Tuesday,18,False,False
201800041759,NonLethal,TwilightOrDawn,Yes,NoIntersection,Normal,Other,5,Sunday,5,True,True
201800008838,NonLethal,Daylight,Yes,T-type,LightRain,2Vehicles-BehindVehicles-Frontal,11,Sunday,9,True,False
201800019095,NonLethal,Daylight,No,NoIntersection,Normal,2Vehicles-Behind,4,Tuesday,17,False,False
201800025037,NonLethal,NightStreelightsOn,Yes,X-type,HeavyRain,Other,11,Tuesday,17,False,False
201800002998,NonLethal,NightNoStreetLight,No,NoIntersection,Normal,Other,11,Saturday,3,True,True
201800010900,NonLethal,Daylight,No,Other,Normal,Other,5,Wednesday,19,False,False
201800007260,NonLethal,NightNoStreetLight,No,NoIntersection,Other,2Vehicles-Behind,12,Thursday,6,False,True
201800013607,NonLethal,TwilightOrDawn,Yes,NoIntersection,Other,NoCollision,3,Friday,7,False,False
201800036721,NonLethal,Daylight,Yes,NoIntersection,Normal,Other,6,Friday,15,False,False
201800055776,NonLethal,NightStreelightsOff,Yes,NoIntersection,Normal,Other,8,Sunday,2,True,True
201800040573,Lethal,NightStreelightsOn,Yes,X-type,LightRain,2Vehicles-Side,1,Wednesday,4,False,True
201800021583,NonLethal,NightStreelightsOn,Yes,Roundabout,Normal,Other,12,Wednesday,18,False,False
201800016520,NonLethal,Daylight,No,NoIntersection,Normal,3+Vehicles-Chain,11,Thursday,10,False,False
201800017398,NonLethal,Daylight,No,NoIntersection,LightRain,Other,1,Thursday,9,False,False
201800038712,NonLethal,Daylight,Yes,NoIntersection,Normal,2Vehicles-Behind,6,Saturday,8,True,False
201800039216,NonLethal,Daylight,Yes,NoIntersection,Overcast,2Vehicles-Side,1,Monday,14,False,False
201800015299,NonLethal,Daylight,No,NoIntersection,Normal,2Vehicles-BehindVehicles-Frontal,3,Friday,17,False,False
201800031435,NonLethal,Daylight,No,NoIntersection,Normal,NoCollision,3,Thursday,9,False,False
201800046063,NonLethal,Daylight,No,NoIntersection,Normal,2Vehicles-Behind,9,Monday,7,False,False
201800046924,NonLethal,Daylight,No,NoIntersection,Normal,2Vehicles-Behind,3,Saturday,8,True,False
201800048987,NonLethal,Daylight,No,NoIntersection,Normal,2Vehicles-Side,7,Monday,8,False,False
201800055934,NonLethal,Daylight,Yes,Roundabout,Normal,2Vehicles-Side,8,Thursday,16,False,False
201800037452,NonLethal,Daylight,Yes,NoIntersection,Overcast,2Vehicles-Side,6,Wednesday,13,False,False
201800007643,NonLethal,NightNoStreetLight,No,NoIntersection,Normal,2Vehicles-Behind,7,Saturday,22,True,False
201800020483,NonLethal,Daylight,No,NoIntersection,Normal,2Vehicles-BehindVehicles-Frontal,10,Friday,12,False,False
201800010038,NonLethal,Daylight,Yes,NoIntersection,LightRain,2Vehicles-Behind,11,Tuesday,15,False,False
201800034428,NonLethal,Daylight,Yes,NoIntersection,Normal,Other,3,Friday,17,False,False
201800001244,NonLethal,NightNoStreetLight,Yes,T-type,Normal,2Vehicles-Side,9,Thursday,22,False,False
201800020700,NonLethal,NightStreelightsOn,Yes,NoIntersection,Normal,2Vehicles-Side,1,Wednesday,7,False,False
201800010232,NonLethal,NightStreelightsOn,Yes,NoIntersection,Normal,Other,12,Sunday,19,True,False
201800016322,NonLethal,Daylight,Yes,Other,Normal,NoCollision,1,Sunday,11,True,False
201800025709,NonLethal,Daylight,No,NoIntersection,Normal,2Vehicles-Behind,4,Saturday,18,True,False
201800003199,NonLethal,NightNoStreetLight,No,NoIntersection,LightRain,Other,8,Sunday,19,True,False
201800023636,NonLethal,Daylight,Yes,NoIntersection,Normal,NoCollision,6,Friday,16,False,False
201800010848,NonLethal,Daylight,No,NoIntersection,Normal,NoCollision,6,Saturday,16,True,False
201800030677,NonLethal,NightStreelightsOn,Yes,NoIntersection,Normal,Other,7,Sunday,0,True,True
201800047491,NonLethal,Daylight,No,NoIntersection,Normal,2Vehicles-Side,5,Thursday,20,False,False
201800028413,NonLethal,Daylight,Yes,NoIntersection,Normal,2Vehicles-Side,5,Thursday,8,False,False
201800040417,NonLethal,Daylight,Yes,X-type,Normal,Other,5,Sunday,9,True,False
201800054031,NonLethal,Daylight,Yes,MoreThan4Branches,Normal,2Vehicles-Side,12,Monday,18,False,False
201800051576,NonLethal,NightStreelightsOn,Yes,X-type,Normal,Other,9,Friday,1,False,True
201800017297,NonLethal,NightStreelightsOff,Yes,T-type,Normal,2Vehicles-Side,10,Tuesday,5,False,True
201800011395,NonLethal,Daylight,No,NoIntersection,VeryGood,2Vehicles-Behind,10,Monday,18,False,False
201800017843,NonLethal,Daylight,Yes,X-type,VeryGood,2Vehicles-Behind,7,Thursday,9,False,False
201800015405,NonLethal,Daylight,No,X-type,LightRain,2Vehicles-Side,1,Wednesday,9,False,False
201800014576,NonLethal,Daylight,Yes,T-type,Normal,2Vehicles-BehindVehicles-Frontal,5,Monday,12,False,False
201800020470,NonLethal,Daylight,Yes,Y-type,Normal,2Vehicles-Side,12,Sunday,19,True,False
201800042837,NonLethal,Daylight,Yes,T-type,Overcast,2Vehicles-Side,4,Tuesday,7,False,False
201800039886,NonLethal,Daylight,Yes,NoIntersection,Normal,2Vehicles-Side,5,Wednesday,7,False,False
201800006727,NonLethal,Daylight,No,NoIntersection,Normal,2Vehicles-Side,8,Thursday,16,False,False
201800046799,NonLethal,Daylight,No,NoIntersection,Normal,2Vehicles-Side,9,Saturday,6,True,True
201800026717,NonLethal,NightNoStreetLight,No,Other,Normal,Other,12,Wednesday,2,False,True
201800042234,NonLethal,NightNoStreetLight,No,Y-type,Normal,2Vehicles-Behind,1,Saturday,20,True,False
201800049321,NonLethal,NightNoStreetLight,No,NoIntersection,Normal,Other,4,Monday,18,False,False
201800043199,NonLethal,Daylight,Yes,NoIntersection,Normal,Other,3,Thursday,11,False,False
201800032416,NonLethal,Daylight,Yes,NoIntersection,Normal,2Vehicles-Side,4,Friday,19,False,False
201800001039,NonLethal,Daylight,No,NoIntersection,Normal,NoCollision,2,Wednesday,9,False,False
201800039170,NonLethal,Daylight,Yes,NoIntersection,Normal,Other,11,Tuesday,8,False,False
201800018690,NonLethal,Daylight,No,NoIntersection,Normal,NoCollision,10,Saturday,12,True,False
201800056690,NonLethal,Daylight,Yes,NoIntersection,Normal,Other,4,Monday,8,False,False
201800024755,NonLethal,Daylight,Yes,NoIntersection,Normal,2Vehicles-Side,5,Sunday,16,True,False
201800019329,Lethal,Daylight,No,NoIntersection,Normal,2Vehicles-BehindVehicles-Frontal,9,Sunday,18,True,False
201800029871,NonLethal,Daylight,Yes,Roundabout,Overcast,2Vehicles-Behind,5,Saturday,17,True,False
201800048585,NonLethal,Daylight,Yes,NoIntersection,Overcast,Other,9,Monday,10,False,False
201800054891,NonLethal,Daylight,Yes,NoIntersection,Normal,3+Vehicles-Multiple,9,Saturday,8,True,False
201800033444,NonLethal,Daylight,Yes,NoIntersection,Normal,2Vehicles-Side,3,Tuesday,8,False,False
201800003409,Lethal,NightNoStreetLight,No,NoIntersection,Normal,3+Vehicles-Multiple,9,Sunday,21,True,False
201800038251,NonLethal,NightStreelightsOn,Yes,T-type,LightRain,Other,10,Monday,7,False,False
201800040937,NonLethal,Daylight,Yes,NoIntersection,Normal,Other,9,Thursday,11,False,False
201800000881,NonLethal,NightNoStreetLight,No,X-type,Normal,2Vehicles-Side,3,Thursday,22,False,False
201800043422,NonLethal,Daylight,Yes,NoIntersection,HeavyRain,3+Vehicles-Chain,3,Tuesday,12,False,False
201800026243,NonLethal,Daylight,Yes,X-type,Normal,2Vehicles-Side,4,Friday,19,False,False
201800005251,NonLethal,Daylight,Yes,NoIntersection,Normal,2Vehicles-Side,6,Friday,15,False,False
201800027381,NonLethal,Daylight,Yes,NoIntersection,Normal,NoCollision,7,Monday,17,False,False
201800002636,NonLethal,Daylight,No,NoIntersection,LightRain,2Vehicles-BehindVehicles-Frontal,7,Wednesday,16,False,False
201800026875,NonLethal,Daylight,Yes,NoIntersection,Normal,Other,7,Tuesday,21,False,False
201800000595,NonLethal,NightNoStreetLight,No,NoIntersection,Normal,Other,6,Saturday,3,True,True
201800019475,NonLethal,Daylight,No,NoIntersection,LightRain,3+Vehicles-Chain,11,Friday,9,False,False
201800042473,NonLethal,TwilightOrDawn,Yes,NoIntersection,Normal,NoCollision,6,Monday,21,False,False
201800022456,Lethal,Daylight,No,NoIntersection,Normal,2Vehicles-Side,1,Thursday,13,False,False
201800029199,NonLethal,Daylight,Yes,NoIntersection,Normal,2Vehicles-Side,3,Monday,15,False,False
201800001291,NonLethal,Daylight,No,X-type,Normal,2Vehicles-Side,10,Friday,16,False,False
201800019607,NonLethal,NightStreelightsOn,Yes,Roundabout,LightRain,2Vehicles-Side,2,Monday,19,False,False
201800031819,NonLethal,Daylight,Yes,NoIntersection,Normal,2Vehicles-Side,12,Friday,8,False,False
201800004648,NonLethal,NightNoStreetLight,No,NoIntersection,LightRain,2Vehicles-Behind,1,Sunday,4,True,True
201800009890,NonLethal,Daylight,Yes,Roundabout,Normal,2Vehicles-BehindVehicles-Frontal,11,Saturday,14,True,False
201800015877,NonLethal,NightStreelightsOn,Yes,T-type,Normal,2Vehicles-Side,8,Wednesday,1,False,True
201800039954,NonLethal,TwilightOrDawn,Yes,X-type,Normal,2Vehicles-Side,5,Thursday,20,False,False
201800031683,NonLethal,Daylight,Yes,T-type,Normal,2Vehicles-Side,3,Wednesday,12,False,False
201800035830,NonLethal,Daylight,Yes,NoIntersection,Normal,2Vehicles-Behind,4,Saturday,18,True,False
201800037981,NonLethal,NightStreelightsOn,Yes,Other,LightRain,Other,1,Friday,22,False,False
201800023278,NonLethal,TwilightOrDawn,Yes,NoIntersection,Normal,2Vehicles-Side,10,Friday,7,False,False
201800028536,NonLethal,Daylight,Yes,NoIntersection,Normal,Other,9,Wednesday,19,False,False
201800035175,NonLethal,Daylight,Yes,NoIntersection,Normal,3+Vehicles-Chain,5,Saturday,14,True,False
201800041810,NonLethal,Daylight,Yes,Roundabout,Normal,Other,11,Wednesday,9,False,False
201800032172,NonLethal,NightStreelightsOff,Yes,NoIntersection,Normal,Other,10,Tuesday,20,False,False
201800025824,NonLethal,TwilightOrDawn,Yes,NoIntersection,Normal,2Vehicles-Side,11,Wednesday,18,False,False
201800041964,NonLethal,Daylight,Yes,Roundabout,Normal,2Vehicles-Side,3,Friday,12,False,False
201800042439,NonLethal,Daylight,Yes,T-type,VeryGood,Other,2,Saturday,12,True,False
201800012015,Lethal,Daylight,No,NoIntersection,Normal,Other,10,Wednesday,15,False,False
201800008380,NonLethal,NightStreelightsOn,Yes,NoIntersection,Normal,2Vehicles-Side,1,Sunday,19,True,False
201800018911,NonLethal,NightStreelightsOn,No,NoIntersection,LightRain,NoCollision,11,Friday,20,False,False
201800032962,NonLethal,Daylight,No,NoIntersection,Overcast,3+Vehicles-Multiple,6,Tuesday,8,False,False
201800037000,Lethal,Daylight,Yes,T-type,Normal,Other,8,Monday,13,False,False
201800019244,Lethal,NightNoStreetLight,No,NoIntersection,Overcast,Other,2,Saturday,20,True,False
201800021572,NonLethal,NightNoStreetLight,No,NoIntersection,HeavyRain,Other,12,Sunday,21,True,False
201800009847,NonLethal,Daylight,Yes,NoIntersection,Normal,Other,4,Tuesday,11,False,False
201800045751,NonLethal,Daylight,No,NoIntersection,Normal,2Vehicles-Behind,9,Monday,14,False,False
201800049098,NonLethal,TwilightOrDawn,No,NoIntersection,Normal,3+Vehicles-Multiple,12,Sunday,8,True,False
201800011846,NonLethal,Daylight,No,NoIntersection,Normal,NoCollision,3,Wednesday,13,False,False
201800011211,Lethal,Daylight,No,NoIntersection,Normal,2Vehicles-BehindVehicles-Frontal,6,Saturday,11,True,False
201800041979,NonLethal,NightStreelightsOn,Yes,T-type,Normal,2Vehicles-BehindVehicles-Frontal,4,Tuesday,21,False,False
201800036340,NonLethal,Daylight,Yes,NoIntersection,Normal,Other,6,Thursday,17,False,False
201800031722,NonLethal,Daylight,Yes,X-type,Normal,2Vehicles-Side,4,Friday,14,False,False
201800045065,NonLethal,TwilightOrDawn,No,NoIntersection,Normal,Other,10,Sunday,5,True,True
201800028207,NonLethal,NightStreelightsOn,Yes,NoIntersection,Normal,2Vehicles-BehindVehicles-Frontal,11,Thursday,20,False,False
201800028667,NonLethal,TwilightOrDawn,Yes,NoIntersection,Normal,Other,1,Thursday,8,False,False
201800003951,NonLethal,Daylight,Yes,X-type,Normal,3+Vehicles-Chain,2,Thursday,12,False,False
201800007640,NonLethal,Daylight,Yes,NoIntersection,Normal,2Vehicles-Side,7,Thursday,14,False,False
201800051272,NonLethal,Daylight,Yes,T-type,Normal,2Vehicles-Behind,11,Thursday,13,False,False
201800011699,NonLethal,NightNoStreetLight,No,NoIntersection,Normal,Other,1,Thursday,21,False,False
201800018307,NonLethal,Daylight,No,NoIntersection,Normal,2Vehicles-Side,6,Saturday,13,True,False
201800056618,NonLethal,Daylight,No,T-type,Normal,2Vehicles-Side,5,Friday,9,False,False
201800024504,NonLethal,NightNoStreetLight,Yes,NoIntersection,Normal,2Vehicles-Behind,11,Thursday,17,False,False