AccidentId,Gravity,Light,InAgglomeration,IntersectionType,Weather,CollisionType,Month,DayOfWeek,HourOfDay,IsWeekend,IsNight
201800028814,NonLethal,NightStreelightsOn,Yes,NoIntersection,Normal,Other,9,Sunday,22,True,False
201800020185,NonLethal,Daylight,Yes,NoIntersection,Normal,Other,9,Wednesday,18,False,False
201800031237,NonLethal,NightStreelightsOn,Yes,T-type,Normal,2Vehicles-Side,5,Friday,3,False,True
201800052572,NonLethal,Daylight,Yes,X-type,Overcast,Other,10,Monday,10,False,False
201800005601,NonLethal,Daylight,No,NoIntersection,Normal,Other,2,Wednesday,9,False,False
201800036739,NonLethal,Daylight,No,NoIntersection,Normal,NoCollision,9,Monday,18,False,False
201800031056,NonLethal,Daylight,Yes,NoIntersection,Normal,2Vehicles-Side,9,Sunday,19,True,False
201800005284,NonLethal,Daylight,Yes,NoIntersection,Normal,2Vehicles-Side,4,Monday,15,False,False
201800029891,NonLethal,Daylight,No,Y-type,Normal,2Vehicles-Side,7,Wednesday,12,False,False
201800030858,NonLethal,Daylight,Yes,NoIntersection,Normal,2Vehicles-BehindVehicles-Frontal,8,Thursday,15,False,False
201800044305,NonLethal,Daylight,No,Other,Normal,2Vehicles-Behind,10,Saturday,16,True,False
201800009022,NonLethal,Daylight,Yes,NoIntersection,Normal,2Vehicles-Behind,5,Saturday,11,True,False
201800008415,NonLethal,TwilightOrDawn,Yes,NoIntersection,HeavyRain,2Vehicles-Behind,1,Friday,19,False,False
201800005674,NonLethal,Daylight,Yes,Other,Normal,Other,5,Thursday,9,False,False
201800019243,NonLethal,NightStreelightsOn,Yes,NoIntersection,SnowOrHail,2Vehicles-Side,6,Saturday,18,True,False
201800007996,NonLethal,Daylight,No,NoIntersection,Normal,2Vehicles-BehindVehicles-Frontal,11,Friday,14,False,False
201800026650,NonLethal,NightStreelightsOn,Yes,NoIntersection,LightRain,NoCollision,5,Wednesday,20,False,False
201800037597,NonLethal,Daylight,Yes,Other,Normal,Other,4,Monday,12,False,False
201800021436,NonLethal,Daylight,Yes,Roundabout,Normal,2Vehicles-Side,11,Friday,15,False,False
201800044736,NonLethal,Daylight,No,NoIntersection,Normal,Other,2,Sunday,18,True,False
201800025371,NonLethal,Daylight,Yes,NoIntersection,Normal,NoCollision,6,Friday,15,False,False
201800035916,NonLethal,Daylight,Yes,NoIntersection,Normal,2Vehicles-Side,7,Monday,10,False,False
201800051966,NonLethal,Daylight,Yes,T-type,Normal,2Vehicles-Side,3,Wednesday,9,False,False
201800040870,NonLethal,NightStreelightsOn,Yes,X-type,Normal,2Vehicles-Behind,5,Monday,22,False,False
201800025635,NonLethal,Daylight,Yes,NoIntersection,Normal,2Vehicles-Behind,12,Monday,15,False,False
201800056625,NonLethal,NightStreelightsOn,No,Other,Normal,NoCollision,6,Saturday,23,True,False
201800019738,NonLethal,Daylight,Yes,NoIntersection,Normal,2Vehicles-BehindVehicles-Frontal,9,Monday,17,False,False
201800042693,NonLethal,Daylight,Yes,NoIntersection,LightRain,2Vehicles-Side,9,Thursday,9,False,False
201800049968,NonLethal,NightNoStreetLight,No,NoIntersection,HeavyRain,Other,8,Thursday,19,False,False
201800021986,NonLethal,Daylight,Yes,Roundabout,Normal,2Vehicles-Behind,3,Thursday,15,False,False
201800057364,NonLethal,Daylight,Yes,Other,Normal,2Vehicles-Side,9,Sunday,13,True,False
201800029200,NonLethal,Daylight,Yes,T-type,LightRain,Other,3,Monday,14,False,False
201800049476,NonLethal,Daylight,No,NoIntersection,Normal,2Vehicles-Side,10,Tuesday,12,False,False
201800048955,NonLethal,NightNoStreetLight,No,NoIntersection,Normal,Other,7,Monday,22,False,False
201800039444,NonLethal,Daylight,Yes,X-type,LightRain,2Vehicles-Side,12,Saturday,15,True,False
201800023028,NonLethal,Daylight,No,NoIntersection,Normal,2Vehicles-Behind,4,Friday,14,False,False
201800034352,NonLethal,Daylight,Yes,Roundabout,Normal,2Vehicles-Behind,3,Saturday,14,True,False
201800028922,NonLethal,Daylight,Yes,NoIntersection,Normal,NoCollision,5,Saturday,9,True,False
201800041459,NonLethal,Daylight,Yes,X-type,Normal,Other,6,Friday,15,False,False
201800053404,NonLethal,Daylight,Yes,NoIntersection,LightRain,Other,11,Tuesday,8,False,False
201800035219,NonLethal,TwilightOrDawn,No,X-type,Normal,2Vehicles-Side,3,Thursday,6,False,True
201800013950,NonLethal,NightNoStreetLight,No,NoIntersection,Normal,NoCollision,10,Wednesday,7,False,False
201800012022,NonLethal,Daylight,No,X-type,Normal,2Vehicles-Side,4,Friday,13,False,False
201800011892,NonLethal,Daylight,No,NoIntersection,LightRain,Other,12,Thursday,16,False,False
201800006299,NonLethal,NightNoStreetLight,No,NoIntersection,Normal,2Vehicles-Behind,4,Tuesday,5,False,True
201800028365,NonLethal,NightStreelightsOn,Yes,NoIntersection,Normal,2Vehicles-Behind,3,Tuesday,20,False,False
201800021455,NonLethal,Daylight,Yes,NoIntersection,Normal,3+Vehicles-Chain,7,Wednesday,16,False,False
201800007086,NonLethal,Daylight,Yes,NoIntersection,Normal,Other,8,Sunday,16,True,False
201800036830,NonLethal,Daylight,Yes,NoIntersection,Overcast,Other,1,Saturday,10,True,False
201800011841,NonLethal,NightNoStreetLight,No,NoIntersection,Normal,Other,7,Tuesday,1,False,True
201800046588,NonLethal,Daylight,No,NoIntersection,Overcast,3+Vehicles-Chain,5,Monday,18,False,False
201800040159,NonLethal,NightStreelightsOn,Yes,NoIntersection,Normal,3+Vehicles-Chain,1,Wednesday,18,False,False
201800054548,NonLethal,NightStreelightsOn,Yes,T-type,Normal,Other,9,Thursday,3,False,True
201800049796,NonLethal,Daylight,No,NoIntersection,Normal,3+Vehicles-Chain,4,Tuesday,7,False,False
201800008030,Lethal,Daylight,No,NoIntersection,Normal,2Vehicles-BehindVehicles-Frontal,4,Thursday,10,False,False
201800018451,NonLethal,NightNoStreetLight,No,NoIntersection,Normal,NoCollision,7,Saturday,0,True,True
201800039217,NonLethal,TwilightOrDawn,Yes,NoIntersection,Normal,Other,1,Monday,17,False,False
201800051987,NonLethal,Daylight,Yes,NoIntersection,Normal,NoCollision,10,Thursday,9,False,False
201800055098,Lethal,NightStreelightsOn,Yes,T-type,Normal,2Vehicles-Behind,8,Monday,2,False,True
201800047259,NonLethal,Daylight,Yes,NoIntersection,Normal,3+Vehicles-Chain,3,Friday,10,False,False
201800005798,NonLethal,NightStreelightsOn,Yes,T-type,Normal,2Vehicles-Side,9,Sunday,22,True,False
201800019457,NonLethal,Daylight,Yes,NoIntersection,Normal,2Vehicles-Side,5,Friday,16,False,False
201800040730,NonLethal,TwilightOrDawn,Yes,NoIntersection,LightRain,Other,12,Friday,16,False,False
201800013201,NonLethal,Daylight,No,NoIntersection,Normal,3+Vehicles-Chain,3,Saturday,13,True,False
201800009145,NonLethal,TwilightOrDawn,Yes,Roundabout,Normal,2Vehicles-Behind,6,Saturday,6,True,True
201800021311,NonLethal,Daylight,No,NoIntersection,Normal,2Vehicles-Behind,12,Saturday,16,True,False
201800041404,NonLethal,NightStreelightsOn,Yes,NoIntersection,LightRain,2Vehicles-Behind,3,Sunday,22,True,False
201800015404,NonLethal,NightStreelightsOn,Yes,NoIntersection,HeavyRain,Other,7,Thursday,8,False,False
201800014116,NonLethal,NightNoStreetLight,No,NoIntersection,LightRain,Other,2,Monday,17,False,False
201800002895,NonLethal,TwilightOrDawn,No,NoIntersection,Normal,NoCollision,7,Sunday,21,True,False
201800021785,Lethal,Daylight,No,NoIntersection,Normal,Other,10,Thursday,11,False,False
201800011758,NonLethal,Daylight,No,NoIntersection,LightRain,Other,7,Sunday,8,True,False
201800036060,NonLethal,Daylight,Yes,Other,Normal,NoCollision,1,Friday,10,False,False
201800046738,NonLethal,Daylight,No,NoIntersection,Normal,2Vehicles-Behind,5,Monday,17,False,False
201800022208,NonLethal,NightStreelightsOn,Yes,T-type,Normal,2Vehicles-BehindVehicles-Frontal,11,Thursday,1,False,True
201800023283,NonLethal,Daylight,Yes,NoIntersection,Normal,2Vehicles-Behind,10,Sunday,17,True,False
201800055864,NonLethal,NightNoStreetLight,No,NoIntersection,LightRain,NoCollision,5,Saturday,0,True,True
201800052135,NonLethal,Daylight,Yes,X-type,Normal,2Vehicles-Side,8,Tuesday,16,False,False
201800054046,NonLethal,Daylight,Yes,MoreThan4Branches,LightRain,Other,3,Wednesday,11,False,False
201800018409,NonLethal,Daylight,Yes,NoIntersection,Normal,Other,8,Monday,10,False,False
201800011442,NonLethal,NightNoStreetLight,No,NoIntersection,LightRain,2Vehicles-BehindVehicles-Frontal,12,Thursday,5,False,True
201800003957,NonLethal,Daylight,Yes,NoIntersection,Normal,2Vehicles-Side,5,Tuesday,17,False,False
201800032413,NonLethal,Daylight,Yes,Roundabout,Normal,2Vehicles-Side,4,Wednesday,16,False,False
201800017516,NonLethal,NightNoStreetLight,No,NoIntersection,Normal,Other,2,Saturday,20,True,False
201800054150,NonLethal,Daylight,Yes,NoIntersection,Normal,Other,4,Saturday,15,True,False
201800039691,NonLethal,NightStreelightsOn,Yes,NoIntersection,LightRain,Other,9,Saturday,18,True,False
201800050205,NonLethal,NightNoStreetLight,No,NoIntersection,Normal,2Vehicles-Side,12,Wednesday,0,False,True
201800020330,NonLethal,Daylight,No,NoIntersection,Normal,NoCollision,4,Saturday,16,True,False
201800022977,NonLethal,Daylight,Yes,NoIntersection,Normal,Other,3,Thursday,8,False,False
201800054205,NonLethal,Daylight,Yes,T-type,Normal,2Vehicles-Side,9,Saturday,18,True,False
201800056513,NonLethal,Daylight,Yes,NoIntersection,Normal,Other,6,Monday,7,False,False
201800012437,NonLethal,NightStreelightsOn,Yes,NoIntersection,HeavyRain,Other,10,Wednesday,20,False,False
201800049349,NonLethal,NightNoStreetLight,No,NoIntersection,Normal,2Vehicles-Behind,3,Sunday,20,True,False
201800037703,NonLethal,Daylight,Yes,X-type,Normal,2Vehicles-Behind,7,Sunday,8,True,False
201800037604,NonLethal,Daylight,Yes,NoIntersection,Normal,Other,5,Wednesday,9,False,False
201800009997,NonLethal,Daylight,Yes,NoIntersection,Normal,2Vehicles-Behind,10,Sunday,12,True,False
201800023733,NonLethal,NightNoStreetLight,No,NoIntersection,FogOrSmoke,Other,11,Thursday,23,False,False
201800003329,NonLethal,Daylight,Yes,Y-type,VeryGood,NoCollision,7,Sunday,15,True,False
201800010531,NonLethal,Daylight,Yes,NoIntersection,Normal,2Vehicles-Behind,3,Tuesday,15,False,False
201800048123,NonLethal,Daylight,Yes,NoIntersection,Normal,2Vehicles-Behind,10,Wednesday,12,False,False
201800015708,NonLethal,Daylight,No,T-type,Normal,2Vehicles-Behind,3,Friday,14,False,False
201800044245,NonLethal,Daylight,No,NoIntersection,Normal,3+Vehicles-Multiple,9,Thursday,8,False,False
201800009349,NonLethal,TwilightOrDawn,Yes,X-type,Normal,2Vehicles-Side,12,Friday,5,False,True
201800024534,NonLethal,Daylight,Yes,NoIntersection,Normal,Other,10,Friday,15,False,False
201800026231,NonLethal,Daylight,Yes,NoIntersection,Normal,Other,10,Thursday,17,False,False
201800051770,NonLethal,Daylight,Yes,X-type,Normal,2Vehicles-Side,7,Monday,19,False,False
201800056196,NonLethal,NightStreelightsOn,Yes,NoIntersection,Normal,2Vehicles-Side,11,Thursday,19,False,False
201800055556,NonLethal,Daylight,Yes,NoIntersection,Normal,2Vehicles-Behind,8,Monday,18,False,False
201800023211,NonLethal,Daylight,Yes,NoIntersection,Normal,3+Vehicles-Chain,9,Saturday,16,True,False
201800008581,NonLethal,Daylight,Yes,Y-type,Normal,2Vehicles-BehindVehicles-Frontal,2,Sunday,12,True,False
201800044797,NonLethal,Daylight,No,NoIntersection,Normal,2Vehicles-Side,4,Saturday,8,True,False
201800004808,Lethal,NightNoStreetLight,No,NoIntersection,Normal,2Vehicles-Behind,10,Friday,20,False,False
201800012414,Lethal,Daylight,No,NoIntersection,Normal,2Vehicles-BehindVehicles-Frontal,10,Tuesday,16,False,False
201800005076,NonLethal,TwilightOrDawn,Yes,NoIntersection,Normal,NoCollision,7,Saturday,21,True,False
201800003537,NonLethal,NightNoStreetLight,Yes,NoIntersection,Normal,2Vehicles-BehindVehicles-Frontal,5,Tuesday,21,False,False
201800004007,NonLethal,Daylight,Yes,Other,Normal,Other,2,Friday,17,False,False
201800003601,NonLethal,Daylight,No,NoIntersection,Normal,2Vehicles-Side,9,Friday,8,False,False
201800043008,NonLethal,Daylight,Yes,NoIntersection,LightRain,Other,6,Monday,8,False,False
201800029644,NonLethal,NightStreelightsOn,Yes,Other,Normal,2Vehicles-Side,12,Monday,17,False,False
201800044231,NonLethal,Daylight,No,NoIntersection,Normal,3+Vehicles-Chain,9,Saturday,11,True,False
201800000517,Lethal,NightNoStreetLight,No,NoIntersection,FogOrSmoke,Other,11,Monday,7,False,False
201800012949,NonLethal,NightNoStreetLight,No,X-type,Other,2Vehicles-Side,11,Friday,19,False,False
201800047344,NonLethal,Daylight,Yes,NoIntersection,Normal,NoCollision,1,Tuesday,9,False,False
201800004828,NonLethal,Daylight,No,NoIntersection,Overcast,2Vehicles-Side,4,Monday,8,False,False
201800057672,NonLethal,Daylight,Yes,NoIntersection,Normal,Other,10,Sunday,12,True,False
201800000617,NonLethal,NightNoStreetLight,Yes,NoIntersection,LightRain,2Vehicles-BehindVehicles-Frontal,5,Saturday,23,True,False
201800021578,Lethal,Daylight,No,X-type,Normal,2Vehicles-Side,10,Monday,16,False,False
201800037286,NonLethal,NightStreelightsOn,Yes,NoIntersection,Normal,2Vehicles-BehindVehicles-Frontal,8,Tuesday,23,False,False
201800001543,NonLethal,NightStreelightsOn,Yes,T-type,Normal,2Vehicles-Side,3,Tuesday,19,False,False
201800014667,NonLethal,NightNoStreetLight,No,NoIntersection,Normal,Other,3,Friday,20,False,False
201800004783,NonLethal,Daylight,No,T-type,Normal,3+Vehicles-Multiple,6,Friday,17,False,False
201800022039,NonLethal,Daylight,Yes,X-type,Normal,2Vehicles-Side,4,Wednesday,7,False,False
201800027430,NonLethal,Daylight,Yes,Roundabout,Normal,Other,9,Monday,17,False,False
201800008979,NonLethal,NightStreelightsOn,Yes,X-type,Normal,2Vehicles-Side,10,Friday,21,False,False
201800045543,NonLethal,NightStreelightsOff,No,NoIntersection,Normal,2Vehicles-Behind,6,Tuesday,1,False,True
201800048843,NonLethal,TwilightOrDawn,No,NoIntersection,LightRain,2Vehicles-Side,12,Monday,9,False,False
201800051435,NonLethal,NightStreelightsOn,Yes,X-type,LightRain,Other,1,Wednesday,17,False,False
201800000487,NonLethal,TwilightOrDawn,Yes,T-type,LightRain,Other,12,Friday,8,False,False
201800021591,Lethal,Daylight,No,Other,Normal,3+Vehicles-Multiple,7,Friday,15,False,False
201800003528,NonLethal,Daylight,No,NoIntersection,Normal,2Vehicles-BehindVehicles-Frontal,9,Sunday,10,True,False
201800033145,NonLethal,Daylight,Yes,NoIntersection,Normal,Other,7,Sunday,10,True,False
201800051809,NonLethal,Daylight,Yes,NoIntersection,Normal,Other,9,Friday,18,False,False
201800050960,NonLethal,Daylight,Yes,X-type,Normal,3+Vehicles-Multiple,12,Wednesday,12,False,False
201800022113,NonLethal,TwilightOrDawn,Yes,NoIntersection,Normal,Other,10,Tuesday,7,False,False
201800023742,NonLethal,Daylight,No,NoIntersection,Normal,2Vehicles-BehindVehicles-Frontal,6,Thursday,14,False,False
201800040905,NonLethal,Daylight,Yes,NoIntersection,VeryGood,2Vehicles-Side,6,Thursday,17,False,False
201800002538,NonLethal,NightNoStreetLight,No,NoIntersection,Normal,2Vehicles-BehindVehicles-Frontal,2,Thursday,20,False,False
201800019537,NonLethal,Daylight,Yes,T-type,Normal,3+Vehicles-Multiple,11,Wednesday,17,False,False
201800031762,NonLethal,NightNoStreetLight,Yes,NoIntersection,Normal,2Vehicles-Behind,6,Sunday,22,True,False
201800000262,NonLethal,Daylight,Yes,NoIntersection,Normal,2Vehicles-Behind,7,Tuesday,18,False,False
201800029505,NonLethal,Daylight,Yes,NoIntersection,Normal,2Vehicles-BehindVehicles-Frontal,4,Sunday,18,True,False
201800013754,NonLethal,Daylight,Yes,NoIntersection,Normal,Other,9,Monday,18,False,False
201800004088,NonLethal,NightNoStreetLight,No,X-type,LightRain,2Vehicles-Side,11,Monday,23,False,False
201800033296,NonLethal,Daylight,Yes,NoIntersection,Overcast,2Vehicles-BehindVehicles-Frontal,5,Thursday,8,False,False
201800018710,NonLethal,Daylight,No,Y-type,Normal,2Vehicles-Side,8,Saturday,11,True,False
201800043510,NonLethal,Daylight,Yes,NoIntersection,Normal,2Vehicles-Side,5,Tuesday,14,False,False
201800002884,NonLethal,TwilightOrDawn,Yes,Y-type,HeavyRain,2Vehicles-BehindVehicles-Frontal,1,Thursday,16,False,False
201800037821,NonLethal,Daylight,Yes,NoIntersection,Normal,2Vehicles-Behind,6,Friday,15,False,False
201800016232,NonLethal,Daylight,Yes,NoIntersection,Normal,2Vehicles-Behind,10,Wednesday,10,False,False
201800030570,NonLethal,Daylight,Yes,NoIntersection,Normal,NoCollision,5,Wednesday,14,False,False
201800008968,NonLethal,Daylight,Yes,NoIntersection,Normal,Other,5,Wednesday,11,False,False
201800018083,NonLethal,Daylight,Yes,NoIntersection,Normal,2Vehicles-Side,6,Thursday,15,False,False
201800034461,NonLethal,Daylight,Yes,NoIntersection,LightRain,Other,12,Sunday,13,True,False
201800052016,NonLethal,Daylight,Yes,NoIntersection,HeavyRain,2Vehicles-Behind,4,Monday,12,False,False
201800051006,NonLethal,NightStreelightsOn,Yes,Square,Normal,2Vehicles-Behind,2,Wednesday,20,False,False
201800015761,NonLethal,TwilightOrDawn,No,NoIntersection,HeavyRain,2Vehicles-Side,12,Friday,8,False,False
201800004642,Lethal,Daylight,Yes,NoIntersection,Normal,Other,4,Tuesday,12,False,False
201800053296,NonLethal,NightStreelightsOff,Yes,NoIntersection,Normal,2Vehicles-Side,3,Monday,19,False,False
201800029689,NonLethal,Daylight,Yes,X-type,Normal,2Vehicles-Side,5,Sunday,15,True,False
201800031402,NonLethal,Daylight,Yes,T-type,Normal,2Vehicles-Side,11,Friday,14,False,False
201800036689,NonLethal,Daylight,Yes,X-type,Normal,2Vehicles-Behind,1,Tuesday,10,False,False
201800049396,NonLethal,Daylight,No,NoIntersection,Normal,Other,6,Saturday,16,True,False
201800042517,NonLethal,Daylight,Yes,NoIntersection,Normal,Other,11,Sunday,14,True,False
201800011470,NonLethal,Daylight,No,NoIntersection,Normal,Other,4,Tuesday,15,False,False
201800031781,NonLethal,Daylight,Yes,NoIntersection,Normal,Other,6,Saturday,12,True,False
201800039471,NonLethal,NightStreelightsOn,Yes,NoIntersection,LightRain,2Vehicles-Side,3,Wednesday,7,False,False
201800034311,Lethal,TwilightOrDawn,No,NoIntersection,LightRain,Other,1,Monday,8,False,False
201800009568,NonLethal,Daylight,Yes,NoIntersection,LightRain,Other,8,Wednesday,13,False,False
201800006998,NonLethal,Daylight,Yes,Y-type,Normal,Other,2,Thursday,9,False,False
201800027256,NonLethal,Daylight,Yes,NoIntersection,Normal,Other,4,Monday,13,False,False
201800009625,NonLethal,Daylight,Yes,T-type,Normal,2Vehicles-Side,8,Friday,15,False,False
201800046782,NonLethal,Daylight,No,NoIntersection,Normal,Other,7,Wednesday,6,False,True
201800043084,NonLethal,Daylight,Yes,NoIntersection,Normal,3+Vehicles-Chain,11,Sunday,9,True,False
201800001841,NonLethal,Daylight,Yes,Y-type,Normal,2Vehicles-Side,10,Tuesday,14,False,False
201800040840,NonLethal,Daylight,Yes,NoIntersection,Normal,Other,3,Thursday,12,False,False
201800003939,NonLethal,Daylight,Yes,Other,Normal,Other,12,Tuesday,8,False,False
201800028342,NonLethal,Daylight,Yes,NoIntersection,Normal,Other,2,Tuesday,14,False,False
201800011938,NonLethal,Daylight,No,NoIntersection,Normal,NoCollision,6,Thursday,20,False,False
201800001899,NonLethal,NightStreelightsOn,Yes,NoIntersection,LightRain,Other,1,Thursday,5,False,True
201800052706,NonLethal,Daylight,Yes,T-type,Normal,2Vehicles-BehindVehicles-Frontal,4,Saturday,11,True,False
201800050538,NonLethal,Daylight,Yes,X-type,HeavyRain,Other,3,Tuesday,11,False,False
201800043881,NonLethal,Daylight,No,NoIntersection,LightRain,2Vehicles-Side,3,Tuesday,9,False,False
201800015379,NonLethal,Daylight,No,T-type,Normal,2Vehicles-Behind,5,Tuesday,11,False,False
201800056179,NonLethal,Daylight,Yes,NoIntersection,Normal,2Vehicles-Side,8,Sunday,13,True,False
201800055783,Lethal,NightNoStreetLight,No,NoIntersection,Normal,Other,12,Thursday,1,False,True
201800050240,NonLethal,Daylight,Yes,X-type,Normal,2Vehicles-Side,6,Monday,15,False,False
201800037236,NonLethal,NightStreelightsOn,Yes,NoIntersection,Normal,2Vehicles-Side,2,Tuesday,19,False,False
201800010214,NonLethal,Daylight,Yes,NoIntersection,LightRain,2Vehicles-Side,12,Wednesday,12,False,False
201800044095,NonLethal,Daylight,No,NoIntersection,Normal,NoCollision,7,Tuesday,16,False,False
201800021235,NonLethal,Daylight,Yes,NoIntersection,LightRain,Other,3,Friday,15,False,False
201800040086,NonLethal,NightStreelightsOn,Yes,X-type,SnowOrHail,NoCollision,2,Saturday,1,True,True
201800020150,NonLethal,NightNoStreetLight,No,NoIntersection,Normal,Other,2,Saturday,23,True,False
201800014160,Lethal,Daylight,No,NoIntersection,Normal,Other,7,Monday,8,False,False
201800052001,NonLethal,NightStreelightsOn,Yes,T-type,Normal,2Vehicles-BehindVehicles-Frontal,4,Friday,23,False,False
201800008833,NonLethal,Daylight,Yes,X-type,Normal,2Vehicles-Side,10,Thursday,13,False,False
201800033037,NonLethal,Daylight,Yes,NoIntersection,Normal,2Vehicles-Side,11,Monday,10,False,False
201800036930,NonLethal,Daylight,No,NoIntersection,Normal,2Vehicles-Behind,10,Monday,16,False,False
201800054268,NonLethal,NightStreelightsOn,Yes,Square,Normal,Other,11,Sunday,22,True,False
201800044816,NonLethal,Daylight,No,NoIntersection,Normal,2Vehicles-Behind,4,Wednesday,11,False,False
201800052064,NonLethal,Daylight,Yes,NoIntersection,Normal,NoCollision,6,Friday,16,False,False
201800024729,NonLethal,NightStreelightsOn,Yes,X-type,LightRain,2Vehicles-Side,4,Saturday,21,True,False
201800002860,NonLethal,Daylight,No,T-type,Normal,2Vehicles-Side,12,Saturday,15,True,False
201800043561,NonLethal,Daylight,Yes,NoIntersection,Normal,Other,4,Monday,20,False,False
201800046697,NonLethal,Daylight,No,NoIntersection,Normal,2Vehicles-Side,6,Monday,9,False,False
201800052827,NonLethal,NightStreelightsOn,Yes,NoIntersection,Normal,2Vehicles-Side,9,Thursday,19,False,False
201800037247,NonLethal,Daylight,Yes,T-type,LightRain,NoCollision,6,Sunday,19,True,False
201800013436,NonLethal,Daylight,No,X-type,Normal,2Vehicles-Side,11,Wednesday,13,False,False
201800001877,NonLethal,Daylight,No,T-type,Normal,2Vehicles-BehindVehicles-Frontal,7,Wednesday,13,False,False
201800028179,NonLethal,Daylight,Yes,NoIntersection,Normal,3+Vehicles-Chain,12,Tuesday,16,False,False
201800032521,NonLethal,Daylight,Yes,X-type,Normal,2Vehicles-Side,3,Thursday,17,False,False
201800028470,NonLethal,Daylight,Yes,NoIntersection,Normal,2Vehicles-Behind,5,Monday,12,False,False
201800020541,NonLethal,Daylight,Yes,NoIntersection,Normal,Other,8,Sunday,16,True,False
201800021337,Lethal,Daylight,Yes,NoIntersection,Normal,Other,12,Sunday,7,True,False
201800028907,NonLethal,Daylight,Yes,NoIntersection,Normal,Other,4,Wednesday,11,False,False
201800033622,NonLethal,NightNoStreetLight,No,NoIntersection,HeavyRain,Other,11,Sunday,6,True,True
201800039288,NonLethal,Daylight,Yes,NoIntersection,Normal,2Vehicles-Side,6,Friday,18,False,False
201800003656,NonLethal,TwilightOrDawn,No,T-type,Normal,2Vehicles-BehindVehicles-Frontal,11,Friday,18,False,False
201800035907,NonLethal,Daylight,Yes,NoIntersection,Normal,Other,6,Tuesday,9,False,False
201800029127,NonLethal,Daylight,No,Roundabout,Normal,2Vehicles-Side,8,Saturday,17,True,False
201800022897,NonLethal,NightStreelightsOn,No,NoIntersection,Normal,NoCollision,1,Wednesday,1,False,True
201800017476,NonLethal,Daylight,No,Other,Normal,NoCollision,3,Saturday,14,True,False
201800000594,NonLethal,Daylight,No,NoIntersection,VeryGood,Other,5,Wednesday,17,False,False
201800008862,NonLethal,NightStreelightsOn,Yes,X-type,Normal,2Vehicles-Side,4,Monday,1,False,True
201800055164,NonLethal,Daylight,Yes,NoIntersection,Normal,Other,10,Saturday,13,True,False
201800053593,NonLethal,NightStreelightsOn,Yes,X-type,LightRain,Other,11,Sunday,17,True,False
201800006984,NonLethal,Daylight,No,Y-type,Other,2Vehicles-BehindVehicles-Frontal,5,Thursday,10,False,False
201800008882,NonLethal,NightStreelightsOn,Yes,NoIntersection,Normal,2Vehicles-Side,4,Friday,5,False,True
201800044933,NonLethal,Daylight,No,NoIntersection,Normal,2Vehicles-Behind,1,Saturday,9,True,False
201800034165,NonLethal,Daylight,No,NoIntersection,Normal,2Vehicles-BehindVehicles-Frontal,4,Tuesday,9,False,False
201800024075,NonLethal,NightStreelightsOn,Yes,X-type,LightRain,2Vehicles-BehindVehicles-Frontal,12,Saturday,20,True,False
201800016788,NonLethal,Daylight,No,NoIntersection,Normal,2Vehicles-BehindVehicles-Frontal,9,Wednesday,13,False,False
201800029754,NonLethal,Daylight,Yes,NoIntersection,Normal,2Vehicles-Behind,3,Tuesday,17,False,False
201800031847,NonLethal,Daylight,Yes,NoIntersection,Normal,Other,7,Sunday,16,True,False
201800054746,NonLethal,Daylight,Yes,NoIntersection,Normal,2Vehicles-Side,6,Saturday,19,True,False
201800037363,NonLethal,Daylight,Yes,NoIntersection,Normal,NoCollision,6,Friday,19,False,False
201800002378,Lethal,Daylight,Yes,NoIntersection,Normal,NoCollision,8,Thursday,16,False,False
201800054315,NonLethal,NightStreelightsOn,Yes,MoreThan4Branches,LightRain,Other,1,Tuesday,1,False,True
201800041576,NonLethal,Daylight,Yes,NoIntersection,Normal,3+Vehicles-Chain,7,Friday,13,False,False
201800004170,NonLethal,Daylight,Yes,NoIntersection,Normal,Other,12,Monday,13,False,False
201800033911,NonLethal,NightStreelightsOn,Yes,NoIntersection,LightRain,Other,12,Thursday,4,False,True
201800034831,NonLethal,Daylight,Yes,X-type,Normal,2Vehicles-Side,6,Monday,14,False,False
201800053075,NonLethal,Daylight,Yes,X-type,Normal,2Vehicles-Side,7,Sunday,20,True,False
201800049422,NonLethal,Daylight,No,NoIntersection,Normal,3+Vehicles-Chain,7,Thursday,17,False,False
201800005388,NonLethal,Daylight,Yes,NoIntersection,LightRain,Other,5,Wednesday,14,False,False
201800039659,Lethal,Daylight,Yes,T-type,Normal,2Vehicles-Side,9,Monday,7,False,False
201800041230,NonLethal,Daylight,Yes,NoIntersection,Normal,Other,5,Sunday,15,True,False
201800011571,Lethal,Daylight,No,NoIntersection,Normal,Other,3,Saturday,10,True,False
201800045179,NonLethal,Daylight,No,NoIntersection,Normal,3+Vehicles-Multiple,7,Monday,14,False,False
201800003966,NonLethal,Daylight,Yes,NoIntersection,Normal,Other,2,Wednesday,18,False,False
201800008317,NonLethal,NightStreelightsOn,Yes,T-type,LightRain,2Vehicles-Side,1,Monday,20,False,False
201800008607,NonLethal,Daylight,Yes,T-type,Normal,Other,2,Tuesday,17,False,False
201800039960,NonLethal,Daylight,Yes,NoIntersection,Normal,Other,5,Sunday,14,True,False
201800021740,NonLethal,NightNoStreetLight,No,NoIntersection,Normal,NoCollision,7,Sunday,3,True,True