AccidentId,Gravity,Light,InAgglomeration,IntersectionType,Weather,CollisionType,Month,DayOfWeek,HourOfDay,IsWeekend,IsNight
201800048684,NonLethal,NightStreelightsOn,Yes,NoIntersection,Normal,NoCollision,11,Thursday,20,False,False
201800051158,NonLethal,Daylight,Yes,MoreThan4Branches,Normal,2Vehicles-Side,7,Monday,18,False,False
201800039975,NonLethal,Daylight,Yes,NoIntersection,Normal,Other,6,Thursday,6,False,True
201800007914,NonLethal,NightNoStreetLight,No,NoIntersection,Normal,2Vehicles-Behind,12,Wednesday,17,False,False
201800047859,NonLethal,NightStreelightsOn,Yes,NoIntersection,LightRain,2Vehicles-Side,12,Monday,19,False,False
201800000205,NonLethal,Daylight,Yes,NoIntersection,Normal,NoCollision,8,Friday,16,False,False
201800005758,NonLethal,Daylight,Yes,T-type,Normal,2Vehicles-Side,10,Monday,9,False,False
201800046926,NonLethal,Daylight,No,NoIntersection,Normal,3+Vehicles-Chain,10,Wednesday,14,False,False
201800017670,NonLethal,NightNoStreetLight,No,NoIntersection,Normal,Other,5,Saturday,1,True,True
201800050979,NonLethal,Daylight,Yes,X-type,LightRain,2Vehicles-Side,1,Monday,11,False,False
201800011132,NonLethal,NightNoStreetLight,No,NoIntersection,Normal,2Vehicles-Behind,9,Sunday,21,True,False
201800034229,NonLethal,Daylight,No,NoIntersection,Normal,2Vehicles-Side,6,Wednesday,7,False,False
201800011886,NonLethal,NightNoStreetLight,No,NoIntersection,Normal,Other,7,Sunday,5,True,True
201800014217,NonLethal,Daylight,Yes,NoIntersection,Normal,Other,11,Wednesday,10,False,False
201800053720,NonLethal,NightStreelightsOn,Yes,Y-type,LightRain,2Vehicles-Behind,3,Saturday,23,True,False
201800035664,NonLethal,Daylight,Yes,NoIntersection,Normal,Other,3,Wednesday,8,False,False
201800040598,NonLethal,Daylight,Yes,NoIntersection,Normal,Other,5,Monday,11,False,False
201800020495,NonLethal,Daylight,Yes,NoIntersection,Normal,2Vehicles-Side,4,Saturday,12,True,False
201800031530,NonLethal,Daylight,Yes,NoIntersection,Normal,2Vehicles-Behind,5,Wednesday,15,False,False
201800050672,NonLethal,Daylight,Yes,Square,Normal,Other,3,Wednesday,13,False,False
201800032917,NonLethal,Daylight,Yes,NoIntersection,Normal,2Vehicles-Side,4,Wednesday,7,False,False
201800037785,NonLethal,Daylight,Yes,NoIntersection,Normal,2Vehicles-BehindVehicles-Frontal,3,Monday,15,False,False
201800007037,NonLethal,Daylight,No,NoIntersection,Normal,Other,10,Monday,12,False,False
201800025291,NonLethal,Daylight,Yes,Roundabout,Normal,2Vehicles-Behind,12,Tuesday,10,False,False
201800016124,NonLethal,Daylight,No,NoIntersection,Normal,2Vehicles-Side,2,Thursday,13,False,False
201800035621,NonLethal,NightStreelightsOn,Yes,NoIntersection,LightRain,Other,10,Saturday,17,True,False
201800009074,NonLethal,Daylight,Yes,NoIntersection,Normal,2Vehicles-Behind,5,Wednesday,13,False,False
201800055748,NonLethal,NightStreelightsOn,Yes,NoIntersection,Normal,2Vehicles-Side,12,Tuesday,18,False,False
201800002458,NonLethal,Daylight,No,T-type,Normal,2Vehicles-Side,7,Tuesday,17,False,False
201800052039,NonLethal,Daylight,Yes,NoIntersection,Overcast,2Vehicles-Side,5,Tuesday,14,False,False
201800015184,NonLethal,TwilightOrDawn,No,NoIntersection,HeavyRain,Other,1,Monday,17,False,False
201800055027,NonLethal,Daylight,Yes,NoIntersection,Normal,3+Vehicles-Chain,5,Wednesday,15,False,False
201800051336,NonLethal,Daylight,Yes,Square,Normal,2Vehicles-Side,4,Sunday,19,True,False
201800048304,NonLethal,Daylight,Yes,X-type,Normal,2Vehicles-Side,5,Sunday,13,True,False
201800023701,NonLethal,Daylight,Yes,Roundabout,VeryGood,NoCollision,7,Monday,8,False,False
201800031817,NonLethal,Daylight,Yes,T-type,Normal,2Vehicles-Side,7,Saturday,19,True,False
201800005241,NonLethal,Daylight,Yes,Square,Normal,Other,4,Friday,11,False,False
201800001424,NonLethal,Daylight,No,X-type,LightRain,2Vehicles-Side,8,Monday,11,False,False
201800015132,NonLethal,Daylight,No,NoIntersection,Normal,2Vehicles-Side,11,Saturday,15,True,False
201800019362,NonLethal,Daylight,No,T-type,Normal,2Vehicles-Side,4,Tuesday,18,False,False
201800004259,NonLethal,NightStreelightsOn,Yes,Other,Normal,Other,7,Wednesday,22,False,False
201800003495,NonLethal,NightNoStreetLight,No,NoIntersection,LightRain,Other,1,Tuesday,4,False,True
201800044495,NonLethal,Daylight,No,NoIntersection,StrongWindOrStorm,2Vehicles-Side,3,Thursday,14,False,False
201800002776,NonLethal,NightStreelightsOn,Yes,NoIntersection,Normal,Other,5,Monday,2,False,True
201800049903,NonLethal,Daylight,No,NoIntersection,Normal,2Vehicles-Behind,6,Friday,14,False,False
201800055077,Lethal,NightStreelightsOn,Yes,NoIntersection,Normal,3+Vehicles-Multiple,7,Sunday,23,True,False
201800048965,NonLethal,Daylight,No,NoIntersection,Normal,3+Vehicles-Chain,7,Monday,11,False,False
201800018115,NonLethal,Daylight,No,NoIntersection,Normal,2Vehicles-BehindVehicles-Frontal,3,Tuesday,10,False,False
201800056262,NonLethal,NightStreelightsOn,Yes,T-type,Normal,2Vehicles-BehindVehicles-Frontal,5,Wednesday,19,False,False
201800012107,NonLethal,Daylight,Yes,X-type,LightRain,2Vehicles-BehindVehicles-Frontal,5,Thursday,21,False,False
201800024182,NonLethal,TwilightOrDawn,Yes,NoIntersection,Overcast,Other,11,Thursday,7,False,False
201800054646,NonLethal,NightStreelightsOn,Yes,X-type,LightRain,NoCollision,1,Tuesday,20,False,False
201800028612,NonLethal,Daylight,Yes,NoIntersection,LightRain,Other,3,Monday,14,False,False
201800036596,NonLethal,NightStreelightsOn,Yes,NoIntersection,Normal,2Vehicles-Side,5,Sunday,22,True,False
201800023073,NonLethal,Daylight,Yes,T-type,Normal,2Vehicles-Side,5,Thursday,10,False,False
201800015970,NonLethal,Daylight,No,NoIntersection,Normal,2Vehicles-Behind,10,Saturday,17,True,False
201800020310,NonLethal,NightStreelightsOn,Yes,NoIntersection,Normal,Other,12,Thursday,23,False,False
201800029634,NonLethal,NightStreelightsOn,Yes,Roundabout,LightRain,Other,11,Saturday,18,True,False
201800027737,NonLethal,Daylight,Yes,X-type,Overcast,Other,5,Saturday,11,True,False
201800007607,NonLethal,NightStreelightsOn,Yes,T-type,Normal,2Vehicles-Side,4,Saturday,22,True,False
201800038100,NonLethal,Daylight,Yes,NoIntersection,LightRain,2Vehicles-Behind,12,Wednesday,16,False,False
201800002687,NonLethal,Daylight,Yes,Y-type,Normal,2Vehicles-BehindVehicles-Frontal,2,Tuesday,16,False,False
201800057778,NonLethal,Daylight,Yes,NoIntersection,Normal,2Vehicles-BehindVehicles-Frontal,12,Friday,8,False,False
201800017074,Lethal,TwilightOrDawn,Yes,X-type,Normal,2Vehicles-Side,8,Monday,6,False,True
201800018528,NonLethal,NightNoStreetLight,No,NoIntersection,Normal,2Vehicles-Behind,10,Friday,17,False,False
201800019265,NonLethal,Daylight,No,NoIntersection,Normal,2Vehicles-BehindVehicles-Frontal,8,Monday,17,False,False
201800053538,NonLethal,NightStreelightsOn,Yes,Y-type,Normal,Other,9,Friday,4,False,True
201800056364,NonLethal,Daylight,No,NoIntersection,Normal,2Vehicles-BehindVehicles-Frontal,10,Saturday,9,True,False
201800024556,NonLethal,Daylight,No,NoIntersection,VeryGood,Other,3,Monday,19,False,False
201800029724,NonLethal,NightStreelightsOn,Yes,NoIntersection,Normal,Other,9,Saturday,20,True,False
201800029949,NonLethal,NightStreelightsOn,Yes,NoIntersection,Normal,Other,5,Thursday,20,False,False
201800007228,NonLethal,NightNoStreetLight,No,X-type,Normal,2Vehicles-Side,3,Friday,18,False,False
201800033279,NonLethal,Daylight,Yes,Y-type,LightRain,Other,2,Saturday,12,True,False
201800043062,NonLethal,NightStreelightsOn,Yes,X-type,Normal,2Vehicles-Side,10,Monday,21,False,False
201800000406,NonLethal,NightNoStreetLight,No,NoIntersection,FogOrSmoke,Other,1,Saturday,3,True,True
201800024538,NonLethal,NightStreelightsOn,Yes,X-type,LightRain,2Vehicles-Side,12,Sunday,6,True,True
201800048149,NonLethal,Daylight,Yes,NoIntersection,Normal,Other,3,Saturday,14,True,False
201800025045,NonLethal,TwilightOrDawn,Yes,NoIntersection,Normal,Other,11,Friday,8,False,False
201800007805,NonLethal,NightStreelightsOn,Yes,T-type,Normal,2Vehicles-Side,10,Tuesday,21,False,False
201800033877,NonLethal,Daylight,Yes,T-type,Normal,Other,11,Tuesday,10,False,False
201800014656,NonLethal,NightNoStreetLight,No,NoIntersection,Normal,NoCollision,2,Friday,18,False,False
201800031180,NonLethal,Daylight,Yes,NoIntersection,Normal,Other,1,Thursday,13,False,False
201800037300,NonLethal,Daylight,Yes,NoIntersection,Normal,Other,9,Friday,14,False,False
201800020810,Lethal,NightStreelightsOff,No,NoIntersection,Normal,Other,1,Friday,22,False,False
201800001838,NonLethal,Daylight,Yes,X-type,Normal,2Vehicles-Side,6,Saturday,14,True,False
201800008621,NonLethal,Daylight,Yes,LevelCrossing,Normal,Other,1,Wednesday,16,False,False
201800018464,NonLethal,Daylight,No,NoIntersection,Normal,2Vehicles-BehindVehicles-Frontal,2,Saturday,15,True,False
201800023669,NonLethal,TwilightOrDawn,No,NoIntersection,Normal,Other,2,Tuesday,6,False,True
201800034943,NonLethal,Daylight,Yes,T-type,FogOrSmoke,2Vehicles-Side,12,Sunday,11,True,False
201800054215,NonLethal,Daylight,Yes,NoIntersection,Normal,Other,9,Thursday,10,False,False
201800011503,NonLethal,TwilightOrDawn,No,T-type,SnowOrHail,Other,1,Wednesday,7,False,False
201800056561,NonLethal,Daylight,Yes,T-type,Normal,2Vehicles-Side,9,Monday,8,False,False
201800036426,NonLethal,Daylight,No,NoIntersection,LightRain,Other,4,Sunday,15,True,False
201800000131,NonLethal,Daylight,No,T-type,Normal,2Vehicles-Behind,6,Wednesday,9,False,False
201800019572,NonLethal,Daylight,Yes,NoIntersection,Normal,NoCollision,10,Tuesday,9,False,False
201800043051,NonLethal,Daylight,Yes,NoIntersection,Normal,Other,9,Saturday,17,True,False
201800019560,NonLethal,NightStreelightsOn,Yes,NoIntersection,Normal,Other,1,Tuesday,18,False,False
201800042338,NonLethal,Daylight,No,X-type,Normal,2Vehicles-Behind,8,Wednesday,8,False,False
201800034993,NonLethal,Daylight,Yes,NoIntersection,Normal,2Vehicles-Side,2,Wednesday,16,False,False
201800022876,NonLethal,TwilightOrDawn,Yes,T-type,Normal,NoCollision,11,Thursday,17,False,False
201800000351,NonLethal,NightNoStreetLight,No,Other,Normal,2Vehicles-BehindVehicles-Frontal,6,Sunday,23,True,False
201800019772,NonLethal,Daylight,No,Roundabout,Normal,2Vehicles-Behind,10,Thursday,17,False,False
201800043103,NonLethal,Daylight,Yes,NoIntersection,LightRain,NoCollision,10,Monday,9,False,False
201800007594,NonLethal,NightNoStreetLight,No,NoIntersection,LightRain,NoCollision,3,Sunday,20,True,False
201800054348,NonLethal,NightStreelightsOn,Yes,T-type,LightRain,Other,3,Sunday,23,True,False
201800024156,NonLethal,Daylight,Yes,NoIntersection,Normal,2Vehicles-BehindVehicles-Frontal,5,Wednesday,17,False,False
201800033953,NonLethal,NightStreelightsOn,Yes,X-type,Normal,Other,2,Sunday,21,True,False
201800020484,Lethal,NightNoStreetLight,Yes,NoIntersection,FogOrSmoke,2Vehicles-BehindVehicles-Frontal,10,Thursday,0,False,True
201800052903,NonLethal,NightStreelightsOn,Yes,Y-type,Normal,Other,12,Saturday,2,True,True
201800029885,NonLethal,Daylight,Yes,NoIntersection,Normal,Other,10,Monday,9,False,False
201800053878,NonLethal,Daylight,Yes,NoIntersection,Normal,2Vehicles-Behind,9,Tuesday,7,False,False
201800013944,NonLethal,Daylight,No,NoIntersection,Normal,2Vehicles-BehindVehicles-Frontal,1,Tuesday,17,False,False
201800054091,NonLethal,Daylight,Yes,X-type,Normal,Other,8,Sunday,16,True,False
201800045894,NonLethal,Daylight,No,NoIntersection,Normal,2Vehicles-Behind,1,Saturday,18,True,False
201800012370,NonLethal,NightNoStreetLight,No,NoIntersection,Normal,Other,11,Thursday,20,False,False
201800030231,NonLethal,Daylight,Yes,NoIntersection,Normal,2Vehicles-Side,6,Thursday,20,False,False
201800046144,NonLethal,Daylight,No,NoIntersection,Normal,Other,10,Tuesday,12,False,False
201800055535,NonLethal,Daylight,Yes,NoIntersection,Normal,3+Vehicles-Multiple,7,Friday,20,False,False
201800022446,NonLethal,NightStreelightsOn,Yes,NoIntersection,HeavyRain,Other,4,Sunday,17,True,False
201800011369,NonLethal,Daylight,No,NoIntersection,LightRain,2Vehicles-BehindVehicles-Frontal,3,Friday,13,False,False
201800031528,NonLethal,Daylight,Yes,NoIntersection,Normal,2Vehicles-Side,4,Friday,15,False,False
201800021391,NonLethal,NightStreelightsOn,Yes,NoIntersection,LightRain,Other,9,Sunday,18,True,False
201800047149,NonLethal,NightNoStreetLight,No,NoIntersection,Normal,Other,12,Tuesday,7,False,False
201800009522,NonLethal,NightStreelightsOff,Yes,T-type,Normal,2Vehicles-Side,12,Saturday,23,True,False
201800052494,NonLethal,NightStreelightsOn,Yes,Square,Normal,2Vehicles-Side,8,Tuesday,23,False,False
201800006846,Lethal,TwilightOrDawn,Yes,NoIntersection,LightRain,Other,12,Friday,16,False,False
201800040669,NonLethal,NightStreelightsOn,Yes,NoIntersection,LightRain,Other,4,Monday,5,False,True
201800012557,Lethal,Daylight,No,NoIntersection,Normal,Other,4,Friday,13,False,False
201800008903,NonLethal,Daylight,Yes,NoIntersection,Normal,NoCollision,4,Tuesday,11,False,False
201800007377,NonLethal,Daylight,Yes,X-type,Normal,2Vehicles-Side,8,Friday,14,False,False
201800029805,NonLethal,NightStreelightsOn,Yes,NoIntersection,Normal,Other,12,Sunday,17,True,False
201800044586,NonLethal,NightStreelightsOff,No,NoIntersection,Normal,Other,2,Thursday,22,False,False
201800028490,NonLethal,Daylight,Yes,NoIntersection,Normal,2Vehicles-Behind,7,Monday,20,False,False
201800024495,NonLethal,NightStreelightsOn,Yes,NoIntersection,Normal,NoCollision,11,Tuesday,23,False,False
201800049673,Lethal,NightNoStreetLight,No,NoIntersection,Normal,3+Vehicles-Chain,1,Tuesday,23,False,False
201800021435,NonLethal,Daylight,Yes,NoIntersection,Normal,2Vehicles-Behind,9,Monday,10,False,False
201800043340,NonLethal,Daylight,Yes,NoIntersection,Normal,Other,8,Wednesday,10,False,False
201800036783,NonLethal,Daylight,Yes,NoIntersection,Normal,3+Vehicles-Chain,9,Sunday,11,True,False
201800014677,NonLethal,Daylight,No,NoIntersection,Normal,2Vehicles-BehindVehicles-Frontal,8,Thursday,15,False,False
201800007425,NonLethal,Daylight,Yes,NoIntersection,Normal,Other,9,Saturday,13,True,False
201800036358,NonLethal,Daylight,Yes,Y-type,Normal,2Vehicles-Side,4,Sunday,15,True,False
201800017186,NonLethal,Daylight,Yes,Other,Normal,2Vehicles-BehindVehicles-Frontal,12,Saturday,11,True,False
201800034992,NonLethal,Daylight,Yes,X-type,Normal,2Vehicles-Side,2,Thursday,7,False,False
201800053464,NonLethal,Daylight,Yes,NoIntersection,Normal,2Vehicles-Behind,7,Tuesday,15,False,False
201800019853,NonLethal,Daylight,Yes,T-type,Normal,2Vehicles-Behind,6,Saturday,14,True,False
201800047730,NonLethal,Daylight,Yes,MoreThan4Branches,Normal,NoCollision,5,Thursday,8,False,False
201800044252,NonLethal,NightNoStreetLight,No,NoIntersection,Normal,2Vehicles-Side,9,Friday,21,False,False
201800028431,NonLethal,Daylight,Yes,NoIntersection,Normal,2Vehicles-BehindVehicles-Frontal,5,Monday,7,False,False
201800011371,NonLethal,Daylight,No,X-type,LightRain,2Vehicles-BehindVehicles-Frontal,3,Friday,9,False,False
201800013998,Lethal,Daylight,Yes,NoIntersection,Normal,Other,8,Monday,9,False,False
201800053562,NonLethal,Daylight,Yes,X-type,Normal,2Vehicles-Side,10,Tuesday,8,False,False
201800011329,NonLethal,Daylight,Yes,NoIntersection,Normal,Other,9,Sunday,15,True,False
201800018259,NonLethal,Daylight,No,NoIntersection,Normal,2Vehicles-BehindVehicles-Frontal,11,Thursday,13,False,False
201800005344,NonLethal,NightStreelightsOn,Yes,NoIntersection,Normal,Other,2,Friday,19,False,False
201800049721,NonLethal,Daylight,No,NoIntersection,LightRain,2Vehicles-Behind,5,Thursday,15,False,False
201800002111,NonLethal,TwilightOrDawn,Yes,NoIntersection,Normal,2Vehicles-BehindVehicles-Frontal,10,Thursday,19,False,False
201800033066,NonLethal,Daylight,Yes,Y-type,Normal,2Vehicles-BehindVehicles-Frontal,1,Saturday,12,True,False
201800015156,NonLethal,Daylight,No,X-type,Normal,2Vehicles-Side,4,Tuesday,12,False,False
201800037075,NonLethal,Daylight,Yes,X-type,Normal,2Vehicles-BehindVehicles-Frontal,1,Monday,19,False,False
201800033138,NonLethal,Daylight,Yes,NoIntersection,Normal,Other,8,Tuesday,6,False,True
201800005563,NonLethal,Daylight,Yes,NoIntersection,Normal,2Vehicles-BehindVehicles-Frontal,1,Sunday,15,True,False
201800012480,NonLethal,Daylight,No,T-type,Normal,2Vehicles-BehindVehicles-Frontal,7,Tuesday,19,False,False
201800010244,NonLethal,NightStreelightsOn,Yes,NoIntersection,Normal,NoCollision,12,Friday,17,False,False
201800045865,NonLethal,Daylight,No,NoIntersection,Normal,2Vehicles-Behind,5,Saturday,17,True,False
201800012132,Lethal,Daylight,No,NoIntersection,Normal,NoCollision,12,Thursday,16,False,False
201800023910,NonLethal,Daylight,Yes,T-type,Normal,2Vehicles-Side,5,Friday,18,False,False
201800053180,NonLethal,Daylight,Yes,NoIntersection,Normal,Other,11,Friday,11,False,False
201800025213,NonLethal,Daylight,Yes,NoIntersection,Normal,2Vehicles-Side,1,Friday,8,False,False
201800038152,NonLethal,Daylight,Yes,NoIntersection,Normal,2Vehicles-Behind,10,Thursday,9,False,False
201800025638,NonLethal,NightStreelightsOn,Yes,NoIntersection,Normal,Other,9,Wednesday,20,False,False
201800028323,NonLethal,Daylight,Yes,NoIntersection,Normal,2Vehicles-Behind,2,Friday,14,False,False
201800020687,NonLethal,Daylight,Yes,NoIntersection,Normal,Other,6,Tuesday,10,False,False
201800003626,NonLethal,Daylight,No,NoIntersection,Normal,NoCollision,1,Sunday,12,True,False
201800050677,NonLethal,Daylight,Yes,X-type,Normal,Other,4,Wednesday,15,False,False
201800027244,NonLethal,Daylight,Yes,NoIntersection,Normal,2Vehicles-Side,4,Monday,15,False,False
201800021774,NonLethal,Daylight,No,NoIntersection,Normal,2Vehicles-Side,9,Monday,8,False,False
201800017237,NonLethal,Daylight,No,NoIntersection,Normal,Other,5,Tuesday,11,False,False
201800049629,NonLethal,NightNoStreetLight,No,NoIntersection,LightRain,3+Vehicles-Chain,8,Wednesday,20,False,False
201800038839,NonLethal,NightStreelightsOn,Yes,NoIntersection,Normal,Other,7,Saturday,0,True,True
201800002704,NonLethal,NightStreelightsOff,No,Other,Normal,Other,10,Tuesday,3,False,True
201800006637,Lethal,Daylight,No,NoIntersection,Normal,Other,8,Sunday,13,True,False
201800022004,NonLethal,Daylight,Yes,X-type,Normal,Other,1,Thursday,13,False,False
201800044067,NonLethal,Daylight,No,NoIntersection,Normal,2Vehicles-Behind,6,Friday,8,False,False
201800045008,NonLethal,NightNoStreetLight,No,NoIntersection,Normal,Other,6,Sunday,23,True,False
201800031674,NonLethal,Daylight,Yes,T-type,Normal,Other,3,Wednesday,17,False,False
201800033647,NonLethal,Daylight,Yes,X-type,Normal,2Vehicles-Side,6,Sunday,10,True,False
201800025111,NonLethal,TwilightOrDawn,Yes,Other,Normal,2Vehicles-BehindVehicles-Frontal,8,Thursday,21,False,False
201800030593,NonLethal,Daylight,Yes,NoIntersection,Normal,2Vehicles-Behind,7,Saturday,19,True,False
201800006249,NonLethal,Daylight,No,NoIntersection,HeavyRain,3+Vehicles-Chain,5,Friday,17,False,False
201800036478,NonLethal,Daylight,Yes,NoIntersection,Normal,2Vehicles-Behind,8,Sunday,13,True,False
201800054617,NonLethal,TwilightOrDawn,Yes,X-type,Overcast,Other,2,Monday,17,False,False
201800046011,NonLethal,Daylight,Yes,NoIntersection,Normal,2Vehicles-Behind,7,Saturday,17,True,False
201800039838,NonLethal,Daylight,Yes,NoIntersection,Normal,Other,9,Sunday,17,True,False
201800010026,NonLethal,Daylight,Yes,NoIntersection,Normal,NoCollision,11,Saturday,15,True,False
201800032367,NonLethal,NightStreelightsOn,Yes,Y-type,LightRain,Other,2,Tuesday,18,False,False
201800045189,NonLethal,Daylight,No,NoIntersection,Normal,2Vehicles-Behind,10,Tuesday,17,False,False
201800041261,NonLethal,Daylight,Yes,T-type,LightRain,2Vehicles-Behind,7,Friday,8,False,False
201800018757,NonLethal,Daylight,No,NoIntersection,VeryGood,Other,2,Monday,9,False,False
201800037490,NonLethal,Daylight,Yes,NoIntersection,Normal,Other,9,Monday,11,False,False
201800040745,NonLethal,NightStreelightsOn,Yes,T-type,Normal,2Vehicles-Behind,3,Tuesday,22,False,False
201800040021,NonLethal,Daylight,Yes,NoIntersection,LightRain,Other,11,Tuesday,13,False,False
201800042191,NonLethal,Daylight,Yes,NoIntersection,Normal,Other,6,Friday,16,False,False
201800054155,NonLethal,Daylight,Yes,NoIntersection,Normal,Other,7,Monday,17,False,False
201800043787,NonLethal,TwilightOrDawn,No,NoIntersection,Normal,2Vehicles-Behind,1,Sunday,7,True,False
201800034442,NonLethal,Daylight,Yes,T-type,Normal,2Vehicles-Side,1,Saturday,15,True,False
201800004553,NonLethal,Daylight,No,NoIntersection,Normal,NoCollision,6,Tuesday,7,False,False
201800052942,NonLethal,NightStreelightsOn,Yes,Roundabout,LightRain,Other,2,Friday,0,False,True
201800050531,NonLethal,NightStreelightsOn,Yes,NoIntersection,Normal,3+Vehicles-Chain,3,Saturday,18,True,False
201800044799,NonLethal,Daylight,No,NoIntersection,Normal,3+Vehicles-Chain,4,Saturday,15,True,False
201800047397,NonLethal,Daylight,Yes,Other,Normal,Other,2,Saturday,16,True,False
201800045741,NonLethal,Daylight,No,NoIntersection,Normal,3+Vehicles-Chain,2,Saturday,16,True,False
201800016906,NonLethal,NightNoStreetLight,No,NoIntersection,Normal,Other,10,Saturday,0,True,True
201800056932,NonLethal,NightStreelightsOn,No,T-type,Normal,2Vehicles-Side,5,Monday,19,False,False
201800002006,NonLethal,Daylight,Yes,T-type,Normal,2Vehicles-Side,6,Thursday,7,False,False
201800015759,NonLethal,TwilightOrDawn,No,NoIntersection,Normal,NoCollision,1,Sunday,22,True,False
201800020481,NonLethal,Daylight,No,Y-type,Normal,2Vehicles-Behind,8,Monday,18,False,False
201800003960,NonLethal,NightStreelightsOn,No,NoIntersection,Normal,Other,9,Friday,22,False,False
201800043820,NonLethal,NightNoStreetLight,No,NoIntersection,Overcast,Other,2,Thursday,23,False,False
201800040201,NonLethal,Daylight,Yes,X-type,Normal,Other,6,Tuesday,17,False,False
201800010668,NonLethal,Daylight,Yes,Other,VeryGood,Other,9,Tuesday,10,False,False
201800054884,NonLethal,Daylight,Yes,T-type,Normal,2Vehicles-Side,5,Saturday,11,True,False
201800015649,NonLethal,Daylight,No,T-type,Normal,2Vehicles-Side,1,Saturday,14,True,False
201800014281,NonLethal,NightNoStreetLight,No,NoIntersection,Normal,2Vehicles-BehindVehicles-Frontal,6,Saturday,3,True,True
201800028059,NonLethal,NightStreelightsOn,Yes,T-type,Normal,2Vehicles-Side,7,Sunday,2,True,True
201800053865,NonLethal,Daylight,Yes,MoreThan4Branches,Overcast,2Vehicles-Side,9,Thursday,12,False,False
201800017460,Lethal,Daylight,No,NoIntersection,VeryGood,Other,9,Monday,15,False,False
201800054456,NonLethal,Daylight,Yes,T-type,Normal,2Vehicles-Side,6,Thursday,16,False,False
201800048356,NonLethal,Daylight,Yes,X-type,Normal,Other,6,Friday,16,False,False
201800006631,NonLethal,NightStreelightsOn,No,NoIntersection,Normal,2Vehicles-Behind,11,Thursday,0,False,True
201800055362,NonLethal,Daylight,Yes,NoIntersection,Normal,3+Vehicles-Chain,4,Saturday,15,True,False
201800013593,NonLethal,NightNoStreetLight,No,NoIntersection,Normal,NoCollision,1,Monday,23,False,False
201800009713,NonLethal,Daylight,Yes,NoIntersection,Normal,Other,9,Friday,8,False,False
201800034642,Lethal,Daylight,No,NoIntersection,Normal,2Vehicles-Side,7,Friday,19,False,False
201800007499,NonLethal,Daylight,No,Other,Normal,2Vehicles-Side,7,Monday,13,False,False
201800028523,NonLethal,Daylight,Yes,NoIntersection,Normal,2Vehicles-Side,8,Thursday,11,False,False
201800055893,NonLethal,Daylight,No,NoIntersection,Normal,2Vehicles-BehindVehicles-Frontal,2,Monday,13,False,False
201800017876,NonLethal,TwilightOrDawn,Yes,X-type,LightRain,2Vehicles-Side,3,Saturday,5,True,True
201800047102,NonLethal,Daylight,No,NoIntersection,Normal,Other,12,Thursday,15,False,False
201800024323,NonLethal,Daylight,Yes,NoIntersection,Normal,2Vehicles-Side,5,Thursday,16,False,False
201800032676,NonLethal,Daylight,No,NoIntersection,Normal,NoCollision,12,Friday,10,False,False
201800017703,NonLethal,TwilightOrDawn,No,NoIntersection,FogOrSmoke,NoCollision,5,Friday,7,False,False
201800033843,NonLethal,Daylight,Yes,NoIntersection,Normal,3+Vehicles-Chain,9,Monday,16,False,False
201800018928,NonLethal,NightNoStreetLight,No,NoIntersection,Normal,2Vehicles-BehindVehicles-Frontal,12,Wednesday,19,False,False
201800048490,NonLethal,Daylight,Yes,NoIntersection,Normal,Other,2,Friday,19,False,False
201800042863,NonLethal,Daylight,Yes,NoIntersection,Normal,Other,5,Saturday,10,True,False
201800036365,NonLethal,Daylight,Yes,Other,Normal,Other,6,Wednesday,10,False,False
201800019098,NonLethal,Daylight,No,NoIntersection,Normal,NoCollision,7,Wednesday,16,False,False
201800041298,NonLethal,NightNoStreetLight,Yes,NoIntersection,Normal,2Vehicles-Behind,2,Sunday,19,True,False
201800049795,NonLethal,Daylight,No,NoIntersection,Normal,NoCollision,4,Tuesday,7,False,False
201800011124,NonLethal,NightNoStreetLight,No,NoIntersection,LightRain,Other,3,Wednesday,22,False,False
201800050550,NonLethal,Daylight,Yes,NoIntersection,Normal,Other,5,Monday,13,False,False
201800044514,NonLethal,NightNoStreetLight,No,NoIntersection,Normal,2Vehicles-Side,9,Saturday,8,True,False
201800049632,NonLethal,Daylight,No,Other,Normal,2Vehicles-Behind,1,Tuesday,12,False,False
201800036292,NonLethal,NightStreelightsOn,No,NoIntersection,LightRain,NoCollision,5,Saturday,21,True,False
201800015152,NonLethal,NightNoStreetLight,No,NoIntersection,HeavyRain,Other,9,Friday,2,False,True
201800054471,NonLethal,Daylight,Yes,X-type,Normal,2Vehicles-Behind,4,Saturday,13,True,False
201800033937,NonLethal,NightStreelightsOn,Yes,X-type,Normal,2Vehicles-Side,1,Tuesday,20,False,False
201800010634,NonLethal,Daylight,No,NoIntersection,Overcast,3+Vehicles-Multiple,2,Thursday,16,False,False
201800030064,NonLethal,Daylight,No,NoIntersection,Normal,2Vehicles-Behind,7,Wednesday,8,False,False
201800021217,NonLethal,Daylight,No,T-type,Normal,2Vehicles-Side,12,Thursday,8,False,False
201800047235,NonLethal,Daylight,Yes,NoIntersection,Normal,2Vehicles-Behind,7,Thursday,18,False,False
201800004556,NonLethal,TwilightOrDawn,Yes,NoIntersection,Normal,Other,1,Saturday,17,True,False
201800027675,NonLethal,Daylight,Yes,T-type,HeavyRain,2Vehicles-Side,1,Tuesday,12,False,False
201800045397,NonLethal,NightNoStreetLight,No,NoIntersection,LightRain,Other,10,Wednesday,19,False,False