AccidentId,Gravity,Light,InAgglomeration,IntersectionType,Weather,CollisionType,Month,DayOfWeek,HourOfDay,IsWeekend,IsNight
201800013037,Lethal,NightNoStreetLight,No,NoIntersection,Normal,2Vehicles-Behind,2,Thursday,18,False,False
201800052171,NonLethal,Daylight,Yes,Y-type,LightRain,2Vehicles-Behind,9,Tuesday,13,False,False
201800001994,NonLethal,TwilightOrDawn,No,NoIntersection,Normal,2Vehicles-BehindVehicles-Frontal,10,Tuesday,19,False,False
201800030335,NonLethal,Daylight,Yes,NoIntersection,Normal,Other,12,Monday,15,False,False
201800012648,NonLethal,NightStreelightsOn,Yes,NoIntersection,Normal,Other,12,Wednesday,19,False,False
201800047194,NonLethal,Daylight,Yes,NoIntersection,Normal,Other,4,Sunday,18,True,False
201800030049,NonLethal,Daylight,Yes,NoIntersection,VeryGood,Other,11,Friday,9,False,False
201800015565,NonLethal,Daylight,Yes,Roundabout,VeryGood,Other,1,Friday,10,False,False
201800000944,NonLethal,Daylight,No,NoIntersection,Normal,2Vehicles-Side,5,Saturday,19,True,False
201800004182,Lethal,NightNoStreetLight,No,NoIntersection,Normal,2Vehicles-BehindVehicles-Frontal,11,Saturday,18,True,False
201800041175,NonLethal,Daylight,Yes,NoIntersection,Normal,Other,10,Saturday,10,True,False
201800042192,NonLethal,Daylight,Yes,X-type,Normal,2Vehicles-Behind,6,Saturday,11,True,False
201800006260,NonLethal,Daylight,No,NoIntersection,Normal,3+Vehicles-Multiple,9,Friday,17,False,False
201800024778,NonLethal,Daylight,Yes,Roundabout,Normal,2Vehicles-Side,5,Tuesday,9,False,False
201800000061,NonLethal,NightStreelightsOn,Yes,NoIntersection,Other,3+Vehicles-Chain,5,Tuesday,18,False,False
201800008932,NonLethal,Daylight,Yes,NoIntersection,Normal,2Vehicles-Side,4,Sunday,12,True,False
201800020529,NonLethal,NightNoStreetLight,No,NoIntersection,Normal,2Vehicles-BehindVehicles-Frontal,12,Friday,18,False,False
201800023928,NonLethal,NightStreelightsOn,Yes,X-type,Normal,Other,9,Thursday,4,False,True
201800032971,NonLethal,NightNoStreetLight,No,NoIntersection,Normal,Other,9,Friday,0,False,True
201800047634,NonLethal,Daylight,Yes,NoIntersection,Normal,NoCollision,8,Thursday,16,False,False
201800042867,NonLethal,NightStreelightsOn,Yes,NoIntersection,LightRain,2Vehicles-Behind,1,Saturday,22,True,False
201800028876,NonLethal,Daylight,Yes,NoIntersection,LightRain,2Vehicles-Side,12,Tuesday,12,False,False
201800014527,NonLethal,Daylight,No,NoIntersection,Normal,NoCollision,4,Friday,17,False,False
201800010202,NonLethal,NightStreelightsOn,Yes,NoIntersection,LightRain,2Vehicles-BehindVehicles-Frontal,12,Sunday,21,True,False
201800057698,NonLethal,TwilightOrDawn,Yes,Other,Normal,2Vehicles-Behind,8,Friday,17,False,False
201800017381,NonLethal,NightNoStreetLight,No,X-type,LightRain,NoCollision,1,Sunday,18,True,False
201800017469,NonLethal,Daylight,No,NoIntersection,Normal,2Vehicles-Side,4,Saturday,7,True,False
201800052611,NonLethal,TwilightOrDawn,Yes,T-type,LightRain,Other,11,Tuesday,19,False,False
201800049837,NonLethal,Daylight,No,Other,Normal,2Vehicles-Behind,5,Tuesday,16,False,False
201800014474,NonLethal,Daylight,No,NoIntersection,Normal,NoCollision,3,Monday,9,False,False
201800031867,NonLethal,Daylight,Yes,NoIntersection,Normal,Other,8,Sunday,19,True,False
201800057231,NonLethal,TwilightOrDawn,Yes,NoIntersection,Normal,Other,1,Friday,5,False,True
201800017349,NonLethal,Daylight,No,NoIntersection,Normal,2Vehicles-BehindVehicles-Frontal,7,Saturday,18,True,False
201800057350,NonLethal,Daylight,No,Other,Normal,2Vehicles-Side,8,Thursday,8,False,False
201800037902,NonLethal,Daylight,Yes,NoIntersection,LightRain,Other,3,Tuesday,10,False,False
201800037284,NonLethal,Daylight,Yes,X-type,Normal,2Vehicles-Side,7,Friday,13,False,False
201800022371,NonLethal,Daylight,Yes,NoIntersection,Normal,Other,7,Friday,11,False,False
201800007171,Lethal,NightNoStreetLight,No,NoIntersection,LightRain,2Vehicles-Side,1,Wednesday,6,False,True
201800042180,NonLethal,Daylight,Yes,X-type,Normal,2Vehicles-Side,5,Thursday,10,False,False
201800046827,NonLethal,Daylight,No,NoIntersection,Normal,2Vehicles-Side,8,Tuesday,14,False,False
201800052238,NonLethal,Daylight,Yes,X-type,LightRain,2Vehicles-Side,7,Wednesday,13,False,False
201800004269,NonLethal,Daylight,Yes,NoIntersection,Normal,Other,12,Saturday,15,True,False
201800052516,NonLethal,Daylight,Yes,NoIntersection,Normal,2Vehicles-Side,9,Wednesday,17,False,False
201800056975,NonLethal,NightStreelightsOn,Yes,NoIntersection,LightRain,Other,11,Tuesday,19,False,False
201800017695,NonLethal,Daylight,No,NoIntersection,LightRain,Other,12,Sunday,10,True,False
201800016825,NonLethal,Daylight,No,NoIntersection,Normal,2Vehicles-Behind,8,Friday,17,False,False
201800006543,NonLethal,Daylight,No,NoIntersection,Normal,NoCollision,6,Sunday,18,True,False
201800027469,NonLethal,Daylight,Yes,NoIntersection,Normal,Other,5,Thursday,16,False,False
201800045111,NonLethal,Daylight,No,NoIntersection,Normal,2Vehicles-Side,7,Monday,17,False,False
201800000013,NonLethal,Daylight,No,NoIntersection,Normal,2Vehicles-Side,6,Friday,8,False,False
201800025545,NonLethal,NightNoStreetLight,No,NoIntersection,Normal,2Vehicles-Behind,10,Saturday,19,True,False
201800038646,NonLethal,NightStreelightsOn,Yes,Y-type,Normal,2Vehicles-Side,11,Tuesday,20,False,False
201800050022,NonLethal,Daylight,No,NoIntersection,StrongWindOrStorm,3+Vehicles-Multiple,9,Monday,9,False,False
201800057480,NonLethal,TwilightOrDawn,Yes,NoIntersection,LightRain,3+Vehicles-Chain,6,Saturday,7,True,False
201800018987,Lethal,NightNoStreetLight,No,Y-type,Normal,Other,10,Monday,4,False,True
201800057444,NonLethal,Daylight,No,NoIntersection,Normal,2Vehicles-Side,4,Friday,7,False,False
201800023280,NonLethal,NightStreelightsOn,Yes,NoIntersection,Normal,Other,5,Thursday,5,False,True
201800045314,NonLethal,NightNoStreetLight,No,NoIntersection,LightRain,2Vehicles-Side,10,Thursday,21,False,False
201800005089,NonLethal,Daylight,Yes,NoIntersection,Normal,2Vehicles-Side,3,Saturday,18,True,False
201800032099,NonLethal,NightNoStreetLight,Yes,Roundabout,Normal,2Vehicles-Side,1,Friday,18,False,False
201800003993,NonLethal,Daylight,Yes,NoIntersection,Normal,2Vehicles-Behind,10,Sunday,12,True,False
201800034439,NonLethal,TwilightOrDawn,No,Roundabout,LightRain,Other,4,Sunday,20,True,False
201800042896,NonLethal,Daylight,Yes,X-type,Normal,2Vehicles-Side,7,Saturday,12,True,False
201800038846,NonLethal,TwilightOrDawn,Yes,NoIntersection,Normal,2Vehicles-Side,9,Friday,19,False,False
201800004386,NonLethal,NightStreelightsOff,No,X-type,Normal,2Vehicles-Side,12,Tuesday,0,False,True
201800032027,NonLethal,NightStreelightsOn,Yes,NoIntersection,LightRain,2Vehicles-Behind,11,Monday,18,False,False
201800026632,NonLethal,Daylight,Yes,NoIntersection,Normal,2Vehicles-Side,5,Friday,14,False,False
201800047728,NonLethal,Daylight,Yes,T-type,Normal,2Vehicles-Side,4,Tuesday,17,False,False
201800029265,NonLethal,NightStreelightsOn,Yes,NoIntersection,Overcast,Other,12,Friday,23,False,False
201800028683,NonLethal,Daylight,Yes,Roundabout,Normal,2Vehicles-Behind,3,Saturday,17,True,False
201800004894,NonLethal,Daylight,Yes,T-type,VeryGood,3+Vehicles-Chain,7,Monday,17,False,False
201800034541,NonLethal,Daylight,No,Other,LightRain,2Vehicles-BehindVehicles-Frontal,8,Thursday,9,False,False
201800038234,NonLethal,Daylight,Yes,NoIntersection,Normal,2Vehicles-Side,10,Monday,15,False,False
201800011595,Lethal,NightNoStreetLight,No,NoIntersection,LightRain,Other,12,Sunday,5,True,True
201800011636,Lethal,Daylight,No,NoIntersection,Normal,2Vehicles-BehindVehicles-Frontal,8,Monday,10,False,False
201800040093,NonLethal,Daylight,Yes,NoIntersection,Normal,Other,4,Wednesday,16,False,False
201800009590,NonLethal,Daylight,Yes,NoIntersection,Normal,2Vehicles-Side,8,Monday,8,False,False
201800041447,NonLethal,Daylight,Yes,X-type,Normal,2Vehicles-Side,12,Thursday,18,False,False
201800056766,NonLethal,Daylight,Yes,NoIntersection,VeryGood,Other,12,Wednesday,7,False,False
201800043460,NonLethal,Daylight,Yes,Y-type,Normal,2Vehicles-Side,9,Wednesday,13,False,False
201800026058,NonLethal,Daylight,Yes,T-type,Overcast,2Vehicles-Side,11,Wednesday,9,False,False
201800028283,NonLethal,Daylight,Yes,NoIntersection,Normal,Other,6,Wednesday,19,False,False
201800007606,NonLethal,Daylight,Yes,X-type,HeavyRain,2Vehicles-Side,3,Saturday,12,True,False
201800035111,NonLethal,Daylight,Yes,NoIntersection,LightRain,2Vehicles-Behind,8,Wednesday,7,False,False
201800040602,NonLethal,Daylight,Yes,X-type,Normal,2Vehicles-BehindVehicles-Frontal,6,Thursday,7,False,False
201800047812,NonLethal,Daylight,Yes,X-type,Normal,2Vehicles-Side,11,Saturday,14,True,False
201800017677,NonLethal,Daylight,No,NoIntersection,Normal,Other,4,Saturday,17,True,False
201800053375,NonLethal,Daylight,Yes,NoIntersection,LightRain,Other,5,Friday,17,False,False
201800056413,NonLethal,Daylight,Yes,NoIntersection,Normal,2Vehicles-Behind,8,Thursday,18,False,False
201800014823,NonLethal,Daylight,No,NoIntersection,Normal,Other,4,Tuesday,16,False,False
201800016977,NonLethal,TwilightOrDawn,No,NoIntersection,Normal,Other,5,Sunday,5,True,True
201800011277,NonLethal,TwilightOrDawn,No,NoIntersection,Normal,Other,11,Tuesday,17,False,False
201800031808,NonLethal,NightStreelightsOn,Yes,NoIntersection,Normal,Other,7,Wednesday,23,False,False
201800014273,NonLethal,Daylight,No,NoIntersection,Normal,NoCollision,6,Monday,13,False,False
201800013752,NonLethal,Daylight,Yes,NoIntersection,Normal,2Vehicles-BehindVehicles-Frontal,9,Wednesday,19,False,False
201800015579,NonLethal,Daylight,No,NoIntersection,Normal,Other,9,Sunday,13,True,False
201800037012,NonLethal,Daylight,No,NoIntersection,Normal,3+Vehicles-Chain,10,Thursday,8,False,False
201800017511,NonLethal,Daylight,No,NoIntersection,Normal,2Vehicles-BehindVehicles-Frontal,6,Friday,11,False,False
201800027087,Lethal,NightNoStreetLight,No,NoIntersection,Normal,Other,9,Sunday,0,True,True
201800035221,NonLethal,NightNoStreetLight,No,NoIntersection,LightRain,Other,1,Thursday,4,False,True
201800017282,NonLethal,Daylight,No,NoIntersection,Normal,2Vehicles-BehindVehicles-Frontal,4,Friday,16,False,False
201800040323,NonLethal,Daylight,Yes,NoIntersection,Normal,3+Vehicles-Multiple,6,Thursday,19,False,False
201800006715,NonLethal,Daylight,No,NoIntersection,Normal,Other,5,Sunday,15,True,False
201800022485,NonLethal,Daylight,No,NoIntersection,Normal,2Vehicles-Behind,7,Wednesday,8,False,False
201800012023,NonLethal,NightStreelightsOn,Yes,T-type,LightRain,Other,8,Wednesday,22,False,False
201800039505,NonLethal,Daylight,Yes,NoIntersection,Normal,Other,8,Tuesday,16,False,False
201800021753,NonLethal,Daylight,No,NoIntersection,Normal,Other,10,Sunday,16,True,False
201800020558,NonLethal,Daylight,Yes,T-type,Normal,2Vehicles-Side,1,Saturday,17,True,False
201800004106,NonLethal,Daylight,No,NoIntersection,Normal,Other,12,Sunday,12,True,False
201800039262,NonLethal,Daylight,Yes,NoIntersection,Normal,2Vehicles-Side,6,Monday,15,False,False
201800027266,NonLethal,Daylight,Yes,Roundabout,Overcast,2Vehicles-Side,4,Friday,19,False,False
201800035226,Lethal,NightNoStreetLight,No,NoIntersection,Normal,NoCollision,1,Saturday,0,True,True
201800000457,NonLethal,Daylight,No,NoIntersection,Normal,2Vehicles-BehindVehicles-Frontal,11,Thursday,10,False,False
201800027042,NonLethal,Daylight,No,NoIntersection,Normal,NoCollision,2,Tuesday,16,False,False
201800027538,NonLethal,NightStreelightsOn,Yes,NoIntersection,Normal,3+Vehicles-Chain,11,Friday,8,False,False
201800020406,NonLethal,NightNoStreetLight,No,NoIntersection,LightRain,Other,11,Saturday,2,True,True
201800034212,NonLethal,Daylight,Yes,X-type,Normal,2Vehicles-Behind,3,Saturday,10,True,False
201800046155,NonLethal,Daylight,No,NoIntersection,Normal,2Vehicles-Side,10,Saturday,11,True,False
201800057741,NonLethal,Daylight,Yes,NoIntersection,Normal,NoCollision,10,Sunday,14,True,False
201800001064,NonLethal,Daylight,No,NoIntersection,Normal,2Vehicles-Behind,9,Friday,16,False,False
201800018847,NonLethal,Daylight,No,NoIntersection,Normal,2Vehicles-Behind,8,Monday,17,False,False
201800045706,NonLethal,Daylight,No,NoIntersection,Normal,3+Vehicles-Chain,2,Monday,9,False,False
201800012886,NonLethal,Daylight,No,T-type,Normal,2Vehicles-BehindVehicles-Frontal,4,Wednesday,19,False,False
201800025639,NonLethal,Daylight,Yes,NoIntersection,Normal,Other,12,Thursday,8,False,False
201800024593,NonLethal,Daylight,Yes,X-type,Normal,2Vehicles-Side,1,Saturday,16,True,False
201800034136,NonLethal,NightStreelightsOn,Yes,NoIntersection,HeavyRain,Other,3,Tuesday,3,False,True
201800023508,NonLethal,Daylight,No,NoIntersection,Normal,2Vehicles-Side,2,Thursday,13,False,False
201800029708,NonLethal,TwilightOrDawn,Yes,NoIntersection,Normal,3+Vehicles-Multiple,10,Sunday,21,True,False
201800004261,NonLethal,NightStreelightsOn,Yes,NoIntersection,Normal,NoCollision,9,Tuesday,21,False,False
201800034318,Lethal,Daylight,No,NoIntersection,Normal,2Vehicles-Behind,4,Wednesday,8,False,False
201800052442,NonLethal,Daylight,Yes,NoIntersection,Normal,2Vehicles-Side,6,Friday,16,False,False
201800005244,NonLethal,Daylight,Yes,NoIntersection,Normal,2Vehicles-Side,6,Friday,18,False,False
201800017956,NonLethal,Daylight,No,NoIntersection,Normal,NoCollision,6,Saturday,14,True,False
201800041955,NonLethal,Daylight,Yes,T-type,Normal,3+Vehicles-Chain,2,Tuesday,11,False,False
201800018973,Lethal,Daylight,No,NoIntersection,Normal,NoCollision,6,Monday,14,False,False
201800048486,NonLethal,Daylight,Yes,X-type,Normal,2Vehicles-Side,1,Tuesday,10,False,False
201800012114,NonLethal,NightNoStreetLight,No,NoIntersection,Normal,Other,7,Monday,21,False,False
201800019563,Lethal,Daylight,Yes,NoIntersection,Normal,NoCollision,1,Friday,15,False,False
201800054924,NonLethal,Daylight,Yes,X-type,SnowOrHail,2Vehicles-Side,2,Monday,12,False,False
201800022235,NonLethal,Daylight,Yes,Roundabout,Normal,2Vehicles-Behind,11,Sunday,13,True,False
201800037676,NonLethal,NightStreelightsOn,Yes,X-type,LightRain,Other,8,Friday,21,False,False
201800023581,NonLethal,Daylight,No,NoIntersection,LightRain,2Vehicles-Behind,5,Monday,12,False,False
201800030128,NonLethal,Daylight,Yes,Roundabout,Normal,2Vehicles-Side,10,Wednesday,12,False,False
201800021704,NonLethal,NightNoStreetLight,No,NoIntersection,Normal,Other,12,Thursday,7,False,False
201800026962,NonLethal,NightStreelightsOn,Yes,Roundabout,Normal,2Vehicles-Side,10,Friday,7,False,False
201800041878,NonLethal,Daylight,Yes,T-type,Normal,2Vehicles-Side,7,Wednesday,16,False,False
201800051606,NonLethal,Daylight,Yes,X-type,LightRain,Other,10,Thursday,9,False,False
201800054668,NonLethal,NightStreelightsOn,Yes,X-type,Normal,2Vehicles-Side,2,Wednesday,23,False,False
201800053534,NonLethal,NightStreelightsOn,Yes,X-type,Normal,2Vehicles-Side,9,Tuesday,20,False,False
201800044171,NonLethal,Daylight,No,NoIntersection,Normal,2Vehicles-Behind,8,Monday,6,False,True
201800029357,Lethal,NightStreelightsOn,Yes,NoIntersection,Normal,2Vehicles-BehindVehicles-Frontal,7,Tuesday,19,False,False
201800038875,NonLethal,Daylight,Yes,NoIntersection,LightRain,Other,4,Sunday,16,True,False
201800011041,Lethal,Daylight,No,NoIntersection,Normal,Other,9,Sunday,8,True,False
201800014081,NonLethal,Daylight,No,NoIntersection,Normal,2Vehicles-BehindVehicles-Frontal,6,Sunday,10,True,False
201800054130,NonLethal,NightStreelightsOn,Yes,X-type,Normal,Other,6,Friday,2,False,True
201800048323,NonLethal,NightStreelightsOn,Yes,NoIntersection,Normal,Other,6,Thursday,0,False,True
201800044713,NonLethal,Daylight,No,NoIntersection,LightRain,2Vehicles-Behind,3,Friday,13,False,False
201800026456,NonLethal,NightStreelightsOn,Yes,NoIntersection,Normal,3+Vehicles-Chain,1,Thursday,19,False,False
201800056133,NonLethal,Daylight,Yes,NoIntersection,Normal,Other,5,Friday,12,False,False
201800001590,NonLethal,TwilightOrDawn,No,NoIntersection,LightRain,2Vehicles-BehindVehicles-Frontal,11,Friday,17,False,False
201800002635,NonLethal,Daylight,No,NoIntersection,Normal,Other,10,Thursday,16,False,False
201800038159,NonLethal,NightStreelightsOn,Yes,X-type,Normal,2Vehicles-Side,11,Thursday,19,False,False
201800050024,NonLethal,NightNoStreetLight,No,NoIntersection,Normal,2Vehicles-Side,9,Wednesday,21,False,False
201800005572,NonLethal,Daylight,Yes,NoIntersection,LightRain,2Vehicles-Side,1,Friday,14,False,False
201800015620,NonLethal,Daylight,Yes,Other,Normal,Other,2,Wednesday,13,False,False
201800003881,Lethal,Daylight,No,NoIntersection,Normal,2Vehicles-Side,10,Tuesday,9,False,False
201800049161,NonLethal,Daylight,No,NoIntersection,Normal,2Vehicles-Behind,8,Wednesday,17,False,False
201800014183,NonLethal,Daylight,No,NoIntersection,Normal,2Vehicles-Behind,8,Tuesday,14,False,False
201800049145,NonLethal,Daylight,No,NoIntersection,Normal,2Vehicles-Behind,5,Monday,12,False,False
201800045103,Lethal,TwilightOrDawn,No,NoIntersection,Normal,Other,7,Friday,6,False,True
201800010315,NonLethal,NightStreelightsOn,No,NoIntersection,Normal,2Vehicles-Side,12,Monday,21,False,False
201800050587,NonLethal,Daylight,Yes,X-type,Normal,Other,7,Saturday,20,True,False
201800042987,NonLethal,TwilightOrDawn,Yes,T-type,LightRain,2Vehicles-Side,4,Sunday,19,True,False
201800021261,NonLethal,Daylight,Yes,NoIntersection,Normal,2Vehicles-Behind,7,Monday,14,False,False
201800008354,NonLethal,Daylight,Yes,NoIntersection,Overcast,Other,1,Tuesday,9,False,False
201800023216,NonLethal,Daylight,Yes,NoIntersection,Normal,2Vehicles-Side,4,Monday,12,False,False
201800035512,NonLethal,Daylight,Yes,X-type,LightRain,2Vehicles-Side,2,Sunday,7,True,False
201800023212,NonLethal,NightStreelightsOn,No,NoIntersection,Normal,2Vehicles-Side,9,Saturday,21,True,False
201800031200,NonLethal,NightNoStreetLight,No,NoIntersection,Normal,2Vehicles-Behind,2,Saturday,20,True,False
201800002443,NonLethal,TwilightOrDawn,No,NoIntersection,Normal,NoCollision,6,Saturday,21,True,False
201800014574,NonLethal,Daylight,No,NoIntersection,LightRain,Other,12,Monday,11,False,False
201800017264,NonLethal,Daylight,No,NoIntersection,Normal,Other,1,Tuesday,10,False,False
201800019656,NonLethal,Daylight,Yes,X-type,Normal,2Vehicles-Side,5,Sunday,20,True,False
201800033493,NonLethal,Daylight,Yes,NoIntersection,Normal,Other,6,Wednesday,14,False,False
201800013006,Lethal,Daylight,No,NoIntersection,Normal,NoCollision,6,Thursday,15,False,False
201800014901,NonLethal,NightStreelightsOn,Yes,NoIntersection,Normal,Other,12,Tuesday,17,False,False
201800020492,NonLethal,Daylight,Yes,NoIntersection,Normal,Other,11,Sunday,16,True,False
201800032363,NonLethal,Daylight,Yes,NoIntersection,SnowOrHail,Other,5,Wednesday,8,False,False
201800014992,NonLethal,Daylight,No,NoIntersection,Normal,NoCollision,3,Saturday,17,True,False
201800006663,Lethal,Daylight,No,NoIntersection,LightRain,2Vehicles-BehindVehicles-Frontal,7,Monday,12,False,False
201800022242,NonLethal,TwilightOrDawn,No,NoIntersection,HeavyRain,Other,9,Wednesday,20,False,False
201800008898,NonLethal,NightStreelightsOn,Yes,NoIntersection,Normal,2Vehicles-Side,4,Monday,23,False,False
201800012257,NonLethal,NightStreelightsOn,Yes,NoIntersection,Normal,Other,6,Wednesday,23,False,False
201800013782,NonLethal,TwilightOrDawn,No,NoIntersection,Normal,Other,9,Tuesday,16,False,False
201800017783,Lethal,Daylight,No,NoIntersection,Normal,3+Vehicles-Multiple,8,Sunday,11,True,False
201800012993,NonLethal,TwilightOrDawn,No,NoIntersection,Normal,Other,9,Sunday,6,True,True
201800017102,NonLethal,Daylight,Yes,NoIntersection,VeryGood,Other,8,Wednesday,15,False,False
201800038130,NonLethal,Daylight,Yes,X-type,Normal,2Vehicles-Behind,8,Tuesday,12,False,False
201800044533,NonLethal,NightNoStreetLight,No,NoIntersection,LightRain,2Vehicles-Side,1,Monday,18,False,False
201800017662,NonLethal,NightNoStreetLight,No,NoIntersection,Normal,Other,1,Thursday,5,False,True
201800020324,Lethal,Daylight,No,NoIntersection,Normal,2Vehicles-Behind,5,Friday,12,False,False
201800048071,NonLethal,Daylight,Yes,NoIntersection,Normal,2Vehicles-Side,6,Saturday,10,True,False
201800038459,NonLethal,Daylight,Yes,X-type,Normal,2Vehicles-Behind,10,Sunday,8,True,False
201800016780,NonLethal,Daylight,No,NoIntersection,Normal,Other,11,Monday,13,False,False
201800036352,NonLethal,Daylight,Yes,NoIntersection,Normal,NoCollision,11,Wednesday,15,False,False
201800026044,NonLethal,Daylight,Yes,NoIntersection,Normal,2Vehicles-Behind,9,Sunday,18,True,False
201800036729,NonLethal,Daylight,Yes,NoIntersection,Normal,2Vehicles-Behind,7,Wednesday,12,False,False
201800038651,NonLethal,NightStreelightsOn,Yes,NoIntersection,LightRain,2Vehicles-Side,11,Monday,20,False,False
201800036702,NonLethal,NightStreelightsOn,Yes,NoIntersection,Normal,Other,3,Thursday,2,False,True
201800032933,NonLethal,Daylight,Yes,Roundabout,Normal,2Vehicles-Side,2,Thursday,16,False,False
201800030523,NonLethal,TwilightOrDawn,Yes,MoreThan4Branches,Overcast,2Vehicles-Side,1,Monday,7,False,False
201800032872,NonLethal,Daylight,Yes,NoIntersection,Overcast,NoCollision,6,Wednesday,20,False,False
201800038118,NonLethal,Daylight,Yes,NoIntersection,Normal,2Vehicles-Behind,6,Monday,11,False,False
201800039214,NonLethal,NightStreelightsOn,Yes,NoIntersection,LightRain,3+Vehicles-Chain,1,Monday,18,False,False
201800027326,NonLethal,TwilightOrDawn,Yes,NoIntersection,Normal,Other,9,Thursday,22,False,False
201800000144,NonLethal,Daylight,Yes,NoIntersection,Normal,2Vehicles-Side,6,Friday,18,False,False
201800053977,NonLethal,Daylight,Yes,Square,Normal,2Vehicles-Side,12,Thursday,14,False,False
201800024097,NonLethal,Daylight,Yes,NoIntersection,Normal,2Vehicles-Side,3,Tuesday,10,False,False
201800054552,NonLethal,Daylight,Yes,NoIntersection,Normal,Other,9,Saturday,14,True,False
201800034949,NonLethal,NightStreelightsOn,Yes,X-type,Normal,2Vehicles-Side,12,Saturday,3,True,True
201800047470,NonLethal,NightStreelightsOn,Yes,NoIntersection,Normal,Other,4,Friday,20,False,False
201800010769,NonLethal,NightStreelightsOn,No,NoIntersection,Normal,2Vehicles-Behind,5,Monday,22,False,False
201800044957,NonLethal,Daylight,No,NoIntersection,Normal,2Vehicles-Side,7,Friday,10,False,False
201800049231,NonLethal,Daylight,No,NoIntersection,Normal,2Vehicles-Behind,5,Saturday,15,True,False
201800024965,NonLethal,Daylight,Yes,Roundabout,Normal,Other,10,Monday,15,False,False
201800005551,NonLethal,NightStreelightsOn,Yes,NoIntersection,Normal,2Vehicles-Behind,10,Monday,18,False,False
201800038577,NonLethal,NightStreelightsOn,Yes,X-type,Normal,2Vehicles-Side,5,Wednesday,3,False,True
201800045938,NonLethal,Daylight,No,NoIntersection,Normal,2Vehicles-Behind,6,Wednesday,10,False,False
201800027452,NonLethal,Daylight,Yes,X-type,Normal,2Vehicles-Behind,9,Thursday,20,False,False
201800005340,NonLethal,Daylight,Yes,NoIntersection,Normal,2Vehicles-Behind,2,Friday,14,False,False
201800005101,NonLethal,TwilightOrDawn,Yes,T-type,Normal,2Vehicles-Side,1,Tuesday,19,False,False
201800056886,NonLethal,TwilightOrDawn,Yes,Roundabout,Normal,NoCollision,3,Wednesday,18,False,False
201800048131,NonLethal,TwilightOrDawn,Yes,NoIntersection,LightRain,Other,3,Friday,17,False,False
201800033829,NonLethal,Daylight,Yes,X-type,Normal,2Vehicles-Side,8,Monday,19,False,False
201800005146,NonLethal,Daylight,Yes,Other,Normal,2Vehicles-BehindVehicles-Frontal,7,Thursday,12,False,False
201800020616,NonLethal,Daylight,Yes,NoIntersection,Normal,2Vehicles-Behind,9,Saturday,16,True,False
201800003365,NonLethal,NightStreelightsOn,Yes,T-type,Normal,2Vehicles-Side,3,Wednesday,4,False,True
201800014691,NonLethal,Daylight,No,X-type,Normal,2Vehicles-Side,4,Wednesday,15,False,False
201800040034,NonLethal,NightStreelightsOn,Yes,NoIntersection,Normal,2Vehicles-Side,12,Thursday,19,False,False
201800005210,NonLethal,Daylight,Yes,NoIntersection,Normal,Other,3,Thursday,15,False,False
201800043248,NonLethal,NightNoStreetLight,Yes,NoIntersection,Normal,Other,8,Monday,21,False,False
201800034502,NonLethal,TwilightOrDawn,Yes,NoIntersection,LightRain,Other,4,Thursday,8,False,False
201800008832,NonLethal,Daylight,Yes,NoIntersection,Normal,2Vehicles-Behind,10,Thursday,12,False,False
201800025499,NonLethal,Daylight,Yes,NoIntersection,Normal,Other,9,Wednesday,12,False,False
201800023002,NonLethal,Daylight,Yes,NoIntersection,Normal,2Vehicles-Side,3,Thursday,10,False,False
201800029729,NonLethal,NightStreelightsOn,Yes,X-type,Normal,2Vehicles-Side,6,Monday,2,False,True
201800015758,NonLethal,Daylight,No,NoIntersection,Normal,2Vehicles-Behind,4,Sunday,9,True,False
201800045899,NonLethal,TwilightOrDawn,No,NoIntersection,LightRain,3+Vehicles-Chain,6,Wednesday,7,False,False
201800012747,Lethal,Daylight,No,X-type,Normal,2Vehicles-Side,5,Sunday,15,True,False
201800003067,Lethal,NightNoStreetLight,No,NoIntersection,Overcast,3+Vehicles-Multiple,12,Monday,4,False,True
201800044702,NonLethal,NightNoStreetLight,No,NoIntersection,SnowOrHail,Other,3,Monday,7,False,False
201800006312,Lethal,NightNoStreetLight,No,NoIntersection,Normal,Other,8,Friday,2,False,True
201800009669,NonLethal,Daylight,Yes,X-type,Normal,2Vehicles-Side,9,Friday,17,False,False
201800037032,NonLethal,NightStreelightsOn,Yes,NoIntersection,Normal,NoCollision,2,Saturday,5,True,True
201800017120,NonLethal,Daylight,No,NoIntersection,LightRain,Other,11,Tuesday,12,False,False
201800044652,NonLethal,NightNoStreetLight,No,NoIntersection,Normal,Other,3,Sunday,22,True,False
201800026619,NonLethal,Daylight,Yes,NoIntersection,Normal,2Vehicles-Side,2,Thursday,14,False,False
201800038935,NonLethal,Daylight,No,NoIntersection,Normal,Other,1,Monday,10,False,False
201800025048,NonLethal,Daylight,Yes,NoIntersection,Normal,2Vehicles-Side,11,Friday,15,False,False
201800048316,NonLethal,Daylight,Yes,NoIntersection,HeavyRain,2Vehicles-Behind,6,Friday,17,False,False
201800050977,NonLethal,Daylight,Yes,X-type,Normal,2Vehicles-Side,1,Friday,11,False,False
201800016581,Lethal,Daylight,No,NoIntersection,LightRain,Other,1,Thursday,12,False,False
201800044534,NonLethal,TwilightOrDawn,No,NoIntersection,LightRain,3+Vehicles-Chain,1,Monday,18,False,False