AccidentId,Gravity,Light,InAgglomeration,IntersectionType,Weather,CollisionType,Month,DayOfWeek,HourOfDay,IsWeekend,IsNight
201800042745,NonLethal,Daylight,Yes,X-type,Normal,2Vehicles-Side,10,Thursday,12,False,False
201800042898,NonLethal,Daylight,Yes,X-type,Normal,2Vehicles-Behind,8,Wednesday,7,False,False
201800004420,Lethal,Daylight,No,NoIntersection,Normal,Other,8,Friday,13,False,False
201800011399,NonLethal,NightStreelightsOn,Yes,NoIntersection,Normal,Other,11,Friday,0,False,True
201800051775,NonLethal,Daylight,Yes,X-type,Normal,2Vehicles-Side,8,Tuesday,13,False,False
201800005507,NonLethal,Daylight,Yes,NoIntersection,Normal,2Vehicles-Side,12,Friday,8,False,False
201800028659,NonLethal,Daylight,Yes,Y-type,StrongWindOrStorm,2Vehicles-BehindVehicles-Frontal,1,Thursday,12,False,False
201800019158,NonLethal,NightNoStreetLight,No,NoIntersection,LightRain,Other,1,Thursday,6,False,True
201800019268,Lethal,Daylight,No,NoIntersection,Normal,3+Vehicles-Multiple,1,Sunday,11,True,False
201800038749,NonLethal,Daylight,Yes,NoIntersection,Normal,Other,4,Tuesday,18,False,False
201800005233,NonLethal,Daylight,Yes,NoIntersection,Normal,2Vehicles-Behind,5,Saturday,8,True,False
201800006797,NonLethal,Daylight,Yes,NoIntersection,Normal,Other,6,Wednesday,18,False,False
201800002092,NonLethal,NightStreelightsOn,Yes,Roundabout,HeavyRain,2Vehicles-Side,11,Friday,18,False,False
201800003179,Lethal,NightNoStreetLight,No,NoIntersection,Normal,2Vehicles-Side,1,Saturday,17,True,False
201800054481,NonLethal,Daylight,Yes,X-type,Normal,2Vehicles-Side,7,Tuesday,19,False,False
201800017544,Lethal,NightNoStreetLight,No,NoIntersection,Normal,2Vehicles-Behind,10,Wednesday,4,False,True
201800052619,NonLethal,NightStreelightsOn,Yes,NoIntersection,Normal,2Vehicles-Side,4,Thursday,20,False,False
201800007374,NonLethal,Daylight,Yes,NoIntersection,Normal,2Vehicles-Side,8,Wednesday,18,False,False
201800006244,NonLethal,Daylight,No,NoIntersection,Normal,2Vehicles-Behind,2,Tuesday,16,False,False
201800042211,NonLethal,Daylight,Yes,NoIntersection,Normal,NoCollision,7,Friday,18,False,False
201800034159,NonLethal,Daylight,Yes,NoIntersection,Overcast,2Vehicles-BehindVehicles-Frontal,1,Monday,9,False,False
201800016253,NonLethal,NightStreelightsOn,Yes,NoIntersection,Normal,Other,12,Thursday,4,False,True
201800024795,NonLethal,Daylight,Yes,X-type,Normal,2Vehicles-Side,8,Monday,8,False,False
201800007790,NonLethal,Daylight,Yes,Roundabout,Normal,2Vehicles-Side,9,Monday,12,False,False
201800009900,NonLethal,Daylight,Yes,NoIntersection,Normal,2Vehicles-Side,11,Saturday,13,True,False
201800012594,NonLethal,NightNoStreetLight,No,NoIntersection,Normal,2Vehicles-BehindVehicles-Frontal,12,Saturday,5,True,True
201800044919,NonLethal,Daylight,No,NoIntersection,Normal,2Vehicles-Side,5,Monday,11,False,False
201800014408,NonLethal,Daylight,No,NoIntersection,Normal,Other,4,Wednesday,18,False,False
201800003616,NonLethal,Daylight,No,T-type,Normal,2Vehicles-Side,5,Thursday,13,False,False
201800025725,NonLethal,TwilightOrDawn,No,NoIntersection,Normal,2Vehicles-Behind,6,Saturday,22,True,False
201800056564,NonLethal,Daylight,Yes,Y-type,Normal,2Vehicles-Side,11,Tuesday,16,False,False
201800053432,NonLethal,NightStreelightsOn,Yes,NoIntersection,Normal,2Vehicles-Side,3,Wednesday,23,False,False
201800044735,NonLethal,TwilightOrDawn,No,NoIntersection,Normal,2Vehicles-Side,4,Sunday,7,True,False
201800036695,NonLethal,NightStreelightsOn,No,Other,Normal,NoCollision,1,Saturday,20,True,False
201800051038,NonLethal,Daylight,Yes,X-type,Normal,2Vehicles-Behind,9,Tuesday,11,False,False
201800040290,NonLethal,Daylight,Yes,NoIntersection,Normal,Other,4,Tuesday,13,False,False
201800009889,NonLethal,Daylight,Yes,NoIntersection,Normal,2Vehicles-Behind,11,Saturday,12,True,False
201800041380,NonLethal,NightStreelightsOn,Yes,Roundabout,Normal,2Vehicles-Side,1,Saturday,22,True,False
201800002812,Lethal,Daylight,Yes,T-type,Normal,Other,10,Thursday,17,False,False
201800047643,NonLethal,Daylight,Yes,NoIntersection,LightRain,NoCollision,8,Monday,17,False,False
201800027291,NonLethal,Daylight,No,NoIntersection,Normal,2Vehicles-Behind,5,Thursday,18,False,False
201800037153,NonLethal,NightStreelightsOn,Yes,Roundabout,Normal,2Vehicles-Side,6,Wednesday,0,False,True
201800041597,NonLethal,TwilightOrDawn,Yes,X-type,Normal,2Vehicles-Side,9,Sunday,8,True,False
201800019418,NonLethal,NightNoStreetLight,No,NoIntersection,Normal,2Vehicles-BehindVehicles-Frontal,11,Wednesday,21,False,False
201800013359,NonLethal,Daylight,No,NoIntersection,Overcast,2Vehicles-BehindVehicles-Frontal,12,Tuesday,10,False,False
201800034013,NonLethal,Daylight,No,Roundabout,Normal,2Vehicles-Side,6,Saturday,16,True,False
201800030429,NonLethal,Daylight,No,T-type,Normal,2Vehicles-Side,3,Tuesday,13,False,False
201800049547,NonLethal,TwilightOrDawn,No,NoIntersection,Normal,2Vehicles-Side,3,Sunday,5,True,True
201800002486,NonLethal,NightNoStreetLight,No,T-type,Normal,2Vehicles-BehindVehicles-Frontal,1,Wednesday,18,False,False
201800032878,Lethal,Daylight,Yes,NoIntersection,Normal,2Vehicles-Side,7,Wednesday,9,False,False
201800021988,NonLethal,NightStreelightsOn,Yes,NoIntersection,LightRain,2Vehicles-Behind,11,Thursday,8,False,False
201800020848,NonLethal,Daylight,No,NoIntersection,Normal,NoCollision,1,Sunday,6,True,True
201800024430,NonLethal,Daylight,Yes,NoIntersection,Normal,2Vehicles-Side,9,Thursday,13,False,False
201800039165,NonLethal,Daylight,Yes,X-type,Normal,2Vehicles-BehindVehicles-Frontal,3,Sunday,12,True,False
201800009087,NonLethal,Daylight,Yes,NoIntersection,Normal,2Vehicles-BehindVehicles-Frontal,5,Thursday,14,False,False
201800043226,NonLethal,Daylight,Yes,NoIntersection,Normal,Other,6,Monday,10,False,False
201800008667,NonLethal,Daylight,Yes,NoIntersection,Normal,2Vehicles-Side,2,Thursday,11,False,False
201800031826,Lethal,Daylight,Yes,NoIntersection,Normal,Other,7,Saturday,6,True,True
201800032568,NonLethal,NightStreelightsOn,Yes,Roundabout,LightRain,Other,9,Friday,20,False,False
201800009959,NonLethal,Daylight,Yes,Roundabout,Normal,Other,10,Monday,10,False,False
201800032719,NonLethal,Daylight,No,NoIntersection,Normal,2Vehicles-BehindVehicles-Frontal,7,Wednesday,9,False,False
201800001594,NonLethal,Daylight,Yes,NoIntersection,Normal,Other,8,Monday,15,False,False
201800035978,NonLethal,NightStreelightsOn,No,NoIntersection,LightRain,2Vehicles-BehindVehicles-Frontal,1,Sunday,22,True,False
201800004717,NonLethal,TwilightOrDawn,No,NoIntersection,Normal,Other,1,Monday,4,False,True
201800010948,NonLethal,Daylight,No,NoIntersection,Normal,NoCollision,6,Sunday,10,True,False
201800047768,NonLethal,NightStreelightsOn,Yes,T-type,Overcast,2Vehicles-Behind,10,Saturday,18,True,False
201800032963,NonLethal,NightNoStreetLight,No,NoIntersection,Overcast,2Vehicles-BehindVehicles-Frontal,12,Wednesday,18,False,False
201800039060,NonLethal,NightStreelightsOn,Yes,T-type,Normal,NoCollision,1,Sunday,1,True,True
201800015904,NonLethal,NightNoStreetLight,No,NoIntersection,Normal,NoCollision,4,Tuesday,21,False,False
201800046595,NonLethal,Daylight,No,NoIntersection,Normal,Other,5,Thursday,9,False,False
201800007847,NonLethal,TwilightOrDawn,No,NoIntersection,Other,2Vehicles-Side,11,Monday,7,False,False
201800055599,NonLethal,NightStreelightsOn,Yes,Y-type,Normal,2Vehicles-Behind,9,Thursday,22,False,False
201800040504,NonLethal,Daylight,Yes,NoIntersection,Normal,2Vehicles-Side,10,Tuesday,9,False,False
201800006383,NonLethal,Daylight,Yes,NoIntersection,Normal,Other,5,Monday,8,False,False
201800011653,NonLethal,Daylight,Yes,Roundabout,Overcast,2Vehicles-Side,10,Saturday,18,True,False
201800003417,NonLethal,Daylight,No,NoIntersection,Normal,2Vehicles-Behind,10,Sunday,15,True,False
201800013207,Lethal,Daylight,No,NoIntersection,Normal,Other,8,Tuesday,14,False,False
201800009930,NonLethal,Daylight,Yes,X-type,Normal,Other,10,Thursday,8,False,False
201800003465,NonLethal,TwilightOrDawn,No,Y-type,Normal,3+Vehicles-Multiple,11,Thursday,17,False,False
201800008787,NonLethal,NightStreelightsOn,Yes,X-type,Normal,2Vehicles-Side,3,Sunday,22,True,False
201800046541,NonLethal,Daylight,No,NoIntersection,Normal,Other,4,Wednesday,13,False,False
201800020026,NonLethal,Daylight,No,NoIntersection,Overcast,2Vehicles-Behind,11,Monday,12,False,False
201800049236,NonLethal,Daylight,No,NoIntersection,Normal,NoCollision,6,Friday,17,False,False
201800028520,NonLethal,Daylight,Yes,NoIntersection,LightRain,2Vehicles-Side,8,Wednesday,16,False,False
201800005305,NonLethal,NightStreelightsOn,Yes,NoIntersection,Normal,Other,11,Wednesday,17,False,False
201800045431,NonLethal,NightNoStreetLight,No,NoIntersection,Normal,Other,11,Thursday,23,False,False
201800027186,NonLethal,NightStreelightsOn,Yes,NoIntersection,Normal,2Vehicles-Side,3,Tuesday,21,False,False
201800015841,NonLethal,Daylight,No,NoIntersection,Normal,NoCollision,6,Sunday,14,True,False
201800000348,NonLethal,Daylight,Yes,T-type,Normal,2Vehicles-Behind,1,Tuesday,16,False,False
201800018519,NonLethal,NightNoStreetLight,No,X-type,Normal,2Vehicles-Behind,7,Sunday,23,True,False
201800034470,NonLethal,Daylight,Yes,Other,Normal,Other,10,Wednesday,13,False,False
201800046637,NonLethal,Daylight,No,NoIntersection,Overcast,3+Vehicles-Chain,6,Friday,20,False,False
201800046021,NonLethal,Daylight,No,NoIntersection,Normal,Other,7,Tuesday,15,False,False
201800045134,NonLethal,NightNoStreetLight,No,NoIntersection,Normal,2Vehicles-Behind,8,Friday,21,False,False
201800047534,NonLethal,NightNoStreetLight,Yes,NoIntersection,LightRain,NoCollision,4,Friday,23,False,False
201800037138,NonLethal,NightStreelightsOn,Yes,T-type,Normal,2Vehicles-Side,1,Wednesday,19,False,False
201800033819,NonLethal,Daylight,Yes,X-type,Normal,2Vehicles-Behind,7,Friday,8,False,False
201800013557,NonLethal,Daylight,Yes,NoIntersection,Normal,NoCollision,11,Friday,17,False,False
201800048741,NonLethal,NightStreelightsOn,Yes,X-type,Normal,2Vehicles-Side,9,Wednesday,4,False,True
201800028862,NonLethal,NightStreelightsOn,No,NoIntersection,HeavyRain,3+Vehicles-Chain,11,Tuesday,17,False,False
201800024186,NonLethal,TwilightOrDawn,Yes,NoIntersection,HeavyRain,2Vehicles-Side,1,Monday,17,False,False
201800023414,NonLethal,Daylight,Yes,T-type,Normal,2Vehicles-Side,12,Tuesday,14,False,False
201800023299,NonLethal,Daylight,Yes,T-type,FogOrSmoke,2Vehicles-Side,10,Friday,7,False,False
201800016579,NonLethal,Daylight,No,NoIntersection,Normal,Other,7,Saturday,16,True,False
201800056286,NonLethal,Daylight,Yes,X-type,LightRain,3+Vehicles-Multiple,1,Tuesday,7,False,False
201800022168,NonLethal,NightStreelightsOn,Yes,T-type,LightRain,2Vehicles-Side,11,Tuesday,21,False,False
201800029085,Lethal,NightNoStreetLight,Yes,NoIntersection,Normal,NoCollision,9,Thursday,1,False,True
201800026806,NonLethal,Daylight,Yes,T-type,Normal,2Vehicles-Side,5,Tuesday,12,False,False
201800034216,NonLethal,Daylight,Yes,Y-type,Normal,3+Vehicles-Chain,4,Tuesday,13,False,False
201800056340,NonLethal,Daylight,Yes,NoIntersection,Normal,Other,7,Monday,15,False,False
201800043878,NonLethal,NightNoStreetLight,No,Other,Normal,2Vehicles-Behind,3,Saturday,2,True,True
201800041578,NonLethal,Daylight,Yes,NoIntersection,Normal,Other,6,Saturday,17,True,False
201800027615,NonLethal,NightStreelightsOn,Yes,T-type,Normal,2Vehicles-Side,11,Tuesday,18,False,False
201800007101,NonLethal,NightStreelightsOn,Yes,NoIntersection,Normal,2Vehicles-BehindVehicles-Frontal,1,Saturday,18,True,False
201800042196,NonLethal,Daylight,Yes,NoIntersection,Normal,Other,6,Monday,18,False,False
201800049409,NonLethal,Daylight,No,NoIntersection,Normal,2Vehicles-Side,7,Wednesday,15,False,False
201800006396,NonLethal,Daylight,Yes,NoIntersection,Normal,Other,5,Thursday,16,False,False
201800002911,NonLethal,Daylight,No,NoIntersection,Normal,Other,6,Saturday,15,True,False
201800021656,NonLethal,NightStreelightsOn,Yes,Square,Overcast,Other,11,Wednesday,21,False,False
201800015122,NonLethal,Daylight,Yes,NoIntersection,VeryGood,2Vehicles-Side,6,Friday,17,False,False
201800036377,Lethal,NightStreelightsOn,Yes,NoIntersection,Normal,NoCollision,10,Thursday,3,False,True
201800047458,NonLethal,Daylight,Yes,NoIntersection,Normal,2Vehicles-Side,4,Wednesday,19,False,False
201800054045,NonLethal,Daylight,Yes,X-type,LightRain,Other,3,Tuesday,13,False,False
201800011197,NonLethal,NightNoStreetLight,No,NoIntersection,Normal,Other,5,Saturday,5,True,True
201800037629,Lethal,Daylight,Yes,X-type,Normal,Other,8,Friday,18,False,False
201800027803,NonLethal,NightStreelightsOn,Yes,Roundabout,Normal,Other,11,Saturday,17,True,False
201800031567,NonLethal,NightNoStreetLight,Yes,NoIntersection,Normal,NoCollision,1,Sunday,3,True,True
201800016797,NonLethal,NightNoStreetLight,No,Y-type,Normal,NoCollision,4,Friday,22,False,False
201800033241,NonLethal,Daylight,No,X-type,HeavyRain,2Vehicles-Side,12,Friday,13,False,False
201800026278,NonLethal,NightStreelightsOn,Yes,NoIntersection,Normal,3+Vehicles-Multiple,2,Thursday,19,False,False
201800014005,NonLethal,NightNoStreetLight,No,NoIntersection,Normal,2Vehicles-BehindVehicles-Frontal,12,Thursday,18,False,False
201800021248,NonLethal,Daylight,Yes,X-type,LightRain,2Vehicles-Side,3,Sunday,13,True,False
201800010027,NonLethal,Daylight,Yes,NoIntersection,Overcast,2Vehicles-Side,4,Wednesday,12,False,False
201800012440,NonLethal,Daylight,No,X-type,Normal,2Vehicles-Side,2,Wednesday,13,False,False
201800010785,NonLethal,NightNoStreetLight,No,NoIntersection,FogOrSmoke,Other,11,Wednesday,18,False,False
201800018514,NonLethal,NightNoStreetLight,No,T-type,Normal,2Vehicles-Side,2,Saturday,19,True,False
201800055743,NonLethal,NightStreelightsOn,Yes,X-type,HeavyRain,Other,12,Saturday,23,True,False
201800020794,NonLethal,Daylight,Yes,Roundabout,Normal,2Vehicles-Behind,1,Wednesday,11,False,False
201800025928,NonLethal,NightStreelightsOn,Yes,NoIntersection,Normal,2Vehicles-Side,11,Tuesday,19,False,False
201800019183,NonLethal,Daylight,No,NoIntersection,Normal,2Vehicles-Behind,4,Wednesday,19,False,False
201800043997,NonLethal,Daylight,No,NoIntersection,Normal,2Vehicles-Side,5,Friday,18,False,False
201800041744,NonLethal,NightStreelightsOn,Yes,MoreThan4Branches,Normal,2Vehicles-Behind,4,Friday,21,False,False
201800043629,NonLethal,NightNoStreetLight,No,NoIntersection,Normal,NoCollision,1,Thursday,23,False,False
201800044601,NonLethal,TwilightOrDawn,No,NoIntersection,Overcast,3+Vehicles-Multiple,5,Wednesday,17,False,False
201800004702,NonLethal,Daylight,Yes,NoIntersection,Normal,Other,8,Monday,12,False,False
201800056966,NonLethal,NightStreelightsOn,Yes,NoIntersection,Normal,Other,5,Wednesday,18,False,False
201800018974,NonLethal,Daylight,No,T-type,Normal,2Vehicles-Side,7,Tuesday,10,False,False
201800043385,NonLethal,Daylight,Yes,X-type,Normal,Other,9,Monday,9,False,False
201800028005,NonLethal,Daylight,Yes,NoIntersection,Normal,2Vehicles-BehindVehicles-Frontal,11,Monday,20,False,False
201800016055,NonLethal,Daylight,No,NoIntersection,Normal,2Vehicles-Side,7,Sunday,15,True,False
201800039974,NonLethal,Daylight,Yes,NoIntersection,Normal,2Vehicles-Side,6,Wednesday,8,False,False
201800026622,NonLethal,NightStreelightsOn,Yes,Roundabout,Normal,Other,2,Saturday,19,True,False
201800037586,NonLethal,Daylight,Yes,NoIntersection,SnowOrHail,Other,3,Saturday,16,True,False
201800006892,NonLethal,NightNoStreetLight,No,NoIntersection,Normal,2Vehicles-Side,4,Saturday,22,True,False
201800020124,NonLethal,NightStreelightsOn,Yes,NoIntersection,LightRain,Other,10,Sunday,18,True,False
201800022018,NonLethal,NightStreelightsOn,Yes,NoIntersection,LightRain,2Vehicles-Behind,2,Wednesday,5,False,True
201800028898,NonLethal,Daylight,No,Other,Normal,3+Vehicles-Multiple,2,Tuesday,12,False,False
201800057697,NonLethal,TwilightOrDawn,Yes,Other,Normal,NoCollision,8,Monday,7,False,False
201800014693,NonLethal,TwilightOrDawn,No,NoIntersection,Normal,NoCollision,5,Tuesday,19,False,False
201800054164,NonLethal,NightStreelightsOn,Yes,MoreThan4Branches,Normal,Other,7,Tuesday,5,False,True
201800028164,NonLethal,Daylight,Yes,NoIntersection,Overcast,Other,11,Thursday,7,False,False
201800000400,NonLethal,Daylight,Yes,NoIntersection,VeryGood,Other,12,Monday,10,False,False
201800057757,NonLethal,NightNoStreetLight,Yes,NoIntersection,Normal,NoCollision,11,Tuesday,20,False,False
201800012233,NonLethal,Daylight,Yes,NoIntersection,Normal,2Vehicles-Behind,1,Tuesday,17,False,False
201800017131,NonLethal,Daylight,Yes,NoIntersection,Normal,Other,9,Thursday,11,False,False
201800022122,NonLethal,NightStreelightsOff,Yes,NoIntersection,Normal,Other,10,Monday,21,False,False
201800046946,NonLethal,Daylight,No,NoIntersection,Normal,3+Vehicles-Multiple,9,Monday,12,False,False
201800057724,NonLethal,TwilightOrDawn,Yes,NoIntersection,Normal,Other,9,Wednesday,17,False,False
201800026742,NonLethal,Daylight,Yes,NoIntersection,Normal,NoCollision,2,Friday,17,False,False
201800003029,NonLethal,NightNoStreetLight,No,NoIntersection,Normal,Other,6,Saturday,1,True,True
201800003712,Lethal,Daylight,No,NoIntersection,Normal,NoCollision,4,Wednesday,18,False,False
201800031380,NonLethal,NightStreelightsOn,Yes,NoIntersection,Normal,Other,12,Thursday,21,False,False
201800053157,NonLethal,TwilightOrDawn,Yes,X-type,Normal,Other,10,Tuesday,17,False,False
201800017444,NonLethal,Daylight,No,NoIntersection,Normal,2Vehicles-Behind,6,Tuesday,9,False,False
201800043666,NonLethal,NightNoStreetLight,Yes,T-type,Normal,2Vehicles-Behind,5,Wednesday,21,False,False
201800044300,NonLethal,NightNoStreetLight,No,NoIntersection,Normal,Other,10,Friday,20,False,False
201800044472,NonLethal,NightNoStreetLight,No,Other,Normal,Other,12,Sunday,1,True,True
201800036132,NonLethal,NightStreelightsOn,Yes,NoIntersection,Normal,Other,7,Sunday,23,True,False
201800025790,NonLethal,Daylight,Yes,Square,Normal,2Vehicles-Side,8,Saturday,17,True,False
201800022992,NonLethal,Daylight,No,NoIntersection,Normal,3+Vehicles-Chain,3,Thursday,8,False,False
201800043685,NonLethal,Daylight,No,NoIntersection,Normal,3+Vehicles-Chain,6,Wednesday,17,False,False
201800014407,NonLethal,Daylight,No,X-type,Normal,2Vehicles-Side,4,Thursday,7,False,False
201800020303,Lethal,Daylight,No,NoIntersection,Normal,NoCollision,8,Tuesday,16,False,False
201800033550,NonLethal,Daylight,Yes,NoIntersection,Normal,2Vehicles-Side,10,Wednesday,8,False,False
201800000138,NonLethal,TwilightOrDawn,No,NoIntersection,Other,3+Vehicles-Multiple,2,Thursday,6,False,True
201800055379,NonLethal,Daylight,Yes,NoIntersection,Normal,2Vehicles-Behind,7,Thursday,12,False,False
201800047655,NonLethal,Daylight,Yes,NoIntersection,Normal,3+Vehicles-Chain,8,Tuesday,15,False,False
201800051833,NonLethal,NightStreelightsOn,Yes,X-type,Normal,Other,10,Monday,0,False,True
201800037989,NonLethal,NightStreelightsOn,Yes,Roundabout,Normal,Other,12,Tuesday,17,False,False
201800057498,NonLethal,Daylight,No,NoIntersection,Normal,2Vehicles-Side,8,Friday,9,False,False
201800021727,NonLethal,Daylight,No,NoIntersection,Normal,2Vehicles-Behind,8,Wednesday,12,False,False
201800032847,NonLethal,Daylight,Yes,NoIntersection,Normal,2Vehicles-Side,7,Tuesday,11,False,False
201800008681,NonLethal,Daylight,Yes,X-type,Normal,2Vehicles-Behind,3,Friday,12,False,False
201800047027,NonLethal,NightStreelightsOn,Yes,NoIntersection,Normal,Other,11,Saturday,19,True,False
201800053410,NonLethal,Daylight,Yes,T-type,Normal,3+Vehicles-Chain,6,Wednesday,15,False,False
201800025076,NonLethal,NightStreelightsOn,Yes,X-type,LightRain,2Vehicles-Side,12,Saturday,19,True,False
201800029989,NonLethal,Daylight,Yes,Roundabout,Normal,2Vehicles-Side,5,Sunday,11,True,False
201800000134,NonLethal,Daylight,No,Roundabout,Normal,2Vehicles-Side,6,Thursday,11,False,False
201800030555,NonLethal,Daylight,Yes,Y-type,Normal,2Vehicles-Side,4,Monday,18,False,False
201800021778,NonLethal,NightNoStreetLight,No,Other,FogOrSmoke,2Vehicles-Behind,12,Friday,19,False,False
201800016287,NonLethal,Daylight,No,NoIntersection,Normal,2Vehicles-Side,1,Friday,14,False,False
201800003865,NonLethal,Daylight,No,T-type,Normal,2Vehicles-BehindVehicles-Frontal,10,Wednesday,16,False,False
201800006687,NonLethal,Daylight,No,NoIntersection,Normal,2Vehicles-BehindVehicles-Frontal,9,Monday,10,False,False
201800027189,NonLethal,Daylight,No,NoIntersection,Normal,2Vehicles-Side,3,Thursday,13,False,False
201800003119,NonLethal,Daylight,No,NoIntersection,Normal,3+Vehicles-Multiple,12,Saturday,11,True,False
201800021414,NonLethal,Daylight,Yes,T-type,Normal,2Vehicles-Side,5,Friday,20,False,False
201800012398,NonLethal,Daylight,No,NoIntersection,Normal,2Vehicles-Side,7,Friday,12,False,False
201800034982,NonLethal,Daylight,Yes,NoIntersection,Normal,Other,2,Thursday,14,False,False
201800042486,NonLethal,Daylight,Yes,Other,LightRain,2Vehicles-BehindVehicles-Frontal,7,Friday,18,False,False
201800013964,NonLethal,NightNoStreetLight,No,T-type,Normal,2Vehicles-Side,1,Thursday,5,False,True
201800027184,NonLethal,Daylight,No,NoIntersection,LightRain,Other,3,Monday,15,False,False
201800047588,NonLethal,Daylight,Yes,X-type,Normal,2Vehicles-BehindVehicles-Frontal,1,Sunday,17,True,False
201800007518,NonLethal,TwilightOrDawn,Yes,NoIntersection,LightRain,Other,11,Tuesday,7,False,False
201800029039,NonLethal,Daylight,Yes,NoIntersection,LightRain,Other,5,Tuesday,9,False,False
201800007066,NonLethal,NightNoStreetLight,No,NoIntersection,Normal,2Vehicles-BehindVehicles-Frontal,2,Friday,21,False,False
201800004512,NonLethal,Daylight,Yes,Other,Normal,2Vehicles-Side,9,Friday,17,False,False
201800022053,NonLethal,NightStreelightsOn,Yes,NoIntersection,Normal,Other,5,Tuesday,23,False,False
201800051552,NonLethal,NightStreelightsOn,Yes,NoIntersection,Normal,2Vehicles-Side,8,Monday,22,False,False
201800015140,NonLethal,Daylight,No,Other,Normal,2Vehicles-BehindVehicles-Frontal,4,Saturday,18,True,False
201800055407,NonLethal,Daylight,Yes,NoIntersection,Normal,2Vehicles-Side,5,Friday,8,False,False
201800013605,NonLethal,Daylight,Yes,NoIntersection,Normal,Other,2,Saturday,11,True,False
201800019934,Lethal,NightNoStreetLight,No,NoIntersection,LightRain,Other,1,Thursday,4,False,True
201800021844,NonLethal,NightNoStreetLight,No,NoIntersection,Normal,Other,4,Thursday,22,False,False
201800026701,NonLethal,Daylight,Yes,NoIntersection,Normal,NoCollision,11,Saturday,16,True,False
201800008439,NonLethal,Daylight,Yes,Other,LightRain,3+Vehicles-Multiple,1,Tuesday,10,False,False
201800004264,Lethal,TwilightOrDawn,No,NoIntersection,Normal,Other,5,Sunday,6,True,True
201800000039,NonLethal,NightNoStreetLight,No,NoIntersection,FogOrSmoke,2Vehicles-Behind,10,Wednesday,7,False,False
201800021823,NonLethal,TwilightOrDawn,No,NoIntersection,Overcast,Other,10,Monday,7,False,False
201800030933,NonLethal,NightStreelightsOn,Yes,X-type,Normal,2Vehicles-Side,8,Saturday,19,True,False
201800039104,NonLethal,Daylight,Yes,NoIntersection,Normal,Other,12,Monday,9,False,False
201800011610,NonLethal,NightNoStreetLight,No,NoIntersection,Normal,Other,8,Saturday,0,True,True
201800039722,NonLethal,Daylight,Yes,NoIntersection,Normal,2Vehicles-Behind,6,Friday,8,False,False
201800052618,NonLethal,Daylight,Yes,T-type,Normal,2Vehicles-Side,4,Thursday,10,False,False
201800041456,NonLethal,Daylight,Yes,X-type,Normal,2Vehicles-Side,6,Wednesday,9,False,False
201800022401,NonLethal,NightStreelightsOn,Yes,NoIntersection,Normal,Other,9,Saturday,6,True,True
201800006601,NonLethal,Daylight,No,NoIntersection,LightRain,NoCollision,11,Wednesday,15,False,False
201800048707,NonLethal,NightStreelightsOn,Yes,T-type,Normal,Other,11,Sunday,21,True,False
201800027783,NonLethal,Daylight,Yes,NoIntersection,Normal,2Vehicles-Side,10,Monday,19,False,False
201800005690,NonLethal,TwilightOrDawn,Yes,T-type,Normal,2Vehicles-BehindVehicles-Frontal,6,Sunday,21,True,False
201800045083,NonLethal,Daylight,No,NoIntersection,Normal,Other,7,Tuesday,16,False,False
201800000975,NonLethal,Daylight,No,NoIntersection,Normal,2Vehicles-Behind,6,Thursday,18,False,False
201800054086,NonLethal,Daylight,Yes,X-type,Normal,NoCollision,5,Friday,14,False,False
201800044129,NonLethal,Daylight,No,Other,Normal,2Vehicles-Side,7,Monday,8,False,False
201800046115,NonLethal,Daylight,No,NoIntersection,Normal,2Vehicles-Behind,9,Tuesday,18,False,False
201800057365,NonLethal,NightStreelightsOn,Yes,X-type,Normal,2Vehicles-Side,9,Thursday,18,False,False
201800057400,NonLethal,NightStreelightsOn,Yes,T-type,Normal,2Vehicles-BehindVehicles-Frontal,1,Sunday,22,True,False
201800049830,NonLethal,Daylight,No,NoIntersection,LightRain,2Vehicles-Side,5,Monday,9,False,False
201800005481,NonLethal,NightStreelightsOn,No,Other,LightRain,Other,10,Saturday,23,True,False
201800015120,NonLethal,Daylight,Yes,NoIntersection,Normal,2Vehicles-Side,4,Friday,10,False,False
201800034572,NonLethal,NightStreelightsOn,Yes,X-type,Normal,2Vehicles-Side,11,Monday,18,False,False
201800046028,NonLethal,NightNoStreetLight,No,NoIntersection,Normal,NoCollision,8,Sunday,3,True,True
201800038841,NonLethal,Daylight,Yes,NoIntersection,Normal,2Vehicles-Side,8,Thursday,7,False,False
201800020948,NonLethal,Daylight,Yes,Roundabout,Normal,2Vehicles-Side,1,Thursday,13,False,False
201800006648,NonLethal,Daylight,No,Other,Normal,Other,9,Saturday,8,True,False
201800044886,NonLethal,Daylight,No,NoIntersection,Normal,3+Vehicles-Multiple,5,Thursday,7,False,False
201800050174,NonLethal,Daylight,No,Other,Normal,2Vehicles-Side,12,Friday,15,False,False
201800053245,NonLethal,Daylight,Yes,T-type,Overcast,2Vehicles-Behind,1,Tuesday,11,False,False
201800048410,NonLethal,Daylight,Yes,NoIntersection,HeavyRain,2Vehicles-Behind,7,Saturday,19,True,False
201800055634,NonLethal,Daylight,Yes,NoIntersection,Normal,2Vehicles-Side,5,Thursday,10,False,False
201800013758,NonLethal,TwilightOrDawn,Yes,NoIntersection,Overcast,2Vehicles-Side,10,Wednesday,17,False,False
201800022549,NonLethal,NightStreelightsOn,Yes,NoIntersection,Overcast,Other,9,Monday,19,False,False