AccidentId,Gravity,Light,InAgglomeration,IntersectionType,Weather,CollisionType,Month,DayOfWeek,HourOfDay,IsWeekend,IsNight
201800004117,NonLethal,Daylight,No,NoIntersection,Normal,Other,5,Wednesday,13,False,False
201800026904,NonLethal,Daylight,Yes,NoIntersection,Normal,Other,8,Tuesday,13,False,False
201800033980,NonLethal,Daylight,Yes,NoIntersection,LightRain,Other,5,Wednesday,17,False,False
201800007175,NonLethal,NightNoStreetLight,Yes,NoIntersection,Overcast,2Vehicles-Side,10,Monday,5,False,True
201800041837,Lethal,NightStreelightsOn,Yes,NoIntersection,LightRain,Other,1,Thursday,7,False,False
201800005839,NonLethal,NightStreelightsOn,Yes,X-type,LightRain,2Vehicles-Side,11,Sunday,17,True,False
201800042671,NonLethal,Daylight,Yes,NoIntersection,Normal,Other,5,Saturday,10,True,False
201800016858,NonLethal,TwilightOrDawn,No,NoIntersection,Normal,2Vehicles-BehindVehicles-Frontal,7,Tuesday,20,False,False
201800018821,NonLethal,Daylight,No,NoIntersection,Normal,2Vehicles-Side,10,Sunday,18,True,False
201800027153,NonLethal,TwilightOrDawn,Yes,NoIntersection,SnowOrHail,NoCollision,7,Monday,8,False,False
201800029703,NonLethal,Daylight,Yes,NoIntersection,Normal,Other,7,Sunday,17,True,False
201800020947,NonLethal,Daylight,Yes,NoIntersection,LightRain,Other,1,Saturday,9,True,False
201800034459,NonLethal,Daylight,Yes,Roundabout,Normal,2Vehicles-Side,11,Wednesday,11,False,False
201800055040,NonLethal,Daylight,Yes,NoIntersection,Normal,2Vehicles-Side,6,Thursday,13,False,False
201800019703,NonLethal,Daylight,Yes,NoIntersection,Normal,2Vehicles-Behind,8,Thursday,12,False,False
201800009577,NonLethal,NightStreelightsOn,Yes,NoIntersection,Normal,2Vehicles-Side,8,Thursday,4,False,True
201800035781,NonLethal,Daylight,Yes,X-type,Normal,2Vehicles-Side,10,Thursday,11,False,False
201800049760,NonLethal,Daylight,No,NoIntersection,Normal,3+Vehicles-Multiple,3,Saturday,13,True,False
201800033914,NonLethal,Daylight,Yes,NoIntersection,Normal,2Vehicles-Side,12,Thursday,11,False,False
201800036813,NonLethal,Daylight,Yes,NoIntersection,Normal,Other,4,Monday,16,False,False
201800024746,NonLethal,Daylight,No,NoIntersection,Normal,3+Vehicles-Chain,4,Monday,17,False,False
201800017254,NonLethal,NightNoStreetLight,No,NoIntersection,HeavyRain,Other,3,Saturday,6,True,True
201800053135,NonLethal,TwilightOrDawn,Yes,T-type,Normal,2Vehicles-Side,10,Wednesday,19,False,False
201800017121,Lethal,NightStreelightsOn,Yes,NoIntersection,FogOrSmoke,Other,11,Tuesday,6,False,True
201800050601,NonLethal,Daylight,Yes,T-type,Normal,2Vehicles-Behind,12,Sunday,13,True,False
201800055167,NonLethal,NightStreelightsOn,Yes,NoIntersection,Normal,Other,10,Tuesday,22,False,False
201800039319,NonLethal,NightStreelightsOn,Yes,Roundabout,Normal,2Vehicles-Side,11,Thursday,6,False,True
201800015757,NonLethal,Daylight,No,NoIntersection,Normal,Other,3,Saturday,19,True,False
201800054907,NonLethal,NightStreelightsOn,Yes,X-type,Overcast,Other,1,Wednesday,7,False,False
201800053134,NonLethal,NightStreelightsOn,Yes,NoIntersection,Normal,Other,10,Monday,21,False,False
201800015475,NonLethal,Daylight,Yes,NoIntersection,Normal,2Vehicles-Side,8,Wednesday,10,False,False
201800054608,NonLethal,NightStreelightsOn,Yes,X-type,Normal,Other,11,Sunday,18,True,False
201800006127,NonLethal,NightStreelightsOff,No,NoIntersection,Normal,2Vehicles-Behind,11,Friday,1,False,True
201800005984,NonLethal,Daylight,No,NoIntersection,Normal,2Vehicles-Side,6,Sunday,17,True,False
201800046032,NonLethal,Daylight,No,NoIntersection,Normal,2Vehicles-Behind,8,Wednesday,11,False,False
201800014202,NonLethal,Daylight,Yes,NoIntersection,Normal,Other,5,Wednesday,11,False,False
201800024781,NonLethal,Daylight,Yes,Roundabout,Normal,2Vehicles-Side,5,Wednesday,16,False,False
201800030452,NonLethal,Daylight,Yes,Square,Normal,Other,6,Wednesday,20,False,False
201800051818,NonLethal,Daylight,Yes,NoIntersection,Normal,Other,9,Thursday,16,False,False
201800006006,NonLethal,NightNoStreetLight,No,NoIntersection,SnowOrHail,2Vehicles-Behind,2,Friday,19,False,False
201800049394,NonLethal,Daylight,No,NoIntersection,Normal,NoCollision,6,Thursday,12,False,False
201800005597,Lethal,NightStreelightsOn,Yes,NoIntersection,Normal,2Vehicles-BehindVehicles-Frontal,1,Thursday,23,False,False
201800038670,NonLethal,NightStreelightsOn,Yes,NoIntersection,Normal,Other,2,Monday,7,False,False
201800005186,NonLethal,Daylight,Yes,Other,Normal,2Vehicles-Side,11,Monday,9,False,False
201800017105,NonLethal,Daylight,No,NoIntersection,Normal,2Vehicles-BehindVehicles-Frontal,2,Friday,11,False,False
201800052464,NonLethal,NightNoStreetLight,Yes,T-type,Normal,2Vehicles-Side,6,Friday,21,False,False
201800037246,NonLethal,Daylight,Yes,NoIntersection,Normal,2Vehicles-Behind,4,Wednesday,13,False,False
201800025301,NonLethal,NightStreelightsOn,Yes,NoIntersection,Normal,NoCollision,4,Wednesday,23,False,False
201800023730,NonLethal,Daylight,No,NoIntersection,VeryGood,2Vehicles-Side,10,Tuesday,17,False,False
201800034021,NonLethal,Daylight,Yes,NoIntersection,Normal,Other,7,Wednesday,8,False,False
201800006694,NonLethal,Daylight,Yes,NoIntersection,Normal,2Vehicles-Side,9,Tuesday,15,False,False
201800038173,NonLethal,NightStreelightsOn,Yes,Roundabout,Normal,Other,12,Saturday,19,True,False
201800051761,NonLethal,Daylight,Yes,Square,Normal,Other,6,Saturday,14,True,False
201800041965,NonLethal,Daylight,Yes,NoIntersection,Overcast,2Vehicles-Side,3,Friday,15,False,False
201800018652,NonLethal,Daylight,No,NoIntersection,Normal,2Vehicles-Behind,5,Saturday,13,True,False
201800047532,NonLethal,Daylight,Yes,NoIntersection,Normal,Other,2,Tuesday,19,False,False
201800026523,NonLethal,Daylight,No,NoIntersection,Normal,NoCollision,2,Sunday,7,True,False
201800052005,NonLethal,TwilightOrDawn,Yes,Y-type,Normal,2Vehicles-Side,4,Saturday,20,True,False
201800032538,NonLethal,Daylight,Yes,NoIntersection,Normal,Other,2,Friday,11,False,False
201800048736,NonLethal,TwilightOrDawn,Yes,NoIntersection,Normal,2Vehicles-Side,12,Friday,7,False,False
201800044808,NonLethal,Daylight,No,NoIntersection,Normal,2Vehicles-Side,4,Monday,18,False,False
201800044371,NonLethal,Daylight,No,NoIntersection,HeavyRain,Other,12,Tuesday,5,False,True
201800036384,NonLethal,NightStreelightsOn,Yes,X-type,Normal,Other,12,Wednesday,23,False,False
201800027762,NonLethal,NightStreelightsOn,Yes,X-type,Normal,2Vehicles-Side,9,Sunday,21,True,False
201800031290,NonLethal,Daylight,No,Roundabout,Normal,2Vehicles-Side,7,Friday,9,False,False
201800030024,NonLethal,Daylight,Yes,NoIntersection,Normal,Other,3,Tuesday,17,False,False
201800045036,NonLethal,Daylight,No,NoIntersection,Normal,3+Vehicles-Chain,3,Wednesday,8,False,False
201800051951,NonLethal,Daylight,Yes,NoIntersection,Normal,2Vehicles-Side,3,Saturday,15,True,False
201800047809,NonLethal,Daylight,Yes,X-type,Overcast,Other,11,Saturday,9,True,False
201800033031,NonLethal,Daylight,Yes,NoIntersection,Normal,3+Vehicles-Chain,8,Saturday,16,True,False
201800002502,Lethal,Daylight,No,NoIntersection,Normal,Other,2,Wednesday,12,False,False
201800013968,NonLethal,Daylight,No,NoIntersection,Normal,NoCollision,5,Monday,17,False,False
201800040081,NonLethal,NightStreelightsOn,Yes,NoIntersection,LightRain,Other,1,Sunday,19,True,False
201800037082,NonLethal,Daylight,Yes,X-type,Overcast,2Vehicles-Side,11,Sunday,15,True,False
201800004530,NonLethal,Daylight,Yes,NoIntersection,Normal,Other,10,Thursday,17,False,False
201800001815,NonLethal,Daylight,Yes,Other,Normal,2Vehicles-Side,9,Friday,16,False,False
201800039313,NonLethal,Daylight,Yes,NoIntersection,Normal,2Vehicles-Side,10,Tuesday,9,False,False
201800022476,NonLethal,NightStreelightsOn,Yes,Roundabout,Normal,2Vehicles-Side,3,Wednesday,19,False,False
201800037778,NonLethal,Daylight,Yes,NoIntersection,Normal,Other,8,Friday,17,False,False
201800020853,NonLethal,Daylight,Yes,NoIntersection,Normal,2Vehicles-Behind,11,Wednesday,10,False,False
201800020573,NonLethal,Daylight,Yes,Roundabout,LightRain,2Vehicles-Side,3,Wednesday,10,False,False
201800009304,NonLethal,NightStreelightsOn,Yes,NoIntersection,Normal,Other,5,Monday,3,False,True
201800002279,NonLethal,Daylight,Yes,NoIntersection,Normal,2Vehicles-Side,10,Saturday,15,True,False
201800003563,NonLethal,Daylight,No,T-type,Normal,2Vehicles-Side,8,Monday,11,False,False
201800008368,NonLethal,Daylight,Yes,NoIntersection,Normal,2Vehicles-Behind,1,Thursday,16,False,False
201800002672,Lethal,Daylight,No,NoIntersection,Normal,NoCollision,6,Wednesday,9,False,False
201800010643,Lethal,Daylight,Yes,NoIntersection,VeryGood,Other,1,Saturday,9,True,False
201800012403,NonLethal,Daylight,No,NoIntersection,Normal,Other,12,Wednesday,14,False,False
201800027913,NonLethal,Daylight,Yes,NoIntersection,Normal,2Vehicles-Behind,5,Thursday,8,False,False
201800009509,NonLethal,Daylight,Yes,T-type,Normal,2Vehicles-Side,8,Friday,17,False,False
201800015997,NonLethal,Daylight,No,NoIntersection,Normal,2Vehicles-Behind,5,Wednesday,17,False,False
201800049817,NonLethal,Daylight,No,NoIntersection,LightRain,Other,4,Sunday,18,True,False
201800052362,NonLethal,Daylight,Yes,Y-type,Normal,Other,3,Monday,11,False,False
201800003397,NonLethal,Daylight,No,NoIntersection,Normal,2Vehicles-Behind,7,Thursday,14,False,False
201800038919,NonLethal,Daylight,Yes,NoIntersection,Normal,2Vehicles-BehindVehicles-Frontal,6,Friday,12,False,False
201800029308,NonLethal,Daylight,Yes,NoIntersection,Normal,Other,10,Saturday,11,True,False
201800009006,NonLethal,Daylight,Yes,NoIntersection,Normal,2Vehicles-Side,5,Wednesday,16,False,False
201800039146,NonLethal,Daylight,Yes,Other,Normal,2Vehicles-Behind,8,Thursday,15,False,False
201800015213,NonLethal,NightStreelightsOn,Yes,Roundabout,Overcast,NoCollision,3,Thursday,22,False,False
201800014575,NonLethal,Daylight,Yes,NoIntersection,VeryGood,2Vehicles-Behind,3,Tuesday,17,False,False
201800045465,NonLethal,NightNoStreetLight,No,NoIntersection,Normal,2Vehicles-Behind,11,Friday,23,False,False
201800014820,NonLethal,Daylight,No,NoIntersection,LightRain,2Vehicles-BehindVehicles-Frontal,9,Sunday,9,True,False
201800040347,NonLethal,NightStreelightsOn,Yes,NoIntersection,Normal,2Vehicles-Side,9,Saturday,19,True,False
201800054974,NonLethal,NightStreelightsOn,Yes,Y-type,Normal,Other,4,Friday,22,False,False
201800033830,NonLethal,Daylight,Yes,Roundabout,Normal,NoCollision,8,Thursday,12,False,False
201800013035,NonLethal,NightNoStreetLight,No,NoIntersection,Normal,NoCollision,11,Sunday,2,True,True
201800014434,NonLethal,TwilightOrDawn,Yes,X-type,Normal,2Vehicles-Side,3,Friday,6,False,True
201800038762,NonLethal,Daylight,Yes,X-type,Normal,2Vehicles-Side,6,Tuesday,20,False,False
201800042532,NonLethal,Daylight,Yes,X-type,Overcast,2Vehicles-Side,12,Wednesday,14,False,False
201800041800,NonLethal,Daylight,Yes,X-type,Normal,2Vehicles-Side,10,Saturday,15,True,False
201800009513,NonLethal,Daylight,Yes,NoIntersection,Normal,2Vehicles-Behind,11,Thursday,15,False,False
201800042928,NonLethal,NightStreelightsOn,Yes,X-type,Normal,2Vehicles-Side,10,Monday,19,False,False
201800044043,NonLethal,Daylight,No,NoIntersection,Normal,2Vehicles-Behind,6,Friday,18,False,False
201800002386,NonLethal,Daylight,No,NoIntersection,Normal,2Vehicles-Behind,11,Sunday,15,True,False
201800007771,NonLethal,Daylight,Yes,NoIntersection,Normal,Other,7,Thursday,12,False,False
201800027842,NonLethal,NightStreelightsOff,Yes,X-type,LightRain,Other,12,Friday,18,False,False
201800028304,NonLethal,TwilightOrDawn,Yes,NoIntersection,LightRain,Other,1,Monday,7,False,False
201800010865,NonLethal,NightNoStreetLight,No,NoIntersection,Normal,NoCollision,1,Sunday,0,True,True
201800034458,NonLethal,NightStreelightsOn,Yes,NoIntersection,Normal,Other,11,Thursday,1,False,True
201800035144,NonLethal,Daylight,Yes,NoIntersection,Normal,Other,10,Thursday,17,False,False
201800045850,NonLethal,Daylight,No,NoIntersection,Normal,2Vehicles-Behind,4,Thursday,16,False,False
201800025105,NonLethal,Daylight,Yes,Roundabout,Normal,Other,2,Thursday,10,False,False
201800047196,NonLethal,Daylight,No,NoIntersection,Normal,2Vehicles-Side,4,Thursday,19,False,False
201800040706,NonLethal,Daylight,Yes,NoIntersection,Normal,Other,9,Friday,16,False,False
201800023511,Lethal,NightNoStreetLight,No,NoIntersection,Normal,2Vehicles-BehindVehicles-Frontal,3,Sunday,0,True,True
201800033850,NonLethal,NightStreelightsOn,Yes,NoIntersection,Normal,Other,9,Thursday,2,False,True
201800009715,NonLethal,Daylight,Yes,NoIntersection,Normal,3+Vehicles-Chain,9,Thursday,17,False,False
201800039849,NonLethal,Daylight,Yes,NoIntersection,LightRain,2Vehicles-BehindVehicles-Frontal,10,Thursday,15,False,False
201800037754,NonLethal,NightStreelightsOn,Yes,NoIntersection,Normal,2Vehicles-Side,1,Monday,7,False,False
201800049562,NonLethal,Daylight,No,NoIntersection,Normal,2Vehicles-Behind,4,Friday,14,False,False
201800013991,NonLethal,Daylight,No,NoIntersection,Overcast,Other,11,Friday,16,False,False
201800005714,NonLethal,Daylight,No,Roundabout,Normal,2Vehicles-Side,7,Tuesday,9,False,False
201800017884,NonLethal,Daylight,Yes,Y-type,Normal,2Vehicles-BehindVehicles-Frontal,9,Saturday,9,True,False
201800008295,NonLethal,NightStreelightsOn,Yes,NoIntersection,Normal,2Vehicles-Behind,4,Sunday,21,True,False
201800035848,NonLethal,Daylight,Yes,NoIntersection,Normal,2Vehicles-Side,1,Tuesday,17,False,False
201800036582,NonLethal,NightNoStreetLight,Yes,NoIntersection,LightRain,2Vehicles-BehindVehicles-Frontal,3,Friday,20,False,False
201800000744,NonLethal,Daylight,Yes,X-type,Normal,2Vehicles-Side,6,Monday,14,False,False
201800007581,NonLethal,Daylight,Yes,X-type,Normal,2Vehicles-Side,2,Friday,13,False,False
201800008191,NonLethal,Daylight,Yes,NoIntersection,Normal,2Vehicles-Behind,10,Friday,15,False,False
201800024289,NonLethal,NightStreelightsOn,Yes,NoIntersection,Normal,Other,3,Saturday,4,True,True
201800053406,NonLethal,Daylight,Yes,Roundabout,Normal,2Vehicles-Behind,6,Wednesday,9,False,False
201800002439,NonLethal,Daylight,Yes,T-type,Normal,2Vehicles-Behind,9,Friday,11,False,False
201800023258,NonLethal,Daylight,No,NoIntersection,Normal,3+Vehicles-Chain,9,Tuesday,9,False,False
201800008830,NonLethal,NightStreelightsOn,Yes,NoIntersection,LightRain,Other,10,Thursday,6,False,True
201800002238,NonLethal,NightNoStreetLight,Yes,NoIntersection,Normal,NoCollision,3,Friday,21,False,False
201800025466,NonLethal,NightStreelightsOn,Yes,Roundabout,Normal,2Vehicles-Side,8,Wednesday,21,False,False
201800029656,NonLethal,Daylight,Yes,NoIntersection,Normal,2Vehicles-Side,8,Thursday,13,False,False
201800049288,NonLethal,Daylight,No,NoIntersection,Normal,2Vehicles-Side,10,Tuesday,16,False,False
201800029782,NonLethal,Daylight,Yes,X-type,Normal,2Vehicles-Side,8,Friday,13,False,False
201800037971,NonLethal,Daylight,Yes,NoIntersection,Overcast,2Vehicles-Behind,10,Friday,9,False,False
201800016903,NonLethal,Daylight,No,Roundabout,Normal,2Vehicles-Side,9,Thursday,12,False,False
201800051853,NonLethal,Daylight,Yes,X-type,LightRain,Other,11,Wednesday,14,False,False
201800044841,NonLethal,Daylight,No,NoIntersection,LightRain,Other,4,Monday,18,False,False
201800052531,NonLethal,Daylight,Yes,T-type,Normal,Other,9,Monday,16,False,False
201800033654,NonLethal,TwilightOrDawn,No,NoIntersection,Normal,NoCollision,10,Wednesday,19,False,False
201800038576,NonLethal,Daylight,Yes,NoIntersection,Normal,Other,5,Saturday,19,True,False
201800042421,NonLethal,Daylight,Yes,NoIntersection,Overcast,3+Vehicles-Chain,12,Thursday,8,False,False
201800006809,NonLethal,NightStreelightsOn,Yes,NoIntersection,Normal,Other,12,Wednesday,18,False,False
201800014209,Lethal,NightNoStreetLight,Yes,NoIntersection,Normal,Other,7,Saturday,1,True,True
201800013241,NonLethal,Daylight,No,NoIntersection,Normal,NoCollision,3,Tuesday,13,False,False
201800031357,NonLethal,NightStreelightsOn,No,NoIntersection,Normal,2Vehicles-Behind,11,Thursday,19,False,False
201800004438,NonLethal,Daylight,Yes,T-type,Normal,Other,1,Tuesday,11,False,False
201800026524,NonLethal,TwilightOrDawn,Yes,Roundabout,LightRain,2Vehicles-Side,3,Tuesday,6,False,True
201800040811,NonLethal,Daylight,Yes,X-type,LightRain,Other,1,Sunday,13,True,False
201800054010,NonLethal,Daylight,Yes,Square,Normal,Other,2,Wednesday,10,False,False
201800011327,NonLethal,Daylight,No,NoIntersection,Normal,Other,8,Friday,20,False,False
201800028279,Lethal,NightNoStreetLight,No,NoIntersection,LightRain,3+Vehicles-Multiple,11,Wednesday,17,False,False
201800034767,NonLethal,NightStreelightsOn,Yes,NoIntersection,Normal,Other,10,Tuesday,19,False,False
201800031715,NonLethal,Daylight,Yes,NoIntersection,Normal,2Vehicles-Side,4,Friday,17,False,False
201800023223,NonLethal,Daylight,Yes,NoIntersection,Normal,2Vehicles-Side,10,Tuesday,13,False,False
201800046650,NonLethal,Daylight,No,NoIntersection,LightRain,2Vehicles-Side,6,Tuesday,9,False,False
201800026739,NonLethal,Daylight,Yes,NoIntersection,Normal,2Vehicles-Side,2,Sunday,13,True,False
201800038688,NonLethal,Daylight,Yes,NoIntersection,Normal,Other,4,Friday,13,False,False
201800048468,NonLethal,Daylight,Yes,NoIntersection,Normal,Other,8,Sunday,17,True,False
201800025920,Lethal,Daylight,Yes,NoIntersection,Normal,2Vehicles-BehindVehicles-Frontal,10,Friday,17,False,False
201800036379,NonLethal,Daylight,Yes,NoIntersection,Normal,Other,10,Thursday,12,False,False
201800013859,NonLethal,Daylight,No,NoIntersection,Normal,NoCollision,9,Thursday,13,False,False
201800041365,NonLethal,NightStreelightsOn,Yes,T-type,HeavyRain,Other,11,Tuesday,23,False,False
201800028594,Lethal,NightNoStreetLight,No,NoIntersection,Normal,Other,11,Sunday,2,True,True
201800006421,NonLethal,NightNoStreetLight,No,NoIntersection,LightRain,Other,4,Saturday,5,True,True
201800009308,NonLethal,Daylight,Yes,Roundabout,Normal,Other,6,Thursday,12,False,False
201800009027,NonLethal,Daylight,Yes,NoIntersection,Normal,Other,5,Sunday,14,True,False
201800036366,NonLethal,Daylight,Yes,NoIntersection,Normal,Other,6,Thursday,16,False,False
201800045728,NonLethal,NightNoStreetLight,No,NoIntersection,Normal,Other,2,Friday,1,False,True
201800023129,NonLethal,Daylight,Yes,NoIntersection,Normal,Other,6,Saturday,18,True,False
201800046324,NonLethal,Daylight,No,NoIntersection,LightRain,Other,1,Monday,15,False,False
201800013156,NonLethal,Daylight,No,NoIntersection,Normal,2Vehicles-Behind,10,Monday,12,False,False
201800040722,NonLethal,NightNoStreetLight,Yes,T-type,Normal,Other,3,Sunday,1,True,True
201800057608,NonLethal,Daylight,Yes,Other,Normal,Other,5,Friday,11,False,False
201800025629,NonLethal,NightStreelightsOff,Yes,Roundabout,Normal,2Vehicles-Behind,6,Tuesday,18,False,False
201800016758,NonLethal,Daylight,No,NoIntersection,Normal,NoCollision,7,Wednesday,15,False,False
201800042782,NonLethal,NightStreelightsOn,Yes,X-type,Normal,2Vehicles-Side,9,Tuesday,20,False,False
201800054362,NonLethal,NightStreelightsOn,Yes,NoIntersection,Normal,NoCollision,3,Tuesday,18,False,False
201800026421,NonLethal,Daylight,Yes,NoIntersection,Normal,Other,9,Friday,9,False,False
201800038058,NonLethal,NightStreelightsOn,Yes,NoIntersection,Normal,Other,11,Monday,18,False,False
201800050396,NonLethal,Daylight,Yes,NoIntersection,Normal,Other,10,Tuesday,9,False,False
201800013104,NonLethal,Daylight,No,NoIntersection,LightRain,NoCollision,3,Saturday,17,True,False
201800001900,NonLethal,Daylight,No,X-type,VeryGood,2Vehicles-Side,4,Friday,13,False,False
201800040849,NonLethal,Daylight,Yes,NoIntersection,Normal,Other,4,Friday,10,False,False
201800031217,NonLethal,Daylight,Yes,NoIntersection,Normal,Other,4,Sunday,18,True,False
201800045056,NonLethal,Daylight,No,NoIntersection,Normal,2Vehicles-Behind,6,Thursday,19,False,False
201800020230,NonLethal,Daylight,Yes,X-type,Normal,Other,2,Monday,11,False,False
201800044789,NonLethal,Daylight,No,NoIntersection,Normal,3+Vehicles-Chain,4,Thursday,18,False,False
201800013304,NonLethal,Daylight,No,X-type,LightRain,2Vehicles-Side,4,Friday,17,False,False
201800008506,NonLethal,NightStreelightsOn,Yes,T-type,Normal,2Vehicles-Side,11,Friday,5,False,True
201800011047,NonLethal,Daylight,No,NoIntersection,Normal,Other,8,Wednesday,12,False,False
201800043947,NonLethal,Daylight,No,NoIntersection,Normal,2Vehicles-Behind,4,Tuesday,19,False,False
201800049890,NonLethal,Daylight,No,NoIntersection,Normal,2Vehicles-Side,6,Friday,15,False,False
201800034741,NonLethal,Daylight,Yes,NoIntersection,Normal,2Vehicles-Side,2,Sunday,9,True,False
201800008771,NonLethal,Daylight,Yes,NoIntersection,Normal,2Vehicles-Side,1,Thursday,17,False,False
201800056553,NonLethal,Daylight,Yes,Other,HeavyRain,2Vehicles-BehindVehicles-Frontal,12,Friday,17,False,False
201800051969,NonLethal,Daylight,Yes,NoIntersection,Normal,2Vehicles-BehindVehicles-Frontal,3,Saturday,15,True,False
201800045825,NonLethal,NightStreelightsOn,No,NoIntersection,Normal,Other,4,Tuesday,22,False,False
201800036921,NonLethal,Daylight,Yes,NoIntersection,Overcast,Other,10,Wednesday,13,False,False
201800051711,NonLethal,Daylight,Yes,X-type,Normal,Other,4,Friday,17,False,False
201800011161,NonLethal,NightNoStreetLight,No,NoIntersection,Normal,2Vehicles-Behind,7,Tuesday,19,False,False
201800023279,NonLethal,Daylight,Yes,T-type,Normal,2Vehicles-Side,10,Friday,7,False,False
201800003903,NonLethal,Daylight,No,NoIntersection,Normal,Other,1,Monday,15,False,False
201800020371,NonLethal,Daylight,No,NoIntersection,SnowOrHail,Other,1,Tuesday,9,False,False
201800044108,NonLethal,NightStreelightsOn,No,NoIntersection,Normal,NoCollision,8,Tuesday,23,False,False
201800053836,NonLethal,Daylight,Yes,NoIntersection,Normal,2Vehicles-Behind,7,Tuesday,11,False,False
201800025537,NonLethal,Daylight,Yes,NoIntersection,Normal,NoCollision,11,Saturday,9,True,False
201800045353,NonLethal,Daylight,No,NoIntersection,Normal,Other,10,Saturday,17,True,False
201800050931,NonLethal,Daylight,Yes,X-type,Normal,2Vehicles-Side,9,Wednesday,8,False,False
201800051198,NonLethal,NightStreelightsOn,Yes,T-type,Normal,Other,9,Tuesday,22,False,False
201800048464,NonLethal,NightStreelightsOn,Yes,X-type,Normal,2Vehicles-Side,8,Thursday,22,False,False
201800005363,NonLethal,NightStreelightsOn,Yes,T-type,Normal,2Vehicles-Side,10,Thursday,0,False,True
201800018155,NonLethal,Daylight,No,NoIntersection,Normal,Other,1,Sunday,14,True,False
201800020854,NonLethal,Daylight,Yes,NoIntersection,Normal,Other,7,Tuesday,19,False,False
201800033768,NonLethal,NightStreelightsOn,Yes,T-type,LightRain,2Vehicles-Side,4,Sunday,21,True,False
201800051442,NonLethal,NightStreelightsOn,Yes,NoIntersection,LightRain,Other,2,Tuesday,18,False,False
201800050055,NonLethal,Daylight,No,NoIntersection,Normal,3+Vehicles-Chain,10,Friday,12,False,False
201800025108,NonLethal,Daylight,Yes,NoIntersection,Normal,Other,10,Tuesday,12,False,False
201800018113,NonLethal,NightNoStreetLight,No,NoIntersection,HeavyRain,Other,1,Tuesday,4,False,True
201800023887,NonLethal,TwilightOrDawn,Yes,NoIntersection,LightRain,2Vehicles-BehindVehicles-Frontal,3,Friday,5,False,True
201800030210,NonLethal,NightStreelightsOn,Yes,NoIntersection,Normal,3+Vehicles-Chain,11,Monday,19,False,False
201800022013,NonLethal,Daylight,Yes,NoIntersection,Normal,Other,2,Saturday,17,True,False
201800051826,NonLethal,Daylight,Yes,T-type,LightRain,2Vehicles-Side,7,Tuesday,13,False,False
201800043591,NonLethal,Daylight,Yes,NoIntersection,Normal,Other,9,Saturday,17,True,False
201800002921,NonLethal,Daylight,Yes,NoIntersection,Normal,Other,1,Sunday,14,True,False
201800020977,NonLethal,Daylight,Yes,NoIntersection,Normal,Other,4,Tuesday,18,False,False
201800028800,NonLethal,Daylight,No,NoIntersection,Normal,Other,9,Sunday,17,True,False
201800007666,NonLethal,Daylight,Yes,MoreThan4Branches,Overcast,3+Vehicles-Multiple,9,Friday,11,False,False
201800005057,NonLethal,NightStreelightsOn,Yes,Roundabout,Other,Other,1,Monday,21,False,False
201800052993,NonLethal,Daylight,Yes,NoIntersection,Normal,NoCollision,3,Monday,14,False,False
201800022408,NonLethal,Daylight,Yes,Roundabout,VeryGood,Other,10,Saturday,9,True,False
201800030325,Lethal,NightStreelightsOn,Yes,NoIntersection,Normal,Other,10,Saturday,3,True,True
201800003435,NonLethal,NightNoStreetLight,No,NoIntersection,Normal,Other,10,Friday,19,False,False
201800008847,NonLethal,Daylight,Yes,NoIntersection,Normal,3+Vehicles-Chain,12,Tuesday,18,False,False
201800043026,NonLethal,TwilightOrDawn,Yes,T-type,Normal,2Vehicles-Side,7,Monday,6,False,True
201800025658,NonLethal,TwilightOrDawn,Yes,T-type,LightRain,2Vehicles-BehindVehicles-Frontal,12,Friday,7,False,False
201800024604,NonLethal,NightNoStreetLight,No,NoIntersection,Normal,2Vehicles-Behind,1,Friday,20,False,False
201800052543,NonLethal,NightStreelightsOn,Yes,X-type,Normal,Other,9,Wednesday,20,False,False
201800014084,NonLethal,NightNoStreetLight,No,NoIntersection,Normal,Other,8,Friday,1,False,True
201800023409,NonLethal,NightStreelightsOn,Yes,NoIntersection,Normal,Other,12,Wednesday,18,False,False
201800034503,NonLethal,Daylight,Yes,NoIntersection,Normal,2Vehicles-BehindVehicles-Frontal,12,Thursday,16,False,False
201800011390,NonLethal,NightNoStreetLight,No,NoIntersection,Normal,NoCollision,3,Saturday,2,True,True
201800048882,NonLethal,Daylight,No,NoIntersection,Normal,3+Vehicles-Chain,4,Friday,16,False,False
201800037064,NonLethal,NightStreelightsOn,Yes,X-type,LightRain,2Vehicles-Side,3,Friday,7,False,False
201800057399,NonLethal,Daylight,Yes,Other,Normal,2Vehicles-Side,12,Sunday,16,True,False
201800027182,NonLethal,NightStreelightsOn,Yes,NoIntersection,LightRain,Other,10,Wednesday,6,False,True
201800026123,NonLethal,Daylight,Yes,T-type,Overcast,2Vehicles-Side,6,Wednesday,14,False,False
201800001677,NonLethal,Daylight,Yes,NoIntersection,Normal,2Vehicles-Behind,10,Saturday,15,True,False
201800039846,NonLethal,NightStreelightsOn,Yes,X-type,Overcast,2Vehicles-Side,10,Monday,21,False,False
201800045788,NonLethal,NightStreelightsOn,No,Other,LightRain,Other,3,Friday,0,False,True