AccidentId,Gravity,Light,InAgglomeration,IntersectionType,Weather,CollisionType,Month,DayOfWeek,HourOfDay,IsWeekend,IsNight
201800016620,NonLethal,NightNoStreetLight,No,NoIntersection,LightRain,Other,4,Sunday,19,True,False
201800005503,NonLethal,Daylight,Yes,T-type,Normal,2Vehicles-Side,12,Friday,11,False,False
201800021117,NonLethal,Daylight,Yes,Roundabout,VeryGood,2Vehicles-Side,10,Friday,15,False,False
201800043270,NonLethal,NightStreelightsOn,Yes,NoIntersection,Normal,Other,9,Sunday,22,True,False
201800056769,NonLethal,NightNoStreetLight,Yes,NoIntersection,Normal,Other,12,Sunday,20,True,False
201800055509,NonLethal,Daylight,Yes,NoIntersection,Normal,2Vehicles-Behind,7,Friday,8,False,False
201800033909,NonLethal,Daylight,Yes,X-type,Normal,2Vehicles-Side,12,Monday,12,False,False
201800043092,NonLethal,Daylight,Yes,NoIntersection,Overcast,Other,11,Wednesday,10,False,False
201800015835,NonLethal,Daylight,No,NoIntersection,Normal,2Vehicles-Side,8,Thursday,12,False,False
201800035701,NonLethal,Daylight,Yes,Other,Normal,Other,9,Friday,19,False,False
201800047182,NonLethal,NightStreelightsOn,Yes,NoIntersection,LightRain,2Vehicles-Behind,3,Sunday,19,True,False
201800005618,NonLethal,Daylight,No,NoIntersection,Normal,3+Vehicles-Chain,3,Saturday,16,True,False
201800047330,NonLethal,Daylight,Yes,NoIntersection,Overcast,Other,1,Wednesday,12,False,False
201800047403,NonLethal,NightStreelightsOn,Yes,NoIntersection,HeavyRain,Other,6,Sunday,18,True,False
201800017337,Lethal,Daylight,Yes,NoIntersection,Normal,Other,9,Friday,17,False,False
201800007873,Lethal,Daylight,No,NoIntersection,Normal,2Vehicles-Behind,10,Tuesday,19,False,False
201800011195,Lethal,Daylight,No,NoIntersection,LightRain,Other,2,Sunday,14,True,False
201800046887,NonLethal,Daylight,No,NoIntersection,Normal,2Vehicles-Behind,9,Thursday,18,False,False
201800053250,NonLethal,NightStreelightsOn,Yes,NoIntersection,Normal,Other,1,Thursday,23,False,False
201800050568,NonLethal,NightStreelightsOn,Yes,X-type,Normal,Other,6,Tuesday,22,False,False
201800013635,NonLethal,Daylight,No,X-type,Normal,2Vehicles-Behind,9,Friday,17,False,False
201800026611,NonLethal,NightStreelightsOn,Yes,NoIntersection,Normal,Other,12,Friday,17,False,False
201800006622,NonLethal,Daylight,No,NoIntersection,Normal,2Vehicles-Side,8,Saturday,16,True,False
201800045139,NonLethal,TwilightOrDawn,No,NoIntersection,Normal,Other,8,Wednesday,6,False,True
201800001533,NonLethal,TwilightOrDawn,No,NoIntersection,HeavyRain,2Vehicles-BehindVehicles-Frontal,6,Sunday,17,True,False
201800015940,NonLethal,Daylight,No,NoIntersection,Normal,2Vehicles-BehindVehicles-Frontal,6,Wednesday,19,False,False
201800016611,NonLethal,Daylight,Yes,T-type,Normal,2Vehicles-Side,6,Saturday,12,True,False
201800042783,NonLethal,Daylight,Yes,Other,Normal,Other,9,Wednesday,10,False,False
201800043590,NonLethal,Daylight,Yes,NoIntersection,Normal,2Vehicles-Side,9,Saturday,9,True,False
201800042525,NonLethal,Daylight,Yes,NoIntersection,LightRain,Other,11,Monday,12,False,False
201800046308,NonLethal,Daylight,No,NoIntersection,Normal,3+Vehicles-Chain,12,Friday,16,False,False
201800052353,NonLethal,Daylight,Yes,X-type,LightRain,2Vehicles-Side,8,Friday,14,False,False
201800022078,NonLethal,Daylight,Yes,Roundabout,Normal,2Vehicles-Side,3,Wednesday,10,False,False
201800017854,NonLethal,Daylight,Yes,NoIntersection,Overcast,Other,1,Wednesday,9,False,False
201800023035,NonLethal,Daylight,Yes,NoIntersection,Normal,2Vehicles-Behind,4,Thursday,18,False,False
201800022528,NonLethal,Daylight,Yes,NoIntersection,Normal,Other,12,Thursday,8,False,False
201800033107,NonLethal,NightStreelightsOn,Yes,X-type,LightRain,2Vehicles-Side,3,Wednesday,7,False,False
201800002363,NonLethal,TwilightOrDawn,Yes,X-type,LightRain,2Vehicles-Side,10,Friday,7,False,False
201800027682,NonLethal,Daylight,Yes,T-type,Overcast,Other,1,Sunday,15,True,False
201800035485,NonLethal,Daylight,Yes,NoIntersection,Normal,Other,6,Friday,19,False,False
201800014943,NonLethal,TwilightOrDawn,Yes,NoIntersection,LightRain,2Vehicles-Behind,12,Saturday,16,True,False
201800006385,NonLethal,Daylight,Yes,NoIntersection,Normal,2Vehicles-Behind,6,Wednesday,11,False,False
201800042464,NonLethal,NightStreelightsOn,Yes,NoIntersection,Normal,Other,10,Saturday,4,True,True
201800035711,NonLethal,TwilightOrDawn,Yes,X-type,FogOrSmoke,Other,12,Thursday,7,False,False
201800022699,NonLethal,Daylight,No,NoIntersection,Normal,3+Vehicles-Chain,5,Thursday,10,False,False
201800024605,NonLethal,NightStreelightsOn,Yes,Roundabout,Normal,NoCollision,1,Sunday,18,True,False
201800000974,NonLethal,Daylight,No,NoIntersection,Overcast,Other,5,Thursday,13,False,False
201800045727,NonLethal,NightStreelightsOn,No,NoIntersection,Normal,3+Vehicles-Multiple,2,Thursday,21,False,False
201800013491,NonLethal,NightNoStreetLight,No,NoIntersection,Normal,NoCollision,5,Sunday,2,True,True
201800013843,NonLethal,NightNoStreetLight,No,NoIntersection,FogOrSmoke,Other,12,Sunday,2,True,True
201800055049,NonLethal,Daylight,Yes,X-type,Normal,NoCollision,6,Friday,11,False,False
201800031897,NonLethal,NightStreelightsOn,Yes,NoIntersection,LightRain,Other,7,Tuesday,22,False,False
201800054659,NonLethal,NightStreelightsOn,Yes,X-type,Normal,Other,2,Thursday,18,False,False
201800040122,NonLethal,Daylight,Yes,Y-type,Normal,2Vehicles-Behind,9,Saturday,12,True,False
201800017995,NonLethal,Daylight,No,NoIntersection,Normal,Other,4,Monday,15,False,False
201800056019,NonLethal,Daylight,Yes,NoIntersection,Normal,2Vehicles-BehindVehicles-Frontal,2,Thursday,12,False,False
201800010053,NonLethal,Daylight,Yes,NoIntersection,Normal,3+Vehicles-Multiple,11,Sunday,16,True,False
201800017682,NonLethal,Daylight,No,NoIntersection,Normal,Other,7,Sunday,19,True,False
201800055872,Lethal,Daylight,No,NoIntersection,Normal,2Vehicles-BehindVehicles-Frontal,2,Thursday,14,False,False
201800020029,NonLethal,Daylight,Yes,NoIntersection,Normal,3+Vehicles-Chain,2,Sunday,10,True,False
201800037163,NonLethal,Daylight,Yes,NoIntersection,Normal,2Vehicles-Side,2,Thursday,7,False,False
201800044469,NonLethal,NightStreelightsOff,No,NoIntersection,Normal,2Vehicles-Behind,12,Thursday,18,False,False
201800003176,NonLethal,Daylight,Yes,NoIntersection,Normal,Other,9,Sunday,16,True,False
201800024931,NonLethal,Daylight,No,NoIntersection,Normal,2Vehicles-Behind,1,Wednesday,8,False,False
201800016594,NonLethal,Daylight,Yes,X-type,Normal,2Vehicles-Side,8,Tuesday,18,False,False
201800022858,NonLethal,Daylight,Yes,NoIntersection,LightRain,2Vehicles-Side,2,Thursday,9,False,False
201800001699,NonLethal,TwilightOrDawn,No,NoIntersection,Normal,3+Vehicles-Multiple,9,Tuesday,6,False,True
201800025590,NonLethal,Daylight,Yes,Y-type,LightRain,NoCollision,11,Saturday,10,True,False
201800027527,NonLethal,Daylight,Yes,NoIntersection,Normal,2Vehicles-Behind,11,Tuesday,9,False,False
201800001360,NonLethal,TwilightOrDawn,Yes,NoIntersection,LightRain,Other,1,Monday,8,False,False
201800038585,NonLethal,Daylight,Yes,NoIntersection,Normal,2Vehicles-Side,6,Saturday,19,True,False
201800012804,NonLethal,Daylight,No,NoIntersection,Normal,2Vehicles-BehindVehicles-Frontal,7,Saturday,10,True,False
201800041400,NonLethal,Daylight,Yes,Roundabout,Normal,Other,3,Thursday,8,False,False
201800027178,NonLethal,Daylight,Yes,NoIntersection,Normal,2Vehicles-Behind,6,Sunday,8,True,False
201800026476,NonLethal,NightNoStreetLight,Yes,NoIntersection,FogOrSmoke,2Vehicles-BehindVehicles-Frontal,11,Friday,20,False,False
201800016642,NonLethal,Daylight,No,NoIntersection,Normal,Other,4,Friday,12,False,False
201800022461,NonLethal,Daylight,Yes,Other,Normal,2Vehicles-Side,7,Tuesday,15,False,False
201800014938,NonLethal,Daylight,Yes,NoIntersection,Normal,2Vehicles-BehindVehicles-Frontal,10,Thursday,13,False,False
201800021917,NonLethal,Daylight,No,NoIntersection,Normal,3+Vehicles-Multiple,5,Wednesday,15,False,False
201800055504,NonLethal,Daylight,Yes,NoIntersection,Normal,Other,7,Thursday,9,False,False
201800047405,NonLethal,Daylight,Yes,NoIntersection,Normal,Other,7,Tuesday,8,False,False
201800013058,NonLethal,Daylight,No,T-type,Normal,NoCollision,5,Wednesday,10,False,False
201800012278,NonLethal,NightNoStreetLight,No,NoIntersection,Normal,NoCollision,5,Monday,22,False,False
201800023227,NonLethal,Daylight,Yes,X-type,Normal,2Vehicles-BehindVehicles-Frontal,12,Sunday,17,True,False
201800032544,NonLethal,NightStreelightsOn,Yes,NoIntersection,Normal,2Vehicles-Side,7,Monday,0,False,True
201800036761,NonLethal,Daylight,Yes,NoIntersection,SnowOrHail,Other,2,Tuesday,8,False,False
201800035600,NonLethal,Daylight,Yes,NoIntersection,Normal,2Vehicles-BehindVehicles-Frontal,9,Wednesday,7,False,False
201800013222,NonLethal,Daylight,No,NoIntersection,Normal,NoCollision,12,Wednesday,10,False,False
201800012698,NonLethal,NightNoStreetLight,Yes,NoIntersection,Normal,Other,9,Friday,5,False,True
201800043095,NonLethal,NightStreelightsOn,Yes,Other,Normal,2Vehicles-Side,12,Wednesday,19,False,False
201800043859,NonLethal,Daylight,No,Other,LightRain,Other,3,Saturday,11,True,False
201800028716,NonLethal,Daylight,Yes,Roundabout,Normal,Other,4,Friday,17,False,False
201800042651,NonLethal,NightStreelightsOn,Yes,X-type,Normal,Other,2,Friday,19,False,False
201800057012,NonLethal,Daylight,No,NoIntersection,Normal,3+Vehicles-Chain,9,Saturday,11,True,False
201800017708,NonLethal,NightNoStreetLight,No,NoIntersection,Normal,Other,8,Saturday,23,True,False
201800029745,NonLethal,Daylight,No,T-type,VeryGood,3+Vehicles-Multiple,4,Wednesday,16,False,False
201800017163,Lethal,NightNoStreetLight,No,T-type,Normal,2Vehicles-Behind,5,Friday,20,False,False
201800049675,NonLethal,Daylight,No,NoIntersection,Normal,Other,2,Friday,14,False,False
201800018160,Lethal,Daylight,No,NoIntersection,Normal,Other,5,Monday,19,False,False
201800043537,NonLethal,Daylight,Yes,NoIntersection,Normal,2Vehicles-Behind,3,Wednesday,9,False,False
201800015572,NonLethal,Daylight,No,NoIntersection,LightRain,NoCollision,1,Sunday,12,True,False
201800011828,NonLethal,Daylight,No,NoIntersection,Normal,Other,6,Saturday,20,True,False
201800047093,NonLethal,Daylight,No,NoIntersection,LightRain,Other,1,Friday,13,False,False
201800000910,NonLethal,Daylight,No,NoIntersection,VeryGood,2Vehicles-BehindVehicles-Frontal,7,Monday,8,False,False
201800036657,NonLethal,NightStreelightsOn,Yes,X-type,Normal,2Vehicles-Side,5,Monday,21,False,False
201800022708,Lethal,NightStreelightsOn,Yes,NoIntersection,Normal,Other,5,Friday,1,False,True
201800050271,NonLethal,Daylight,Yes,Square,Normal,Other,6,Sunday,9,True,False
201800057671,NonLethal,TwilightOrDawn,Yes,NoIntersection,Normal,Other,9,Friday,17,False,False
201800017317,NonLethal,NightNoStreetLight,Yes,NoIntersection,Normal,Other,1,Monday,7,False,False
201800027637,NonLethal,Daylight,Yes,NoIntersection,StrongWindOrStorm,NoCollision,5,Tuesday,17,False,False
201800003268,NonLethal,Daylight,No,NoIntersection,Normal,Other,5,Saturday,18,True,False
201800031816,NonLethal,Daylight,Yes,NoIntersection,Normal,3+Vehicles-Chain,7,Saturday,18,True,False
201800039808,NonLethal,Daylight,Yes,NoIntersection,Normal,2Vehicles-Side,6,Sunday,16,True,False
201800044847,NonLethal,Daylight,No,NoIntersection,Normal,2Vehicles-Behind,5,Wednesday,14,False,False
201800057755,NonLethal,Daylight,Yes,NoIntersection,Normal,2Vehicles-Side,5,Friday,14,False,False
201800011796,NonLethal,Daylight,No,NoIntersection,Normal,Other,6,Tuesday,10,False,False
201800022967,NonLethal,TwilightOrDawn,Yes,Roundabout,Normal,NoCollision,3,Thursday,18,False,False
201800034456,NonLethal,Daylight,Yes,NoIntersection,Normal,Other,10,Tuesday,18,False,False
201800005894,Lethal,Daylight,Yes,Other,Other,2Vehicles-Side,8,Saturday,17,True,False
201800023697,NonLethal,Daylight,Yes,Roundabout,Normal,NoCollision,4,Friday,18,False,False
201800032805,NonLethal,Daylight,No,T-type,Normal,2Vehicles-Side,9,Sunday,17,True,False
201800012096,NonLethal,Daylight,No,X-type,Overcast,2Vehicles-Side,3,Thursday,16,False,False
201800010938,NonLethal,Daylight,No,X-type,Normal,2Vehicles-Side,10,Saturday,17,True,False
201800042982,NonLethal,Daylight,Yes,NoIntersection,VeryGood,Other,4,Friday,11,False,False
201800015491,Lethal,Daylight,Yes,Square,Normal,NoCollision,4,Saturday,20,True,False
201800011670,NonLethal,Daylight,No,NoIntersection,Normal,NoCollision,4,Monday,14,False,False
201800001190,NonLethal,Daylight,No,NoIntersection,Normal,Other,9,Sunday,13,True,False
201800026185,NonLethal,Daylight,Yes,Other,Normal,Other,5,Tuesday,16,False,False
201800020896,NonLethal,Daylight,Yes,NoIntersection,Normal,Other,10,Friday,19,False,False
201800015826,NonLethal,Daylight,No,NoIntersection,LightRain,Other,3,Tuesday,15,False,False
201800024294,NonLethal,Daylight,Yes,NoIntersection,Normal,Other,4,Tuesday,16,False,False
201800011194,Lethal,NightStreelightsOn,Yes,NoIntersection,LightRain,Other,1,Sunday,18,True,False
201800020512,NonLethal,NightNoStreetLight,No,NoIntersection,Normal,Other,9,Saturday,1,True,True
201800043064,NonLethal,TwilightOrDawn,Yes,NoIntersection,Normal,Other,9,Monday,7,False,False
201800029440,NonLethal,Daylight,Yes,Y-type,Overcast,Other,1,Friday,13,False,False
201800025391,NonLethal,Daylight,Yes,NoIntersection,Normal,Other,6,Tuesday,11,False,False
201800051377,NonLethal,Daylight,Yes,Y-type,Normal,2Vehicles-Side,4,Sunday,17,True,False
201800028804,NonLethal,NightNoStreetLight,No,NoIntersection,Normal,Other,9,Friday,22,False,False
201800016100,NonLethal,Daylight,Yes,NoIntersection,Normal,2Vehicles-Behind,5,Wednesday,18,False,False
201800048297,NonLethal,Daylight,Yes,NoIntersection,Normal,3+Vehicles-Chain,6,Monday,17,False,False
201800052782,NonLethal,Daylight,Yes,MoreThan4Branches,Normal,2Vehicles-Behind,7,Wednesday,15,False,False
201800053298,NonLethal,Daylight,Yes,NoIntersection,Normal,NoCollision,3,Wednesday,8,False,False
201800030413,NonLethal,Daylight,Yes,T-type,Normal,2Vehicles-Side,7,Saturday,12,True,False
201800030866,NonLethal,Daylight,Yes,NoIntersection,Normal,2Vehicles-Side,3,Friday,16,False,False
201800010211,NonLethal,Daylight,Yes,NoIntersection,LightRain,Other,12,Wednesday,11,False,False
201800016534,NonLethal,Daylight,No,NoIntersection,Normal,2Vehicles-BehindVehicles-Frontal,10,Friday,17,False,False
201800014283,NonLethal,NightStreelightsOn,Yes,NoIntersection,Normal,Other,7,Monday,0,False,True
201800003513,NonLethal,NightNoStreetLight,No,NoIntersection,Normal,Other,2,Friday,23,False,False
201800023412,NonLethal,Daylight,Yes,NoIntersection,Normal,Other,12,Friday,15,False,False
201800052689,NonLethal,Daylight,Yes,X-type,Overcast,Other,3,Friday,15,False,False
201800046300,NonLethal,Daylight,No,NoIntersection,Normal,Other,12,Monday,13,False,False
201800026530,NonLethal,Daylight,Yes,NoIntersection,Normal,Other,3,Saturday,9,True,False
201800052786,NonLethal,Daylight,Yes,NoIntersection,Normal,2Vehicles-Side,7,Friday,17,False,False
201800020241,NonLethal,NightStreelightsOn,Yes,T-type,Normal,2Vehicles-Behind,1,Saturday,22,True,False
201800028336,NonLethal,NightStreelightsOn,Yes,NoIntersection,Normal,Other,2,Monday,18,False,False
201800041674,NonLethal,Daylight,Yes,NoIntersection,Normal,2Vehicles-Side,7,Saturday,11,True,False
201800032433,NonLethal,Daylight,Yes,NoIntersection,Normal,2Vehicles-Side,4,Thursday,15,False,False
201800003918,NonLethal,Daylight,Yes,Other,LightRain,2Vehicles-Side,3,Tuesday,8,False,False
201800000990,NonLethal,NightStreelightsOff,Yes,T-type,Normal,Other,12,Friday,19,False,False
201800017769,NonLethal,Daylight,Yes,Roundabout,Normal,2Vehicles-Side,7,Saturday,10,True,False
201800004822,NonLethal,NightNoStreetLight,No,NoIntersection,Normal,Other,8,Saturday,22,True,False
201800042511,NonLethal,Daylight,Yes,X-type,Normal,2Vehicles-Side,3,Saturday,14,True,False
201800024218,NonLethal,Daylight,Yes,T-type,Normal,2Vehicles-Side,1,Wednesday,7,False,False
201800054488,NonLethal,NightStreelightsOn,Yes,Square,Normal,2Vehicles-Side,7,Monday,1,False,True
201800002503,NonLethal,TwilightOrDawn,Yes,NoIntersection,Normal,Other,1,Monday,18,False,False
201800034624,NonLethal,NightStreelightsOn,Yes,NoIntersection,Normal,3+Vehicles-Chain,8,Thursday,22,False,False
201800015628,NonLethal,Daylight,No,NoIntersection,Normal,3+Vehicles-Multiple,6,Saturday,16,True,False
201800037843,NonLethal,TwilightOrDawn,Yes,NoIntersection,Normal,2Vehicles-BehindVehicles-Frontal,3,Friday,6,False,True
201800025707,NonLethal,Daylight,Yes,X-type,Normal,2Vehicles-Side,4,Tuesday,17,False,False
201800057426,NonLethal,Daylight,Yes,T-type,Normal,2Vehicles-Side,3,Thursday,7,False,False
201800006308,NonLethal,Daylight,No,NoIntersection,Normal,Other,4,Sunday,16,True,False
201800000616,NonLethal,Daylight,No,NoIntersection,Normal,Other,5,Saturday,8,True,False
201800044264,NonLethal,Daylight,No,NoIntersection,Normal,2Vehicles-Behind,9,Thursday,11,False,False
201800006699,NonLethal,Daylight,No,NoIntersection,Normal,3+Vehicles-Chain,2,Monday,17,False,False
201800040994,NonLethal,NightStreelightsOn,Yes,NoIntersection,Normal,2Vehicles-Side,12,Saturday,19,True,False
201800049669,NonLethal,NightNoStreetLight,No,NoIntersection,Normal,NoCollision,1,Thursday,22,False,False
201800046070,NonLethal,NightStreelightsOn,No,Other,Normal,NoCollision,6,Saturday,23,True,False
201800026265,NonLethal,Daylight,Yes,NoIntersection,Normal,Other,1,Tuesday,9,False,False
201800027576,NonLethal,NightStreelightsOn,Yes,NoIntersection,Normal,Other,12,Wednesday,19,False,False
201800042979,NonLethal,Daylight,Yes,T-type,Normal,2Vehicles-BehindVehicles-Frontal,3,Thursday,16,False,False
201800008220,NonLethal,Daylight,Yes,NoIntersection,LightRain,2Vehicles-Behind,6,Thursday,16,False,False
201800013772,Lethal,Daylight,No,NoIntersection,Normal,Other,6,Sunday,11,True,False
201800018076,NonLethal,Daylight,Yes,NoIntersection,Normal,Other,12,Thursday,12,False,False
201800029394,NonLethal,NightStreelightsOff,Yes,NoIntersection,Normal,Other,11,Friday,19,False,False
201800021189,NonLethal,Daylight,Yes,NoIntersection,HeavyRain,2Vehicles-BehindVehicles-Frontal,10,Saturday,12,True,False
201800002968,NonLethal,Daylight,Yes,Roundabout,Normal,Other,11,Friday,9,False,False
201800033625,NonLethal,NightStreelightsOn,Yes,T-type,Normal,2Vehicles-BehindVehicles-Frontal,6,Saturday,5,True,True
201800017346,NonLethal,Daylight,Yes,X-type,Normal,2Vehicles-Side,6,Friday,16,False,False
201800019639,NonLethal,Daylight,Yes,NoIntersection,Normal,2Vehicles-Side,4,Thursday,7,False,False
201800017092,NonLethal,Daylight,No,NoIntersection,Normal,Other,10,Wednesday,7,False,False
201800016328,NonLethal,Daylight,No,T-type,Normal,2Vehicles-Side,1,Thursday,17,False,False
201800038457,NonLethal,Daylight,Yes,Roundabout,Normal,2Vehicles-Side,7,Monday,9,False,False
201800047862,NonLethal,Daylight,Yes,NoIntersection,FogOrSmoke,Other,12,Tuesday,8,False,False
201800005890,NonLethal,Daylight,No,T-type,Normal,2Vehicles-Side,3,Sunday,14,True,False
201800054952,NonLethal,NightStreelightsOn,Yes,T-type,Normal,Other,3,Wednesday,18,False,False
201800019004,NonLethal,Daylight,Yes,T-type,Normal,2Vehicles-BehindVehicles-Frontal,2,Saturday,17,True,False
201800027879,NonLethal,Daylight,Yes,X-type,Normal,2Vehicles-Side,6,Friday,8,False,False
201800007382,NonLethal,Daylight,Yes,NoIntersection,Normal,2Vehicles-Side,8,Wednesday,9,False,False
201800016987,NonLethal,Daylight,No,NoIntersection,LightRain,Other,3,Saturday,9,True,False
201800051344,NonLethal,Daylight,Yes,X-type,Normal,Other,10,Friday,17,False,False
201800017632,NonLethal,Daylight,No,Y-type,Normal,2Vehicles-Side,7,Sunday,14,True,False
201800010604,NonLethal,NightNoStreetLight,Yes,NoIntersection,Normal,Other,7,Saturday,21,True,False
201800003833,NonLethal,Daylight,Yes,NoIntersection,VeryGood,2Vehicles-Behind,6,Tuesday,7,False,False
201800023173,NonLethal,Daylight,Yes,NoIntersection,Normal,2Vehicles-Behind,7,Sunday,10,True,False
201800050788,NonLethal,NightStreelightsOn,Yes,MoreThan4Branches,Normal,Other,10,Sunday,22,True,False
201800025354,Lethal,Daylight,Yes,NoIntersection,Normal,Other,5,Monday,17,False,False
201800008556,NonLethal,Daylight,Yes,NoIntersection,LightRain,2Vehicles-Behind,2,Monday,8,False,False
201800054944,NonLethal,Daylight,Yes,Square,Overcast,2Vehicles-Side,7,Tuesday,14,False,False
201800007731,NonLethal,Daylight,Yes,X-type,Normal,2Vehicles-Side,1,Wednesday,12,False,False
201800009497,NonLethal,Daylight,Yes,NoIntersection,Normal,2Vehicles-Side,7,Tuesday,17,False,False
201800030726,NonLethal,Daylight,Yes,T-type,Normal,2Vehicles-Behind,12,Saturday,15,True,False
201800016083,NonLethal,Daylight,No,NoIntersection,Normal,2Vehicles-Side,4,Thursday,17,False,False
201800039555,NonLethal,Daylight,Yes,NoIntersection,Overcast,Other,4,Wednesday,9,False,False
201800029980,NonLethal,Daylight,Yes,NoIntersection,Normal,2Vehicles-Side,6,Tuesday,12,False,False
201800028930,NonLethal,Daylight,Yes,Other,Normal,Other,6,Tuesday,18,False,False
201800049330,NonLethal,Daylight,No,NoIntersection,Normal,3+Vehicles-Chain,2,Wednesday,18,False,False
201800046836,NonLethal,Daylight,No,NoIntersection,Normal,3+Vehicles-Chain,2,Friday,18,False,False
201800002468,NonLethal,Daylight,Yes,T-type,Normal,2Vehicles-BehindVehicles-Frontal,10,Tuesday,16,False,False
201800018784,NonLethal,Daylight,No,NoIntersection,SnowOrHail,2Vehicles-Side,3,Thursday,10,False,False
201800003907,NonLethal,Daylight,Yes,NoIntersection,Normal,2Vehicles-Behind,6,Wednesday,12,False,False
201800005122,NonLethal,Daylight,Yes,NoIntersection,Normal,Other,4,Monday,15,False,False
201800046869,NonLethal,Daylight,No,NoIntersection,Normal,2Vehicles-Side,9,Friday,18,False,False
201800005030,NonLethal,Daylight,Yes,Roundabout,Normal,2Vehicles-Behind,9,Sunday,15,True,False
201800002351,NonLethal,NightStreelightsOn,Yes,NoIntersection,Normal,Other,5,Sunday,23,True,False
201800018662,NonLethal,NightStreelightsOn,Yes,NoIntersection,HeavyRain,Other,11,Friday,17,False,False
201800037194,NonLethal,NightStreelightsOn,Yes,NoIntersection,Overcast,2Vehicles-Side,11,Monday,21,False,False
201800010453,NonLethal,Daylight,No,NoIntersection,Normal,Other,8,Friday,15,False,False
201800012426,Lethal,Daylight,No,NoIntersection,VeryGood,Other,6,Tuesday,19,False,False
201800017202,NonLethal,Daylight,No,NoIntersection,Normal,Other,2,Saturday,17,True,False
201800025274,NonLethal,Daylight,Yes,T-type,LightRain,2Vehicles-Side,3,Wednesday,12,False,False
201800006633,NonLethal,Daylight,No,NoIntersection,Normal,NoCollision,12,Friday,11,False,False
201800051029,NonLethal,NightStreelightsOn,Yes,T-type,Normal,2Vehicles-Behind,2,Sunday,2,True,True
201800044471,NonLethal,NightNoStreetLight,No,NoIntersection,Normal,NoCollision,12,Saturday,18,True,False
201800057619,NonLethal,Daylight,No,NoIntersection,Normal,NoCollision,5,Friday,8,False,False
201800045634,NonLethal,TwilightOrDawn,No,NoIntersection,LightRain,3+Vehicles-Multiple,7,Sunday,7,True,False
201800051553,NonLethal,Daylight,Yes,X-type,Normal,Other,8,Tuesday,17,False,False
201800031600,NonLethal,Daylight,No,NoIntersection,Normal,Other,4,Thursday,19,False,False
201800016939,NonLethal,Daylight,Yes,NoIntersection,VeryGood,2Vehicles-Side,4,Thursday,19,False,False
201800013871,NonLethal,Daylight,Yes,NoIntersection,Normal,Other,11,Thursday,14,False,False
201800049986,NonLethal,Daylight,No,NoIntersection,Normal,2Vehicles-Behind,8,Tuesday,11,False,False
201800040587,NonLethal,NightStreelightsOn,Yes,NoIntersection,LightRain,2Vehicles-Side,3,Tuesday,7,False,False
201800010176,NonLethal,Daylight,Yes,NoIntersection,Normal,2Vehicles-Behind,12,Wednesday,8,False,False
201800016306,Lethal,Daylight,Yes,NoIntersection,Normal,Other,2,Wednesday,17,False,False
201800018499,NonLethal,Daylight,No,NoIntersection,LightRain,3+Vehicles-Chain,11,Tuesday,12,False,False
201800042066,NonLethal,NightStreelightsOn,No,NoIntersection,Normal,Other,12,Wednesday,17,False,False
201800049464,NonLethal,NightStreelightsOff,No,NoIntersection,Normal,2Vehicles-Behind,9,Sunday,3,True,True
201800051150,NonLethal,Daylight,Yes,NoIntersection,Normal,Other,7,Thursday,10,False,False
201800012732,NonLethal,Daylight,Yes,NoIntersection,Normal,2Vehicles-Behind,9,Monday,11,False,False
201800003873,NonLethal,Daylight,No,NoIntersection,HeavyRain,Other,4,Wednesday,18,False,False
201800055386,NonLethal,Daylight,Yes,NoIntersection,Overcast,2Vehicles-Behind,5,Saturday,15,True,False
201800043116,NonLethal,TwilightOrDawn,Yes,X-type,Overcast,Other,3,Tuesday,19,False,False
201800020139,NonLethal,TwilightOrDawn,No,NoIntersection,Normal,Other,8,Monday,5,False,True
201800035053,NonLethal,Daylight,Yes,NoIntersection,Normal,Other,11,Monday,17,False,False
201800052735,NonLethal,Daylight,Yes,NoIntersection,Normal,3+Vehicles-Chain,5,Friday,9,False,False
201800053746,NonLethal,Daylight,Yes,T-type,LightRain,Other,4,Tuesday,17,False,False
201800051594,NonLethal,Daylight,Yes,NoIntersection,Normal,Other,10,Saturday,17,True,False
201800022034,NonLethal,Daylight,Yes,X-type,Normal,2Vehicles-Side,7,Wednesday,10,False,False
201800023202,NonLethal,Daylight,No,NoIntersection,Normal,2Vehicles-Behind,8,Saturday,11,True,False
201800006712,NonLethal,TwilightOrDawn,No,NoIntersection,Normal,2Vehicles-Behind,5,Friday,19,False,False
201800032076,NonLethal,NightStreelightsOn,Yes,NoIntersection,LightRain,Other,11,Monday,17,False,False
201800015510,NonLethal,Daylight,Yes,Other,Normal,2Vehicles-Side,5,Friday,14,False,False
201800032736,Lethal,Daylight,No,NoIntersection,Normal,NoCollision,3,Tuesday,16,False,False
201800034865,NonLethal,NightNoStreetLight,Yes,NoIntersection,FogOrSmoke,NoCollision,1,Monday,6,False,True
201800029659,Lethal,NightStreelightsOn,Yes,NoIntersection,LightRain,Other,12,Sunday,19,True,False
201800011915,Lethal,NightNoStreetLight,No,NoIntersection,Normal,NoCollision,10,Sunday,20,True,False
201800009125,NonLethal,Daylight,Yes,T-type,Normal,2Vehicles-Side,5,Sunday,19,True,False
201800057019,NonLethal,NightStreelightsOn,No,Roundabout,Normal,NoCollision,8,Monday,0,False,True
201800012932,NonLethal,NightNoStreetLight,No,NoIntersection,Normal,Other,3,Wednesday,5,False,True