AccidentId,Gravity,Light,InAgglomeration,IntersectionType,Weather,CollisionType,Month,DayOfWeek,HourOfDay,IsWeekend,IsNight
201800049049,NonLethal,NightNoStreetLight,No,NoIntersection,Normal,Other,8,Saturday,18,True,False
201800003009,NonLethal,Daylight,No,NoIntersection,Normal,Other,9,Friday,11,False,False
201800050644,NonLethal,Daylight,Yes,Square,Overcast,Other,1,Friday,11,False,False
201800011553,NonLethal,Daylight,Yes,Roundabout,Normal,2Vehicles-Side,9,Wednesday,8,False,False
201800003053,NonLethal,Daylight,No,T-type,Normal,2Vehicles-BehindVehicles-Frontal,1,Tuesday,16,False,False
201800051152,NonLethal,Daylight,Yes,Y-type,Normal,2Vehicles-Side,7,Friday,11,False,False
201800040802,NonLethal,Daylight,Yes,NoIntersection,Normal,2Vehicles-Behind,9,Saturday,12,True,False
201800055337,NonLethal,Daylight,Yes,NoIntersection,Normal,2Vehicles-Side,4,Tuesday,15,False,False
201800019293,NonLethal,TwilightOrDawn,No,X-type,VeryGood,2Vehicles-Side,3,Wednesday,17,False,False
201800014603,NonLethal,NightNoStreetLight,No,NoIntersection,Other,2Vehicles-Side,11,Friday,2,False,True
201800051101,NonLethal,NightStreelightsOff,Yes,Square,HeavyRain,2Vehicles-Side,6,Monday,23,False,False
201800038260,NonLethal,TwilightOrDawn,Yes,NoIntersection,Normal,Other,1,Tuesday,18,False,False
201800043306,NonLethal,NightStreelightsOn,Yes,X-type,Normal,Other,12,Sunday,18,True,False
201800026459,NonLethal,NightStreelightsOn,Yes,Roundabout,Normal,2Vehicles-Side,7,Wednesday,7,False,False
201800005218,NonLethal,Daylight,Yes,NoIntersection,Normal,2Vehicles-Side,4,Sunday,20,True,False
201800013692,NonLethal,Daylight,Yes,Square,Normal,Other,2,Saturday,16,True,False
201800052366,NonLethal,Daylight,Yes,NoIntersection,Normal,2Vehicles-BehindVehicles-Frontal,3,Thursday,9,False,False
201800018403,Lethal,Daylight,No,NoIntersection,Normal,2Vehicles-BehindVehicles-Frontal,4,Sunday,12,True,False
201800040545,NonLethal,Daylight,Yes,Roundabout,Normal,2Vehicles-BehindVehicles-Frontal,9,Thursday,19,False,False
201800009151,NonLethal,Daylight,No,NoIntersection,Normal,2Vehicles-Side,10,Saturday,14,True,False
201800041767,NonLethal,Daylight,Yes,NoIntersection,Normal,2Vehicles-Side,6,Thursday,20,False,False
201800035833,NonLethal,Daylight,Yes,NoIntersection,Normal,Other,5,Tuesday,10,False,False
201800054274,NonLethal,NightStreelightsOn,Yes,Square,Normal,2Vehicles-Side,11,Wednesday,23,False,False
201800048452,NonLethal,Daylight,Yes,NoIntersection,Normal,3+Vehicles-Chain,7,Sunday,16,True,False
201800012094,NonLethal,TwilightOrDawn,No,NoIntersection,Normal,Other,9,Friday,19,False,False
201800025497,NonLethal,Daylight,Yes,X-type,Normal,2Vehicles-Side,9,Tuesday,12,False,False
201800032640,NonLethal,NightStreelightsOn,Yes,NoIntersection,Normal,Other,11,Sunday,17,True,False
201800035189,NonLethal,NightStreelightsOn,Yes,NoIntersection,Normal,2Vehicles-Side,12,Tuesday,18,False,False
201800010052,NonLethal,Daylight,Yes,NoIntersection,Normal,2Vehicles-Side,11,Sunday,12,True,False
201800023801,Lethal,NightNoStreetLight,No,NoIntersection,Normal,Other,2,Thursday,22,False,False
201800040665,NonLethal,Daylight,Yes,NoIntersection,Normal,2Vehicles-Side,4,Monday,13,False,False
201800027578,NonLethal,Daylight,Yes,NoIntersection,Normal,2Vehicles-Side,12,Friday,12,False,False
201800012739,NonLethal,Daylight,No,NoIntersection,Normal,2Vehicles-Side,8,Sunday,12,True,False
201800023246,NonLethal,Daylight,Yes,NoIntersection,Normal,2Vehicles-Side,9,Friday,15,False,False
201800033678,NonLethal,NightStreelightsOn,Yes,NoIntersection,LightRain,2Vehicles-BehindVehicles-Frontal,7,Monday,0,False,True
201800024253,NonLethal,Daylight,Yes,T-type,Normal,2Vehicles-Side,1,Tuesday,13,False,False
201800004215,NonLethal,NightStreelightsOn,Yes,NoIntersection,Normal,2Vehicles-Behind,8,Thursday,22,False,False
201800045422,NonLethal,Daylight,No,NoIntersection,LightRain,Other,11,Wednesday,13,False,False
201800014328,NonLethal,Daylight,No,Roundabout,Normal,2Vehicles-Side,10,Monday,14,False,False
201800013430,NonLethal,Daylight,No,NoIntersection,Normal,2Vehicles-BehindVehicles-Frontal,8,Monday,15,False,False
201800047083,NonLethal,NightStreelightsOff,No,NoIntersection,Normal,2Vehicles-Behind,11,Wednesday,20,False,False
201800028974,Lethal,NightStreelightsOn,Yes,NoIntersection,Normal,Other,4,Wednesday,23,False,False
201800039109,NonLethal,Daylight,Yes,X-type,HeavyRain,Other,1,Monday,9,False,False
201800006734,NonLethal,Daylight,No,Other,Normal,3+Vehicles-Multiple,9,Friday,14,False,False
201800023245,NonLethal,Daylight,Yes,NoIntersection,Normal,Other,9,Friday,11,False,False
201800049567,NonLethal,Daylight,No,NoIntersection,Normal,2Vehicles-Behind,5,Wednesday,10,False,False
201800010247,NonLethal,Daylight,Yes,Other,Normal,2Vehicles-Behind,12,Wednesday,14,False,False
201800001027,NonLethal,NightNoStreetLight,No,NoIntersection,LightRain,2Vehicles-BehindVehicles-Frontal,3,Monday,19,False,False
201800013619,Lethal,Daylight,No,NoIntersection,Normal,2Vehicles-Behind,10,Thursday,18,False,False
201800040600,NonLethal,Daylight,Yes,NoIntersection,Normal,2Vehicles-Behind,6,Friday,14,False,False
201800027316,NonLethal,TwilightOrDawn,No,NoIntersection,LightRain,Other,5,Wednesday,20,False,False
201800027166,NonLethal,NightStreelightsOn,Yes,X-type,Normal,2Vehicles-Side,2,Saturday,20,True,False
201800028805,NonLethal,Daylight,Yes,T-type,LightRain,NoCollision,9,Saturday,13,True,False
201800012490,NonLethal,Daylight,Yes,NoIntersection,Normal,2Vehicles-Side,7,Sunday,13,True,False
201800026964,NonLethal,Daylight,Yes,Y-type,Normal,2Vehicles-BehindVehicles-Frontal,10,Sunday,9,True,False
201800017119,NonLethal,Daylight,No,NoIntersection,Normal,2Vehicles-BehindVehicles-Frontal,8,Saturday,11,True,False
201800014990,NonLethal,Daylight,Yes,NoIntersection,Normal,Other,2,Saturday,16,True,False
201800007255,NonLethal,Daylight,No,NoIntersection,Normal,NoCollision,2,Sunday,13,True,False
201800030017,NonLethal,Daylight,No,T-type,Normal,2Vehicles-Side,12,Thursday,12,False,False
201800010522,NonLethal,NightStreelightsOn,Yes,NoIntersection,Normal,Other,10,Sunday,23,True,False
201800019649,NonLethal,Daylight,No,NoIntersection,Normal,Other,5,Wednesday,15,False,False
201800056371,NonLethal,NightStreelightsOn,Yes,X-type,LightRain,2Vehicles-Side,4,Tuesday,19,False,False
201800047585,NonLethal,Daylight,Yes,NoIntersection,Normal,2Vehicles-Side,6,Friday,12,False,False
201800053724,NonLethal,Daylight,Yes,T-type,Normal,2Vehicles-Behind,12,Monday,16,False,False
201800054512,NonLethal,Daylight,Yes,Y-type,Normal,2Vehicles-Side,8,Sunday,19,True,False
201800028084,NonLethal,Daylight,No,NoIntersection,Normal,2Vehicles-Behind,8,Wednesday,17,False,False
201800021930,NonLethal,Daylight,No,T-type,Normal,2Vehicles-Side,6,Wednesday,12,False,False
201800009783,NonLethal,NightStreelightsOn,Yes,NoIntersection,Normal,Other,9,Tuesday,4,False,True
201800000120,NonLethal,NightNoStreetLight,No,NoIntersection,LightRain,Other,1,Saturday,23,True,False
201800023605,NonLethal,TwilightOrDawn,No,NoIntersection,Normal,NoCollision,6,Wednesday,21,False,False
201800000159,NonLethal,Daylight,Yes,NoIntersection,Normal,2Vehicles-BehindVehicles-Frontal,4,Tuesday,19,False,False
201800000420,NonLethal,Daylight,No,NoIntersection,Normal,Other,4,Sunday,13,True,False
201800020838,NonLethal,Daylight,Yes,X-type,Normal,2Vehicles-Side,2,Tuesday,14,False,False
201800013137,NonLethal,NightNoStreetLight,No,NoIntersection,LightRain,NoCollision,10,Friday,20,False,False
201800029951,NonLethal,NightNoStreetLight,No,X-type,LightRain,2Vehicles-Side,3,Saturday,0,True,True
201800018040,NonLethal,NightNoStreetLight,No,NoIntersection,LightRain,Other,12,Sunday,22,True,False
201800053292,NonLethal,NightStreelightsOn,Yes,Square,HeavyRain,Other,3,Sunday,3,True,True
201800013224,Lethal,Daylight,No,NoIntersection,Normal,2Vehicles-BehindVehicles-Frontal,3,Tuesday,10,False,False
201800036665,NonLethal,Daylight,Yes,X-type,Normal,2Vehicles-Side,6,Wednesday,10,False,False
201800030893,NonLethal,NightNoStreetLight,Yes,NoIntersection,Normal,2Vehicles-BehindVehicles-Frontal,9,Saturday,23,True,False
201800040624,NonLethal,Daylight,No,X-type,Normal,2Vehicles-Side,11,Saturday,15,True,False
201800012695,NonLethal,Daylight,Yes,NoIntersection,Normal,NoCollision,7,Wednesday,12,False,False
201800015031,NonLethal,Daylight,No,NoIntersection,Normal,2Vehicles-BehindVehicles-Frontal,10,Sunday,11,True,False
201800028109,NonLethal,Daylight,Yes,T-type,Normal,Other,9,Wednesday,14,False,False
201800029315,NonLethal,TwilightOrDawn,Yes,NoIntersection,Normal,NoCollision,6,Friday,21,False,False
201800043242,NonLethal,Daylight,Yes,X-type,Normal,Other,7,Thursday,15,False,False
201800026429,NonLethal,NightStreelightsOn,Yes,NoIntersection,Normal,Other,9,Tuesday,21,False,False
201800044312,NonLethal,TwilightOrDawn,No,NoIntersection,Normal,3+Vehicles-Multiple,10,Tuesday,8,False,False
201800018694,NonLethal,Daylight,No,NoIntersection,Normal,2Vehicles-Side,7,Sunday,15,True,False
201800035551,NonLethal,NightStreelightsOn,Yes,NoIntersection,Normal,Other,10,Saturday,4,True,True
201800034451,NonLethal,Daylight,Yes,NoIntersection,Normal,2Vehicles-Behind,7,Friday,19,False,False
201800056499,NonLethal,Daylight,Yes,Y-type,LightRain,2Vehicles-BehindVehicles-Frontal,3,Wednesday,13,False,False
201800018215,NonLethal,Daylight,No,NoIntersection,Normal,NoCollision,6,Monday,11,False,False
201800022574,NonLethal,Daylight,Yes,X-type,Overcast,2Vehicles-Side,6,Friday,6,False,True
201800037249,NonLethal,Daylight,Yes,NoIntersection,Normal,3+Vehicles-Chain,4,Monday,10,False,False
201800054661,NonLethal,NightStreelightsOn,Yes,NoIntersection,LightRain,2Vehicles-Side,3,Friday,18,False,False
201800041694,NonLethal,Daylight,Yes,Roundabout,Normal,Other,10,Wednesday,9,False,False
201800051297,NonLethal,NightStreelightsOn,Yes,Square,LightRain,2Vehicles-Side,12,Monday,6,False,True
201800000299,NonLethal,Daylight,No,NoIntersection,Normal,NoCollision,10,Sunday,17,True,False
201800050849,NonLethal,Daylight,Yes,X-type,Normal,2Vehicles-Behind,3,Monday,16,False,False
201800002243,NonLethal,NightNoStreetLight,No,T-type,Normal,2Vehicles-Side,3,Sunday,21,True,False
201800045660,NonLethal,Daylight,No,NoIntersection,HeavyRain,Other,1,Sunday,15,True,False
201800052808,NonLethal,Daylight,Yes,NoIntersection,Normal,Other,8,Thursday,12,False,False
201800031607,Lethal,NightNoStreetLight,No,NoIntersection,HeavyRain,NoCollision,12,Friday,20,False,False
201800038066,NonLethal,NightStreelightsOn,Yes,Other,Normal,Other,1,Saturday,18,True,False
201800029176,NonLethal,NightNoStreetLight,No,NoIntersection,Normal,2Vehicles-Behind,3,Thursday,0,False,True
201800044429,NonLethal,Daylight,No,NoIntersection,Normal,Other,3,Monday,9,False,False
201800017008,NonLethal,Daylight,No,NoIntersection,Normal,Other,5,Saturday,12,True,False
201800012608,NonLethal,TwilightOrDawn,No,NoIntersection,Normal,2Vehicles-BehindVehicles-Frontal,10,Tuesday,7,False,False
201800012364,NonLethal,Daylight,No,NoIntersection,Normal,Other,10,Friday,18,False,False
201800041611,NonLethal,Daylight,Yes,NoIntersection,Normal,2Vehicles-Side,10,Thursday,12,False,False
201800015414,NonLethal,Daylight,Yes,NoIntersection,Normal,Other,7,Thursday,10,False,False
201800051427,NonLethal,Daylight,Yes,X-type,Overcast,Other,12,Monday,16,False,False
201800006051,NonLethal,NightNoStreetLight,No,NoIntersection,Normal,2Vehicles-Behind,11,Tuesday,2,False,True
201800013449,NonLethal,NightNoStreetLight,No,NoIntersection,Normal,NoCollision,7,Saturday,22,True,False
201800009980,NonLethal,Daylight,Yes,NoIntersection,Normal,2Vehicles-Side,10,Wednesday,15,False,False
201800032439,NonLethal,Daylight,Yes,T-type,Normal,2Vehicles-Behind,4,Saturday,18,True,False
201800026349,NonLethal,Daylight,Yes,NoIntersection,Normal,Other,3,Wednesday,16,False,False
201800037272,NonLethal,Daylight,Yes,NoIntersection,Normal,2Vehicles-BehindVehicles-Frontal,6,Friday,13,False,False
201800029236,NonLethal,Daylight,Yes,T-type,Normal,2Vehicles-Side,9,Friday,8,False,False
201800043415,NonLethal,TwilightOrDawn,Yes,NoIntersection,Normal,2Vehicles-Behind,3,Friday,8,False,False
201800016750,NonLethal,NightNoStreetLight,No,NoIntersection,Normal,NoCollision,11,Wednesday,17,False,False
201800004586,NonLethal,Daylight,No,NoIntersection,Normal,2Vehicles-Side,9,Saturday,16,True,False
201800022405,NonLethal,NightNoStreetLight,No,NoIntersection,Normal,Other,9,Sunday,6,True,True
201800039351,NonLethal,Daylight,Yes,NoIntersection,Normal,Other,3,Friday,10,False,False
201800046661,NonLethal,Daylight,No,NoIntersection,Normal,2Vehicles-Side,9,Thursday,18,False,False
201800006938,NonLethal,Daylight,No,NoIntersection,Normal,2Vehicles-Side,9,Monday,17,False,False
201800006315,Lethal,NightNoStreetLight,No,NoIntersection,Normal,3+Vehicles-Multiple,9,Tuesday,5,False,True
201800036794,NonLethal,NightStreelightsOn,Yes,NoIntersection,Normal,Other,12,Tuesday,17,False,False
201800025569,NonLethal,Daylight,No,NoIntersection,Normal,2Vehicles-Side,10,Tuesday,11,False,False
201800007872,NonLethal,Daylight,No,NoIntersection,Normal,Other,9,Monday,18,False,False
201800039520,Lethal,NightStreelightsOn,Yes,Roundabout,Normal,2Vehicles-Side,9,Friday,5,False,True
201800019697,NonLethal,Daylight,Yes,NoIntersection,VeryGood,2Vehicles-Side,8,Wednesday,18,False,False
201800000273,NonLethal,Daylight,No,NoIntersection,Normal,NoCollision,5,Thursday,17,False,False
201800042409,NonLethal,NightStreelightsOn,Yes,Other,Normal,2Vehicles-Side,12,Tuesday,5,False,True
201800023675,NonLethal,Daylight,Yes,NoIntersection,Normal,2Vehicles-Side,5,Saturday,10,True,False
201800005511,NonLethal,NightNoStreetLight,Yes,NoIntersection,Normal,2Vehicles-Side,12,Monday,17,False,False
201800043677,NonLethal,Daylight,Yes,NoIntersection,Normal,Other,5,Sunday,16,True,False
201800010345,NonLethal,Daylight,Yes,NoIntersection,Normal,Other,2,Monday,9,False,False
201800023248,NonLethal,NightStreelightsOn,Yes,NoIntersection,Normal,Other,9,Sunday,4,True,True
201800007161,NonLethal,Daylight,No,T-type,Normal,2Vehicles-Side,9,Tuesday,7,False,False
201800030981,NonLethal,Daylight,Yes,NoIntersection,Normal,2Vehicles-Side,10,Tuesday,16,False,False
201800010004,NonLethal,NightStreelightsOn,Yes,X-type,Normal,2Vehicles-Side,10,Sunday,23,True,False
201800002702,NonLethal,Daylight,Yes,Other,VeryGood,Other,7,Friday,15,False,False
201800007919,NonLethal,Daylight,Yes,NoIntersection,Normal,3+Vehicles-Multiple,6,Saturday,18,True,False
201800052125,NonLethal,Daylight,Yes,T-type,Normal,Other,12,Saturday,11,True,False
201800003868,NonLethal,Daylight,Yes,NoIntersection,Normal,2Vehicles-Side,1,Tuesday,14,False,False
201800051447,NonLethal,NightStreelightsOn,Yes,X-type,Normal,2Vehicles-Side,2,Friday,19,False,False
201800056214,NonLethal,Daylight,No,NoIntersection,Normal,3+Vehicles-Chain,7,Thursday,16,False,False
201800024117,NonLethal,NightStreelightsOn,Yes,NoIntersection,Normal,2Vehicles-Side,10,Monday,21,False,False
201800014982,NonLethal,NightStreelightsOn,Yes,NoIntersection,Normal,NoCollision,9,Thursday,20,False,False
201800002887,NonLethal,NightNoStreetLight,No,NoIntersection,LightRain,3+Vehicles-Multiple,2,Friday,18,False,False
201800047942,NonLethal,Daylight,No,NoIntersection,Normal,NoCollision,7,Wednesday,9,False,False
201800019669,NonLethal,Daylight,Yes,NoIntersection,Normal,2Vehicles-Side,6,Sunday,11,True,False
201800048547,NonLethal,Daylight,Yes,NoIntersection,Normal,Other,9,Monday,18,False,False
201800042793,NonLethal,Daylight,Yes,NoIntersection,Normal,2Vehicles-Side,11,Saturday,12,True,False
201800031492,NonLethal,Daylight,No,NoIntersection,Normal,NoCollision,1,Tuesday,15,False,False
201800046634,NonLethal,NightNoStreetLight,No,NoIntersection,Normal,NoCollision,5,Wednesday,23,False,False
201800021885,NonLethal,Daylight,No,NoIntersection,Normal,2Vehicles-Behind,7,Monday,8,False,False
201800030663,NonLethal,NightStreelightsOn,Yes,NoIntersection,Normal,2Vehicles-Side,5,Sunday,1,True,True
201800052890,NonLethal,NightStreelightsOn,Yes,NoIntersection,LightRain,2Vehicles-BehindVehicles-Frontal,5,Saturday,23,True,False
201800004790,NonLethal,NightNoStreetLight,No,NoIntersection,LightRain,2Vehicles-BehindVehicles-Frontal,12,Sunday,3,True,True
201800029178,NonLethal,NightNoStreetLight,No,NoIntersection,Normal,Other,8,Monday,2,False,True
201800047060,NonLethal,Daylight,No,NoIntersection,Normal,2Vehicles-Behind,11,Wednesday,14,False,False
201800030683,NonLethal,NightStreelightsOn,Yes,NoIntersection,Normal,Other,8,Wednesday,21,False,False
201800036829,NonLethal,Daylight,Yes,NoIntersection,Overcast,2Vehicles-Behind,5,Monday,18,False,False
201800046709,NonLethal,Daylight,No,NoIntersection,Normal,2Vehicles-Behind,6,Thursday,18,False,False
201800012715,NonLethal,Daylight,No,X-type,Normal,3+Vehicles-Multiple,7,Monday,12,False,False
201800011163,NonLethal,Daylight,No,Roundabout,Normal,2Vehicles-Side,4,Monday,7,False,False
201800013908,NonLethal,NightNoStreetLight,No,NoIntersection,Normal,NoCollision,3,Thursday,21,False,False
201800004486,NonLethal,Daylight,Yes,Roundabout,Normal,2Vehicles-Side,7,Wednesday,18,False,False
201800022843,NonLethal,Daylight,Yes,X-type,Normal,2Vehicles-Side,4,Sunday,10,True,False
201800019194,NonLethal,Daylight,No,T-type,Normal,2Vehicles-BehindVehicles-Frontal,4,Friday,16,False,False
201800024847,NonLethal,NightStreelightsOn,Yes,X-type,Normal,2Vehicles-Side,7,Tuesday,22,False,False
201800055266,NonLethal,Daylight,Yes,NoIntersection,LightRain,3+Vehicles-Chain,2,Thursday,9,False,False
201800021452,NonLethal,NightStreelightsOn,Yes,NoIntersection,Normal,Other,11,Thursday,6,False,True
201800026513,NonLethal,NightStreelightsOn,Yes,NoIntersection,LightRain,2Vehicles-Side,2,Thursday,18,False,False
201800053199,NonLethal,NightStreelightsOn,Yes,X-type,LightRain,Other,11,Tuesday,20,False,False
201800016995,NonLethal,Daylight,No,NoIntersection,Normal,NoCollision,7,Friday,10,False,False
201800051686,NonLethal,Daylight,Yes,X-type,LightRain,2Vehicles-Side,3,Thursday,18,False,False
201800047935,NonLethal,Daylight,No,NoIntersection,Normal,Other,6,Saturday,9,True,False
201800050493,NonLethal,NightStreelightsOn,Yes,X-type,Normal,Other,10,Tuesday,18,False,False
201800015574,NonLethal,Daylight,Yes,NoIntersection,Normal,Other,4,Tuesday,13,False,False
201800041908,NonLethal,Daylight,Yes,X-type,Normal,2Vehicles-Side,11,Friday,16,False,False
201800051224,NonLethal,NightStreelightsOn,Yes,Square,Normal,2Vehicles-Side,10,Saturday,21,True,False
201800043766,NonLethal,NightStreelightsOn,Yes,NoIntersection,Normal,Other,12,Thursday,20,False,False
201800050366,NonLethal,NightStreelightsOn,Yes,MoreThan4Branches,Normal,Other,4,Monday,20,False,False
201800057066,NonLethal,Daylight,Yes,X-type,Normal,Other,10,Tuesday,15,False,False
201800050662,NonLethal,Daylight,Yes,NoIntersection,Normal,2Vehicles-Side,2,Tuesday,9,False,False
201800023623,NonLethal,Daylight,Yes,T-type,LightRain,2Vehicles-Side,2,Wednesday,16,False,False
201800000735,NonLethal,Daylight,No,X-type,Normal,2Vehicles-Side,12,Friday,13,False,False
201800016979,NonLethal,Daylight,Yes,T-type,Normal,2Vehicles-Side,6,Sunday,15,True,False
201800026046,NonLethal,Daylight,Yes,Other,Normal,Other,10,Tuesday,17,False,False
201800035157,NonLethal,Daylight,Yes,NoIntersection,Normal,2Vehicles-Side,11,Tuesday,15,False,False
201800029579,NonLethal,Daylight,Yes,NoIntersection,Normal,2Vehicles-Side,5,Wednesday,17,False,False
201800043461,NonLethal,Daylight,Yes,NoIntersection,Normal,Other,9,Friday,16,False,False
201800012302,NonLethal,Daylight,No,NoIntersection,Normal,NoCollision,7,Thursday,16,False,False
201800044500,NonLethal,Daylight,No,NoIntersection,LightRain,NoCollision,4,Sunday,14,True,False
201800003965,NonLethal,NightStreelightsOn,Yes,NoIntersection,Other,Other,12,Tuesday,6,False,True
201800004704,NonLethal,Daylight,No,NoIntersection,Normal,2Vehicles-BehindVehicles-Frontal,10,Thursday,13,False,False
201800036349,NonLethal,Daylight,Yes,NoIntersection,Normal,Other,9,Friday,16,False,False
201800011392,NonLethal,Daylight,No,NoIntersection,Normal,2Vehicles-BehindVehicles-Frontal,6,Monday,8,False,False
201800022607,Lethal,Daylight,Yes,T-type,Normal,2Vehicles-Side,9,Saturday,16,True,False
201800047748,NonLethal,Daylight,Yes,NoIntersection,Normal,2Vehicles-Side,10,Monday,17,False,False
201800008758,NonLethal,NightStreelightsOn,Yes,NoIntersection,Normal,2Vehicles-Behind,3,Friday,0,False,True
201800001268,NonLethal,Daylight,No,T-type,Normal,2Vehicles-Side,6,Monday,16,False,False
201800040594,NonLethal,Daylight,Yes,NoIntersection,Normal,2Vehicles-Side,2,Monday,11,False,False
201800053430,NonLethal,Daylight,Yes,T-type,Normal,Other,3,Wednesday,10,False,False
201800055626,NonLethal,Daylight,Yes,Y-type,Normal,3+Vehicles-Chain,10,Tuesday,18,False,False
201800054094,NonLethal,NightStreelightsOn,Yes,NoIntersection,LightRain,Other,5,Monday,0,False,True
201800047909,NonLethal,Daylight,No,NoIntersection,Normal,2Vehicles-Behind,3,Tuesday,14,False,False
201800025556,NonLethal,NightStreelightsOn,Yes,T-type,Normal,2Vehicles-Behind,10,Thursday,7,False,False
201800019084,NonLethal,Daylight,Yes,NoIntersection,Normal,2Vehicles-BehindVehicles-Frontal,10,Sunday,18,True,False
201800047218,NonLethal,Daylight,No,Roundabout,Normal,2Vehicles-Side,6,Saturday,7,True,False
201800048840,NonLethal,Daylight,No,NoIntersection,Normal,NoCollision,3,Thursday,8,False,False
201800040126,NonLethal,Daylight,Yes,X-type,Normal,Other,9,Thursday,18,False,False
201800003410,NonLethal,NightNoStreetLight,No,NoIntersection,SnowOrHail,3+Vehicles-Chain,3,Thursday,2,False,True
201800043679,NonLethal,Daylight,Yes,NoIntersection,Normal,2Vehicles-Side,7,Friday,16,False,False
201800028397,NonLethal,Daylight,Yes,NoIntersection,Normal,Other,4,Sunday,14,True,False
201800012147,NonLethal,NightNoStreetLight,No,NoIntersection,LightRain,Other,9,Saturday,20,True,False
201800012616,NonLethal,Daylight,No,NoIntersection,Normal,NoCollision,12,Saturday,16,True,False
201800010951,NonLethal,Daylight,No,NoIntersection,Normal,3+Vehicles-Chain,7,Sunday,11,True,False
201800032161,NonLethal,Daylight,No,NoIntersection,Normal,3+Vehicles-Multiple,6,Wednesday,17,False,False
201800006218,NonLethal,NightNoStreetLight,No,NoIntersection,LightRain,3+Vehicles-Chain,12,Friday,19,False,False
201800008323,NonLethal,NightStreelightsOn,Yes,T-type,Normal,NoCollision,1,Tuesday,22,False,False
201800010772,NonLethal,Daylight,No,Other,Overcast,NoCollision,5,Tuesday,17,False,False
201800016500,NonLethal,TwilightOrDawn,No,NoIntersection,Normal,Other,4,Sunday,9,True,False
201800020086,NonLethal,Daylight,No,Other,Normal,Other,10,Sunday,20,True,False
201800057032,NonLethal,NightStreelightsOn,Yes,Other,Normal,2Vehicles-Side,8,Wednesday,20,False,False
201800016852,NonLethal,Daylight,No,NoIntersection,Normal,NoCollision,3,Sunday,14,True,False
201800005751,NonLethal,Daylight,Yes,NoIntersection,Normal,2Vehicles-Side,5,Tuesday,19,False,False
201800017526,NonLethal,Daylight,Yes,NoIntersection,Normal,2Vehicles-Behind,10,Saturday,18,True,False
201800043838,NonLethal,Daylight,No,NoIntersection,Normal,Other,2,Saturday,16,True,False
201800048565,NonLethal,Daylight,Yes,Other,Normal,2Vehicles-Side,9,Saturday,18,True,False
201800037800,NonLethal,Daylight,Yes,NoIntersection,Normal,Other,5,Friday,17,False,False
201800037386,NonLethal,NightStreelightsOff,Yes,Roundabout,LightRain,Other,8,Sunday,22,True,False
201800008885,NonLethal,Daylight,Yes,NoIntersection,Normal,Other,4,Friday,18,False,False
201800040500,NonLethal,TwilightOrDawn,Yes,Other,LightRain,2Vehicles-Side,2,Saturday,18,True,False
201800035023,NonLethal,Daylight,Yes,NoIntersection,Normal,Other,4,Friday,18,False,False
201800010185,NonLethal,Daylight,Yes,NoIntersection,Normal,2Vehicles-Side,12,Thursday,8,False,False
201800012223,NonLethal,Daylight,No,NoIntersection,VeryGood,2Vehicles-BehindVehicles-Frontal,8,Thursday,13,False,False
201800026754,NonLethal,Daylight,Yes,NoIntersection,Normal,2Vehicles-Side,3,Friday,8,False,False
201800007843,Lethal,Daylight,No,NoIntersection,Normal,2Vehicles-Behind,9,Wednesday,8,False,False
201800032471,NonLethal,Daylight,No,NoIntersection,Overcast,NoCollision,6,Thursday,17,False,False
201800007535,NonLethal,NightNoStreetLight,No,NoIntersection,Normal,2Vehicles-Behind,12,Monday,18,False,False
201800028190,NonLethal,Daylight,Yes,X-type,Normal,2Vehicles-Side,12,Wednesday,13,False,False
201800035342,NonLethal,TwilightOrDawn,Yes,Y-type,Normal,3+Vehicles-Multiple,4,Sunday,6,True,True
201800056942,NonLethal,Daylight,Yes,NoIntersection,Normal,Other,5,Tuesday,16,False,False
201800014518,NonLethal,NightNoStreetLight,Yes,NoIntersection,Normal,3+Vehicles-Chain,10,Wednesday,18,False,False
201800017432,NonLethal,Daylight,Yes,NoIntersection,Normal,Other,1,Saturday,11,True,False
201800050358,NonLethal,Daylight,Yes,X-type,SnowOrHail,3+Vehicles-Chain,7,Monday,15,False,False
201800021234,Lethal,Daylight,Yes,X-type,Normal,2Vehicles-Side,3,Thursday,13,False,False
201800051509,NonLethal,Daylight,Yes,MoreThan4Branches,Normal,Other,6,Wednesday,20,False,False
201800000699,NonLethal,NightNoStreetLight,No,NoIntersection,Normal,Other,6,Friday,3,False,True
201800013377,NonLethal,Daylight,Yes,Y-type,Normal,2Vehicles-Side,8,Friday,16,False,False
201800036988,NonLethal,Daylight,Yes,NoIntersection,VeryGood,Other,5,Sunday,19,True,False
201800006455,NonLethal,Daylight,Yes,Square,Normal,Other,12,Tuesday,11,False,False
201800002178,NonLethal,TwilightOrDawn,Yes,NoIntersection,Overcast,Other,10,Friday,7,False,False
201800018190,NonLethal,NightNoStreetLight,No,NoIntersection,Normal,NoCollision,6,Monday,22,False,False
201800039627,NonLethal,TwilightOrDawn,Yes,NoIntersection,Normal,2Vehicles-Side,4,Wednesday,20,False,False
201800028731,NonLethal,Daylight,Yes,Roundabout,Normal,Other,5,Tuesday,11,False,False
201800039978,NonLethal,Daylight,Yes,T-type,Normal,2Vehicles-Side,5,Monday,18,False,False
201800024426,NonLethal,Daylight,Yes,NoIntersection,Normal,2Vehicles-Behind,9,Tuesday,11,False,False