AccidentId,Gravity,Light,InAgglomeration,IntersectionType,Weather,CollisionType,Month,DayOfWeek,HourOfDay,IsWeekend,IsNight
201800022364,NonLethal,Daylight,Yes,X-type,Normal,Other,7,Tuesday,11,False,False
201800049568,NonLethal,Daylight,No,NoIntersection,Normal,2Vehicles-Behind,5,Thursday,16,False,False
201800020706,NonLethal,Daylight,Yes,X-type,SnowOrHail,2Vehicles-Side,3,Thursday,11,False,False
201800014980,NonLethal,Daylight,Yes,NoIntersection,Normal,NoCollision,4,Saturday,11,True,False
201800048127,NonLethal,NightStreelightsOn,Yes,X-type,Normal,2Vehicles-Side,3,Tuesday,0,False,True
201800031868,NonLethal,Daylight,Yes,NoIntersection,Normal,Other,8,Wednesday,11,False,False
201800016289,NonLethal,TwilightOrDawn,No,Other,LightRain,Other,4,Sunday,7,True,False
201800028852,NonLethal,Daylight,Yes,X-type,Normal,2Vehicles-Side,11,Sunday,15,True,False
201800013903,NonLethal,Daylight,No,NoIntersection,Normal,Other,12,Saturday,14,True,False
201800025887,NonLethal,Daylight,Yes,NoIntersection,Normal,2Vehicles-Side,4,Tuesday,13,False,False
201800034536,NonLethal,Daylight,No,Y-type,Normal,2Vehicles-Side,8,Wednesday,14,False,False
201800041682,NonLethal,Daylight,Yes,NoIntersection,Normal,2Vehicles-Behind,8,Tuesday,18,False,False
201800004753,NonLethal,Daylight,No,NoIntersection,Normal,3+Vehicles-Multiple,10,Monday,16,False,False
201800038391,NonLethal,NightStreelightsOn,Yes,NoIntersection,Normal,Other,11,Friday,20,False,False
201800052815,NonLethal,Daylight,Yes,X-type,Normal,2Vehicles-Side,7,Monday,7,False,False
201800042560,NonLethal,Daylight,Yes,T-type,Normal,2Vehicles-Side,6,Saturday,12,True,False
201800002070,NonLethal,Daylight,No,X-type,Other,2Vehicles-Side,3,Tuesday,18,False,False
201800046095,NonLethal,Daylight,No,NoIntersection,Normal,2Vehicles-Side,9,Tuesday,18,False,False
201800041845,NonLethal,Daylight,Yes,T-type,Overcast,2Vehicles-Behind,2,Tuesday,11,False,False
201800038373,NonLethal,Daylight,Yes,NoIntersection,Normal,NoCollision,6,Sunday,17,True,False
201800028484,NonLethal,NightStreelightsOn,No,NoIntersection,Normal,2Vehicles-Behind,7,Sunday,0,True,True
201800011223,Lethal,Daylight,No,NoIntersection,Other,2Vehicles-BehindVehicles-Frontal,10,Tuesday,11,False,False
201800001684,NonLethal,Daylight,Yes,Other,Normal,2Vehicles-Side,11,Tuesday,13,False,False
201800055372,NonLethal,Daylight,Yes,NoIntersection,Normal,3+Vehicles-Chain,5,Friday,9,False,False
201800016315,NonLethal,NightNoStreetLight,No,NoIntersection,Normal,Other,12,Monday,23,False,False
201800029727,NonLethal,NightStreelightsOn,Yes,NoIntersection,Normal,Other,10,Sunday,4,True,True
201800027429,NonLethal,Daylight,Yes,NoIntersection,Normal,2Vehicles-Behind,9,Monday,8,False,False
201800010893,Lethal,TwilightOrDawn,No,NoIntersection,Normal,NoCollision,11,Saturday,17,True,False
201800030040,NonLethal,NightStreelightsOn,No,NoIntersection,Normal,2Vehicles-BehindVehicles-Frontal,9,Sunday,2,True,True
201800031296,NonLethal,NightStreelightsOn,No,NoIntersection,Normal,2Vehicles-Side,11,Thursday,1,False,True
201800006547,NonLethal,Daylight,No,NoIntersection,Normal,Other,7,Thursday,14,False,False
201800014446,Lethal,Daylight,No,NoIntersection,Normal,2Vehicles-BehindVehicles-Frontal,10,Tuesday,14,False,False
201800016619,NonLethal,TwilightOrDawn,No,NoIntersection,Normal,Other,1,Monday,7,False,False
201800049835,NonLethal,Daylight,No,Other,Normal,3+Vehicles-Multiple,5,Tuesday,13,False,False
201800041190,NonLethal,NightStreelightsOn,Yes,Roundabout,Overcast,2Vehicles-Behind,1,Sunday,5,True,True
201800011111,NonLethal,Daylight,No,X-type,Normal,2Vehicles-Side,2,Saturday,10,True,False
201800027541,NonLethal,Daylight,Yes,NoIntersection,Normal,2Vehicles-BehindVehicles-Frontal,11,Thursday,9,False,False
201800051113,NonLethal,Daylight,Yes,X-type,Normal,2Vehicles-Behind,6,Wednesday,10,False,False
201800046758,NonLethal,Daylight,No,NoIntersection,Normal,2Vehicles-Side,7,Friday,8,False,False
201800033767,NonLethal,Daylight,No,Y-type,Normal,3+Vehicles-Multiple,4,Sunday,18,True,False
201800031903,NonLethal,TwilightOrDawn,Yes,T-type,Normal,2Vehicles-Side,9,Tuesday,20,False,False
201800008640,NonLethal,TwilightOrDawn,Yes,NoIntersection,Normal,2Vehicles-Side,6,Sunday,17,True,False
201800016020,NonLethal,Daylight,Yes,NoIntersection,Normal,Other,9,Saturday,18,True,False
201800056347,NonLethal,NightStreelightsOn,Yes,NoIntersection,Normal,NoCollision,4,Saturday,18,True,False
201800010465,NonLethal,NightNoStreetLight,No,NoIntersection,LightRain,NoCollision,1,Tuesday,19,False,False
201800051840,NonLethal,Daylight,Yes,T-type,Normal,2Vehicles-Side,10,Thursday,16,False,False
201800048076,NonLethal,TwilightOrDawn,Yes,NoIntersection,Normal,2Vehicles-Side,2,Thursday,17,False,False
201800003007,NonLethal,Daylight,No,NoIntersection,Normal,2Vehicles-Side,8,Saturday,18,True,False
201800030980,NonLethal,Daylight,No,NoIntersection,Overcast,2Vehicles-BehindVehicles-Frontal,1,Saturday,12,True,False
201800047995,Lethal,NightNoStreetLight,No,NoIntersection,Normal,Other,12,Thursday,21,False,False
201800000390,NonLethal,Daylight,No,Roundabout,Normal,2Vehicles-Behind,9,Monday,18,False,False
201800040177,Lethal,Daylight,Yes,NoIntersection,Normal,Other,3,Friday,12,False,False
201800030314,NonLethal,Daylight,Yes,Other,Normal,3+Vehicles-Multiple,9,Friday,17,False,False
201800038773,NonLethal,Daylight,Yes,NoIntersection,Normal,Other,9,Thursday,18,False,False
201800002544,NonLethal,NightNoStreetLight,No,X-type,Normal,2Vehicles-Behind,7,Friday,23,False,False
201800053124,NonLethal,Daylight,Yes,T-type,Overcast,NoCollision,9,Friday,9,False,False
201800006801,NonLethal,Daylight,No,NoIntersection,LightRain,NoCollision,8,Wednesday,18,False,False
201800019322,NonLethal,Daylight,Yes,NoIntersection,Normal,3+Vehicles-Chain,9,Saturday,9,True,False
201800033388,NonLethal,NightStreelightsOn,Yes,T-type,Normal,2Vehicles-Side,7,Thursday,23,False,False
201800053970,NonLethal,NightStreelightsOn,Yes,X-type,Normal,Other,12,Friday,23,False,False
201800049372,NonLethal,Daylight,No,NoIntersection,Normal,2Vehicles-Behind,4,Wednesday,15,False,False
201800030242,NonLethal,Daylight,Yes,NoIntersection,Normal,Other,9,Tuesday,11,False,False
201800040913,NonLethal,NightStreelightsOn,Yes,NoIntersection,Normal,2Vehicles-Side,7,Tuesday,22,False,False
201800041381,NonLethal,NightNoStreetLight,No,T-type,LightRain,Other,1,Tuesday,20,False,False
201800036025,NonLethal,Daylight,Yes,NoIntersection,Normal,2Vehicles-Behind,3,Tuesday,15,False,False
201800037376,NonLethal,Daylight,Yes,NoIntersection,Normal,2Vehicles-Side,6,Sunday,13,True,False
201800033989,NonLethal,Daylight,Yes,X-type,Normal,2Vehicles-Side,5,Wednesday,16,False,False
201800057745,Lethal,Daylight,No,Other,Normal,Other,10,Wednesday,16,False,False
201800020100,NonLethal,Daylight,No,NoIntersection,Normal,2Vehicles-Side,4,Sunday,14,True,False
201800020246,NonLethal,Daylight,Yes,NoIntersection,Normal,2Vehicles-BehindVehicles-Frontal,7,Saturday,19,True,False
201800018440,NonLethal,Daylight,Yes,Other,Normal,2Vehicles-BehindVehicles-Frontal,12,Monday,13,False,False
201800025075,NonLethal,NightStreelightsOn,Yes,NoIntersection,LightRain,Other,12,Saturday,8,True,False
201800006310,NonLethal,Daylight,No,NoIntersection,Normal,Other,4,Sunday,16,True,False
201800039971,NonLethal,Daylight,Yes,X-type,Normal,Other,6,Monday,13,False,False
201800026168,NonLethal,NightStreelightsOn,Yes,T-type,Other,NoCollision,1,Thursday,17,False,False
201800050294,NonLethal,Daylight,Yes,Square,Normal,2Vehicles-Behind,7,Thursday,8,False,False
201800031139,NonLethal,Daylight,Yes,Y-type,Normal,Other,11,Saturday,11,True,False
201800005547,NonLethal,Daylight,Yes,NoIntersection,Normal,2Vehicles-Side,1,Saturday,14,True,False
201800035807,NonLethal,Daylight,Yes,NoIntersection,Normal,2Vehicles-Side,9,Saturday,9,True,False
201800040015,Lethal,Daylight,Yes,T-type,Normal,2Vehicles-Side,10,Monday,14,False,False
201800041816,NonLethal,NightNoStreetLight,Yes,NoIntersection,LightRain,Other,11,Monday,17,False,False
201800007447,NonLethal,NightStreelightsOn,Yes,X-type,Normal,2Vehicles-Side,10,Monday,7,False,False
201800041495,NonLethal,Daylight,Yes,NoIntersection,Overcast,NoCollision,7,Tuesday,12,False,False
201800002737,NonLethal,Daylight,Yes,NoIntersection,Normal,3+Vehicles-Multiple,7,Wednesday,11,False,False
201800015543,Lethal,NightNoStreetLight,No,NoIntersection,HeavyRain,2Vehicles-BehindVehicles-Frontal,7,Wednesday,22,False,False
201800016915,Lethal,TwilightOrDawn,No,NoIntersection,Normal,NoCollision,7,Saturday,6,True,True
201800014749,NonLethal,NightNoStreetLight,No,NoIntersection,Normal,NoCollision,1,Tuesday,18,False,False
201800027352,NonLethal,Daylight,Yes,NoIntersection,Normal,3+Vehicles-Chain,6,Monday,14,False,False
201800004679,NonLethal,Daylight,Yes,NoIntersection,Overcast,Other,11,Thursday,9,False,False
201800047967,NonLethal,TwilightOrDawn,No,NoIntersection,Normal,Other,9,Saturday,6,True,True
201800038820,NonLethal,Daylight,Yes,NoIntersection,Normal,2Vehicles-Side,5,Tuesday,14,False,False
201800012259,NonLethal,NightStreelightsOn,No,NoIntersection,Normal,2Vehicles-Behind,7,Friday,4,False,True
201800000036,NonLethal,Daylight,Yes,NoIntersection,Normal,2Vehicles-Side,5,Saturday,11,True,False
201800009090,NonLethal,TwilightOrDawn,Yes,NoIntersection,Normal,2Vehicles-Side,5,Thursday,20,False,False
201800022245,NonLethal,TwilightOrDawn,No,NoIntersection,Normal,2Vehicles-Behind,7,Monday,5,False,True
201800056997,NonLethal,Daylight,Yes,NoIntersection,Normal,2Vehicles-Behind,7,Friday,8,False,False
201800017173,NonLethal,Daylight,No,T-type,Normal,2Vehicles-Side,10,Friday,16,False,False
201800027236,NonLethal,NightStreelightsOn,Yes,NoIntersection,Normal,Other,4,Tuesday,21,False,False
201800021786,Lethal,NightNoStreetLight,No,NoIntersection,LightRain,2Vehicles-Side,10,Monday,17,False,False
201800054117,NonLethal,NightStreelightsOn,Yes,T-type,Normal,Other,10,Saturday,22,True,False
201800025987,NonLethal,Daylight,Yes,T-type,Overcast,2Vehicles-BehindVehicles-Frontal,3,Friday,17,False,False
201800004818,NonLethal,Daylight,No,NoIntersection,Normal,Other,12,Sunday,11,True,False
201800014662,NonLethal,Daylight,No,NoIntersection,Normal,2Vehicles-Side,6,Saturday,16,True,False
201800002694,Lethal,Daylight,Yes,NoIntersection,Overcast,Other,5,Tuesday,10,False,False
201800018351,NonLethal,Daylight,No,T-type,Normal,2Vehicles-Side,6,Thursday,7,False,False
201800035866,NonLethal,Daylight,Yes,NoIntersection,Normal,2Vehicles-Behind,3,Monday,17,False,False
201800032304,NonLethal,Daylight,Yes,NoIntersection,Normal,3+Vehicles-Chain,11,Friday,17,False,False
201800036522,NonLethal,Daylight,Yes,NoIntersection,Normal,Other,9,Wednesday,14,False,False
201800057360,NonLethal,TwilightOrDawn,Yes,NoIntersection,Normal,Other,9,Thursday,18,False,False
201800032612,NonLethal,Daylight,Yes,NoIntersection,Normal,Other,10,Wednesday,8,False,False
201800022424,NonLethal,NightStreelightsOn,Yes,T-type,LightRain,Other,12,Tuesday,19,False,False
201800052052,NonLethal,TwilightOrDawn,Yes,X-type,Normal,2Vehicles-Side,2,Tuesday,21,False,False
201800011309,NonLethal,Daylight,Yes,NoIntersection,Normal,NoCollision,8,Monday,18,False,False
201800002219,NonLethal,Daylight,No,NoIntersection,Normal,2Vehicles-BehindVehicles-Frontal,12,Friday,13,False,False
201800033854,NonLethal,NightStreelightsOn,Yes,T-type,Normal,NoCollision,10,Monday,19,False,False
201800042773,NonLethal,Daylight,Yes,X-type,Normal,2Vehicles-Side,8,Tuesday,16,False,False
201800055012,NonLethal,Daylight,Yes,MoreThan4Branches,Normal,Other,5,Tuesday,15,False,False
201800045987,NonLethal,Daylight,No,NoIntersection,Normal,2Vehicles-Behind,11,Wednesday,11,False,False
201800034930,NonLethal,TwilightOrDawn,Yes,NoIntersection,LightRain,Other,1,Tuesday,8,False,False
201800046484,NonLethal,Daylight,No,NoIntersection,Normal,3+Vehicles-Chain,3,Sunday,18,True,False
201800027769,NonLethal,Daylight,Yes,T-type,Normal,NoCollision,9,Friday,8,False,False
201800001055,NonLethal,NightNoStreetLight,Yes,NoIntersection,LightRain,NoCollision,2,Saturday,0,True,True
201800012230,NonLethal,Daylight,No,T-type,VeryGood,2Vehicles-BehindVehicles-Frontal,11,Monday,13,False,False
201800027498,NonLethal,Daylight,Yes,NoIntersection,Normal,Other,10,Wednesday,16,False,False
201800022027,NonLethal,Daylight,Yes,T-type,SnowOrHail,2Vehicles-Behind,1,Wednesday,14,False,False
201800050735,NonLethal,Daylight,Yes,X-type,Normal,Other,10,Friday,14,False,False
201800036067,NonLethal,Daylight,Yes,NoIntersection,Normal,2Vehicles-Behind,5,Sunday,19,True,False
201800025675,NonLethal,Daylight,Yes,NoIntersection,Normal,Other,4,Friday,15,False,False
201800024514,NonLethal,Daylight,Yes,T-type,Normal,Other,11,Saturday,15,True,False
201800033835,NonLethal,Daylight,No,NoIntersection,Normal,2Vehicles-Behind,9,Saturday,14,True,False
201800050646,NonLethal,Daylight,Yes,T-type,Normal,Other,1,Wednesday,10,False,False
201800054473,NonLethal,Daylight,Yes,NoIntersection,Normal,Other,7,Wednesday,19,False,False
201800037341,NonLethal,Daylight,Yes,T-type,Normal,2Vehicles-Side,10,Friday,14,False,False
201800019021,NonLethal,Daylight,No,NoIntersection,Normal,2Vehicles-Side,8,Friday,16,False,False
201800005908,NonLethal,Daylight,No,NoIntersection,LightRain,2Vehicles-Side,1,Tuesday,10,False,False
201800026921,NonLethal,Daylight,Yes,NoIntersection,Normal,2Vehicles-Side,9,Saturday,18,True,False
201800027936,NonLethal,NightStreelightsOn,Yes,T-type,LightRain,2Vehicles-BehindVehicles-Frontal,1,Saturday,19,True,False
201800006755,NonLethal,Daylight,No,Y-type,LightRain,2Vehicles-Side,3,Saturday,10,True,False
201800047734,NonLethal,Daylight,Yes,NoIntersection,LightRain,NoCollision,7,Tuesday,13,False,False
201800032124,NonLethal,Daylight,Yes,NoIntersection,Normal,2Vehicles-Side,8,Tuesday,18,False,False
201800040440,NonLethal,Daylight,Yes,NoIntersection,Normal,Other,9,Friday,11,False,False
201800026985,NonLethal,NightStreelightsOn,No,NoIntersection,Normal,2Vehicles-Side,6,Monday,17,False,False
201800039226,NonLethal,NightStreelightsOn,Yes,NoIntersection,Normal,Other,12,Sunday,0,True,True
201800007437,NonLethal,Daylight,Yes,Roundabout,Normal,2Vehicles-Side,9,Tuesday,13,False,False
201800041110,NonLethal,Daylight,Yes,NoIntersection,Normal,2Vehicles-Side,11,Thursday,16,False,False
201800003786,NonLethal,TwilightOrDawn,No,NoIntersection,Normal,Other,6,Sunday,4,True,True
201800018306,NonLethal,Daylight,No,T-type,Normal,2Vehicles-BehindVehicles-Frontal,5,Thursday,18,False,False
201800036323,NonLethal,Daylight,Yes,NoIntersection,Normal,2Vehicles-Behind,8,Tuesday,20,False,False
201800002143,Lethal,TwilightOrDawn,Yes,NoIntersection,Normal,2Vehicles-BehindVehicles-Frontal,12,Wednesday,6,False,True
201800007456,NonLethal,NightNoStreetLight,No,NoIntersection,FogOrSmoke,3+Vehicles-Multiple,3,Sunday,18,True,False
201800003130,NonLethal,Daylight,No,NoIntersection,LightRain,2Vehicles-BehindVehicles-Frontal,10,Monday,17,False,False
201800022985,NonLethal,TwilightOrDawn,Yes,NoIntersection,Normal,2Vehicles-Side,3,Monday,6,False,True
201800034083,NonLethal,Daylight,Yes,NoIntersection,Normal,3+Vehicles-Chain,10,Tuesday,17,False,False
201800050805,NonLethal,NightStreelightsOn,Yes,X-type,Normal,Other,10,Saturday,22,True,False
201800046687,NonLethal,Daylight,No,NoIntersection,Normal,3+Vehicles-Multiple,6,Wednesday,8,False,False
201800026740,NonLethal,TwilightOrDawn,Yes,Roundabout,Normal,2Vehicles-Side,2,Wednesday,7,False,False
201800001394,NonLethal,Daylight,Yes,NoIntersection,Normal,Other,8,Tuesday,17,False,False
201800013722,NonLethal,Daylight,No,T-type,Normal,Other,12,Thursday,16,False,False
201800044473,NonLethal,Daylight,No,NoIntersection,LightRain,Other,12,Sunday,14,True,False
201800042721,NonLethal,NightStreelightsOn,Yes,NoIntersection,LightRain,NoCollision,12,Sunday,20,True,False
201800001248,NonLethal,Daylight,Yes,LevelCrossing,VeryGood,2Vehicles-Side,11,Monday,8,False,False
201800003043,NonLethal,Daylight,No,T-type,Normal,NoCollision,6,Friday,17,False,False
201800027086,NonLethal,NightNoStreetLight,No,NoIntersection,Normal,2Vehicles-Behind,9,Thursday,22,False,False
201800023180,NonLethal,Daylight,Yes,T-type,Normal,2Vehicles-Side,8,Sunday,12,True,False
201800012992,NonLethal,NightNoStreetLight,No,X-type,Normal,2Vehicles-Side,9,Wednesday,4,False,True
201800033292,NonLethal,Daylight,Yes,NoIntersection,Normal,2Vehicles-Side,4,Thursday,19,False,False
201800004839,Lethal,Daylight,No,NoIntersection,Normal,2Vehicles-BehindVehicles-Frontal,5,Monday,10,False,False
201800055301,NonLethal,Daylight,Yes,NoIntersection,Normal,3+Vehicles-Chain,3,Monday,12,False,False
201800029190,Lethal,NightStreelightsOn,No,NoIntersection,Normal,2Vehicles-Side,10,Saturday,20,True,False
201800049726,NonLethal,Daylight,No,NoIntersection,Normal,2Vehicles-Behind,3,Tuesday,15,False,False
201800030609,NonLethal,Daylight,Yes,Other,Normal,2Vehicles-Side,9,Tuesday,17,False,False
201800031539,NonLethal,Daylight,No,Other,Normal,Other,9,Friday,18,False,False
201800008865,NonLethal,Daylight,Yes,NoIntersection,Normal,2Vehicles-Behind,4,Monday,15,False,False
201800007475,NonLethal,NightStreelightsOn,Yes,NoIntersection,LightRain,NoCollision,12,Saturday,21,True,False
201800034431,NonLethal,Daylight,No,NoIntersection,LightRain,Other,4,Sunday,10,True,False
201800044892,NonLethal,Daylight,No,NoIntersection,Normal,2Vehicles-Behind,5,Friday,12,False,False
201800057163,NonLethal,NightStreelightsOn,Yes,NoIntersection,Normal,NoCollision,1,Monday,1,False,True
201800008840,NonLethal,Daylight,Yes,Y-type,LightRain,2Vehicles-Side,11,Sunday,13,True,False
201800037919,NonLethal,Daylight,Yes,X-type,Normal,2Vehicles-Side,5,Monday,10,False,False
201800018895,NonLethal,Daylight,No,NoIntersection,Normal,Other,6,Saturday,18,True,False
201800055579,NonLethal,Daylight,Yes,NoIntersection,Normal,2Vehicles-Side,2,Friday,13,False,False
201800045368,NonLethal,TwilightOrDawn,No,NoIntersection,Normal,2Vehicles-Behind,10,Thursday,7,False,False
201800031832,NonLethal,Daylight,Yes,NoIntersection,Normal,Other,7,Tuesday,19,False,False
201800038170,NonLethal,Daylight,Yes,X-type,Normal,2Vehicles-Side,11,Monday,8,False,False
201800013851,NonLethal,Daylight,No,T-type,Normal,2Vehicles-Side,5,Friday,12,False,False
201800005870,NonLethal,Daylight,Yes,NoIntersection,Normal,2Vehicles-Behind,12,Thursday,15,False,False
201800017386,NonLethal,Daylight,Yes,X-type,Normal,2Vehicles-Side,5,Tuesday,20,False,False
201800032462,NonLethal,Daylight,Yes,X-type,Normal,2Vehicles-BehindVehicles-Frontal,5,Saturday,19,True,False
201800010311,NonLethal,Daylight,No,Other,Normal,2Vehicles-Side,9,Tuesday,7,False,False
201800000192,Lethal,Daylight,Yes,NoIntersection,Normal,2Vehicles-Side,7,Saturday,18,True,False
201800045341,NonLethal,Daylight,No,NoIntersection,Normal,NoCollision,10,Thursday,11,False,False
201800043795,NonLethal,NightNoStreetLight,No,NoIntersection,Normal,2Vehicles-Behind,1,Friday,22,False,False
201800031614,NonLethal,Daylight,Yes,X-type,VeryGood,2Vehicles-Side,6,Wednesday,9,False,False
201800046111,NonLethal,Daylight,No,NoIntersection,Normal,NoCollision,9,Monday,15,False,False
201800048498,NonLethal,Daylight,Yes,T-type,Normal,Other,9,Thursday,11,False,False
201800017298,NonLethal,NightNoStreetLight,No,NoIntersection,Normal,NoCollision,2,Tuesday,19,False,False
201800020112,NonLethal,Daylight,No,Roundabout,VeryGood,NoCollision,9,Sunday,16,True,False
201800001026,NonLethal,NightNoStreetLight,No,NoIntersection,Normal,NoCollision,2,Sunday,22,True,False
201800052431,NonLethal,Daylight,Yes,X-type,Normal,2Vehicles-Side,5,Wednesday,6,False,True
201800046301,NonLethal,NightNoStreetLight,No,NoIntersection,Normal,Other,12,Tuesday,17,False,False
201800024005,NonLethal,Daylight,Yes,NoIntersection,Normal,Other,9,Monday,19,False,False
201800027164,NonLethal,Daylight,Yes,NoIntersection,Normal,Other,2,Friday,15,False,False
201800023800,NonLethal,Daylight,Yes,X-type,Normal,2Vehicles-Side,7,Saturday,14,True,False
201800033461,NonLethal,Daylight,Yes,NoIntersection,Normal,Other,4,Thursday,9,False,False
201800041802,NonLethal,Daylight,Yes,NoIntersection,Normal,3+Vehicles-Chain,10,Wednesday,13,False,False
201800036844,NonLethal,Daylight,No,Roundabout,Normal,2Vehicles-Side,7,Tuesday,17,False,False
201800001927,NonLethal,Daylight,Yes,NoIntersection,Normal,3+Vehicles-Multiple,8,Monday,12,False,False
201800022448,NonLethal,Daylight,No,NoIntersection,Normal,NoCollision,9,Wednesday,17,False,False
201800010028,NonLethal,Daylight,Yes,Y-type,Overcast,Other,11,Sunday,13,True,False
201800037069,NonLethal,Daylight,Yes,X-type,Normal,2Vehicles-Side,5,Wednesday,18,False,False
201800012697,NonLethal,NightStreelightsOn,Yes,X-type,Normal,Other,8,Saturday,22,True,False
201800013804,Lethal,Daylight,No,NoIntersection,Normal,NoCollision,10,Thursday,16,False,False
201800046409,NonLethal,Daylight,No,NoIntersection,Normal,NoCollision,2,Monday,15,False,False
201800006497,NonLethal,TwilightOrDawn,No,NoIntersection,Normal,2Vehicles-BehindVehicles-Frontal,1,Monday,5,False,True
201800020955,NonLethal,Daylight,Yes,NoIntersection,Other,2Vehicles-Behind,2,Thursday,15,False,False
201800032848,NonLethal,Daylight,Yes,Other,Normal,Other,7,Tuesday,20,False,False
201800021395,NonLethal,NightStreelightsOn,Yes,NoIntersection,Normal,Other,2,Thursday,19,False,False
201800006394,NonLethal,Daylight,Yes,T-type,VeryGood,2Vehicles-Side,9,Wednesday,18,False,False
201800042470,NonLethal,Daylight,Yes,NoIntersection,Normal,2Vehicles-Behind,6,Friday,17,False,False
201800031601,NonLethal,Daylight,No,X-type,Normal,2Vehicles-Side,4,Friday,18,False,False
201800020173,NonLethal,Daylight,Yes,Y-type,Normal,2Vehicles-BehindVehicles-Frontal,4,Friday,15,False,False
201800029382,NonLethal,Daylight,Yes,T-type,Normal,2Vehicles-Side,9,Friday,16,False,False
201800011274,NonLethal,Daylight,Yes,X-type,Normal,2Vehicles-Side,8,Saturday,9,True,False
201800005003,Lethal,NightNoStreetLight,No,NoIntersection,Normal,NoCollision,8,Sunday,3,True,True
201800044563,NonLethal,NightNoStreetLight,No,NoIntersection,Normal,2Vehicles-Behind,1,Monday,18,False,False
201800024831,NonLethal,Daylight,Yes,NoIntersection,VeryGood,Other,7,Saturday,9,True,False
201800021725,NonLethal,Daylight,No,NoIntersection,Normal,Other,3,Tuesday,7,False,False
201800006150,Lethal,TwilightOrDawn,No,NoIntersection,Normal,2Vehicles-BehindVehicles-Frontal,1,Tuesday,8,False,False
201800028925,Lethal,Daylight,Yes,Square,Normal,2Vehicles-Behind,2,Tuesday,12,False,False
201800001726,NonLethal,Daylight,Yes,NoIntersection,Normal,2Vehicles-Side,10,Tuesday,16,False,False
201800045335,NonLethal,Daylight,No,NoIntersection,Normal,3+Vehicles-Multiple,10,Wednesday,13,False,False
201800012959,NonLethal,Daylight,No,NoIntersection,Normal,2Vehicles-Side,10,Wednesday,11,False,False
201800016543,Lethal,Daylight,No,NoIntersection,Normal,Other,5,Wednesday,19,False,False
201800019504,NonLethal,TwilightOrDawn,No,NoIntersection,Normal,2Vehicles-BehindVehicles-Frontal,7,Sunday,7,True,False
201800000898,NonLethal,NightNoStreetLight,No,NoIntersection,Normal,3+Vehicles-Multiple,1,Thursday,5,False,True
201800028916,NonLethal,NightNoStreetLight,No,NoIntersection,LightRain,2Vehicles-Behind,4,Sunday,23,True,False
201800027104,NonLethal,NightStreelightsOn,Yes,NoIntersection,Normal,NoCollision,1,Wednesday,17,False,False
201800049880,NonLethal,Daylight,No,NoIntersection,LightRain,Other,7,Friday,18,False,False
201800028424,NonLethal,Daylight,Yes,NoIntersection,Normal,Other,5,Friday,20,False,False
201800044098,NonLethal,Daylight,No,NoIntersection,Normal,2Vehicles-Side,7,Wednesday,10,False,False
201800002057,NonLethal,Daylight,No,NoIntersection,HeavyRain,2Vehicles-BehindVehicles-Frontal,1,Friday,19,False,False
201800044211,NonLethal,NightNoStreetLight,No,NoIntersection,Normal,3+Vehicles-Chain,9,Sunday,21,True,False
201800003405,NonLethal,Daylight,No,T-type,Normal,2Vehicles-Side,12,Wednesday,14,False,False
201800028763,NonLethal,Daylight,No,NoIntersection,Normal,NoCollision,7,Thursday,14,False,False
201800040475,NonLethal,NightStreelightsOn,Yes,NoIntersection,Normal,2Vehicles-BehindVehicles-Frontal,4,Thursday,21,False,False
201800014038,NonLethal,Daylight,Yes,NoIntersection,Normal,Other,9,Sunday,15,True,False
201800041078,NonLethal,Daylight,Yes,NoIntersection,Normal,2Vehicles-Side,11,Thursday,8,False,False
201800008596,NonLethal,Daylight,Yes,NoIntersection,Normal,2Vehicles-Behind,2,Sunday,12,True,False
201800041745,NonLethal,Daylight,Yes,Y-type,Normal,2Vehicles-Side,4,Saturday,9,True,False
201800045477,NonLethal,Daylight,No,NoIntersection,LightRain,2Vehicles-Behind,11,Tuesday,8,False,False
201800007058,NonLethal,Daylight,Yes,NoIntersection,Normal,NoCollision,9,Thursday,18,False,False
201800030862,NonLethal,Daylight,Yes,Other,Normal,2Vehicles-Behind,8,Friday,18,False,False
201800047591,NonLethal,Daylight,Yes,NoIntersection,Normal,Other,4,Saturday,9,True,False
201800007317,NonLethal,Daylight,Yes,X-type,Normal,2Vehicles-Side,1,Friday,15,False,False
201800039215,NonLethal,NightStreelightsOn,Yes,NoIntersection,Overcast,Other,1,Thursday,18,False,False
201800005556,NonLethal,Daylight,Yes,NoIntersection,Normal,2Vehicles-Side,1,Tuesday,13,False,False
201800028782,NonLethal,Daylight,Yes,Y-type,Normal,2Vehicles-Side,8,Tuesday,16,False,False
201800034132,NonLethal,NightStreelightsOn,No,T-type,LightRain,2Vehicles-Side,12,Sunday,17,True,False
201800028818,NonLethal,NightStreelightsOn,Yes,NoIntersection,Normal,2Vehicles-BehindVehicles-Frontal,2,Saturday,21,True,False
201800047549,NonLethal,Daylight,Yes,T-type,Normal,3+Vehicles-Multiple,6,Thursday,14,False,False
201800001516,NonLethal,Daylight,Yes,NoIntersection,Normal,2Vehicles-Side,1,Thursday,12,False,False
201800036686,NonLethal,Daylight,Yes,X-type,Normal,2Vehicles-Side,12,Saturday,15,True,False
201800037108,NonLethal,Daylight,No,NoIntersection,VeryGood,2Vehicles-Behind,7,Monday,16,False,False
201800011807,Lethal,Daylight,No,NoIntersection,Normal,Other,2,Friday,9,False,False