AccidentId,Gravity,Light,InAgglomeration,IntersectionType,Weather,CollisionType,Month,DayOfWeek,HourOfDay,IsWeekend,IsNight
201800042444,NonLethal,NightStreelightsOn,Yes,NoIntersection,Normal,Other,8,Friday,6,False,True
201800021858,Lethal,Daylight,No,X-type,Normal,2Vehicles-BehindVehicles-Frontal,9,Friday,19,False,False
201800022006,NonLethal,Daylight,Yes,NoIntersection,Normal,2Vehicles-Behind,2,Tuesday,14,False,False
201800004329,NonLethal,NightStreelightsOff,Yes,NoIntersection,Normal,2Vehicles-Behind,11,Friday,18,False,False
201800038756,NonLethal,Daylight,Yes,X-type,Normal,Other,5,Saturday,13,True,False
201800027924,NonLethal,NightStreelightsOn,Yes,NoIntersection,LightRain,Other,11,Sunday,0,True,True
201800056636,Lethal,Daylight,Yes,Other,Normal,Other,8,Tuesday,9,False,False
201800028500,NonLethal,Daylight,Yes,NoIntersection,Normal,NoCollision,7,Tuesday,18,False,False
201800007071,NonLethal,Daylight,Yes,Roundabout,LightRain,Other,4,Tuesday,14,False,False
201800056169,NonLethal,Daylight,Yes,NoIntersection,Normal,Other,11,Sunday,17,True,False
201800041290,NonLethal,Daylight,Yes,T-type,Normal,Other,10,Friday,17,False,False
201800024664,NonLethal,Daylight,Yes,T-type,Normal,Other,2,Wednesday,13,False,False
201800024303,Lethal,Daylight,Yes,NoIntersection,Normal,Other,4,Sunday,16,True,False
201800012187,NonLethal,Daylight,No,T-type,Normal,2Vehicles-Side,7,Monday,11,False,False
201800035248,NonLethal,Daylight,No,NoIntersection,Normal,Other,2,Tuesday,8,False,False
201800017656,NonLethal,Daylight,No,NoIntersection,Normal,2Vehicles-BehindVehicles-Frontal,4,Thursday,20,False,False
201800032253,NonLethal,Daylight,Yes,X-type,Normal,2Vehicles-Side,10,Monday,16,False,False
201800051645,NonLethal,Daylight,Yes,X-type,Normal,Other,1,Saturday,15,True,False
201800021538,NonLethal,NightStreelightsOn,Yes,NoIntersection,Normal,2Vehicles-Side,1,Saturday,22,True,False
201800027100,NonLethal,Daylight,Yes,NoIntersection,Normal,NoCollision,12,Friday,10,False,False
201800010107,NonLethal,Daylight,Yes,Other,LightRain,2Vehicles-Side,11,Friday,16,False,False
201800001809,NonLethal,Daylight,No,NoIntersection,Normal,Other,5,Saturday,16,True,False
201800026242,NonLethal,Daylight,Yes,T-type,Normal,2Vehicles-Side,3,Friday,11,False,False
201800028952,NonLethal,NightStreelightsOn,Yes,NoIntersection,LightRain,Other,11,Friday,17,False,False
201800015035,NonLethal,Daylight,No,T-type,Normal,2Vehicles-Side,6,Thursday,17,False,False
201800018622,NonLethal,Daylight,Yes,X-type,Normal,2Vehicles-Side,4,Wednesday,19,False,False
201800035046,NonLethal,Daylight,Yes,NoIntersection,Normal,2Vehicles-Side,5,Tuesday,20,False,False
201800039318,NonLethal,Daylight,Yes,X-type,Overcast,2Vehicles-Side,10,Monday,9,False,False
201800013329,NonLethal,Daylight,No,T-type,Normal,2Vehicles-Side,9,Sunday,18,True,False
201800032975,NonLethal,TwilightOrDawn,No,NoIntersection,Normal,2Vehicles-BehindVehicles-Frontal,3,Sunday,17,True,False
201800042397,NonLethal,Daylight,Yes,NoIntersection,LightRain,Other,11,Monday,10,False,False
201800031556,NonLethal,Daylight,No,NoIntersection,Normal,2Vehicles-Side,6,Saturday,13,True,False
201800037240,NonLethal,Daylight,Yes,X-type,Normal,2Vehicles-Behind,4,Friday,13,False,False
201800046293,NonLethal,NightStreelightsOn,No,NoIntersection,LightRain,2Vehicles-Behind,12,Saturday,17,True,False
201800038607,NonLethal,Daylight,Yes,NoIntersection,Normal,2Vehicles-Side,7,Monday,8,False,False
201800043794,NonLethal,Daylight,No,Other,Overcast,3+Vehicles-Chain,1,Wednesday,11,False,False
201800008633,NonLethal,Daylight,Yes,NoIntersection,Normal,2Vehicles-Behind,3,Sunday,15,True,False
201800029630,Lethal,Daylight,No,NoIntersection,Normal,Other,11,Sunday,16,True,False
201800056560,NonLethal,Daylight,Yes,Other,Normal,2Vehicles-Side,8,Friday,10,False,False
201800020055,NonLethal,TwilightOrDawn,No,NoIntersection,StrongWindOrStorm,3+Vehicles-Multiple,1,Wednesday,16,False,False
201800033685,NonLethal,Daylight,Yes,NoIntersection,Overcast,2Vehicles-Side,12,Sunday,16,True,False
201800026732,NonLethal,Daylight,Yes,NoIntersection,SnowOrHail,Other,2,Tuesday,12,False,False
201800020105,Lethal,NightStreelightsOn,Yes,NoIntersection,Normal,Other,10,Wednesday,7,False,False
201800038745,NonLethal,Daylight,Yes,X-type,Normal,2Vehicles-Side,1,Thursday,18,False,False
201800011904,NonLethal,TwilightOrDawn,No,NoIntersection,LightRain,NoCollision,5,Thursday,19,False,False
201800016965,NonLethal,Daylight,No,NoIntersection,Normal,NoCollision,3,Sunday,16,True,False
201800051861,NonLethal,NightStreelightsOn,Yes,X-type,Normal,2Vehicles-Side,11,Tuesday,5,False,True
201800036497,NonLethal,Daylight,Yes,NoIntersection,Normal,Other,10,Friday,15,False,False
201800039155,NonLethal,Daylight,Yes,T-type,Normal,2Vehicles-Behind,9,Tuesday,8,False,False
201800025077,NonLethal,Daylight,Yes,NoIntersection,Other,2Vehicles-BehindVehicles-Frontal,12,Monday,8,False,False
201800044333,NonLethal,Daylight,No,NoIntersection,Normal,2Vehicles-Behind,10,Wednesday,14,False,False
201800039830,NonLethal,Daylight,Yes,NoIntersection,Normal,2Vehicles-Behind,9,Tuesday,14,False,False
201800022220,NonLethal,Daylight,Yes,NoIntersection,Normal,NoCollision,11,Friday,16,False,False
201800030892,NonLethal,NightStreelightsOn,Yes,NoIntersection,Normal,2Vehicles-Behind,9,Sunday,4,True,True
201800038245,NonLethal,NightStreelightsOn,Yes,NoIntersection,Normal,Other,3,Monday,1,False,True
201800025365,NonLethal,Daylight,Yes,NoIntersection,Normal,Other,5,Sunday,18,True,False
201800012724,NonLethal,Daylight,Yes,T-type,Normal,2Vehicles-Side,5,Monday,11,False,False
201800029795,NonLethal,NightStreelightsOn,Yes,NoIntersection,Normal,NoCollision,12,Wednesday,18,False,False
201800013987,NonLethal,Daylight,No,T-type,Normal,2Vehicles-Side,7,Sunday,10,True,False
201800026718,NonLethal,NightNoStreetLight,Yes,NoIntersection,Normal,NoCollision,9,Saturday,4,True,True
201800037454,NonLethal,NightStreelightsOn,Yes,NoIntersection,Normal,Other,12,Thursday,23,False,False
201800056539,Lethal,Daylight,Yes,Other,Normal,2Vehicles-BehindVehicles-Frontal,7,Tuesday,17,False,False
201800039938,NonLethal,Daylight,Yes,NoIntersection,Normal,2Vehicles-Side,1,Tuesday,9,False,False
201800044053,NonLethal,Daylight,No,NoIntersection,Normal,3+Vehicles-Chain,6,Tuesday,21,False,False
201800045540,NonLethal,Daylight,No,NoIntersection,Normal,2Vehicles-Behind,12,Wednesday,9,False,False
201800051040,NonLethal,Daylight,Yes,X-type,Normal,Other,10,Thursday,8,False,False
201800036281,NonLethal,NightStreelightsOn,Yes,Other,Normal,2Vehicles-Side,7,Friday,23,False,False
201800052063,NonLethal,Daylight,Yes,NoIntersection,Normal,2Vehicles-Side,6,Friday,10,False,False
201800014856,Lethal,NightNoStreetLight,No,NoIntersection,Normal,Other,10,Saturday,7,True,False
201800033855,NonLethal,Daylight,Yes,T-type,Normal,Other,9,Monday,17,False,False
201800017305,NonLethal,Daylight,No,NoIntersection,Normal,2Vehicles-BehindVehicles-Frontal,7,Monday,17,False,False
201800057397,NonLethal,NightStreelightsOn,Yes,NoIntersection,HeavyRain,2Vehicles-Behind,1,Sunday,20,True,False
201800009967,NonLethal,NightStreelightsOn,Yes,NoIntersection,Normal,2Vehicles-Behind,10,Monday,20,False,False
201800020277,NonLethal,Daylight,No,NoIntersection,HeavyRain,Other,5,Sunday,17,True,False
201800042116,NonLethal,Daylight,Yes,NoIntersection,LightRain,3+Vehicles-Chain,1,Wednesday,12,False,False
201800019641,NonLethal,Daylight,Yes,NoIntersection,Overcast,Other,2,Monday,14,False,False
201800008085,NonLethal,Daylight,No,NoIntersection,Normal,2Vehicles-Behind,11,Tuesday,9,False,False
201800035056,Lethal,TwilightOrDawn,Yes,NoIntersection,Normal,NoCollision,10,Wednesday,19,False,False
201800038824,NonLethal,Daylight,Yes,T-type,Normal,2Vehicles-Side,6,Thursday,8,False,False
201800001088,NonLethal,NightNoStreetLight,No,NoIntersection,Normal,2Vehicles-BehindVehicles-Frontal,9,Friday,19,False,False
201800044000,NonLethal,NightNoStreetLight,No,NoIntersection,Normal,2Vehicles-Side,5,Sunday,21,True,False
201800033974,NonLethal,Daylight,Yes,X-type,Normal,Other,4,Saturday,9,True,False
201800018360,NonLethal,Daylight,No,NoIntersection,Normal,NoCollision,8,Sunday,19,True,False
201800027550,NonLethal,Daylight,Yes,NoIntersection,HeavyRain,NoCollision,12,Wednesday,18,False,False
201800048474,NonLethal,NightStreelightsOn,Yes,NoIntersection,Normal,2Vehicles-Side,8,Thursday,5,False,True
201800043747,NonLethal,Daylight,Yes,T-type,Normal,2Vehicles-Side,11,Tuesday,16,False,False
201800021291,NonLethal,Daylight,Yes,NoIntersection,Normal,2Vehicles-BehindVehicles-Frontal,5,Monday,13,False,False
201800022145,NonLethal,NightStreelightsOn,Yes,Roundabout,LightRain,2Vehicles-Side,11,Tuesday,18,False,False
201800049478,NonLethal,NightNoStreetLight,No,NoIntersection,Normal,2Vehicles-Behind,10,Sunday,19,True,False
201800043617,NonLethal,NightStreelightsOn,Yes,NoIntersection,Overcast,Other,12,Friday,19,False,False
201800027811,NonLethal,NightStreelightsOn,Yes,NoIntersection,Normal,Other,11,Sunday,1,True,True
201800024667,NonLethal,Daylight,No,NoIntersection,Normal,2Vehicles-Behind,2,Friday,10,False,False
201800046649,NonLethal,Daylight,No,NoIntersection,LightRain,2Vehicles-Side,5,Sunday,7,True,False
201800032779,NonLethal,Daylight,Yes,NoIntersection,Normal,2Vehicles-BehindVehicles-Frontal,4,Wednesday,19,False,False
201800052457,NonLethal,NightStreelightsOn,Yes,X-type,Normal,2Vehicles-Side,6,Saturday,2,True,True
201800020479,Lethal,Daylight,No,NoIntersection,Normal,Other,4,Friday,14,False,False
201800036548,NonLethal,Daylight,Yes,T-type,Normal,2Vehicles-Side,8,Thursday,8,False,False
201800016653,NonLethal,TwilightOrDawn,No,NoIntersection,Normal,NoCollision,10,Friday,18,False,False
201800034841,NonLethal,TwilightOrDawn,Yes,NoIntersection,Normal,3+Vehicles-Multiple,12,Thursday,20,False,False
201800045435,NonLethal,NightNoStreetLight,No,NoIntersection,Normal,3+Vehicles-Chain,11,Friday,17,False,False
201800029290,NonLethal,Daylight,Yes,NoIntersection,Normal,Other,2,Wednesday,8,False,False
201800033074,NonLethal,Daylight,No,NoIntersection,Normal,2Vehicles-BehindVehicles-Frontal,7,Saturday,18,True,False
201800001023,NonLethal,Daylight,No,Other,Normal,2Vehicles-Side,8,Wednesday,18,False,False
201800004239,Lethal,Daylight,Yes,NoIntersection,Normal,Other,10,Thursday,8,False,False
201800047130,NonLethal,NightNoStreetLight,No,NoIntersection,Normal,2Vehicles-Side,12,Monday,18,False,False
201800012304,NonLethal,Daylight,No,NoIntersection,Overcast,Other,8,Wednesday,15,False,False
201800056009,NonLethal,Daylight,No,NoIntersection,Overcast,Other,8,Sunday,6,True,True
201800040879,NonLethal,Daylight,Yes,NoIntersection,Normal,Other,5,Wednesday,18,False,False
201800055990,NonLethal,NightNoStreetLight,No,NoIntersection,Normal,2Vehicles-BehindVehicles-Frontal,12,Wednesday,22,False,False
201800024869,Lethal,Daylight,Yes,X-type,Normal,2Vehicles-Side,8,Tuesday,18,False,False
201800049946,NonLethal,NightNoStreetLight,No,NoIntersection,Normal,2Vehicles-Behind,7,Saturday,4,True,True
201800009678,NonLethal,Daylight,Yes,NoIntersection,Normal,2Vehicles-Side,9,Sunday,14,True,False
201800039015,NonLethal,Daylight,Yes,NoIntersection,LightRain,Other,6,Wednesday,18,False,False
201800018568,NonLethal,NightNoStreetLight,No,NoIntersection,HeavyRain,Other,12,Sunday,18,True,False
201800035099,NonLethal,Daylight,Yes,NoIntersection,Normal,Other,7,Friday,19,False,False
201800003996,NonLethal,Daylight,No,Other,Normal,Other,3,Tuesday,16,False,False
201800002579,NonLethal,Daylight,No,NoIntersection,LightRain,2Vehicles-BehindVehicles-Frontal,6,Monday,16,False,False
201800005956,NonLethal,Daylight,No,T-type,Normal,2Vehicles-Side,8,Monday,13,False,False
201800012640,NonLethal,NightNoStreetLight,No,NoIntersection,LightRain,Other,2,Sunday,6,True,True
201800003305,NonLethal,Daylight,No,NoIntersection,Normal,2Vehicles-Side,6,Tuesday,7,False,False
201800051385,NonLethal,Daylight,Yes,Square,Normal,Other,8,Wednesday,17,False,False
201800045403,NonLethal,TwilightOrDawn,No,NoIntersection,LightRain,Other,1,Thursday,18,False,False
201800046154,NonLethal,NightNoStreetLight,No,NoIntersection,Normal,Other,10,Saturday,5,True,True
201800039672,NonLethal,Daylight,Yes,Other,Normal,2Vehicles-BehindVehicles-Frontal,11,Sunday,16,True,False
201800013934,NonLethal,NightNoStreetLight,Yes,NoIntersection,Normal,Other,12,Sunday,19,True,False
201800013522,NonLethal,Daylight,No,Y-type,Normal,Other,10,Saturday,12,True,False
201800009929,NonLethal,NightStreelightsOn,Yes,X-type,LightRain,2Vehicles-Side,10,Thursday,0,False,True
201800021486,NonLethal,Daylight,Yes,Other,Normal,2Vehicles-Side,3,Friday,19,False,False
201800010082,NonLethal,NightStreelightsOn,Yes,NoIntersection,Normal,2Vehicles-Side,11,Saturday,22,True,False
201800020862,NonLethal,Daylight,No,NoIntersection,Normal,3+Vehicles-Multiple,6,Friday,18,False,False
201800047019,NonLethal,Daylight,No,NoIntersection,Normal,3+Vehicles-Chain,11,Tuesday,11,False,False
201800013536,NonLethal,Daylight,Yes,Y-type,Normal,2Vehicles-Side,7,Monday,17,False,False
201800005670,NonLethal,Daylight,Yes,X-type,Normal,2Vehicles-Side,5,Sunday,16,True,False
201800002282,NonLethal,Daylight,Yes,NoIntersection,Normal,NoCollision,8,Sunday,15,True,False
201800041162,NonLethal,Daylight,Yes,Other,Normal,Other,11,Friday,19,False,False
201800049944,NonLethal,Daylight,No,NoIntersection,Normal,2Vehicles-Behind,11,Wednesday,19,False,False
201800012984,Lethal,Daylight,No,NoIntersection,Normal,NoCollision,3,Thursday,10,False,False
201800013107,NonLethal,NightNoStreetLight,No,NoIntersection,Normal,NoCollision,3,Wednesday,0,False,True
201800055993,NonLethal,Daylight,No,NoIntersection,LightRain,Other,2,Friday,15,False,False
201800024584,NonLethal,NightNoStreetLight,No,NoIntersection,Normal,Other,10,Wednesday,7,False,False
201800042414,NonLethal,NightStreelightsOn,Yes,NoIntersection,Normal,Other,12,Tuesday,18,False,False
201800016487,NonLethal,Daylight,Yes,NoIntersection,Normal,2Vehicles-Side,4,Saturday,16,True,False
201800056568,NonLethal,Daylight,No,NoIntersection,Normal,2Vehicles-Behind,1,Saturday,10,True,False
201800027874,NonLethal,Daylight,Yes,T-type,Normal,2Vehicles-Side,12,Sunday,12,True,False
201800003612,NonLethal,TwilightOrDawn,No,NoIntersection,Normal,Other,7,Sunday,6,True,True
201800015568,NonLethal,Daylight,No,NoIntersection,Normal,Other,4,Friday,20,False,False
201800005199,NonLethal,NightStreelightsOn,Yes,NoIntersection,Normal,2Vehicles-Side,11,Friday,19,False,False
201800048115,Lethal,NightStreelightsOn,Yes,X-type,Normal,Other,4,Tuesday,5,False,True
201800011173,NonLethal,Daylight,Yes,T-type,Normal,2Vehicles-Side,10,Wednesday,17,False,False
201800008168,NonLethal,Daylight,Yes,NoIntersection,Normal,2Vehicles-Behind,7,Thursday,18,False,False
201800015481,NonLethal,TwilightOrDawn,Yes,X-type,LightRain,2Vehicles-Side,11,Tuesday,7,False,False
201800049740,NonLethal,Daylight,No,Y-type,Normal,3+Vehicles-Multiple,3,Wednesday,10,False,False
201800031587,Lethal,Daylight,Yes,NoIntersection,Normal,2Vehicles-BehindVehicles-Frontal,12,Saturday,12,True,False
201800028927,NonLethal,Daylight,Yes,NoIntersection,LightRain,Other,4,Friday,8,False,False
201800019446,NonLethal,Daylight,No,NoIntersection,HeavyRain,NoCollision,10,Monday,14,False,False
201800045301,NonLethal,Daylight,No,NoIntersection,Normal,2Vehicles-Side,10,Monday,16,False,False
201800026648,NonLethal,Daylight,Yes,NoIntersection,Normal,2Vehicles-Behind,5,Thursday,13,False,False
201800042513,NonLethal,Daylight,Yes,X-type,Normal,2Vehicles-Side,10,Wednesday,16,False,False
201800004616,NonLethal,NightNoStreetLight,No,NoIntersection,Normal,Other,10,Tuesday,21,False,False
201800031568,NonLethal,NightNoStreetLight,No,NoIntersection,Normal,2Vehicles-Behind,1,Wednesday,19,False,False
201800035262,NonLethal,Daylight,Yes,NoIntersection,VeryGood,Other,10,Thursday,8,False,False
201800032455,NonLethal,Daylight,Yes,NoIntersection,Normal,NoCollision,5,Wednesday,17,False,False
201800005944,NonLethal,Daylight,Yes,NoIntersection,Normal,Other,9,Thursday,11,False,False
201800035177,NonLethal,NightStreelightsOn,Yes,NoIntersection,LightRain,2Vehicles-Side,9,Wednesday,17,False,False
201800017026,NonLethal,Daylight,No,NoIntersection,Normal,Other,10,Sunday,15,True,False
201800001474,Lethal,Daylight,No,NoIntersection,Normal,2Vehicles-BehindVehicles-Frontal,6,Wednesday,15,False,False
201800033585,Lethal,NightStreelightsOn,Yes,T-type,LightRain,NoCollision,11,Sunday,17,True,False
201800048286,NonLethal,Daylight,Yes,X-type,Normal,Other,5,Tuesday,12,False,False
201800013115,Lethal,NightNoStreetLight,No,NoIntersection,Normal,2Vehicles-BehindVehicles-Frontal,2,Monday,18,False,False
201800026581,NonLethal,Daylight,Yes,NoIntersection,Normal,2Vehicles-Side,9,Friday,17,False,False
201800027422,NonLethal,Daylight,Yes,NoIntersection,Normal,2Vehicles-Side,12,Sunday,17,True,False
201800042429,NonLethal,Daylight,Yes,T-type,Normal,2Vehicles-Side,1,Friday,9,False,False
201800004412,NonLethal,TwilightOrDawn,Yes,NoIntersection,Normal,NoCollision,4,Sunday,5,True,True
201800045358,NonLethal,NightNoStreetLight,No,NoIntersection,Normal,Other,10,Saturday,3,True,True
201800046067,NonLethal,NightStreelightsOn,No,NoIntersection,Normal,Other,9,Tuesday,23,False,False
201800004341,NonLethal,Daylight,No,NoIntersection,Normal,2Vehicles-Behind,9,Thursday,11,False,False
201800023632,NonLethal,Daylight,Yes,NoIntersection,Overcast,2Vehicles-BehindVehicles-Frontal,6,Monday,18,False,False
201800003812,NonLethal,Daylight,No,NoIntersection,Overcast,2Vehicles-Behind,5,Monday,8,False,False
201800047166,NonLethal,Daylight,Yes,X-type,Normal,2Vehicles-Side,1,Monday,12,False,False
201800019970,NonLethal,Daylight,No,NoIntersection,Normal,3+Vehicles-Multiple,5,Friday,13,False,False
201800009779,NonLethal,Daylight,Yes,NoIntersection,Normal,Other,9,Monday,15,False,False
201800012119,NonLethal,NightNoStreetLight,Yes,Y-type,Normal,Other,9,Wednesday,0,False,True
201800020929,NonLethal,Daylight,Yes,NoIntersection,Normal,Other,1,Friday,12,False,False
201800030332,NonLethal,NightNoStreetLight,No,NoIntersection,Normal,2Vehicles-BehindVehicles-Frontal,12,Sunday,18,True,False
201800024886,NonLethal,Daylight,Yes,NoIntersection,Normal,NoCollision,9,Wednesday,19,False,False
201800042093,NonLethal,NightStreelightsOn,Yes,NoIntersection,Normal,2Vehicles-Side,6,Friday,22,False,False
201800028572,NonLethal,TwilightOrDawn,Yes,NoIntersection,Normal,Other,10,Thursday,18,False,False
201800009981,NonLethal,TwilightOrDawn,Yes,NoIntersection,Normal,3+Vehicles-Chain,10,Wednesday,18,False,False
201800043469,NonLethal,NightStreelightsOn,Yes,X-type,Normal,Other,1,Sunday,20,True,False
201800042509,NonLethal,Daylight,Yes,NoIntersection,Normal,Other,10,Monday,17,False,False
201800047090,NonLethal,Daylight,No,NoIntersection,Normal,2Vehicles-Side,11,Friday,9,False,False
201800057759,NonLethal,NightNoStreetLight,Yes,NoIntersection,Normal,NoCollision,11,Saturday,21,True,False
201800009462,NonLethal,TwilightOrDawn,Yes,NoIntersection,Normal,2Vehicles-Side,7,Tuesday,21,False,False
201800021712,NonLethal,Daylight,No,NoIntersection,Normal,NoCollision,11,Monday,8,False,False
201800027691,NonLethal,NightStreelightsOn,Yes,Roundabout,LightRain,NoCollision,2,Sunday,4,True,True
201800013583,NonLethal,Daylight,No,T-type,Normal,2Vehicles-Behind,5,Monday,17,False,False
201800039331,NonLethal,Daylight,Yes,NoIntersection,Normal,3+Vehicles-Chain,2,Monday,15,False,False
201800051237,NonLethal,Daylight,Yes,Y-type,Normal,2Vehicles-Side,10,Sunday,17,True,False
201800030896,NonLethal,TwilightOrDawn,Yes,NoIntersection,Normal,2Vehicles-Behind,9,Tuesday,5,False,True
201800013643,Lethal,Daylight,No,NoIntersection,Normal,2Vehicles-BehindVehicles-Frontal,4,Friday,17,False,False
201800047964,NonLethal,NightNoStreetLight,No,NoIntersection,Normal,2Vehicles-Behind,9,Monday,22,False,False
201800033174,NonLethal,Daylight,Yes,T-type,Normal,2Vehicles-Side,10,Sunday,13,True,False
201800023749,NonLethal,Daylight,Yes,Y-type,Normal,2Vehicles-Side,4,Tuesday,17,False,False
201800048191,NonLethal,Daylight,Yes,Other,Normal,Other,4,Saturday,16,True,False
201800001566,NonLethal,Daylight,Yes,NoIntersection,Normal,2Vehicles-Side,11,Saturday,12,True,False
201800042557,NonLethal,NightStreelightsOn,Yes,NoIntersection,HeavyRain,Other,8,Wednesday,5,False,True
201800030379,NonLethal,Daylight,Yes,NoIntersection,Normal,Other,2,Monday,15,False,False
201800041413,NonLethal,Daylight,No,NoIntersection,LightRain,2Vehicles-Behind,4,Wednesday,8,False,False
201800014453,NonLethal,Daylight,Yes,NoIntersection,Normal,2Vehicles-Side,8,Friday,10,False,False
201800015719,NonLethal,Daylight,No,NoIntersection,Normal,3+Vehicles-Chain,9,Sunday,18,True,False
201800021662,NonLethal,Daylight,No,Other,VeryGood,2Vehicles-Side,9,Tuesday,11,False,False
201800056353,Lethal,Daylight,No,NoIntersection,Normal,2Vehicles-Side,9,Tuesday,16,False,False
201800057045,NonLethal,NightStreelightsOn,Yes,Roundabout,Normal,Other,9,Wednesday,20,False,False
201800034780,NonLethal,NightStreelightsOn,Yes,Roundabout,LightRain,NoCollision,1,Monday,2,False,True
201800014194,NonLethal,NightNoStreetLight,No,NoIntersection,LightRain,3+Vehicles-Multiple,9,Monday,19,False,False
201800041390,NonLethal,Daylight,Yes,T-type,Overcast,2Vehicles-Behind,1,Tuesday,14,False,False
201800025132,NonLethal,Daylight,Yes,X-type,Normal,2Vehicles-Side,3,Wednesday,12,False,False
201800043560,NonLethal,Daylight,Yes,NoIntersection,Normal,Other,6,Tuesday,20,False,False
201800028613,NonLethal,NightStreelightsOn,Yes,NoIntersection,Other,3+Vehicles-Multiple,12,Thursday,7,False,False
201800007191,NonLethal,Daylight,No,NoIntersection,Normal,Other,10,Saturday,15,True,False
201800007669,NonLethal,Daylight,No,NoIntersection,Normal,2Vehicles-Behind,9,Saturday,14,True,False
201800020134,NonLethal,Daylight,No,NoIntersection,VeryGood,2Vehicles-BehindVehicles-Frontal,12,Monday,11,False,False
201800053939,NonLethal,NightStreelightsOn,Yes,X-type,LightRain,2Vehicles-Side,11,Sunday,17,True,False
201800011881,NonLethal,NightNoStreetLight,No,NoIntersection,Normal,NoCollision,12,Thursday,3,False,True
201800053184,NonLethal,NightStreelightsOn,Yes,X-type,LightRain,Other,12,Tuesday,0,False,True
201800054290,NonLethal,Daylight,Yes,T-type,Normal,3+Vehicles-Chain,12,Thursday,11,False,False
201800043797,NonLethal,NightStreelightsOn,No,NoIntersection,LightRain,Other,1,Sunday,21,True,False
201800007903,NonLethal,Daylight,No,NoIntersection,Normal,3+Vehicles-Chain,11,Monday,17,False,False
201800045510,NonLethal,NightNoStreetLight,No,NoIntersection,LightRain,3+Vehicles-Multiple,11,Thursday,8,False,False
201800045545,NonLethal,Daylight,No,NoIntersection,Normal,3+Vehicles-Multiple,12,Thursday,13,False,False
201800039742,NonLethal,TwilightOrDawn,Yes,Y-type,Normal,Other,11,Friday,19,False,False
201800054949,NonLethal,Daylight,Yes,X-type,Normal,Other,3,Tuesday,13,False,False
201800020430,NonLethal,Daylight,No,NoIntersection,Normal,2Vehicles-Behind,10,Friday,12,False,False
201800033421,NonLethal,Daylight,Yes,Y-type,LightRain,2Vehicles-Side,1,Friday,15,False,False
201800013938,Lethal,NightNoStreetLight,No,NoIntersection,LightRain,Other,8,Saturday,4,True,True
201800009514,NonLethal,Daylight,Yes,T-type,Normal,2Vehicles-BehindVehicles-Frontal,8,Saturday,19,True,False
201800017189,NonLethal,Daylight,No,NoIntersection,Normal,2Vehicles-Side,7,Thursday,14,False,False
201800025245,NonLethal,Daylight,Yes,X-type,LightRain,2Vehicles-Behind,3,Saturday,14,True,False
201800057681,NonLethal,NightStreelightsOn,Yes,Other,Normal,NoCollision,7,Monday,22,False,False
201800018966,NonLethal,NightNoStreetLight,No,NoIntersection,Normal,Other,11,Saturday,5,True,True
201800055175,NonLethal,NightStreelightsOn,Yes,X-type,LightRain,2Vehicles-Side,11,Sunday,4,True,True
201800047680,NonLethal,Daylight,Yes,X-type,Normal,2Vehicles-BehindVehicles-Frontal,9,Friday,7,False,False
201800034255,NonLethal,Daylight,Yes,NoIntersection,Normal,Other,10,Thursday,8,False,False
201800055334,NonLethal,Daylight,Yes,NoIntersection,Normal,3+Vehicles-Chain,4,Saturday,10,True,False
201800011186,Lethal,Daylight,No,NoIntersection,Normal,Other,4,Saturday,11,True,False
201800035466,NonLethal,NightStreelightsOn,Yes,NoIntersection,Normal,Other,11,Sunday,3,True,True
201800001735,NonLethal,NightStreelightsOn,Yes,T-type,Normal,2Vehicles-Side,10,Tuesday,19,False,False
201800015557,NonLethal,Daylight,No,Roundabout,Normal,2Vehicles-Side,9,Saturday,14,True,False
201800034450,NonLethal,Daylight,No,Other,Normal,2Vehicles-Side,8,Tuesday,13,False,False
201800051571,NonLethal,Daylight,Yes,NoIntersection,LightRain,2Vehicles-Side,9,Saturday,14,True,False
201800026302,NonLethal,Daylight,Yes,NoIntersection,Normal,Other,5,Thursday,10,False,False
201800016694,NonLethal,Daylight,No,X-type,Normal,2Vehicles-Side,12,Monday,15,False,False
201800013916,NonLethal,Daylight,Yes,NoIntersection,Normal,Other,2,Wednesday,16,False,False
201800047990,NonLethal,Daylight,No,NoIntersection,Normal,Other,11,Saturday,16,True,False
201800015189,NonLethal,Daylight,No,NoIntersection,Normal,2Vehicles-Side,4,Wednesday,17,False,False
201800007245,NonLethal,NightNoStreetLight,No,T-type,HeavyRain,Other,10,Monday,20,False,False
201800056614,NonLethal,Daylight,No,T-type,Normal,2Vehicles-BehindVehicles-Frontal,5,Tuesday,7,False,False
201800019966,NonLethal,TwilightOrDawn,No,T-type,Normal,2Vehicles-Side,10,Wednesday,18,False,False
201800031838,NonLethal,Daylight,Yes,NoIntersection,Normal,2Vehicles-Side,7,Friday,16,False,False
201800049791,NonLethal,Daylight,No,NoIntersection,Normal,2Vehicles-Behind,4,Friday,17,False,False
201800038776,NonLethal,Daylight,Yes,Other,Normal,2Vehicles-Side,10,Tuesday,10,False,False
201800030488,NonLethal,Daylight,Yes,T-type,Normal,2Vehicles-Side,2,Monday,10,False,False
201800000369,NonLethal,NightNoStreetLight,No,T-type,Normal,2Vehicles-BehindVehicles-Frontal,12,Tuesday,17,False,False
201800015927,NonLethal,NightStreelightsOn,Yes,Y-type,Overcast,Other,5,Tuesday,21,False,False