AccidentId,Gravity,Light,InAgglomeration,IntersectionType,Weather,CollisionType,Month,DayOfWeek,HourOfDay,IsWeekend,IsNight
201800056795,NonLethal,NightStreelightsOn,Yes,Roundabout,Normal,NoCollision,7,Thursday,20,False,False
201800046169,NonLethal,NightStreelightsOn,No,NoIntersection,Normal,2Vehicles-Side,10,Thursday,19,False,False
201800051357,NonLethal,Daylight,Yes,X-type,LightRain,Other,11,Tuesday,8,False,False
201800050162,NonLethal,NightNoStreetLight,No,NoIntersection,Normal,2Vehicles-Behind,12,Sunday,5,True,True
201800002493,NonLethal,Daylight,No,NoIntersection,Normal,2Vehicles-BehindVehicles-Frontal,7,Saturday,13,True,False
201800013925,NonLethal,Daylight,Yes,NoIntersection,Normal,Other,8,Sunday,16,True,False
201800056791,NonLethal,NightStreelightsOn,No,NoIntersection,Normal,2Vehicles-Behind,6,Tuesday,21,False,False
201800021630,NonLethal,Daylight,Yes,X-type,Normal,2Vehicles-Side,6,Monday,15,False,False
201800013979,Lethal,Daylight,No,NoIntersection,HeavyRain,NoCollision,9,Thursday,14,False,False
201800054558,NonLethal,NightStreelightsOn,Yes,T-type,Normal,2Vehicles-Side,10,Wednesday,21,False,False
201800025066,NonLethal,NightStreelightsOn,No,Other,FogOrSmoke,2Vehicles-Side,11,Monday,8,False,False
201800007570,NonLethal,NightNoStreetLight,No,NoIntersection,Normal,3+Vehicles-Chain,11,Thursday,7,False,False
201800005664,NonLethal,Daylight,Yes,Other,Normal,2Vehicles-BehindVehicles-Frontal,5,Monday,14,False,False
201800055066,NonLethal,Daylight,Yes,NoIntersection,Normal,2Vehicles-Side,4,Saturday,6,True,True
201800028307,NonLethal,Daylight,Yes,NoIntersection,Normal,Other,1,Wednesday,14,False,False
201800057434,Lethal,NightNoStreetLight,No,NoIntersection,Normal,2Vehicles-Behind,3,Saturday,19,True,False
201800011832,NonLethal,Daylight,Yes,X-type,Normal,2Vehicles-Side,10,Friday,8,False,False
201800040790,NonLethal,Daylight,Yes,T-type,Overcast,Other,11,Friday,15,False,False
201800002055,NonLethal,Daylight,No,NoIntersection,Normal,2Vehicles-Side,4,Sunday,20,True,False
201800054494,NonLethal,NightStreelightsOn,Yes,X-type,Normal,Other,7,Saturday,0,True,True
201800015019,NonLethal,NightNoStreetLight,No,NoIntersection,Normal,2Vehicles-BehindVehicles-Frontal,10,Saturday,20,True,False
201800052080,NonLethal,NightStreelightsOn,Yes,X-type,Normal,2Vehicles-Behind,6,Tuesday,23,False,False
201800020781,NonLethal,TwilightOrDawn,Yes,Other,Normal,2Vehicles-Side,4,Thursday,8,False,False
201800050458,NonLethal,Daylight,Yes,X-type,Normal,Other,6,Saturday,17,True,False
201800040244,NonLethal,NightStreelightsOn,Yes,NoIntersection,Overcast,Other,11,Tuesday,20,False,False
201800006132,NonLethal,NightNoStreetLight,No,NoIntersection,Normal,Other,3,Saturday,1,True,True
201800018052,NonLethal,Daylight,Yes,Roundabout,Normal,NoCollision,6,Thursday,9,False,False
201800008687,NonLethal,NightStreelightsOn,Yes,T-type,Normal,2Vehicles-Behind,3,Friday,20,False,False
201800041423,NonLethal,TwilightOrDawn,Yes,NoIntersection,Normal,Other,5,Thursday,17,False,False
201800042214,NonLethal,NightStreelightsOn,Yes,X-type,Normal,2Vehicles-Side,7,Saturday,4,True,True
201800011242,NonLethal,Daylight,No,NoIntersection,Normal,NoCollision,8,Saturday,18,True,False
201800020153,NonLethal,Daylight,No,NoIntersection,LightRain,2Vehicles-BehindVehicles-Frontal,4,Friday,9,False,False
201800041114,NonLethal,NightStreelightsOn,Yes,NoIntersection,LightRain,Other,12,Saturday,19,True,False
201800044581,NonLethal,Daylight,No,NoIntersection,Normal,3+Vehicles-Multiple,1,Tuesday,9,False,False
201800014550,NonLethal,Daylight,No,NoIntersection,Normal,NoCollision,8,Wednesday,19,False,False
201800019426,NonLethal,NightNoStreetLight,No,NoIntersection,HeavyRain,3+Vehicles-Chain,10,Wednesday,19,False,False
201800053440,NonLethal,Daylight,Yes,MoreThan4Branches,Normal,2Vehicles-Side,8,Tuesday,16,False,False
201800050250,NonLethal,Daylight,Yes,X-type,Normal,2Vehicles-Side,4,Tuesday,15,False,False
201800010941,NonLethal,Daylight,No,NoIntersection,LightRain,2Vehicles-Side,11,Saturday,11,True,False
201800053742,NonLethal,NightStreelightsOn,Yes,X-type,LightRain,2Vehicles-Side,3,Thursday,20,False,False
201800015168,NonLethal,Daylight,No,NoIntersection,Normal,NoCollision,4,Tuesday,16,False,False
201800004870,Lethal,NightNoStreetLight,No,MoreThan4Branches,Normal,2Vehicles-Side,2,Wednesday,21,False,False
201800020072,NonLethal,Daylight,Yes,NoIntersection,Normal,NoCollision,8,Thursday,9,False,False
201800010963,NonLethal,Daylight,Yes,NoIntersection,Normal,2Vehicles-Behind,6,Wednesday,12,False,False
201800043190,NonLethal,NightStreelightsOff,Yes,NoIntersection,Normal,3+Vehicles-Multiple,3,Wednesday,19,False,False
201800022645,NonLethal,Daylight,No,X-type,Normal,2Vehicles-Side,2,Thursday,8,False,False
201800010209,NonLethal,Daylight,Yes,X-type,Normal,2Vehicles-Side,12,Tuesday,10,False,False
201800012048,NonLethal,Daylight,No,NoIntersection,Normal,NoCollision,5,Thursday,8,False,False
201800010802,NonLethal,Daylight,No,NoIntersection,Normal,NoCollision,5,Wednesday,13,False,False
201800010158,NonLethal,NightStreelightsOn,Yes,NoIntersection,Normal,Other,8,Sunday,3,True,True
201800028812,NonLethal,TwilightOrDawn,Yes,NoIntersection,Normal,2Vehicles-Behind,9,Friday,21,False,False
201800045578,NonLethal,Daylight,No,NoIntersection,LightRain,Other,12,Sunday,11,True,False
201800047415,NonLethal,NightStreelightsOn,Yes,NoIntersection,Normal,2Vehicles-Behind,3,Tuesday,19,False,False
201800011919,NonLethal,NightNoStreetLight,No,NoIntersection,Normal,2Vehicles-BehindVehicles-Frontal,2,Sunday,19,True,False
201800018345,NonLethal,Daylight,No,NoIntersection,Normal,Other,4,Friday,17,False,False
201800029403,NonLethal,NightNoStreetLight,Yes,Other,HeavyRain,Other,10,Tuesday,20,False,False
201800057184,NonLethal,NightStreelightsOn,Yes,NoIntersection,Normal,Other,3,Thursday,23,False,False
201800007052,NonLethal,NightStreelightsOn,Yes,X-type,Normal,2Vehicles-Side,7,Sunday,1,True,True
201800015381,NonLethal,TwilightOrDawn,Yes,T-type,Normal,2Vehicles-Side,5,Friday,20,False,False
201800034550,NonLethal,Daylight,Yes,NoIntersection,Normal,Other,2,Friday,18,False,False
201800012989,NonLethal,Daylight,No,NoIntersection,Normal,NoCollision,6,Monday,6,False,True
201800004682,NonLethal,Daylight,Yes,NoIntersection,Normal,2Vehicles-Side,9,Monday,8,False,False
201800009533,NonLethal,TwilightOrDawn,Yes,NoIntersection,Normal,2Vehicles-Behind,8,Tuesday,20,False,False
201800008531,NonLethal,TwilightOrDawn,Yes,NoIntersection,Normal,2Vehicles-Side,2,Wednesday,19,False,False
201800055877,NonLethal,NightNoStreetLight,No,NoIntersection,Normal,Other,4,Sunday,0,True,True
201800025980,NonLethal,Daylight,Yes,NoIntersection,SnowOrHail,2Vehicles-Behind,3,Thursday,8,False,False
201800001439,Lethal,NightNoStreetLight,Yes,NoIntersection,LightRain,Other,8,Sunday,3,True,True
201800003260,NonLethal,Daylight,No,NoIntersection,Normal,NoCollision,10,Monday,10,False,False
201800000631,NonLethal,Daylight,Yes,NoIntersection,Normal,Other,6,Friday,11,False,False
201800029350,NonLethal,Daylight,Yes,NoIntersection,Normal,Other,5,Wednesday,8,False,False
201800021104,NonLethal,Daylight,Yes,X-type,VeryGood,2Vehicles-Side,6,Friday,11,False,False
201800018508,NonLethal,Daylight,Yes,NoIntersection,LightRain,2Vehicles-Behind,4,Monday,15,False,False
201800038190,Lethal,NightStreelightsOn,Yes,NoIntersection,Normal,Other,11,Wednesday,22,False,False
201800057487,NonLethal,Daylight,Yes,NoIntersection,Normal,Other,7,Friday,13,False,False
201800008150,NonLethal,Daylight,Yes,NoIntersection,Normal,2Vehicles-Side,3,Monday,8,False,False
201800040769,NonLethal,Daylight,Yes,Other,LightRain,Other,7,Friday,17,False,False
201800001691,NonLethal,TwilightOrDawn,No,Roundabout,LightRain,NoCollision,11,Sunday,6,True,True
201800030271,NonLethal,NightStreelightsOn,Yes,NoIntersection,Normal,Other,10,Friday,17,False,False
201800021615,NonLethal,NightNoStreetLight,No,NoIntersection,Normal,Other,6,Tuesday,3,False,True
201800005473,NonLethal,TwilightOrDawn,Yes,NoIntersection,Normal,2Vehicles-Side,10,Monday,18,False,False
201800045360,NonLethal,NightNoStreetLight,No,NoIntersection,Normal,2Vehicles-Behind,10,Monday,20,False,False
201800022352,NonLethal,NightNoStreetLight,No,NoIntersection,LightRain,NoCollision,6,Monday,4,False,True
201800018556,NonLethal,Daylight,No,Y-type,VeryGood,NoCollision,6,Friday,11,False,False
201800029434,NonLethal,NightStreelightsOn,Yes,NoIntersection,Normal,2Vehicles-Behind,11,Saturday,7,True,False
201800027252,NonLethal,Daylight,Yes,NoIntersection,Normal,2Vehicles-Side,4,Saturday,10,True,False
201800022466,NonLethal,NightStreelightsOn,Yes,NoIntersection,LightRain,Other,12,Sunday,6,True,True
201800056812,NonLethal,Daylight,No,Other,Normal,Other,12,Monday,11,False,False
201800016764,Lethal,Daylight,Yes,NoIntersection,Normal,NoCollision,4,Tuesday,18,False,False
201800023690,NonLethal,NightNoStreetLight,No,NoIntersection,Normal,3+Vehicles-Chain,12,Friday,23,False,False
201800055673,NonLethal,NightStreelightsOn,Yes,NoIntersection,Normal,Other,10,Sunday,1,True,True
201800025846,NonLethal,Daylight,Yes,T-type,Normal,2Vehicles-Side,2,Tuesday,8,False,False
201800052221,NonLethal,NightStreelightsOn,Yes,T-type,Normal,NoCollision,10,Thursday,23,False,False
201800019377,NonLethal,NightNoStreetLight,No,Roundabout,Normal,2Vehicles-Behind,1,Thursday,18,False,False
201800048354,NonLethal,Daylight,Yes,NoIntersection,Normal,2Vehicles-Side,6,Friday,6,False,True
201800015593,NonLethal,Daylight,No,NoIntersection,Normal,NoCollision,5,Tuesday,11,False,False
201800055010,NonLethal,NightStreelightsOn,Yes,NoIntersection,Normal,2Vehicles-BehindVehicles-Frontal,5,Sunday,0,True,True
201800016786,NonLethal,Daylight,No,NoIntersection,Normal,NoCollision,2,Thursday,16,False,False
201800017361,NonLethal,Daylight,Yes,NoIntersection,LightRain,2Vehicles-BehindVehicles-Frontal,1,Thursday,12,False,False
201800022172,NonLethal,Daylight,Yes,X-type,Normal,2Vehicles-Side,12,Friday,8,False,False
201800038595,NonLethal,NightStreelightsOn,Yes,X-type,Normal,NoCollision,6,Friday,23,False,False
201800012288,NonLethal,Daylight,No,NoIntersection,Normal,2Vehicles-BehindVehicles-Frontal,4,Sunday,18,True,False
201800047618,NonLethal,Daylight,Yes,NoIntersection,Normal,2Vehicles-Behind,7,Friday,10,False,False
201800015906,NonLethal,Daylight,No,NoIntersection,Normal,Other,6,Thursday,18,False,False
201800029508,NonLethal,Daylight,Yes,NoIntersection,Normal,Other,5,Friday,11,False,False
201800041440,NonLethal,Daylight,Yes,Roundabout,Overcast,2Vehicles-Side,5,Thursday,9,False,False
201800030540,NonLethal,Daylight,Yes,NoIntersection,Normal,NoCollision,3,Wednesday,18,False,False
201800026245,NonLethal,Daylight,Yes,NoIntersection,Normal,NoCollision,4,Monday,16,False,False
201800044499,NonLethal,NightNoStreetLight,No,NoIntersection,Normal,2Vehicles-Side,12,Saturday,3,True,True
201800026207,NonLethal,Daylight,No,NoIntersection,Normal,2Vehicles-BehindVehicles-Frontal,11,Saturday,10,True,False
201800013470,NonLethal,TwilightOrDawn,No,NoIntersection,Normal,2Vehicles-BehindVehicles-Frontal,12,Saturday,17,True,False
201800028288,NonLethal,NightStreelightsOn,Yes,T-type,Normal,Other,1,Monday,18,False,False
201800020407,NonLethal,Daylight,No,NoIntersection,Other,2Vehicles-Behind,11,Saturday,10,True,False
201800052438,NonLethal,Daylight,Yes,T-type,Overcast,Other,5,Sunday,11,True,False
201800013051,NonLethal,TwilightOrDawn,No,NoIntersection,Overcast,2Vehicles-BehindVehicles-Frontal,1,Thursday,8,False,False
201800047955,NonLethal,Daylight,No,NoIntersection,Normal,2Vehicles-Behind,8,Monday,9,False,False
201800044467,NonLethal,NightNoStreetLight,No,NoIntersection,Normal,Other,12,Thursday,6,False,True
201800051793,NonLethal,NightStreelightsOn,Yes,Square,Normal,Other,8,Wednesday,0,False,True
201800018502,NonLethal,Daylight,Yes,NoIntersection,Normal,2Vehicles-Side,1,Wednesday,15,False,False
201800043760,NonLethal,NightStreelightsOn,Yes,NoIntersection,Normal,2Vehicles-Side,7,Thursday,22,False,False
201800052297,NonLethal,NightStreelightsOn,Yes,NoIntersection,LightRain,Other,12,Sunday,22,True,False
201800000194,NonLethal,Daylight,No,NoIntersection,Normal,Other,10,Sunday,17,True,False
201800029710,NonLethal,Daylight,Yes,NoIntersection,Normal,Other,7,Sunday,7,True,False
201800023388,NonLethal,TwilightOrDawn,No,NoIntersection,Normal,2Vehicles-Side,7,Thursday,7,False,False
201800013519,Lethal,NightStreelightsOn,Yes,NoIntersection,Normal,Other,8,Sunday,4,True,True
201800016009,NonLethal,Daylight,No,NoIntersection,LightRain,2Vehicles-BehindVehicles-Frontal,1,Friday,11,False,False
201800015127,NonLethal,NightStreelightsOn,No,NoIntersection,Normal,2Vehicles-Behind,8,Sunday,23,True,False
201800050138,NonLethal,Daylight,No,NoIntersection,Normal,2Vehicles-Behind,11,Wednesday,9,False,False
201800033270,NonLethal,Daylight,Yes,NoIntersection,HeavyRain,Other,1,Tuesday,15,False,False
201800031409,NonLethal,Daylight,Yes,Y-type,Normal,NoCollision,4,Saturday,17,True,False
201800025693,NonLethal,Daylight,Yes,NoIntersection,Normal,2Vehicles-Behind,2,Tuesday,10,False,False
201800022239,NonLethal,Daylight,Yes,NoIntersection,Normal,3+Vehicles-Chain,4,Thursday,15,False,False
201800021736,NonLethal,Daylight,No,NoIntersection,LightRain,3+Vehicles-Chain,2,Monday,8,False,False
201800057264,NonLethal,Daylight,Yes,NoIntersection,Normal,2Vehicles-Side,7,Saturday,9,True,False
201800004764,NonLethal,Daylight,No,NoIntersection,LightRain,2Vehicles-BehindVehicles-Frontal,1,Tuesday,15,False,False
201800045953,NonLethal,Daylight,No,NoIntersection,Normal,2Vehicles-Behind,6,Tuesday,6,False,True
201800005619,NonLethal,Daylight,No,Roundabout,Normal,2Vehicles-Side,3,Monday,9,False,False
201800046188,NonLethal,TwilightOrDawn,Yes,NoIntersection,Normal,Other,10,Sunday,7,True,False
201800053412,NonLethal,Daylight,Yes,NoIntersection,Normal,2Vehicles-Behind,6,Thursday,14,False,False
201800001433,Lethal,Daylight,No,T-type,Normal,NoCollision,9,Monday,18,False,False
201800023095,NonLethal,Daylight,Yes,NoIntersection,Normal,Other,5,Tuesday,16,False,False
201800051622,NonLethal,NightStreelightsOn,Yes,Y-type,Normal,NoCollision,12,Wednesday,3,False,True
201800021763,NonLethal,NightNoStreetLight,No,NoIntersection,Normal,Other,9,Friday,2,False,True
201800031208,NonLethal,Daylight,Yes,NoIntersection,Normal,Other,8,Friday,13,False,False
201800039809,NonLethal,Daylight,Yes,NoIntersection,Normal,Other,4,Saturday,15,True,False
201800038370,NonLethal,Daylight,Yes,X-type,Normal,Other,6,Wednesday,9,False,False
201800045590,NonLethal,NightNoStreetLight,No,NoIntersection,LightRain,3+Vehicles-Chain,12,Saturday,7,True,False
201800029348,NonLethal,Daylight,Yes,NoIntersection,Normal,3+Vehicles-Chain,1,Wednesday,16,False,False
201800026157,NonLethal,NightStreelightsOn,Yes,NoIntersection,FogOrSmoke,Other,11,Thursday,4,False,True
201800029197,NonLethal,Daylight,Yes,NoIntersection,Normal,2Vehicles-Behind,2,Thursday,14,False,False
201800039474,NonLethal,NightStreelightsOn,Yes,Roundabout,Normal,NoCollision,4,Friday,23,False,False
201800005312,NonLethal,NightStreelightsOn,Yes,NoIntersection,LightRain,Other,11,Monday,17,False,False
201800003620,NonLethal,Daylight,Yes,NoIntersection,HeavyRain,Other,7,Thursday,19,False,False
201800011493,NonLethal,Daylight,No,NoIntersection,VeryGood,2Vehicles-BehindVehicles-Frontal,5,Monday,11,False,False
201800017495,NonLethal,Daylight,No,X-type,VeryGood,2Vehicles-Side,6,Saturday,18,True,False
201800010189,NonLethal,Daylight,Yes,Other,LightRain,2Vehicles-Side,12,Thursday,14,False,False
201800039951,NonLethal,Daylight,Yes,Other,Normal,Other,2,Friday,9,False,False
201800033565,NonLethal,NightNoStreetLight,Yes,NoIntersection,LightRain,3+Vehicles-Chain,10,Saturday,19,True,False
201800023896,NonLethal,Daylight,Yes,X-type,Normal,Other,4,Thursday,18,False,False
201800010415,Lethal,NightNoStreetLight,No,NoIntersection,Normal,Other,9,Wednesday,4,False,True
201800043106,NonLethal,Daylight,Yes,T-type,Normal,Other,2,Sunday,11,True,False
201800029202,NonLethal,NightStreelightsOff,Yes,T-type,Normal,3+Vehicles-Multiple,2,Thursday,20,False,False
201800054277,NonLethal,NightStreelightsOn,Yes,NoIntersection,Normal,3+Vehicles-Multiple,11,Friday,20,False,False
201800011457,NonLethal,Daylight,No,NoIntersection,VeryGood,NoCollision,6,Sunday,13,True,False
201800014608,NonLethal,Daylight,Yes,NoIntersection,Normal,Other,4,Sunday,10,True,False
201800019350,Lethal,Daylight,No,NoIntersection,Other,2Vehicles-BehindVehicles-Frontal,5,Monday,9,False,False
201800033057,NonLethal,Daylight,Yes,NoIntersection,Normal,Other,12,Friday,9,False,False
201800056412,Lethal,Daylight,No,NoIntersection,Normal,Other,8,Sunday,4,True,True
201800043776,NonLethal,Daylight,No,NoIntersection,Overcast,2Vehicles-Side,1,Friday,9,False,False
201800043337,NonLethal,Daylight,Yes,NoIntersection,Normal,2Vehicles-Side,7,Sunday,19,True,False
201800021648,NonLethal,NightStreelightsOn,Yes,X-type,Normal,2Vehicles-BehindVehicles-Frontal,9,Saturday,21,True,False
201800017465,NonLethal,NightNoStreetLight,No,NoIntersection,LightRain,2Vehicles-BehindVehicles-Frontal,1,Friday,7,False,False
201800052162,NonLethal,Daylight,Yes,Square,Normal,2Vehicles-Side,9,Saturday,19,True,False
201800045361,NonLethal,NightNoStreetLight,No,NoIntersection,Normal,NoCollision,10,Monday,19,False,False
201800015038,NonLethal,Daylight,No,NoIntersection,Normal,Other,7,Thursday,9,False,False
201800037165,NonLethal,Daylight,Yes,NoIntersection,Normal,2Vehicles-Side,8,Wednesday,10,False,False
201800039221,NonLethal,Daylight,Yes,NoIntersection,LightRain,Other,1,Wednesday,11,False,False
201800046556,NonLethal,Daylight,No,NoIntersection,Normal,3+Vehicles-Multiple,5,Wednesday,9,False,False
201800048169,NonLethal,Daylight,Yes,X-type,Normal,2Vehicles-Side,6,Monday,14,False,False
201800040056,NonLethal,NightStreelightsOn,Yes,MoreThan4Branches,Normal,2Vehicles-Side,8,Sunday,5,True,True
201800017185,NonLethal,NightNoStreetLight,No,NoIntersection,Normal,2Vehicles-Side,12,Friday,20,False,False
201800014127,NonLethal,Daylight,No,Other,Normal,NoCollision,9,Friday,12,False,False
201800040676,NonLethal,Daylight,Yes,NoIntersection,Normal,NoCollision,5,Saturday,16,True,False
201800034369,NonLethal,Daylight,Yes,NoIntersection,Normal,2Vehicles-Behind,4,Sunday,15,True,False
201800003578,NonLethal,NightNoStreetLight,No,Y-type,Normal,2Vehicles-Side,10,Friday,22,False,False
201800008358,NonLethal,TwilightOrDawn,Yes,NoIntersection,Normal,2Vehicles-Behind,1,Tuesday,17,False,False
201800019884,NonLethal,NightNoStreetLight,No,NoIntersection,SnowOrHail,NoCollision,1,Tuesday,22,False,False
201800006395,NonLethal,Daylight,Yes,NoIntersection,Normal,2Vehicles-Behind,9,Saturday,19,True,False
201800057684,NonLethal,TwilightOrDawn,Yes,NoIntersection,Other,3+Vehicles-Multiple,7,Saturday,6,True,True
201800019767,NonLethal,Daylight,Yes,NoIntersection,Normal,Other,10,Monday,8,False,False
201800015764,Lethal,Daylight,No,NoIntersection,Normal,2Vehicles-BehindVehicles-Frontal,9,Tuesday,14,False,False
201800010130,NonLethal,Daylight,Yes,NoIntersection,LightRain,2Vehicles-Behind,11,Friday,11,False,False
201800029145,NonLethal,NightStreelightsOn,No,NoIntersection,Overcast,2Vehicles-BehindVehicles-Frontal,11,Monday,6,False,True
201800013286,NonLethal,Daylight,No,NoIntersection,Normal,Other,2,Saturday,8,True,False
201800014117,NonLethal,TwilightOrDawn,Yes,NoIntersection,LightRain,2Vehicles-BehindVehicles-Frontal,12,Friday,17,False,False
201800013526,NonLethal,NightNoStreetLight,No,NoIntersection,LightRain,Other,4,Thursday,19,False,False
201800037094,NonLethal,Daylight,Yes,X-type,Normal,Other,3,Friday,16,False,False
201800022555,NonLethal,Daylight,Yes,Roundabout,Normal,2Vehicles-Side,3,Saturday,12,True,False
201800018650,NonLethal,Daylight,Yes,Other,Normal,2Vehicles-Side,2,Monday,12,False,False
201800015376,NonLethal,Daylight,No,NoIntersection,Normal,Other,3,Thursday,16,False,False
201800051039,NonLethal,Daylight,Yes,Square,Normal,Other,9,Tuesday,12,False,False
201800004849,NonLethal,TwilightOrDawn,No,NoIntersection,Normal,2Vehicles-BehindVehicles-Frontal,1,Monday,8,False,False
201800048742,NonLethal,Daylight,Yes,Other,LightRain,2Vehicles-Side,10,Friday,12,False,False
201800013705,NonLethal,Daylight,Yes,NoIntersection,Normal,Other,4,Friday,12,False,False
201800051913,NonLethal,Daylight,Yes,T-type,LightRain,NoCollision,1,Saturday,10,True,False
201800017978,NonLethal,Daylight,No,NoIntersection,Normal,Other,1,Sunday,15,True,False
201800004752,NonLethal,Daylight,Yes,NoIntersection,Normal,Other,5,Sunday,17,True,False
201800016875,NonLethal,Daylight,Yes,T-type,Normal,2Vehicles-Side,9,Tuesday,16,False,False
201800031212,NonLethal,NightStreelightsOn,Yes,NoIntersection,Normal,Other,3,Thursday,6,False,True
201800036447,NonLethal,Daylight,Yes,NoIntersection,Normal,Other,6,Friday,18,False,False
201800010780,NonLethal,Daylight,Yes,Roundabout,VeryGood,3+Vehicles-Chain,10,Friday,16,False,False
201800050269,NonLethal,Daylight,Yes,X-type,Normal,NoCollision,5,Wednesday,20,False,False
201800029924,NonLethal,Daylight,Yes,X-type,Normal,2Vehicles-Side,9,Monday,7,False,False
201800017546,NonLethal,NightNoStreetLight,No,NoIntersection,Normal,3+Vehicles-Multiple,12,Thursday,17,False,False
201800022902,NonLethal,Daylight,No,NoIntersection,Normal,2Vehicles-Behind,1,Thursday,8,False,False
201800052777,NonLethal,Daylight,Yes,NoIntersection,Normal,2Vehicles-Side,7,Thursday,13,False,False
201800004695,NonLethal,Daylight,No,NoIntersection,Normal,2Vehicles-Behind,8,Thursday,14,False,False
201800045832,NonLethal,TwilightOrDawn,No,NoIntersection,Normal,Other,4,Tuesday,5,False,True
201800046801,NonLethal,Daylight,No,NoIntersection,Normal,2Vehicles-Behind,11,Thursday,9,False,False
201800011051,NonLethal,Daylight,Yes,T-type,Normal,2Vehicles-BehindVehicles-Frontal,4,Sunday,9,True,False
201800050389,NonLethal,Daylight,Yes,NoIntersection,Normal,2Vehicles-Behind,9,Thursday,13,False,False
201800010351,NonLethal,NightNoStreetLight,No,NoIntersection,Normal,3+Vehicles-Multiple,7,Sunday,1,True,True
201800000117,NonLethal,Daylight,No,NoIntersection,VeryGood,Other,5,Tuesday,18,False,False
201800003403,Lethal,Daylight,No,NoIntersection,Normal,Other,9,Tuesday,16,False,False
201800043578,NonLethal,Daylight,Yes,NoIntersection,Normal,2Vehicles-Side,8,Monday,18,False,False
201800048957,NonLethal,Daylight,No,NoIntersection,Normal,2Vehicles-Behind,7,Wednesday,8,False,False
201800001371,NonLethal,NightNoStreetLight,No,NoIntersection,Normal,NoCollision,8,Sunday,1,True,True
201800015051,NonLethal,Daylight,No,NoIntersection,Normal,2Vehicles-Side,10,Thursday,13,False,False
201800031151,NonLethal,Daylight,Yes,Roundabout,Normal,NoCollision,6,Tuesday,10,False,False
201800031342,Lethal,Daylight,No,NoIntersection,Normal,Other,11,Sunday,10,True,False
201800009920,NonLethal,Daylight,Yes,NoIntersection,Overcast,2Vehicles-Side,10,Tuesday,17,False,False
201800009290,NonLethal,Daylight,Yes,T-type,Normal,2Vehicles-Side,4,Saturday,7,True,False
201800005232,NonLethal,Daylight,Yes,NoIntersection,Normal,2Vehicles-Side,5,Thursday,18,False,False
201800005350,NonLethal,Daylight,Yes,NoIntersection,Normal,NoCollision,3,Saturday,16,True,False
201800001767,NonLethal,Daylight,No,NoIntersection,Normal,2Vehicles-Side,4,Thursday,14,False,False
201800036780,NonLethal,Daylight,Yes,Roundabout,VeryGood,Other,4,Sunday,18,True,False
201800031045,NonLethal,Daylight,Yes,NoIntersection,Normal,2Vehicles-Side,8,Friday,14,False,False
201800026109,NonLethal,Daylight,Yes,T-type,Overcast,2Vehicles-Side,5,Tuesday,13,False,False
201800031002,NonLethal,Daylight,Yes,NoIntersection,Normal,Other,6,Wednesday,11,False,False
201800005962,NonLethal,Daylight,No,Other,Normal,Other,9,Monday,18,False,False
201800035251,NonLethal,NightStreelightsOn,Yes,T-type,Normal,2Vehicles-Side,6,Thursday,23,False,False
201800022169,NonLethal,NightStreelightsOn,Yes,T-type,LightRain,2Vehicles-Side,12,Thursday,19,False,False
201800056230,NonLethal,Daylight,Yes,NoIntersection,Normal,Other,5,Tuesday,10,False,False
201800053961,NonLethal,TwilightOrDawn,Yes,T-type,LightRain,3+Vehicles-Chain,3,Monday,16,False,False
201800015242,NonLethal,NightNoStreetLight,No,NoIntersection,Normal,Other,8,Thursday,2,False,True
201800034411,Lethal,NightNoStreetLight,No,NoIntersection,Normal,2Vehicles-Behind,6,Monday,23,False,False
201800034393,NonLethal,Daylight,No,X-type,Normal,2Vehicles-Side,5,Friday,14,False,False
201800048414,NonLethal,Daylight,Yes,X-type,Normal,3+Vehicles-Multiple,7,Monday,14,False,False
201800050117,NonLethal,Daylight,No,NoIntersection,Normal,NoCollision,11,Tuesday,9,False,False
201800016152,NonLethal,TwilightOrDawn,Yes,NoIntersection,LightRain,2Vehicles-BehindVehicles-Frontal,1,Tuesday,7,False,False
201800003597,NonLethal,NightStreelightsOn,Yes,T-type,Normal,2Vehicles-Side,1,Monday,18,False,False
201800050074,NonLethal,NightNoStreetLight,No,NoIntersection,Normal,Other,10,Sunday,6,True,True
201800007337,NonLethal,Daylight,Yes,NoIntersection,Normal,Other,6,Tuesday,17,False,False
201800012869,NonLethal,Daylight,Yes,Roundabout,Normal,2Vehicles-Behind,9,Wednesday,15,False,False
201800023748,NonLethal,TwilightOrDawn,Yes,Roundabout,VeryGood,2Vehicles-Side,3,Thursday,18,False,False
201800006671,NonLethal,NightNoStreetLight,No,NoIntersection,Normal,Other,9,Saturday,21,True,False
201800027188,NonLethal,TwilightOrDawn,Yes,NoIntersection,Normal,2Vehicles-Side,3,Wednesday,18,False,False
201800024976,NonLethal,Daylight,Yes,X-type,Normal,Other,10,Friday,15,False,False
201800021694,NonLethal,Daylight,No,Other,Normal,2Vehicles-Behind,10,Sunday,12,True,False
201800056433,NonLethal,NightStreelightsOn,Yes,NoIntersection,Normal,2Vehicles-BehindVehicles-Frontal,12,Wednesday,20,False,False
201800020245,NonLethal,Daylight,Yes,NoIntersection,Normal,Other,6,Monday,9,False,False
201800006352,NonLethal,Daylight,No,NoIntersection,Normal,3+Vehicles-Chain,2,Tuesday,10,False,False
201800048405,NonLethal,TwilightOrDawn,Yes,NoIntersection,Normal,Other,7,Friday,21,False,False