AccidentId,Gravity,Light,InAgglomeration,IntersectionType,Weather,CollisionType,Month,DayOfWeek,HourOfDay,IsWeekend,IsNight
201800057449,NonLethal,Daylight,Yes,NoIntersection,Normal,3+Vehicles-Multiple,3,Monday,7,False,False
201800050791,NonLethal,Daylight,Yes,X-type,Normal,2Vehicles-Side,11,Thursday,19,False,False
201800008595,NonLethal,TwilightOrDawn,No,Roundabout,LightRain,NoCollision,2,Sunday,6,True,True
201800047224,NonLethal,Daylight,Yes,T-type,Normal,2Vehicles-Behind,6,Friday,19,False,False
201800054717,NonLethal,NightStreelightsOn,Yes,NoIntersection,Normal,2Vehicles-Side,9,Wednesday,2,False,True
201800031899,NonLethal,Daylight,Yes,NoIntersection,Normal,Other,1,Tuesday,18,False,False
201800020613,NonLethal,Daylight,Yes,Other,Normal,2Vehicles-Side,8,Friday,12,False,False
201800043720,NonLethal,Daylight,Yes,T-type,Normal,2Vehicles-Side,10,Tuesday,9,False,False
201800039837,NonLethal,Daylight,Yes,Roundabout,Normal,Other,9,Thursday,8,False,False
201800028910,NonLethal,Daylight,Yes,X-type,Normal,Other,4,Monday,8,False,False
201800041001,NonLethal,NightStreelightsOn,Yes,Y-type,Normal,2Vehicles-Side,12,Saturday,22,True,False
201800046027,NonLethal,NightStreelightsOff,No,NoIntersection,Normal,2Vehicles-Side,4,Sunday,23,True,False
201800046079,NonLethal,Daylight,No,NoIntersection,Normal,3+Vehicles-Multiple,11,Friday,17,False,False
201800050451,NonLethal,Daylight,Yes,NoIntersection,Normal,2Vehicles-Behind,5,Thursday,8,False,False
201800011100,NonLethal,Daylight,No,NoIntersection,Normal,Other,7,Tuesday,15,False,False
201800057410,NonLethal,Daylight,Yes,NoIntersection,Normal,2Vehicles-BehindVehicles-Frontal,2,Wednesday,9,False,False
201800006147,Lethal,TwilightOrDawn,No,NoIntersection,FogOrSmoke,3+Vehicles-Multiple,11,Friday,7,False,False
201800041335,NonLethal,NightStreelightsOn,Yes,X-type,Normal,2Vehicles-Side,6,Sunday,22,True,False
201800044754,NonLethal,Daylight,No,NoIntersection,Normal,2Vehicles-Side,10,Thursday,9,False,False
201800009407,NonLethal,NightStreelightsOn,Yes,NoIntersection,Normal,Other,7,Saturday,1,True,True
201800041709,NonLethal,NightStreelightsOff,Yes,T-type,HeavyRain,Other,1,Tuesday,17,False,False
201800051785,NonLethal,Daylight,Yes,X-type,Normal,2Vehicles-Side,7,Thursday,9,False,False
201800018217,NonLethal,NightNoStreetLight,No,NoIntersection,Normal,Other,7,Monday,3,False,True
201800014109,Lethal,NightNoStreetLight,No,NoIntersection,Normal,3+Vehicles-Multiple,9,Friday,21,False,False
201800007755,NonLethal,Daylight,Yes,T-type,Normal,Other,5,Tuesday,12,False,False
201800013919,Lethal,Daylight,No,NoIntersection,LightRain,Other,4,Monday,15,False,False
201800006848,NonLethal,NightNoStreetLight,No,NoIntersection,Normal,2Vehicles-Behind,1,Monday,4,False,True
201800006418,NonLethal,Daylight,No,NoIntersection,LightRain,Other,1,Saturday,14,True,False
201800004277,NonLethal,Daylight,Yes,Roundabout,Normal,2Vehicles-Side,6,Sunday,9,True,False
201800036287,NonLethal,Daylight,Yes,NoIntersection,Normal,Other,10,Saturday,14,True,False
201800009728,NonLethal,Daylight,Yes,NoIntersection,Normal,2Vehicles-Side,9,Tuesday,8,False,False
201800023413,NonLethal,NightNoStreetLight,No,NoIntersection,Normal,2Vehicles-Side,12,Saturday,1,True,True
201800002690,NonLethal,Daylight,Yes,NoIntersection,Normal,Other,3,Saturday,10,True,False
201800057337,NonLethal,Daylight,Yes,NoIntersection,Normal,Other,7,Friday,13,False,False
201800032214,NonLethal,Daylight,Yes,X-type,Normal,2Vehicles-Side,1,Saturday,13,True,False
201800029260,NonLethal,Daylight,No,NoIntersection,Normal,3+Vehicles-Multiple,6,Wednesday,14,False,False
201800027067,NonLethal,NightStreelightsOn,No,NoIntersection,Normal,2Vehicles-Behind,7,Wednesday,7,False,False
201800038004,NonLethal,TwilightOrDawn,Yes,NoIntersection,Normal,Other,7,Tuesday,20,False,False
201800007261,NonLethal,Daylight,No,NoIntersection,Normal,2Vehicles-Behind,6,Tuesday,6,False,True
201800045533,NonLethal,Daylight,No,NoIntersection,Normal,Other,3,Monday,9,False,False
201800044050,NonLethal,Daylight,No,NoIntersection,Normal,3+Vehicles-Chain,12,Thursday,10,False,False
201800047856,NonLethal,Daylight,Yes,NoIntersection,Normal,3+Vehicles-Chain,12,Friday,8,False,False
201800016408,NonLethal,NightStreelightsOn,Yes,NoIntersection,LightRain,Other,1,Monday,8,False,False
201800054076,NonLethal,Daylight,Yes,NoIntersection,Normal,2Vehicles-Side,4,Thursday,17,False,False
201800032633,NonLethal,Daylight,Yes,Roundabout,Normal,2Vehicles-Side,11,Friday,13,False,False
201800047632,NonLethal,Daylight,Yes,NoIntersection,Normal,2Vehicles-Behind,2,Thursday,8,False,False
201800011366,NonLethal,Daylight,No,NoIntersection,HeavyRain,Other,10,Sunday,17,True,False
201800032387,NonLethal,Daylight,Yes,NoIntersection,Normal,Other,3,Wednesday,7,False,False
201800008387,NonLethal,Daylight,Yes,NoIntersection,Normal,3+Vehicles-Chain,1,Monday,9,False,False
201800008104,NonLethal,NightNoStreetLight,Yes,NoIntersection,LightRain,NoCollision,12,Sunday,21,True,False
201800055592,NonLethal,Daylight,Yes,NoIntersection,Normal,3+Vehicles-Chain,9,Wednesday,14,False,False
201800024780,NonLethal,Daylight,Yes,Other,Normal,2Vehicles-Side,5,Sunday,8,True,False
201800010187,NonLethal,TwilightOrDawn,Yes,NoIntersection,LightRain,Other,12,Thursday,16,False,False
201800049935,NonLethal,Daylight,No,NoIntersection,Normal,2Vehicles-Behind,6,Thursday,15,False,False
201800015922,NonLethal,Daylight,No,NoIntersection,Normal,2Vehicles-BehindVehicles-Frontal,9,Wednesday,11,False,False
201800025946,NonLethal,Daylight,No,Other,Normal,2Vehicles-Side,10,Tuesday,15,False,False
201800042155,NonLethal,Daylight,Yes,X-type,Normal,Other,4,Thursday,20,False,False
201800000482,NonLethal,TwilightOrDawn,Yes,X-type,Normal,2Vehicles-BehindVehicles-Frontal,6,Saturday,7,True,False
201800056254,NonLethal,NightStreelightsOn,Yes,NoIntersection,Normal,3+Vehicles-Chain,3,Wednesday,19,False,False
201800029128,Lethal,Daylight,Yes,NoIntersection,Normal,Other,8,Thursday,15,False,False
201800038796,NonLethal,Daylight,Yes,NoIntersection,Normal,2Vehicles-Side,1,Sunday,12,True,False
201800045632,NonLethal,NightNoStreetLight,No,NoIntersection,Normal,Other,6,Friday,3,False,True
201800031457,NonLethal,Daylight,Yes,Y-type,Normal,2Vehicles-Side,10,Sunday,15,True,False
201800053667,NonLethal,NightStreelightsOn,Yes,Y-type,LightRain,NoCollision,1,Monday,17,False,False
201800019539,NonLethal,NightStreelightsOn,Yes,NoIntersection,LightRain,Other,12,Monday,20,False,False
201800018537,NonLethal,Daylight,No,NoIntersection,Normal,2Vehicles-BehindVehicles-Frontal,8,Saturday,15,True,False
201800045401,NonLethal,NightNoStreetLight,No,NoIntersection,LightRain,3+Vehicles-Multiple,10,Wednesday,19,False,False
201800056251,NonLethal,Daylight,Yes,NoIntersection,LightRain,Other,5,Friday,17,False,False
201800014318,NonLethal,NightStreelightsOn,Yes,NoIntersection,Normal,Other,10,Wednesday,5,False,True
201800048892,NonLethal,Daylight,No,NoIntersection,Normal,2Vehicles-Side,9,Wednesday,19,False,False
201800017311,Lethal,TwilightOrDawn,No,NoIntersection,Normal,Other,8,Saturday,5,True,True
201800012645,NonLethal,Daylight,No,NoIntersection,Normal,2Vehicles-Behind,9,Sunday,18,True,False
201800007804,NonLethal,NightStreelightsOn,Yes,Roundabout,Normal,Other,10,Saturday,0,True,True
201800014037,NonLethal,Daylight,Yes,Roundabout,Normal,2Vehicles-Side,9,Friday,15,False,False
201800039465,NonLethal,Daylight,Yes,NoIntersection,Normal,2Vehicles-Side,2,Saturday,12,True,False
201800012489,NonLethal,Daylight,Yes,NoIntersection,Normal,Other,6,Thursday,9,False,False
201800016841,Lethal,Daylight,No,NoIntersection,LightRain,NoCollision,3,Friday,14,False,False
201800030592,NonLethal,Daylight,Yes,T-type,Normal,NoCollision,7,Tuesday,16,False,False
201800040664,NonLethal,Daylight,Yes,NoIntersection,Normal,2Vehicles-BehindVehicles-Frontal,4,Saturday,11,True,False
201800020260,NonLethal,Daylight,Yes,NoIntersection,Normal,2Vehicles-BehindVehicles-Frontal,9,Tuesday,18,False,False
201800005309,NonLethal,Daylight,Yes,NoIntersection,Normal,2Vehicles-Behind,11,Saturday,16,True,False
201800012570,NonLethal,Daylight,No,NoIntersection,Normal,Other,3,Monday,15,False,False
201800042832,NonLethal,Daylight,Yes,NoIntersection,Normal,Other,3,Sunday,14,True,False
201800030854,NonLethal,Daylight,Yes,NoIntersection,Normal,2Vehicles-Side,8,Thursday,9,False,False
201800011692,NonLethal,Daylight,Yes,NoIntersection,Normal,2Vehicles-BehindVehicles-Frontal,9,Saturday,18,True,False
201800045317,NonLethal,NightNoStreetLight,No,NoIntersection,Normal,3+Vehicles-Multiple,12,Monday,6,False,True
201800032359,NonLethal,NightStreelightsOn,Yes,NoIntersection,LightRain,Other,1,Tuesday,7,False,False
201800022082,NonLethal,NightStreelightsOn,Yes,NoIntersection,Normal,Other,10,Sunday,22,True,False
201800003836,NonLethal,Daylight,No,NoIntersection,Normal,2Vehicles-Side,10,Saturday,15,True,False
201800019378,NonLethal,NightStreelightsOn,No,Roundabout,Normal,NoCollision,5,Sunday,0,True,True
201800028817,NonLethal,Daylight,Yes,T-type,Normal,NoCollision,2,Saturday,13,True,False
201800007109,NonLethal,Daylight,Yes,Other,Normal,2Vehicles-Side,1,Tuesday,9,False,False
201800050187,NonLethal,NightStreelightsOn,No,NoIntersection,LightRain,2Vehicles-Behind,12,Wednesday,18,False,False
201800040672,NonLethal,Daylight,Yes,NoIntersection,Normal,Other,10,Friday,11,False,False
201800019653,NonLethal,Daylight,No,NoIntersection,Normal,3+Vehicles-Multiple,5,Sunday,11,True,False
201800027414,NonLethal,Daylight,Yes,NoIntersection,Normal,NoCollision,9,Sunday,12,True,False
201800048794,NonLethal,Daylight,No,NoIntersection,LightRain,2Vehicles-Behind,10,Monday,8,False,False
201800041068,NonLethal,Daylight,Yes,NoIntersection,Normal,Other,10,Tuesday,8,False,False
201800022337,NonLethal,Daylight,Yes,Roundabout,Normal,Other,5,Wednesday,7,False,False
201800011645,Lethal,TwilightOrDawn,No,NoIntersection,Normal,Other,6,Wednesday,6,False,True
201800000557,NonLethal,Daylight,No,Other,Normal,2Vehicles-Side,11,Thursday,15,False,False
201800039545,NonLethal,Daylight,Yes,NoIntersection,Normal,2Vehicles-Behind,1,Friday,15,False,False
201800001694,NonLethal,TwilightOrDawn,No,NoIntersection,Normal,Other,4,Monday,19,False,False
201800034664,NonLethal,NightStreelightsOn,Yes,X-type,Other,3+Vehicles-Multiple,12,Friday,19,False,False
201800027604,NonLethal,Daylight,Yes,NoIntersection,Normal,NoCollision,7,Thursday,19,False,False
201800025027,NonLethal,Daylight,Yes,NoIntersection,FogOrSmoke,2Vehicles-Behind,11,Thursday,13,False,False
201800043202,NonLethal,NightStreelightsOn,Yes,NoIntersection,LightRain,Other,4,Monday,20,False,False
201800055689,NonLethal,TwilightOrDawn,Yes,NoIntersection,Overcast,2Vehicles-Side,7,Wednesday,17,False,False
201800026071,NonLethal,Daylight,Yes,X-type,LightRain,2Vehicles-Side,12,Monday,16,False,False
201800001072,NonLethal,Daylight,No,NoIntersection,Normal,2Vehicles-Side,6,Wednesday,16,False,False
201800037611,NonLethal,Daylight,Yes,NoIntersection,Normal,2Vehicles-Behind,6,Wednesday,15,False,False
201800050934,NonLethal,Daylight,Yes,T-type,Normal,2Vehicles-Behind,10,Thursday,13,False,False
201800003295,NonLethal,NightNoStreetLight,No,NoIntersection,Normal,Other,9,Friday,5,False,True
201800022846,NonLethal,Daylight,Yes,Roundabout,Normal,2Vehicles-Side,11,Wednesday,17,False,False
201800038064,NonLethal,NightStreelightsOn,Yes,T-type,Normal,2Vehicles-Side,12,Saturday,6,True,True
201800012376,NonLethal,Daylight,No,Y-type,Normal,2Vehicles-Side,5,Friday,8,False,False
201800015701,NonLethal,Daylight,Yes,NoIntersection,Normal,2Vehicles-BehindVehicles-Frontal,9,Saturday,18,True,False
201800004334,Lethal,Daylight,No,NoIntersection,Normal,Other,2,Thursday,10,False,False
201800034241,NonLethal,Daylight,Yes,NoIntersection,Normal,2Vehicles-Behind,7,Monday,12,False,False
201800048055,NonLethal,Daylight,Yes,X-type,Normal,Other,1,Sunday,11,True,False
201800020968,NonLethal,Daylight,Yes,NoIntersection,Normal,NoCollision,7,Wednesday,16,False,False
201800019771,NonLethal,Daylight,Yes,NoIntersection,Normal,Other,10,Thursday,11,False,False
201800055486,NonLethal,NightStreelightsOn,Yes,NoIntersection,Normal,Other,7,Saturday,3,True,True
201800025217,NonLethal,Daylight,Yes,NoIntersection,Normal,NoCollision,1,Friday,12,False,False
201800041448,NonLethal,Daylight,No,NoIntersection,Normal,3+Vehicles-Chain,6,Wednesday,16,False,False
201800048818,NonLethal,NightNoStreetLight,No,NoIntersection,Normal,2Vehicles-Behind,2,Sunday,21,True,False
201800037510,NonLethal,Daylight,Yes,X-type,LightRain,Other,10,Tuesday,8,False,False
201800047644,NonLethal,Daylight,Yes,NoIntersection,Normal,2Vehicles-Side,5,Monday,10,False,False
201800016787,NonLethal,Daylight,No,NoIntersection,Normal,NoCollision,8,Saturday,8,True,False
201800040993,NonLethal,Daylight,Yes,NoIntersection,Normal,2Vehicles-Behind,12,Thursday,8,False,False
201800023013,NonLethal,Daylight,Yes,NoIntersection,Normal,2Vehicles-Side,4,Monday,19,False,False
201800027546,NonLethal,Daylight,Yes,NoIntersection,Normal,NoCollision,12,Tuesday,19,False,False
201800020089,NonLethal,Daylight,No,NoIntersection,Normal,NoCollision,7,Thursday,15,False,False
201800050830,NonLethal,Daylight,Yes,Square,HeavyRain,2Vehicles-Side,2,Saturday,14,True,False
201800010418,NonLethal,Daylight,Yes,T-type,Normal,2Vehicles-Side,3,Saturday,10,True,False
201800043829,NonLethal,Daylight,No,NoIntersection,Normal,2Vehicles-Behind,2,Sunday,9,True,False
201800054477,NonLethal,TwilightOrDawn,Yes,X-type,Normal,2Vehicles-Side,7,Wednesday,21,False,False
201800022639,NonLethal,NightStreelightsOn,Yes,T-type,Normal,2Vehicles-Side,12,Wednesday,21,False,False
201800017009,NonLethal,Daylight,Yes,NoIntersection,Normal,2Vehicles-BehindVehicles-Frontal,5,Tuesday,18,False,False
201800051358,NonLethal,Daylight,Yes,T-type,Normal,Other,4,Friday,16,False,False
201800015060,NonLethal,Daylight,Yes,T-type,Normal,2Vehicles-Side,4,Saturday,16,True,False
201800050688,NonLethal,NightStreelightsOn,Yes,NoIntersection,Normal,Other,12,Wednesday,1,False,True
201800007327,NonLethal,Daylight,Yes,X-type,Normal,2Vehicles-Side,5,Thursday,20,False,False
201800022898,NonLethal,Daylight,Yes,NoIntersection,Normal,Other,1,Wednesday,9,False,False
201800035844,NonLethal,NightStreelightsOn,Yes,X-type,Overcast,2Vehicles-Side,1,Sunday,18,True,False
201800026308,NonLethal,NightStreelightsOn,Yes,NoIntersection,Normal,2Vehicles-BehindVehicles-Frontal,3,Saturday,3,True,True
201800056829,NonLethal,Daylight,Yes,NoIntersection,Normal,Other,1,Wednesday,16,False,False
201800026297,NonLethal,Daylight,Yes,Y-type,Normal,2Vehicles-BehindVehicles-Frontal,2,Wednesday,8,False,False
201800046753,NonLethal,Daylight,No,NoIntersection,Normal,2Vehicles-Side,10,Sunday,14,True,False
201800006346,NonLethal,Daylight,No,NoIntersection,Overcast,3+Vehicles-Chain,1,Tuesday,11,False,False
201800030772,NonLethal,Daylight,Yes,NoIntersection,Normal,3+Vehicles-Multiple,3,Monday,16,False,False
201800012510,NonLethal,Daylight,No,NoIntersection,Normal,3+Vehicles-Multiple,1,Monday,14,False,False
201800048022,NonLethal,NightStreelightsOn,Yes,X-type,Normal,2Vehicles-Side,11,Thursday,17,False,False
201800052178,NonLethal,TwilightOrDawn,Yes,Roundabout,Normal,NoCollision,9,Friday,19,False,False
201800007093,NonLethal,Daylight,Yes,Roundabout,Normal,2Vehicles-Behind,10,Friday,18,False,False
201800000015,NonLethal,NightNoStreetLight,No,NoIntersection,Normal,Other,10,Wednesday,19,False,False
201800054174,NonLethal,Daylight,Yes,NoIntersection,Normal,2Vehicles-Behind,3,Thursday,8,False,False
201800013299,Lethal,NightNoStreetLight,No,NoIntersection,Overcast,Other,11,Sunday,17,True,False
201800038248,NonLethal,Daylight,Yes,NoIntersection,LightRain,Other,12,Wednesday,12,False,False
201800018798,NonLethal,Daylight,No,NoIntersection,Normal,Other,2,Friday,13,False,False
201800015818,NonLethal,Daylight,No,MoreThan4Branches,HeavyRain,2Vehicles-Side,9,Friday,18,False,False
201800025199,NonLethal,Daylight,Yes,NoIntersection,LightRain,NoCollision,1,Saturday,13,True,False
201800029042,NonLethal,NightStreelightsOff,Yes,NoIntersection,LightRain,2Vehicles-Side,1,Tuesday,18,False,False
201800047147,NonLethal,Daylight,No,NoIntersection,LightRain,NoCollision,12,Monday,9,False,False
201800015401,NonLethal,Daylight,No,Y-type,FogOrSmoke,Other,10,Wednesday,11,False,False
201800049052,NonLethal,NightNoStreetLight,No,NoIntersection,Normal,2Vehicles-Behind,11,Sunday,2,True,True
201800009231,NonLethal,Daylight,Yes,NoIntersection,Normal,2Vehicles-Side,6,Monday,16,False,False
201800049624,NonLethal,NightNoStreetLight,No,NoIntersection,Normal,2Vehicles-Behind,1,Monday,7,False,False
201800001370,NonLethal,Daylight,Yes,NoIntersection,Normal,Other,6,Saturday,19,True,False
201800020062,NonLethal,NightNoStreetLight,No,NoIntersection,Normal,2Vehicles-Behind,3,Friday,21,False,False
201800049929,NonLethal,Daylight,No,NoIntersection,Normal,2Vehicles-Behind,2,Wednesday,18,False,False
201800026485,NonLethal,Daylight,Yes,NoIntersection,Normal,Other,9,Tuesday,9,False,False
201800020631,NonLethal,Daylight,Yes,NoIntersection,Normal,2Vehicles-Side,10,Tuesday,16,False,False
201800043812,NonLethal,NightStreelightsOff,No,NoIntersection,LightRain,3+Vehicles-Chain,1,Wednesday,23,False,False
201800044134,NonLethal,Daylight,No,NoIntersection,Normal,3+Vehicles-Multiple,7,Tuesday,18,False,False
201800041316,NonLethal,Daylight,Yes,NoIntersection,LightRain,Other,11,Monday,9,False,False
201800008188,NonLethal,NightStreelightsOn,Yes,NoIntersection,Normal,2Vehicles-Side,9,Thursday,20,False,False
201800047026,NonLethal,Daylight,No,NoIntersection,LightRain,Other,10,Thursday,15,False,False
201800046123,NonLethal,Daylight,No,NoIntersection,Normal,2Vehicles-Behind,10,Monday,8,False,False
201800021861,NonLethal,Daylight,No,NoIntersection,Normal,Other,10,Sunday,16,True,False
201800053211,NonLethal,Daylight,Yes,X-type,Overcast,2Vehicles-Side,11,Monday,12,False,False
201800017475,NonLethal,Daylight,No,NoIntersection,Normal,Other,1,Sunday,10,True,False
201800022633,NonLethal,TwilightOrDawn,Yes,Roundabout,Normal,Other,11,Sunday,17,True,False
201800036439,NonLethal,Daylight,Yes,NoIntersection,Normal,2Vehicles-Side,6,Thursday,7,False,False
201800012744,Lethal,NightNoStreetLight,No,NoIntersection,Normal,Other,12,Saturday,5,True,True
201800050419,NonLethal,NightStreelightsOn,Yes,X-type,Normal,Other,1,Wednesday,17,False,False
201800012655,NonLethal,Daylight,No,NoIntersection,Normal,3+Vehicles-Multiple,3,Wednesday,18,False,False
201800024626,NonLethal,NightNoStreetLight,No,NoIntersection,LightRain,Other,1,Tuesday,7,False,False
201800001915,NonLethal,NightNoStreetLight,No,NoIntersection,Normal,Other,1,Wednesday,18,False,False
201800055734,NonLethal,Daylight,Yes,NoIntersection,Normal,2Vehicles-Side,12,Wednesday,17,False,False
201800050729,NonLethal,Daylight,Yes,X-type,Normal,2Vehicles-Side,9,Monday,9,False,False
201800024606,NonLethal,NightStreelightsOn,Yes,X-type,LightRain,2Vehicles-Side,1,Monday,7,False,False
201800044616,NonLethal,NightNoStreetLight,No,NoIntersection,Normal,NoCollision,2,Friday,20,False,False
201800028532,NonLethal,Daylight,Yes,NoIntersection,Normal,2Vehicles-Behind,9,Sunday,10,True,False
201800053955,NonLethal,Daylight,Yes,T-type,Normal,Other,11,Monday,13,False,False
201800009262,NonLethal,Daylight,Yes,NoIntersection,Normal,2Vehicles-Behind,6,Friday,18,False,False
201800053285,NonLethal,TwilightOrDawn,Yes,X-type,LightRain,Other,3,Thursday,16,False,False
201800029002,NonLethal,NightNoStreetLight,No,NoIntersection,Normal,NoCollision,8,Friday,3,False,True
201800037037,NonLethal,Daylight,Yes,NoIntersection,Normal,NoCollision,3,Monday,12,False,False
201800030369,NonLethal,NightNoStreetLight,Yes,NoIntersection,Normal,3+Vehicles-Multiple,1,Thursday,1,False,True
201800016367,NonLethal,Daylight,No,NoIntersection,Normal,3+Vehicles-Multiple,7,Saturday,11,True,False
201800033558,NonLethal,Daylight,Yes,T-type,Normal,2Vehicles-Behind,10,Monday,17,False,False
201800038016,NonLethal,NightStreelightsOn,Yes,NoIntersection,Normal,2Vehicles-Behind,12,Saturday,6,True,True
201800018199,NonLethal,Daylight,Yes,NoIntersection,Normal,Other,12,Thursday,16,False,False
201800013251,NonLethal,Daylight,Yes,NoIntersection,Normal,NoCollision,1,Thursday,16,False,False
201800005814,NonLethal,Daylight,Yes,NoIntersection,Normal,Other,10,Friday,13,False,False
201800034757,NonLethal,Daylight,Yes,NoIntersection,VeryGood,3+Vehicles-Chain,6,Saturday,17,True,False
201800053918,NonLethal,Daylight,Yes,NoIntersection,Normal,2Vehicles-Behind,10,Sunday,9,True,False
201800030423,NonLethal,NightStreelightsOn,Yes,NoIntersection,Normal,Other,10,Wednesday,19,False,False
201800039681,NonLethal,TwilightOrDawn,Yes,Other,Normal,Other,8,Sunday,8,True,False
201800049833,NonLethal,Daylight,No,NoIntersection,LightRain,3+Vehicles-Chain,5,Tuesday,8,False,False
201800012176,NonLethal,NightStreelightsOn,Yes,NoIntersection,LightRain,NoCollision,9,Thursday,6,False,True
201800033663,Lethal,Daylight,No,NoIntersection,Normal,NoCollision,11,Wednesday,12,False,False
201800013246,NonLethal,Daylight,No,NoIntersection,Normal,NoCollision,10,Wednesday,16,False,False
201800026625,NonLethal,Daylight,Yes,T-type,Normal,2Vehicles-Side,2,Saturday,12,True,False
201800043918,NonLethal,Daylight,No,NoIntersection,Normal,3+Vehicles-Chain,4,Friday,12,False,False
201800034953,NonLethal,Daylight,Yes,X-type,Normal,2Vehicles-Side,1,Sunday,14,True,False
201800040271,NonLethal,NightNoStreetLight,Yes,X-type,Overcast,2Vehicles-BehindVehicles-Frontal,1,Tuesday,20,False,False
201800010411,NonLethal,NightNoStreetLight,No,NoIntersection,Normal,2Vehicles-Side,8,Monday,1,False,True
201800005505,NonLethal,TwilightOrDawn,Yes,NoIntersection,Normal,Other,12,Saturday,6,True,True
201800038154,NonLethal,Daylight,Yes,NoIntersection,Normal,Other,10,Friday,16,False,False
201800013927,NonLethal,NightNoStreetLight,No,NoIntersection,Normal,Other,9,Sunday,3,True,True
201800043522,NonLethal,NightStreelightsOn,Yes,NoIntersection,StrongWindOrStorm,Other,2,Sunday,6,True,True
201800025684,NonLethal,Daylight,No,X-type,Normal,2Vehicles-Side,10,Monday,8,False,False
201800001829,NonLethal,Daylight,Yes,NoIntersection,HeavyRain,2Vehicles-Side,5,Monday,9,False,False
201800049355,NonLethal,Daylight,No,NoIntersection,Normal,2Vehicles-Side,3,Wednesday,10,False,False
201800043445,NonLethal,Daylight,Yes,T-type,Normal,2Vehicles-Side,6,Thursday,8,False,False
201800003351,NonLethal,Daylight,Yes,NoIntersection,Normal,Other,12,Wednesday,7,False,False
201800040861,NonLethal,Daylight,No,NoIntersection,Normal,Other,4,Thursday,17,False,False
201800055820,NonLethal,NightNoStreetLight,No,X-type,Normal,2Vehicles-Side,3,Saturday,21,True,False
201800010282,Lethal,Daylight,No,NoIntersection,Normal,2Vehicles-Side,5,Sunday,20,True,False
201800030098,NonLethal,Daylight,No,NoIntersection,Overcast,3+Vehicles-Multiple,2,Friday,16,False,False
201800043958,NonLethal,NightNoStreetLight,No,NoIntersection,LightRain,2Vehicles-Behind,4,Sunday,3,True,True
201800052914,NonLethal,Daylight,Yes,NoIntersection,Normal,Other,8,Wednesday,16,False,False
201800032078,Lethal,TwilightOrDawn,No,NoIntersection,LightRain,NoCollision,1,Tuesday,7,False,False
201800007269,NonLethal,Daylight,No,NoIntersection,Normal,3+Vehicles-Chain,7,Saturday,12,True,False
201800028223,NonLethal,NightStreelightsOn,Yes,X-type,Normal,2Vehicles-Side,1,Friday,19,False,False
201800039982,NonLethal,Daylight,Yes,NoIntersection,Normal,Other,7,Monday,7,False,False
201800018590,NonLethal,Daylight,No,NoIntersection,Normal,2Vehicles-BehindVehicles-Frontal,6,Tuesday,16,False,False
201800015890,NonLethal,TwilightOrDawn,Yes,NoIntersection,Normal,Other,8,Wednesday,20,False,False
201800032249,NonLethal,Daylight,No,T-type,Normal,2Vehicles-Behind,7,Sunday,11,True,False
201800001751,NonLethal,Daylight,No,NoIntersection,Normal,2Vehicles-Side,3,Wednesday,8,False,False
201800057277,NonLethal,Daylight,Yes,NoIntersection,Normal,2Vehicles-Behind,11,Monday,8,False,False
201800053625,NonLethal,NightStreelightsOn,Yes,NoIntersection,Normal,Other,11,Friday,19,False,False
201800046937,NonLethal,Daylight,No,NoIntersection,Normal,2Vehicles-Behind,8,Saturday,14,True,False
201800016161,NonLethal,TwilightOrDawn,No,T-type,Normal,2Vehicles-Side,6,Friday,21,False,False
201800003579,NonLethal,Daylight,No,NoIntersection,LightRain,2Vehicles-BehindVehicles-Frontal,2,Saturday,9,True,False
201800039847,NonLethal,Daylight,Yes,NoIntersection,Normal,2Vehicles-Side,11,Friday,17,False,False
201800016641,NonLethal,Daylight,No,NoIntersection,Normal,2Vehicles-Side,4,Saturday,16,True,False
201800020275,NonLethal,TwilightOrDawn,No,NoIntersection,Normal,2Vehicles-Side,9,Friday,18,False,False
201800014552,NonLethal,Daylight,Yes,NoIntersection,HeavyRain,Other,1,Tuesday,10,False,False
201800019990,NonLethal,Daylight,Yes,Y-type,Normal,2Vehicles-Side,9,Saturday,13,True,False
201800044318,NonLethal,Daylight,No,NoIntersection,Normal,NoCollision,10,Thursday,17,False,False
201800043275,NonLethal,TwilightOrDawn,Yes,NoIntersection,Normal,Other,10,Wednesday,18,False,False
201800049420,NonLethal,Daylight,No,NoIntersection,Normal,2Vehicles-Behind,8,Wednesday,16,False,False
201800026319,NonLethal,NightStreelightsOn,Yes,NoIntersection,Normal,2Vehicles-BehindVehicles-Frontal,3,Tuesday,21,False,False
201800017206,Lethal,NightStreelightsOn,No,X-type,Normal,Other,3,Sunday,6,True,True
201800049437,NonLethal,NightNoStreetLight,No,NoIntersection,Normal,2Vehicles-Behind,1,Tuesday,5,False,True
201800020811,NonLethal,NightStreelightsOn,Yes,T-type,Normal,3+Vehicles-Multiple,2,Wednesday,19,False,False
201800052307,NonLethal,Daylight,Yes,Y-type,LightRain,Other,5,Tuesday,15,False,False
201800014639,NonLethal,Daylight,No,NoIntersection,Normal,NoCollision,10,Saturday,15,True,False
201800014102,NonLethal,Daylight,Yes,NoIntersection,Normal,2Vehicles-Side,11,Wednesday,17,False,False
201800011321,NonLethal,Daylight,No,NoIntersection,Normal,2Vehicles-BehindVehicles-Frontal,4,Friday,16,False,False