AccidentId,Gravity,Light,InAgglomeration,IntersectionType,Weather,CollisionType,Month,DayOfWeek,HourOfDay,IsWeekend,IsNight
201800023319,NonLethal,Daylight,No,NoIntersection,Normal,2Vehicles-Behind,10,Tuesday,14,False,False
201800047184,NonLethal,Daylight,Yes,NoIntersection,Normal,Other,3,Friday,11,False,False
201800003843,NonLethal,Daylight,Yes,NoIntersection,Normal,2Vehicles-Side,4,Saturday,15,True,False
201800023772,NonLethal,Daylight,No,NoIntersection,Normal,2Vehicles-Side,6,Thursday,20,False,False
201800000378,NonLethal,Daylight,No,NoIntersection,Overcast,2Vehicles-BehindVehicles-Frontal,4,Friday,15,False,False
201800015399,NonLethal,Daylight,No,NoIntersection,Normal,NoCollision,8,Friday,16,False,False
201800029791,NonLethal,Daylight,Yes,Roundabout,Normal,2Vehicles-Side,4,Thursday,11,False,False
201800056940,NonLethal,Daylight,Yes,NoIntersection,Normal,2Vehicles-Side,5,Tuesday,11,False,False
201800007699,NonLethal,NightStreelightsOn,Yes,NoIntersection,LightRain,2Vehicles-Behind,12,Sunday,18,True,False
201800001954,NonLethal,NightNoStreetLight,No,NoIntersection,LightRain,2Vehicles-BehindVehicles-Frontal,5,Thursday,2,False,True
201800047564,NonLethal,Daylight,Yes,NoIntersection,Normal,Other,6,Wednesday,18,False,False
201800030228,NonLethal,NightStreelightsOn,Yes,NoIntersection,Normal,3+Vehicles-Multiple,10,Friday,0,False,True
201800001387,NonLethal,NightNoStreetLight,No,NoIntersection,Normal,2Vehicles-Behind,5,Saturday,2,True,True
201800038681,NonLethal,NightStreelightsOn,Yes,NoIntersection,Normal,Other,3,Monday,4,False,True
201800054110,NonLethal,Daylight,Yes,NoIntersection,Overcast,Other,1,Saturday,18,True,False
201800002972,NonLethal,NightNoStreetLight,No,NoIntersection,Normal,2Vehicles-Behind,2,Friday,20,False,False
201800050748,NonLethal,Daylight,Yes,T-type,Normal,Other,11,Wednesday,8,False,False
201800042958,NonLethal,Daylight,Yes,NoIntersection,Overcast,Other,1,Thursday,16,False,False
201800017179,NonLethal,Daylight,Yes,T-type,Normal,2Vehicles-Behind,7,Thursday,8,False,False
201800029675,NonLethal,Daylight,Yes,X-type,LightRain,Other,4,Tuesday,10,False,False
201800049622,NonLethal,NightNoStreetLight,No,NoIntersection,Normal,Other,12,Sunday,2,True,True
201800045164,NonLethal,NightStreelightsOn,No,NoIntersection,Normal,2Vehicles-Behind,8,Thursday,23,False,False
201800032964,NonLethal,NightNoStreetLight,No,NoIntersection,Overcast,2Vehicles-Side,12,Saturday,19,True,False
201800003863,NonLethal,Daylight,No,NoIntersection,Normal,2Vehicles-Side,7,Friday,18,False,False
201800013796,Lethal,Daylight,No,NoIntersection,Normal,Other,8,Tuesday,17,False,False
201800034684,NonLethal,Daylight,Yes,X-type,Normal,2Vehicles-Side,5,Thursday,17,False,False
201800011469,NonLethal,NightNoStreetLight,No,NoIntersection,LightRain,Other,3,Friday,23,False,False
201800040392,NonLethal,Daylight,Yes,T-type,LightRain,Other,1,Tuesday,11,False,False
201800030359,NonLethal,TwilightOrDawn,Yes,NoIntersection,Normal,Other,10,Tuesday,21,False,False
201800012221,NonLethal,NightNoStreetLight,No,NoIntersection,Normal,NoCollision,4,Wednesday,23,False,False
201800022920,NonLethal,NightStreelightsOn,No,NoIntersection,Normal,2Vehicles-Behind,2,Thursday,0,False,True
201800012667,NonLethal,Daylight,No,NoIntersection,Normal,2Vehicles-BehindVehicles-Frontal,8,Thursday,14,False,False
201800052976,NonLethal,Daylight,Yes,Y-type,Normal,2Vehicles-Side,11,Sunday,9,True,False
201800013274,NonLethal,Daylight,No,T-type,VeryGood,3+Vehicles-Multiple,9,Sunday,17,True,False
201800053036,NonLethal,NightStreelightsOn,Yes,NoIntersection,Normal,Other,5,Sunday,1,True,True
201800020051,NonLethal,Daylight,No,NoIntersection,Normal,2Vehicles-BehindVehicles-Frontal,7,Wednesday,16,False,False
201800001903,NonLethal,NightNoStreetLight,No,NoIntersection,Normal,2Vehicles-Behind,5,Thursday,22,False,False
201800056800,NonLethal,Daylight,No,NoIntersection,Normal,3+Vehicles-Chain,8,Tuesday,13,False,False
201800028031,NonLethal,Daylight,Yes,T-type,Normal,Other,6,Thursday,8,False,False
201800007137,NonLethal,Daylight,No,NoIntersection,Normal,2Vehicles-Behind,12,Friday,18,False,False
201800055208,NonLethal,Daylight,Yes,X-type,Normal,2Vehicles-Side,12,Monday,13,False,False
201800031498,NonLethal,TwilightOrDawn,No,NoIntersection,LightRain,NoCollision,8,Saturday,6,True,True
201800035610,NonLethal,Daylight,Yes,T-type,Normal,2Vehicles-Side,10,Wednesday,7,False,False
201800013217,NonLethal,Daylight,No,NoIntersection,Normal,NoCollision,6,Wednesday,12,False,False
201800048894,NonLethal,Daylight,No,NoIntersection,LightRain,3+Vehicles-Multiple,12,Wednesday,14,False,False
201800009401,NonLethal,Daylight,Yes,Square,Normal,Other,7,Thursday,16,False,False
201800000754,NonLethal,Daylight,No,NoIntersection,Normal,Other,7,Saturday,18,True,False
201800038435,NonLethal,Daylight,Yes,NoIntersection,HeavyRain,Other,4,Monday,13,False,False
201800048673,NonLethal,NightStreelightsOff,Yes,Square,Normal,Other,11,Friday,20,False,False
201800022604,NonLethal,Daylight,Yes,T-type,Normal,Other,9,Monday,10,False,False
201800003021,NonLethal,Daylight,No,NoIntersection,Normal,2Vehicles-BehindVehicles-Frontal,5,Sunday,11,True,False
201800003874,NonLethal,Daylight,No,NoIntersection,Normal,2Vehicles-Behind,4,Saturday,9,True,False
201800055506,NonLethal,Daylight,Yes,NoIntersection,Normal,2Vehicles-Behind,12,Friday,17,False,False
201800055794,NonLethal,NightStreelightsOn,Yes,NoIntersection,LightRain,2Vehicles-BehindVehicles-Frontal,5,Sunday,1,True,True
201800038219,NonLethal,TwilightOrDawn,Yes,NoIntersection,LightRain,Other,2,Monday,20,False,False
201800046700,NonLethal,Daylight,No,NoIntersection,Normal,Other,6,Monday,20,False,False
201800056865,NonLethal,Daylight,Yes,NoIntersection,Normal,2Vehicles-Side,3,Tuesday,11,False,False
201800024748,NonLethal,Daylight,Yes,NoIntersection,Normal,Other,4,Wednesday,18,False,False
201800041097,NonLethal,Daylight,Yes,X-type,Normal,3+Vehicles-Multiple,6,Sunday,13,True,False
201800042329,NonLethal,Daylight,Yes,NoIntersection,Normal,2Vehicles-Behind,7,Monday,16,False,False
201800000389,NonLethal,NightStreelightsOff,No,Roundabout,Normal,Other,6,Saturday,2,True,True
201800042726,NonLethal,TwilightOrDawn,Yes,X-type,HeavyRain,Other,1,Monday,8,False,False
201800002893,NonLethal,NightNoStreetLight,No,NoIntersection,Normal,Other,1,Sunday,23,True,False
201800056995,NonLethal,Daylight,No,NoIntersection,Normal,2Vehicles-Side,7,Wednesday,18,False,False
201800048710,NonLethal,Daylight,Yes,NoIntersection,Normal,2Vehicles-Behind,11,Monday,14,False,False
201800016112,NonLethal,Daylight,No,X-type,Normal,2Vehicles-Side,1,Saturday,10,True,False
201800003904,NonLethal,Daylight,Yes,Roundabout,LightRain,2Vehicles-Behind,2,Thursday,9,False,False
201800007051,NonLethal,Daylight,Yes,T-type,Normal,2Vehicles-Side,2,Thursday,8,False,False
201800028367,NonLethal,NightStreelightsOn,Yes,NoIntersection,Normal,Other,3,Thursday,20,False,False
201800043615,NonLethal,Daylight,Yes,T-type,Normal,Other,7,Monday,18,False,False
201800001720,NonLethal,Daylight,No,NoIntersection,Normal,Other,2,Wednesday,18,False,False
201800015704,NonLethal,Daylight,Yes,T-type,Normal,2Vehicles-Side,11,Saturday,15,True,False
201800045266,NonLethal,NightNoStreetLight,No,NoIntersection,Normal,3+Vehicles-Multiple,10,Wednesday,7,False,False
201800040958,NonLethal,Daylight,Yes,NoIntersection,Normal,Other,10,Wednesday,15,False,False
201800043896,NonLethal,Daylight,No,NoIntersection,Normal,2Vehicles-Side,4,Friday,8,False,False
201800000276,NonLethal,Daylight,Yes,NoIntersection,Normal,2Vehicles-Side,7,Tuesday,17,False,False
201800042370,NonLethal,NightStreelightsOn,Yes,NoIntersection,Normal,Other,1,Wednesday,21,False,False
201800013790,NonLethal,Daylight,No,NoIntersection,Normal,Other,4,Tuesday,14,False,False
201800000362,NonLethal,Daylight,No,NoIntersection,Normal,3+Vehicles-Multiple,6,Friday,10,False,False
201800011183,NonLethal,NightNoStreetLight,No,NoIntersection,Overcast,NoCollision,12,Saturday,0,True,True
201800018511,NonLethal,Daylight,No,X-type,Normal,2Vehicles-Side,10,Wednesday,17,False,False
201800010152,NonLethal,Daylight,Yes,NoIntersection,Normal,3+Vehicles-Chain,12,Friday,8,False,False
201800016832,NonLethal,Daylight,No,NoIntersection,Normal,Other,1,Friday,14,False,False
201800028318,NonLethal,Daylight,Yes,NoIntersection,Normal,Other,1,Monday,7,False,False
201800042811,NonLethal,NightStreelightsOn,Yes,X-type,LightRain,2Vehicles-Side,1,Monday,17,False,False
201800006812,NonLethal,NightNoStreetLight,No,NoIntersection,Normal,2Vehicles-Behind,7,Wednesday,5,False,True
201800002881,NonLethal,Daylight,Yes,NoIntersection,Normal,NoCollision,7,Friday,11,False,False
201800042674,NonLethal,Daylight,Yes,NoIntersection,LightRain,2Vehicles-Side,12,Thursday,9,False,False
201800010509,NonLethal,Daylight,Yes,X-type,LightRain,2Vehicles-Side,1,Friday,14,False,False
201800040196,NonLethal,Daylight,Yes,NoIntersection,Normal,Other,5,Tuesday,17,False,False
201800046172,NonLethal,NightNoStreetLight,No,NoIntersection,Normal,2Vehicles-Behind,10,Friday,21,False,False
201800016463,NonLethal,NightStreelightsOn,Yes,NoIntersection,Normal,Other,12,Monday,6,False,True
201800021012,NonLethal,Daylight,Yes,Y-type,Normal,Other,6,Friday,19,False,False
201800017863,NonLethal,Daylight,Yes,Roundabout,Normal,Other,10,Thursday,17,False,False
201800049613,NonLethal,NightNoStreetLight,No,NoIntersection,Normal,3+Vehicles-Chain,11,Thursday,17,False,False
201800013715,Lethal,Daylight,Yes,NoIntersection,Normal,2Vehicles-BehindVehicles-Frontal,8,Wednesday,8,False,False
201800020884,NonLethal,Daylight,Yes,NoIntersection,Normal,Other,10,Friday,8,False,False
201800042487,NonLethal,Daylight,Yes,NoIntersection,Normal,2Vehicles-Behind,2,Thursday,11,False,False
201800056481,NonLethal,NightNoStreetLight,No,NoIntersection,Normal,2Vehicles-BehindVehicles-Frontal,2,Friday,21,False,False
201800034627,NonLethal,Daylight,Yes,NoIntersection,Normal,NoCollision,10,Thursday,16,False,False
201800036229,NonLethal,Daylight,Yes,Roundabout,Normal,Other,11,Sunday,18,True,False
201800052758,NonLethal,Daylight,Yes,Y-type,Normal,2Vehicles-Side,6,Monday,19,False,False
201800051046,NonLethal,Daylight,Yes,NoIntersection,Normal,Other,4,Thursday,10,False,False
201800028387,NonLethal,Daylight,Yes,NoIntersection,Normal,3+Vehicles-Chain,4,Friday,14,False,False
201800056297,Lethal,NightNoStreetLight,No,NoIntersection,Normal,Other,4,Sunday,20,True,False
201800017706,NonLethal,Daylight,No,T-type,Normal,3+Vehicles-Chain,6,Wednesday,8,False,False
201800038099,NonLethal,NightStreelightsOn,Yes,NoIntersection,Normal,Other,5,Wednesday,22,False,False
201800017438,NonLethal,Daylight,Yes,X-type,LightRain,Other,4,Wednesday,17,False,False
201800054786,NonLethal,Daylight,Yes,NoIntersection,VeryGood,Other,8,Saturday,15,True,False
201800013552,NonLethal,Daylight,No,NoIntersection,Normal,NoCollision,8,Tuesday,19,False,False
201800046893,NonLethal,Daylight,No,NoIntersection,LightRain,2Vehicles-Behind,9,Saturday,15,True,False
201800025672,NonLethal,Daylight,Yes,T-type,Normal,2Vehicles-BehindVehicles-Frontal,10,Thursday,18,False,False
201800016703,NonLethal,Daylight,No,NoIntersection,Normal,2Vehicles-Side,4,Friday,12,False,False
201800020175,NonLethal,NightNoStreetLight,No,NoIntersection,Normal,Other,6,Friday,22,False,False
201800038093,NonLethal,NightStreelightsOn,Yes,NoIntersection,HeavyRain,2Vehicles-Behind,4,Monday,20,False,False
201800016812,NonLethal,Daylight,No,Other,Normal,Other,3,Friday,11,False,False
201800005447,NonLethal,Daylight,Yes,NoIntersection,LightRain,Other,9,Sunday,19,True,False
201800017331,NonLethal,Daylight,Yes,NoIntersection,Normal,2Vehicles-Side,8,Saturday,15,True,False
201800035409,NonLethal,NightStreelightsOn,Yes,NoIntersection,Normal,Other,10,Tuesday,20,False,False
201800041662,NonLethal,Daylight,Yes,X-type,Normal,2Vehicles-Side,4,Friday,14,False,False
201800000676,NonLethal,Daylight,No,NoIntersection,HeavyRain,2Vehicles-BehindVehicles-Frontal,1,Wednesday,15,False,False
201800002697,NonLethal,NightStreelightsOn,No,NoIntersection,Normal,Other,1,Sunday,5,True,True
201800013521,NonLethal,Daylight,Yes,NoIntersection,Normal,Other,9,Thursday,17,False,False
201800002626,NonLethal,Daylight,Yes,NoIntersection,Normal,2Vehicles-Behind,8,Tuesday,19,False,False
201800016156,NonLethal,NightNoStreetLight,No,NoIntersection,SnowOrHail,2Vehicles-BehindVehicles-Frontal,3,Thursday,5,False,True
201800056278,NonLethal,Daylight,No,NoIntersection,Normal,2Vehicles-Behind,4,Tuesday,6,False,True
201800023295,NonLethal,Daylight,Yes,NoIntersection,Normal,2Vehicles-Behind,10,Wednesday,16,False,False
201800016090,NonLethal,NightNoStreetLight,No,NoIntersection,Normal,Other,7,Wednesday,4,False,True
201800032262,NonLethal,Daylight,Yes,NoIntersection,Normal,Other,11,Tuesday,17,False,False
201800050356,NonLethal,Daylight,Yes,X-type,Normal,Other,2,Friday,10,False,False
201800014151,NonLethal,Daylight,No,NoIntersection,Normal,NoCollision,4,Sunday,19,True,False
201800017935,NonLethal,Daylight,No,NoIntersection,Normal,NoCollision,7,Saturday,17,True,False
201800054179,NonLethal,NightStreelightsOn,Yes,X-type,Normal,2Vehicles-Behind,8,Thursday,23,False,False
201800004521,NonLethal,Daylight,No,NoIntersection,Normal,Other,10,Tuesday,14,False,False
201800056158,NonLethal,Daylight,No,NoIntersection,Normal,2Vehicles-BehindVehicles-Frontal,2,Sunday,12,True,False
201800021445,NonLethal,NightStreelightsOn,Yes,NoIntersection,Normal,2Vehicles-Behind,9,Monday,20,False,False
201800040522,NonLethal,Daylight,Yes,NoIntersection,LightRain,3+Vehicles-Multiple,12,Sunday,10,True,False
201800009076,NonLethal,Daylight,Yes,NoIntersection,Normal,NoCollision,4,Monday,18,False,False
201800027733,NonLethal,Daylight,No,NoIntersection,Normal,Other,5,Saturday,11,True,False
201800033898,NonLethal,NightStreelightsOn,No,Y-type,LightRain,Other,8,Sunday,6,True,True
201800018755,NonLethal,NightStreelightsOn,Yes,NoIntersection,LightRain,Other,11,Wednesday,18,False,False
201800037622,NonLethal,Daylight,Yes,Y-type,Normal,Other,6,Wednesday,18,False,False
201800011010,NonLethal,Daylight,Yes,NoIntersection,Normal,2Vehicles-Side,8,Wednesday,19,False,False
201800047675,NonLethal,Daylight,Yes,NoIntersection,Normal,2Vehicles-Side,9,Wednesday,16,False,False
201800031964,NonLethal,Daylight,Yes,NoIntersection,Normal,Other,10,Saturday,16,True,False
201800003032,NonLethal,Daylight,No,NoIntersection,LightRain,3+Vehicles-Multiple,8,Wednesday,17,False,False
201800001347,NonLethal,NightNoStreetLight,No,NoIntersection,Normal,Other,4,Monday,2,False,True
201800040167,NonLethal,NightStreelightsOff,Yes,NoIntersection,LightRain,2Vehicles-Side,2,Tuesday,19,False,False
201800042596,NonLethal,Daylight,Yes,NoIntersection,Normal,Other,10,Tuesday,8,False,False
201800045311,NonLethal,Daylight,No,NoIntersection,Normal,2Vehicles-Behind,11,Saturday,9,True,False
201800016599,NonLethal,Daylight,Yes,T-type,Normal,2Vehicles-Side,7,Thursday,19,False,False
201800020234,NonLethal,Daylight,Yes,T-type,Normal,2Vehicles-Side,4,Wednesday,13,False,False
201800014315,NonLethal,Daylight,Yes,NoIntersection,Normal,2Vehicles-Side,7,Tuesday,11,False,False
201800003687,NonLethal,Daylight,Yes,NoIntersection,Normal,2Vehicles-Side,7,Monday,15,False,False
201800020090,NonLethal,Daylight,No,NoIntersection,Normal,2Vehicles-Behind,9,Tuesday,10,False,False
201800025136,NonLethal,Daylight,Yes,X-type,Normal,2Vehicles-Side,4,Monday,16,False,False
201800023648,NonLethal,Daylight,Yes,NoIntersection,Normal,2Vehicles-BehindVehicles-Frontal,9,Monday,15,False,False
201800041828,NonLethal,NightStreelightsOn,Yes,T-type,Normal,2Vehicles-BehindVehicles-Frontal,12,Tuesday,21,False,False
201800041090,NonLethal,NightStreelightsOn,Yes,X-type,LightRain,2Vehicles-BehindVehicles-Frontal,4,Sunday,5,True,True
201800057627,NonLethal,Daylight,Yes,Other,Normal,2Vehicles-Behind,6,Saturday,15,True,False
201800043105,NonLethal,NightStreelightsOn,Yes,X-type,Normal,2Vehicles-Side,2,Friday,6,False,True
201800003284,NonLethal,NightNoStreetLight,No,NoIntersection,Normal,NoCollision,11,Sunday,18,True,False
201800031241,NonLethal,Daylight,Yes,NoIntersection,Normal,Other,5,Tuesday,8,False,False
201800022416,NonLethal,Daylight,Yes,NoIntersection,Normal,2Vehicles-Side,11,Friday,16,False,False
201800045806,NonLethal,Daylight,No,NoIntersection,Normal,2Vehicles-Side,4,Saturday,17,True,False
201800008215,NonLethal,Daylight,No,T-type,Normal,3+Vehicles-Multiple,5,Tuesday,14,False,False
201800017541,NonLethal,Daylight,Yes,X-type,Normal,2Vehicles-BehindVehicles-Frontal,8,Sunday,18,True,False
201800056484,NonLethal,NightStreelightsOn,No,NoIntersection,Normal,2Vehicles-BehindVehicles-Frontal,8,Sunday,0,True,True
201800049707,Lethal,TwilightOrDawn,No,NoIntersection,Normal,Other,2,Friday,18,False,False
201800023736,NonLethal,NightNoStreetLight,No,NoIntersection,Normal,Other,2,Saturday,0,True,True
201800026836,NonLethal,Daylight,Yes,NoIntersection,Normal,2Vehicles-Behind,12,Thursday,8,False,False
201800028014,NonLethal,Daylight,Yes,NoIntersection,Normal,3+Vehicles-Multiple,5,Friday,12,False,False
201800055661,NonLethal,Daylight,Yes,NoIntersection,Normal,NoCollision,10,Friday,9,False,False
201800054412,NonLethal,Daylight,Yes,NoIntersection,Normal,Other,5,Tuesday,11,False,False
201800050007,NonLethal,Daylight,No,NoIntersection,Normal,2Vehicles-Behind,9,Friday,14,False,False
201800046212,NonLethal,NightStreelightsOn,No,NoIntersection,LightRain,3+Vehicles-Multiple,11,Wednesday,9,False,False
201800033740,NonLethal,Daylight,Yes,Other,Normal,2Vehicles-Behind,3,Wednesday,11,False,False
201800017761,NonLethal,Daylight,Yes,NoIntersection,Normal,2Vehicles-Side,1,Thursday,13,False,False
201800050548,NonLethal,Daylight,Yes,NoIntersection,Normal,3+Vehicles-Chain,5,Friday,10,False,False
201800018443,Lethal,Daylight,No,NoIntersection,LightRain,NoCollision,12,Sunday,14,True,False
201800018894,NonLethal,Daylight,No,NoIntersection,Other,Other,5,Tuesday,12,False,False
201800040783,NonLethal,NightNoStreetLight,Yes,NoIntersection,Normal,Other,10,Monday,19,False,False
201800013710,NonLethal,Daylight,No,NoIntersection,Normal,2Vehicles-BehindVehicles-Frontal,2,Wednesday,8,False,False
201800008074,NonLethal,TwilightOrDawn,Yes,NoIntersection,LightRain,2Vehicles-BehindVehicles-Frontal,10,Tuesday,7,False,False
201800028512,NonLethal,TwilightOrDawn,Yes,Y-type,Normal,2Vehicles-Side,8,Friday,6,False,True
201800036605,NonLethal,Daylight,Yes,NoIntersection,Normal,2Vehicles-Side,9,Tuesday,19,False,False
201800040230,NonLethal,NightStreelightsOn,Yes,NoIntersection,Normal,2Vehicles-Behind,9,Monday,21,False,False
201800030226,NonLethal,Daylight,Yes,Roundabout,Normal,2Vehicles-Side,2,Thursday,17,False,False
201800051959,NonLethal,Daylight,Yes,X-type,Normal,2Vehicles-Behind,3,Tuesday,15,False,False
201800020170,Lethal,TwilightOrDawn,No,Y-type,Overcast,Other,11,Wednesday,8,False,False
201800038382,NonLethal,Daylight,Yes,NoIntersection,Normal,2Vehicles-BehindVehicles-Frontal,8,Saturday,9,True,False
201800019088,NonLethal,NightNoStreetLight,Yes,NoIntersection,Normal,Other,8,Saturday,2,True,True
201800038468,NonLethal,Daylight,Yes,NoIntersection,Normal,3+Vehicles-Multiple,8,Friday,17,False,False
201800045089,NonLethal,Daylight,No,NoIntersection,LightRain,2Vehicles-Side,7,Friday,8,False,False
201800046773,NonLethal,Daylight,No,NoIntersection,Normal,2Vehicles-Side,7,Wednesday,17,False,False
201800045588,NonLethal,NightNoStreetLight,No,NoIntersection,Normal,2Vehicles-Behind,12,Friday,17,False,False
201800013320,NonLethal,Daylight,Yes,NoIntersection,Normal,2Vehicles-Behind,2,Sunday,11,True,False
201800025208,NonLethal,NightStreelightsOn,Yes,X-type,Normal,2Vehicles-Side,1,Monday,20,False,False
201800014663,NonLethal,Daylight,Yes,NoIntersection,Normal,2Vehicles-BehindVehicles-Frontal,7,Sunday,17,True,False
201800049432,NonLethal,NightStreelightsOff,No,NoIntersection,Normal,Other,8,Thursday,3,False,True
201800003871,Lethal,Daylight,No,NoIntersection,StrongWindOrStorm,2Vehicles-BehindVehicles-Frontal,3,Sunday,14,True,False
201800000567,NonLethal,NightNoStreetLight,Yes,NoIntersection,Normal,NoCollision,10,Tuesday,7,False,False
201800028067,NonLethal,Daylight,Yes,Square,Normal,2Vehicles-Side,7,Wednesday,8,False,False
201800047386,Lethal,Daylight,No,NoIntersection,Normal,Other,2,Monday,15,False,False
201800019813,NonLethal,Daylight,Yes,NoIntersection,LightRain,Other,7,Thursday,9,False,False
201800057226,NonLethal,Daylight,Yes,Roundabout,Normal,2Vehicles-Side,1,Thursday,18,False,False
201800055813,NonLethal,NightStreelightsOn,No,NoIntersection,Normal,2Vehicles-Side,1,Friday,18,False,False
201800028006,NonLethal,Daylight,Yes,X-type,HeavyRain,Other,5,Monday,9,False,False
201800009508,NonLethal,Daylight,Yes,NoIntersection,Overcast,Other,8,Thursday,10,False,False
201800040250,NonLethal,NightStreelightsOn,Yes,NoIntersection,LightRain,2Vehicles-Behind,11,Thursday,0,False,True
201800025964,NonLethal,Daylight,Yes,NoIntersection,LightRain,3+Vehicles-Chain,1,Friday,16,False,False
201800043079,NonLethal,Daylight,Yes,X-type,LightRain,2Vehicles-Side,11,Saturday,12,True,False
201800039912,NonLethal,Daylight,Yes,NoIntersection,Normal,Other,9,Thursday,17,False,False
201800017741,Lethal,Daylight,No,NoIntersection,Normal,Other,3,Sunday,15,True,False
201800001234,NonLethal,Daylight,No,NoIntersection,Normal,Other,4,Sunday,18,True,False
201800002659,NonLethal,Daylight,No,NoIntersection,Normal,2Vehicles-BehindVehicles-Frontal,11,Wednesday,9,False,False
201800032065,NonLethal,Daylight,No,X-type,Normal,3+Vehicles-Multiple,6,Saturday,12,True,False
201800053922,NonLethal,Daylight,Yes,NoIntersection,Normal,2Vehicles-Behind,10,Saturday,14,True,False
201800005195,NonLethal,NightStreelightsOn,Yes,NoIntersection,Normal,2Vehicles-Side,1,Thursday,19,False,False
201800005321,NonLethal,Daylight,Yes,NoIntersection,LightRain,NoCollision,1,Saturday,11,True,False
201800026759,NonLethal,Daylight,No,NoIntersection,LightRain,2Vehicles-Behind,3,Tuesday,13,False,False
201800036410,NonLethal,TwilightOrDawn,Yes,NoIntersection,LightRain,2Vehicles-Side,8,Friday,19,False,False
201800043847,NonLethal,Daylight,No,Other,Normal,NoCollision,4,Tuesday,17,False,False
201800009415,NonLethal,Daylight,Yes,X-type,Normal,2Vehicles-Side,7,Sunday,13,True,False
201800021970,NonLethal,NightNoStreetLight,Yes,NoIntersection,LightRain,2Vehicles-BehindVehicles-Frontal,12,Saturday,17,True,False
201800012225,NonLethal,Daylight,Yes,NoIntersection,Normal,Other,11,Friday,16,False,False
201800027374,NonLethal,Daylight,Yes,X-type,Normal,2Vehicles-Side,7,Saturday,20,True,False
201800026885,NonLethal,Daylight,Yes,NoIntersection,Normal,2Vehicles-Side,8,Wednesday,7,False,False
201800044091,NonLethal,NightNoStreetLight,No,NoIntersection,Normal,2Vehicles-Side,7,Monday,22,False,False
201800028693,NonLethal,Daylight,Yes,Roundabout,Normal,Other,3,Saturday,14,True,False
201800031231,NonLethal,Daylight,Yes,NoIntersection,Normal,2Vehicles-Behind,4,Friday,13,False,False
201800032211,NonLethal,TwilightOrDawn,No,NoIntersection,HeavyRain,2Vehicles-BehindVehicles-Frontal,1,Thursday,7,False,False
201800047305,NonLethal,NightStreelightsOn,Yes,MoreThan4Branches,Overcast,NoCollision,1,Monday,5,False,True
201800008156,NonLethal,Daylight,Yes,T-type,HeavyRain,2Vehicles-Side,11,Sunday,9,True,False
201800003719,NonLethal,Daylight,Yes,NoIntersection,Normal,2Vehicles-Behind,4,Saturday,14,True,False
201800027841,NonLethal,Daylight,Yes,Roundabout,Normal,2Vehicles-Side,12,Thursday,8,False,False
201800017616,NonLethal,Daylight,No,NoIntersection,Normal,2Vehicles-BehindVehicles-Frontal,8,Wednesday,17,False,False
201800046499,NonLethal,NightNoStreetLight,No,NoIntersection,Normal,3+Vehicles-Multiple,4,Wednesday,20,False,False
201800015727,NonLethal,NightNoStreetLight,No,Y-type,FogOrSmoke,2Vehicles-Side,6,Tuesday,5,False,True
201800052114,NonLethal,Daylight,Yes,Square,Normal,Other,8,Wednesday,17,False,False
201800022223,NonLethal,NightNoStreetLight,No,NoIntersection,Normal,Other,12,Monday,19,False,False
201800034214,NonLethal,Daylight,Yes,T-type,Normal,2Vehicles-Side,4,Wednesday,9,False,False
201800045108,NonLethal,NightNoStreetLight,No,NoIntersection,Normal,2Vehicles-Behind,7,Sunday,1,True,True
201800022833,NonLethal,Daylight,Yes,NoIntersection,Normal,2Vehicles-Behind,10,Saturday,14,True,False
201800035174,NonLethal,NightStreelightsOn,Yes,NoIntersection,Normal,3+Vehicles-Chain,12,Tuesday,18,False,False
201800049055,NonLethal,NightNoStreetLight,No,NoIntersection,Normal,2Vehicles-Behind,11,Tuesday,19,False,False
201800041065,NonLethal,Daylight,Yes,NoIntersection,Normal,2Vehicles-BehindVehicles-Frontal,9,Thursday,10,False,False
201800010590,NonLethal,NightStreelightsOn,Yes,NoIntersection,Overcast,Other,12,Tuesday,5,False,True
201800005851,NonLethal,Daylight,Yes,X-type,Normal,2Vehicles-Side,11,Wednesday,10,False,False
201800010204,NonLethal,NightStreelightsOn,Yes,X-type,Normal,NoCollision,12,Monday,6,False,True
201800026342,NonLethal,NightStreelightsOn,Yes,NoIntersection,Normal,NoCollision,4,Friday,1,False,True
201800013768,NonLethal,Daylight,Yes,NoIntersection,Overcast,Other,1,Thursday,17,False,False
201800044898,NonLethal,Daylight,No,NoIntersection,Normal,3+Vehicles-Chain,5,Saturday,16,True,False
201800002095,NonLethal,TwilightOrDawn,No,NoIntersection,Normal,NoCollision,3,Tuesday,5,False,True
201800052780,NonLethal,Daylight,Yes,X-type,Normal,2Vehicles-Behind,7,Tuesday,15,False,False
201800015371,NonLethal,TwilightOrDawn,No,Roundabout,LightRain,Other,8,Sunday,8,True,False
201800018390,NonLethal,Daylight,Yes,T-type,Normal,2Vehicles-Side,10,Sunday,16,True,False
201800042201,NonLethal,Daylight,Yes,NoIntersection,Normal,2Vehicles-Side,6,Tuesday,15,False,False
201800001339,NonLethal,Daylight,No,NoIntersection,Normal,3+Vehicles-Multiple,3,Thursday,14,False,False
201800024249,NonLethal,Daylight,Yes,NoIntersection,Normal,2Vehicles-Behind,1,Saturday,10,True,False
201800006268,NonLethal,TwilightOrDawn,No,NoIntersection,Normal,2Vehicles-Behind,6,Saturday,5,True,True