AccidentId,Gravity,Light,InAgglomeration,IntersectionType,Weather,CollisionType,Month,DayOfWeek,HourOfDay,IsWeekend,IsNight
201800040646,NonLethal,TwilightOrDawn,Yes,NoIntersection,Normal,Other,2,Friday,17,False,False
201800020446,Lethal,Daylight,No,NoIntersection,Normal,2Vehicles-Behind,5,Wednesday,19,False,False
201800045925,NonLethal,Daylight,No,NoIntersection,Normal,2Vehicles-Behind,6,Friday,18,False,False
201800020821,NonLethal,Daylight,Yes,NoIntersection,Normal,2Vehicles-Behind,5,Thursday,11,False,False
201800039257,NonLethal,Daylight,Yes,NoIntersection,Normal,3+Vehicles-Multiple,5,Sunday,16,True,False
201800035335,NonLethal,NightNoStreetLight,No,NoIntersection,Normal,2Vehicles-Behind,11,Wednesday,19,False,False
201800042703,NonLethal,Daylight,Yes,NoIntersection,Normal,NoCollision,10,Wednesday,11,False,False
201800048484,NonLethal,Daylight,Yes,NoIntersection,Normal,2Vehicles-Behind,8,Friday,15,False,False
201800024431,NonLethal,Daylight,Yes,NoIntersection,Normal,2Vehicles-Side,9,Thursday,16,False,False
201800029645,NonLethal,NightStreelightsOn,Yes,NoIntersection,Normal,Other,12,Monday,22,False,False
201800047504,NonLethal,Daylight,Yes,NoIntersection,Normal,2Vehicles-BehindVehicles-Frontal,5,Sunday,18,True,False
201800007550,Lethal,NightNoStreetLight,No,NoIntersection,HeavyRain,Other,12,Sunday,0,True,True
201800012053,NonLethal,TwilightOrDawn,No,T-type,Normal,2Vehicles-Side,8,Tuesday,5,False,True
201800056903,NonLethal,Daylight,Yes,T-type,Normal,2Vehicles-Side,11,Sunday,14,True,False
201800048305,NonLethal,Daylight,Yes,X-type,Normal,2Vehicles-Side,5,Sunday,15,True,False
201800020545,Lethal,Daylight,No,NoIntersection,Normal,2Vehicles-Side,8,Saturday,18,True,False
201800009255,NonLethal,Daylight,Yes,Y-type,Normal,2Vehicles-Side,6,Thursday,20,False,False
201800022341,NonLethal,Daylight,Yes,NoIntersection,LightRain,Other,5,Tuesday,11,False,False
201800017494,NonLethal,Daylight,No,NoIntersection,Normal,NoCollision,6,Monday,18,False,False
201800030164,NonLethal,Daylight,No,NoIntersection,Normal,2Vehicles-BehindVehicles-Frontal,4,Wednesday,15,False,False
201800022009,NonLethal,Daylight,Yes,T-type,Normal,2Vehicles-Behind,2,Saturday,12,True,False
201800011363,NonLethal,TwilightOrDawn,No,NoIntersection,Normal,Other,7,Saturday,6,True,True
201800029216,NonLethal,Daylight,Yes,T-type,Normal,2Vehicles-Side,6,Monday,19,False,False
201800014727,Lethal,NightNoStreetLight,Yes,NoIntersection,LightRain,Other,6,Saturday,21,True,False
201800023827,NonLethal,NightNoStreetLight,Yes,X-type,Normal,Other,1,Friday,17,False,False
201800024143,NonLethal,NightNoStreetLight,Yes,NoIntersection,Normal,Other,3,Sunday,5,True,True
201800014723,NonLethal,TwilightOrDawn,No,X-type,Normal,2Vehicles-BehindVehicles-Frontal,6,Sunday,6,True,True
201800017529,NonLethal,NightNoStreetLight,No,NoIntersection,FogOrSmoke,NoCollision,11,Thursday,18,False,False
201800020459,NonLethal,Daylight,Yes,T-type,Normal,2Vehicles-Side,4,Friday,14,False,False
201800039514,NonLethal,TwilightOrDawn,Yes,NoIntersection,LightRain,Other,9,Thursday,8,False,False
201800034449,NonLethal,Daylight,Yes,Y-type,Normal,2Vehicles-Behind,7,Saturday,18,True,False
201800024503,NonLethal,Daylight,Yes,Roundabout,Overcast,2Vehicles-Side,11,Wednesday,12,False,False
201800007779,NonLethal,Daylight,Yes,NoIntersection,Normal,Other,8,Saturday,10,True,False
201800001983,NonLethal,Daylight,No,NoIntersection,Normal,2Vehicles-Side,10,Thursday,17,False,False
201800050130,NonLethal,Daylight,No,NoIntersection,LightRain,2Vehicles-Side,11,Friday,12,False,False
201800016348,NonLethal,Daylight,Yes,NoIntersection,Normal,Other,3,Saturday,13,True,False
201800009584,NonLethal,NightStreelightsOn,Yes,NoIntersection,Normal,3+Vehicles-Chain,8,Saturday,21,True,False
201800038779,NonLethal,Daylight,Yes,T-type,Normal,2Vehicles-Side,10,Friday,11,False,False
201800006444,NonLethal,Daylight,Yes,NoIntersection,Normal,2Vehicles-Side,6,Thursday,18,False,False
201800036353,NonLethal,Daylight,Yes,LevelCrossing,Normal,Other,11,Thursday,12,False,False
201800005585,NonLethal,NightStreelightsOn,Yes,NoIntersection,Normal,2Vehicles-Behind,7,Monday,20,False,False
201800057459,NonLethal,NightStreelightsOn,Yes,NoIntersection,Normal,Other,5,Friday,0,False,True
201800055308,NonLethal,NightStreelightsOn,Yes,Y-type,LightRain,3+Vehicles-Chain,3,Friday,5,False,True
201800018561,Lethal,Daylight,No,NoIntersection,Normal,2Vehicles-BehindVehicles-Frontal,7,Tuesday,21,False,False
201800046039,NonLethal,Daylight,No,NoIntersection,Normal,3+Vehicles-Multiple,8,Friday,8,False,False
201800009066,NonLethal,Daylight,Yes,NoIntersection,Normal,NoCollision,5,Monday,11,False,False
201800025069,NonLethal,NightNoStreetLight,No,NoIntersection,Normal,NoCollision,12,Wednesday,18,False,False
201800050542,NonLethal,NightStreelightsOn,Yes,T-type,LightRain,Other,4,Thursday,20,False,False
201800026260,NonLethal,NightStreelightsOn,Yes,NoIntersection,LightRain,Other,4,Sunday,2,True,True
201800053804,NonLethal,Daylight,Yes,NoIntersection,Normal,2Vehicles-Side,6,Tuesday,18,False,False
201800051210,NonLethal,Daylight,Yes,NoIntersection,Normal,Other,9,Thursday,8,False,False
201800003005,NonLethal,Daylight,No,NoIntersection,Normal,NoCollision,6,Thursday,18,False,False
201800047136,NonLethal,Daylight,No,NoIntersection,Normal,3+Vehicles-Chain,12,Thursday,12,False,False
201800007263,NonLethal,Daylight,No,NoIntersection,Normal,3+Vehicles-Chain,3,Saturday,17,True,False
201800012335,NonLethal,Daylight,No,NoIntersection,Normal,Other,5,Monday,14,False,False
201800043811,NonLethal,TwilightOrDawn,No,NoIntersection,LightRain,Other,1,Wednesday,17,False,False
201800030347,Lethal,NightNoStreetLight,Yes,NoIntersection,Normal,Other,1,Friday,20,False,False
201800029534,NonLethal,Daylight,Yes,NoIntersection,Normal,2Vehicles-Side,6,Tuesday,12,False,False
201800007313,NonLethal,Daylight,Yes,T-type,LightRain,3+Vehicles-Multiple,4,Saturday,14,True,False
201800012371,NonLethal,Daylight,No,NoIntersection,Overcast,2Vehicles-Side,9,Sunday,15,True,False
201800030296,NonLethal,Daylight,Yes,NoIntersection,Normal,Other,7,Wednesday,17,False,False
201800050223,NonLethal,NightStreelightsOn,Yes,MoreThan4Branches,Normal,2Vehicles-Side,2,Saturday,0,True,True
201800020790,NonLethal,NightNoStreetLight,No,NoIntersection,HeavyRain,2Vehicles-BehindVehicles-Frontal,1,Wednesday,18,False,False
201800011605,NonLethal,Daylight,No,NoIntersection,Normal,Other,6,Monday,12,False,False
201800008602,NonLethal,Daylight,Yes,T-type,Normal,2Vehicles-Side,2,Tuesday,8,False,False
201800021374,NonLethal,NightNoStreetLight,No,NoIntersection,HeavyRain,Other,4,Monday,2,False,True
201800055236,NonLethal,TwilightOrDawn,Yes,NoIntersection,LightRain,NoCollision,1,Monday,7,False,False
201800051530,NonLethal,Daylight,Yes,X-type,Normal,2Vehicles-Side,7,Wednesday,20,False,False
201800003523,NonLethal,NightNoStreetLight,Yes,NoIntersection,SnowOrHail,2Vehicles-BehindVehicles-Frontal,2,Saturday,6,True,True
201800014695,Lethal,Daylight,No,NoIntersection,Normal,NoCollision,2,Tuesday,12,False,False
201800026042,NonLethal,Daylight,Yes,Other,Normal,Other,9,Thursday,17,False,False
201800028440,NonLethal,Daylight,Yes,NoIntersection,Normal,2Vehicles-Side,6,Wednesday,20,False,False
201800035798,NonLethal,Daylight,Yes,X-type,Normal,2Vehicles-BehindVehicles-Frontal,7,Monday,19,False,False
201800044029,NonLethal,Daylight,No,NoIntersection,Normal,3+Vehicles-Chain,4,Friday,19,False,False
201800045592,NonLethal,NightNoStreetLight,No,NoIntersection,Normal,3+Vehicles-Multiple,12,Wednesday,6,False,True
201800053230,NonLethal,Daylight,Yes,X-type,LightRain,2Vehicles-Side,2,Thursday,16,False,False
201800056470,Lethal,NightNoStreetLight,Yes,NoIntersection,HeavyRain,Other,4,Monday,20,False,False
201800034948,NonLethal,NightStreelightsOn,Yes,NoIntersection,LightRain,2Vehicles-Behind,1,Wednesday,7,False,False
201800052273,NonLethal,Daylight,Yes,T-type,Overcast,NoCollision,11,Thursday,10,False,False
201800021691,NonLethal,Daylight,Yes,Roundabout,Normal,2Vehicles-Side,4,Thursday,18,False,False
201800047363,NonLethal,Daylight,Yes,NoIntersection,Overcast,NoCollision,2,Tuesday,12,False,False
201800005941,NonLethal,Daylight,Yes,NoIntersection,Normal,Other,7,Thursday,17,False,False
201800042817,NonLethal,NightStreelightsOn,Yes,X-type,LightRain,Other,1,Sunday,5,True,True
201800038266,NonLethal,NightStreelightsOn,Yes,Square,Normal,2Vehicles-Side,3,Monday,19,False,False
201800011352,NonLethal,NightNoStreetLight,No,NoIntersection,LightRain,Other,7,Friday,0,False,True
201800025618,NonLethal,Daylight,Yes,NoIntersection,Overcast,NoCollision,11,Wednesday,12,False,False
201800004243,NonLethal,Daylight,No,NoIntersection,Normal,2Vehicles-BehindVehicles-Frontal,9,Saturday,14,True,False
201800042680,NonLethal,TwilightOrDawn,Yes,NoIntersection,Normal,2Vehicles-Behind,6,Thursday,21,False,False
201800033752,NonLethal,Daylight,Yes,X-type,Normal,Other,6,Monday,12,False,False
201800042621,NonLethal,NightStreelightsOn,Yes,X-type,LightRain,Other,11,Sunday,6,True,True
201800024980,NonLethal,NightStreelightsOn,Yes,X-type,Normal,2Vehicles-Side,10,Tuesday,20,False,False
201800015887,NonLethal,Daylight,Yes,NoIntersection,Normal,2Vehicles-Side,2,Tuesday,9,False,False
201800045320,NonLethal,Daylight,No,NoIntersection,Normal,Other,10,Friday,18,False,False
201800023008,NonLethal,Daylight,Yes,NoIntersection,Normal,Other,1,Thursday,13,False,False
201800040780,NonLethal,NightStreelightsOn,Yes,X-type,Normal,2Vehicles-Side,10,Sunday,5,True,True
201800047409,NonLethal,Daylight,Yes,NoIntersection,LightRain,3+Vehicles-Chain,10,Wednesday,10,False,False
201800026331,NonLethal,Daylight,Yes,NoIntersection,Normal,2Vehicles-Side,5,Friday,7,False,False
201800021875,NonLethal,NightNoStreetLight,No,NoIntersection,Other,2Vehicles-BehindVehicles-Frontal,12,Monday,19,False,False
201800013223,NonLethal,Daylight,No,NoIntersection,Normal,Other,5,Thursday,16,False,False
201800041304,NonLethal,NightStreelightsOn,Yes,Roundabout,Normal,2Vehicles-Side,11,Tuesday,19,False,False
201800004917,NonLethal,Daylight,No,X-type,Normal,Other,5,Friday,14,False,False
201800052745,NonLethal,Daylight,Yes,X-type,LightRain,2Vehicles-Behind,12,Thursday,10,False,False
201800011770,Lethal,NightStreelightsOn,Yes,NoIntersection,Normal,Other,12,Friday,18,False,False
201800052461,NonLethal,NightStreelightsOn,Yes,NoIntersection,Normal,Other,6,Thursday,0,False,True
201800001876,NonLethal,Daylight,Yes,NoIntersection,Normal,2Vehicles-Side,6,Monday,14,False,False
201800047953,NonLethal,Daylight,No,NoIntersection,Normal,NoCollision,2,Thursday,7,False,False
201800037378,NonLethal,TwilightOrDawn,Yes,NoIntersection,Normal,2Vehicles-Behind,10,Monday,17,False,False
201800043308,NonLethal,NightStreelightsOn,Yes,X-type,LightRain,Other,3,Thursday,3,False,True
201800055473,NonLethal,Daylight,Yes,NoIntersection,Normal,2Vehicles-Side,6,Thursday,18,False,False
201800005745,NonLethal,Daylight,Yes,NoIntersection,Normal,2Vehicles-Behind,8,Wednesday,18,False,False
201800050920,NonLethal,NightNoStreetLight,Yes,X-type,Normal,Other,8,Friday,20,False,False
201800052057,NonLethal,Daylight,Yes,X-type,Normal,2Vehicles-Side,6,Thursday,11,False,False
201800009162,NonLethal,Daylight,Yes,NoIntersection,Normal,Other,6,Tuesday,8,False,False
201800053927,NonLethal,NightStreelightsOn,Yes,X-type,Normal,Other,11,Saturday,3,True,True
201800039103,NonLethal,Daylight,Yes,T-type,Overcast,3+Vehicles-Multiple,6,Tuesday,11,False,False
201800035703,NonLethal,NightNoStreetLight,No,NoIntersection,Normal,Other,9,Sunday,2,True,True
201800000165,Lethal,NightStreelightsOff,No,NoIntersection,Normal,Other,3,Sunday,21,True,False
201800010150,NonLethal,Daylight,Yes,Y-type,Normal,2Vehicles-Side,6,Tuesday,14,False,False
201800026432,NonLethal,Daylight,Yes,NoIntersection,HeavyRain,2Vehicles-Behind,6,Sunday,14,True,False
201800055876,NonLethal,NightNoStreetLight,No,NoIntersection,LightRain,NoCollision,4,Thursday,21,False,False
201800046240,NonLethal,NightNoStreetLight,No,NoIntersection,LightRain,NoCollision,11,Thursday,19,False,False
201800034355,NonLethal,Daylight,Yes,NoIntersection,Normal,NoCollision,4,Friday,11,False,False
201800040173,NonLethal,Daylight,Yes,X-type,LightRain,2Vehicles-Side,8,Friday,15,False,False
201800004674,NonLethal,Daylight,No,NoIntersection,Normal,2Vehicles-Side,9,Tuesday,11,False,False
201800006729,NonLethal,Daylight,No,NoIntersection,Normal,2Vehicles-Behind,9,Thursday,14,False,False
201800033922,NonLethal,NightStreelightsOn,Yes,X-type,Normal,Other,1,Friday,0,False,True
201800009471,NonLethal,Daylight,Yes,Other,Normal,2Vehicles-Side,2,Thursday,8,False,False
201800017127,NonLethal,Daylight,No,NoIntersection,Normal,NoCollision,3,Wednesday,15,False,False
201800002717,NonLethal,NightStreelightsOn,Yes,NoIntersection,LightRain,Other,12,Thursday,17,False,False
201800028928,NonLethal,Daylight,Yes,NoIntersection,Normal,Other,6,Saturday,15,True,False
201800047667,NonLethal,Daylight,Yes,NoIntersection,Normal,Other,9,Thursday,8,False,False
201800014932,NonLethal,Daylight,No,NoIntersection,Normal,2Vehicles-BehindVehicles-Frontal,8,Sunday,14,True,False
201800055093,NonLethal,Daylight,Yes,MoreThan4Branches,Normal,2Vehicles-Side,8,Sunday,15,True,False
201800000874,NonLethal,NightStreelightsOn,Yes,X-type,HeavyRain,2Vehicles-Side,1,Saturday,7,True,False
201800033332,NonLethal,NightStreelightsOn,Yes,X-type,Normal,2Vehicles-Side,6,Sunday,23,True,False
201800031206,NonLethal,Daylight,Yes,NoIntersection,Normal,Other,7,Tuesday,18,False,False
201800041605,NonLethal,NightStreelightsOn,Yes,NoIntersection,Overcast,Other,10,Sunday,19,True,False
201800028224,NonLethal,TwilightOrDawn,Yes,X-type,LightRain,2Vehicles-Side,1,Saturday,17,True,False
201800007625,NonLethal,Daylight,Yes,X-type,Normal,2Vehicles-Side,6,Monday,18,False,False
201800034380,NonLethal,Daylight,Yes,NoIntersection,Normal,Other,11,Friday,11,False,False
201800039140,NonLethal,Daylight,Yes,X-type,Normal,NoCollision,6,Friday,11,False,False
201800020559,NonLethal,Daylight,Yes,NoIntersection,Normal,2Vehicles-Behind,1,Wednesday,12,False,False
201800056384,NonLethal,NightNoStreetLight,Yes,X-type,Normal,2Vehicles-Side,10,Monday,23,False,False
201800003730,NonLethal,Daylight,Yes,NoIntersection,Normal,Other,10,Tuesday,11,False,False
201800056198,NonLethal,Daylight,Yes,NoIntersection,Overcast,2Vehicles-BehindVehicles-Frontal,11,Monday,10,False,False
201800022622,NonLethal,Daylight,Yes,X-type,Normal,2Vehicles-Side,10,Saturday,10,True,False
201800006705,NonLethal,NightNoStreetLight,No,NoIntersection,HeavyRain,2Vehicles-Behind,12,Tuesday,0,False,True
201800034130,Lethal,NightStreelightsOff,No,Roundabout,HeavyRain,Other,12,Friday,5,False,True
201800025907,NonLethal,Daylight,Yes,NoIntersection,Normal,Other,10,Sunday,14,True,False
201800047038,NonLethal,NightStreelightsOff,No,NoIntersection,LightRain,Other,12,Tuesday,2,False,True
201800038228,NonLethal,Daylight,Yes,X-type,Normal,2Vehicles-BehindVehicles-Frontal,9,Tuesday,18,False,False
201800029990,NonLethal,TwilightOrDawn,No,NoIntersection,Normal,NoCollision,6,Friday,22,False,False
201800023336,NonLethal,NightStreelightsOff,Yes,NoIntersection,HeavyRain,2Vehicles-Side,11,Friday,7,False,False
201800044254,NonLethal,Daylight,No,NoIntersection,Normal,Other,9,Sunday,17,True,False
201800055146,NonLethal,Daylight,Yes,NoIntersection,Overcast,Other,10,Wednesday,8,False,False
201800050373,NonLethal,Daylight,Yes,NoIntersection,Normal,2Vehicles-Side,6,Saturday,13,True,False
201800024527,NonLethal,NightStreelightsOn,Yes,X-type,Normal,2Vehicles-Side,6,Tuesday,18,False,False
201800041640,NonLethal,NightStreelightsOn,Yes,X-type,Normal,2Vehicles-Side,12,Tuesday,17,False,False
201800031787,NonLethal,Daylight,Yes,NoIntersection,Normal,2Vehicles-Behind,6,Thursday,10,False,False
201800055388,NonLethal,Daylight,Yes,NoIntersection,Normal,3+Vehicles-Chain,5,Tuesday,15,False,False
201800055250,NonLethal,NightStreelightsOn,Yes,NoIntersection,Normal,2Vehicles-Side,1,Wednesday,7,False,False
201800038555,NonLethal,Daylight,Yes,Other,Normal,2Vehicles-Side,5,Friday,15,False,False
201800050429,NonLethal,NightStreelightsOn,Yes,X-type,LightRain,2Vehicles-Side,7,Tuesday,7,False,False
201800051898,NonLethal,NightStreelightsOn,Yes,X-type,Normal,2Vehicles-Side,12,Wednesday,17,False,False
201800024510,NonLethal,NightNoStreetLight,Yes,NoIntersection,Overcast,NoCollision,11,Wednesday,6,False,True
201800053037,NonLethal,Daylight,Yes,T-type,HeavyRain,NoCollision,5,Sunday,9,True,False
201800017861,NonLethal,Daylight,Yes,NoIntersection,Normal,2Vehicles-BehindVehicles-Frontal,8,Wednesday,18,False,False
201800012362,NonLethal,Daylight,Yes,NoIntersection,Normal,Other,1,Tuesday,16,False,False
201800026886,NonLethal,Daylight,Yes,X-type,Normal,2Vehicles-Side,4,Sunday,9,True,False
201800000846,NonLethal,Daylight,Yes,T-type,LightRain,3+Vehicles-Chain,10,Saturday,17,True,False
201800014596,NonLethal,NightNoStreetLight,Yes,NoIntersection,Normal,Other,11,Friday,17,False,False
201800000863,NonLethal,Daylight,Yes,NoIntersection,Normal,Other,1,Friday,16,False,False
201800007224,NonLethal,NightNoStreetLight,No,X-type,Normal,2Vehicles-Side,1,Friday,19,False,False
201800051612,NonLethal,TwilightOrDawn,Yes,X-type,Normal,2Vehicles-Side,11,Monday,16,False,False
201800009953,NonLethal,Daylight,Yes,NoIntersection,Normal,2Vehicles-Side,10,Saturday,14,True,False
201800031132,NonLethal,Daylight,Yes,NoIntersection,Normal,2Vehicles-Behind,10,Wednesday,19,False,False
201800008624,NonLethal,Daylight,Yes,NoIntersection,VeryGood,Other,2,Saturday,16,True,False
201800048821,NonLethal,TwilightOrDawn,No,NoIntersection,Normal,2Vehicles-Side,7,Monday,7,False,False
201800045049,NonLethal,Daylight,No,NoIntersection,Normal,Other,7,Friday,13,False,False
201800018387,NonLethal,Daylight,No,T-type,LightRain,2Vehicles-Side,9,Friday,7,False,False
201800032014,NonLethal,NightStreelightsOn,Yes,T-type,Overcast,2Vehicles-Side,11,Tuesday,18,False,False
201800015073,NonLethal,Daylight,No,X-type,Normal,2Vehicles-Side,12,Friday,20,False,False
201800012198,NonLethal,TwilightOrDawn,No,NoIntersection,Other,3+Vehicles-Multiple,12,Saturday,8,True,False
201800044667,NonLethal,Daylight,No,NoIntersection,Normal,Other,7,Tuesday,16,False,False
201800030529,NonLethal,Daylight,Yes,Roundabout,Normal,2Vehicles-Side,2,Thursday,15,False,False
201800001745,NonLethal,Daylight,Yes,NoIntersection,Normal,2Vehicles-Side,2,Tuesday,19,False,False
201800024693,NonLethal,NightStreelightsOn,Yes,T-type,Overcast,2Vehicles-Side,3,Thursday,21,False,False
201800042243,NonLethal,NightStreelightsOn,Yes,NoIntersection,Normal,2Vehicles-Side,3,Thursday,20,False,False
201800046179,NonLethal,Daylight,No,NoIntersection,Normal,2Vehicles-Side,9,Saturday,15,True,False
201800032572,NonLethal,NightStreelightsOn,Yes,NoIntersection,Normal,2Vehicles-Behind,9,Tuesday,19,False,False
201800000040,NonLethal,Daylight,Yes,T-type,Normal,3+Vehicles-Chain,10,Tuesday,11,False,False
201800003048,Lethal,NightNoStreetLight,No,NoIntersection,Normal,Other,10,Friday,1,False,True
201800039121,NonLethal,Daylight,Yes,NoIntersection,Normal,NoCollision,3,Thursday,8,False,False
201800015654,Lethal,NightNoStreetLight,No,NoIntersection,Normal,2Vehicles-BehindVehicles-Frontal,1,Wednesday,18,False,False
201800055062,NonLethal,TwilightOrDawn,Yes,NoIntersection,Normal,2Vehicles-Side,2,Wednesday,20,False,False
201800031182,NonLethal,NightNoStreetLight,Yes,NoIntersection,Normal,Other,1,Tuesday,19,False,False
201800034726,Lethal,NightNoStreetLight,No,NoIntersection,Normal,Other,2,Sunday,1,True,True
201800006564,NonLethal,Daylight,No,NoIntersection,LightRain,NoCollision,9,Friday,13,False,False
201800038523,NonLethal,Daylight,Yes,NoIntersection,Normal,2Vehicles-Side,12,Saturday,11,True,False
201800043872,NonLethal,NightNoStreetLight,No,NoIntersection,Normal,2Vehicles-Behind,3,Tuesday,19,False,False
201800002670,NonLethal,Daylight,No,NoIntersection,Normal,NoCollision,5,Sunday,18,True,False
201800045307,NonLethal,NightNoStreetLight,No,NoIntersection,Normal,2Vehicles-Side,10,Wednesday,7,False,False
201800030072,NonLethal,Daylight,Yes,NoIntersection,Normal,Other,11,Saturday,16,True,False
201800035462,NonLethal,NightStreelightsOn,Yes,NoIntersection,Overcast,Other,6,Monday,18,False,False
201800024285,NonLethal,TwilightOrDawn,Yes,NoIntersection,Overcast,2Vehicles-BehindVehicles-Frontal,3,Saturday,6,True,True
201800013823,NonLethal,NightNoStreetLight,No,NoIntersection,Overcast,2Vehicles-BehindVehicles-Frontal,10,Wednesday,22,False,False
201800056504,NonLethal,Daylight,Yes,NoIntersection,Normal,Other,7,Sunday,14,True,False
201800046279,NonLethal,NightNoStreetLight,No,NoIntersection,LightRain,2Vehicles-Side,10,Friday,3,False,True
201800023232,NonLethal,Daylight,Yes,NoIntersection,Normal,2Vehicles-BehindVehicles-Frontal,9,Friday,11,False,False
201800055666,NonLethal,Daylight,Yes,NoIntersection,Normal,Other,10,Tuesday,8,False,False
201800042065,NonLethal,Daylight,Yes,T-type,Normal,Other,12,Friday,14,False,False
201800015539,NonLethal,Daylight,No,NoIntersection,Normal,NoCollision,12,Friday,14,False,False
201800030687,NonLethal,Daylight,Yes,NoIntersection,Normal,Other,8,Friday,11,False,False
201800007038,NonLethal,Daylight,No,NoIntersection,Normal,2Vehicles-Behind,10,Thursday,15,False,False
201800057714,NonLethal,Daylight,Yes,NoIntersection,Normal,2Vehicles-Behind,9,Thursday,14,False,False
201800045028,NonLethal,NightNoStreetLight,No,NoIntersection,Normal,2Vehicles-Side,6,Saturday,1,True,True
201800036709,NonLethal,NightStreelightsOn,Yes,Roundabout,Normal,Other,5,Monday,6,False,True
201800043697,NonLethal,Daylight,Yes,T-type,VeryGood,2Vehicles-BehindVehicles-Frontal,1,Monday,7,False,False
201800034139,NonLethal,Daylight,No,NoIntersection,Normal,2Vehicles-Behind,4,Friday,16,False,False
201800048189,NonLethal,Daylight,Yes,X-type,Normal,2Vehicles-Side,4,Saturday,11,True,False
201800020458,NonLethal,Daylight,Yes,T-type,LightRain,2Vehicles-Side,3,Tuesday,17,False,False
201800036253,NonLethal,Daylight,Yes,NoIntersection,Normal,2Vehicles-Behind,5,Saturday,15,True,False
201800026433,Lethal,NightStreelightsOn,Yes,NoIntersection,LightRain,Other,7,Tuesday,2,False,True
201800043369,NonLethal,NightNoStreetLight,No,NoIntersection,Normal,Other,4,Friday,21,False,False
201800049969,NonLethal,Daylight,No,NoIntersection,Normal,2Vehicles-Behind,11,Thursday,8,False,False
201800032175,NonLethal,NightStreelightsOn,Yes,NoIntersection,Normal,Other,11,Sunday,21,True,False
201800052974,NonLethal,Daylight,Yes,Y-type,Normal,2Vehicles-Side,10,Thursday,9,False,False
201800004273,NonLethal,Daylight,No,NoIntersection,Normal,NoCollision,4,Tuesday,11,False,False
201800054228,NonLethal,Daylight,Yes,T-type,Normal,2Vehicles-Side,11,Saturday,10,True,False
201800006399,NonLethal,NightStreelightsOn,No,NoIntersection,Normal,Other,12,Friday,19,False,False
201800004394,NonLethal,Daylight,Yes,NoIntersection,Normal,2Vehicles-Side,6,Thursday,17,False,False
201800037903,NonLethal,TwilightOrDawn,Yes,NoIntersection,Normal,Other,4,Sunday,19,True,False
201800051772,NonLethal,NightStreelightsOn,Yes,NoIntersection,Normal,Other,7,Wednesday,3,False,True
201800043762,NonLethal,Daylight,Yes,NoIntersection,Normal,Other,12,Wednesday,17,False,False
201800053137,NonLethal,Daylight,Yes,NoIntersection,Normal,Other,4,Tuesday,18,False,False
201800025938,NonLethal,Daylight,Yes,NoIntersection,Normal,Other,3,Friday,12,False,False
201800025357,NonLethal,Daylight,Yes,Y-type,Normal,2Vehicles-Side,5,Tuesday,20,False,False
201800038040,NonLethal,Daylight,Yes,NoIntersection,Normal,Other,7,Tuesday,11,False,False
201800037948,NonLethal,NightStreelightsOn,Yes,NoIntersection,Normal,2Vehicles-Behind,9,Monday,20,False,False
201800005260,NonLethal,Daylight,Yes,NoIntersection,Normal,2Vehicles-Side,10,Sunday,15,True,False
201800011580,NonLethal,NightNoStreetLight,No,NoIntersection,Normal,Other,3,Monday,3,False,True
201800021770,NonLethal,Daylight,No,NoIntersection,Normal,2Vehicles-Behind,6,Monday,19,False,False
201800004140,NonLethal,NightStreelightsOn,Yes,NoIntersection,Normal,2Vehicles-BehindVehicles-Frontal,1,Monday,19,False,False
201800039213,NonLethal,Daylight,Yes,NoIntersection,Normal,Other,1,Saturday,17,True,False
201800034609,NonLethal,Daylight,Yes,NoIntersection,Normal,Other,6,Tuesday,21,False,False
201800026178,NonLethal,Daylight,Yes,NoIntersection,Normal,Other,3,Thursday,8,False,False
201800040219,NonLethal,Daylight,No,NoIntersection,Normal,Other,8,Monday,10,False,False
201800002901,Lethal,Daylight,No,NoIntersection,VeryGood,2Vehicles-Side,5,Tuesday,11,False,False
201800049233,NonLethal,Daylight,No,NoIntersection,Normal,Other,5,Wednesday,18,False,False
201800041607,NonLethal,Daylight,Yes,NoIntersection,Normal,2Vehicles-Behind,10,Wednesday,15,False,False
201800015576,NonLethal,Daylight,Yes,NoIntersection,Normal,2Vehicles-Behind,6,Friday,18,False,False
201800055880,NonLethal,Daylight,No,NoIntersection,Normal,2Vehicles-Side,6,Saturday,9,True,False
201800035088,NonLethal,Daylight,Yes,NoIntersection,Normal,2Vehicles-Side,7,Friday,14,False,False
201800031774,NonLethal,Daylight,No,T-type,Normal,2Vehicles-Side,6,Tuesday,14,False,False
201800024361,NonLethal,NightStreelightsOn,Yes,NoIntersection,Normal,Other,7,Thursday,21,False,False
201800026984,NonLethal,Daylight,Yes,X-type,Normal,Other,11,Tuesday,14,False,False
201800013545,NonLethal,TwilightOrDawn,No,X-type,LightRain,2Vehicles-Side,1,Wednesday,17,False,False
201800022828,NonLethal,Daylight,Yes,T-type,LightRain,Other,8,Thursday,13,False,False
201800018104,NonLethal,Daylight,Yes,Other,Normal,Other,2,Saturday,17,True,False
201800052926,NonLethal,Daylight,Yes,X-type,HeavyRain,Other,1,Monday,9,False,False
201800007486,NonLethal,Daylight,No,NoIntersection,Normal,3+Vehicles-Chain,12,Friday,13,False,False
201800018554,Lethal,Daylight,No,Other,Normal,2Vehicles-Side,4,Friday,15,False,False