AccidentId,Gravity,Light,InAgglomeration,IntersectionType,Weather,CollisionType,Month,DayOfWeek,HourOfDay,IsWeekend,IsNight
201800020363,NonLethal,NightNoStreetLight,No,NoIntersection,Normal,3+Vehicles-Multiple,11,Monday,20,False,False
201800042197,NonLethal,Daylight,Yes,NoIntersection,Normal,2Vehicles-Behind,6,Monday,16,False,False
201800000095,NonLethal,Daylight,Yes,X-type,Normal,Other,9,Thursday,16,False,False
201800016134,NonLethal,NightNoStreetLight,No,Roundabout,Normal,Other,6,Thursday,2,False,True
201800012941,NonLethal,Daylight,No,NoIntersection,Normal,NoCollision,8,Tuesday,16,False,False
201800025970,NonLethal,Daylight,No,NoIntersection,SnowOrHail,Other,6,Saturday,16,True,False
201800054730,NonLethal,Daylight,Yes,NoIntersection,Normal,Other,5,Friday,12,False,False
201800050106,NonLethal,Daylight,No,NoIntersection,Normal,2Vehicles-Side,11,Thursday,10,False,False
201800029722,NonLethal,Daylight,Yes,NoIntersection,Normal,Other,9,Thursday,17,False,False
201800009520,NonLethal,Daylight,Yes,NoIntersection,Normal,2Vehicles-Behind,8,Sunday,11,True,False
201800020525,NonLethal,Daylight,No,NoIntersection,Normal,Other,6,Wednesday,15,False,False
201800052150,NonLethal,Daylight,Yes,X-type,Normal,Other,9,Tuesday,15,False,False
201800042172,NonLethal,NightStreelightsOn,Yes,NoIntersection,Normal,Other,5,Sunday,21,True,False
201800001738,NonLethal,NightNoStreetLight,No,NoIntersection,LightRain,2Vehicles-BehindVehicles-Frontal,3,Thursday,23,False,False
201800033959,NonLethal,Daylight,Yes,NoIntersection,Normal,2Vehicles-Behind,3,Friday,18,False,False
201800033447,NonLethal,Daylight,Yes,NoIntersection,VeryGood,3+Vehicles-Multiple,3,Saturday,12,True,False
201800049736,NonLethal,Daylight,No,NoIntersection,Normal,2Vehicles-Behind,12,Monday,9,False,False
201800045204,NonLethal,Daylight,No,NoIntersection,Normal,2Vehicles-Behind,9,Monday,10,False,False
201800046036,NonLethal,NightNoStreetLight,No,Other,LightRain,Other,8,Monday,4,False,True
201800017603,NonLethal,Daylight,Yes,Roundabout,Normal,2Vehicles-Side,1,Tuesday,10,False,False
201800022944,NonLethal,Daylight,Yes,T-type,Normal,2Vehicles-Side,1,Wednesday,7,False,False
201800016258,NonLethal,Daylight,No,NoIntersection,Normal,Other,4,Wednesday,16,False,False
201800019763,NonLethal,Daylight,Yes,NoIntersection,LightRain,2Vehicles-BehindVehicles-Frontal,10,Monday,13,False,False
201800013273,NonLethal,Daylight,Yes,NoIntersection,Normal,Other,8,Friday,14,False,False
201800029303,NonLethal,TwilightOrDawn,No,T-type,Normal,2Vehicles-Side,6,Thursday,22,False,False
201800053113,NonLethal,NightStreelightsOn,Yes,T-type,Normal,2Vehicles-Behind,12,Sunday,23,True,False
201800012996,NonLethal,NightNoStreetLight,No,NoIntersection,LightRain,Other,10,Saturday,21,True,False
201800047801,NonLethal,NightStreelightsOn,Yes,Roundabout,LightRain,2Vehicles-Side,11,Friday,21,False,False
201800040983,NonLethal,Daylight,Yes,Other,Normal,2Vehicles-Side,11,Tuesday,15,False,False
201800010775,NonLethal,Daylight,Yes,NoIntersection,Overcast,NoCollision,7,Sunday,16,True,False
201800033111,NonLethal,Daylight,No,NoIntersection,Normal,2Vehicles-Behind,4,Tuesday,8,False,False
201800042343,Lethal,Daylight,Yes,T-type,Overcast,2Vehicles-Side,8,Friday,12,False,False
201800009054,NonLethal,NightStreelightsOn,Yes,Other,Normal,2Vehicles-Side,5,Thursday,23,False,False
201800016364,NonLethal,Daylight,No,NoIntersection,Normal,2Vehicles-Side,7,Thursday,9,False,False
201800035203,NonLethal,TwilightOrDawn,No,NoIntersection,LightRain,NoCollision,6,Sunday,21,True,False
201800026514,NonLethal,Daylight,Yes,NoIntersection,Normal,Other,5,Tuesday,11,False,False
201800005600,NonLethal,Daylight,Yes,NoIntersection,Normal,Other,2,Tuesday,8,False,False
201800047066,NonLethal,NightNoStreetLight,No,NoIntersection,LightRain,2Vehicles-Side,11,Friday,20,False,False
201800035872,NonLethal,Daylight,Yes,NoIntersection,Normal,2Vehicles-Behind,3,Thursday,14,False,False
201800029945,NonLethal,Daylight,Yes,NoIntersection,Normal,Other,3,Friday,17,False,False
201800053517,NonLethal,Daylight,Yes,X-type,Normal,Other,9,Friday,14,False,False
201800051850,NonLethal,TwilightOrDawn,Yes,X-type,Normal,Other,11,Sunday,17,True,False
201800046530,NonLethal,Daylight,No,Roundabout,Normal,2Vehicles-Side,4,Tuesday,18,False,False
201800014350,NonLethal,Daylight,No,NoIntersection,Normal,Other,9,Saturday,17,True,False
201800026153,NonLethal,TwilightOrDawn,Yes,Roundabout,Normal,2Vehicles-Side,10,Monday,7,False,False
201800017266,NonLethal,NightStreelightsOn,Yes,T-type,Normal,2Vehicles-Side,8,Saturday,17,True,False
201800006756,NonLethal,NightNoStreetLight,No,NoIntersection,LightRain,Other,11,Sunday,0,True,True
201800015151,NonLethal,Daylight,Yes,Roundabout,Normal,2Vehicles-Side,5,Wednesday,7,False,False
201800037874,NonLethal,NightStreelightsOn,Yes,NoIntersection,Normal,Other,11,Tuesday,23,False,False
201800029653,NonLethal,Daylight,Yes,NoIntersection,Normal,2Vehicles-Side,4,Friday,19,False,False
201800035606,NonLethal,Daylight,No,Other,Normal,2Vehicles-Side,9,Friday,8,False,False
201800046826,NonLethal,Daylight,No,NoIntersection,LightRain,2Vehicles-Behind,8,Tuesday,10,False,False
201800032408,NonLethal,TwilightOrDawn,Yes,NoIntersection,Normal,2Vehicles-Side,3,Sunday,19,True,False
201800043519,NonLethal,Daylight,Yes,NoIntersection,SnowOrHail,Other,2,Friday,12,False,False
201800015053,NonLethal,Daylight,No,NoIntersection,Normal,NoCollision,7,Sunday,11,True,False
201800027526,NonLethal,NightStreelightsOn,Yes,NoIntersection,Normal,2Vehicles-Side,11,Tuesday,7,False,False
201800042900,NonLethal,NightStreelightsOn,Yes,T-type,Normal,2Vehicles-Behind,5,Tuesday,22,False,False
201800005487,NonLethal,Daylight,Yes,NoIntersection,Normal,2Vehicles-Side,11,Wednesday,11,False,False
201800023331,NonLethal,TwilightOrDawn,Yes,NoIntersection,LightRain,2Vehicles-BehindVehicles-Frontal,11,Wednesday,17,False,False
201800056955,NonLethal,Daylight,Yes,NoIntersection,Normal,3+Vehicles-Chain,5,Thursday,13,False,False
201800040901,NonLethal,Daylight,Yes,NoIntersection,Normal,Other,6,Monday,8,False,False
201800021032,NonLethal,Daylight,Yes,NoIntersection,LightRain,2Vehicles-Side,8,Saturday,17,True,False
201800040925,NonLethal,Daylight,Yes,NoIntersection,Normal,Other,8,Saturday,19,True,False
201800014862,NonLethal,Daylight,No,NoIntersection,Normal,Other,8,Wednesday,17,False,False
201800052265,NonLethal,Daylight,Yes,X-type,Normal,Other,11,Saturday,12,True,False
201800036505,NonLethal,NightNoStreetLight,Yes,NoIntersection,LightRain,Other,11,Friday,20,False,False
201800034563,NonLethal,Daylight,Yes,T-type,Normal,2Vehicles-Side,10,Friday,8,False,False
201800012649,Lethal,Daylight,No,NoIntersection,Normal,Other,3,Saturday,16,True,False
201800001017,NonLethal,TwilightOrDawn,Yes,NoIntersection,LightRain,2Vehicles-BehindVehicles-Frontal,10,Thursday,17,False,False
201800046775,NonLethal,Daylight,No,NoIntersection,Normal,3+Vehicles-Chain,7,Saturday,11,True,False
201800045569,NonLethal,NightNoStreetLight,No,NoIntersection,Other,Other,12,Thursday,5,False,True
201800005216,NonLethal,Daylight,Yes,NoIntersection,HeavyRain,Other,12,Tuesday,13,False,False
201800006461,NonLethal,Daylight,No,NoIntersection,SnowOrHail,2Vehicles-Side,2,Wednesday,10,False,False
201800027272,NonLethal,Daylight,Yes,NoIntersection,Normal,2Vehicles-Side,2,Monday,8,False,False
201800045464,NonLethal,NightStreelightsOn,No,NoIntersection,Normal,2Vehicles-Behind,11,Friday,19,False,False
201800046271,NonLethal,NightStreelightsOn,No,NoIntersection,Normal,Other,12,Wednesday,23,False,False
201800023834,NonLethal,NightStreelightsOn,Yes,X-type,LightRain,2Vehicles-Behind,12,Saturday,1,True,True
201800038667,NonLethal,NightStreelightsOn,Yes,NoIntersection,Normal,2Vehicles-Side,1,Monday,18,False,False
201800048677,NonLethal,Daylight,Yes,X-type,Overcast,3+Vehicles-Chain,11,Sunday,9,True,False
201800039413,NonLethal,TwilightOrDawn,Yes,X-type,Normal,2Vehicles-Side,8,Friday,6,False,True
201800027745,NonLethal,Daylight,Yes,NoIntersection,Normal,2Vehicles-Side,5,Monday,9,False,False
201800001351,NonLethal,Daylight,No,NoIntersection,Normal,Other,10,Sunday,13,True,False
201800019360,NonLethal,NightNoStreetLight,No,NoIntersection,HeavyRain,2Vehicles-BehindVehicles-Frontal,12,Saturday,21,True,False
201800048797,NonLethal,NightNoStreetLight,No,NoIntersection,LightRain,Other,1,Tuesday,0,False,True
201800026974,NonLethal,Daylight,Yes,NoIntersection,LightRain,Other,10,Sunday,14,True,False
201800021020,NonLethal,Daylight,Yes,NoIntersection,Normal,Other,7,Wednesday,10,False,False
201800026600,NonLethal,Daylight,Yes,X-type,Normal,2Vehicles-BehindVehicles-Frontal,11,Friday,14,False,False
201800049085,NonLethal,TwilightOrDawn,No,NoIntersection,Normal,2Vehicles-Behind,12,Friday,8,False,False
201800004707,NonLethal,TwilightOrDawn,No,NoIntersection,Normal,2Vehicles-Side,12,Friday,16,False,False
201800010546,NonLethal,Daylight,No,NoIntersection,Normal,Other,10,Sunday,21,True,False
201800013876,NonLethal,Daylight,Yes,NoIntersection,Normal,Other,4,Monday,11,False,False
201800035454,NonLethal,Daylight,Yes,T-type,Normal,Other,9,Sunday,11,True,False
201800006870,NonLethal,Daylight,No,NoIntersection,Normal,2Vehicles-Behind,3,Sunday,7,True,False
201800055065,NonLethal,Daylight,Yes,NoIntersection,Normal,Other,7,Tuesday,16,False,False
201800032511,NonLethal,Daylight,Yes,MoreThan4Branches,Normal,2Vehicles-Side,7,Thursday,6,False,True
201800010079,NonLethal,Daylight,Yes,Roundabout,Normal,Other,11,Saturday,12,True,False
201800023974,NonLethal,Daylight,Yes,X-type,Normal,2Vehicles-Side,8,Sunday,19,True,False
201800025514,NonLethal,Daylight,Yes,Roundabout,Normal,NoCollision,9,Friday,7,False,False
201800050985,NonLethal,NightStreelightsOn,Yes,X-type,Normal,2Vehicles-Side,2,Friday,18,False,False
201800034706,NonLethal,Daylight,No,Other,Normal,Other,12,Thursday,12,False,False
201800045274,NonLethal,Daylight,No,NoIntersection,Normal,3+Vehicles-Chain,10,Friday,9,False,False
201800049936,NonLethal,Daylight,No,NoIntersection,Normal,2Vehicles-Behind,7,Saturday,15,True,False
201800000485,Lethal,Daylight,Yes,Roundabout,Normal,Other,6,Thursday,21,False,False
201800037554,NonLethal,Daylight,Yes,NoIntersection,Normal,2Vehicles-Side,6,Wednesday,7,False,False
201800005476,NonLethal,Daylight,Yes,NoIntersection,Normal,2Vehicles-Behind,10,Thursday,18,False,False
201800030458,NonLethal,Daylight,Yes,NoIntersection,Normal,Other,5,Tuesday,16,False,False
201800028899,NonLethal,Daylight,Yes,NoIntersection,Normal,Other,8,Thursday,15,False,False
201800004113,Lethal,TwilightOrDawn,No,NoIntersection,StrongWindOrStorm,NoCollision,1,Wednesday,7,False,False
201800055280,NonLethal,Daylight,Yes,NoIntersection,Normal,3+Vehicles-Chain,3,Friday,15,False,False
201800021106,NonLethal,Daylight,No,Roundabout,Normal,2Vehicles-Side,1,Sunday,11,True,False
201800015988,NonLethal,NightStreelightsOn,No,NoIntersection,FogOrSmoke,Other,11,Thursday,21,False,False
201800022262,NonLethal,Daylight,No,NoIntersection,Normal,2Vehicles-Behind,7,Tuesday,13,False,False
201800013698,NonLethal,TwilightOrDawn,Yes,NoIntersection,Normal,Other,12,Tuesday,7,False,False
201800005863,NonLethal,Daylight,Yes,NoIntersection,Normal,2Vehicles-Behind,7,Thursday,15,False,False
201800024858,NonLethal,Daylight,Yes,X-type,Normal,2Vehicles-Side,3,Thursday,11,False,False
201800013799,NonLethal,Daylight,No,NoIntersection,Normal,Other,10,Monday,6,False,True
201800008578,NonLethal,Daylight,Yes,NoIntersection,Normal,Other,2,Thursday,8,False,False
201800043329,NonLethal,Daylight,Yes,NoIntersection,Normal,2Vehicles-Side,6,Sunday,15,True,False
201800051976,NonLethal,Daylight,Yes,NoIntersection,Overcast,Other,3,Friday,14,False,False
201800054038,NonLethal,Daylight,Yes,NoIntersection,Normal,Other,3,Thursday,12,False,False
201800025733,NonLethal,Daylight,Yes,X-type,Normal,2Vehicles-Side,7,Sunday,13,True,False
201800018768,NonLethal,Daylight,No,NoIntersection,Normal,NoCollision,8,Saturday,15,True,False
201800015600,Lethal,NightNoStreetLight,No,NoIntersection,Normal,Other,11,Friday,6,False,True
201800042311,NonLethal,Daylight,Yes,T-type,Normal,Other,6,Monday,8,False,False
201800033137,NonLethal,TwilightOrDawn,Yes,Square,Normal,2Vehicles-Behind,7,Tuesday,21,False,False
201800024356,NonLethal,Daylight,Yes,NoIntersection,Normal,2Vehicles-Side,6,Thursday,16,False,False
201800054509,NonLethal,Daylight,Yes,NoIntersection,Normal,2Vehicles-Side,8,Monday,13,False,False
201800034329,NonLethal,Daylight,Yes,NoIntersection,Normal,Other,6,Thursday,17,False,False
201800057034,NonLethal,Daylight,Yes,NoIntersection,Normal,2Vehicles-BehindVehicles-Frontal,9,Saturday,7,True,False
201800034819,NonLethal,Daylight,Yes,X-type,Normal,2Vehicles-Side,9,Wednesday,9,False,False
201800048834,NonLethal,Daylight,No,NoIntersection,Normal,3+Vehicles-Chain,3,Saturday,11,True,False
201800025582,NonLethal,NightStreelightsOn,Yes,X-type,HeavyRain,Other,11,Tuesday,18,False,False
201800002432,NonLethal,Daylight,No,NoIntersection,Overcast,2Vehicles-BehindVehicles-Frontal,3,Sunday,17,True,False
201800019033,NonLethal,Daylight,No,NoIntersection,Normal,2Vehicles-BehindVehicles-Frontal,8,Tuesday,18,False,False
201800023729,NonLethal,TwilightOrDawn,No,X-type,Normal,2Vehicles-BehindVehicles-Frontal,8,Tuesday,20,False,False
201800009289,NonLethal,Daylight,Yes,NoIntersection,Normal,Other,4,Saturday,7,True,False
201800014915,Lethal,NightNoStreetLight,No,NoIntersection,LightRain,NoCollision,11,Friday,19,False,False
201800052328,NonLethal,NightStreelightsOn,Yes,NoIntersection,SnowOrHail,Other,5,Wednesday,22,False,False
201800017531,NonLethal,Daylight,No,NoIntersection,HeavyRain,2Vehicles-BehindVehicles-Frontal,11,Friday,14,False,False
201800006070,NonLethal,NightNoStreetLight,No,NoIntersection,Normal,3+Vehicles-Multiple,7,Wednesday,21,False,False
201800056156,NonLethal,NightNoStreetLight,Yes,NoIntersection,Normal,Other,11,Monday,19,False,False
201800006407,NonLethal,NightNoStreetLight,No,X-type,Normal,Other,11,Wednesday,23,False,False
201800021118,NonLethal,Daylight,Yes,Roundabout,Normal,2Vehicles-Side,10,Sunday,10,True,False
201800000947,NonLethal,Daylight,Yes,Roundabout,Normal,NoCollision,6,Sunday,15,True,False
201800053852,NonLethal,NightStreelightsOn,Yes,X-type,Normal,Other,8,Thursday,0,False,True
201800013734,NonLethal,NightStreelightsOn,Yes,NoIntersection,Normal,2Vehicles-Side,1,Thursday,18,False,False
201800031170,NonLethal,Daylight,Yes,NoIntersection,Normal,Other,1,Wednesday,16,False,False
201800031708,NonLethal,TwilightOrDawn,Yes,T-type,Normal,2Vehicles-Side,4,Sunday,19,True,False
201800045412,NonLethal,Daylight,No,NoIntersection,Normal,3+Vehicles-Chain,3,Sunday,13,True,False
201800040183,NonLethal,Daylight,Yes,X-type,Normal,3+Vehicles-Multiple,4,Saturday,15,True,False
201800035508,NonLethal,NightStreelightsOn,Yes,NoIntersection,LightRain,2Vehicles-Behind,2,Monday,6,False,True
201800029700,NonLethal,Daylight,Yes,X-type,Normal,2Vehicles-Side,1,Sunday,17,True,False
201800025424,NonLethal,Daylight,Yes,NoIntersection,Normal,2Vehicles-Behind,11,Wednesday,15,False,False
201800003591,NonLethal,Daylight,Yes,NoIntersection,Normal,NoCollision,7,Friday,17,False,False
201800012027,NonLethal,Daylight,No,NoIntersection,Normal,3+Vehicles-Multiple,5,Monday,15,False,False
201800035715,NonLethal,Daylight,Yes,T-type,Normal,2Vehicles-Side,8,Wednesday,19,False,False
201800002681,NonLethal,Daylight,Yes,NoIntersection,Normal,Other,7,Sunday,15,True,False
201800029539,NonLethal,Daylight,Yes,X-type,Normal,2Vehicles-Side,6,Tuesday,10,False,False
201800031458,Lethal,Daylight,Yes,NoIntersection,Normal,Other,2,Friday,9,False,False
201800055913,Lethal,NightNoStreetLight,No,NoIntersection,Normal,Other,1,Thursday,19,False,False
201800036293,NonLethal,NightStreelightsOn,Yes,T-type,Other,Other,12,Sunday,19,True,False
201800008151,NonLethal,Daylight,Yes,NoIntersection,HeavyRain,2Vehicles-BehindVehicles-Frontal,3,Thursday,11,False,False
201800044867,NonLethal,Daylight,No,NoIntersection,Normal,3+Vehicles-Multiple,10,Friday,20,False,False
201800006447,NonLethal,NightStreelightsOn,Yes,NoIntersection,Normal,NoCollision,9,Tuesday,6,False,True
201800035674,NonLethal,Daylight,No,Other,Normal,2Vehicles-Side,6,Saturday,14,True,False
201800044676,NonLethal,NightStreelightsOff,No,NoIntersection,Normal,Other,9,Monday,22,False,False
201800016748,NonLethal,Daylight,No,NoIntersection,Normal,Other,6,Tuesday,7,False,False
201800036847,NonLethal,Daylight,Yes,NoIntersection,Normal,Other,7,Sunday,16,True,False
201800036045,NonLethal,Daylight,No,NoIntersection,LightRain,2Vehicles-Behind,4,Thursday,14,False,False
201800016830,NonLethal,NightNoStreetLight,No,X-type,LightRain,2Vehicles-Side,12,Monday,6,False,True
201800015687,Lethal,NightStreelightsOn,Yes,NoIntersection,Overcast,Other,3,Saturday,21,True,False
201800054166,NonLethal,Daylight,Yes,NoIntersection,Normal,Other,7,Wednesday,21,False,False
201800011131,NonLethal,NightStreelightsOn,Yes,NoIntersection,Normal,NoCollision,8,Friday,2,False,True
201800048119,NonLethal,Daylight,Yes,NoIntersection,Normal,Other,8,Friday,13,False,False
201800031653,NonLethal,Daylight,Yes,NoIntersection,Normal,Other,5,Wednesday,15,False,False
201800002403,NonLethal,TwilightOrDawn,No,NoIntersection,FogOrSmoke,2Vehicles-Side,10,Saturday,7,True,False
201800046975,NonLethal,TwilightOrDawn,No,NoIntersection,Normal,3+Vehicles-Chain,10,Saturday,19,True,False
201800033703,NonLethal,NightStreelightsOn,Yes,NoIntersection,LightRain,Other,4,Sunday,19,True,False
201800054737,NonLethal,TwilightOrDawn,Yes,X-type,LightRain,2Vehicles-BehindVehicles-Frontal,1,Saturday,21,True,False
201800014894,NonLethal,Daylight,No,X-type,Normal,2Vehicles-Side,8,Saturday,17,True,False
201800053551,NonLethal,NightStreelightsOn,Yes,X-type,Normal,2Vehicles-Side,7,Tuesday,1,False,True
201800048502,NonLethal,NightStreelightsOn,Yes,NoIntersection,LightRain,2Vehicles-Behind,9,Thursday,21,False,False
201800048259,NonLethal,NightStreelightsOn,Yes,NoIntersection,Normal,2Vehicles-Side,5,Monday,0,False,True
201800031943,NonLethal,Daylight,Yes,T-type,Normal,2Vehicles-Behind,9,Wednesday,17,False,False
201800013180,NonLethal,Daylight,Yes,NoIntersection,Normal,Other,7,Friday,16,False,False
201800055443,NonLethal,Daylight,Yes,Y-type,Normal,3+Vehicles-Chain,6,Sunday,17,True,False
201800010586,NonLethal,TwilightOrDawn,Yes,NoIntersection,Normal,Other,12,Wednesday,7,False,False
201800047764,NonLethal,Daylight,Yes,Other,Normal,3+Vehicles-Chain,10,Tuesday,16,False,False
201800041843,NonLethal,NightStreelightsOn,Yes,T-type,Normal,2Vehicles-Side,1,Monday,0,False,True
201800018621,NonLethal,NightNoStreetLight,No,NoIntersection,Normal,Other,4,Saturday,2,True,True
201800048176,NonLethal,Daylight,Yes,NoIntersection,Normal,2Vehicles-Behind,12,Tuesday,18,False,False
201800005900,NonLethal,Daylight,Yes,NoIntersection,Normal,Other,5,Sunday,14,True,False
201800035479,Lethal,Daylight,Yes,NoIntersection,Normal,Other,10,Friday,18,False,False
201800000763,NonLethal,Daylight,Yes,T-type,Normal,NoCollision,2,Friday,12,False,False
201800027102,NonLethal,Daylight,Yes,Roundabout,Normal,2Vehicles-Side,1,Wednesday,9,False,False
201800005958,NonLethal,NightStreelightsOn,No,NoIntersection,Normal,2Vehicles-Behind,12,Thursday,17,False,False
201800057571,NonLethal,Daylight,Yes,NoIntersection,Normal,Other,2,Thursday,15,False,False
201800056753,NonLethal,Daylight,No,Other,Normal,3+Vehicles-Chain,11,Monday,17,False,False
201800021228,NonLethal,NightStreelightsOn,Yes,NoIntersection,Normal,Other,12,Sunday,21,True,False
201800026830,NonLethal,Daylight,Yes,X-type,Normal,2Vehicles-Side,8,Monday,7,False,False
201800019687,NonLethal,Daylight,Yes,NoIntersection,Normal,NoCollision,7,Thursday,18,False,False
201800015738,NonLethal,Daylight,Yes,NoIntersection,Normal,Other,6,Wednesday,11,False,False
201800006152,NonLethal,Daylight,No,NoIntersection,Normal,2Vehicles-Behind,2,Thursday,15,False,False
201800004931,NonLethal,Daylight,Yes,NoIntersection,Normal,Other,10,Sunday,18,True,False
201800030415,NonLethal,Daylight,Yes,NoIntersection,Normal,Other,9,Monday,16,False,False
201800053369,NonLethal,Daylight,Yes,Y-type,Normal,2Vehicles-Side,5,Tuesday,9,False,False
201800048995,NonLethal,Daylight,No,NoIntersection,Normal,2Vehicles-Behind,9,Friday,8,False,False
201800035093,NonLethal,Daylight,Yes,X-type,Normal,2Vehicles-Side,7,Sunday,18,True,False
201800017000,NonLethal,NightNoStreetLight,No,NoIntersection,Normal,Other,11,Sunday,5,True,True
201800052567,NonLethal,Daylight,Yes,T-type,Normal,2Vehicles-Side,10,Wednesday,10,False,False
201800035295,NonLethal,NightStreelightsOn,Yes,NoIntersection,Normal,2Vehicles-Side,4,Monday,21,False,False
201800051646,NonLethal,TwilightOrDawn,Yes,X-type,Normal,2Vehicles-Side,1,Tuesday,8,False,False
201800010184,NonLethal,NightStreelightsOn,Yes,NoIntersection,Normal,2Vehicles-Behind,12,Wednesday,18,False,False
201800040439,NonLethal,Daylight,Yes,NoIntersection,Normal,2Vehicles-Side,9,Monday,15,False,False
201800000540,NonLethal,Daylight,No,NoIntersection,Normal,2Vehicles-Behind,2,Tuesday,11,False,False
201800018133,NonLethal,NightNoStreetLight,No,NoIntersection,Normal,3+Vehicles-Multiple,10,Thursday,20,False,False
201800049178,NonLethal,NightStreelightsOff,No,NoIntersection,LightRain,2Vehicles-Side,11,Tuesday,20,False,False
201800011596,NonLethal,Daylight,No,NoIntersection,LightRain,2Vehicles-Side,1,Saturday,16,True,False
201800010403,NonLethal,NightStreelightsOn,Yes,X-type,Normal,Other,7,Friday,1,False,True
201800016474,NonLethal,Daylight,Yes,X-type,Normal,2Vehicles-Side,3,Saturday,16,True,False
201800002016,NonLethal,Daylight,Yes,X-type,Normal,Other,3,Thursday,8,False,False
201800037794,NonLethal,Daylight,Yes,NoIntersection,LightRain,Other,4,Monday,17,False,False
201800053616,NonLethal,NightStreelightsOn,Yes,X-type,LightRain,NoCollision,11,Saturday,0,True,True
201800012696,NonLethal,NightNoStreetLight,No,NoIntersection,Normal,NoCollision,10,Monday,22,False,False
201800028321,NonLethal,Daylight,Yes,NoIntersection,Normal,Other,1,Friday,11,False,False
201800028064,NonLethal,Daylight,Yes,NoIntersection,Normal,2Vehicles-Side,7,Sunday,11,True,False
201800010599,Lethal,Daylight,Yes,LevelCrossing,VeryGood,Other,9,Saturday,19,True,False
201800036101,NonLethal,Daylight,Yes,Other,Normal,2Vehicles-Side,6,Wednesday,11,False,False
201800046117,NonLethal,NightStreelightsOff,No,NoIntersection,Normal,Other,9,Wednesday,22,False,False
201800018993,Lethal,NightNoStreetLight,No,NoIntersection,LightRain,Other,3,Sunday,5,True,True
201800004104,Lethal,Daylight,No,T-type,Normal,2Vehicles-Side,9,Tuesday,10,False,False
201800024938,NonLethal,Daylight,Yes,Roundabout,Normal,2Vehicles-Side,10,Thursday,8,False,False
201800012168,NonLethal,Daylight,Yes,X-type,Normal,2Vehicles-Side,12,Sunday,12,True,False
201800002124,NonLethal,Daylight,Yes,NoIntersection,Normal,Other,2,Friday,17,False,False
201800002774,NonLethal,Daylight,Yes,NoIntersection,Normal,2Vehicles-BehindVehicles-Frontal,2,Monday,8,False,False
201800039775,NonLethal,Daylight,Yes,NoIntersection,LightRain,2Vehicles-Behind,2,Saturday,14,True,False
201800020063,Lethal,Daylight,No,NoIntersection,Normal,2Vehicles-BehindVehicles-Frontal,10,Thursday,8,False,False
201800053917,NonLethal,NightStreelightsOn,Yes,NoIntersection,Normal,2Vehicles-Side,10,Sunday,6,True,True
201800034753,NonLethal,NightStreelightsOn,Yes,T-type,Normal,2Vehicles-Side,7,Monday,23,False,False
201800028035,NonLethal,Daylight,Yes,NoIntersection,Normal,2Vehicles-Side,6,Monday,7,False,False
201800025879,NonLethal,TwilightOrDawn,Yes,NoIntersection,Normal,2Vehicles-Side,2,Wednesday,7,False,False
201800008708,NonLethal,NightStreelightsOn,Yes,NoIntersection,Normal,3+Vehicles-Multiple,3,Wednesday,19,False,False
201800055037,NonLethal,NightStreelightsOn,Yes,NoIntersection,HeavyRain,2Vehicles-BehindVehicles-Frontal,6,Tuesday,0,False,True
201800041336,NonLethal,Daylight,Yes,NoIntersection,Normal,Other,3,Monday,18,False,False
201800049679,NonLethal,NightNoStreetLight,No,Other,LightRain,2Vehicles-Side,6,Saturday,7,True,False
201800039397,NonLethal,Daylight,Yes,NoIntersection,Normal,2Vehicles-Side,7,Monday,9,False,False
201800008005,NonLethal,Daylight,No,Other,Normal,2Vehicles-Side,3,Monday,12,False,False
201800002427,NonLethal,Daylight,Yes,NoIntersection,Normal,Other,5,Thursday,18,False,False
201800003982,NonLethal,Daylight,No,NoIntersection,LightRain,2Vehicles-BehindVehicles-Frontal,5,Tuesday,10,False,False
201800004402,NonLethal,Daylight,No,NoIntersection,Normal,Other,11,Tuesday,8,False,False
201800032977,NonLethal,NightNoStreetLight,No,NoIntersection,Normal,NoCollision,12,Sunday,19,True,False
201800036922,NonLethal,Daylight,Yes,NoIntersection,Normal,2Vehicles-Side,10,Wednesday,13,False,False
201800042930,Lethal,Daylight,Yes,NoIntersection,Normal,Other,10,Sunday,8,True,False
201800027658,NonLethal,Daylight,Yes,NoIntersection,Normal,2Vehicles-BehindVehicles-Frontal,6,Monday,14,False,False
201800007885,NonLethal,NightNoStreetLight,No,NoIntersection,Normal,Other,7,Sunday,3,True,True
201800050657,NonLethal,Daylight,Yes,Square,Normal,Other,2,Monday,14,False,False
201800002139,NonLethal,Daylight,No,NoIntersection,Normal,NoCollision,3,Wednesday,10,False,False
201800015080,NonLethal,Daylight,No,X-type,HeavyRain,2Vehicles-Side,10,Monday,11,False,False
201800045159,Lethal,NightNoStreetLight,No,NoIntersection,Normal,NoCollision,8,Tuesday,3,False,True
201800003118,Lethal,NightNoStreetLight,No,NoIntersection,Normal,Other,7,Thursday,22,False,False
201800000648,NonLethal,Daylight,No,NoIntersection,Normal,2Vehicles-BehindVehicles-Frontal,7,Sunday,13,True,False
201800032199,NonLethal,Daylight,Yes,X-type,Normal,2Vehicles-Side,8,Saturday,15,True,False
201800043166,NonLethal,Daylight,Yes,X-type,LightRain,Other,3,Monday,14,False,False
201800003622,NonLethal,Daylight,Yes,NoIntersection,Overcast,Other,2,Monday,17,False,False
201800020684,NonLethal,NightStreelightsOn,Yes,Other,Normal,NoCollision,8,Saturday,21,True,False