AccidentId,Gravity,Light,InAgglomeration,IntersectionType,Weather,CollisionType,Month,DayOfWeek,HourOfDay,IsWeekend,IsNight
201800050500,NonLethal,NightStreelightsOn,Yes,Square,LightRain,2Vehicles-Side,7,Wednesday,4,False,True
201800019782,NonLethal,NightNoStreetLight,No,NoIntersection,LightRain,2Vehicles-Behind,6,Monday,20,False,False
201800042522,NonLethal,Daylight,Yes,T-type,Normal,2Vehicles-Side,11,Saturday,14,True,False
201800014020,NonLethal,NightNoStreetLight,No,Y-type,LightRain,Other,2,Sunday,23,True,False
201800033984,NonLethal,Daylight,Yes,X-type,Normal,2Vehicles-Side,5,Saturday,21,True,False
201800002001,NonLethal,Daylight,No,NoIntersection,Normal,NoCollision,1,Wednesday,9,False,False
201800004817,NonLethal,TwilightOrDawn,No,T-type,SnowOrHail,2Vehicles-Side,2,Tuesday,7,False,False
201800039249,NonLethal,Daylight,Yes,Y-type,HeavyRain,2Vehicles-Side,4,Monday,13,False,False
201800054402,NonLethal,Daylight,Yes,X-type,Normal,Other,5,Saturday,18,True,False
201800019231,NonLethal,NightNoStreetLight,No,NoIntersection,Normal,Other,10,Wednesday,0,False,True
201800011200,NonLethal,Daylight,No,NoIntersection,HeavyRain,Other,9,Sunday,18,True,False
201800057385,NonLethal,Daylight,Yes,X-type,Normal,2Vehicles-Side,11,Monday,16,False,False
201800044625,NonLethal,Daylight,No,NoIntersection,LightRain,2Vehicles-Behind,2,Tuesday,8,False,False
201800045276,NonLethal,TwilightOrDawn,No,NoIntersection,Normal,Other,10,Friday,18,False,False
201800027801,NonLethal,Daylight,Yes,T-type,Normal,Other,11,Wednesday,9,False,False
201800044119,NonLethal,NightStreelightsOn,No,NoIntersection,Normal,2Vehicles-Behind,7,Wednesday,1,False,True
201800001966,NonLethal,Daylight,No,NoIntersection,Normal,NoCollision,4,Monday,20,False,False
201800002754,NonLethal,NightStreelightsOn,Yes,NoIntersection,Normal,NoCollision,4,Monday,22,False,False
201800039660,NonLethal,NightStreelightsOn,Yes,T-type,Normal,2Vehicles-Side,9,Wednesday,21,False,False
201800020255,NonLethal,Daylight,Yes,T-type,Normal,3+Vehicles-Multiple,8,Friday,17,False,False
201800012588,NonLethal,Daylight,No,NoIntersection,Normal,Other,1,Sunday,15,True,False
201800027329,NonLethal,Daylight,Yes,NoIntersection,Normal,Other,6,Friday,20,False,False
201800020643,NonLethal,Daylight,Yes,T-type,LightRain,2Vehicles-Side,12,Thursday,14,False,False
201800029470,NonLethal,NightStreelightsOn,Yes,NoIntersection,LightRain,Other,2,Sunday,5,True,True
201800010096,NonLethal,NightStreelightsOn,Yes,NoIntersection,LightRain,2Vehicles-Side,11,Wednesday,18,False,False
201800010794,NonLethal,Daylight,No,NoIntersection,Normal,NoCollision,7,Tuesday,13,False,False
201800052181,NonLethal,NightStreelightsOn,Yes,T-type,Normal,Other,9,Monday,7,False,False
201800041603,NonLethal,Daylight,Yes,NoIntersection,Normal,2Vehicles-Side,3,Saturday,16,True,False
201800031813,NonLethal,TwilightOrDawn,Yes,NoIntersection,Normal,2Vehicles-Behind,8,Tuesday,5,False,True
201800054660,NonLethal,NightStreelightsOn,Yes,NoIntersection,Normal,2Vehicles-BehindVehicles-Frontal,3,Friday,0,False,True
201800042452,NonLethal,NightStreelightsOn,Yes,NoIntersection,Normal,2Vehicles-BehindVehicles-Frontal,4,Tuesday,6,False,True
201800020617,NonLethal,Daylight,Yes,NoIntersection,Normal,Other,9,Sunday,9,True,False
201800018193,NonLethal,Daylight,Yes,T-type,Normal,Other,7,Sunday,18,True,False
201800021816,NonLethal,Daylight,Yes,X-type,Normal,2Vehicles-Side,8,Thursday,7,False,False
201800045617,NonLethal,NightStreelightsOn,No,NoIntersection,Normal,2Vehicles-Side,12,Saturday,17,True,False
201800032884,NonLethal,Daylight,No,NoIntersection,Normal,2Vehicles-Behind,9,Wednesday,7,False,False
201800011817,NonLethal,Daylight,Yes,NoIntersection,Normal,Other,8,Wednesday,11,False,False
201800020804,NonLethal,TwilightOrDawn,Yes,NoIntersection,HeavyRain,2Vehicles-Behind,11,Saturday,18,True,False
201800036640,NonLethal,Daylight,Yes,NoIntersection,Normal,2Vehicles-Side,11,Monday,7,False,False
201800002655,NonLethal,Daylight,No,NoIntersection,Normal,NoCollision,12,Thursday,16,False,False
201800009346,NonLethal,Daylight,Yes,NoIntersection,Normal,2Vehicles-Side,7,Wednesday,15,False,False
201800057526,NonLethal,Daylight,No,Other,Normal,NoCollision,9,Thursday,16,False,False
201800048062,NonLethal,Daylight,Yes,NoIntersection,Normal,2Vehicles-Behind,1,Wednesday,16,False,False
201800026020,NonLethal,NightStreelightsOn,Yes,NoIntersection,Normal,Other,7,Monday,1,False,True
201800022868,NonLethal,NightStreelightsOn,Yes,NoIntersection,Normal,Other,8,Wednesday,17,False,False
201800039890,NonLethal,TwilightOrDawn,Yes,Roundabout,Normal,Other,5,Thursday,21,False,False
201800014329,NonLethal,Daylight,No,NoIntersection,Normal,NoCollision,5,Thursday,18,False,False
201800021031,NonLethal,Daylight,Yes,Roundabout,LightRain,2Vehicles-Side,8,Saturday,16,True,False
201800001305,Lethal,Daylight,No,T-type,Normal,2Vehicles-BehindVehicles-Frontal,7,Sunday,8,True,False
201800028501,NonLethal,Daylight,Yes,NoIntersection,HeavyRain,Other,1,Monday,11,False,False
201800048009,NonLethal,Daylight,Yes,T-type,Normal,2Vehicles-Side,1,Friday,10,False,False
201800052086,NonLethal,Daylight,Yes,X-type,Normal,2Vehicles-Side,7,Sunday,17,True,False
201800050844,NonLethal,Daylight,Yes,X-type,Normal,Other,3,Wednesday,8,False,False
201800019385,NonLethal,Daylight,No,NoIntersection,Normal,2Vehicles-Behind,2,Saturday,17,True,False
201800022443,NonLethal,Daylight,No,NoIntersection,Normal,NoCollision,9,Friday,16,False,False
201800032532,NonLethal,TwilightOrDawn,Yes,NoIntersection,Normal,2Vehicles-Behind,8,Wednesday,18,False,False
201800013501,NonLethal,Daylight,No,NoIntersection,Normal,2Vehicles-Side,5,Wednesday,16,False,False
201800009491,NonLethal,Daylight,Yes,NoIntersection,Normal,2Vehicles-Behind,7,Sunday,19,True,False
201800017561,NonLethal,NightNoStreetLight,No,NoIntersection,Normal,NoCollision,8,Wednesday,5,False,True
201800002595,NonLethal,Daylight,No,NoIntersection,Normal,2Vehicles-BehindVehicles-Frontal,1,Saturday,7,True,False
201800044983,NonLethal,Daylight,No,NoIntersection,Normal,2Vehicles-Side,6,Friday,17,False,False
201800037329,NonLethal,Daylight,Yes,NoIntersection,Normal,Other,7,Monday,18,False,False
201800012352,NonLethal,Daylight,No,NoIntersection,Normal,Other,4,Friday,17,False,False
201800013344,NonLethal,Daylight,No,NoIntersection,Normal,Other,11,Monday,16,False,False
201800051863,NonLethal,Daylight,Yes,X-type,Overcast,Other,11,Sunday,13,True,False
201800051171,NonLethal,Daylight,Yes,NoIntersection,Normal,2Vehicles-Side,8,Thursday,13,False,False
201800044126,NonLethal,Daylight,No,NoIntersection,Normal,Other,7,Saturday,7,True,False
201800032425,NonLethal,Daylight,Yes,NoIntersection,Normal,Other,4,Sunday,14,True,False
201800024754,NonLethal,Daylight,Yes,NoIntersection,Normal,2Vehicles-Behind,6,Tuesday,18,False,False
201800015706,Lethal,Daylight,Yes,NoIntersection,Normal,Other,3,Wednesday,9,False,False
201800050939,NonLethal,Daylight,Yes,X-type,Normal,2Vehicles-Side,10,Friday,12,False,False
201800018494,NonLethal,NightNoStreetLight,No,NoIntersection,Normal,Other,5,Sunday,3,True,True
201800054842,NonLethal,TwilightOrDawn,Yes,T-type,Normal,Other,1,Thursday,7,False,False
201800003668,NonLethal,Daylight,No,NoIntersection,Normal,NoCollision,4,Thursday,15,False,False
201800025450,NonLethal,Daylight,Yes,NoIntersection,Normal,NoCollision,6,Friday,14,False,False
201800027725,NonLethal,Daylight,Yes,Y-type,Normal,Other,5,Friday,17,False,False
201800049123,NonLethal,Daylight,No,NoIntersection,Overcast,2Vehicles-Side,3,Friday,15,False,False
201800010838,NonLethal,Daylight,No,NoIntersection,Normal,NoCollision,8,Wednesday,16,False,False
201800048522,NonLethal,NightStreelightsOn,Yes,X-type,Normal,2Vehicles-Side,9,Sunday,5,True,True
201800029671,NonLethal,NightStreelightsOn,Yes,X-type,Normal,2Vehicles-Side,2,Sunday,3,True,True
201800019520,NonLethal,NightStreelightsOn,Yes,X-type,Normal,2Vehicles-Side,4,Saturday,1,True,True
201800008824,NonLethal,Daylight,Yes,NoIntersection,Normal,2Vehicles-Side,8,Saturday,12,True,False
201800055131,NonLethal,Daylight,Yes,T-type,Normal,2Vehicles-Side,9,Friday,15,False,False
201800025823,NonLethal,Daylight,Yes,NoIntersection,Normal,Other,8,Monday,20,False,False
201800054704,NonLethal,Daylight,Yes,T-type,VeryGood,Other,4,Tuesday,16,False,False
201800039246,NonLethal,Daylight,Yes,NoIntersection,VeryGood,Other,4,Tuesday,19,False,False
201800041299,NonLethal,Daylight,Yes,NoIntersection,Normal,2Vehicles-Behind,3,Sunday,15,True,False
201800049442,NonLethal,Daylight,No,NoIntersection,Normal,3+Vehicles-Chain,9,Friday,18,False,False
201800040061,NonLethal,Daylight,Yes,NoIntersection,Normal,Other,11,Saturday,10,True,False
201800007128,NonLethal,Daylight,Yes,NoIntersection,Normal,2Vehicles-Behind,11,Monday,17,False,False
201800051343,NonLethal,Daylight,Yes,T-type,Normal,3+Vehicles-Multiple,5,Wednesday,19,False,False
201800001759,NonLethal,NightStreelightsOn,Yes,NoIntersection,Normal,Other,11,Wednesday,19,False,False
201800014551,NonLethal,Daylight,No,NoIntersection,Normal,2Vehicles-Side,8,Saturday,15,True,False
201800057722,NonLethal,Daylight,Yes,NoIntersection,Normal,Other,9,Sunday,9,True,False
201800048562,NonLethal,Daylight,Yes,NoIntersection,Normal,Other,9,Friday,13,False,False
201800045949,NonLethal,Daylight,No,NoIntersection,Normal,3+Vehicles-Multiple,6,Sunday,17,True,False
201800041443,NonLethal,Daylight,No,NoIntersection,LightRain,NoCollision,6,Wednesday,16,False,False
201800045055,NonLethal,Daylight,No,NoIntersection,Normal,3+Vehicles-Chain,7,Saturday,12,True,False
201800022286,NonLethal,NightStreelightsOn,No,NoIntersection,Normal,2Vehicles-Side,8,Thursday,20,False,False
201800049691,NonLethal,Daylight,No,NoIntersection,Normal,3+Vehicles-Chain,2,Tuesday,9,False,False
201800051782,NonLethal,NightStreelightsOn,Yes,Y-type,Normal,Other,7,Sunday,1,True,True
201800017733,NonLethal,Daylight,No,NoIntersection,Normal,NoCollision,4,Saturday,17,True,False
201800022899,NonLethal,NightStreelightsOn,No,NoIntersection,Normal,3+Vehicles-Chain,1,Wednesday,18,False,False
201800026496,NonLethal,NightStreelightsOn,Yes,Other,LightRain,Other,12,Sunday,1,True,True
201800045830,NonLethal,Daylight,No,Other,Normal,Other,4,Sunday,16,True,False
201800035024,NonLethal,NightStreelightsOn,Yes,X-type,Normal,2Vehicles-Side,7,Wednesday,20,False,False
201800039927,NonLethal,NightNoStreetLight,Yes,Other,LightRain,2Vehicles-Side,12,Tuesday,7,False,False
201800026152,NonLethal,Daylight,Yes,X-type,Normal,Other,11,Saturday,11,True,False
201800001115,Lethal,NightNoStreetLight,Yes,NoIntersection,Normal,Other,7,Sunday,1,True,True
201800023571,Lethal,Daylight,Yes,NoIntersection,Normal,2Vehicles-Side,5,Friday,8,False,False
201800013911,NonLethal,NightNoStreetLight,No,NoIntersection,Normal,Other,2,Thursday,1,False,True
201800039953,NonLethal,Daylight,Yes,NoIntersection,Normal,2Vehicles-Side,2,Monday,14,False,False
201800023957,NonLethal,Daylight,Yes,T-type,Normal,2Vehicles-Side,7,Monday,17,False,False
201800006118,NonLethal,NightNoStreetLight,No,NoIntersection,HeavyRain,Other,6,Monday,5,False,True
201800015705,NonLethal,Daylight,Yes,Roundabout,LightRain,2Vehicles-Side,10,Monday,8,False,False
201800033131,NonLethal,NightStreelightsOn,Yes,X-type,Normal,2Vehicles-Side,6,Monday,23,False,False
201800005855,NonLethal,NightStreelightsOn,Yes,NoIntersection,Normal,Other,12,Saturday,19,True,False
201800037244,NonLethal,Daylight,Yes,NoIntersection,Normal,2Vehicles-Side,2,Friday,12,False,False
201800008147,NonLethal,Daylight,No,NoIntersection,Normal,Other,2,Tuesday,11,False,False
201800040548,NonLethal,Daylight,Yes,NoIntersection,LightRain,Other,10,Sunday,12,True,False
201800007193,NonLethal,NightNoStreetLight,No,NoIntersection,Normal,2Vehicles-Behind,9,Monday,3,False,True
201800009583,NonLethal,NightStreelightsOn,Yes,Other,Normal,2Vehicles-Side,8,Saturday,20,True,False
201800020163,NonLethal,Daylight,No,NoIntersection,Normal,2Vehicles-BehindVehicles-Frontal,7,Friday,16,False,False
201800009212,NonLethal,Daylight,Yes,NoIntersection,Normal,Other,6,Tuesday,19,False,False
201800014128,Lethal,Daylight,No,NoIntersection,Normal,2Vehicles-BehindVehicles-Frontal,7,Friday,17,False,False
201800039332,NonLethal,NightStreelightsOn,Yes,Other,LightRain,Other,12,Friday,18,False,False
201800039160,NonLethal,Daylight,Yes,T-type,Normal,2Vehicles-Side,4,Tuesday,9,False,False
201800010041,NonLethal,Daylight,Yes,NoIntersection,LightRain,Other,6,Monday,16,False,False
201800035599,NonLethal,Daylight,Yes,Roundabout,Normal,2Vehicles-Side,9,Monday,17,False,False
201800037299,NonLethal,NightStreelightsOn,Yes,Other,Other,Other,3,Friday,21,False,False
201800024598,NonLethal,Daylight,Yes,X-type,VeryGood,NoCollision,10,Monday,13,False,False
201800019518,NonLethal,Daylight,Yes,X-type,Normal,2Vehicles-Side,9,Monday,14,False,False
201800008125,NonLethal,Daylight,Yes,Other,Normal,2Vehicles-Behind,10,Tuesday,8,False,False
201800047454,NonLethal,Daylight,Yes,NoIntersection,Normal,2Vehicles-Behind,4,Tuesday,14,False,False
201800030194,NonLethal,Daylight,Yes,Roundabout,Normal,Other,7,Tuesday,10,False,False
201800041875,NonLethal,Daylight,Yes,NoIntersection,Normal,Other,6,Thursday,11,False,False
201800005256,NonLethal,Daylight,Yes,NoIntersection,Normal,2Vehicles-Behind,6,Monday,8,False,False
201800003073,NonLethal,Daylight,Yes,T-type,Normal,2Vehicles-Side,9,Thursday,19,False,False
201800055526,NonLethal,Daylight,Yes,NoIntersection,Normal,2Vehicles-Behind,7,Wednesday,9,False,False
201800002407,NonLethal,NightNoStreetLight,No,NoIntersection,LightRain,2Vehicles-Side,3,Saturday,19,True,False
201800023721,NonLethal,Daylight,No,NoIntersection,LightRain,NoCollision,2,Thursday,17,False,False
201800017692,NonLethal,Daylight,No,NoIntersection,Normal,Other,10,Sunday,18,True,False
201800049125,NonLethal,Daylight,No,NoIntersection,Normal,Other,3,Wednesday,6,False,True
201800054716,NonLethal,Daylight,Yes,X-type,Normal,2Vehicles-Side,8,Sunday,18,True,False
201800054728,NonLethal,Daylight,Yes,NoIntersection,Normal,2Vehicles-Side,5,Tuesday,12,False,False
201800001858,Lethal,Daylight,No,NoIntersection,LightRain,2Vehicles-BehindVehicles-Frontal,9,Wednesday,6,False,True
201800000608,NonLethal,Daylight,No,T-type,VeryGood,2Vehicles-Side,2,Thursday,12,False,False
201800043968,NonLethal,Daylight,No,NoIntersection,Normal,2Vehicles-Side,5,Friday,13,False,False
201800051533,NonLethal,Daylight,Yes,NoIntersection,Normal,2Vehicles-Behind,7,Wednesday,15,False,False
201800031573,NonLethal,Daylight,Yes,Other,Normal,Other,4,Saturday,16,True,False
201800035670,NonLethal,Daylight,Yes,NoIntersection,Normal,Other,5,Wednesday,17,False,False
201800057125,NonLethal,Daylight,Yes,X-type,LightRain,Other,6,Tuesday,7,False,False
201800002561,NonLethal,NightNoStreetLight,Yes,NoIntersection,Normal,Other,4,Friday,23,False,False
201800054584,NonLethal,NightNoStreetLight,Yes,Square,Normal,2Vehicles-Side,10,Wednesday,22,False,False
201800036907,NonLethal,Daylight,Yes,T-type,Overcast,2Vehicles-Behind,6,Thursday,16,False,False
201800016722,Lethal,Daylight,No,NoIntersection,Normal,3+Vehicles-Multiple,4,Tuesday,13,False,False
201800041689,NonLethal,Daylight,Yes,NoIntersection,Normal,2Vehicles-Side,10,Tuesday,19,False,False
201800042942,NonLethal,NightStreelightsOff,Yes,NoIntersection,Normal,2Vehicles-Side,10,Friday,17,False,False
201800048126,NonLethal,Daylight,Yes,X-type,Normal,2Vehicles-Side,3,Monday,10,False,False
201800041121,NonLethal,Daylight,Yes,LevelCrossing,Normal,Other,2,Wednesday,8,False,False
201800049906,NonLethal,Daylight,No,NoIntersection,Normal,3+Vehicles-Chain,6,Friday,18,False,False
201800019495,NonLethal,Daylight,Yes,NoIntersection,Normal,Other,1,Friday,13,False,False
201800025196,NonLethal,Daylight,Yes,NoIntersection,Normal,2Vehicles-Side,1,Friday,11,False,False
201800016488,Lethal,Daylight,No,T-type,Normal,2Vehicles-Side,6,Friday,7,False,False
201800022638,NonLethal,NightStreelightsOn,Yes,NoIntersection,Overcast,2Vehicles-Behind,12,Wednesday,18,False,False
201800034173,NonLethal,NightStreelightsOn,Yes,T-type,Normal,2Vehicles-BehindVehicles-Frontal,8,Sunday,1,True,True
201800009643,NonLethal,Daylight,Yes,Roundabout,Normal,2Vehicles-Side,4,Monday,9,False,False
201800047629,NonLethal,Daylight,Yes,NoIntersection,Normal,Other,1,Monday,7,False,False
201800021141,NonLethal,Daylight,No,X-type,Normal,2Vehicles-Side,3,Wednesday,12,False,False
201800037423,NonLethal,Daylight,Yes,NoIntersection,LightRain,Other,4,Wednesday,16,False,False
201800053231,NonLethal,NightStreelightsOn,Yes,Square,LightRain,Other,1,Tuesday,19,False,False
201800024524,NonLethal,NightStreelightsOn,Yes,T-type,Normal,2Vehicles-Side,4,Thursday,22,False,False
201800040960,NonLethal,Daylight,Yes,T-type,Normal,2Vehicles-Behind,11,Saturday,13,True,False
201800029455,NonLethal,NightNoStreetLight,Yes,Y-type,LightRain,NoCollision,12,Saturday,17,True,False
201800045224,NonLethal,Daylight,No,NoIntersection,LightRain,2Vehicles-Side,9,Friday,9,False,False
201800013726,NonLethal,Daylight,No,NoIntersection,LightRain,Other,5,Tuesday,10,False,False
201800023236,NonLethal,Daylight,Yes,NoIntersection,Normal,2Vehicles-Side,9,Monday,7,False,False
201800054062,NonLethal,Daylight,Yes,NoIntersection,Normal,2Vehicles-Side,4,Tuesday,14,False,False
201800055650,NonLethal,NightStreelightsOn,Yes,NoIntersection,Normal,3+Vehicles-Multiple,10,Saturday,21,True,False
201800029363,NonLethal,Daylight,Yes,NoIntersection,Normal,Other,4,Friday,19,False,False
201800002408,NonLethal,Daylight,Yes,NoIntersection,Normal,Other,3,Sunday,17,True,False
201800038764,NonLethal,Daylight,Yes,NoIntersection,Normal,2Vehicles-Side,6,Thursday,17,False,False
201800028956,Lethal,Daylight,No,NoIntersection,Normal,Other,3,Saturday,14,True,False
201800013003,NonLethal,Daylight,No,NoIntersection,Normal,2Vehicles-BehindVehicles-Frontal,1,Tuesday,9,False,False
201800006611,Lethal,Daylight,No,NoIntersection,Normal,2Vehicles-Behind,7,Tuesday,8,False,False
201800001395,Lethal,NightNoStreetLight,No,NoIntersection,Normal,2Vehicles-Behind,8,Tuesday,5,False,True
201800036009,NonLethal,Daylight,Yes,T-type,Normal,2Vehicles-Side,3,Thursday,8,False,False
201800009085,NonLethal,Daylight,Yes,NoIntersection,Normal,3+Vehicles-Chain,5,Thursday,14,False,False
201800052268,NonLethal,NightStreelightsOn,Yes,NoIntersection,LightRain,2Vehicles-Side,11,Sunday,20,True,False
201800025523,NonLethal,NightStreelightsOn,Yes,X-type,Normal,2Vehicles-Side,10,Thursday,5,False,True
201800052748,NonLethal,Daylight,Yes,X-type,Normal,2Vehicles-Side,6,Thursday,16,False,False
201800041345,NonLethal,Daylight,Yes,NoIntersection,Normal,Other,5,Friday,15,False,False
201800020409,NonLethal,NightNoStreetLight,No,NoIntersection,Normal,2Vehicles-Behind,11,Friday,20,False,False
201800007469,NonLethal,Daylight,Yes,NoIntersection,Normal,3+Vehicles-Chain,11,Saturday,11,True,False
201800033285,NonLethal,Daylight,Yes,NoIntersection,Normal,Other,3,Tuesday,12,False,False
201800053663,NonLethal,NightStreelightsOn,Yes,X-type,Normal,Other,1,Friday,19,False,False
201800027595,NonLethal,Daylight,Yes,X-type,Normal,2Vehicles-Behind,5,Sunday,17,True,False
201800046336,NonLethal,NightNoStreetLight,No,NoIntersection,Normal,2Vehicles-Behind,1,Saturday,6,True,True
201800033551,NonLethal,Daylight,Yes,NoIntersection,Normal,2Vehicles-Side,10,Wednesday,14,False,False
201800029510,NonLethal,Daylight,Yes,Other,Normal,2Vehicles-BehindVehicles-Frontal,5,Friday,21,False,False
201800003750,NonLethal,Daylight,No,NoIntersection,Normal,Other,6,Tuesday,10,False,False
201800027789,NonLethal,NightStreelightsOn,Yes,NoIntersection,Normal,Other,10,Saturday,3,True,True
201800017027,NonLethal,Daylight,No,NoIntersection,Normal,2Vehicles-BehindVehicles-Frontal,7,Tuesday,14,False,False
201800050027,NonLethal,Daylight,No,NoIntersection,Normal,2Vehicles-Behind,9,Tuesday,7,False,False
201800022098,NonLethal,Daylight,Yes,X-type,LightRain,2Vehicles-Side,8,Tuesday,9,False,False
201800036724,NonLethal,Daylight,Yes,T-type,Normal,2Vehicles-Side,6,Wednesday,17,False,False
201800025536,NonLethal,Daylight,Yes,T-type,Normal,2Vehicles-Side,11,Saturday,8,True,False
201800023662,NonLethal,Daylight,Yes,NoIntersection,Normal,Other,7,Thursday,10,False,False
201800039068,NonLethal,Daylight,Yes,T-type,Normal,2Vehicles-Side,3,Friday,17,False,False
201800019072,Lethal,Daylight,No,NoIntersection,StrongWindOrStorm,2Vehicles-BehindVehicles-Frontal,4,Wednesday,15,False,False
201800001071,NonLethal,Daylight,No,X-type,Normal,2Vehicles-Behind,5,Sunday,18,True,False
201800041906,NonLethal,NightStreelightsOn,Yes,NoIntersection,Normal,2Vehicles-Side,10,Wednesday,22,False,False
201800056429,NonLethal,TwilightOrDawn,No,NoIntersection,Normal,Other,10,Friday,5,False,True
201800011539,NonLethal,Daylight,No,NoIntersection,Normal,2Vehicles-Behind,12,Monday,15,False,False
201800000003,NonLethal,Daylight,Yes,T-type,Normal,NoCollision,4,Tuesday,11,False,False
201800046647,NonLethal,Daylight,No,NoIntersection,LightRain,3+Vehicles-Chain,4,Friday,17,False,False
201800034577,NonLethal,Daylight,Yes,T-type,Normal,Other,12,Monday,8,False,False
201800038864,NonLethal,TwilightOrDawn,Yes,NoIntersection,Normal,2Vehicles-Side,11,Thursday,8,False,False
201800006571,NonLethal,Daylight,No,NoIntersection,Normal,3+Vehicles-Multiple,7,Friday,19,False,False
201800019522,NonLethal,NightStreelightsOn,Yes,Roundabout,Normal,Other,5,Wednesday,23,False,False
201800056391,NonLethal,NightStreelightsOn,Yes,T-type,LightRain,Other,3,Wednesday,19,False,False
201800022721,NonLethal,Daylight,No,Y-type,Normal,2Vehicles-BehindVehicles-Frontal,6,Tuesday,11,False,False
201800049202,NonLethal,Daylight,No,NoIntersection,Normal,Other,7,Friday,20,False,False
201800049769,NonLethal,TwilightOrDawn,No,NoIntersection,Normal,3+Vehicles-Chain,3,Thursday,19,False,False
201800001509,NonLethal,Daylight,No,T-type,Normal,2Vehicles-Side,9,Friday,16,False,False
201800049371,NonLethal,Daylight,No,NoIntersection,Normal,3+Vehicles-Multiple,4,Friday,18,False,False
201800057078,NonLethal,TwilightOrDawn,Yes,Other,Normal,NoCollision,10,Wednesday,17,False,False
201800032429,NonLethal,Daylight,Yes,NoIntersection,Normal,3+Vehicles-Multiple,4,Wednesday,12,False,False
201800042440,NonLethal,Daylight,Yes,T-type,Normal,2Vehicles-Side,2,Friday,15,False,False
201800049994,NonLethal,Daylight,No,NoIntersection,Normal,NoCollision,8,Sunday,8,True,False
201800022829,NonLethal,Daylight,No,NoIntersection,Normal,NoCollision,9,Friday,16,False,False
201800018977,Lethal,Daylight,No,NoIntersection,Normal,3+Vehicles-Multiple,9,Saturday,17,True,False
201800018641,NonLethal,NightNoStreetLight,Yes,NoIntersection,Normal,2Vehicles-BehindVehicles-Frontal,7,Tuesday,0,False,True
201800028191,NonLethal,Daylight,Yes,NoIntersection,Normal,Other,12,Wednesday,14,False,False
201800006997,NonLethal,Daylight,No,Other,Normal,NoCollision,2,Tuesday,9,False,False
201800046966,NonLethal,Daylight,No,NoIntersection,Normal,2Vehicles-Behind,10,Tuesday,17,False,False
201800050527,NonLethal,NightStreelightsOn,Yes,NoIntersection,SnowOrHail,NoCollision,7,Monday,17,False,False
201800046598,NonLethal,Daylight,No,NoIntersection,Normal,2Vehicles-Side,5,Thursday,20,False,False
201800041165,NonLethal,Daylight,Yes,NoIntersection,Normal,Other,9,Thursday,11,False,False
201800003504,NonLethal,Daylight,No,NoIntersection,LightRain,3+Vehicles-Multiple,6,Saturday,12,True,False
201800054426,NonLethal,Daylight,Yes,T-type,Normal,Other,5,Monday,19,False,False
201800023163,NonLethal,Daylight,Yes,NoIntersection,Normal,2Vehicles-Side,7,Tuesday,8,False,False
201800041112,NonLethal,Daylight,Yes,NoIntersection,LightRain,2Vehicles-Side,11,Wednesday,10,False,False
201800039724,NonLethal,Daylight,Yes,Y-type,Normal,Other,6,Friday,15,False,False
201800048696,NonLethal,NightStreelightsOn,Yes,X-type,HeavyRain,2Vehicles-Side,11,Tuesday,20,False,False
201800009702,NonLethal,Daylight,Yes,X-type,Normal,Other,9,Wednesday,13,False,False
201800050798,NonLethal,Daylight,Yes,NoIntersection,Normal,Other,11,Friday,19,False,False
201800056552,NonLethal,Daylight,Yes,NoIntersection,Normal,Other,12,Monday,12,False,False
201800026280,NonLethal,Daylight,Yes,NoIntersection,Normal,2Vehicles-BehindVehicles-Frontal,3,Friday,11,False,False
201800001172,NonLethal,TwilightOrDawn,Yes,T-type,Normal,2Vehicles-Side,6,Friday,6,False,True
201800057576,NonLethal,Daylight,Yes,Other,Normal,2Vehicles-Behind,2,Sunday,14,True,False
201800028669,NonLethal,NightStreelightsOn,Yes,X-type,Normal,2Vehicles-Side,1,Thursday,18,False,False
201800017938,NonLethal,Daylight,No,NoIntersection,Normal,2Vehicles-BehindVehicles-Frontal,9,Saturday,18,True,False
201800010839,NonLethal,Daylight,No,NoIntersection,Normal,NoCollision,8,Monday,16,False,False
201800055273,NonLethal,Daylight,Yes,NoIntersection,Normal,2Vehicles-Behind,2,Wednesday,17,False,False
201800044262,NonLethal,Daylight,No,NoIntersection,Normal,3+Vehicles-Chain,9,Wednesday,8,False,False
201800020266,NonLethal,Daylight,Yes,NoIntersection,Normal,3+Vehicles-Chain,5,Thursday,12,False,False
201800035045,NonLethal,Daylight,Yes,NoIntersection,Normal,Other,4,Wednesday,17,False,False
201800033924,NonLethal,NightStreelightsOn,Yes,X-type,Normal,2Vehicles-Side,1,Friday,7,False,False
201800019917,NonLethal,Daylight,Yes,NoIntersection,Normal,Other,8,Saturday,20,True,False
201800035556,NonLethal,Daylight,Yes,T-type,Normal,2Vehicles-Side,6,Tuesday,19,False,False
201800019330,NonLethal,NightStreelightsOn,Yes,NoIntersection,Normal,NoCollision,7,Tuesday,3,False,True
201800043485,NonLethal,Daylight,Yes,NoIntersection,Normal,2Vehicles-Behind,1,Sunday,21,True,False
201800038410,NonLethal,Daylight,Yes,X-type,Normal,2Vehicles-Side,2,Friday,8,False,False
201800042372,NonLethal,Daylight,Yes,NoIntersection,Normal,2Vehicles-Side,10,Tuesday,17,False,False
201800026620,NonLethal,Daylight,Yes,X-type,Normal,2Vehicles-Side,2,Sunday,12,True,False
201800021129,NonLethal,Daylight,No,T-type,Normal,2Vehicles-Side,1,Tuesday,13,False,False
201800007553,NonLethal,Daylight,No,NoIntersection,Normal,Other,8,Tuesday,16,False,False