AccidentId,Gravity,Light,InAgglomeration,IntersectionType,Weather,CollisionType,Month,DayOfWeek,HourOfDay,IsWeekend,IsNight
201800012958,NonLethal,NightNoStreetLight,No,NoIntersection,Normal,NoCollision,8,Monday,23,False,False
201800047662,NonLethal,Daylight,Yes,NoIntersection,Normal,NoCollision,4,Monday,8,False,False
201800008139,NonLethal,Daylight,Yes,NoIntersection,Normal,Other,1,Sunday,9,True,False
201800030604,NonLethal,Daylight,Yes,NoIntersection,Overcast,2Vehicles-Side,8,Friday,7,False,False
201800028813,NonLethal,NightStreelightsOn,Yes,Roundabout,Normal,NoCollision,9,Sunday,4,True,True
201800042219,NonLethal,NightNoStreetLight,Yes,X-type,LightRain,2Vehicles-Behind,1,Friday,20,False,False
201800010548,NonLethal,Daylight,Yes,NoIntersection,Normal,2Vehicles-Behind,7,Friday,17,False,False
201800041091,NonLethal,Daylight,Yes,X-type,Normal,2Vehicles-Side,4,Friday,17,False,False
201800046784,NonLethal,Daylight,No,NoIntersection,Normal,2Vehicles-Behind,7,Wednesday,12,False,False
201800053222,NonLethal,NightStreelightsOn,Yes,NoIntersection,Normal,2Vehicles-Behind,12,Tuesday,19,False,False
201800003452,NonLethal,TwilightOrDawn,Yes,X-type,Normal,2Vehicles-BehindVehicles-Frontal,1,Wednesday,17,False,False
201800012283,NonLethal,Daylight,No,NoIntersection,Normal,NoCollision,10,Sunday,17,True,False
201800043250,NonLethal,Daylight,Yes,Other,Normal,Other,8,Friday,18,False,False
201800047422,NonLethal,Daylight,Yes,NoIntersection,Normal,Other,3,Wednesday,16,False,False
201800035265,NonLethal,Daylight,Yes,NoIntersection,Normal,Other,1,Tuesday,17,False,False
201800029301,NonLethal,Daylight,Yes,NoIntersection,Normal,Other,5,Sunday,18,True,False
201800014851,NonLethal,Daylight,Yes,NoIntersection,Normal,Other,3,Friday,17,False,False
201800003567,NonLethal,NightNoStreetLight,No,Roundabout,Normal,NoCollision,5,Friday,0,False,True
201800042437,NonLethal,Daylight,Yes,T-type,Overcast,Other,1,Friday,15,False,False
201800015417,NonLethal,NightNoStreetLight,No,NoIntersection,Normal,Other,8,Wednesday,2,False,True
201800037561,NonLethal,NightStreelightsOn,Yes,NoIntersection,LightRain,Other,1,Monday,3,False,True
201800014016,NonLethal,NightStreelightsOn,Yes,T-type,Normal,2Vehicles-BehindVehicles-Frontal,1,Tuesday,19,False,False
201800050444,NonLethal,Daylight,Yes,NoIntersection,Normal,2Vehicles-Side,4,Friday,18,False,False
201800043584,NonLethal,NightStreelightsOn,Yes,NoIntersection,Normal,2Vehicles-Side,9,Thursday,21,False,False
201800038669,NonLethal,NightStreelightsOn,Yes,X-type,LightRain,2Vehicles-Side,1,Tuesday,20,False,False
201800006247,Lethal,Daylight,No,NoIntersection,Normal,Other,4,Monday,10,False,False
201800018854,NonLethal,Daylight,Yes,NoIntersection,Normal,Other,12,Monday,10,False,False
201800006113,NonLethal,Daylight,No,NoIntersection,Normal,2Vehicles-Behind,4,Tuesday,11,False,False
201800037855,NonLethal,Daylight,Yes,NoIntersection,Normal,2Vehicles-Side,10,Friday,7,False,False
201800033979,Lethal,Daylight,Yes,X-type,LightRain,2Vehicles-Side,2,Monday,17,False,False
201800007064,NonLethal,Daylight,Yes,NoIntersection,Normal,Other,2,Thursday,10,False,False
201800036744,NonLethal,Daylight,Yes,T-type,Normal,2Vehicles-Behind,10,Saturday,14,True,False
201800045460,NonLethal,Daylight,No,NoIntersection,Normal,2Vehicles-Behind,11,Thursday,14,False,False
201800041052,NonLethal,Daylight,Yes,X-type,Normal,2Vehicles-BehindVehicles-Frontal,8,Wednesday,6,False,True
201800001451,NonLethal,Daylight,No,NoIntersection,Normal,2Vehicles-Side,9,Monday,16,False,False
201800050619,NonLethal,Daylight,Yes,T-type,Overcast,Other,10,Monday,14,False,False
201800023927,NonLethal,Daylight,Yes,T-type,Normal,Other,6,Tuesday,8,False,False
201800021566,NonLethal,Daylight,Yes,NoIntersection,Normal,Other,10,Saturday,11,True,False
201800006057,NonLethal,NightNoStreetLight,No,NoIntersection,Normal,2Vehicles-Side,5,Saturday,2,True,True
201800018232,NonLethal,Daylight,No,NoIntersection,Normal,NoCollision,7,Thursday,15,False,False
201800019768,NonLethal,Daylight,Yes,NoIntersection,Normal,Other,10,Tuesday,8,False,False
201800028722,NonLethal,Daylight,Yes,NoIntersection,Normal,NoCollision,2,Monday,15,False,False
201800022973,NonLethal,NightStreelightsOn,Yes,NoIntersection,Normal,2Vehicles-Side,3,Tuesday,22,False,False
201800043409,NonLethal,Daylight,Yes,NoIntersection,Normal,Other,2,Friday,17,False,False
201800050811,NonLethal,Daylight,Yes,X-type,Normal,2Vehicles-Side,10,Thursday,14,False,False
201800001260,NonLethal,NightStreelightsOn,No,Roundabout,Normal,Other,10,Wednesday,21,False,False
201800039105,NonLethal,NightStreelightsOn,Yes,T-type,Normal,2Vehicles-Side,12,Wednesday,18,False,False
201800028746,NonLethal,Daylight,Yes,NoIntersection,Normal,NoCollision,6,Saturday,21,True,False
201800041462,NonLethal,Daylight,Yes,Other,Normal,2Vehicles-Side,7,Tuesday,15,False,False
201800044731,NonLethal,Daylight,No,NoIntersection,LightRain,2Vehicles-Behind,3,Saturday,6,True,True
201800031428,Lethal,NightStreelightsOff,Yes,NoIntersection,Normal,2Vehicles-BehindVehicles-Frontal,4,Friday,23,False,False
201800053008,NonLethal,Daylight,Yes,X-type,LightRain,2Vehicles-Side,5,Saturday,17,True,False
201800006673,NonLethal,NightNoStreetLight,No,NoIntersection,Other,2Vehicles-BehindVehicles-Frontal,2,Wednesday,7,False,False
201800055765,NonLethal,Daylight,Yes,NoIntersection,Normal,2Vehicles-Side,12,Saturday,12,True,False
201800008754,NonLethal,Daylight,Yes,NoIntersection,Normal,2Vehicles-Behind,3,Wednesday,10,False,False
201800021304,NonLethal,Daylight,Yes,NoIntersection,Normal,2Vehicles-BehindVehicles-Frontal,9,Monday,8,False,False
201800018312,NonLethal,TwilightOrDawn,No,NoIntersection,Normal,2Vehicles-Side,10,Wednesday,7,False,False
201800036968,NonLethal,Daylight,Yes,X-type,Normal,2Vehicles-Side,2,Sunday,17,True,False
201800048685,NonLethal,NightNoStreetLight,Yes,X-type,Normal,Other,11,Friday,2,False,True
201800025727,NonLethal,Daylight,No,NoIntersection,Normal,2Vehicles-Behind,7,Saturday,15,True,False
201800003474,NonLethal,Daylight,No,T-type,Normal,Other,8,Tuesday,20,False,False
201800029329,NonLethal,NightStreelightsOn,Yes,NoIntersection,Normal,Other,1,Wednesday,4,False,True
201800034480,NonLethal,Daylight,Yes,T-type,Normal,NoCollision,6,Thursday,18,False,False
201800023313,NonLethal,Daylight,Yes,T-type,Normal,2Vehicles-Side,10,Friday,14,False,False
201800043063,NonLethal,Daylight,Yes,T-type,Normal,2Vehicles-Side,3,Saturday,18,True,False
201800029167,Lethal,TwilightOrDawn,Yes,LevelCrossing,Normal,Other,3,Wednesday,7,False,False
201800054227,NonLethal,Daylight,Yes,NoIntersection,Normal,Other,9,Monday,16,False,False
201800040412,NonLethal,Daylight,Yes,X-type,Normal,2Vehicles-Side,4,Friday,18,False,False
201800018780,NonLethal,NightNoStreetLight,No,NoIntersection,Normal,Other,11,Wednesday,20,False,False
201800041002,NonLethal,NightStreelightsOn,Yes,NoIntersection,Normal,2Vehicles-BehindVehicles-Frontal,1,Wednesday,18,False,False
201800055054,NonLethal,TwilightOrDawn,Yes,X-type,Normal,Other,6,Tuesday,5,False,True
201800048757,NonLethal,NightNoStreetLight,Yes,NoIntersection,Other,Other,12,Monday,20,False,False
201800046846,NonLethal,TwilightOrDawn,No,NoIntersection,Normal,Other,9,Friday,7,False,False
201800056178,NonLethal,Daylight,Yes,Other,Normal,2Vehicles-BehindVehicles-Frontal,8,Saturday,11,True,False
201800017916,Lethal,Daylight,No,NoIntersection,SnowOrHail,2Vehicles-Side,2,Wednesday,10,False,False
201800047841,NonLethal,Daylight,Yes,NoIntersection,Normal,Other,7,Thursday,10,False,False
201800040465,NonLethal,NightStreelightsOff,Yes,NoIntersection,Normal,2Vehicles-Behind,2,Friday,20,False,False
201800056217,NonLethal,TwilightOrDawn,Yes,NoIntersection,Normal,NoCollision,7,Sunday,18,True,False
201800053863,NonLethal,NightStreelightsOn,Yes,NoIntersection,Normal,Other,3,Friday,2,False,True
201800035502,NonLethal,NightStreelightsOn,Yes,Other,Normal,2Vehicles-BehindVehicles-Frontal,12,Friday,22,False,False
201800028510,NonLethal,Daylight,Yes,X-type,Normal,2Vehicles-Side,8,Wednesday,18,False,False
201800048398,NonLethal,Daylight,Yes,NoIntersection,Normal,2Vehicles-BehindVehicles-Frontal,11,Wednesday,15,False,False
201800009796,NonLethal,NightStreelightsOn,Yes,NoIntersection,Normal,Other,9,Friday,0,False,True
201800020639,NonLethal,Daylight,Yes,T-type,HeavyRain,Other,3,Monday,13,False,False
201800036750,NonLethal,NightStreelightsOn,Yes,NoIntersection,Normal,Other,10,Tuesday,6,False,True
201800022259,NonLethal,NightNoStreetLight,No,NoIntersection,SnowOrHail,NoCollision,2,Wednesday,23,False,False
201800034762,NonLethal,Daylight,Yes,NoIntersection,Normal,Other,9,Saturday,14,True,False
201800055186,NonLethal,TwilightOrDawn,Yes,X-type,Normal,Other,11,Sunday,16,True,False
201800041176,NonLethal,Daylight,Yes,NoIntersection,Normal,2Vehicles-Side,11,Saturday,16,True,False
201800020073,Lethal,TwilightOrDawn,No,NoIntersection,Normal,Other,9,Tuesday,19,False,False
201800029056,NonLethal,Daylight,Yes,NoIntersection,LightRain,Other,3,Wednesday,16,False,False
201800006314,Lethal,NightStreelightsOn,No,Other,Normal,Other,8,Monday,5,False,True
201800003470,NonLethal,Daylight,No,NoIntersection,Normal,Other,4,Friday,7,False,False
201800015883,Lethal,NightStreelightsOn,Yes,NoIntersection,Normal,Other,10,Saturday,2,True,True
201800050403,NonLethal,NightStreelightsOn,Yes,NoIntersection,Overcast,2Vehicles-Side,10,Thursday,18,False,False
201800042862,NonLethal,Daylight,Yes,X-type,Normal,2Vehicles-Side,5,Friday,9,False,False
201800001957,NonLethal,Daylight,No,NoIntersection,Normal,2Vehicles-Side,6,Friday,15,False,False
201800057524,NonLethal,Daylight,No,NoIntersection,Normal,NoCollision,10,Wednesday,11,False,False
201800024444,NonLethal,Daylight,Yes,NoIntersection,Normal,2Vehicles-Side,10,Thursday,18,False,False
201800039184,NonLethal,Daylight,Yes,X-type,Normal,3+Vehicles-Chain,12,Tuesday,11,False,False
201800008443,NonLethal,NightStreelightsOn,Yes,NoIntersection,Normal,2Vehicles-Behind,2,Thursday,17,False,False
201800053874,NonLethal,Daylight,Yes,Roundabout,Normal,2Vehicles-Side,9,Friday,13,False,False
201800020651,NonLethal,Daylight,Yes,X-type,Normal,2Vehicles-Side,10,Wednesday,12,False,False
201800037725,NonLethal,NightStreelightsOn,Yes,T-type,Normal,2Vehicles-Behind,9,Thursday,1,False,True
201800009266,NonLethal,Daylight,Yes,NoIntersection,Normal,NoCollision,6,Friday,15,False,False
201800033782,NonLethal,NightStreelightsOn,Yes,NoIntersection,LightRain,Other,5,Wednesday,3,False,True
201800029543,NonLethal,Daylight,Yes,X-type,Normal,2Vehicles-Side,7,Saturday,15,True,False
201800002508,NonLethal,Daylight,No,NoIntersection,Normal,3+Vehicles-Multiple,5,Friday,18,False,False
201800033566,NonLethal,NightStreelightsOff,Yes,T-type,LightRain,2Vehicles-Side,10,Monday,5,False,True
201800024374,NonLethal,Daylight,Yes,NoIntersection,Normal,3+Vehicles-Multiple,7,Thursday,12,False,False
201800042626,NonLethal,NightStreelightsOn,Yes,Roundabout,LightRain,Other,12,Sunday,17,True,False
201800040760,NonLethal,Daylight,Yes,NoIntersection,Normal,Other,5,Friday,15,False,False
201800028823,NonLethal,NightStreelightsOn,Yes,X-type,Normal,Other,7,Tuesday,0,False,True
201800020368,NonLethal,Daylight,No,NoIntersection,Normal,2Vehicles-Behind,3,Wednesday,11,False,False
201800007062,NonLethal,NightNoStreetLight,No,NoIntersection,Normal,2Vehicles-Side,1,Thursday,17,False,False
201800039962,NonLethal,TwilightOrDawn,Yes,X-type,LightRain,2Vehicles-Side,5,Friday,20,False,False
201800045006,NonLethal,Daylight,No,NoIntersection,Normal,2Vehicles-Behind,6,Saturday,10,True,False
201800030490,NonLethal,Daylight,Yes,NoIntersection,Overcast,2Vehicles-BehindVehicles-Frontal,5,Sunday,8,True,False
201800053445,NonLethal,Daylight,Yes,NoIntersection,Normal,2Vehicles-Behind,7,Friday,10,False,False
201800048581,NonLethal,Daylight,Yes,X-type,Normal,3+Vehicles-Multiple,6,Sunday,16,True,False
201800000556,NonLethal,NightStreelightsOn,Yes,NoIntersection,Normal,Other,2,Saturday,1,True,True
201800020372,NonLethal,NightNoStreetLight,No,NoIntersection,LightRain,2Vehicles-Behind,5,Monday,22,False,False
201800032483,NonLethal,Daylight,Yes,T-type,Normal,2Vehicles-Side,6,Wednesday,16,False,False
201800010674,NonLethal,Daylight,No,NoIntersection,Normal,NoCollision,8,Friday,16,False,False
201800035578,NonLethal,Daylight,Yes,T-type,Normal,2Vehicles-Side,7,Friday,14,False,False
201800014457,NonLethal,Daylight,No,NoIntersection,Normal,2Vehicles-BehindVehicles-Frontal,1,Thursday,7,False,False
201800008046,NonLethal,Daylight,No,NoIntersection,Normal,2Vehicles-Side,6,Monday,15,False,False
201800019223,NonLethal,Daylight,Yes,NoIntersection,Normal,2Vehicles-BehindVehicles-Frontal,4,Tuesday,12,False,False
201800011951,NonLethal,Daylight,No,NoIntersection,Normal,2Vehicles-Side,7,Friday,17,False,False
201800001441,NonLethal,NightNoStreetLight,Yes,NoIntersection,Normal,2Vehicles-BehindVehicles-Frontal,1,Saturday,18,True,False
201800033487,NonLethal,Daylight,Yes,NoIntersection,Normal,3+Vehicles-Chain,7,Friday,17,False,False
201800006350,NonLethal,Daylight,No,Other,Normal,Other,8,Wednesday,15,False,False
201800053434,NonLethal,Daylight,Yes,X-type,Normal,2Vehicles-Side,4,Saturday,13,True,False
201800016334,NonLethal,Daylight,No,NoIntersection,Normal,Other,10,Friday,14,False,False
201800021625,Lethal,Daylight,No,NoIntersection,Normal,3+Vehicles-Multiple,5,Friday,16,False,False
201800053921,NonLethal,Daylight,Yes,T-type,Normal,2Vehicles-Side,10,Saturday,13,True,False
201800015842,NonLethal,Daylight,Yes,NoIntersection,Normal,2Vehicles-BehindVehicles-Frontal,7,Thursday,20,False,False
201800039052,NonLethal,Daylight,Yes,NoIntersection,Other,Other,3,Monday,9,False,False
201800024644,NonLethal,NightStreelightsOn,Yes,X-type,Overcast,2Vehicles-Side,10,Tuesday,20,False,False
201800035695,NonLethal,Daylight,Yes,NoIntersection,Normal,Other,3,Friday,12,False,False
201800027727,NonLethal,Daylight,Yes,NoIntersection,Normal,Other,5,Monday,10,False,False
201800031998,NonLethal,Daylight,Yes,NoIntersection,Overcast,Other,1,Thursday,9,False,False
201800030588,NonLethal,Daylight,Yes,NoIntersection,Normal,3+Vehicles-Chain,10,Sunday,10,True,False
201800006841,NonLethal,Daylight,Yes,Y-type,Normal,2Vehicles-Side,12,Tuesday,18,False,False
201800034463,NonLethal,NightStreelightsOn,Yes,Other,Normal,2Vehicles-Behind,12,Saturday,2,True,True
201800047280,NonLethal,Daylight,Yes,NoIntersection,Normal,3+Vehicles-Chain,10,Thursday,7,False,False
201800050034,NonLethal,Daylight,No,NoIntersection,Normal,2Vehicles-Behind,10,Tuesday,8,False,False
201800017822,NonLethal,NightStreelightsOn,Yes,NoIntersection,Normal,Other,12,Saturday,1,True,True
201800020753,NonLethal,Daylight,Yes,NoIntersection,Normal,Other,1,Sunday,8,True,False
201800007253,Lethal,NightNoStreetLight,No,NoIntersection,Normal,Other,12,Thursday,7,False,False
201800012624,Lethal,Daylight,No,NoIntersection,Normal,2Vehicles-BehindVehicles-Frontal,4,Saturday,12,True,False
201800037488,NonLethal,NightStreelightsOn,Yes,NoIntersection,Normal,2Vehicles-BehindVehicles-Frontal,9,Thursday,20,False,False
201800023408,NonLethal,Daylight,Yes,T-type,Normal,2Vehicles-Side,12,Wednesday,13,False,False
201800044552,NonLethal,Daylight,No,NoIntersection,LightRain,NoCollision,1,Friday,17,False,False
201800049470,NonLethal,Daylight,No,NoIntersection,Normal,3+Vehicles-Chain,10,Thursday,10,False,False
201800025971,NonLethal,Daylight,Yes,NoIntersection,SnowOrHail,2Vehicles-Behind,7,Monday,12,False,False
201800049100,NonLethal,Daylight,No,NoIntersection,HeavyRain,Other,12,Sunday,12,True,False
201800030158,NonLethal,Daylight,No,T-type,Normal,2Vehicles-Behind,5,Sunday,16,True,False
201800043939,NonLethal,NightNoStreetLight,No,NoIntersection,Normal,2Vehicles-Side,4,Friday,22,False,False
201800023093,Lethal,Daylight,Yes,NoIntersection,Normal,Other,5,Monday,19,False,False
201800008548,NonLethal,Daylight,Yes,NoIntersection,LightRain,3+Vehicles-Chain,2,Saturday,12,True,False
201800045789,NonLethal,Daylight,No,NoIntersection,Overcast,Other,3,Friday,8,False,False
201800033321,NonLethal,Daylight,Yes,Y-type,Normal,2Vehicles-BehindVehicles-Frontal,8,Saturday,18,True,False
201800051946,NonLethal,Daylight,Yes,MoreThan4Branches,VeryGood,Other,2,Sunday,16,True,False
201800054175,NonLethal,Daylight,No,Y-type,Normal,2Vehicles-Behind,8,Saturday,12,True,False
201800043715,NonLethal,Daylight,Yes,T-type,Normal,Other,8,Wednesday,19,False,False
201800041415,NonLethal,Daylight,Yes,Roundabout,Normal,2Vehicles-Behind,4,Monday,9,False,False
201800046042,NonLethal,Daylight,No,NoIntersection,Normal,2Vehicles-Behind,8,Wednesday,16,False,False
201800011785,Lethal,Daylight,No,NoIntersection,Normal,Other,11,Wednesday,12,False,False
201800026276,NonLethal,Daylight,Yes,NoIntersection,Normal,2Vehicles-Side,1,Wednesday,17,False,False
201800020149,NonLethal,NightStreelightsOn,Yes,NoIntersection,Normal,Other,2,Saturday,19,True,False
201800034884,NonLethal,Daylight,Yes,T-type,Normal,NoCollision,8,Friday,7,False,False
201800002256,NonLethal,NightStreelightsOn,Yes,NoIntersection,Normal,2Vehicles-Behind,9,Saturday,1,True,True
201800053822,NonLethal,Daylight,Yes,X-type,Normal,2Vehicles-Side,6,Friday,18,False,False
201800047075,NonLethal,NightNoStreetLight,No,NoIntersection,Normal,2Vehicles-Behind,11,Tuesday,20,False,False
201800051720,NonLethal,TwilightOrDawn,Yes,MoreThan4Branches,Normal,Other,9,Wednesday,20,False,False
201800036989,NonLethal,Daylight,Yes,NoIntersection,Normal,2Vehicles-Side,6,Friday,17,False,False
201800016465,Lethal,Daylight,No,NoIntersection,Normal,2Vehicles-BehindVehicles-Frontal,6,Wednesday,6,False,True
201800051191,NonLethal,Daylight,Yes,NoIntersection,Normal,2Vehicles-Behind,9,Friday,9,False,False
201800005957,Lethal,NightStreelightsOn,Yes,NoIntersection,Overcast,NoCollision,12,Tuesday,20,False,False
201800026512,NonLethal,Daylight,Yes,NoIntersection,LightRain,2Vehicles-BehindVehicles-Frontal,12,Sunday,16,True,False
201800013989,NonLethal,Daylight,Yes,NoIntersection,Normal,Other,10,Saturday,16,True,False
201800003447,Lethal,Daylight,No,NoIntersection,VeryGood,2Vehicles-Side,7,Tuesday,8,False,False
201800022698,NonLethal,Daylight,No,NoIntersection,Normal,2Vehicles-Side,4,Sunday,17,True,False
201800018291,NonLethal,Daylight,Yes,T-type,Normal,2Vehicles-Side,9,Thursday,12,False,False
201800008935,NonLethal,Daylight,Yes,NoIntersection,Normal,2Vehicles-Side,4,Sunday,14,True,False
201800057274,NonLethal,Daylight,Yes,Other,Normal,Other,10,Thursday,8,False,False
201800016689,Lethal,NightNoStreetLight,No,NoIntersection,Normal,2Vehicles-Behind,5,Sunday,23,True,False
201800007272,NonLethal,Daylight,No,NoIntersection,Normal,2Vehicles-Behind,4,Friday,12,False,False
201800008445,NonLethal,NightStreelightsOn,Yes,NoIntersection,Normal,2Vehicles-BehindVehicles-Frontal,1,Tuesday,19,False,False
201800031870,NonLethal,NightStreelightsOn,Yes,T-type,Normal,2Vehicles-Side,8,Friday,0,False,True
201800042005,NonLethal,Daylight,Yes,NoIntersection,Overcast,Other,6,Friday,10,False,False
201800019131,NonLethal,Daylight,Yes,NoIntersection,Normal,Other,8,Thursday,10,False,False
201800056701,NonLethal,NightStreelightsOn,Yes,X-type,Normal,2Vehicles-Side,5,Sunday,19,True,False
201800014092,NonLethal,Daylight,No,NoIntersection,Normal,2Vehicles-BehindVehicles-Frontal,11,Friday,13,False,False
201800000833,NonLethal,NightStreelightsOn,Yes,Other,Normal,NoCollision,7,Saturday,0,True,True
201800023454,NonLethal,Daylight,No,NoIntersection,Normal,NoCollision,4,Thursday,11,False,False
201800026376,NonLethal,NightStreelightsOn,No,NoIntersection,Normal,3+Vehicles-Chain,10,Saturday,2,True,True
201800028882,NonLethal,NightStreelightsOn,Yes,X-type,LightRain,2Vehicles-Side,12,Sunday,2,True,True
201800006285,Lethal,Daylight,No,NoIntersection,Normal,2Vehicles-Behind,9,Thursday,20,False,False
201800014414,Lethal,Daylight,No,NoIntersection,Normal,2Vehicles-BehindVehicles-Frontal,6,Sunday,13,True,False
201800018872,NonLethal,TwilightOrDawn,No,NoIntersection,Normal,Other,5,Friday,20,False,False
201800016255,NonLethal,NightNoStreetLight,No,NoIntersection,Overcast,Other,12,Sunday,4,True,True
201800020655,NonLethal,NightStreelightsOn,Yes,NoIntersection,Normal,Other,4,Saturday,1,True,True
201800025465,NonLethal,Daylight,Yes,NoIntersection,Normal,2Vehicles-BehindVehicles-Frontal,8,Wednesday,14,False,False
201800034176,Lethal,NightNoStreetLight,No,NoIntersection,LightRain,2Vehicles-Side,11,Monday,17,False,False
201800012627,Lethal,NightNoStreetLight,Yes,NoIntersection,HeavyRain,Other,11,Tuesday,7,False,False
201800047855,NonLethal,NightStreelightsOn,Yes,NoIntersection,Normal,Other,12,Thursday,20,False,False
201800016768,NonLethal,Daylight,No,NoIntersection,FogOrSmoke,2Vehicles-Behind,1,Monday,11,False,False
201800055705,NonLethal,NightStreelightsOn,Yes,NoIntersection,Normal,2Vehicles-Behind,11,Friday,19,False,False
201800034766,NonLethal,Daylight,Yes,NoIntersection,Normal,2Vehicles-Side,2,Saturday,13,True,False
201800041985,NonLethal,Daylight,Yes,NoIntersection,VeryGood,Other,2,Monday,7,False,False
201800008180,NonLethal,Daylight,Yes,NoIntersection,Normal,NoCollision,8,Tuesday,15,False,False
201800008011,NonLethal,NightStreelightsOff,No,X-type,Normal,2Vehicles-BehindVehicles-Frontal,1,Wednesday,17,False,False
201800019394,NonLethal,NightNoStreetLight,No,NoIntersection,Normal,2Vehicles-BehindVehicles-Frontal,8,Sunday,23,True,False
201800020546,Lethal,Daylight,No,NoIntersection,Normal,Other,12,Sunday,12,True,False
201800027931,NonLethal,NightStreelightsOn,Yes,Other,Overcast,Other,1,Thursday,17,False,False
201800054893,NonLethal,NightStreelightsOn,Yes,X-type,Normal,2Vehicles-Side,1,Saturday,18,True,False
201800043895,NonLethal,Daylight,No,NoIntersection,Normal,Other,5,Friday,19,False,False
201800032086,Lethal,Daylight,No,X-type,VeryGood,2Vehicles-Side,5,Monday,11,False,False
201800019332,NonLethal,NightNoStreetLight,No,NoIntersection,LightRain,Other,11,Sunday,4,True,True
201800049644,NonLethal,Daylight,No,NoIntersection,Normal,3+Vehicles-Multiple,1,Monday,17,False,False
201800001323,NonLethal,Daylight,Yes,Roundabout,Normal,Other,1,Monday,13,False,False
201800054053,NonLethal,NightStreelightsOn,Yes,NoIntersection,Normal,Other,6,Monday,0,False,True
201800019235,NonLethal,NightNoStreetLight,No,NoIntersection,Normal,Other,9,Wednesday,22,False,False
201800027589,NonLethal,Daylight,Yes,Roundabout,HeavyRain,2Vehicles-Side,4,Sunday,20,True,False
201800044557,NonLethal,NightStreelightsOff,No,NoIntersection,LightRain,2Vehicles-Behind,1,Sunday,19,True,False
201800056685,NonLethal,NightStreelightsOn,Yes,X-type,Normal,2Vehicles-Side,3,Tuesday,21,False,False
201800028946,NonLethal,Daylight,Yes,Roundabout,Normal,Other,9,Friday,9,False,False
201800049375,NonLethal,TwilightOrDawn,No,NoIntersection,Normal,Other,4,Wednesday,6,False,True
201800028762,NonLethal,Daylight,Yes,Roundabout,Normal,2Vehicles-Side,7,Thursday,12,False,False
201800010625,NonLethal,Daylight,No,NoIntersection,Normal,NoCollision,7,Sunday,11,True,False
201800021569,NonLethal,NightStreelightsOn,Yes,Other,Normal,2Vehicles-BehindVehicles-Frontal,11,Wednesday,17,False,False
201800053985,NonLethal,Daylight,Yes,T-type,Normal,2Vehicles-Side,8,Wednesday,10,False,False
201800006170,NonLethal,NightNoStreetLight,Yes,NoIntersection,Normal,2Vehicles-Behind,12,Wednesday,2,False,True
201800026686,NonLethal,Daylight,Yes,Roundabout,Normal,Other,10,Tuesday,19,False,False
201800037270,NonLethal,TwilightOrDawn,Yes,NoIntersection,HeavyRain,Other,11,Tuesday,21,False,False
201800010406,NonLethal,Daylight,Yes,X-type,Normal,2Vehicles-Side,8,Friday,19,False,False
201800041472,NonLethal,Daylight,Yes,Other,Normal,Other,7,Saturday,15,True,False
201800035170,NonLethal,NightStreelightsOn,Yes,NoIntersection,Normal,Other,11,Thursday,18,False,False
201800036463,NonLethal,Daylight,Yes,Y-type,Normal,3+Vehicles-Chain,8,Tuesday,19,False,False
201800009371,NonLethal,Daylight,Yes,NoIntersection,Normal,2Vehicles-Side,7,Saturday,5,True,True
201800042860,NonLethal,TwilightOrDawn,Yes,X-type,Normal,2Vehicles-Side,5,Wednesday,20,False,False
201800054938,NonLethal,NightStreelightsOn,Yes,T-type,Normal,2Vehicles-Side,2,Monday,0,False,True
201800053260,NonLethal,Daylight,Yes,T-type,Normal,2Vehicles-Side,2,Friday,9,False,False
201800019236,NonLethal,Daylight,No,NoIntersection,Normal,2Vehicles-Behind,6,Sunday,16,True,False
201800054437,NonLethal,Daylight,Yes,NoIntersection,Normal,Other,5,Wednesday,10,False,False
201800015276,Lethal,Daylight,No,X-type,Normal,2Vehicles-Side,8,Monday,18,False,False
201800030196,NonLethal,Daylight,Yes,NoIntersection,Normal,Other,5,Thursday,8,False,False
201800042108,NonLethal,Daylight,Yes,Y-type,Normal,2Vehicles-Behind,11,Friday,8,False,False
201800011413,NonLethal,Daylight,Yes,NoIntersection,LightRain,Other,11,Saturday,10,True,False
201800039441,NonLethal,NightStreelightsOn,Yes,NoIntersection,LightRain,Other,11,Friday,18,False,False
201800032479,NonLethal,Daylight,Yes,NoIntersection,Normal,Other,6,Monday,12,False,False
201800050299,NonLethal,Daylight,Yes,Square,Normal,Other,7,Monday,11,False,False
201800035995,NonLethal,Daylight,Yes,X-type,SnowOrHail,2Vehicles-BehindVehicles-Frontal,2,Monday,13,False,False
201800003151,Lethal,Daylight,No,NoIntersection,Normal,Other,5,Tuesday,12,False,False
201800021125,NonLethal,NightStreelightsOn,Yes,X-type,Normal,2Vehicles-Side,11,Wednesday,18,False,False
201800004009,NonLethal,Daylight,No,NoIntersection,Normal,2Vehicles-Side,6,Friday,7,False,False
201800021428,NonLethal,NightStreelightsOn,Yes,X-type,Normal,2Vehicles-Side,7,Thursday,22,False,False
201800031712,NonLethal,Daylight,Yes,NoIntersection,Normal,2Vehicles-Behind,10,Thursday,8,False,False
201800008978,NonLethal,Daylight,Yes,NoIntersection,Normal,2Vehicles-Behind,10,Friday,16,False,False
201800033520,NonLethal,Daylight,Yes,T-type,Normal,2Vehicles-Behind,8,Tuesday,11,False,False
201800026021,NonLethal,Daylight,Yes,NoIntersection,Normal,3+Vehicles-Chain,7,Wednesday,14,False,False