AccidentId,Gravity,Light,InAgglomeration,IntersectionType,Weather,CollisionType,Month,DayOfWeek,HourOfDay,IsWeekend,IsNight
201800026699,NonLethal,NightStreelightsOn,Yes,NoIntersection,LightRain,Other,11,Saturday,18,True,False
201800054151,NonLethal,Daylight,Yes,X-type,Overcast,2Vehicles-Side,7,Thursday,10,False,False
201800054162,NonLethal,NightStreelightsOn,Yes,NoIntersection,Normal,Other,7,Wednesday,0,False,True
201800039248,NonLethal,Daylight,Yes,NoIntersection,Normal,Other,4,Wednesday,16,False,False
201800042839,NonLethal,Daylight,Yes,MoreThan4Branches,Normal,Other,4,Wednesday,14,False,False
201800029694,NonLethal,Daylight,Yes,X-type,Normal,2Vehicles-Side,8,Monday,17,False,False
201800012750,NonLethal,Daylight,No,NoIntersection,Normal,Other,12,Friday,19,False,False
201800028965,Lethal,NightNoStreetLight,No,X-type,Normal,2Vehicles-BehindVehicles-Frontal,9,Thursday,21,False,False
201800019978,NonLethal,NightNoStreetLight,No,NoIntersection,FogOrSmoke,Other,11,Thursday,18,False,False
201800031794,NonLethal,Daylight,Yes,NoIntersection,VeryGood,2Vehicles-Behind,6,Monday,15,False,False
201800017559,NonLethal,Daylight,No,NoIntersection,Normal,NoCollision,7,Saturday,14,True,False
201800016404,NonLethal,TwilightOrDawn,No,X-type,Normal,2Vehicles-Side,5,Tuesday,6,False,True
201800001764,NonLethal,Daylight,No,NoIntersection,Normal,2Vehicles-Behind,3,Saturday,9,True,False
201800030382,NonLethal,Daylight,Yes,NoIntersection,Normal,Other,4,Tuesday,9,False,False
201800057178,NonLethal,Daylight,Yes,NoIntersection,Normal,Other,4,Saturday,8,True,False
201800047172,NonLethal,Daylight,Yes,NoIntersection,Normal,3+Vehicles-Chain,1,Wednesday,17,False,False
201800054861,NonLethal,Daylight,Yes,X-type,Normal,Other,11,Tuesday,10,False,False
201800018111,NonLethal,Daylight,No,NoIntersection,Normal,2Vehicles-Side,7,Friday,15,False,False
201800000504,NonLethal,NightNoStreetLight,No,NoIntersection,HeavyRain,3+Vehicles-Multiple,9,Tuesday,19,False,False
201800047137,NonLethal,Daylight,No,NoIntersection,Normal,2Vehicles-Side,12,Thursday,16,False,False
201800051958,NonLethal,Daylight,Yes,T-type,Normal,Other,3,Monday,16,False,False
201800028129,NonLethal,TwilightOrDawn,Yes,Y-type,Normal,2Vehicles-Side,12,Monday,8,False,False
201800044827,NonLethal,Daylight,No,NoIntersection,Normal,Other,4,Saturday,8,True,False
201800007433,NonLethal,Daylight,Yes,NoIntersection,Normal,2Vehicles-Side,9,Friday,10,False,False
201800015789,NonLethal,Daylight,No,NoIntersection,Normal,2Vehicles-BehindVehicles-Frontal,5,Tuesday,14,False,False
201800004406,NonLethal,Daylight,No,NoIntersection,Normal,2Vehicles-BehindVehicles-Frontal,6,Monday,16,False,False
201800031238,NonLethal,Daylight,Yes,NoIntersection,Normal,Other,5,Friday,9,False,False
201800022188,NonLethal,Daylight,No,NoIntersection,Overcast,NoCollision,3,Friday,15,False,False
201800012885,NonLethal,TwilightOrDawn,No,NoIntersection,HeavyRain,2Vehicles-BehindVehicles-Frontal,3,Sunday,18,True,False
201800019206,NonLethal,TwilightOrDawn,No,NoIntersection,Normal,2Vehicles-BehindVehicles-Frontal,10,Friday,7,False,False
201800002679,NonLethal,NightNoStreetLight,No,NoIntersection,Normal,Other,12,Friday,23,False,False
201800044016,NonLethal,Daylight,No,NoIntersection,Normal,NoCollision,5,Tuesday,15,False,False
201800009048,NonLethal,Daylight,Yes,NoIntersection,Normal,NoCollision,5,Wednesday,19,False,False
201800013458,Lethal,TwilightOrDawn,No,NoIntersection,FogOrSmoke,NoCollision,1,Thursday,7,False,False
201800037912,NonLethal,Daylight,Yes,NoIntersection,Normal,Other,2,Monday,13,False,False
201800001688,NonLethal,NightStreelightsOn,Yes,T-type,Overcast,2Vehicles-BehindVehicles-Frontal,9,Wednesday,22,False,False
201800045835,NonLethal,Daylight,No,NoIntersection,Normal,Other,4,Thursday,10,False,False
201800041321,NonLethal,Daylight,Yes,Other,LightRain,2Vehicles-Side,12,Monday,12,False,False
201800032064,NonLethal,Daylight,Yes,NoIntersection,Normal,NoCollision,6,Friday,17,False,False
201800047298,NonLethal,NightNoStreetLight,No,NoIntersection,Normal,NoCollision,4,Thursday,20,False,False
201800057548,Lethal,Daylight,Yes,NoIntersection,Normal,NoCollision,11,Saturday,6,True,True
201800020061,NonLethal,Daylight,No,Roundabout,VeryGood,2Vehicles-Side,3,Tuesday,16,False,False
201800034219,NonLethal,Daylight,Yes,NoIntersection,Normal,2Vehicles-Behind,5,Tuesday,16,False,False
201800028998,NonLethal,Daylight,No,NoIntersection,Normal,2Vehicles-BehindVehicles-Frontal,6,Wednesday,12,False,False
201800042778,NonLethal,Daylight,Yes,NoIntersection,Normal,2Vehicles-Behind,9,Tuesday,8,False,False
201800057592,NonLethal,Daylight,Yes,NoIntersection,Normal,2Vehicles-Behind,4,Monday,10,False,False
201800029638,Lethal,Daylight,Yes,X-type,LightRain,Other,9,Wednesday,12,False,False
201800050883,NonLethal,NightStreelightsOn,Yes,X-type,HeavyRain,Other,5,Friday,22,False,False
201800037541,NonLethal,Daylight,Yes,X-type,Overcast,2Vehicles-Side,4,Tuesday,16,False,False
201800005813,NonLethal,TwilightOrDawn,Yes,X-type,Normal,2Vehicles-BehindVehicles-Frontal,4,Tuesday,7,False,False
201800026757,NonLethal,Daylight,Yes,NoIntersection,Normal,Other,3,Thursday,11,False,False
201800036518,NonLethal,Daylight,Yes,NoIntersection,Normal,Other,11,Friday,16,False,False
201800006210,NonLethal,Daylight,No,NoIntersection,Normal,Other,2,Saturday,9,True,False
201800046185,NonLethal,NightNoStreetLight,No,NoIntersection,Normal,NoCollision,10,Saturday,18,True,False
201800040251,NonLethal,NightStreelightsOn,Yes,NoIntersection,LightRain,Other,1,Friday,18,False,False
201800054319,NonLethal,NightNoStreetLight,Yes,X-type,Overcast,Other,1,Friday,20,False,False
201800038937,NonLethal,Daylight,Yes,NoIntersection,Normal,Other,8,Friday,18,False,False
201800010877,NonLethal,TwilightOrDawn,No,NoIntersection,Normal,2Vehicles-BehindVehicles-Frontal,4,Monday,6,False,True
201800033473,NonLethal,TwilightOrDawn,No,Other,Normal,2Vehicles-Behind,5,Saturday,20,True,False
201800032608,NonLethal,Daylight,Yes,Other,Normal,2Vehicles-BehindVehicles-Frontal,10,Friday,16,False,False
201800001457,Lethal,Daylight,No,NoIntersection,LightRain,2Vehicles-Side,3,Saturday,10,True,False
201800032324,NonLethal,Daylight,Yes,X-type,LightRain,2Vehicles-Side,12,Wednesday,11,False,False
201800001760,NonLethal,NightStreelightsOn,Yes,Roundabout,LightRain,2Vehicles-Behind,11,Friday,20,False,False
201800017013,NonLethal,Daylight,No,X-type,Normal,2Vehicles-Side,7,Monday,17,False,False
201800043696,NonLethal,NightStreelightsOn,Yes,NoIntersection,Normal,NoCollision,7,Saturday,4,True,True
201800050668,NonLethal,Daylight,Yes,NoIntersection,Normal,2Vehicles-Behind,3,Wednesday,9,False,False
201800052117,NonLethal,TwilightOrDawn,Yes,Y-type,Normal,2Vehicles-Side,8,Sunday,21,True,False
201800029000,Lethal,NightNoStreetLight,No,NoIntersection,Normal,Other,7,Sunday,2,True,True
201800001341,NonLethal,Daylight,Yes,T-type,FogOrSmoke,2Vehicles-Side,4,Tuesday,9,False,False
201800052790,NonLethal,Daylight,Yes,NoIntersection,Normal,Other,7,Thursday,14,False,False
201800052573,NonLethal,Daylight,Yes,NoIntersection,Normal,2Vehicles-Behind,10,Wednesday,9,False,False
201800049273,NonLethal,Daylight,No,NoIntersection,LightRain,2Vehicles-Behind,5,Monday,13,False,False
201800033939,NonLethal,NightStreelightsOn,Yes,X-type,Normal,2Vehicles-Side,1,Tuesday,21,False,False
201800016368,NonLethal,Daylight,Yes,NoIntersection,Normal,Other,8,Saturday,18,True,False
201800006895,NonLethal,Daylight,No,Y-type,Normal,2Vehicles-Side,8,Wednesday,10,False,False
201800003634,NonLethal,Daylight,No,NoIntersection,Normal,NoCollision,6,Tuesday,12,False,False
201800049209,NonLethal,Daylight,No,NoIntersection,Normal,2Vehicles-Behind,8,Friday,11,False,False
201800054896,NonLethal,NightStreelightsOn,Yes,Square,LightRain,Other,1,Thursday,3,False,True
201800048635,NonLethal,TwilightOrDawn,Yes,X-type,Normal,2Vehicles-Side,10,Tuesday,18,False,False
201800028265,NonLethal,Daylight,No,Other,Normal,2Vehicles-BehindVehicles-Frontal,2,Sunday,14,True,False
201800023526,NonLethal,Daylight,No,NoIntersection,Normal,2Vehicles-Behind,1,Thursday,15,False,False
201800033227,NonLethal,Daylight,No,Other,Normal,3+Vehicles-Multiple,4,Wednesday,18,False,False
201800047555,NonLethal,Daylight,Yes,Square,Normal,2Vehicles-Side,6,Thursday,18,False,False
201800007898,NonLethal,Daylight,No,NoIntersection,Normal,NoCollision,7,Sunday,11,True,False
201800030589,NonLethal,Daylight,Yes,T-type,Normal,2Vehicles-Side,7,Wednesday,14,False,False
201800026229,NonLethal,Daylight,Yes,T-type,Normal,2Vehicles-Behind,9,Thursday,13,False,False
201800031972,NonLethal,Daylight,Yes,Roundabout,FogOrSmoke,2Vehicles-BehindVehicles-Frontal,10,Thursday,8,False,False
201800001707,NonLethal,NightNoStreetLight,Yes,Roundabout,Normal,NoCollision,8,Monday,21,False,False
201800038368,NonLethal,Daylight,Yes,NoIntersection,VeryGood,Other,5,Monday,11,False,False
201800003034,NonLethal,Daylight,Yes,T-type,Normal,NoCollision,9,Wednesday,8,False,False
201800015864,NonLethal,Daylight,Yes,T-type,Normal,2Vehicles-Behind,6,Thursday,12,False,False
201800054604,NonLethal,Daylight,Yes,T-type,LightRain,Other,11,Tuesday,9,False,False
201800000387,NonLethal,Daylight,No,X-type,Normal,2Vehicles-Behind,12,Thursday,14,False,False
201800023779,NonLethal,Daylight,No,NoIntersection,Normal,NoCollision,10,Tuesday,16,False,False
201800012752,NonLethal,NightNoStreetLight,No,NoIntersection,Normal,Other,9,Sunday,6,True,True
201800002837,Lethal,Daylight,No,NoIntersection,VeryGood,2Vehicles-Behind,4,Wednesday,13,False,False
201800013882,NonLethal,Daylight,Yes,Roundabout,Normal,Other,10,Tuesday,8,False,False
201800052360,NonLethal,NightStreelightsOn,Yes,X-type,LightRain,2Vehicles-Side,3,Saturday,22,True,False
201800010582,NonLethal,NightStreelightsOn,Yes,NoIntersection,Normal,2Vehicles-Side,11,Saturday,17,True,False
201800037849,NonLethal,Daylight,Yes,NoIntersection,Normal,3+Vehicles-Multiple,9,Monday,8,False,False
201800011728,NonLethal,Daylight,No,NoIntersection,Normal,2Vehicles-BehindVehicles-Frontal,4,Monday,14,False,False
201800041445,NonLethal,Daylight,Yes,NoIntersection,Overcast,2Vehicles-Side,6,Monday,17,False,False
201800024334,NonLethal,Daylight,Yes,T-type,Normal,2Vehicles-BehindVehicles-Frontal,6,Monday,11,False,False
201800053755,NonLethal,Daylight,Yes,X-type,Normal,2Vehicles-Side,4,Wednesday,12,False,False
201800011927,NonLethal,Daylight,No,NoIntersection,Normal,NoCollision,9,Friday,16,False,False
201800014433,NonLethal,Daylight,No,T-type,Normal,2Vehicles-Side,9,Monday,11,False,False
201800024088,NonLethal,Daylight,Yes,NoIntersection,Normal,2Vehicles-Side,2,Wednesday,14,False,False
201800038945,NonLethal,Daylight,Yes,T-type,LightRain,2Vehicles-Side,9,Tuesday,11,False,False
201800036303,NonLethal,Daylight,Yes,X-type,Normal,2Vehicles-Side,6,Tuesday,10,False,False
201800016602,NonLethal,NightNoStreetLight,No,NoIntersection,LightRain,2Vehicles-Behind,1,Monday,19,False,False
201800045642,NonLethal,TwilightOrDawn,No,NoIntersection,Normal,Other,11,Thursday,8,False,False
201800025140,NonLethal,Daylight,Yes,NoIntersection,Normal,2Vehicles-Behind,4,Tuesday,14,False,False
201800020900,NonLethal,Daylight,Yes,NoIntersection,Normal,Other,3,Sunday,17,True,False
201800031452,NonLethal,Daylight,No,NoIntersection,Normal,Other,8,Thursday,7,False,False
201800019384,NonLethal,Daylight,No,NoIntersection,Normal,Other,1,Wednesday,12,False,False
201800023314,NonLethal,TwilightOrDawn,Yes,NoIntersection,Normal,2Vehicles-Behind,10,Friday,18,False,False
201800014025,NonLethal,NightNoStreetLight,No,NoIntersection,Normal,Other,3,Wednesday,2,False,True
201800034984,NonLethal,NightStreelightsOn,Yes,NoIntersection,Normal,2Vehicles-Behind,8,Thursday,18,False,False
201800002889,NonLethal,Daylight,No,NoIntersection,Normal,NoCollision,2,Monday,16,False,False
201800026449,NonLethal,Daylight,Yes,NoIntersection,Normal,2Vehicles-Side,10,Friday,13,False,False
201800049079,NonLethal,NightStreelightsOff,No,NoIntersection,Normal,2Vehicles-Behind,12,Sunday,0,True,True
201800046390,NonLethal,NightNoStreetLight,No,NoIntersection,LightRain,NoCollision,1,Tuesday,3,False,True
201800000952,NonLethal,NightNoStreetLight,No,NoIntersection,Normal,Other,8,Thursday,5,False,True
201800019617,NonLethal,NightStreelightsOn,No,NoIntersection,LightRain,Other,3,Wednesday,20,False,False
201800048857,NonLethal,Daylight,No,NoIntersection,Normal,2Vehicles-Side,3,Monday,16,False,False
201800009051,NonLethal,NightStreelightsOn,Yes,NoIntersection,Normal,Other,5,Thursday,2,False,True
201800020293,NonLethal,Daylight,No,Other,Normal,2Vehicles-BehindVehicles-Frontal,11,Friday,15,False,False
201800044491,NonLethal,Daylight,No,NoIntersection,LightRain,Other,1,Monday,15,False,False
201800021707,NonLethal,NightStreelightsOn,Yes,NoIntersection,HeavyRain,3+Vehicles-Multiple,12,Friday,19,False,False
201800053176,NonLethal,NightStreelightsOn,Yes,X-type,Normal,2Vehicles-Side,6,Monday,2,False,True
201800033788,NonLethal,NightStreelightsOn,Yes,NoIntersection,Normal,2Vehicles-Behind,8,Monday,23,False,False
201800013640,NonLethal,NightNoStreetLight,No,NoIntersection,Normal,Other,2,Friday,1,False,True
201800003102,NonLethal,NightNoStreetLight,No,NoIntersection,Normal,NoCollision,2,Saturday,5,True,True
201800000110,NonLethal,NightNoStreetLight,No,X-type,Normal,2Vehicles-Behind,9,Tuesday,5,False,True
201800054037,NonLethal,NightStreelightsOn,Yes,NoIntersection,Normal,Other,3,Wednesday,23,False,False
201800035185,NonLethal,NightStreelightsOn,Yes,X-type,Normal,2Vehicles-Side,12,Friday,20,False,False
201800029110,NonLethal,Daylight,Yes,NoIntersection,Normal,2Vehicles-Behind,5,Tuesday,9,False,False
201800014353,NonLethal,NightNoStreetLight,No,NoIntersection,Overcast,Other,11,Friday,23,False,False
201800035363,NonLethal,NightStreelightsOn,No,NoIntersection,Normal,Other,1,Saturday,2,True,True
201800034087,NonLethal,Daylight,No,NoIntersection,Normal,3+Vehicles-Chain,10,Thursday,9,False,False
201800054476,NonLethal,Daylight,Yes,T-type,Normal,2Vehicles-Behind,9,Friday,16,False,False
201800021533,NonLethal,Daylight,No,NoIntersection,Normal,NoCollision,8,Sunday,14,True,False
201800019382,Lethal,Daylight,No,NoIntersection,Normal,3+Vehicles-Multiple,6,Thursday,16,False,False
201800019956,NonLethal,Daylight,No,NoIntersection,Normal,2Vehicles-Side,4,Tuesday,17,False,False
201800040997,NonLethal,Daylight,Yes,X-type,Normal,2Vehicles-Side,12,Wednesday,10,False,False
201800001831,Lethal,Daylight,No,NoIntersection,Normal,2Vehicles-Behind,6,Thursday,11,False,False
201800029628,NonLethal,TwilightOrDawn,Yes,NoIntersection,Normal,Other,11,Thursday,18,False,False
201800010445,NonLethal,NightNoStreetLight,No,NoIntersection,Normal,2Vehicles-Behind,2,Sunday,18,True,False
201800038315,NonLethal,TwilightOrDawn,Yes,NoIntersection,Normal,Other,6,Saturday,16,True,False
201800053964,NonLethal,NightStreelightsOn,Yes,X-type,Normal,2Vehicles-Side,8,Sunday,1,True,True
201800000331,NonLethal,Daylight,No,NoIntersection,Overcast,2Vehicles-BehindVehicles-Frontal,12,Sunday,15,True,False
201800020699,NonLethal,Daylight,Yes,Y-type,Normal,2Vehicles-Side,1,Saturday,15,True,False
201800043412,NonLethal,NightStreelightsOn,Yes,NoIntersection,LightRain,Other,2,Monday,23,False,False
201800033544,NonLethal,Daylight,Yes,T-type,Normal,2Vehicles-Side,9,Wednesday,17,False,False
201800020995,NonLethal,Daylight,Yes,NoIntersection,Normal,2Vehicles-Behind,5,Thursday,10,False,False
201800040623,NonLethal,Daylight,Yes,T-type,Normal,2Vehicles-Side,10,Thursday,18,False,False
201800019337,NonLethal,Daylight,Yes,NoIntersection,Normal,Other,7,Saturday,15,True,False
201800041057,NonLethal,Daylight,Yes,T-type,Normal,2Vehicles-BehindVehicles-Frontal,4,Monday,13,False,False
201800026053,Lethal,Daylight,No,NoIntersection,Normal,2Vehicles-BehindVehicles-Frontal,10,Tuesday,16,False,False
201800024061,NonLethal,NightStreelightsOn,Yes,X-type,Normal,2Vehicles-Behind,12,Friday,1,False,True
201800021058,NonLethal,NightStreelightsOn,Yes,Roundabout,LightRain,2Vehicles-BehindVehicles-Frontal,5,Saturday,6,True,True
201800022702,Lethal,Daylight,No,NoIntersection,Normal,2Vehicles-Behind,11,Wednesday,18,False,False
201800032132,NonLethal,Daylight,Yes,NoIntersection,Normal,2Vehicles-Behind,11,Friday,17,False,False
201800045648,NonLethal,TwilightOrDawn,No,NoIntersection,Normal,2Vehicles-Side,1,Monday,8,False,False
201800048004,NonLethal,NightStreelightsOn,Yes,NoIntersection,Normal,2Vehicles-Side,1,Tuesday,20,False,False
201800010983,NonLethal,TwilightOrDawn,Yes,NoIntersection,Normal,3+Vehicles-Multiple,2,Friday,18,False,False
201800027461,NonLethal,Daylight,Yes,NoIntersection,Normal,NoCollision,2,Saturday,14,True,False
201800001678,NonLethal,Daylight,No,NoIntersection,Normal,2Vehicles-BehindVehicles-Frontal,8,Friday,12,False,False
201800003651,NonLethal,Daylight,No,NoIntersection,Normal,NoCollision,4,Wednesday,8,False,False
201800023121,NonLethal,TwilightOrDawn,Yes,X-type,Normal,2Vehicles-Side,6,Sunday,21,True,False
201800051573,NonLethal,NightStreelightsOn,Yes,X-type,Normal,2Vehicles-Side,9,Tuesday,22,False,False
201800007418,NonLethal,Daylight,Yes,NoIntersection,Normal,3+Vehicles-Chain,9,Wednesday,14,False,False
201800049308,NonLethal,NightStreelightsOn,No,NoIntersection,LightRain,Other,1,Friday,21,False,False
201800003354,NonLethal,Daylight,No,NoIntersection,VeryGood,2Vehicles-Side,7,Saturday,13,True,False
201800042841,NonLethal,Daylight,Yes,X-type,SnowOrHail,2Vehicles-BehindVehicles-Frontal,3,Sunday,17,True,False
201800013108,NonLethal,TwilightOrDawn,No,X-type,Normal,2Vehicles-Side,4,Saturday,19,True,False
201800029648,NonLethal,Daylight,Yes,X-type,LightRain,2Vehicles-Side,12,Thursday,15,False,False
201800035197,NonLethal,TwilightOrDawn,Yes,NoIntersection,LightRain,Other,4,Saturday,16,True,False
201800049184,NonLethal,NightNoStreetLight,No,NoIntersection,Normal,2Vehicles-Behind,12,Thursday,7,False,False
201800047352,NonLethal,Daylight,Yes,T-type,Normal,2Vehicles-Side,1,Monday,16,False,False
201800033121,NonLethal,Daylight,Yes,T-type,Normal,2Vehicles-Side,5,Friday,19,False,False
201800021830,NonLethal,Daylight,Yes,NoIntersection,Normal,Other,8,Sunday,9,True,False
201800045824,NonLethal,Daylight,No,NoIntersection,Normal,2Vehicles-Behind,4,Tuesday,19,False,False
201800021094,NonLethal,NightStreelightsOn,Yes,T-type,Normal,Other,4,Thursday,20,False,False
201800053376,NonLethal,Daylight,Yes,Y-type,LightRain,2Vehicles-Behind,5,Friday,16,False,False
201800024275,NonLethal,NightStreelightsOn,Yes,X-type,Normal,2Vehicles-Side,3,Wednesday,23,False,False
201800010157,NonLethal,TwilightOrDawn,Yes,X-type,Normal,2Vehicles-Side,12,Saturday,7,True,False
201800042217,NonLethal,NightStreelightsOn,Yes,NoIntersection,LightRain,Other,4,Sunday,3,True,True
201800012790,NonLethal,Daylight,Yes,NoIntersection,VeryGood,2Vehicles-BehindVehicles-Frontal,8,Thursday,14,False,False
201800005530,NonLethal,Daylight,Yes,NoIntersection,Normal,Other,8,Tuesday,11,False,False
201800028954,NonLethal,Daylight,Yes,X-type,LightRain,Other,12,Thursday,10,False,False
201800032540,NonLethal,Daylight,No,NoIntersection,Normal,2Vehicles-Side,9,Monday,18,False,False
201800042356,NonLethal,Daylight,Yes,T-type,Normal,2Vehicles-Behind,12,Sunday,12,True,False
201800032133,NonLethal,Daylight,Yes,NoIntersection,Normal,Other,9,Thursday,18,False,False
201800012309,NonLethal,NightNoStreetLight,No,NoIntersection,LightRain,Other,12,Tuesday,21,False,False
201800044932,NonLethal,TwilightOrDawn,No,NoIntersection,Normal,2Vehicles-BehindVehicles-Frontal,6,Friday,5,False,True
201800041542,NonLethal,Daylight,Yes,NoIntersection,LightRain,Other,1,Monday,16,False,False
201800044833,NonLethal,NightNoStreetLight,No,NoIntersection,HeavyRain,Other,4,Monday,1,False,True
201800033159,NonLethal,Daylight,Yes,T-type,Normal,2Vehicles-Side,9,Monday,13,False,False
201800014100,NonLethal,Daylight,No,NoIntersection,Normal,3+Vehicles-Multiple,5,Saturday,14,True,False
201800017865,NonLethal,Daylight,No,NoIntersection,Normal,Other,2,Sunday,17,True,False
201800003517,NonLethal,Daylight,No,X-type,Normal,2Vehicles-Side,3,Tuesday,18,False,False
201800013861,Lethal,Daylight,No,NoIntersection,LightRain,Other,9,Sunday,10,True,False
201800025621,NonLethal,Daylight,Yes,NoIntersection,Normal,2Vehicles-Side,11,Friday,10,False,False
201800041327,NonLethal,NightStreelightsOn,No,NoIntersection,Normal,Other,12,Tuesday,18,False,False
201800044931,NonLethal,Daylight,No,NoIntersection,Normal,2Vehicles-Behind,5,Thursday,13,False,False
201800001602,NonLethal,Daylight,No,NoIntersection,Normal,3+Vehicles-Chain,12,Tuesday,9,False,False
201800056122,NonLethal,NightStreelightsOn,Yes,NoIntersection,Normal,2Vehicles-BehindVehicles-Frontal,7,Saturday,4,True,True
201800005625,NonLethal,Daylight,Yes,NoIntersection,Normal,2Vehicles-Behind,3,Friday,17,False,False
201800004975,NonLethal,NightNoStreetLight,No,NoIntersection,Normal,2Vehicles-Behind,9,Sunday,5,True,True
201800047550,NonLethal,Daylight,Yes,NoIntersection,Normal,Other,6,Friday,18,False,False
201800053989,NonLethal,NightStreelightsOn,Yes,X-type,Normal,Other,1,Friday,17,False,False
201800015854,NonLethal,Daylight,Yes,NoIntersection,Normal,2Vehicles-Side,10,Saturday,16,True,False
201800005292,NonLethal,NightStreelightsOn,Yes,Square,Normal,2Vehicles-Side,9,Sunday,19,True,False
201800031497,Lethal,Daylight,Yes,NoIntersection,Normal,Other,6,Monday,8,False,False
201800049251,NonLethal,Daylight,No,NoIntersection,Normal,2Vehicles-Behind,5,Friday,12,False,False
201800028436,NonLethal,Daylight,Yes,NoIntersection,Normal,Other,5,Thursday,10,False,False
201800051348,NonLethal,NightStreelightsOn,Yes,MoreThan4Branches,Normal,2Vehicles-Behind,5,Friday,23,False,False
201800043205,NonLethal,Daylight,Yes,X-type,Normal,2Vehicles-Side,4,Sunday,13,True,False
201800020156,NonLethal,NightNoStreetLight,No,NoIntersection,Normal,2Vehicles-BehindVehicles-Frontal,9,Friday,23,False,False
201800036820,NonLethal,Daylight,Yes,NoIntersection,Normal,2Vehicles-BehindVehicles-Frontal,5,Tuesday,16,False,False
201800034006,NonLethal,Daylight,Yes,NoIntersection,Normal,NoCollision,6,Monday,21,False,False
201800048611,NonLethal,Daylight,Yes,X-type,Normal,Other,10,Wednesday,16,False,False
201800022312,NonLethal,Daylight,No,NoIntersection,Normal,NoCollision,3,Saturday,11,True,False
201800041687,NonLethal,Daylight,Yes,T-type,Normal,2Vehicles-Side,9,Monday,18,False,False
201800034316,NonLethal,Daylight,Yes,NoIntersection,LightRain,2Vehicles-Side,9,Tuesday,10,False,False
201800030063,NonLethal,Daylight,Yes,T-type,Normal,2Vehicles-Side,7,Tuesday,19,False,False
201800034086,NonLethal,TwilightOrDawn,Yes,X-type,Normal,2Vehicles-Side,10,Wednesday,8,False,False
201800020224,Lethal,NightNoStreetLight,Yes,NoIntersection,Normal,Other,5,Thursday,20,False,False
201800029113,NonLethal,Daylight,No,NoIntersection,Normal,2Vehicles-BehindVehicles-Frontal,6,Friday,17,False,False
201800042633,Lethal,Daylight,Yes,NoIntersection,Normal,Other,12,Wednesday,10,False,False
201800024654,NonLethal,Daylight,Yes,T-type,Normal,2Vehicles-Side,2,Saturday,15,True,False
201800038262,NonLethal,Daylight,Yes,NoIntersection,LightRain,Other,1,Thursday,10,False,False
201800031798,NonLethal,Daylight,Yes,NoIntersection,Normal,2Vehicles-Behind,5,Tuesday,20,False,False
201800002741,NonLethal,TwilightOrDawn,Yes,NoIntersection,Normal,Other,6,Sunday,21,True,False
201800044446,NonLethal,TwilightOrDawn,No,NoIntersection,Normal,2Vehicles-Behind,11,Monday,7,False,False
201800002309,Lethal,Daylight,Yes,NoIntersection,Normal,Other,3,Saturday,15,True,False
201800046501,NonLethal,Daylight,No,NoIntersection,Normal,2Vehicles-Behind,5,Friday,14,False,False
201800041164,NonLethal,NightStreelightsOn,Yes,NoIntersection,LightRain,3+Vehicles-Chain,9,Saturday,18,True,False
201800031784,NonLethal,Daylight,Yes,T-type,Normal,2Vehicles-Side,6,Monday,18,False,False
201800012643,NonLethal,TwilightOrDawn,Yes,Roundabout,Overcast,2Vehicles-Side,7,Sunday,20,True,False
201800021775,NonLethal,Daylight,No,NoIntersection,Normal,Other,10,Friday,17,False,False
201800008539,NonLethal,Daylight,Yes,NoIntersection,Normal,Other,2,Friday,8,False,False
201800005940,NonLethal,Daylight,Yes,NoIntersection,Normal,NoCollision,4,Sunday,17,True,False
201800028953,NonLethal,NightStreelightsOn,Yes,NoIntersection,Normal,2Vehicles-Side,12,Wednesday,19,False,False
201800002740,NonLethal,Daylight,Yes,NoIntersection,Normal,NoCollision,5,Monday,14,False,False
201800000679,NonLethal,Daylight,No,NoIntersection,Normal,NoCollision,8,Friday,8,False,False
201800017604,NonLethal,Daylight,No,NoIntersection,Normal,2Vehicles-Behind,3,Wednesday,16,False,False
201800003897,NonLethal,Daylight,No,NoIntersection,Normal,Other,9,Saturday,16,True,False
201800054336,NonLethal,Daylight,Yes,NoIntersection,Normal,Other,2,Saturday,12,True,False
201800026183,NonLethal,Daylight,Yes,NoIntersection,Normal,Other,4,Thursday,8,False,False
201800032870,NonLethal,Daylight,Yes,X-type,Normal,2Vehicles-Side,4,Friday,13,False,False
201800012560,NonLethal,Daylight,Yes,X-type,VeryGood,2Vehicles-Side,4,Thursday,9,False,False
201800000742,NonLethal,Daylight,Yes,X-type,Normal,3+Vehicles-Multiple,8,Thursday,14,False,False
201800057465,Lethal,NightNoStreetLight,No,NoIntersection,Normal,Other,5,Saturday,2,True,True
201800005562,NonLethal,Daylight,Yes,NoIntersection,Normal,2Vehicles-BehindVehicles-Frontal,1,Sunday,9,True,False
201800030591,NonLethal,Daylight,Yes,T-type,Normal,2Vehicles-Side,7,Friday,16,False,False
201800004810,NonLethal,NightStreelightsOn,Yes,NoIntersection,LightRain,Other,1,Thursday,19,False,False
201800041561,NonLethal,Daylight,Yes,T-type,Normal,2Vehicles-BehindVehicles-Frontal,4,Sunday,18,True,False
201800000011,NonLethal,Daylight,Yes,Roundabout,Normal,2Vehicles-Side,5,Monday,18,False,False
201800026842,NonLethal,Daylight,Yes,X-type,Normal,Other,6,Saturday,17,True,False
201800026493,NonLethal,NightStreelightsOn,No,Roundabout,Normal,2Vehicles-Side,12,Wednesday,22,False,False