AccidentId,Gravity,Light,InAgglomeration,IntersectionType,Weather,CollisionType,Month,DayOfWeek,HourOfDay,IsWeekend,IsNight
201800032553,NonLethal,Daylight,Yes,X-type,Normal,2Vehicles-Side,12,Sunday,14,True,False
201800018874,NonLethal,Daylight,No,Roundabout,Normal,NoCollision,7,Friday,17,False,False
201800047613,NonLethal,Daylight,Yes,NoIntersection,Normal,Other,7,Wednesday,9,False,False
201800028509,NonLethal,Daylight,Yes,NoIntersection,Normal,Other,8,Tuesday,14,False,False
201800007522,NonLethal,TwilightOrDawn,Yes,NoIntersection,LightRain,2Vehicles-Side,12,Sunday,16,True,False
201800054908,NonLethal,Daylight,Yes,T-type,LightRain,2Vehicles-Side,1,Thursday,14,False,False
201800014888,NonLethal,Daylight,Yes,Y-type,Normal,2Vehicles-BehindVehicles-Frontal,4,Sunday,12,True,False
201800042913,NonLethal,Daylight,Yes,T-type,Normal,Other,9,Thursday,18,False,False
201800026735,NonLethal,NightStreelightsOn,Yes,NoIntersection,Overcast,2Vehicles-Side,2,Tuesday,20,False,False
201800009775,NonLethal,TwilightOrDawn,Yes,T-type,Normal,2Vehicles-Side,9,Sunday,19,True,False
201800040207,NonLethal,NightStreelightsOn,Yes,Other,Normal,Other,6,Friday,23,False,False
201800040037,NonLethal,Daylight,Yes,X-type,HeavyRain,Other,12,Sunday,10,True,False
201800034968,NonLethal,NightStreelightsOn,Yes,NoIntersection,Normal,Other,1,Wednesday,17,False,False
201800016601,NonLethal,NightStreelightsOn,Yes,Other,Normal,Other,10,Wednesday,19,False,False
201800000219,NonLethal,Daylight,Yes,Other,Normal,2Vehicles-Side,11,Friday,13,False,False
201800037976,NonLethal,NightStreelightsOn,Yes,NoIntersection,Normal,2Vehicles-Behind,11,Tuesday,21,False,False
201800051293,NonLethal,NightStreelightsOn,Yes,Square,Normal,2Vehicles-Side,12,Thursday,22,False,False
201800055484,NonLethal,Daylight,Yes,NoIntersection,Normal,NoCollision,7,Friday,20,False,False
201800014726,NonLethal,Daylight,No,NoIntersection,Normal,2Vehicles-BehindVehicles-Frontal,1,Wednesday,7,False,False
201800033526,NonLethal,TwilightOrDawn,Yes,T-type,Normal,2Vehicles-BehindVehicles-Frontal,4,Monday,7,False,False
201800054028,NonLethal,Daylight,Yes,NoIntersection,LightRain,2Vehicles-Behind,7,Tuesday,12,False,False
201800014584,NonLethal,Daylight,No,T-type,Normal,2Vehicles-Side,6,Saturday,10,True,False
201800011360,NonLethal,NightNoStreetLight,No,NoIntersection,Normal,Other,2,Thursday,19,False,False
201800037911,NonLethal,Daylight,Yes,NoIntersection,Normal,2Vehicles-Behind,5,Wednesday,11,False,False
201800052812,NonLethal,Daylight,Yes,X-type,Normal,2Vehicles-Side,3,Friday,18,False,False
201800026067,NonLethal,NightStreelightsOn,Yes,NoIntersection,Normal,NoCollision,1,Sunday,2,True,True
201800022993,NonLethal,Daylight,Yes,NoIntersection,VeryGood,Other,3,Friday,7,False,False
201800023251,NonLethal,Daylight,Yes,NoIntersection,Normal,2Vehicles-Behind,9,Sunday,13,True,False
201800010121,NonLethal,TwilightOrDawn,Yes,X-type,Normal,2Vehicles-Side,11,Tuesday,16,False,False
201800047150,NonLethal,Daylight,No,NoIntersection,Normal,2Vehicles-Behind,12,Tuesday,12,False,False
201800004101,NonLethal,Daylight,Yes,T-type,Normal,2Vehicles-Side,8,Friday,9,False,False
201800053044,NonLethal,Daylight,Yes,Square,Normal,Other,6,Tuesday,17,False,False
201800045493,NonLethal,NightNoStreetLight,No,NoIntersection,LightRain,3+Vehicles-Multiple,11,Sunday,6,True,True
201800020193,NonLethal,Daylight,Yes,T-type,Normal,2Vehicles-Side,2,Monday,15,False,False
201800055963,NonLethal,Daylight,No,NoIntersection,Normal,2Vehicles-Behind,7,Wednesday,15,False,False
201800006429,Lethal,Daylight,Yes,NoIntersection,Normal,2Vehicles-Side,5,Monday,10,False,False
201800022181,NonLethal,NightNoStreetLight,No,NoIntersection,LightRain,Other,1,Monday,20,False,False
201800012090,NonLethal,Daylight,Yes,X-type,Normal,2Vehicles-Side,5,Saturday,10,True,False
201800006130,NonLethal,NightNoStreetLight,No,NoIntersection,Normal,Other,12,Monday,5,False,True
201800000056,NonLethal,Daylight,No,NoIntersection,Normal,2Vehicles-Behind,4,Tuesday,15,False,False
201800055251,NonLethal,Daylight,Yes,NoIntersection,Normal,2Vehicles-Side,1,Wednesday,8,False,False
201800017200,NonLethal,NightNoStreetLight,No,Other,HeavyRain,2Vehicles-BehindVehicles-Frontal,10,Sunday,17,True,False
201800015467,NonLethal,Daylight,No,X-type,Normal,3+Vehicles-Multiple,5,Sunday,11,True,False
201800024453,NonLethal,Daylight,Yes,NoIntersection,Normal,Other,9,Monday,9,False,False
201800015451,Lethal,Daylight,No,NoIntersection,LightRain,3+Vehicles-Multiple,11,Thursday,16,False,False
201800024786,NonLethal,Daylight,Yes,Roundabout,LightRain,2Vehicles-Behind,5,Sunday,11,True,False
201800039433,NonLethal,Daylight,Yes,Roundabout,Normal,2Vehicles-Side,10,Monday,18,False,False
201800022865,NonLethal,NightNoStreetLight,No,NoIntersection,HeavyRain,2Vehicles-Behind,1,Sunday,19,True,False
201800041599,NonLethal,Daylight,Yes,NoIntersection,Normal,Other,9,Thursday,15,False,False
201800019755,NonLethal,Daylight,No,NoIntersection,Normal,3+Vehicles-Chain,11,Saturday,13,True,False
201800010056,NonLethal,Daylight,Yes,NoIntersection,Normal,2Vehicles-Side,11,Monday,8,False,False
201800046842,NonLethal,Daylight,No,NoIntersection,Normal,3+Vehicles-Multiple,4,Monday,17,False,False
201800014517,Lethal,Daylight,No,NoIntersection,LightRain,NoCollision,11,Thursday,15,False,False
201800033513,NonLethal,TwilightOrDawn,Yes,NoIntersection,Normal,2Vehicles-Behind,8,Tuesday,7,False,False
201800009626,NonLethal,Daylight,Yes,T-type,Normal,2Vehicles-Side,1,Tuesday,10,False,False
201800011414,NonLethal,Daylight,No,NoIntersection,VeryGood,2Vehicles-Behind,12,Wednesday,15,False,False
201800005441,NonLethal,NightStreelightsOn,Yes,NoIntersection,Normal,2Vehicles-BehindVehicles-Frontal,8,Monday,4,False,True
201800016669,NonLethal,Daylight,No,NoIntersection,Normal,2Vehicles-Side,12,Friday,11,False,False
201800017945,NonLethal,NightNoStreetLight,No,NoIntersection,Normal,Other,3,Friday,21,False,False
201800035582,NonLethal,Daylight,Yes,NoIntersection,Normal,Other,7,Monday,10,False,False
201800052792,NonLethal,NightStreelightsOn,Yes,X-type,Normal,2Vehicles-Side,7,Saturday,23,True,False
201800007772,NonLethal,Daylight,Yes,Roundabout,Normal,2Vehicles-Behind,7,Friday,17,False,False
201800000352,NonLethal,Daylight,Yes,T-type,Normal,2Vehicles-BehindVehicles-Frontal,10,Tuesday,17,False,False
201800024712,NonLethal,NightStreelightsOn,Yes,NoIntersection,Normal,Other,3,Saturday,0,True,True
201800052989,NonLethal,Daylight,Yes,T-type,LightRain,NoCollision,4,Sunday,14,True,False
201800033524,NonLethal,NightStreelightsOn,Yes,Other,Overcast,Other,8,Friday,22,False,False
201800047816,NonLethal,Daylight,Yes,NoIntersection,Normal,NoCollision,11,Monday,9,False,False
201800052550,NonLethal,NightStreelightsOn,Yes,NoIntersection,Normal,2Vehicles-Side,4,Tuesday,20,False,False
201800048077,NonLethal,NightStreelightsOn,Yes,NoIntersection,Normal,Other,8,Thursday,21,False,False
201800018175,NonLethal,Daylight,No,X-type,VeryGood,2Vehicles-Side,5,Friday,12,False,False
201800005784,NonLethal,Daylight,Yes,X-type,Normal,2Vehicles-Side,11,Friday,15,False,False
201800033987,NonLethal,Daylight,Yes,X-type,Normal,2Vehicles-Side,5,Tuesday,18,False,False
201800047053,NonLethal,NightNoStreetLight,No,NoIntersection,Normal,2Vehicles-Side,11,Saturday,7,True,False
201800025094,NonLethal,Daylight,Yes,X-type,Normal,2Vehicles-Side,12,Wednesday,9,False,False
201800045334,NonLethal,NightNoStreetLight,No,NoIntersection,Normal,3+Vehicles-Chain,10,Tuesday,19,False,False
201800001150,NonLethal,Daylight,No,T-type,Normal,2Vehicles-Side,7,Friday,17,False,False
201800014955,Lethal,NightNoStreetLight,No,NoIntersection,Normal,Other,3,Saturday,0,True,True
201800048591,NonLethal,Daylight,Yes,X-type,Overcast,2Vehicles-Side,10,Wednesday,15,False,False
201800038568,NonLethal,NightStreelightsOn,Yes,Other,LightRain,Other,5,Monday,0,False,True
201800021345,NonLethal,Daylight,No,NoIntersection,Normal,2Vehicles-Behind,6,Saturday,10,True,False
201800032115,NonLethal,Daylight,Yes,T-type,HeavyRain,2Vehicles-Side,1,Saturday,16,True,False
201800027268,NonLethal,Daylight,No,NoIntersection,Normal,Other,4,Monday,11,False,False
201800033865,NonLethal,Daylight,No,NoIntersection,Normal,2Vehicles-Side,10,Friday,15,False,False
201800022215,NonLethal,Daylight,Yes,Roundabout,Normal,2Vehicles-Side,10,Thursday,10,False,False
201800004926,NonLethal,Daylight,No,NoIntersection,Normal,NoCollision,4,Monday,17,False,False
201800032916,NonLethal,NightStreelightsOn,Yes,X-type,Normal,2Vehicles-Side,2,Thursday,22,False,False
201800030180,NonLethal,NightStreelightsOn,Yes,NoIntersection,Normal,Other,2,Thursday,7,False,False
201800045424,NonLethal,Daylight,No,NoIntersection,Normal,Other,10,Monday,8,False,False
201800057096,NonLethal,Daylight,Yes,X-type,Normal,2Vehicles-Side,11,Tuesday,16,False,False
201800004540,NonLethal,TwilightOrDawn,Yes,NoIntersection,Normal,Other,4,Thursday,17,False,False
201800052246,NonLethal,NightStreelightsOn,Yes,X-type,LightRain,2Vehicles-Side,11,Sunday,21,True,False
201800036493,NonLethal,Daylight,Yes,NoIntersection,Normal,3+Vehicles-Chain,10,Friday,8,False,False
201800053212,NonLethal,Daylight,Yes,T-type,Normal,Other,11,Monday,15,False,False
201800054270,NonLethal,NightStreelightsOn,Yes,NoIntersection,LightRain,2Vehicles-Side,11,Monday,20,False,False
201800010654,NonLethal,Daylight,No,NoIntersection,Normal,2Vehicles-BehindVehicles-Frontal,9,Wednesday,14,False,False
201800017500,NonLethal,Daylight,No,T-type,Normal,2Vehicles-Side,4,Saturday,17,True,False
201800017974,NonLethal,NightNoStreetLight,No,NoIntersection,Normal,Other,11,Saturday,3,True,True
201800009860,NonLethal,NightStreelightsOn,Yes,NoIntersection,Normal,Other,10,Saturday,1,True,True
201800047610,NonLethal,Daylight,Yes,NoIntersection,Normal,2Vehicles-Behind,7,Saturday,17,True,False
201800025678,NonLethal,Daylight,Yes,Other,Normal,Other,10,Wednesday,18,False,False
201800033274,NonLethal,Daylight,Yes,Roundabout,Overcast,Other,7,Monday,7,False,False
201800013432,NonLethal,TwilightOrDawn,Yes,NoIntersection,Normal,Other,9,Monday,7,False,False
201800004594,Lethal,Daylight,No,T-type,Normal,3+Vehicles-Multiple,9,Saturday,15,True,False
201800035594,NonLethal,Daylight,Yes,NoIntersection,Normal,3+Vehicles-Chain,9,Thursday,13,False,False
201800045520,NonLethal,NightNoStreetLight,No,NoIntersection,HeavyRain,2Vehicles-Behind,12,Saturday,21,True,False
201800035521,NonLethal,Daylight,No,NoIntersection,LightRain,2Vehicles-BehindVehicles-Frontal,8,Saturday,17,True,False
201800009379,NonLethal,Daylight,Yes,NoIntersection,Normal,Other,7,Sunday,19,True,False
201800056396,Lethal,Daylight,No,NoIntersection,LightRain,2Vehicles-BehindVehicles-Frontal,12,Thursday,15,False,False
201800034245,NonLethal,Daylight,Yes,Y-type,LightRain,2Vehicles-Side,9,Tuesday,16,False,False
201800013566,NonLethal,TwilightOrDawn,Yes,NoIntersection,Normal,Other,7,Friday,22,False,False
201800054120,NonLethal,Daylight,Yes,X-type,Normal,Other,6,Wednesday,8,False,False
201800048847,NonLethal,Daylight,No,NoIntersection,Normal,3+Vehicles-Chain,3,Tuesday,17,False,False
201800026351,NonLethal,Daylight,Yes,NoIntersection,Normal,2Vehicles-Behind,3,Sunday,9,True,False
201800010448,NonLethal,NightNoStreetLight,No,NoIntersection,Normal,2Vehicles-Behind,4,Saturday,20,True,False
201800048318,NonLethal,Daylight,Yes,NoIntersection,Normal,Other,8,Monday,8,False,False
201800020332,NonLethal,Daylight,No,NoIntersection,Normal,2Vehicles-Behind,8,Wednesday,19,False,False
201800017464,NonLethal,Daylight,Yes,NoIntersection,Normal,2Vehicles-BehindVehicles-Frontal,12,Wednesday,14,False,False
201800046608,NonLethal,Daylight,No,NoIntersection,HeavyRain,2Vehicles-Behind,5,Tuesday,19,False,False
201800016505,NonLethal,Daylight,No,NoIntersection,Normal,Other,10,Saturday,12,True,False
201800036838,NonLethal,TwilightOrDawn,Yes,T-type,Normal,2Vehicles-Side,5,Monday,20,False,False
201800025877,Lethal,Daylight,Yes,NoIntersection,Normal,Other,5,Wednesday,8,False,False
201800057391,NonLethal,NightStreelightsOn,Yes,NoIntersection,Normal,Other,12,Friday,20,False,False
201800043363,NonLethal,Daylight,Yes,NoIntersection,LightRain,Other,2,Thursday,9,False,False
201800056896,NonLethal,NightStreelightsOn,Yes,Y-type,Normal,3+Vehicles-Multiple,7,Wednesday,20,False,False
201800013527,NonLethal,Daylight,Yes,X-type,Normal,Other,12,Sunday,9,True,False
201800023439,NonLethal,NightNoStreetLight,No,Other,HeavyRain,2Vehicles-Behind,2,Wednesday,18,False,False
201800054329,NonLethal,Daylight,Yes,T-type,SnowOrHail,Other,2,Tuesday,8,False,False
201800006183,NonLethal,Daylight,No,Other,Normal,2Vehicles-Behind,9,Wednesday,15,False,False
201800014605,NonLethal,NightNoStreetLight,No,NoIntersection,FogOrSmoke,Other,5,Tuesday,5,False,True
201800023565,NonLethal,NightNoStreetLight,No,NoIntersection,Normal,2Vehicles-Behind,10,Wednesday,3,False,True
201800015349,NonLethal,Daylight,No,T-type,Normal,2Vehicles-Side,9,Friday,8,False,False
201800028535,NonLethal,Daylight,Yes,X-type,Normal,2Vehicles-Side,9,Monday,11,False,False
201800052468,NonLethal,Daylight,Yes,Square,Normal,2Vehicles-Side,4,Saturday,16,True,False
201800004547,NonLethal,NightStreelightsOn,Yes,NoIntersection,Normal,Other,12,Saturday,19,True,False
201800008795,NonLethal,Daylight,Yes,X-type,Normal,2Vehicles-Side,4,Thursday,8,False,False
201800028471,NonLethal,Daylight,Yes,NoIntersection,Normal,2Vehicles-Behind,5,Monday,13,False,False
201800020976,NonLethal,NightStreelightsOn,Yes,NoIntersection,Normal,Other,4,Sunday,4,True,True
201800020147,NonLethal,NightStreelightsOn,No,X-type,Normal,2Vehicles-Side,11,Friday,18,False,False
201800056108,NonLethal,Daylight,Yes,NoIntersection,Normal,2Vehicles-Behind,8,Friday,8,False,False
201800043702,NonLethal,TwilightOrDawn,Yes,NoIntersection,Normal,NoCollision,8,Wednesday,20,False,False
201800020531,NonLethal,Daylight,Yes,Roundabout,Normal,2Vehicles-Side,4,Thursday,15,False,False
201800049807,NonLethal,Daylight,No,NoIntersection,Normal,3+Vehicles-Chain,4,Saturday,10,True,False
201800022265,NonLethal,NightStreelightsOn,Yes,Roundabout,LightRain,2Vehicles-Side,1,Wednesday,19,False,False
201800029319,Lethal,Daylight,No,NoIntersection,Normal,2Vehicles-Side,9,Wednesday,14,False,False
201800051289,NonLethal,Daylight,Yes,Square,Normal,2Vehicles-Side,12,Thursday,11,False,False
201800002638,NonLethal,Daylight,No,NoIntersection,Normal,NoCollision,1,Friday,10,False,False
201800037883,NonLethal,Daylight,Yes,NoIntersection,Normal,Other,12,Friday,8,False,False
201800022355,NonLethal,Daylight,Yes,NoIntersection,Normal,3+Vehicles-Chain,6,Wednesday,16,False,False
201800040214,NonLethal,Daylight,Yes,T-type,Normal,2Vehicles-Side,7,Tuesday,18,False,False
201800017742,NonLethal,Daylight,No,NoIntersection,Normal,NoCollision,7,Wednesday,14,False,False
201800046034,NonLethal,Daylight,No,NoIntersection,Normal,2Vehicles-Side,8,Thursday,18,False,False
201800054700,NonLethal,Daylight,Yes,X-type,Normal,2Vehicles-Side,4,Saturday,17,True,False
201800024337,NonLethal,Daylight,Yes,NoIntersection,Normal,2Vehicles-BehindVehicles-Frontal,5,Sunday,18,True,False
201800052740,NonLethal,Daylight,Yes,X-type,Normal,2Vehicles-Side,4,Friday,19,False,False
201800031048,NonLethal,Daylight,Yes,NoIntersection,Normal,2Vehicles-Behind,8,Thursday,16,False,False
201800038549,NonLethal,NightStreelightsOn,Yes,NoIntersection,Normal,Other,2,Monday,19,False,False
201800039878,NonLethal,Daylight,Yes,T-type,LightRain,2Vehicles-Side,4,Monday,19,False,False
201800056634,NonLethal,NightNoStreetLight,Yes,NoIntersection,LightRain,2Vehicles-Behind,7,Friday,23,False,False
201800003206,NonLethal,NightNoStreetLight,No,NoIntersection,SnowOrHail,3+Vehicles-Multiple,2,Tuesday,22,False,False
201800015780,NonLethal,Daylight,Yes,Roundabout,HeavyRain,2Vehicles-Side,4,Tuesday,10,False,False
201800007192,NonLethal,Daylight,No,NoIntersection,Normal,NoCollision,8,Sunday,7,True,False
201800036951,NonLethal,Daylight,Yes,NoIntersection,Normal,3+Vehicles-Multiple,4,Tuesday,18,False,False
201800052326,NonLethal,Daylight,Yes,T-type,Normal,2Vehicles-Side,1,Tuesday,9,False,False
201800006208,NonLethal,Daylight,No,NoIntersection,Normal,3+Vehicles-Chain,9,Thursday,8,False,False
201800038821,NonLethal,Daylight,Yes,NoIntersection,Normal,2Vehicles-Behind,5,Tuesday,15,False,False
201800045176,NonLethal,Daylight,No,NoIntersection,LightRain,2Vehicles-Side,6,Saturday,10,True,False
201800027442,NonLethal,Daylight,Yes,NoIntersection,Normal,Other,9,Monday,18,False,False
201800030642,NonLethal,Daylight,Yes,NoIntersection,Normal,2Vehicles-Behind,6,Tuesday,17,False,False
201800047842,NonLethal,NightStreelightsOn,Yes,NoIntersection,LightRain,Other,12,Thursday,18,False,False
201800036923,NonLethal,NightNoStreetLight,No,NoIntersection,Normal,3+Vehicles-Multiple,10,Saturday,19,True,False
201800029146,NonLethal,NightStreelightsOn,Yes,NoIntersection,Normal,Other,12,Wednesday,22,False,False
201800012059,NonLethal,NightNoStreetLight,No,NoIntersection,Normal,NoCollision,7,Thursday,21,False,False
201800025756,NonLethal,Daylight,Yes,NoIntersection,Normal,Other,10,Friday,18,False,False
201800008004,NonLethal,NightNoStreetLight,No,NoIntersection,Normal,Other,4,Tuesday,2,False,True
201800012485,NonLethal,Daylight,No,NoIntersection,LightRain,NoCollision,11,Monday,17,False,False
201800000290,Lethal,NightNoStreetLight,No,Other,Normal,Other,12,Saturday,18,True,False
201800033797,NonLethal,Daylight,Yes,T-type,Normal,2Vehicles-Side,6,Sunday,18,True,False
201800036913,NonLethal,Daylight,Yes,NoIntersection,Normal,2Vehicles-Behind,8,Wednesday,21,False,False
201800013300,NonLethal,Daylight,Yes,NoIntersection,Normal,Other,11,Friday,9,False,False
201800037925,NonLethal,Daylight,Yes,X-type,LightRain,2Vehicles-Side,11,Tuesday,10,False,False
201800043056,NonLethal,Daylight,Yes,NoIntersection,Normal,Other,9,Wednesday,17,False,False
201800024678,NonLethal,Daylight,Yes,NoIntersection,Normal,2Vehicles-Behind,3,Sunday,17,True,False
201800042282,NonLethal,NightStreelightsOn,No,Other,Overcast,Other,5,Tuesday,22,False,False
201800043484,Lethal,Daylight,Yes,NoIntersection,Normal,Other,6,Sunday,17,True,False
201800022299,NonLethal,Daylight,No,NoIntersection,LightRain,Other,3,Sunday,8,True,False
201800016498,NonLethal,NightNoStreetLight,No,NoIntersection,Normal,2Vehicles-BehindVehicles-Frontal,3,Sunday,21,True,False
201800008864,NonLethal,Daylight,Yes,X-type,HeavyRain,2Vehicles-Side,11,Sunday,16,True,False
201800002746,NonLethal,Daylight,Yes,NoIntersection,Overcast,Other,10,Wednesday,13,False,False
201800026895,NonLethal,Daylight,Yes,NoIntersection,Normal,2Vehicles-Behind,12,Saturday,12,True,False
201800022395,NonLethal,Daylight,Yes,NoIntersection,Normal,2Vehicles-Side,9,Friday,17,False,False
201800033229,NonLethal,Daylight,No,NoIntersection,Normal,2Vehicles-Side,5,Tuesday,16,False,False
201800006273,NonLethal,Daylight,No,NoIntersection,Normal,2Vehicles-Behind,11,Wednesday,18,False,False
201800055206,Lethal,NightStreelightsOn,Yes,NoIntersection,Normal,Other,12,Friday,3,False,True
201800006223,NonLethal,Daylight,No,NoIntersection,Normal,Other,5,Friday,7,False,False
201800039874,NonLethal,NightStreelightsOn,Yes,NoIntersection,Normal,2Vehicles-Side,3,Saturday,21,True,False
201800024830,NonLethal,NightStreelightsOn,Yes,Y-type,Normal,2Vehicles-Behind,7,Saturday,0,True,True
201800045382,NonLethal,NightNoStreetLight,No,NoIntersection,Normal,2Vehicles-Behind,10,Monday,20,False,False
201800042401,NonLethal,Daylight,Yes,NoIntersection,Overcast,2Vehicles-Side,11,Friday,8,False,False
201800026729,NonLethal,Daylight,Yes,NoIntersection,Normal,Other,2,Thursday,16,False,False
201800035403,NonLethal,Daylight,Yes,NoIntersection,Normal,Other,7,Sunday,12,True,False
201800033650,NonLethal,Daylight,No,NoIntersection,Normal,Other,8,Monday,11,False,False
201800036006,NonLethal,Daylight,Yes,NoIntersection,Normal,2Vehicles-Behind,2,Monday,8,False,False
201800046176,NonLethal,Daylight,No,NoIntersection,Normal,Other,10,Sunday,11,True,False
201800020031,Lethal,NightNoStreetLight,No,NoIntersection,Normal,NoCollision,4,Sunday,2,True,True
201800002749,NonLethal,Daylight,Yes,NoIntersection,Normal,2Vehicles-Behind,6,Monday,19,False,False
201800053632,NonLethal,Daylight,Yes,NoIntersection,Normal,Other,7,Thursday,11,False,False
201800033893,NonLethal,NightStreelightsOn,Yes,T-type,Normal,2Vehicles-Side,12,Tuesday,20,False,False
201800006211,Lethal,NightNoStreetLight,No,NoIntersection,Normal,2Vehicles-Behind,10,Saturday,23,True,False
201800016882,NonLethal,TwilightOrDawn,No,NoIntersection,Normal,Other,2,Saturday,8,True,False
201800050821,NonLethal,TwilightOrDawn,Yes,MoreThan4Branches,Overcast,2Vehicles-Side,12,Saturday,16,True,False
201800054453,NonLethal,Daylight,Yes,X-type,Normal,Other,6,Saturday,19,True,False
201800040839,NonLethal,Daylight,Yes,NoIntersection,HeavyRain,Other,3,Wednesday,14,False,False
201800054830,NonLethal,NightStreelightsOn,Yes,NoIntersection,Normal,Other,10,Sunday,5,True,True
201800044434,NonLethal,Daylight,No,NoIntersection,Normal,2Vehicles-Behind,6,Tuesday,8,False,False
201800053463,NonLethal,Daylight,Yes,Y-type,Normal,2Vehicles-Side,7,Monday,9,False,False
201800042075,NonLethal,Daylight,Yes,NoIntersection,LightRain,2Vehicles-BehindVehicles-Frontal,1,Tuesday,13,False,False
201800026528,NonLethal,Daylight,Yes,X-type,Normal,2Vehicles-Side,3,Friday,13,False,False
201800018053,NonLethal,TwilightOrDawn,No,Roundabout,FogOrSmoke,Other,1,Tuesday,6,False,True
201800028775,NonLethal,Daylight,Yes,NoIntersection,Normal,3+Vehicles-Chain,8,Wednesday,18,False,False
201800014974,NonLethal,Daylight,No,NoIntersection,Normal,3+Vehicles-Multiple,2,Tuesday,11,False,False
201800051353,NonLethal,Daylight,Yes,T-type,Normal,Other,5,Wednesday,13,False,False
201800041487,NonLethal,Daylight,Yes,Other,Normal,Other,9,Sunday,12,True,False
201800011344,NonLethal,Daylight,No,X-type,HeavyRain,2Vehicles-Side,3,Tuesday,15,False,False
201800017977,Lethal,TwilightOrDawn,No,NoIntersection,Normal,Other,5,Friday,6,False,True
201800009215,NonLethal,Daylight,Yes,Roundabout,Normal,2Vehicles-Behind,6,Thursday,19,False,False
201800027151,NonLethal,TwilightOrDawn,Yes,NoIntersection,Normal,Other,12,Sunday,7,True,False
201800023430,NonLethal,Daylight,Yes,NoIntersection,Normal,NoCollision,6,Thursday,18,False,False
201800042151,NonLethal,Daylight,Yes,NoIntersection,Normal,2Vehicles-Side,8,Saturday,10,True,False
201800050011,NonLethal,Daylight,No,NoIntersection,Normal,Other,9,Sunday,17,True,False
201800000859,NonLethal,Daylight,Yes,NoIntersection,Normal,Other,8,Tuesday,11,False,False
201800054339,NonLethal,Daylight,Yes,T-type,Normal,Other,2,Wednesday,13,False,False
201800015098,Lethal,Daylight,Yes,NoIntersection,Normal,NoCollision,5,Wednesday,9,False,False
201800017793,Lethal,Daylight,Yes,NoIntersection,Normal,Other,9,Tuesday,17,False,False
201800015747,NonLethal,Daylight,No,NoIntersection,LightRain,2Vehicles-BehindVehicles-Frontal,9,Saturday,18,True,False
201800001834,NonLethal,Daylight,No,NoIntersection,Normal,2Vehicles-BehindVehicles-Frontal,6,Wednesday,8,False,False
201800031280,NonLethal,NightStreelightsOn,Yes,NoIntersection,Normal,2Vehicles-Side,7,Tuesday,23,False,False
201800033454,Lethal,Daylight,No,NoIntersection,Normal,2Vehicles-Side,3,Thursday,13,False,False
201800028352,NonLethal,Daylight,Yes,NoIntersection,Normal,Other,12,Monday,11,False,False
201800018470,NonLethal,Daylight,Yes,NoIntersection,Normal,2Vehicles-BehindVehicles-Frontal,5,Monday,11,False,False
201800031477,NonLethal,NightNoStreetLight,No,NoIntersection,HeavyRain,NoCollision,3,Tuesday,20,False,False
201800045321,NonLethal,Daylight,No,NoIntersection,Normal,Other,12,Monday,11,False,False
201800013419,NonLethal,NightNoStreetLight,No,X-type,LightRain,2Vehicles-Side,1,Sunday,17,True,False
201800027101,NonLethal,TwilightOrDawn,Yes,Roundabout,Normal,Other,2,Thursday,8,False,False
201800024827,NonLethal,Daylight,Yes,NoIntersection,Normal,2Vehicles-BehindVehicles-Frontal,7,Wednesday,10,False,False
201800034060,NonLethal,Daylight,Yes,Roundabout,Normal,2Vehicles-Behind,7,Monday,11,False,False
201800040610,NonLethal,Daylight,Yes,X-type,Normal,2Vehicles-Behind,7,Thursday,12,False,False
201800002335,NonLethal,NightStreelightsOn,Yes,NoIntersection,LightRain,Other,10,Saturday,21,True,False
201800017413,NonLethal,Daylight,No,NoIntersection,HeavyRain,Other,5,Sunday,16,True,False
201800014282,NonLethal,Daylight,No,T-type,Normal,2Vehicles-Side,7,Wednesday,16,False,False
201800008031,NonLethal,Daylight,Yes,NoIntersection,Normal,Other,4,Monday,16,False,False
201800043430,NonLethal,Daylight,Yes,NoIntersection,Normal,2Vehicles-Side,4,Tuesday,8,False,False
201800033532,NonLethal,Daylight,Yes,Roundabout,Normal,2Vehicles-Side,10,Tuesday,8,False,False
201800005422,NonLethal,NightStreelightsOn,Yes,NoIntersection,Normal,Other,7,Friday,23,False,False
201800012635,NonLethal,Daylight,No,NoIntersection,Normal,2Vehicles-BehindVehicles-Frontal,7,Wednesday,10,False,False
201800002825,NonLethal,Daylight,No,NoIntersection,Normal,NoCollision,4,Sunday,11,True,False
201800018813,NonLethal,Daylight,No,Y-type,Normal,2Vehicles-Behind,12,Saturday,12,True,False
201800050998,NonLethal,NightStreelightsOn,Yes,X-type,LightRain,2Vehicles-Side,2,Tuesday,21,False,False
201800035652,NonLethal,Daylight,No,Other,Normal,2Vehicles-Side,12,Friday,14,False,False
201800012466,NonLethal,Daylight,Yes,NoIntersection,Normal,2Vehicles-Side,12,Friday,13,False,False
201800001273,NonLethal,Daylight,Yes,T-type,LightRain,2Vehicles-Side,10,Monday,10,False,False
201800051424,NonLethal,Daylight,Yes,NoIntersection,Normal,Other,12,Thursday,11,False,False
201800010346,NonLethal,Daylight,No,NoIntersection,Normal,NoCollision,3,Tuesday,13,False,False
201800020556,NonLethal,NightStreelightsOff,Yes,T-type,Normal,NoCollision,7,Sunday,2,True,True
201800020709,NonLethal,NightStreelightsOn,Yes,Square,LightRain,Other,3,Friday,19,False,False
201800022720,NonLethal,Daylight,No,NoIntersection,Normal,2Vehicles-Side,6,Friday,18,False,False