AccidentId,Gravity,Light,InAgglomeration,IntersectionType,Weather,CollisionType,Month,DayOfWeek,HourOfDay,IsWeekend,IsNight
201800037735,NonLethal,NightStreelightsOn,Yes,X-type,Normal,Other,10,Tuesday,23,False,False
201800008761,NonLethal,Daylight,Yes,NoIntersection,Overcast,Other,3,Friday,9,False,False
201800021301,NonLethal,NightStreelightsOn,Yes,X-type,Normal,2Vehicles-Side,1,Tuesday,22,False,False
201800026639,NonLethal,NightStreelightsOn,Yes,NoIntersection,Normal,Other,4,Saturday,21,True,False
201800026987,NonLethal,NightStreelightsOn,Yes,X-type,LightRain,3+Vehicles-Multiple,10,Thursday,7,False,False
201800025706,NonLethal,Daylight,Yes,NoIntersection,Normal,Other,4,Sunday,15,True,False
201800051616,NonLethal,Daylight,Yes,NoIntersection,LightRain,2Vehicles-Side,11,Monday,10,False,False
201800009906,NonLethal,Daylight,Yes,NoIntersection,Normal,2Vehicles-Behind,10,Sunday,11,True,False
201800031726,NonLethal,Daylight,Yes,T-type,Normal,2Vehicles-Side,4,Tuesday,14,False,False
201800006643,NonLethal,NightNoStreetLight,No,NoIntersection,Normal,Other,11,Tuesday,21,False,False
201800017320,NonLethal,Daylight,No,NoIntersection,Normal,Other,6,Monday,14,False,False
201800046506,NonLethal,Daylight,No,NoIntersection,Normal,3+Vehicles-Multiple,6,Monday,16,False,False
201800032814,NonLethal,NightStreelightsOn,Yes,X-type,Normal,2Vehicles-BehindVehicles-Frontal,6,Tuesday,23,False,False
201800022975,NonLethal,Daylight,Yes,NoIntersection,Normal,2Vehicles-Side,3,Wednesday,11,False,False
201800037365,NonLethal,Daylight,Yes,NoIntersection,Normal,3+Vehicles-Chain,6,Thursday,20,False,False
201800014706,NonLethal,Daylight,No,T-type,Normal,2Vehicles-Side,11,Friday,10,False,False
201800017011,NonLethal,Daylight,No,NoIntersection,Normal,Other,10,Sunday,13,True,False
201800007069,NonLethal,Daylight,No,T-type,LightRain,3+Vehicles-Chain,4,Wednesday,13,False,False
201800039115,NonLethal,Daylight,Yes,T-type,Normal,NoCollision,2,Thursday,15,False,False
201800056780,NonLethal,Daylight,Yes,NoIntersection,Normal,2Vehicles-Side,3,Thursday,12,False,False
201800003076,NonLethal,Daylight,Yes,Other,Normal,2Vehicles-Side,3,Sunday,13,True,False
201800008040,NonLethal,Daylight,Yes,Roundabout,Normal,2Vehicles-Side,6,Thursday,8,False,False
201800027348,NonLethal,Daylight,Yes,NoIntersection,Normal,2Vehicles-Side,6,Saturday,21,True,False
201800056536,NonLethal,Daylight,Yes,T-type,Normal,2Vehicles-Side,2,Sunday,9,True,False
201800034399,NonLethal,Daylight,Yes,NoIntersection,Other,Other,9,Friday,8,False,False
201800031791,NonLethal,Daylight,Yes,T-type,Normal,2Vehicles-Side,6,Saturday,16,True,False
201800050424,NonLethal,Daylight,Yes,T-type,Normal,Other,9,Sunday,8,True,False
201800009776,NonLethal,Daylight,Yes,NoIntersection,Normal,Other,9,Monday,12,False,False
201800037007,NonLethal,TwilightOrDawn,Yes,NoIntersection,Normal,Other,9,Thursday,20,False,False
201800030554,NonLethal,Daylight,Yes,NoIntersection,Normal,NoCollision,4,Wednesday,16,False,False
201800003885,NonLethal,Daylight,No,NoIntersection,Normal,2Vehicles-BehindVehicles-Frontal,10,Sunday,17,True,False
201800046755,NonLethal,NightStreelightsOn,No,NoIntersection,Normal,NoCollision,7,Tuesday,23,False,False
201800010194,NonLethal,Daylight,Yes,NoIntersection,Normal,Other,12,Friday,13,False,False
201800036158,Lethal,Daylight,Yes,NoIntersection,Normal,Other,8,Thursday,20,False,False
201800044949,NonLethal,Daylight,No,NoIntersection,LightRain,2Vehicles-Side,6,Wednesday,9,False,False
201800016113,Lethal,Daylight,No,T-type,LightRain,Other,2,Friday,15,False,False
201800024533,NonLethal,TwilightOrDawn,Yes,NoIntersection,Normal,Other,12,Sunday,17,True,False
201800039682,NonLethal,Daylight,Yes,NoIntersection,Normal,Other,12,Wednesday,12,False,False
201800013088,NonLethal,NightNoStreetLight,No,NoIntersection,LightRain,3+Vehicles-Multiple,9,Wednesday,1,False,True
201800045629,NonLethal,NightNoStreetLight,No,NoIntersection,LightRain,NoCollision,4,Sunday,19,True,False
201800025143,NonLethal,Daylight,No,Roundabout,Normal,2Vehicles-Side,5,Friday,15,False,False
201800037814,NonLethal,Daylight,Yes,NoIntersection,Normal,2Vehicles-BehindVehicles-Frontal,6,Monday,14,False,False
201800013109,NonLethal,Daylight,Yes,T-type,Normal,2Vehicles-Side,4,Wednesday,9,False,False
201800033852,NonLethal,Daylight,Yes,NoIntersection,Normal,Other,10,Saturday,14,True,False
201800006063,NonLethal,Daylight,No,NoIntersection,Normal,NoCollision,10,Sunday,14,True,False
201800033330,NonLethal,TwilightOrDawn,Yes,X-type,Normal,2Vehicles-Side,10,Friday,7,False,False
201800052290,NonLethal,Daylight,Yes,NoIntersection,Normal,Other,12,Friday,14,False,False
201800049956,NonLethal,NightNoStreetLight,No,NoIntersection,Normal,Other,7,Thursday,2,False,True
201800015366,NonLethal,Daylight,No,NoIntersection,Normal,NoCollision,9,Saturday,15,True,False
201800016651,NonLethal,Daylight,No,NoIntersection,Normal,Other,10,Sunday,16,True,False
201800019883,NonLethal,TwilightOrDawn,No,NoIntersection,Normal,NoCollision,7,Sunday,8,True,False
201800027991,NonLethal,Daylight,Yes,X-type,Normal,2Vehicles-Side,4,Friday,8,False,False
201800054221,NonLethal,Daylight,Yes,NoIntersection,Normal,Other,10,Saturday,17,True,False
201800052141,NonLethal,Daylight,Yes,NoIntersection,LightRain,2Vehicles-Behind,8,Monday,10,False,False
201800030659,NonLethal,TwilightOrDawn,Yes,NoIntersection,Normal,2Vehicles-Behind,7,Thursday,20,False,False
201800025192,NonLethal,NightStreelightsOn,Yes,NoIntersection,Normal,NoCollision,1,Monday,7,False,False
201800045458,NonLethal,Daylight,No,NoIntersection,Normal,NoCollision,11,Wednesday,15,False,False
201800045985,NonLethal,Daylight,No,NoIntersection,Normal,Other,7,Tuesday,8,False,False
201800056423,NonLethal,NightNoStreetLight,No,NoIntersection,Normal,Other,8,Sunday,21,True,False
201800015583,NonLethal,TwilightOrDawn,No,X-type,Normal,2Vehicles-Side,1,Tuesday,17,False,False
201800001030,NonLethal,Daylight,No,NoIntersection,Normal,2Vehicles-Side,9,Thursday,8,False,False
201800024181,NonLethal,NightStreelightsOn,Yes,NoIntersection,Normal,2Vehicles-Side,10,Saturday,0,True,True
201800036054,NonLethal,Daylight,No,NoIntersection,Normal,Other,4,Thursday,14,False,False
201800050018,NonLethal,Daylight,No,NoIntersection,Normal,2Vehicles-Side,9,Friday,13,False,False
201800017204,NonLethal,Daylight,No,T-type,Normal,Other,6,Saturday,15,True,False
201800027363,NonLethal,Daylight,Yes,X-type,Normal,2Vehicles-Side,4,Saturday,14,True,False
201800017289,NonLethal,NightNoStreetLight,No,NoIntersection,Other,Other,4,Wednesday,21,False,False
201800014094,NonLethal,Daylight,Yes,NoIntersection,LightRain,Other,1,Wednesday,16,False,False
201800011284,NonLethal,Daylight,Yes,NoIntersection,HeavyRain,Other,12,Sunday,11,True,False
201800053201,NonLethal,TwilightOrDawn,Yes,X-type,Overcast,Other,12,Monday,17,False,False
201800023767,NonLethal,Daylight,No,NoIntersection,Normal,NoCollision,9,Friday,17,False,False
201800049159,NonLethal,Daylight,No,Other,Normal,2Vehicles-Behind,2,Thursday,18,False,False
201800030541,NonLethal,Daylight,Yes,Roundabout,Normal,2Vehicles-Side,3,Thursday,9,False,False
201800020827,NonLethal,Daylight,Yes,X-type,Normal,2Vehicles-Side,4,Wednesday,7,False,False
201800003085,NonLethal,NightStreelightsOn,Yes,NoIntersection,Normal,Other,6,Friday,3,False,True
201800032288,NonLethal,Daylight,No,NoIntersection,Normal,3+Vehicles-Chain,6,Monday,17,False,False
201800009505,NonLethal,Daylight,Yes,T-type,Normal,2Vehicles-Side,8,Thursday,17,False,False
201800014921,NonLethal,Daylight,No,NoIntersection,Normal,2Vehicles-BehindVehicles-Frontal,10,Thursday,13,False,False
201800005383,NonLethal,Daylight,Yes,Other,Normal,Other,12,Wednesday,20,False,False
201800004914,NonLethal,Daylight,No,X-type,Normal,2Vehicles-BehindVehicles-Frontal,3,Thursday,15,False,False
201800025844,NonLethal,Daylight,Yes,NoIntersection,Normal,2Vehicles-Side,10,Tuesday,18,False,False
201800044843,NonLethal,TwilightOrDawn,No,NoIntersection,Normal,2Vehicles-Side,5,Tuesday,7,False,False
201800051032,NonLethal,TwilightOrDawn,Yes,T-type,Normal,Other,4,Tuesday,19,False,False
201800045184,NonLethal,NightNoStreetLight,No,NoIntersection,Normal,2Vehicles-Behind,9,Sunday,3,True,True
201800012243,NonLethal,Daylight,No,Other,Normal,2Vehicles-Side,6,Thursday,14,False,False
201800019188,NonLethal,NightNoStreetLight,No,T-type,Normal,2Vehicles-BehindVehicles-Frontal,4,Monday,18,False,False
201800026988,NonLethal,NightStreelightsOn,No,Other,LightRain,NoCollision,10,Thursday,7,False,False
201800023376,NonLethal,NightStreelightsOff,No,NoIntersection,Normal,Other,11,Thursday,22,False,False
201800011367,NonLethal,Daylight,No,NoIntersection,LightRain,Other,10,Monday,17,False,False
201800041186,NonLethal,NightStreelightsOn,Yes,NoIntersection,Normal,Other,1,Monday,18,False,False
201800051087,NonLethal,Daylight,Yes,T-type,Normal,2Vehicles-Side,5,Thursday,18,False,False
201800039045,NonLethal,Daylight,Yes,NoIntersection,Normal,Other,10,Wednesday,11,False,False
201800015310,NonLethal,Daylight,Yes,NoIntersection,Normal,Other,2,Thursday,8,False,False
201800056803,NonLethal,Daylight,No,NoIntersection,Normal,3+Vehicles-Multiple,9,Tuesday,13,False,False
201800015285,NonLethal,Daylight,No,Y-type,Normal,3+Vehicles-Multiple,2,Tuesday,18,False,False
201800041181,NonLethal,NightStreelightsOn,Yes,NoIntersection,LightRain,Other,12,Saturday,23,True,False
201800022090,NonLethal,Daylight,Yes,NoIntersection,Normal,Other,8,Friday,11,False,False
201800019119,NonLethal,Daylight,No,NoIntersection,LightRain,NoCollision,1,Thursday,11,False,False
201800052151,NonLethal,Daylight,Yes,T-type,Normal,2Vehicles-Side,5,Wednesday,18,False,False
201800038469,NonLethal,NightStreelightsOn,Yes,NoIntersection,Normal,Other,8,Thursday,23,False,False
201800001239,NonLethal,Daylight,No,X-type,Normal,3+Vehicles-Multiple,7,Wednesday,14,False,False
201800027416,NonLethal,Daylight,Yes,NoIntersection,Normal,NoCollision,9,Monday,15,False,False
201800045178,NonLethal,Daylight,No,NoIntersection,Normal,3+Vehicles-Multiple,9,Friday,13,False,False
201800041730,NonLethal,Daylight,Yes,NoIntersection,Normal,2Vehicles-Behind,12,Monday,15,False,False
201800051495,NonLethal,NightStreelightsOn,Yes,T-type,Normal,2Vehicles-Side,5,Wednesday,22,False,False
201800014834,NonLethal,Daylight,Yes,NoIntersection,Normal,Other,11,Friday,11,False,False
201800013576,Lethal,NightNoStreetLight,No,NoIntersection,LightRain,Other,12,Wednesday,4,False,True
201800039259,NonLethal,Daylight,Yes,NoIntersection,Normal,2Vehicles-Side,5,Monday,17,False,False
201800045082,NonLethal,Daylight,No,NoIntersection,Normal,3+Vehicles-Chain,7,Monday,15,False,False
201800022577,NonLethal,Daylight,No,NoIntersection,Normal,2Vehicles-BehindVehicles-Frontal,6,Wednesday,20,False,False
201800034343,NonLethal,NightStreelightsOn,Yes,X-type,Normal,2Vehicles-Side,1,Friday,0,False,True
201800053189,NonLethal,NightStreelightsOn,Yes,T-type,Normal,2Vehicles-Side,11,Saturday,21,True,False
201800050411,NonLethal,NightStreelightsOn,Yes,T-type,Normal,Other,12,Friday,18,False,False
201800004325,NonLethal,Daylight,Yes,NoIntersection,HeavyRain,3+Vehicles-Chain,9,Monday,16,False,False
201800031984,NonLethal,Daylight,Yes,NoIntersection,Normal,Other,10,Friday,16,False,False
201800017540,NonLethal,Daylight,No,NoIntersection,Normal,NoCollision,8,Monday,16,False,False
201800043355,NonLethal,NightStreelightsOn,Yes,NoIntersection,Normal,Other,12,Thursday,19,False,False
201800046964,NonLethal,NightStreelightsOn,No,NoIntersection,Normal,NoCollision,10,Tuesday,0,False,True
201800023603,NonLethal,Daylight,No,NoIntersection,StrongWindOrStorm,Other,1,Wednesday,15,False,False
201800038101,NonLethal,Daylight,Yes,NoIntersection,Normal,2Vehicles-Side,5,Thursday,18,False,False
201800046716,NonLethal,Daylight,No,NoIntersection,Normal,3+Vehicles-Chain,7,Sunday,17,True,False
201800054024,NonLethal,NightStreelightsOn,Yes,T-type,Normal,NoCollision,3,Saturday,19,True,False
201800044724,NonLethal,NightNoStreetLight,No,NoIntersection,Normal,3+Vehicles-Multiple,3,Wednesday,0,False,True
201800039576,NonLethal,TwilightOrDawn,Yes,NoIntersection,Normal,2Vehicles-Behind,8,Tuesday,20,False,False
201800042872,NonLethal,Daylight,Yes,NoIntersection,Normal,Other,6,Thursday,9,False,False
201800014222,Lethal,Daylight,No,NoIntersection,Normal,2Vehicles-BehindVehicles-Frontal,6,Saturday,20,True,False
201800043515,NonLethal,NightStreelightsOn,Yes,T-type,LightRain,2Vehicles-Behind,1,Tuesday,0,False,True
201800018538,NonLethal,NightNoStreetLight,Yes,NoIntersection,Normal,2Vehicles-BehindVehicles-Frontal,1,Tuesday,3,False,True
201800020312,NonLethal,Daylight,No,NoIntersection,Normal,2Vehicles-Behind,8,Thursday,19,False,False
201800031288,NonLethal,TwilightOrDawn,Yes,NoIntersection,Normal,NoCollision,7,Wednesday,5,False,True
201800015529,NonLethal,NightStreelightsOn,Yes,T-type,Normal,Other,1,Thursday,19,False,False
201800046779,NonLethal,NightNoStreetLight,No,NoIntersection,Normal,3+Vehicles-Chain,7,Sunday,22,True,False
201800036647,NonLethal,Daylight,Yes,T-type,Normal,2Vehicles-Side,2,Sunday,11,True,False
201800008157,NonLethal,Daylight,No,Y-type,Normal,2Vehicles-Side,4,Thursday,19,False,False
201800057483,NonLethal,NightStreelightsOn,Yes,NoIntersection,Normal,Other,6,Saturday,18,True,False
201800031949,NonLethal,TwilightOrDawn,No,NoIntersection,Normal,2Vehicles-Behind,9,Saturday,18,True,False
201800022105,NonLethal,Daylight,Yes,Roundabout,Normal,2Vehicles-Behind,9,Thursday,16,False,False
201800053895,NonLethal,NightStreelightsOn,Yes,T-type,Normal,2Vehicles-Behind,4,Tuesday,21,False,False
201800036864,NonLethal,Daylight,Yes,NoIntersection,VeryGood,Other,9,Sunday,11,True,False
201800047107,NonLethal,NightNoStreetLight,No,NoIntersection,LightRain,3+Vehicles-Chain,8,Sunday,19,True,False
201800057027,NonLethal,Daylight,Yes,NoIntersection,Normal,2Vehicles-Side,8,Saturday,12,True,False
201800022059,NonLethal,NightNoStreetLight,Yes,X-type,Normal,2Vehicles-Side,5,Saturday,5,True,True
201800023833,NonLethal,Daylight,Yes,NoIntersection,Normal,2Vehicles-BehindVehicles-Frontal,1,Wednesday,13,False,False
201800041464,NonLethal,Daylight,No,NoIntersection,LightRain,Other,7,Thursday,18,False,False
201800052223,NonLethal,Daylight,Yes,Square,LightRain,NoCollision,10,Friday,18,False,False
201800022201,NonLethal,Daylight,No,NoIntersection,Normal,Other,6,Tuesday,15,False,False
201800056145,NonLethal,Daylight,No,NoIntersection,Normal,2Vehicles-BehindVehicles-Frontal,4,Thursday,10,False,False
201800046283,NonLethal,Daylight,No,NoIntersection,Normal,3+Vehicles-Chain,10,Friday,10,False,False
201800019163,NonLethal,Daylight,No,T-type,Normal,2Vehicles-Side,5,Friday,18,False,False
201800006837,NonLethal,Daylight,No,NoIntersection,Normal,2Vehicles-BehindVehicles-Frontal,8,Tuesday,11,False,False
201800034598,NonLethal,Daylight,Yes,Other,Normal,Other,4,Wednesday,15,False,False
201800023307,NonLethal,Daylight,Yes,NoIntersection,Normal,Other,10,Tuesday,12,False,False
201800030734,NonLethal,Daylight,Yes,NoIntersection,Normal,2Vehicles-Side,1,Wednesday,17,False,False
201800025972,NonLethal,NightStreelightsOn,Yes,NoIntersection,LightRain,Other,1,Monday,1,False,True
201800002671,NonLethal,Daylight,Yes,T-type,LightRain,NoCollision,6,Wednesday,18,False,False
201800036469,NonLethal,NightNoStreetLight,No,T-type,Normal,2Vehicles-Side,8,Friday,22,False,False
201800025937,Lethal,Daylight,Yes,NoIntersection,Normal,Other,7,Sunday,7,True,False
201800035660,NonLethal,Daylight,Yes,Roundabout,Normal,Other,6,Sunday,16,True,False
201800052477,NonLethal,Daylight,Yes,T-type,Normal,3+Vehicles-Chain,7,Thursday,8,False,False
201800036322,NonLethal,Daylight,No,T-type,Normal,2Vehicles-Side,10,Sunday,19,True,False
201800030220,NonLethal,Daylight,Yes,NoIntersection,Normal,Other,4,Monday,18,False,False
201800021274,NonLethal,NightNoStreetLight,Yes,NoIntersection,Normal,Other,2,Friday,19,False,False
201800027904,NonLethal,NightStreelightsOn,Yes,NoIntersection,Normal,Other,11,Thursday,3,False,True
201800033149,NonLethal,Daylight,Yes,NoIntersection,Normal,2Vehicles-Behind,8,Wednesday,14,False,False
201800041523,NonLethal,Daylight,Yes,NoIntersection,Overcast,2Vehicles-BehindVehicles-Frontal,11,Tuesday,8,False,False
201800006495,NonLethal,NightStreelightsOn,Yes,T-type,Normal,Other,11,Saturday,4,True,True
201800037070,NonLethal,Daylight,Yes,Roundabout,Normal,2Vehicles-Side,5,Friday,12,False,False
201800001003,NonLethal,Daylight,Yes,NoIntersection,Normal,2Vehicles-BehindVehicles-Frontal,8,Thursday,17,False,False
201800004958,Lethal,Daylight,Yes,Other,Normal,NoCollision,5,Wednesday,10,False,False
201800047542,NonLethal,Daylight,Yes,X-type,Normal,2Vehicles-Side,6,Saturday,16,True,False
201800048877,NonLethal,TwilightOrDawn,No,NoIntersection,Normal,2Vehicles-Behind,4,Tuesday,6,False,True
201800008319,NonLethal,TwilightOrDawn,Yes,NoIntersection,HeavyRain,NoCollision,1,Monday,17,False,False
201800012134,NonLethal,NightNoStreetLight,No,NoIntersection,Normal,Other,8,Thursday,5,False,True
201800054666,NonLethal,NightStreelightsOn,Yes,X-type,LightRain,2Vehicles-Side,2,Thursday,19,False,False
201800005028,NonLethal,TwilightOrDawn,No,X-type,Normal,2Vehicles-Side,9,Monday,19,False,False
201800050606,NonLethal,Daylight,Yes,NoIntersection,Normal,Other,9,Thursday,13,False,False
201800033350,NonLethal,Daylight,Yes,T-type,Normal,Other,8,Saturday,11,True,False
201800019120,NonLethal,Daylight,No,T-type,Normal,2Vehicles-Side,4,Sunday,18,True,False
201800051579,NonLethal,NightStreelightsOn,Yes,X-type,Normal,Other,3,Saturday,1,True,True
201800012684,NonLethal,Daylight,No,NoIntersection,StrongWindOrStorm,2Vehicles-Side,3,Thursday,11,False,False
201800001850,NonLethal,Daylight,No,NoIntersection,Normal,2Vehicles-Side,12,Wednesday,11,False,False
201800030093,NonLethal,NightNoStreetLight,No,NoIntersection,HeavyRain,Other,7,Saturday,23,True,False
201800038304,NonLethal,Daylight,Yes,Other,Normal,Other,6,Saturday,15,True,False
201800017341,NonLethal,NightNoStreetLight,No,NoIntersection,LightRain,Other,1,Friday,21,False,False
201800000584,NonLethal,Daylight,No,NoIntersection,Normal,NoCollision,6,Sunday,9,True,False
201800015238,NonLethal,Daylight,No,NoIntersection,Normal,2Vehicles-BehindVehicles-Frontal,5,Tuesday,17,False,False
201800022263,NonLethal,Daylight,No,NoIntersection,VeryGood,NoCollision,7,Wednesday,11,False,False
201800030735,NonLethal,Daylight,Yes,NoIntersection,Normal,2Vehicles-Behind,1,Friday,14,False,False
201800034820,NonLethal,Daylight,Yes,NoIntersection,Normal,2Vehicles-Behind,5,Friday,8,False,False
201800020357,NonLethal,Daylight,No,NoIntersection,Normal,Other,10,Friday,11,False,False
201800016491,NonLethal,TwilightOrDawn,No,NoIntersection,Normal,2Vehicles-BehindVehicles-Frontal,9,Sunday,7,True,False
201800014892,NonLethal,Daylight,No,NoIntersection,Normal,2Vehicles-BehindVehicles-Frontal,6,Monday,13,False,False
201800044267,NonLethal,NightNoStreetLight,No,NoIntersection,Normal,2Vehicles-Side,9,Thursday,21,False,False
201800010965,NonLethal,NightNoStreetLight,No,T-type,Normal,Other,7,Saturday,4,True,True
201800009178,NonLethal,TwilightOrDawn,Yes,NoIntersection,Normal,Other,6,Friday,21,False,False
201800029557,NonLethal,Daylight,Yes,Y-type,Normal,Other,7,Friday,16,False,False
201800057656,NonLethal,NightNoStreetLight,No,NoIntersection,Normal,NoCollision,6,Saturday,23,True,False
201800015094,NonLethal,Daylight,Yes,NoIntersection,Normal,Other,4,Monday,15,False,False
201800000916,NonLethal,NightStreelightsOn,Yes,NoIntersection,Normal,Other,12,Sunday,22,True,False
201800046677,NonLethal,Daylight,No,NoIntersection,Normal,2Vehicles-Side,6,Friday,19,False,False
201800008334,NonLethal,Daylight,Yes,NoIntersection,Normal,NoCollision,11,Thursday,12,False,False
201800043203,NonLethal,Daylight,Yes,NoIntersection,Normal,2Vehicles-Side,11,Sunday,8,True,False
201800022050,NonLethal,Daylight,Yes,Roundabout,Normal,2Vehicles-Side,5,Saturday,9,True,False
201800038375,NonLethal,Daylight,Yes,X-type,Normal,2Vehicles-Side,7,Sunday,9,True,False
201800030916,NonLethal,Daylight,Yes,NoIntersection,Normal,3+Vehicles-Chain,10,Saturday,13,True,False
201800057500,NonLethal,Daylight,No,Other,Normal,3+Vehicles-Chain,8,Tuesday,16,False,False
201800055497,NonLethal,Daylight,Yes,NoIntersection,Normal,3+Vehicles-Chain,10,Sunday,17,True,False
201800018186,Lethal,Daylight,Yes,NoIntersection,Normal,3+Vehicles-Chain,4,Thursday,11,False,False
201800004028,NonLethal,NightStreelightsOn,Yes,NoIntersection,Normal,2Vehicles-Behind,3,Saturday,19,True,False
201800013095,NonLethal,Daylight,No,NoIntersection,Normal,3+Vehicles-Chain,5,Friday,15,False,False
201800028945,NonLethal,Daylight,Yes,NoIntersection,Normal,Other,9,Monday,18,False,False
201800041535,NonLethal,NightStreelightsOn,Yes,NoIntersection,Normal,2Vehicles-BehindVehicles-Frontal,12,Saturday,0,True,True
201800001491,NonLethal,Daylight,No,NoIntersection,Normal,2Vehicles-Behind,5,Sunday,13,True,False
201800006854,Lethal,Daylight,No,NoIntersection,Overcast,Other,5,Saturday,11,True,False
201800035769,NonLethal,Daylight,Yes,NoIntersection,Normal,Other,1,Tuesday,9,False,False
201800012282,NonLethal,Daylight,No,Roundabout,VeryGood,Other,9,Wednesday,8,False,False
201800028870,NonLethal,NightStreelightsOn,Yes,NoIntersection,LightRain,Other,4,Thursday,22,False,False
201800040889,NonLethal,NightStreelightsOn,Yes,NoIntersection,Normal,NoCollision,6,Thursday,3,False,True
201800036973,NonLethal,Daylight,Yes,NoIntersection,Normal,Other,3,Monday,14,False,False
201800041522,NonLethal,NightStreelightsOn,Yes,NoIntersection,Other,2Vehicles-Behind,11,Saturday,18,True,False
201800055493,NonLethal,Daylight,Yes,NoIntersection,Normal,3+Vehicles-Chain,7,Tuesday,9,False,False
201800057266,NonLethal,Daylight,Yes,T-type,Normal,2Vehicles-Side,5,Tuesday,13,False,False
201800042588,NonLethal,NightStreelightsOn,Yes,X-type,Normal,2Vehicles-Side,10,Friday,0,False,True
201800019255,Lethal,Daylight,No,NoIntersection,Normal,3+Vehicles-Multiple,3,Sunday,17,True,False
201800008137,NonLethal,NightNoStreetLight,Yes,NoIntersection,LightRain,Other,1,Saturday,17,True,False
201800044629,NonLethal,NightNoStreetLight,No,NoIntersection,Normal,2Vehicles-Behind,2,Wednesday,20,False,False
201800039055,NonLethal,NightStreelightsOn,Yes,NoIntersection,Normal,Other,4,Sunday,19,True,False
201800049381,NonLethal,NightNoStreetLight,No,NoIntersection,Normal,2Vehicles-Behind,5,Sunday,2,True,True
201800022618,NonLethal,NightStreelightsOn,Yes,NoIntersection,Normal,NoCollision,10,Monday,23,False,False
201800057305,NonLethal,Daylight,Yes,NoIntersection,Normal,3+Vehicles-Chain,4,Tuesday,14,False,False
201800050933,NonLethal,Daylight,Yes,X-type,Normal,2Vehicles-Side,8,Friday,8,False,False
201800025243,NonLethal,Daylight,Yes,X-type,Normal,2Vehicles-Side,2,Wednesday,15,False,False
201800018615,NonLethal,NightNoStreetLight,No,NoIntersection,Normal,Other,12,Friday,0,False,True
201800027994,NonLethal,Daylight,Yes,NoIntersection,Normal,2Vehicles-Side,4,Monday,17,False,False
201800033972,NonLethal,NightStreelightsOn,Yes,X-type,Normal,Other,4,Friday,22,False,False
201800006234,NonLethal,Daylight,Yes,NoIntersection,Normal,2Vehicles-Behind,4,Sunday,18,True,False
201800031451,NonLethal,Daylight,No,X-type,Normal,2Vehicles-Side,7,Sunday,19,True,False
201800029092,Lethal,NightNoStreetLight,No,NoIntersection,Normal,Other,6,Saturday,19,True,False
201800045752,NonLethal,NightStreelightsOn,No,NoIntersection,Normal,Other,3,Saturday,2,True,True
201800024843,NonLethal,Daylight,Yes,X-type,Normal,2Vehicles-Side,7,Sunday,16,True,False
201800039571,NonLethal,Daylight,Yes,NoIntersection,Normal,NoCollision,7,Sunday,16,True,False
201800054263,NonLethal,NightStreelightsOn,Yes,X-type,Normal,2Vehicles-Side,11,Wednesday,18,False,False
201800032117,NonLethal,NightNoStreetLight,Yes,NoIntersection,Normal,Other,6,Sunday,1,True,True
201800011681,NonLethal,Daylight,Yes,NoIntersection,Normal,2Vehicles-BehindVehicles-Frontal,2,Thursday,17,False,False
201800040491,NonLethal,Daylight,Yes,X-type,Normal,3+Vehicles-Multiple,8,Saturday,8,True,False
201800024914,NonLethal,Daylight,Yes,Other,Normal,2Vehicles-Side,9,Thursday,12,False,False
201800009188,NonLethal,Daylight,Yes,NoIntersection,Normal,2Vehicles-Behind,6,Monday,9,False,False
201800006492,NonLethal,Daylight,Yes,T-type,Normal,2Vehicles-Side,7,Friday,14,False,False
201800057774,NonLethal,NightNoStreetLight,Yes,NoIntersection,Normal,Other,11,Monday,9,False,False
201800054050,NonLethal,TwilightOrDawn,Yes,NoIntersection,Normal,Other,3,Saturday,20,True,False
201800024304,NonLethal,Daylight,Yes,NoIntersection,Normal,Other,4,Tuesday,15,False,False
201800009519,NonLethal,NightStreelightsOn,Yes,Other,Normal,NoCollision,8,Sunday,5,True,True
201800040462,NonLethal,NightStreelightsOn,Yes,NoIntersection,Normal,Other,1,Tuesday,7,False,False
201800030331,NonLethal,TwilightOrDawn,Yes,Other,Normal,2Vehicles-Side,11,Monday,7,False,False
201800008959,NonLethal,Daylight,Yes,T-type,Normal,3+Vehicles-Multiple,5,Saturday,10,True,False
201800014464,NonLethal,Daylight,Yes,NoIntersection,Normal,Other,5,Monday,17,False,False
201800034821,NonLethal,Daylight,Yes,NoIntersection,Normal,2Vehicles-Behind,5,Wednesday,8,False,False
201800021064,NonLethal,NightStreelightsOn,Yes,NoIntersection,LightRain,2Vehicles-Behind,12,Friday,21,False,False
201800044452,NonLethal,Daylight,No,Other,Normal,2Vehicles-Behind,12,Thursday,13,False,False
201800003192,NonLethal,Daylight,No,NoIntersection,Normal,2Vehicles-BehindVehicles-Frontal,9,Wednesday,9,False,False
201800043110,NonLethal,NightStreelightsOn,Yes,T-type,Other,NoCollision,2,Wednesday,2,False,True
201800008196,NonLethal,NightStreelightsOn,Yes,NoIntersection,Normal,Other,10,Wednesday,19,False,False
201800035414,NonLethal,Daylight,Yes,NoIntersection,Normal,NoCollision,10,Friday,13,False,False
201800049708,NonLethal,Daylight,No,NoIntersection,LightRain,Other,2,Saturday,10,True,False
201800027505,NonLethal,Daylight,Yes,NoIntersection,Normal,2Vehicles-Side,10,Monday,13,False,False