AccidentId,Gravity,Light,InAgglomeration,IntersectionType,Weather,CollisionType,Month,DayOfWeek,HourOfDay,IsWeekend,IsNight
201800043550,NonLethal,NightStreelightsOn,Yes,NoIntersection,Normal,2Vehicles-Side,6,Tuesday,21,False,False
201800015343,Lethal,TwilightOrDawn,No,NoIntersection,Normal,Other,5,Saturday,21,True,False
201800038141,NonLethal,Daylight,Yes,NoIntersection,Normal,Other,9,Wednesday,17,False,False
201800035984,NonLethal,NightStreelightsOn,Yes,X-type,LightRain,Other,1,Monday,18,False,False
201800021805,NonLethal,Daylight,Yes,NoIntersection,Normal,2Vehicles-Side,8,Monday,13,False,False
201800011840,NonLethal,Daylight,No,NoIntersection,Normal,NoCollision,4,Sunday,11,True,False
201800057587,NonLethal,TwilightOrDawn,Yes,NoIntersection,Normal,2Vehicles-Side,3,Saturday,17,True,False
201800053882,NonLethal,Daylight,Yes,MoreThan4Branches,Normal,Other,9,Wednesday,8,False,False
201800055257,NonLethal,NightStreelightsOn,Yes,NoIntersection,Normal,2Vehicles-Behind,12,Friday,2,False,True
201800031239,NonLethal,Daylight,No,NoIntersection,Normal,2Vehicles-Behind,5,Friday,18,False,False
201800034033,NonLethal,Daylight,Yes,NoIntersection,Normal,2Vehicles-Side,7,Friday,16,False,False
201800056024,NonLethal,Daylight,Yes,X-type,Normal,2Vehicles-BehindVehicles-Frontal,4,Friday,9,False,False
201800027158,NonLethal,NightStreelightsOn,Yes,NoIntersection,Normal,Other,2,Saturday,18,True,False
201800025930,NonLethal,Daylight,Yes,NoIntersection,LightRain,2Vehicles-Behind,6,Tuesday,14,False,False
201800053333,NonLethal,NightStreelightsOn,Yes,Y-type,Normal,3+Vehicles-Chain,4,Saturday,3,True,True
201800033347,NonLethal,Daylight,No,NoIntersection,Normal,NoCollision,11,Saturday,13,True,False
201800021021,NonLethal,Daylight,Yes,NoIntersection,Normal,2Vehicles-Side,7,Wednesday,17,False,False
201800017716,NonLethal,NightNoStreetLight,No,NoIntersection,FogOrSmoke,Other,12,Sunday,17,True,False
201800012512,NonLethal,NightNoStreetLight,No,NoIntersection,SnowOrHail,2Vehicles-BehindVehicles-Frontal,3,Thursday,4,False,True
201800043790,NonLethal,Daylight,No,NoIntersection,LightRain,Other,1,Tuesday,9,False,False
201800037815,NonLethal,Daylight,Yes,X-type,Normal,2Vehicles-BehindVehicles-Frontal,6,Monday,17,False,False
201800026357,NonLethal,Daylight,Yes,NoIntersection,Normal,2Vehicles-Side,6,Tuesday,17,False,False
201800003913,NonLethal,Daylight,Yes,Other,Normal,2Vehicles-Behind,10,Tuesday,17,False,False
201800028357,NonLethal,Daylight,Yes,NoIntersection,Normal,2Vehicles-Side,3,Tuesday,13,False,False
201800023177,NonLethal,NightStreelightsOff,No,NoIntersection,Normal,2Vehicles-Behind,8,Friday,0,False,True
201800027303,NonLethal,Daylight,Yes,NoIntersection,Normal,2Vehicles-Side,5,Wednesday,18,False,False
201800011224,NonLethal,Daylight,No,Other,Normal,Other,3,Sunday,17,True,False
201800043854,NonLethal,TwilightOrDawn,No,NoIntersection,LightRain,2Vehicles-Side,3,Wednesday,18,False,False
201800012418,NonLethal,NightNoStreetLight,No,NoIntersection,Normal,NoCollision,10,Monday,23,False,False
201800050370,NonLethal,TwilightOrDawn,Yes,X-type,HeavyRain,2Vehicles-Side,5,Monday,19,False,False
201800044123,NonLethal,Daylight,No,NoIntersection,Normal,3+Vehicles-Multiple,12,Friday,20,False,False
201800039676,NonLethal,NightNoStreetLight,Yes,NoIntersection,Normal,Other,11,Friday,6,False,True
201800031707,NonLethal,Daylight,Yes,NoIntersection,Normal,2Vehicles-Side,4,Sunday,15,True,False
201800018226,NonLethal,NightNoStreetLight,No,NoIntersection,Normal,2Vehicles-Behind,3,Friday,20,False,False
201800019950,NonLethal,NightNoStreetLight,No,NoIntersection,Normal,2Vehicles-Side,8,Saturday,23,True,False
201800009911,NonLethal,Daylight,Yes,T-type,LightRain,2Vehicles-Side,10,Monday,16,False,False
201800028587,NonLethal,Daylight,No,NoIntersection,LightRain,2Vehicles-BehindVehicles-Frontal,12,Tuesday,7,False,False
201800034266,NonLethal,TwilightOrDawn,Yes,X-type,LightRain,2Vehicles-Side,2,Monday,17,False,False
201800042479,NonLethal,Daylight,Yes,NoIntersection,Normal,2Vehicles-Side,4,Saturday,9,True,False
201800036239,NonLethal,NightStreelightsOn,No,NoIntersection,Normal,3+Vehicles-Chain,11,Wednesday,6,False,True
201800048766,NonLethal,Daylight,Yes,Y-type,Normal,2Vehicles-Side,12,Thursday,9,False,False
201800000033,NonLethal,Daylight,No,T-type,Normal,3+Vehicles-Multiple,7,Friday,15,False,False
201800039135,NonLethal,Daylight,Yes,NoIntersection,Normal,2Vehicles-Side,1,Saturday,13,True,False
201800041911,NonLethal,Daylight,Yes,NoIntersection,Normal,Other,5,Friday,17,False,False
201800057036,NonLethal,Daylight,Yes,NoIntersection,Normal,2Vehicles-Side,9,Thursday,8,False,False
201800002317,NonLethal,Daylight,Yes,Other,Normal,2Vehicles-Side,10,Thursday,11,False,False
201800038888,NonLethal,Daylight,Yes,NoIntersection,Normal,NoCollision,10,Tuesday,11,False,False
201800039904,NonLethal,Daylight,Yes,NoIntersection,Normal,2Vehicles-Side,7,Monday,18,False,False
201800018218,NonLethal,Daylight,No,NoIntersection,Normal,Other,7,Monday,19,False,False
201800052996,NonLethal,Daylight,Yes,NoIntersection,Normal,Other,4,Thursday,17,False,False
201800040299,NonLethal,Daylight,Yes,X-type,VeryGood,Other,5,Saturday,11,True,False
201800055882,NonLethal,Daylight,No,NoIntersection,Normal,NoCollision,1,Tuesday,14,False,False
201800014489,NonLethal,Daylight,Yes,NoIntersection,Normal,NoCollision,5,Thursday,16,False,False
201800052955,NonLethal,Daylight,Yes,NoIntersection,Normal,2Vehicles-Side,3,Wednesday,16,False,False
201800033370,NonLethal,Daylight,Yes,Roundabout,Normal,2Vehicles-Side,4,Wednesday,14,False,False
201800012572,NonLethal,Daylight,No,NoIntersection,Normal,Other,4,Sunday,17,True,False
201800021906,NonLethal,Daylight,No,T-type,LightRain,2Vehicles-Side,2,Monday,15,False,False
201800001217,NonLethal,NightNoStreetLight,No,NoIntersection,HeavyRain,Other,3,Sunday,6,True,True
201800021915,NonLethal,Daylight,No,NoIntersection,FogOrSmoke,2Vehicles-BehindVehicles-Frontal,1,Monday,9,False,False
201800005735,NonLethal,NightStreelightsOn,Yes,T-type,Normal,2Vehicles-Side,7,Sunday,0,True,True
201800045264,NonLethal,NightNoStreetLight,No,NoIntersection,Normal,2Vehicles-Behind,10,Wednesday,3,False,True
201800053880,NonLethal,Daylight,Yes,T-type,Normal,2Vehicles-Side,9,Monday,14,False,False
201800039043,NonLethal,NightStreelightsOn,Yes,T-type,Normal,2Vehicles-Behind,10,Wednesday,19,False,False
201800023398,NonLethal,Daylight,No,NoIntersection,LightRain,2Vehicles-Side,12,Wednesday,8,False,False
201800019551,NonLethal,Daylight,Yes,NoIntersection,Normal,2Vehicles-Side,5,Sunday,14,True,False
201800018914,Lethal,Daylight,No,NoIntersection,Normal,3+Vehicles-Chain,2,Monday,17,False,False
201800049580,NonLethal,Daylight,No,NoIntersection,Normal,NoCollision,7,Friday,12,False,False
201800015749,NonLethal,Daylight,Yes,X-type,Normal,2Vehicles-Side,9,Friday,18,False,False
201800004956,Lethal,NightNoStreetLight,No,NoIntersection,FogOrSmoke,NoCollision,11,Friday,20,False,False
201800003258,NonLethal,TwilightOrDawn,No,Y-type,Normal,2Vehicles-Side,9,Monday,7,False,False
201800050641,NonLethal,NightStreelightsOn,Yes,X-type,Normal,NoCollision,12,Sunday,1,True,True
201800053709,NonLethal,Daylight,Yes,T-type,Normal,Other,2,Tuesday,8,False,False
201800026370,NonLethal,Daylight,Yes,NoIntersection,Normal,2Vehicles-Side,7,Wednesday,19,False,False
201800009330,NonLethal,Daylight,Yes,NoIntersection,Normal,2Vehicles-Behind,7,Sunday,20,True,False
201800006010,NonLethal,NightNoStreetLight,No,NoIntersection,Normal,Other,8,Saturday,2,True,True
201800033048,NonLethal,TwilightOrDawn,Yes,NoIntersection,LightRain,2Vehicles-Behind,9,Wednesday,11,False,False
201800027787,NonLethal,NightStreelightsOn,Yes,NoIntersection,Normal,2Vehicles-Side,10,Friday,20,False,False
201800053944,NonLethal,Daylight,Yes,T-type,LightRain,Other,11,Tuesday,12,False,False
201800050234,NonLethal,Daylight,Yes,X-type,Normal,2Vehicles-Behind,3,Wednesday,8,False,False
201800031153,NonLethal,Daylight,No,NoIntersection,Normal,2Vehicles-Side,8,Monday,18,False,False
201800056901,NonLethal,Daylight,Yes,NoIntersection,Normal,2Vehicles-Side,9,Tuesday,16,False,False
201800048307,NonLethal,Daylight,Yes,T-type,Normal,Other,6,Wednesday,13,False,False
201800042430,NonLethal,NightStreelightsOn,Yes,X-type,Normal,2Vehicles-BehindVehicles-Frontal,6,Friday,19,False,False
201800002784,NonLethal,Daylight,No,NoIntersection,Normal,2Vehicles-BehindVehicles-Frontal,10,Tuesday,17,False,False
201800013216,NonLethal,NightNoStreetLight,No,NoIntersection,Normal,Other,2,Tuesday,21,False,False
201800052982,NonLethal,Daylight,Yes,T-type,Normal,2Vehicles-Side,4,Wednesday,20,False,False
201800015026,NonLethal,Daylight,No,Roundabout,Normal,2Vehicles-Side,6,Saturday,12,True,False
201800053182,NonLethal,NightStreelightsOn,Yes,T-type,LightRain,Other,11,Sunday,18,True,False
201800039536,NonLethal,Daylight,Yes,NoIntersection,Overcast,2Vehicles-Side,12,Tuesday,9,False,False
201800025885,NonLethal,Daylight,Yes,NoIntersection,Normal,Other,4,Tuesday,15,False,False
201800037880,NonLethal,Daylight,Yes,X-type,Normal,2Vehicles-Side,11,Monday,8,False,False
201800048491,NonLethal,Daylight,Yes,NoIntersection,Normal,2Vehicles-Behind,8,Tuesday,13,False,False
201800022565,NonLethal,Daylight,Yes,NoIntersection,Normal,3+Vehicles-Chain,5,Friday,7,False,False
201800042771,NonLethal,Daylight,Yes,MoreThan4Branches,Normal,Other,8,Wednesday,11,False,False
201800037434,NonLethal,Daylight,Yes,NoIntersection,Normal,Other,2,Monday,16,False,False
201800044693,NonLethal,Daylight,No,NoIntersection,Normal,2Vehicles-Side,3,Friday,12,False,False
201800027814,NonLethal,Daylight,Yes,X-type,LightRain,2Vehicles-Side,11,Thursday,12,False,False
201800016816,NonLethal,Daylight,No,NoIntersection,Normal,2Vehicles-BehindVehicles-Frontal,8,Monday,17,False,False
201800052122,NonLethal,NightStreelightsOn,Yes,NoIntersection,Normal,Other,10,Monday,19,False,False
201800052734,NonLethal,Daylight,Yes,NoIntersection,Normal,Other,5,Thursday,13,False,False
201800046265,NonLethal,Daylight,No,NoIntersection,LightRain,2Vehicles-Behind,3,Monday,18,False,False
201800041246,NonLethal,Daylight,Yes,NoIntersection,Normal,2Vehicles-Side,6,Wednesday,15,False,False
201800020137,NonLethal,Daylight,No,NoIntersection,Normal,Other,6,Thursday,6,False,True
201800029588,NonLethal,Daylight,Yes,X-type,Normal,2Vehicles-Side,9,Saturday,7,True,False
201800031278,NonLethal,NightStreelightsOn,Yes,NoIntersection,Normal,Other,7,Tuesday,4,False,True
201800041157,NonLethal,NightStreelightsOn,Yes,NoIntersection,Normal,2Vehicles-Side,1,Monday,22,False,False
201800005942,NonLethal,TwilightOrDawn,No,NoIntersection,Normal,NoCollision,5,Wednesday,6,False,True
201800057063,NonLethal,Daylight,Yes,NoIntersection,Normal,2Vehicles-Side,9,Friday,13,False,False
201800008747,NonLethal,NightStreelightsOn,Yes,NoIntersection,Normal,2Vehicles-Side,3,Wednesday,22,False,False
201800045177,NonLethal,Daylight,No,NoIntersection,Normal,2Vehicles-Side,6,Saturday,17,True,False
201800051890,NonLethal,Daylight,Yes,NoIntersection,Normal,2Vehicles-Side,12,Wednesday,9,False,False
201800027249,NonLethal,Daylight,Yes,NoIntersection,Normal,2Vehicles-Behind,4,Friday,18,False,False
201800050051,NonLethal,Daylight,No,NoIntersection,HeavyRain,2Vehicles-Behind,10,Wednesday,17,False,False
201800048373,NonLethal,Daylight,Yes,Other,Normal,2Vehicles-Side,6,Saturday,11,True,False
201800031318,NonLethal,Daylight,Yes,NoIntersection,Normal,Other,10,Monday,18,False,False
201800034966,NonLethal,NightStreelightsOn,Yes,NoIntersection,Normal,Other,1,Tuesday,17,False,False
201800042499,NonLethal,Daylight,Yes,X-type,Normal,2Vehicles-Side,8,Tuesday,16,False,False
201800018654,NonLethal,TwilightOrDawn,No,NoIntersection,LightRain,Other,5,Sunday,7,True,False
201800056621,NonLethal,NightStreelightsOn,Yes,NoIntersection,Normal,Other,6,Friday,20,False,False
201800033201,Lethal,NightNoStreetLight,No,NoIntersection,Normal,2Vehicles-BehindVehicles-Frontal,11,Thursday,20,False,False
201800045864,NonLethal,Daylight,No,NoIntersection,Normal,3+Vehicles-Multiple,5,Friday,19,False,False
201800004568,NonLethal,NightNoStreetLight,No,Roundabout,Normal,3+Vehicles-Chain,12,Thursday,19,False,False
201800027114,NonLethal,Daylight,Yes,NoIntersection,Normal,Other,11,Thursday,9,False,False
201800030114,Lethal,Daylight,Yes,T-type,Normal,Other,6,Tuesday,16,False,False
201800051383,NonLethal,Daylight,Yes,X-type,Normal,Other,8,Sunday,12,True,False
201800021196,NonLethal,Daylight,Yes,Other,Normal,Other,9,Thursday,16,False,False
201800033213,NonLethal,NightStreelightsOn,Yes,T-type,Normal,2Vehicles-Side,12,Sunday,19,True,False
201800045911,NonLethal,Daylight,No,NoIntersection,Normal,NoCollision,6,Monday,11,False,False
201800018814,NonLethal,NightNoStreetLight,No,NoIntersection,LightRain,Other,1,Monday,22,False,False
201800042874,NonLethal,Daylight,Yes,T-type,Normal,2Vehicles-BehindVehicles-Frontal,6,Saturday,18,True,False
201800054835,NonLethal,Daylight,Yes,T-type,Normal,2Vehicles-Side,10,Thursday,9,False,False
201800034620,NonLethal,Daylight,Yes,NoIntersection,Normal,Other,6,Wednesday,16,False,False
201800053526,NonLethal,Daylight,Yes,NoIntersection,Normal,Other,9,Thursday,12,False,False
201800001869,NonLethal,Daylight,No,T-type,Normal,Other,10,Friday,17,False,False
201800027506,NonLethal,Daylight,Yes,Roundabout,Normal,NoCollision,10,Tuesday,10,False,False
201800010812,NonLethal,Daylight,No,Y-type,LightRain,2Vehicles-Side,6,Monday,16,False,False
201800034446,NonLethal,Daylight,Yes,T-type,Normal,2Vehicles-Behind,6,Wednesday,17,False,False
201800009948,NonLethal,Daylight,Yes,NoIntersection,Normal,2Vehicles-Side,10,Friday,15,False,False
201800053994,NonLethal,NightStreelightsOn,Yes,Square,Normal,Other,1,Saturday,2,True,True
201800010538,NonLethal,Daylight,Yes,X-type,Normal,2Vehicles-Side,6,Friday,14,False,False
201800009699,NonLethal,NightStreelightsOn,Yes,NoIntersection,Normal,Other,12,Sunday,6,True,True
201800022469,NonLethal,Daylight,Yes,Roundabout,Normal,2Vehicles-Side,1,Wednesday,15,False,False
201800016351,NonLethal,Daylight,Yes,NoIntersection,Normal,2Vehicles-BehindVehicles-Frontal,5,Tuesday,18,False,False
201800056228,NonLethal,TwilightOrDawn,Yes,NoIntersection,Normal,Other,3,Monday,16,False,False
201800001667,NonLethal,Daylight,Yes,NoIntersection,Normal,2Vehicles-Side,12,Tuesday,13,False,False
201800045606,NonLethal,TwilightOrDawn,No,NoIntersection,HeavyRain,2Vehicles-Behind,12,Monday,8,False,False
201800049483,NonLethal,Daylight,No,NoIntersection,Normal,3+Vehicles-Chain,10,Friday,15,False,False
201800047258,NonLethal,Daylight,Yes,NoIntersection,Normal,3+Vehicles-Chain,8,Friday,15,False,False
201800029592,NonLethal,NightStreelightsOn,Yes,Other,LightRain,2Vehicles-Side,9,Saturday,20,True,False
201800037806,NonLethal,Daylight,Yes,NoIntersection,Normal,2Vehicles-Side,5,Thursday,18,False,False
201800047833,NonLethal,Daylight,Yes,NoIntersection,LightRain,NoCollision,3,Monday,7,False,False
201800010969,NonLethal,NightNoStreetLight,No,X-type,Normal,2Vehicles-Side,12,Sunday,18,True,False
201800022525,NonLethal,Daylight,Yes,Other,Normal,Other,5,Tuesday,10,False,False
201800006717,NonLethal,Daylight,No,NoIntersection,Overcast,2Vehicles-Side,6,Wednesday,7,False,False
201800025704,NonLethal,Daylight,Yes,NoIntersection,Normal,Other,6,Monday,17,False,False
201800037046,NonLethal,Daylight,Yes,X-type,VeryGood,2Vehicles-BehindVehicles-Frontal,5,Sunday,19,True,False
201800053982,NonLethal,TwilightOrDawn,Yes,Y-type,LightRain,Other,1,Thursday,17,False,False
201800018960,NonLethal,Daylight,Yes,Roundabout,Normal,2Vehicles-BehindVehicles-Frontal,10,Thursday,13,False,False
201800021784,NonLethal,Daylight,No,NoIntersection,Normal,NoCollision,8,Sunday,19,True,False
201800005167,Lethal,Daylight,Yes,NoIntersection,Normal,Other,9,Monday,17,False,False
201800004531,NonLethal,NightStreelightsOn,Yes,NoIntersection,Normal,2Vehicles-Side,10,Friday,19,False,False
201800051445,NonLethal,NightStreelightsOn,Yes,NoIntersection,LightRain,Other,2,Wednesday,21,False,False
201800009420,NonLethal,Daylight,Yes,NoIntersection,Normal,2Vehicles-Behind,7,Tuesday,13,False,False
201800004595,NonLethal,NightNoStreetLight,No,NoIntersection,Normal,2Vehicles-BehindVehicles-Frontal,9,Saturday,5,True,True
201800033567,NonLethal,Daylight,Yes,NoIntersection,LightRain,NoCollision,10,Saturday,12,True,False
201800038365,NonLethal,TwilightOrDawn,Yes,NoIntersection,Normal,Other,4,Monday,19,False,False
201800017245,NonLethal,Daylight,Yes,NoIntersection,Normal,NoCollision,1,Monday,19,False,False
201800032498,NonLethal,TwilightOrDawn,Yes,T-type,Normal,2Vehicles-Side,6,Sunday,19,True,False
201800026950,NonLethal,Daylight,Yes,NoIntersection,Normal,2Vehicles-Behind,10,Wednesday,15,False,False
201800036805,NonLethal,NightStreelightsOn,Yes,NoIntersection,Normal,Other,2,Wednesday,21,False,False
201800042599,NonLethal,NightStreelightsOn,Yes,NoIntersection,Normal,Other,10,Tuesday,19,False,False
201800050450,NonLethal,Daylight,Yes,X-type,Normal,2Vehicles-Side,2,Monday,17,False,False
201800002000,NonLethal,Daylight,No,NoIntersection,Overcast,Other,12,Monday,12,False,False
201800020282,NonLethal,Daylight,No,NoIntersection,Normal,NoCollision,8,Sunday,8,True,False
201800033062,NonLethal,Daylight,Yes,NoIntersection,Normal,NoCollision,12,Wednesday,16,False,False
201800010849,NonLethal,Daylight,No,NoIntersection,Normal,2Vehicles-Side,8,Monday,20,False,False
201800032163,NonLethal,Daylight,Yes,Roundabout,Normal,Other,6,Friday,16,False,False
201800008723,NonLethal,NightStreelightsOn,Yes,NoIntersection,Normal,2Vehicles-Behind,3,Friday,22,False,False
201800051721,NonLethal,Daylight,Yes,NoIntersection,Normal,2Vehicles-Behind,5,Friday,10,False,False
201800034143,NonLethal,Daylight,Yes,T-type,Normal,2Vehicles-Behind,4,Thursday,11,False,False
201800044574,NonLethal,Daylight,No,NoIntersection,Normal,Other,1,Sunday,12,True,False
201800032868,NonLethal,Daylight,Yes,T-type,Normal,2Vehicles-Side,4,Friday,17,False,False
201800053784,NonLethal,Daylight,Yes,X-type,Normal,2Vehicles-Behind,5,Wednesday,11,False,False
201800026794,NonLethal,Daylight,Yes,NoIntersection,Normal,2Vehicles-BehindVehicles-Frontal,2,Monday,13,False,False
201800014763,NonLethal,Daylight,No,NoIntersection,Normal,NoCollision,6,Saturday,13,True,False
201800009535,NonLethal,NightStreelightsOn,Yes,Other,Normal,2Vehicles-Side,8,Wednesday,1,False,True
201800022285,NonLethal,Daylight,Yes,NoIntersection,LightRain,NoCollision,4,Monday,15,False,False
201800029203,NonLethal,Daylight,Yes,NoIntersection,Normal,2Vehicles-Behind,6,Monday,13,False,False
201800003890,NonLethal,NightNoStreetLight,Yes,NoIntersection,Normal,Other,9,Wednesday,17,False,False
201800027982,NonLethal,Daylight,Yes,T-type,Overcast,2Vehicles-Side,4,Wednesday,17,False,False
201800002444,NonLethal,Daylight,No,NoIntersection,Normal,2Vehicles-Side,2,Wednesday,7,False,False
201800022885,NonLethal,NightStreelightsOn,Yes,NoIntersection,LightRain,2Vehicles-Side,1,Tuesday,20,False,False
201800047334,NonLethal,TwilightOrDawn,Yes,NoIntersection,Normal,3+Vehicles-Chain,1,Tuesday,19,False,False
201800020294,Lethal,Daylight,No,NoIntersection,Normal,2Vehicles-Behind,9,Tuesday,9,False,False
201800020036,NonLethal,Daylight,Yes,NoIntersection,Normal,NoCollision,7,Friday,21,False,False
201800036227,NonLethal,TwilightOrDawn,Yes,NoIntersection,LightRain,Other,12,Tuesday,18,False,False
201800028476,NonLethal,Daylight,Yes,NoIntersection,Normal,Other,7,Thursday,20,False,False
201800010915,NonLethal,TwilightOrDawn,Yes,T-type,HeavyRain,2Vehicles-BehindVehicles-Frontal,10,Monday,17,False,False
201800026437,NonLethal,Daylight,Yes,NoIntersection,Normal,Other,5,Thursday,18,False,False
201800048343,NonLethal,NightStreelightsOn,Yes,X-type,Normal,2Vehicles-Side,6,Monday,22,False,False
201800028010,NonLethal,Daylight,Yes,X-type,Normal,2Vehicles-Side,5,Friday,17,False,False
201800019040,Lethal,Daylight,Yes,NoIntersection,VeryGood,Other,9,Saturday,13,True,False
201800006814,Lethal,Daylight,No,Roundabout,Normal,2Vehicles-Side,4,Tuesday,10,False,False
201800033022,NonLethal,Daylight,Yes,T-type,Normal,2Vehicles-Side,9,Friday,9,False,False
201800003971,NonLethal,Daylight,No,NoIntersection,Normal,2Vehicles-BehindVehicles-Frontal,7,Sunday,16,True,False
201800054324,NonLethal,TwilightOrDawn,Yes,X-type,Normal,Other,1,Tuesday,17,False,False
201800005896,NonLethal,Daylight,Yes,NoIntersection,Normal,Other,12,Thursday,7,False,False
201800009015,NonLethal,Daylight,Yes,NoIntersection,Normal,Other,5,Thursday,16,False,False
201800031617,NonLethal,Daylight,Yes,X-type,Normal,2Vehicles-Side,7,Thursday,20,False,False
201800011972,Lethal,Daylight,No,Other,LightRain,2Vehicles-Side,3,Monday,14,False,False
201800038828,NonLethal,Daylight,Yes,NoIntersection,Normal,2Vehicles-Behind,6,Saturday,11,True,False
201800026726,NonLethal,Daylight,Yes,NoIntersection,Normal,Other,1,Monday,8,False,False
201800023081,NonLethal,NightStreelightsOn,Yes,NoIntersection,Normal,NoCollision,5,Sunday,2,True,True
201800007827,NonLethal,Daylight,No,NoIntersection,Normal,2Vehicles-Side,10,Thursday,9,False,False
201800031408,NonLethal,Daylight,Yes,NoIntersection,Normal,2Vehicles-Side,4,Tuesday,10,False,False
201800028201,NonLethal,Daylight,Yes,Roundabout,Normal,2Vehicles-Side,5,Friday,14,False,False
201800004103,NonLethal,Daylight,No,NoIntersection,Normal,NoCollision,10,Tuesday,18,False,False
201800053217,NonLethal,Daylight,Yes,NoIntersection,Normal,3+Vehicles-Multiple,12,Tuesday,10,False,False
201800046600,NonLethal,Daylight,No,NoIntersection,Normal,NoCollision,5,Friday,9,False,False
201800057157,NonLethal,Daylight,Yes,NoIntersection,Normal,NoCollision,11,Saturday,14,True,False
201800024010,NonLethal,NightStreelightsOn,Yes,X-type,Normal,2Vehicles-Side,9,Thursday,22,False,False
201800009250,NonLethal,Daylight,Yes,NoIntersection,Normal,2Vehicles-BehindVehicles-Frontal,6,Thursday,13,False,False
201800004777,NonLethal,Daylight,Yes,NoIntersection,Normal,2Vehicles-Side,4,Thursday,18,False,False
201800037396,NonLethal,TwilightOrDawn,Yes,X-type,Overcast,Other,1,Thursday,8,False,False
201800006303,NonLethal,NightNoStreetLight,No,NoIntersection,Normal,3+Vehicles-Multiple,3,Friday,4,False,True
201800055482,NonLethal,Daylight,Yes,NoIntersection,Normal,2Vehicles-Side,6,Thursday,9,False,False
201800018521,NonLethal,Daylight,Yes,Y-type,Normal,2Vehicles-Side,8,Monday,9,False,False
201800051419,NonLethal,Daylight,Yes,MoreThan4Branches,Normal,2Vehicles-Side,12,Wednesday,10,False,False
201800014717,NonLethal,Daylight,No,X-type,Normal,2Vehicles-BehindVehicles-Frontal,11,Sunday,13,True,False
201800028411,NonLethal,Daylight,Yes,X-type,Normal,2Vehicles-Side,5,Tuesday,7,False,False
201800019616,NonLethal,Daylight,Yes,NoIntersection,Normal,2Vehicles-Side,3,Tuesday,18,False,False
201800014505,NonLethal,TwilightOrDawn,Yes,NoIntersection,Normal,2Vehicles-Behind,12,Wednesday,7,False,False
201800031960,NonLethal,TwilightOrDawn,Yes,T-type,Normal,Other,10,Thursday,18,False,False
201800006359,NonLethal,Daylight,No,NoIntersection,HeavyRain,2Vehicles-Side,12,Thursday,8,False,False
201800048936,NonLethal,Daylight,No,NoIntersection,Normal,Other,7,Sunday,7,True,False
201800033235,NonLethal,Daylight,Yes,NoIntersection,Normal,Other,8,Thursday,9,False,False
201800020283,NonLethal,Daylight,No,NoIntersection,Normal,NoCollision,8,Tuesday,17,False,False
201800045488,NonLethal,NightNoStreetLight,No,NoIntersection,LightRain,2Vehicles-Side,11,Saturday,0,True,True
201800024034,NonLethal,NightStreelightsOn,Yes,T-type,Normal,2Vehicles-BehindVehicles-Frontal,11,Friday,0,False,True
201800021950,NonLethal,NightNoStreetLight,No,NoIntersection,Normal,2Vehicles-Behind,10,Friday,23,False,False
201800029353,NonLethal,NightStreelightsOn,Yes,NoIntersection,Normal,Other,2,Friday,19,False,False
201800002431,Lethal,NightNoStreetLight,No,NoIntersection,FogOrSmoke,NoCollision,11,Thursday,3,False,True
201800034606,Lethal,Daylight,Yes,NoIntersection,Normal,NoCollision,6,Friday,10,False,False
201800010495,NonLethal,Daylight,No,NoIntersection,Normal,2Vehicles-Side,7,Wednesday,15,False,False
201800004562,NonLethal,Daylight,No,NoIntersection,Normal,2Vehicles-Side,12,Saturday,15,True,False
201800022333,NonLethal,Daylight,Yes,NoIntersection,Normal,2Vehicles-Side,5,Tuesday,15,False,False
201800022348,NonLethal,Daylight,Yes,NoIntersection,Normal,2Vehicles-Side,6,Wednesday,18,False,False
201800027324,NonLethal,Daylight,Yes,NoIntersection,LightRain,NoCollision,7,Friday,7,False,False
201800045731,NonLethal,NightNoStreetLight,No,NoIntersection,Normal,Other,2,Friday,21,False,False
201800044812,NonLethal,Daylight,No,NoIntersection,Normal,3+Vehicles-Chain,4,Tuesday,17,False,False
201800053503,NonLethal,Daylight,Yes,NoIntersection,Normal,Other,9,Thursday,8,False,False
201800008684,NonLethal,Daylight,Yes,T-type,Normal,Other,3,Friday,17,False,False
201800004720,NonLethal,Daylight,No,NoIntersection,Normal,2Vehicles-Side,6,Monday,19,False,False
201800008980,NonLethal,NightStreelightsOff,Yes,NoIntersection,Normal,2Vehicles-Side,5,Thursday,21,False,False
201800020001,NonLethal,Daylight,No,NoIntersection,Normal,2Vehicles-Side,10,Monday,8,False,False
201800010258,Lethal,Daylight,Yes,T-type,Normal,3+Vehicles-Multiple,12,Saturday,14,True,False
201800041672,NonLethal,NightStreelightsOn,Yes,NoIntersection,Normal,2Vehicles-BehindVehicles-Frontal,6,Saturday,0,True,True
201800047486,NonLethal,NightStreelightsOn,Yes,Roundabout,Normal,NoCollision,5,Friday,23,False,False
201800029477,NonLethal,TwilightOrDawn,Yes,X-type,Overcast,2Vehicles-Side,4,Friday,6,False,True
201800039726,NonLethal,Daylight,Yes,NoIntersection,Normal,3+Vehicles-Chain,6,Saturday,17,True,False
201800012169,NonLethal,Daylight,Yes,NoIntersection,Normal,Other,8,Wednesday,16,False,False
201800026457,NonLethal,Daylight,Yes,NoIntersection,Normal,Other,5,Saturday,15,True,False
201800014589,NonLethal,Daylight,No,NoIntersection,Overcast,2Vehicles-BehindVehicles-Frontal,12,Friday,15,False,False