AccidentId,Gravity,Light,InAgglomeration,IntersectionType,Weather,CollisionType,Month,DayOfWeek,HourOfDay,IsWeekend,IsNight
201800031846,NonLethal,TwilightOrDawn,Yes,X-type,Normal,2Vehicles-Side,7,Saturday,6,True,True
201800002465,NonLethal,Daylight,No,NoIntersection,Normal,2Vehicles-BehindVehicles-Frontal,7,Tuesday,14,False,False
201800034091,NonLethal,Daylight,No,Roundabout,Normal,2Vehicles-Side,10,Friday,16,False,False
201800024081,NonLethal,Daylight,Yes,T-type,Normal,Other,1,Tuesday,12,False,False
201800047472,NonLethal,NightStreelightsOn,Yes,X-type,Normal,2Vehicles-Side,4,Saturday,21,True,False
201800052787,NonLethal,Daylight,Yes,T-type,LightRain,2Vehicles-Side,7,Friday,18,False,False
201800051033,NonLethal,Daylight,Yes,X-type,Normal,2Vehicles-Behind,4,Wednesday,9,False,False
201800021606,NonLethal,NightNoStreetLight,No,NoIntersection,Normal,2Vehicles-BehindVehicles-Frontal,11,Saturday,17,True,False
201800049776,NonLethal,Daylight,No,NoIntersection,Normal,Other,4,Friday,12,False,False
201800034717,Lethal,Daylight,No,NoIntersection,Normal,2Vehicles-BehindVehicles-Frontal,6,Wednesday,15,False,False
201800044765,NonLethal,Daylight,No,NoIntersection,Other,NoCollision,12,Tuesday,19,False,False
201800024596,NonLethal,Daylight,Yes,NoIntersection,Overcast,Other,1,Monday,10,False,False
201800037122,NonLethal,NightStreelightsOn,Yes,NoIntersection,Normal,Other,10,Saturday,19,True,False
201800045062,NonLethal,Daylight,No,NoIntersection,Normal,2Vehicles-Side,7,Saturday,16,True,False
201800005457,NonLethal,TwilightOrDawn,Yes,X-type,Normal,2Vehicles-BehindVehicles-Frontal,9,Monday,6,False,True
201800054223,NonLethal,Daylight,Yes,T-type,Normal,Other,8,Friday,13,False,False
201800002158,NonLethal,NightStreelightsOn,Yes,NoIntersection,Overcast,Other,11,Friday,6,False,True
201800056426,NonLethal,NightStreelightsOff,No,NoIntersection,Normal,Other,10,Sunday,0,True,True
201800027149,NonLethal,NightStreelightsOff,No,NoIntersection,Normal,Other,2,Sunday,22,True,False
201800049069,NonLethal,Daylight,No,NoIntersection,Normal,3+Vehicles-Chain,11,Tuesday,12,False,False
201800043021,NonLethal,Daylight,Yes,NoIntersection,Normal,2Vehicles-Behind,5,Monday,9,False,False
201800031681,NonLethal,Daylight,Yes,T-type,Overcast,2Vehicles-Side,12,Monday,8,False,False
201800034829,NonLethal,Daylight,Yes,T-type,Normal,2Vehicles-Side,6,Tuesday,17,False,False
201800045192,NonLethal,Daylight,No,NoIntersection,Normal,3+Vehicles-Multiple,11,Friday,17,False,False
201800016026,NonLethal,Daylight,Yes,T-type,Normal,2Vehicles-Side,4,Saturday,11,True,False
201800026138,NonLethal,TwilightOrDawn,Yes,X-type,Normal,2Vehicles-Side,12,Friday,5,False,True
201800050868,NonLethal,Daylight,Yes,X-type,VeryGood,2Vehicles-Side,4,Tuesday,9,False,False
201800006541,NonLethal,Daylight,No,NoIntersection,Normal,3+Vehicles-Multiple,1,Sunday,11,True,False
201800035418,NonLethal,NightStreelightsOn,Yes,NoIntersection,Normal,Other,2,Monday,4,False,True
201800049115,NonLethal,Daylight,No,NoIntersection,LightRain,Other,1,Monday,11,False,False
201800030718,NonLethal,NightStreelightsOn,Yes,NoIntersection,Normal,2Vehicles-Behind,1,Tuesday,18,False,False
201800056514,NonLethal,NightStreelightsOn,Yes,NoIntersection,Normal,3+Vehicles-Multiple,11,Sunday,20,True,False
201800028209,NonLethal,TwilightOrDawn,Yes,NoIntersection,Normal,Other,12,Tuesday,17,False,False
201800040424,NonLethal,Daylight,Yes,NoIntersection,Normal,Other,6,Saturday,21,True,False
201800048749,NonLethal,Daylight,Yes,X-type,Normal,2Vehicles-Side,12,Wednesday,15,False,False
201800011228,NonLethal,Daylight,No,NoIntersection,Normal,2Vehicles-BehindVehicles-Frontal,8,Thursday,14,False,False
201800034648,NonLethal,Daylight,Yes,NoIntersection,Normal,Other,2,Thursday,12,False,False
201800012481,NonLethal,Daylight,Yes,NoIntersection,Normal,Other,10,Friday,17,False,False
201800000414,NonLethal,Daylight,Yes,T-type,Normal,NoCollision,6,Saturday,14,True,False
201800024197,NonLethal,Daylight,Yes,NoIntersection,Normal,2Vehicles-Behind,2,Wednesday,15,False,False
201800010492,NonLethal,Daylight,No,NoIntersection,Normal,NoCollision,10,Monday,18,False,False
201800025965,NonLethal,Daylight,Yes,NoIntersection,LightRain,Other,1,Monday,11,False,False
201800011704,NonLethal,Daylight,No,NoIntersection,Normal,2Vehicles-Side,6,Tuesday,10,False,False
201800033906,NonLethal,Daylight,Yes,X-type,Normal,2Vehicles-Side,12,Thursday,10,False,False
201800050702,NonLethal,Daylight,Yes,X-type,Normal,2Vehicles-Side,6,Thursday,8,False,False
201800047858,NonLethal,NightStreelightsOn,Yes,NoIntersection,Normal,2Vehicles-Side,12,Saturday,7,True,False
201800004246,Lethal,NightNoStreetLight,No,NoIntersection,Normal,Other,1,Monday,19,False,False
201800000963,NonLethal,TwilightOrDawn,Yes,NoIntersection,Normal,Other,2,Friday,7,False,False
201800010657,Lethal,NightNoStreetLight,Yes,X-type,LightRain,Other,11,Tuesday,7,False,False
201800021066,NonLethal,NightNoStreetLight,No,NoIntersection,Normal,Other,12,Saturday,1,True,True
201800055781,NonLethal,Daylight,No,NoIntersection,Normal,NoCollision,1,Wednesday,16,False,False
201800023587,NonLethal,Daylight,No,NoIntersection,Normal,NoCollision,10,Friday,8,False,False
201800033423,Lethal,Daylight,No,NoIntersection,Overcast,2Vehicles-Side,1,Tuesday,17,False,False
201800019150,NonLethal,Daylight,Yes,NoIntersection,Normal,NoCollision,10,Tuesday,13,False,False
201800028973,Lethal,NightNoStreetLight,No,X-type,Normal,Other,2,Thursday,23,False,False
201800033103,NonLethal,Daylight,Yes,Roundabout,Normal,2Vehicles-Side,3,Friday,18,False,False
201800017983,NonLethal,TwilightOrDawn,No,NoIntersection,Normal,NoCollision,3,Tuesday,7,False,False
201800045234,NonLethal,NightNoStreetLight,No,NoIntersection,Normal,Other,9,Sunday,2,True,True
201800048934,NonLethal,Daylight,No,NoIntersection,Normal,3+Vehicles-Chain,6,Thursday,18,False,False
201800054027,NonLethal,Daylight,Yes,X-type,Normal,Other,3,Monday,8,False,False
201800051298,NonLethal,NightStreelightsOn,Yes,T-type,Normal,2Vehicles-Side,12,Wednesday,20,False,False
201800041987,NonLethal,Daylight,Yes,NoIntersection,Normal,2Vehicles-Side,5,Wednesday,11,False,False
201800031133,NonLethal,NightNoStreetLight,Yes,NoIntersection,Normal,Other,7,Tuesday,5,False,True
201800054603,NonLethal,TwilightOrDawn,Yes,NoIntersection,LightRain,Other,11,Monday,19,False,False
201800038517,NonLethal,NightStreelightsOn,Yes,NoIntersection,Normal,3+Vehicles-Multiple,12,Wednesday,19,False,False
201800011954,NonLethal,Daylight,Yes,NoIntersection,Normal,Other,2,Friday,13,False,False
201800045866,NonLethal,Daylight,No,NoIntersection,Normal,NoCollision,5,Sunday,7,True,False
201800047992,Lethal,NightNoStreetLight,No,NoIntersection,Normal,3+Vehicles-Multiple,11,Friday,19,False,False
201800040556,NonLethal,NightStreelightsOn,Yes,NoIntersection,LightRain,2Vehicles-Behind,10,Wednesday,23,False,False
201800002467,NonLethal,Daylight,No,Y-type,Normal,2Vehicles-Side,9,Monday,11,False,False
201800006403,NonLethal,NightStreelightsOn,Yes,NoIntersection,LightRain,Other,12,Monday,18,False,False
201800042193,NonLethal,Daylight,Yes,NoIntersection,Normal,Other,6,Sunday,14,True,False
201800018279,NonLethal,NightStreelightsOn,Yes,NoIntersection,Normal,Other,6,Tuesday,1,False,True
201800019499,NonLethal,Daylight,No,Other,Normal,Other,4,Friday,17,False,False
201800003922,NonLethal,Daylight,No,NoIntersection,Normal,2Vehicles-BehindVehicles-Frontal,4,Thursday,14,False,False
201800048722,NonLethal,NightStreelightsOn,Yes,X-type,Normal,2Vehicles-Side,11,Thursday,21,False,False
201800045123,NonLethal,NightNoStreetLight,No,NoIntersection,Normal,3+Vehicles-Multiple,8,Saturday,4,True,True
201800031996,NonLethal,Daylight,Yes,NoIntersection,Normal,2Vehicles-Side,10,Wednesday,12,False,False
201800004545,NonLethal,NightStreelightsOn,Yes,NoIntersection,Normal,Other,12,Wednesday,17,False,False
201800025777,NonLethal,Daylight,Yes,T-type,HeavyRain,Other,12,Wednesday,15,False,False
201800028851,NonLethal,Daylight,Yes,T-type,Normal,2Vehicles-Behind,11,Friday,10,False,False
201800049268,NonLethal,Daylight,No,NoIntersection,Normal,2Vehicles-Behind,9,Wednesday,17,False,False
201800011379,NonLethal,NightNoStreetLight,No,NoIntersection,LightRain,NoCollision,1,Tuesday,21,False,False
201800027513,NonLethal,Daylight,Yes,NoIntersection,Normal,2Vehicles-Side,11,Tuesday,15,False,False
201800045762,NonLethal,Daylight,No,NoIntersection,Normal,2Vehicles-Side,3,Thursday,17,False,False
201800020509,NonLethal,Daylight,No,NoIntersection,Normal,2Vehicles-Behind,8,Friday,10,False,False
201800023684,Lethal,NightNoStreetLight,No,NoIntersection,LightRain,2Vehicles-Behind,1,Thursday,3,False,True
201800023203,NonLethal,Daylight,No,NoIntersection,Normal,2Vehicles-Side,8,Monday,9,False,False
201800031956,NonLethal,NightStreelightsOff,Yes,NoIntersection,Normal,3+Vehicles-Chain,3,Saturday,20,True,False
201800031097,NonLethal,NightStreelightsOn,Yes,NoIntersection,LightRain,2Vehicles-Behind,2,Tuesday,20,False,False
201800035662,NonLethal,TwilightOrDawn,No,NoIntersection,Normal,2Vehicles-Side,12,Monday,7,False,False
201800055554,NonLethal,Daylight,Yes,NoIntersection,Normal,3+Vehicles-Chain,8,Friday,13,False,False
201800019942,NonLethal,Daylight,No,NoIntersection,Normal,3+Vehicles-Multiple,7,Thursday,15,False,False
201800044302,NonLethal,NightStreelightsOn,No,NoIntersection,Normal,Other,10,Saturday,1,True,True
201800037455,NonLethal,Daylight,Yes,NoIntersection,Normal,2Vehicles-BehindVehicles-Frontal,6,Thursday,19,False,False
201800052603,NonLethal,NightStreelightsOn,Yes,X-type,Normal,2Vehicles-Side,11,Sunday,0,True,True
201800013996,NonLethal,Daylight,No,NoIntersection,Normal,NoCollision,5,Saturday,11,True,False
201800048549,NonLethal,NightStreelightsOn,Yes,X-type,Normal,2Vehicles-Side,9,Tuesday,22,False,False
201800023055,NonLethal,Daylight,Yes,NoIntersection,Normal,2Vehicles-BehindVehicles-Frontal,4,Thursday,12,False,False
201800023014,NonLethal,Daylight,No,NoIntersection,Normal,2Vehicles-Behind,4,Tuesday,14,False,False
201800002497,NonLethal,NightNoStreetLight,No,Y-type,Normal,2Vehicles-Behind,9,Wednesday,21,False,False
201800049664,NonLethal,Daylight,No,NoIntersection,HeavyRain,Other,1,Saturday,10,True,False
201800054566,NonLethal,Daylight,Yes,X-type,Normal,2Vehicles-Side,10,Tuesday,18,False,False
201800025803,NonLethal,Daylight,Yes,NoIntersection,Normal,Other,5,Thursday,16,False,False
201800008711,NonLethal,Daylight,Yes,NoIntersection,Normal,2Vehicles-BehindVehicles-Frontal,3,Thursday,9,False,False
201800039383,NonLethal,Daylight,Yes,NoIntersection,VeryGood,2Vehicles-Behind,6,Saturday,8,True,False
201800018281,NonLethal,Daylight,No,NoIntersection,Normal,Other,12,Sunday,8,True,False
201800057102,NonLethal,Daylight,Yes,NoIntersection,Normal,2Vehicles-Side,11,Monday,18,False,False
201800000070,NonLethal,Daylight,No,NoIntersection,HeavyRain,2Vehicles-BehindVehicles-Frontal,3,Thursday,13,False,False
201800009072,NonLethal,Daylight,Yes,X-type,Normal,Other,5,Monday,14,False,False
201800027229,NonLethal,Daylight,No,X-type,LightRain,Other,4,Monday,18,False,False
201800021272,NonLethal,NightStreelightsOn,Yes,X-type,Normal,2Vehicles-Side,2,Friday,20,False,False
201800053043,NonLethal,Daylight,Yes,X-type,Normal,Other,6,Tuesday,9,False,False
201800013660,NonLethal,Daylight,No,X-type,Normal,2Vehicles-Side,7,Saturday,12,True,False
201800009748,NonLethal,TwilightOrDawn,Yes,NoIntersection,Normal,2Vehicles-Behind,9,Thursday,19,False,False
201800040072,NonLethal,NightStreelightsOn,Yes,NoIntersection,Overcast,2Vehicles-Side,1,Wednesday,19,False,False
201800025239,NonLethal,Daylight,No,NoIntersection,LightRain,2Vehicles-Side,2,Tuesday,16,False,False
201800047713,NonLethal,Daylight,Yes,X-type,Normal,2Vehicles-Side,9,Sunday,16,True,False
201800032485,NonLethal,Daylight,Yes,NoIntersection,Normal,Other,6,Wednesday,20,False,False
201800047755,NonLethal,Daylight,Yes,Y-type,Normal,Other,10,Wednesday,8,False,False
201800049278,NonLethal,TwilightOrDawn,No,NoIntersection,Normal,2Vehicles-Behind,7,Thursday,21,False,False
201800002888,NonLethal,NightStreelightsOn,Yes,T-type,HeavyRain,2Vehicles-BehindVehicles-Frontal,2,Saturday,5,True,True
201800001689,NonLethal,NightNoStreetLight,Yes,NoIntersection,FogOrSmoke,Other,11,Monday,7,False,False
201800040024,NonLethal,Daylight,Yes,T-type,FogOrSmoke,2Vehicles-Side,11,Friday,9,False,False
201800048609,NonLethal,Daylight,Yes,Square,Normal,2Vehicles-BehindVehicles-Frontal,10,Wednesday,9,False,False
201800054111,NonLethal,Daylight,Yes,NoIntersection,Normal,2Vehicles-Behind,2,Tuesday,15,False,False
201800015570,NonLethal,Daylight,No,X-type,Normal,2Vehicles-Side,5,Friday,7,False,False
201800048686,NonLethal,NightStreelightsOn,Yes,X-type,LightRain,2Vehicles-Side,11,Friday,22,False,False
201800025617,NonLethal,Daylight,Yes,NoIntersection,LightRain,NoCollision,11,Wednesday,10,False,False
201800055355,NonLethal,Daylight,Yes,NoIntersection,Normal,2Vehicles-Behind,4,Monday,18,False,False
201800023745,NonLethal,Daylight,Yes,NoIntersection,Normal,Other,12,Monday,15,False,False
201800013677,NonLethal,Daylight,Yes,NoIntersection,Normal,2Vehicles-Side,3,Wednesday,17,False,False
201800041704,NonLethal,Daylight,Yes,Other,Normal,2Vehicles-Side,11,Friday,13,False,False
201800032765,Lethal,NightNoStreetLight,No,NoIntersection,Normal,3+Vehicles-Chain,3,Saturday,19,True,False
201800046876,NonLethal,NightNoStreetLight,No,NoIntersection,Normal,3+Vehicles-Multiple,9,Tuesday,21,False,False
201800055620,NonLethal,Daylight,Yes,NoIntersection,Normal,Other,10,Monday,8,False,False
201800014956,Lethal,Daylight,Yes,Roundabout,Normal,Other,4,Sunday,16,True,False
201800003473,NonLethal,Daylight,No,NoIntersection,Normal,Other,8,Friday,16,False,False
201800034935,NonLethal,Daylight,Yes,Roundabout,Normal,Other,10,Tuesday,15,False,False
201800047234,NonLethal,NightNoStreetLight,No,NoIntersection,Normal,2Vehicles-Behind,11,Wednesday,23,False,False
201800050780,NonLethal,Daylight,Yes,Y-type,Normal,2Vehicles-Side,5,Thursday,10,False,False
201800019844,NonLethal,Daylight,Yes,NoIntersection,Normal,2Vehicles-Side,4,Saturday,14,True,False
201800038901,NonLethal,Daylight,Yes,NoIntersection,Normal,NoCollision,6,Monday,14,False,False
201800029294,NonLethal,Daylight,Yes,NoIntersection,Normal,2Vehicles-Behind,3,Wednesday,12,False,False
201800056968,NonLethal,Daylight,Yes,NoIntersection,Normal,2Vehicles-Side,2,Tuesday,15,False,False
201800031523,NonLethal,NightNoStreetLight,No,NoIntersection,FogOrSmoke,Other,3,Sunday,1,True,True
201800029163,NonLethal,Daylight,No,NoIntersection,Normal,2Vehicles-Side,9,Tuesday,9,False,False
201800030959,NonLethal,NightNoStreetLight,No,NoIntersection,Normal,2Vehicles-BehindVehicles-Frontal,12,Wednesday,18,False,False
201800012867,NonLethal,NightStreelightsOff,Yes,NoIntersection,Normal,Other,8,Thursday,1,False,True
201800012254,NonLethal,Daylight,No,Other,Other,2Vehicles-BehindVehicles-Frontal,12,Thursday,7,False,False
201800000575,NonLethal,Daylight,Yes,X-type,Normal,2Vehicles-Side,7,Wednesday,21,False,False
201800001945,NonLethal,Daylight,Yes,Other,HeavyRain,2Vehicles-BehindVehicles-Frontal,1,Friday,12,False,False
201800053799,NonLethal,Daylight,Yes,T-type,Normal,2Vehicles-Side,3,Tuesday,9,False,False
201800017723,NonLethal,Daylight,Yes,NoIntersection,Normal,Other,6,Wednesday,7,False,False
201800050655,NonLethal,Daylight,Yes,NoIntersection,LightRain,Other,1,Tuesday,13,False,False
201800043194,NonLethal,Daylight,Yes,T-type,Normal,Other,3,Wednesday,12,False,False
201800030146,Lethal,NightNoStreetLight,No,NoIntersection,Normal,Other,2,Saturday,22,True,False
201800028673,NonLethal,Daylight,Yes,Roundabout,Normal,2Vehicles-Behind,2,Friday,12,False,False
201800000796,NonLethal,Daylight,Yes,Other,Normal,2Vehicles-BehindVehicles-Frontal,10,Friday,10,False,False
201800051596,NonLethal,NightStreelightsOff,Yes,X-type,Normal,Other,10,Monday,18,False,False
201800042323,NonLethal,Daylight,Yes,T-type,Normal,2Vehicles-Side,7,Saturday,12,True,False
201800037389,NonLethal,NightStreelightsOn,Yes,X-type,Normal,2Vehicles-Side,12,Friday,20,False,False
201800029813,NonLethal,NightStreelightsOn,Yes,NoIntersection,Normal,Other,2,Friday,19,False,False
201800024124,NonLethal,NightStreelightsOn,Yes,X-type,Normal,2Vehicles-Side,10,Monday,20,False,False
201800014944,NonLethal,NightNoStreetLight,No,NoIntersection,Normal,Other,12,Friday,5,False,True
201800037515,NonLethal,NightStreelightsOn,Yes,NoIntersection,Normal,2Vehicles-Behind,11,Monday,22,False,False
201800034602,NonLethal,Daylight,Yes,Roundabout,LightRain,NoCollision,6,Tuesday,8,False,False
201800038360,NonLethal,NightStreelightsOn,Yes,T-type,Normal,2Vehicles-Side,3,Thursday,23,False,False
201800028195,NonLethal,Daylight,No,NoIntersection,LightRain,Other,1,Thursday,14,False,False
201800013038,NonLethal,Daylight,Yes,NoIntersection,Overcast,Other,7,Tuesday,17,False,False
201800033494,NonLethal,Daylight,No,NoIntersection,Normal,2Vehicles-Behind,6,Wednesday,16,False,False
201800050620,NonLethal,Daylight,Yes,X-type,Normal,2Vehicles-Behind,11,Friday,14,False,False
201800014301,Lethal,NightNoStreetLight,No,NoIntersection,LightRain,2Vehicles-Behind,3,Tuesday,5,False,True
201800021539,NonLethal,Daylight,Yes,T-type,Normal,Other,10,Monday,10,False,False
201800041363,NonLethal,NightStreelightsOn,Yes,T-type,Normal,2Vehicles-Side,11,Friday,19,False,False
201800017177,NonLethal,Daylight,Yes,NoIntersection,Normal,Other,11,Wednesday,16,False,False
201800021152,NonLethal,NightNoStreetLight,No,NoIntersection,Normal,Other,12,Sunday,20,True,False
201800043151,NonLethal,Daylight,Yes,NoIntersection,Normal,Other,9,Monday,8,False,False
201800037139,NonLethal,Daylight,Yes,NoIntersection,Normal,2Vehicles-BehindVehicles-Frontal,2,Saturday,10,True,False
201800041442,NonLethal,Daylight,Yes,NoIntersection,LightRain,Other,5,Sunday,9,True,False
201800023165,NonLethal,Daylight,Yes,T-type,Normal,2Vehicles-Side,7,Tuesday,17,False,False
201800055985,NonLethal,Daylight,No,T-type,Normal,Other,10,Friday,13,False,False
201800050392,NonLethal,Daylight,Yes,Square,Normal,2Vehicles-Side,5,Thursday,17,False,False
201800023546,NonLethal,TwilightOrDawn,No,NoIntersection,LightRain,3+Vehicles-Chain,12,Tuesday,7,False,False
201800035218,Lethal,NightNoStreetLight,Yes,NoIntersection,FogOrSmoke,Other,12,Sunday,21,True,False
201800045758,NonLethal,Daylight,No,NoIntersection,Normal,Other,3,Sunday,12,True,False
201800035696,NonLethal,NightStreelightsOn,Yes,NoIntersection,Normal,2Vehicles-BehindVehicles-Frontal,6,Wednesday,0,False,True
201800040855,NonLethal,Daylight,Yes,X-type,Normal,2Vehicles-Side,4,Tuesday,13,False,False
201800030903,NonLethal,Daylight,Yes,NoIntersection,Normal,2Vehicles-Side,10,Tuesday,13,False,False
201800010395,NonLethal,Daylight,Yes,NoIntersection,Normal,2Vehicles-Side,6,Saturday,15,True,False
201800035605,NonLethal,Daylight,Yes,NoIntersection,Normal,2Vehicles-Side,9,Wednesday,15,False,False
201800025798,NonLethal,Daylight,Yes,NoIntersection,LightRain,Other,5,Monday,11,False,False
201800047141,NonLethal,Daylight,No,NoIntersection,LightRain,3+Vehicles-Multiple,12,Friday,14,False,False
201800038059,NonLethal,NightNoStreetLight,Yes,X-type,Overcast,Other,11,Wednesday,22,False,False
201800016775,NonLethal,Daylight,No,T-type,LightRain,2Vehicles-BehindVehicles-Frontal,8,Friday,12,False,False
201800026935,NonLethal,Daylight,Yes,Square,Normal,2Vehicles-Side,9,Friday,7,False,False
201800012843,NonLethal,Daylight,Yes,NoIntersection,Normal,3+Vehicles-Multiple,10,Friday,9,False,False
201800031679,NonLethal,NightStreelightsOn,Yes,NoIntersection,Normal,Other,3,Friday,19,False,False
201800043119,NonLethal,Daylight,Yes,NoIntersection,Overcast,NoCollision,4,Monday,17,False,False
201800033793,NonLethal,Daylight,Yes,T-type,LightRain,2Vehicles-Side,6,Tuesday,9,False,False
201800038844,NonLethal,Daylight,Yes,T-type,Normal,Other,9,Tuesday,9,False,False
201800036800,NonLethal,Daylight,Yes,NoIntersection,Normal,Other,1,Tuesday,12,False,False
201800017804,NonLethal,Daylight,No,NoIntersection,Normal,2Vehicles-BehindVehicles-Frontal,7,Wednesday,18,False,False
201800036476,NonLethal,Daylight,Yes,NoIntersection,LightRain,2Vehicles-Behind,9,Tuesday,14,False,False
201800004488,NonLethal,Daylight,Yes,NoIntersection,Normal,2Vehicles-Behind,7,Tuesday,15,False,False
201800037719,NonLethal,Daylight,Yes,NoIntersection,Normal,2Vehicles-Behind,6,Wednesday,8,False,False
201800004856,NonLethal,Daylight,No,NoIntersection,Normal,NoCollision,12,Saturday,17,True,False
201800015713,NonLethal,Daylight,No,NoIntersection,Normal,3+Vehicles-Multiple,6,Monday,18,False,False
201800039692,NonLethal,Daylight,Yes,NoIntersection,LightRain,Other,1,Thursday,9,False,False
201800030813,NonLethal,Daylight,Yes,NoIntersection,Normal,2Vehicles-Side,6,Wednesday,19,False,False
201800017693,NonLethal,Daylight,No,NoIntersection,Normal,Other,1,Thursday,14,False,False
201800010985,NonLethal,Daylight,Yes,NoIntersection,Normal,2Vehicles-Behind,3,Wednesday,13,False,False
201800047373,NonLethal,Daylight,Yes,X-type,SnowOrHail,2Vehicles-Side,12,Sunday,14,True,False
201800031800,NonLethal,Daylight,Yes,T-type,Normal,Other,6,Saturday,11,True,False
201800003037,NonLethal,NightStreelightsOn,Yes,NoIntersection,Normal,NoCollision,11,Saturday,17,True,False
201800033908,NonLethal,NightStreelightsOn,Yes,X-type,LightRain,NoCollision,12,Sunday,5,True,True
201800015070,NonLethal,Daylight,No,T-type,Normal,2Vehicles-BehindVehicles-Frontal,6,Saturday,9,True,False
201800009295,NonLethal,Daylight,Yes,X-type,Normal,2Vehicles-Side,4,Saturday,13,True,False
201800045746,Lethal,NightNoStreetLight,No,NoIntersection,LightRain,Other,3,Sunday,6,True,True
201800001494,NonLethal,NightNoStreetLight,No,NoIntersection,Normal,Other,6,Saturday,21,True,False
201800048421,NonLethal,Daylight,Yes,NoIntersection,Normal,Other,7,Monday,7,False,False
201800008079,NonLethal,NightStreelightsOn,Yes,T-type,HeavyRain,Other,10,Monday,18,False,False
201800022572,NonLethal,Daylight,Yes,NoIntersection,Normal,Other,12,Thursday,19,False,False
201800040171,NonLethal,Daylight,Yes,MoreThan4Branches,Normal,2Vehicles-Behind,6,Sunday,10,True,False
201800003751,NonLethal,NightNoStreetLight,No,NoIntersection,Normal,Other,6,Tuesday,23,False,False
201800021381,NonLethal,NightNoStreetLight,No,NoIntersection,Normal,3+Vehicles-Chain,10,Monday,21,False,False
201800006865,NonLethal,Daylight,Yes,NoIntersection,Normal,3+Vehicles-Multiple,8,Thursday,8,False,False
201800044554,NonLethal,NightStreelightsOff,No,NoIntersection,LightRain,2Vehicles-Side,1,Sunday,0,True,True
201800018324,NonLethal,Daylight,No,NoIntersection,Normal,Other,10,Sunday,18,True,False
201800028366,NonLethal,TwilightOrDawn,Yes,NoIntersection,Normal,Other,3,Wednesday,7,False,False
201800043609,NonLethal,NightStreelightsOn,Yes,NoIntersection,Overcast,Other,11,Thursday,18,False,False
201800036983,NonLethal,Daylight,Yes,NoIntersection,Normal,Other,4,Tuesday,18,False,False
201800033434,NonLethal,NightStreelightsOn,Yes,Roundabout,Normal,2Vehicles-Side,2,Saturday,20,True,False
201800014113,NonLethal,NightStreelightsOn,Yes,NoIntersection,HeavyRain,Other,10,Monday,18,False,False
201800035302,NonLethal,Daylight,Yes,NoIntersection,Normal,Other,10,Saturday,18,True,False
201800029065,NonLethal,Daylight,Yes,T-type,Normal,2Vehicles-Side,6,Saturday,17,True,False
201800056449,NonLethal,Daylight,No,Y-type,Normal,2Vehicles-BehindVehicles-Frontal,2,Sunday,10,True,False
201800014158,NonLethal,Daylight,No,NoIntersection,Normal,NoCollision,7,Sunday,19,True,False
201800016240,NonLethal,Daylight,Yes,NoIntersection,Normal,Other,4,Friday,15,False,False
201800025999,NonLethal,Daylight,Yes,NoIntersection,Normal,Other,5,Monday,15,False,False
201800057258,NonLethal,NightStreelightsOn,Yes,NoIntersection,Normal,2Vehicles-BehindVehicles-Frontal,6,Saturday,19,True,False
201800048463,NonLethal,NightStreelightsOn,Yes,T-type,Normal,Other,8,Thursday,4,False,True
201800033610,NonLethal,NightStreelightsOn,Yes,NoIntersection,LightRain,Other,1,Tuesday,7,False,False
201800051556,NonLethal,Daylight,Yes,NoIntersection,Normal,3+Vehicles-Chain,5,Wednesday,17,False,False
201800055201,NonLethal,TwilightOrDawn,Yes,X-type,Normal,2Vehicles-Side,5,Saturday,16,True,False
201800013450,NonLethal,NightStreelightsOn,Yes,T-type,Normal,Other,7,Sunday,4,True,True
201800016929,NonLethal,NightNoStreetLight,No,NoIntersection,Normal,2Vehicles-Side,1,Saturday,18,True,False
201800021527,NonLethal,TwilightOrDawn,No,NoIntersection,Normal,Other,5,Tuesday,6,False,True
201800032329,NonLethal,NightStreelightsOn,Yes,X-type,HeavyRain,Other,3,Thursday,20,False,False
201800041142,NonLethal,Daylight,Yes,T-type,Normal,2Vehicles-Side,5,Saturday,18,True,False
201800048177,NonLethal,NightStreelightsOn,Yes,X-type,Normal,2Vehicles-Side,4,Sunday,21,True,False
201800039009,NonLethal,Daylight,Yes,Other,Normal,2Vehicles-Behind,5,Tuesday,9,False,False
201800032515,NonLethal,Daylight,Yes,X-type,Normal,2Vehicles-Side,7,Wednesday,14,False,False
201800032422,NonLethal,Daylight,Yes,X-type,Normal,2Vehicles-BehindVehicles-Frontal,4,Wednesday,17,False,False
201800023110,NonLethal,Daylight,Yes,NoIntersection,Normal,2Vehicles-Side,6,Friday,19,False,False
201800025106,NonLethal,Daylight,Yes,X-type,Normal,2Vehicles-Side,9,Thursday,16,False,False
201800022394,NonLethal,Daylight,Yes,Roundabout,VeryGood,Other,9,Friday,9,False,False
201800011383,NonLethal,TwilightOrDawn,No,NoIntersection,FogOrSmoke,2Vehicles-BehindVehicles-Frontal,7,Sunday,6,True,True
201800030317,NonLethal,Daylight,Yes,T-type,Normal,2Vehicles-Side,9,Sunday,13,True,False
201800014411,NonLethal,Daylight,No,NoIntersection,Normal,3+Vehicles-Multiple,5,Thursday,14,False,False
201800035733,NonLethal,TwilightOrDawn,Yes,NoIntersection,HeavyRain,3+Vehicles-Chain,3,Sunday,7,True,False
201800000106,NonLethal,Daylight,Yes,NoIntersection,Normal,Other,5,Tuesday,13,False,False
201800006450,NonLethal,NightStreelightsOn,Yes,NoIntersection,Normal,2Vehicles-BehindVehicles-Frontal,12,Thursday,5,False,True